event_id,file,subject,game,bout_length,cross2,is_long,bout_class,entropy_actor_pos0,entropy_actor_pos1,entropy_actor_pos2,entropy_actor_pos3,entropy_actor_pos4,margin_actor_pos0,margin_actor_pos1,margin_actor_pos2,margin_actor_pos3,margin_actor_pos4,q_gap_pos0,q_gap_pos1,q_gap_pos2,q_gap_pos3,q_gap_pos4,rollout_spread_pos0,rollout_spread_pos1,rollout_spread_pos2,rollout_spread_pos3,rollout_spread_pos4
sub001-ses04-block2-game2_000::b0001,test/sub001/ses-04/sub001-ses04-block2-game2_000.npy,sub001,2,9,26,0,Short,0.4770488994336012,0.5601483316582138,0.5772357609922667,0.5661177036000078,0.580501662048819,0.7714771486297393,0.8061992905656112,0.7875971352775087,0.7892931009655615,0.8058626865336728,0.0,2.598086357116699,5.626678466796875e-05,0.0,0.03429460525512695,0.0,0.12799596786499023,0.22321677207946777,0.0,0.10573434829711914
sub001-ses04-block2-game2_000::b0002,test/sub001/ses-04/sub001-ses04-block2-game2_000.npy,sub001,2,16,26,0,Short,0.39742211260837446,0.751813842075622,0.6689377049775223,0.558366462749928,0.8080327908470293,0.8364325955938953,0.7032642505488926,0.754864227060363,0.7975759641769009,0.6875417440126264,2.714529037475586,0.0665278434753418,0.0,0.0,3.2245547771453857,0.06679439544677734,0.04275965690612793,0.0,0.0,0.04044747352600098
sub001-ses04-block2-game2_000::b0003,test/sub001/ses-04/sub001-ses04-block2-game2_000.npy,sub001,2,20,26,0,Short,1.0568568856226188,0.716752979984216,0.8105931873350366,0.7397007494104901,0.5856020871788128,0.33229408239868824,0.716058660747508,0.6675725885413029,0.692482815126384,0.7817774277244973,0.03577613830566406,0.0,0.02454400062561035,0.0,3.2821037769317627,0.0,0.0,0.051293134689331055,0.0,0.0
sub001-ses04-block2-game2_000::b0004,test/sub001/ses-04/sub001-ses04-block2-game2_000.npy,sub001,2,13,26,0,Short,0.7702928145916756,0.8081127213659269,0.8008857879005837,0.7998611912009348,0.7713441129177702,0.5057466732238873,0.6365184366039648,0.6553457087039716,0.6258044942907521,0.6697316241406199,3.597649097442627,0.0,0.0,0.0,3.5320615768432617,0.07948637008666992,0.0,0.0,0.0,0.00876617431640625
sub001-ses04-block2-game2_000::b0005,test/sub001/ses-04/sub001-ses04-block2-game2_000.npy,sub001,2,6,26,0,Short,0.5824203869297888,0.7355467494211543,0.7580047966334064,0.7337579679048843,0.7803021120727759,0.7034350423819483,0.6898931899725742,0.6591885638391479,0.6857078541018528,0.5934429274384044,0.0979464054107666,3.929765224456787,3.947080612182617,0.292849063873291,4.477444171905518,0.2952899932861328,0.23279380798339844,0.16369152069091797,0.07461166381835938,0.5431609153747559
sub001-ses04-block2-game2_000::b0006,test/sub001/ses-04/sub001-ses04-block2-game2_000.npy,sub001,2,3,26,0,Short,0.36993490306237126,0.6751180554327435,0.6751180554327435,0.6751180554327435,0.7283177722311321,0.8619636279874623,0.694077691916288,0.694077691916288,0.694077691916288,0.6800383682200389,3.7050609588623047,0.0,0.0,0.0,3.74916410446167,0.0,0.0,0.0,0.0,0.0
sub001-ses04-block2-game2_000::b0007,test/sub001/ses-04/sub001-ses04-block2-game2_000.npy,sub001,2,5,26,0,Short,0.6383957123811465,0.7310357685924815,0.7567715903935053,0.6829289769430741,0.598565697231155,0.6426652582366075,0.659447841294564,0.642678198809476,0.6909907857408624,0.7165337183269643,3.9479081630706787,0.33809566497802734,3.9727180004119873,0.0,4.367809295654297,0.7115049362182617,0.34166574478149414,0.08029818534851074,0.0,0.5004730224609375
sub001-ses04-block2-game2_000::b0008,test/sub001/ses-04/sub001-ses04-block2-game2_000.npy,sub001,2,7,26,0,Short,0.6037554623069228,0.6212724496169644,0.7045368531196567,0.7245217155279885,0.7108609995857004,0.6361728771386099,0.7444295625101395,0.710915936144625,0.6775881261763351,0.6846050106824993,3.602444887161255,3.784010648727417,0.0,4.17440938949585,4.2921857833862305,0.052790164947509766,0.07740306854248047,0.0,1.1355702877044678,0.855536937713623
sub001-ses04-block2-game2_000::b0009,test/sub001/ses-04/sub001-ses04-block2-game2_000.npy,sub001,2,9,26,0,Short,0.620211247581632,0.752268220724496,0.9485923005622386,1.0583757361961572,0.9667011870182858,0.7116174675363862,0.6285474130687108,0.513892915735764,0.46189428863440896,0.49149397858529953,0.2778940200805664,0.8251693248748779,0.31015515327453613,0.0,3.8586483001708984,0.2913827896118164,0.9721145629882812,0.16867685317993164,0.0,0.0
sub001-ses04-block2-game2_000::b0010,test/sub001/ses-04/sub001-ses04-block2-game2_000.npy,sub001,2,7,26,0,Short,0.8486004989061198,0.9563292132488904,0.8741189875450449,0.8026672633698094,0.9510292264551818,0.4669130614701103,0.20375928801823423,0.4504045574663626,0.5029110765582566,0.46276476838052605,0.0023412704467773438,0.1735398769378662,4.468982696533203,3.9462990760803223,0.0,0.26450157165527344,0.0,0.0,0.0,0.0
sub001-ses04-block2-game2_000::b0011,test/sub001/ses-04/sub001-ses04-block2-game2_000.npy,sub001,2,3,26,0,Short,0.8277698606850536,0.9316130548542,0.9316130548542,0.9316130548542,0.852810350793922,0.47375967179656503,0.3898150024729044,0.3898150024729044,0.3898150024729044,0.5895983902541755,0.676917552947998,0.0,0.0,0.0,0.0,0.0,0.0,0.0,0.0,0.0
sub001-ses04-block2-game2_000::b0012,test/sub001/ses-04/sub001-ses04-block2-game2_000.npy,sub001,2,3,26,0,Short,0.7995728184616708,0.7995728184616708,0.9345923935859995,0.9135646153448915,0.9135646153448915,0.5007138907336272,0.5007138907336272,0.556938077922769,0.5081507423144737,0.5081507423144737,5.124392509460449,5.124392509460449,4.101934909820557,4.67842435836792,4.67842435836792,1.207899570465088,1.207899570465088,0.0,0.6756515502929688,0.6756515502929688
sub001-ses04-block2-game2_000::b0013,test/sub001/ses-04/sub001-ses04-block2-game2_000.npy,sub001,2,3,26,0,Short,0.7182782542787134,0.7182782542787134,0.8419378338816083,0.9133578571016668,0.9133578571016668,0.531478268214657,0.531478268214657,0.5224929744922516,0.33347428194138834,0.33347428194138834,0.4913806915283203,0.4913806915283203,0.0,0.0,0.0,0.40207481384277344,0.40207481384277344,0.0,0.0,0.0
sub001-ses04-block2-game2_000::b0014,test/sub001/ses-04/sub001-ses04-block2-game2_000.npy,sub001,2,16,26,0,Short,0.47589201033969836,0.9727950458529824,0.9066832836942553,0.8108223661137178,0.8760700261521656,0.8063334544667623,0.4308402682057718,0.48019465420986807,0.506689677304754,0.4654463794437343,0.0012803077697753906,0.5631098747253418,4.871964454650879,0.0,0.0,0.0,0.0,0.20845556259155273,0.0,0.0
sub001-ses04-block2-game2_000::b0015,test/sub001/ses-04/sub001-ses04-block2-game2_000.npy,sub001,2,10,26,0,Short,1.0715943781154054,0.8898527763341795,0.849528675358448,0.877439762240035,0.9170007403330553,0.2566061488799472,0.36565232848131085,0.5311967229926133,0.5163392581708842,0.3896851388708007,0.0,0.05010080337524414,0.0,0.0,4.631290912628174,0.0,0.0,0.0,0.0,0.0
sub001-ses04-block2-game2_000::b0016,test/sub001/ses-04/sub001-ses04-block2-game2_000.npy,sub001,2,3,26,0,Short,0.6900348979643678,0.6900348979643678,0.928702277112049,1.0154609463346334,1.0154609463346334,0.5601480484296388,0.5601480484296388,0.314395140531559,0.39643173590031444,0.39643173590031444,0.43843841552734375,0.43843841552734375,5.056835174560547,4.630156517028809,4.630156517028809,0.0,0.0,0.6715197563171387,0.07142925262451172,0.07142925262451172
sub001-ses04-block2-game2_000::b0017,test/sub001/ses-04/sub001-ses04-block2-game2_000.npy,sub001,2,3,26,0,Short,0.7380589559500619,0.7380589559500619,1.0683354556404916,0.9516014478143834,0.9516014478143834,0.5451649316582158,0.5451649316582158,0.29457918032881203,0.2927547935919655,0.2927547935919655,0.2898712158203125,0.2898712158203125,4.9785919189453125,4.631808757781982,4.631808757781982,0.0,0.0,0.6835451126098633,0.26120901107788086,0.26120901107788086
sub001-ses04-block2-game2_000::b0019,test/sub001/ses-04/sub001-ses04-block2-game2_000.npy,sub001,2,2,26,0,Short,0.7744736859627325,0.7744736859627325,0.9579588099504525,0.9579588099504525,0.9579588099504525,0.5455039502113698,0.5455039502113698,0.34861587060154,0.34861587060154,0.34861587060154,4.352996826171875,4.352996826171875,5.0101165771484375,5.0101165771484375,5.0101165771484375,0.0,0.0,0.33152055740356445,0.33152055740356445,0.33152055740356445
sub001-ses04-block2-game2_000::b0020,test/sub001/ses-04/sub001-ses04-block2-game2_000.npy,sub001,2,3,26,0,Short,1.0143194153354052,1.0143194153354052,0.8807907162874844,0.927088256365472,0.927088256365472,0.3627419681536104,0.3627419681536104,0.5080441219046936,0.4472509732664911,0.4472509732664911,0.2037062644958496,0.2037062644958496,0.0,0.0,0.0,0.16412639617919922,0.16412639617919922,0.0,0.0,0.0
sub001-ses04-block2-game2_000::b0021,test/sub001/ses-04/sub001-ses04-block2-game2_000.npy,sub001,2,2,26,0,Short,0.789880686131773,0.789880686131773,0.9227207376111748,0.9227207376111748,0.9227207376111748,0.5268184569264291,0.5268184569264291,0.3530591437954667,0.3530591437954667,0.3530591437954667,4.916666507720947,4.916666507720947,4.114683151245117,4.114683151245117,4.114683151245117,0.030354022979736328,0.030354022979736328,0.0,0.0,0.0
sub001-ses04-block2-game2_000::b0022,test/sub001/ses-04/sub001-ses04-block2-game2_000.npy,sub001,2,2,26,0,Short,0.7602536556433528,0.7602536556433528,0.9498704694575296,0.9498704694575296,0.9498704694575296,0.5494444602310579,0.5494444602310579,0.4134357690807122,0.4134357690807122,0.4134357690807122,4.652364253997803,4.652364253997803,4.569124221801758,4.569124221801758,4.569124221801758,0.0,0.0,0.0,0.0,0.0
sub001-ses04-block2-game2_000::b0023,test/sub001/ses-04/sub001-ses04-block2-game2_000.npy,sub001,2,2,26,0,Short,0.8250177071486252,0.8250177071486252,1.1160874021500953,1.1160874021500953,1.1160874021500953,0.5025804162403282,0.5025804162403282,0.244666739029258,0.244666739029258,0.244666739029258,0.13839101791381836,0.13839101791381836,0.5769128799438477,0.5769128799438477,0.5769128799438477,0.5612201690673828,0.5612201690673828,0.0,0.0,0.0
sub001-ses04-block2-game2_000::b0024,test/sub001/ses-04/sub001-ses04-block2-game2_000.npy,sub001,2,3,26,0,Short,0.7868166681582183,0.9003159071193237,0.9003159071193237,0.9003159071193237,0.9788154456569729,0.5424551285339537,0.3454950301444414,0.3454950301444414,0.3454950301444414,0.11010599901146079,0.15868711471557617,0.09826135635375977,0.09826135635375977,0.09826135635375977,4.543703556060791,0.17621231079101562,0.9894733428955078,0.9894733428955078,0.9894733428955078,0.4561920166015625
sub001-ses04-block2-game2_000::b0025,test/sub001/ses-04/sub001-ses04-block2-game2_000.npy,sub001,2,2,26,0,Short,0.8525448093188638,0.8525448093188638,0.8826760540092009,0.8826760540092009,0.8826760540092009,0.5119919360873701,0.5119919360873701,0.44623826259043414,0.44623826259043414,0.44623826259043414,0.0,0.0,0.0,0.0,0.0,0.0,0.0,0.0,0.0,0.0
sub001-ses04-block2-game2_000::b0026,test/sub001/ses-04/sub001-ses04-block2-game2_000.npy,sub001,2,3,26,0,Short,0.9559707721041937,0.9559707721041937,1.0525725596126405,0.9789267813177747,0.9789267813177747,0.4812905702995761,0.4812905702995761,0.2635814634711373,0.3219704631991645,0.3219704631991645,1.4566352367401123,1.4566352367401123,5.08711051940918,3.756883382797241,3.756883382797241,0.2298421859741211,0.2298421859741211,0.009747028350830078,0.0,0.0
sub001-ses04-block2-game2_000::b0027,test/sub001/ses-04/sub001-ses04-block2-game2_000.npy,sub001,2,4,26,0,Short,0.7982952772278724,1.1006566624267509,1.1006566624267509,1.0636111552432956,1.290532576485114,0.5073408275349258,0.27548109240438357,0.27548109240438357,0.2268361940030727,0.20562451832647016,5.188989639282227,4.8090715408325195,4.8090715408325195,0.20055580139160156,0.0,0.1447596549987793,0.0,0.0,0.19060420989990234,0.0
sub001-ses04-block2-game2_000::b0028,test/sub001/ses-04/sub001-ses04-block2-game2_000.npy,sub001,2,3,26,0,Short,0.6858994383644422,0.6858994383644422,1.11883798399659,1.089805194216082,1.089805194216082,0.5937849040028933,0.5937849040028933,0.2852938011839667,0.20107227819176166,0.20107227819176166,4.823004245758057,4.823004245758057,3.983499050140381,4.57041597366333,4.57041597366333,0.0,0.0,0.0,0.6829824447631836,0.6829824447631836
sub001-ses04-block2-game2_000::b0029,test/sub001/ses-04/sub001-ses04-block2-game2_000.npy,sub001,2,4,26,0,Short,0.7305164112479774,1.3852077645242922,1.3852077645242922,1.2187384525571607,1.3516258168209476,0.5246315688676239,0.13264292178382697,0.13264292178382697,0.24869550767934528,0.12034877827709678,3.845546007156372,0.0,0.0,4.32853364944458,0.0,0.0,0.0,0.0,0.3305234909057617,0.0
sub001-ses04-block2-game2_000::b0030,test/sub001/ses-04/sub001-ses04-block2-game2_000.npy,sub001,2,3,26,0,Short,0.7442742006795506,0.7442742006795506,1.1261486338024325,1.2231166487193235,1.2231166487193235,0.5713370547168485,0.5713370547168485,0.18910526336154232,0.11090735479227093,0.11090735479227093,4.571187496185303,4.571187496185303,4.176055908203125,0.20470905303955078,0.20470905303955078,0.0,0.0,0.4614291191101074,0.005191326141357422,0.005191326141357422
sub001-ses04-block2-game2_000::b0031,test/sub001/ses-04/sub001-ses04-block2-game2_000.npy,sub001,2,4,26,0,Short,0.9265007670887947,1.009993693409415,1.009993693409415,1.3320977662201663,1.132208425125187,0.42391522079778016,0.23082424673174512,0.23082424673174512,0.20702412136959505,0.09139797465006722,0.06934928894042969,4.2032294273376465,4.2032294273376465,0.22793817520141602,0.0,0.7082242965698242,0.0,0.0,0.6382956504821777,0.0
sub001-ses04-block2-game2_000::b0032,test/sub001/ses-04/sub001-ses04-block2-game2_000.npy,sub001,2,3,26,0,Short,0.8056130701986923,1.1954837437667203,1.1954837437667203,1.1954837437667203,1.3176691378949486,0.5225669226841319,0.1820627761641082,0.1820627761641082,0.1820627761641082,0.13372962150024426,0.0,4.379059314727783,4.379059314727783,4.379059314727783,4.407722473144531,0.0,0.16044235229492188,0.16044235229492188,0.16044235229492188,0.5205798149108887
sub001-ses04-block2-game2_000::b0033,test/sub001/ses-04/sub001-ses04-block2-game2_000.npy,sub001,2,3,26,0,Short,0.7356684014238799,1.1456729734219455,1.1456729734219455,1.1456729734219455,1.2701888827430825,0.5549568732447797,0.25481079706283416,0.25481079706283416,0.25481079706283416,0.2254487135733343,4.708887577056885,4.188356399536133,4.188356399536133,4.188356399536133,0.300396203994751,0.6783089637756348,0.004298210144042969,0.004298210144042969,0.004298210144042969,0.2156224250793457
sub001-ses04-block2-game2_000::b0034,test/sub001/ses-04/sub001-ses04-block2-game2_000.npy,sub001,2,3,26,0,Short,0.8494837104274925,0.94629703833355,0.94629703833355,0.94629703833355,0.9257714924601221,0.4799157157499025,0.3005789994448676,0.3005789994448676,0.3005789994448676,0.4377308001321091,0.17488908767700195,0.20148277282714844,0.20148277282714844,0.20148277282714844,0.0,0.18861103057861328,0.5954985618591309,0.5954985618591309,0.5954985618591309,0.0
sub001-ses04-block2-game2_000::b0035,test/sub001/ses-04/sub001-ses04-block2-game2_000.npy,sub001,2,2,26,0,Short,0.7777998963474617,0.7777998963474617,1.0662294775131749,1.0662294775131749,1.0662294775131749,0.5665020027749962,0.5665020027749962,0.14011949832374937,0.14011949832374937,0.14011949832374937,4.415562152862549,4.415562152862549,4.323801517486572,4.323801517486572,4.323801517486572,0.31154584884643555,0.31154584884643555,0.0,0.0,0.0
sub001-ses04-block2-game2_000::b0036,test/sub001/ses-04/sub001-ses04-block2-game2_000.npy,sub001,2,3,26,0,Short,0.8356371550551926,1.0854087833272148,1.0854087833272148,1.0854087833272148,1.2133500944182247,0.5164805270109045,0.07170663083717499,0.07170663083717499,0.07170663083717499,0.0762026738401847,0.12978124618530273,0.1916065216064453,0.1916065216064453,0.1916065216064453,4.700774192810059,0.831153392791748,0.2935338020324707,0.2935338020324707,0.2935338020324707,0.8960392475128174
sub001-ses04-block2-game2_000::b0037,test/sub001/ses-04/sub001-ses04-block2-game2_000.npy,sub001,2,3,26,0,Short,0.8301822394984097,0.9483470587739374,0.9483470587739374,0.9483470587739374,0.9860093988438497,0.5224299501179164,0.30143191483231824,0.30143191483231824,0.30143191483231824,0.23427265083427784,4.3798065185546875,0.0,0.0,0.0,4.369118690490723,0.39699268341064453,0.0,0.0,0.0,0.6393642425537109
sub001-ses04-block2-game2_000::b0038,test/sub001/ses-04/sub001-ses04-block2-game2_000.npy,sub001,2,4,26,0,Short,0.7447705855549551,1.0515705512864504,1.0515705512864504,0.9791960232988832,1.0693057425962542,0.5741559808072187,0.14262960855038886,0.14262960855038886,0.33008353550733294,0.3200457457940706,0.12430334091186523,0.0,0.0,3.9602556228637695,4.431156635284424,0.26920080184936523,0.0,0.0,0.0,0.5247077941894531
sub001-ses04-block2-game2_000::b0039,test/sub001/ses-04/sub001-ses04-block2-game2_000.npy,sub001,2,4,26,0,Short,0.7885944295836299,0.8635050977525,0.8635050977525,1.052802517412233,0.8940329022259376,0.5538269295849572,0.46350749954233345,0.46350749954233345,0.19680103319776127,0.46562064487956717,4.98307466506958,0.33644652366638184,0.33644652366638184,0.0,0.0,1.194319725036621,0.0,0.0,0.0,0.0
sub001-ses04-block2-game2_000::b0040,test/sub001/ses-04/sub001-ses04-block2-game2_000.npy,sub001,2,4,26,0,Short,0.8319453494671935,0.9575435910604325,0.9575435910604325,0.871233018608031,0.788278927871383,0.5779365432496317,0.38677332634666145,0.38677332634666145,0.5701586796173312,0.5813533556825119,4.007381439208984,3.4249091148376465,3.4249091148376465,3.9135968685150146,0.0,0.08331727981567383,0.0,0.0,0.0,0.0
sub001-ses04-block2-game2_000::b0041,test/sub001/ses-04/sub001-ses04-block2-game2_000.npy,sub001,2,4,26,0,Short,0.541295711114502,1.206555574649982,0.7760406666113748,0.7760406666113748,1.3296536777158046,0.7611243793104703,0.36929401706102216,0.6432472602648249,0.6432472602648249,0.2674735799923307,0.11885762214660645,0.593909740447998,0.0,0.0,0.0,0.0,1.2879068851470947,0.0,0.0,0.0
sub001-ses04-block2-game2_000::b0042,test/sub001/ses-04/sub001-ses04-block2-game2_000.npy,sub001,2,7,26,0,Short,0.28769088903803924,1.1228170976150686,0.9208936223930514,1.135310897986884,1.096644006880554,0.8826735314044714,0.3338628284685803,0.5893379642805975,0.43047678423563107,0.028460242307259964,3.571826934814453,0.20762109756469727,0.042140960693359375,0.0,3.886995792388916,0.0,0.0,0.0,0.0,0.0990443229675293
sub001-ses04-block2-game2_000::b0043,test/sub001/ses-04/sub001-ses04-block2-game2_000.npy,sub001,2,5,26,0,Short,1.1733152993918032,1.1387595686667433,1.1870137169371973,1.1956930342860626,0.9024453106234929,0.2820305764435127,0.4296654625800139,0.35911525286631774,0.3797842994874773,0.5566379930520693,0.0,4.657328128814697,0.7184991836547852,0.0,0.0,0.0,0.3396162986755371,0.1215972900390625,0.0,0.0
sub001-ses04-block2-game2_000::b0044,test/sub001/ses-04/sub001-ses04-block2-game2_000.npy,sub001,2,4,26,0,Short,0.822950593141049,0.8987872313806357,0.8987872313806357,0.911084333167133,0.9857277290666595,0.49082893929808546,0.46817213562268223,0.46817213562268223,0.5061368272707918,0.4038171907559567,5.30674409866333,0.19969892501831055,0.19969892501831055,4.63657808303833,4.656238079071045,0.640993595123291,0.0697779655456543,0.0697779655456543,0.4042215347290039,0.21553659439086914
sub001-ses04-block2-game2_000::b0045,test/sub001/ses-04/sub001-ses04-block2-game2_000.npy,sub001,2,22,26,0,Short,0.5195617160444409,0.9494352124067109,0.9838277733589303,0.9532345678467206,0.9226154563575756,0.7815560572604149,0.4460419861962286,0.39845044968296506,0.338356023458178,0.3531845466779776,4.159040927886963,3.6983139514923096,0.0,0.24674057960510254,3.8391222953796387,0.5717897415161133,0.09177160263061523,0.0,0.0,0.16419363021850586
sub001-ses04-block2-game2_000::b0046,test/sub001/ses-04/sub001-ses04-block2-game2_000.npy,sub001,2,23,26,0,Short,0.7968292786693411,0.9956458975673597,0.9975210581697914,1.0882406756982965,0.8852452485850874,0.5021573729232595,0.32939938798437807,0.3306066810534441,0.26965731475039106,0.4157506413266201,3.8684661388397217,4.528963088989258,0.0,0.0,4.0200724601745605,0.0,0.4589409828186035,0.0,0.0,0.0
sub001-ses04-block2-game2_000::b0047,test/sub001/ses-04/sub001-ses04-block2-game2_000.npy,sub001,2,10,26,0,Short,0.44320190861961944,0.84362333894671,0.9128652813057244,0.8455873350185914,0.8721384535586242,0.8241077512228229,0.5956845017793505,0.5600137107422036,0.6061661375359625,0.5778114356412123,0.0,0.0,4.111031532287598,4.281495094299316,0.0,0.0,0.0,0.0,0.014620780944824219,0.0
sub001-ses04-block2-game2_000::b0048,test/sub001/ses-04/sub001-ses04-block2-game2_000.npy,sub001,2,17,26,0,Short,0.5669609007294236,0.9905904845516447,0.865865068527442,0.9331365960383573,1.0511472482572137,0.7113838680076858,0.3017051928162318,0.38900720610639083,0.4689986891005506,0.3065636423266295,0.0,4.70076847076416,0.0,4.744647026062012,0.0,0.0,0.14604616165161133,0.0,0.25278568267822266,0.0
sub001-ses04-block2-game2_000::b0049,test/sub001/ses-04/sub001-ses04-block2-game2_000.npy,sub001,2,14,26,0,Short,1.0944832659596995,0.9250398104698294,0.9546890140908094,0.9289217123245068,1.0385675929312186,0.35181782693110925,0.33495618925579285,0.2951744241437589,0.3498983113967509,0.18150640796508555,0.0,0.0,4.907766819000244,0.0,5.131312370300293,0.0,0.0,0.5277523994445801,0.0,0.9402570724487305
sub001-ses04-block2-game2_000::b0050,test/sub001/ses-04/sub001-ses04-block2-game2_000.npy,sub001,2,12,26,0,Short,0.9018458636233706,0.924365354508045,1.0167014030508081,1.0820609590233135,0.9526929633238271,0.4984700232745322,0.2542641257926353,0.07498360933547088,0.029406589922146453,0.2182465691615692,0.0,0.0,0.14730596542358398,0.0,0.0,0.0,0.0,0.24003267288208008,0.0,0.0
sub001-ses04-block2-game2_000::b0051,test/sub001/ses-04/sub001-ses04-block2-game2_000.npy,sub001,2,37,26,1,Long,0.7649145498264441,0.9782370308942973,0.9842435618903872,1.2144660485869978,1.041691728782728,0.5581685117749754,0.20844577590738989,0.19403323652398424,0.1168246064122106,0.14258870622759934,4.353443622589111,0.06356668472290039,0.0,0.14625215530395508,0.0,0.004550457000732422,0.4037818908691406,0.0,0.7249341011047363,0.0
sub001-ses04-block2-game2_000::b0052,test/sub001/ses-04/sub001-ses04-block2-game2_000.npy,sub001,2,7,26,0,Short,0.7969472164661677,1.2138091760491354,1.0478661962695908,1.0940327609296503,1.037341281676624,0.5095357050706473,0.2072895732671251,0.2813832459387758,0.20036336032469415,0.12105343771586458,0.0,0.0,3.994372844696045,0.0,0.40210580825805664,0.0,0.0,0.0,0.0,0.9805784225463867
sub001-ses04-block2-game2_000::b0053,test/sub001/ses-04/sub001-ses04-block2-game2_000.npy,sub001,2,12,26,0,Short,0.27422685290452964,0.7479629762770545,0.8812153442962813,1.4054580520708568,0.7672658110417313,0.9093253791452179,0.7074980218121072,0.5600741725871845,0.018596212682646385,0.6558587626240888,3.7751548290252686,0.0,0.4840710163116455,0.0,3.7612597942352295,0.02755904197692871,0.0,0.5092179775238037,0.0,0.038245201110839844
sub001-ses04-block2-game2_000::b0054,test/sub001/ses-04/sub001-ses04-block2-game2_000.npy,sub001,2,41,26,1,Long,0.38696912881297724,0.8543361695448437,0.8960993971852108,1.0040717603541727,0.9455246186549401,0.8506023824865625,0.6185152728474617,0.5838758432955075,0.5504755158761563,0.5707859353410748,4.2595133781433105,4.137873649597168,3.7284979820251465,0.22357702255249023,3.3955609798431396,0.9221084117889404,0.4098787307739258,0.5065174102783203,0.0,0.07822561264038086
sub001-ses04-block2-game2_000::b0055,test/sub001/ses-04/sub001-ses04-block2-game2_000.npy,sub001,2,5,26,0,Short,0.5187843998977038,0.9063434890232305,0.9455699638701196,0.8262880103708878,0.9135020086344402,0.7754902102406249,0.5289612530096408,0.45181616311417483,0.5349827612026661,0.5302770602889562,4.009340286254883,0.0,4.053926944732666,3.8420302867889404,3.9426229000091553,0.041388511657714844,0.0,0.03212785720825195,0.038706302642822266,0.0
sub001-ses04-block2-game2_000::b0056,test/sub001/ses-04/sub001-ses04-block2-game2_000.npy,sub001,2,4,26,0,Short,1.0802241758362483,1.1305319990235085,1.0414245137870126,1.0414245137870126,1.0662588499817451,0.3325583223120179,0.38946182690737585,0.4990601766116244,0.4990601766116244,0.4875706718362225,1.3170533180236816,3.3646717071533203,0.0,0.0,0.0016269683837890625,0.8055944442749023,0.0,0.0,0.0,0.7702603340148926
sub001-ses04-block2-game2_000::b0057,test/sub001/ses-04/sub001-ses04-block2-game2_000.npy,sub001,2,13,26,0,Short,0.6377186824712311,0.8229163280609855,0.754322510174764,0.8123247889345472,0.8128121157102574,0.7338454670563103,0.6341031153976125,0.6796368996689235,0.6335626302562954,0.6237846699756282,0.07204842567443848,0.17610454559326172,0.0,0.0653541088104248,0.0,0.13228392601013184,0.13683485984802246,0.0,0.0,0.0
sub001-ses04-block2-game2_000::b0058,test/sub001/ses-04/sub001-ses04-block2-game2_000.npy,sub001,2,8,26,0,Short,0.47185435968474654,0.8371234528316164,0.9968522115550847,0.9663661199885686,0.8182885238691043,0.7932589139020237,0.6266813116733363,0.5044905698109488,0.4493957246596057,0.6494228269115141,0.3307054042816162,0.0,0.0,0.0,3.6369118690490723,0.3358290195465088,0.0,0.0,0.0,0.23974013328552246
sub001-ses04-block2-game2_000::b0059,test/sub001/ses-04/sub001-ses04-block2-game2_000.npy,sub001,2,3,26,0,Short,0.7227615230372139,0.9317243915834296,0.9317243915834296,0.9317243915834296,0.9582463216103898,0.5621939823138173,0.1706510491658748,0.1706510491658748,0.1706510491658748,0.07565926669458939,0.06749105453491211,0.12177038192749023,0.12177038192749023,0.12177038192749023,4.576370716094971,0.5808606147766113,0.19656658172607422,0.19656658172607422,0.19656658172607422,0.0
sub001-ses04-block2-game2_000::b0060,test/sub001/ses-04/sub001-ses04-block2-game2_000.npy,sub001,2,4,26,0,Short,0.7756820902484058,1.0918116248852678,1.0918116248852678,0.8873938783514104,1.0456443670348785,0.5665151168821433,0.2129128640288998,0.2129128640288998,0.1407329563013902,0.09032825506809034,0.08538818359375,4.1220703125,4.1220703125,4.787904262542725,5.075747013092041,0.0,0.0,0.0,0.1714019775390625,0.49803686141967773
sub001-ses04-block2-game2_000::b0061,test/sub001/ses-04/sub001-ses04-block2-game2_000.npy,sub001,2,6,26,0,Short,0.7743942915874529,0.9796966125093381,0.8964905154808753,1.140905230351025,1.0314538460305498,0.5426143564820225,0.1846848697485161,0.29458562593708587,0.07410405616955268,0.13352230867061748,0.0,4.912290096282959,5.074217796325684,5.104941368103027,5.104063034057617,0.0,0.3679690361022949,0.2032914161682129,0.3982529640197754,0.37239694595336914
sub001-ses04-block2-game2_000::b0062,test/sub001/ses-04/sub001-ses04-block2-game2_000.npy,sub001,2,8,26,0,Short,0.8215841872672891,0.8586542099386263,1.1654302477210636,1.0918049371985434,0.8821484432590981,0.6026410584625552,0.6200889333617584,0.3735813927331885,0.3817544738082981,0.6327021418550267,0.06454730033874512,4.39027214050293,0.489274263381958,0.0,0.0,0.0,0.2135028839111328,0.15091180801391602,0.0,0.0
sub001-ses04-block2-game2_000::b0064,test/sub001/ses-04/sub001-ses04-block2-game2_000.npy,sub001,2,7,26,0,Short,0.48208164058539793,0.9112567158819439,0.8607519998727345,0.9883775597382254,0.8840168585229997,0.820658772584073,0.5768663372417929,0.5993122017724817,0.48484993965872003,0.5383913620889115,0.0,0.0,3.6189887523651123,3.40329909324646,0.0,0.0,0.0,0.10262632369995117,0.0,0.0
sub001-ses04-block2-game2_000::b0065,test/sub001/ses-04/sub001-ses04-block2-game2_000.npy,sub001,2,3,26,0,Short,0.7640310799291714,1.1214988523764693,1.1214988523764693,1.1214988523764693,1.2274611340566541,0.5618643826259662,0.23824218429791555,0.23824218429791555,0.23824218429791555,0.230396286308638,4.23453426361084,0.0,0.0,0.0,0.4144253730773926,0.24925541877746582,0.0,0.0,0.0,0.3722963333129883
sub001-ses04-block2-game2_000::b0066,test/sub001/ses-04/sub001-ses04-block2-game2_000.npy,sub001,2,3,26,0,Short,0.8180742593180786,1.3625732725376747,1.3625732725376747,1.3625732725376747,1.1234792859832734,0.5441918672560371,0.14867730387557165,0.14867730387557165,0.14867730387557165,0.1235500276910475,0.11062479019165039,2.493701219558716,2.493701219558716,2.493701219558716,4.414056777954102,0.8232564926147461,0.0,0.0,0.0,1.094078540802002
sub001-ses04-block2-game2_000::b0067,test/sub001/ses-04/sub001-ses04-block2-game2_000.npy,sub001,2,2,26,0,Short,0.8211213645303461,0.8211213645303461,1.1417165377154395,1.1417165377154395,1.1417165377154395,0.5701229511594675,0.5701229511594675,0.2188846443973037,0.2188846443973037,0.2188846443973037,3.5620274543762207,3.5620274543762207,3.1228110790252686,3.1228110790252686,3.1228110790252686,0.5234835147857666,0.5234835147857666,0.6627578735351562,0.6627578735351562,0.6627578735351562
sub001-ses04-block2-game2_000::b0069,test/sub001/ses-04/sub001-ses04-block2-game2_000.npy,sub001,2,17,26,0,Short,0.28926462694454513,1.2415314813845566,1.0242288520293508,1.042654831774258,1.2262002237010607,0.8971977890404693,0.27353107707228724,0.48976353678468343,0.5003074767986574,0.35167248788054384,0.0,2.941240072250366,2.9755170345306396,2.8788058757781982,0.0,0.0,0.07492947578430176,0.0,0.0,0.0
sub001-ses04-block2-game2_000::b0070,test/sub001/ses-04/sub001-ses04-block2-game2_000.npy,sub001,2,8,26,0,Short,1.0195082570861231,1.162673515337988,1.0238266000627139,1.1423181677572543,1.1720609259045078,0.548219475723153,0.22149889621411978,0.37626139231786004,0.3133927946929288,0.2981902913117523,0.0,3.641842842102051,0.2848029136657715,0.0,0.2724800109863281,0.0,0.07376599311828613,0.8381762504577637,0.0,0.0
sub001-ses04-block2-game2_000::b0072,test/sub001/ses-04/sub001-ses04-block2-game2_000.npy,sub001,2,4,26,0,Short,0.8964718018992357,0.8361104864355587,0.8361104864355587,0.8430729403262032,0.7645851788366715,0.48022277791810253,0.5420816269662245,0.5420816269662245,0.6132704097800836,0.6262390990712239,0.0,0.1002197265625,0.1002197265625,3.8096978664398193,0.0,0.0,0.22328901290893555,0.22328901290893555,0.6914119720458984,0.0
sub001-ses04-block2-game2_000::b0073,test/sub001/ses-04/sub001-ses04-block2-game2_000.npy,sub001,2,8,26,0,Short,0.9882345975486108,0.7359318075441084,0.8942631936662906,0.813429884198796,0.7516733291778457,0.4726013657136195,0.6592446795345165,0.5407049830699453,0.6504226716647052,0.640078911258425,0.0062944889068603516,3.7438619136810303,0.017359018325805664,0.0,3.7833926677703857,0.3590264320373535,0.3514585494995117,0.2828543186187744,0.0,0.2369377613067627
sub001-ses04-block2-game2_000::b0075,test/sub001/ses-04/sub001-ses04-block2-game2_000.npy,sub001,2,2,26,0,Short,0.8510012875987549,0.8510012875987549,1.1246771186802258,1.1246771186802258,1.1246771186802258,0.49427132807826535,0.49427132807826535,0.22203994061034932,0.22203994061034932,0.22203994061034932,4.356606960296631,4.356606960296631,0.0,0.0,0.0,0.3563385009765625,0.3563385009765625,0.0,0.0,0.0
sub001-ses04-block2-game2_000::b0076,test/sub001/ses-04/sub001-ses04-block2-game2_000.npy,sub001,2,5,26,0,Short,0.5306266062775412,0.8541174206969132,0.8047968656617506,0.8156481915819764,1.0073289603035867,0.7860810636438212,0.49257644523536415,0.5555996335716052,0.4931428422040972,0.38249064528425075,0.0,3.744779586791992,0.0,3.5205187797546387,0.0,0.0,0.014646768569946289,0.0,0.29732322692871094,0.0
sub001-ses04-block2-game2_000::b0077,test/sub001/ses-04/sub001-ses04-block2-game2_000.npy,sub001,2,27,26,1,Long,0.9925045245996754,0.9749386224716634,0.8363438970425836,0.8158088244272887,0.8468012913967429,0.43950565822459353,0.3746329124291159,0.5760383030205344,0.5836633857575151,0.5098507668608692,0.0,4.277403354644775,0.4710664749145508,3.7153098583221436,4.362068176269531,0.0,0.7864022254943848,0.7942609786987305,0.0,0.4809250831604004
sub001-ses04-block2-game2_000::b0078,test/sub001/ses-04/sub001-ses04-block2-game2_000.npy,sub001,2,32,26,1,Long,1.136009649646105,0.9337771775934331,0.9233975195225491,0.9863267782630897,0.7826826694808237,0.30673661118734363,0.4948674986225063,0.4517759703547355,0.4286428735200962,0.5708868562853482,0.0,0.061109066009521484,0.0,3.621591567993164,0.22691106796264648,0.0,0.1651298999786377,0.0,0.19547152519226074,0.07640385627746582
sub001-ses04-block2-game2_000::b0079,test/sub001/ses-04/sub001-ses04-block2-game2_000.npy,sub001,2,6,26,0,Short,0.6681056113418024,0.8439120745809585,1.1035304667762575,0.8919496973210526,0.8721833615703568,0.7134742801013938,0.5145782983419891,0.40471768976779043,0.5023478311526601,0.5609974071679217,4.659165859222412,3.7941415309906006,0.1884918212890625,4.310243606567383,0.0,0.8885664939880371,0.0,0.8168771266937256,0.8548867702484131,0.0
sub001-ses04-block2-game2_000::b0080,test/sub001/ses-04/sub001-ses04-block2-game2_000.npy,sub001,2,20,26,0,Short,0.9913050210744446,0.945788289918996,0.9737010412095798,0.9590262060218662,0.9488645484439053,0.42629336377203564,0.36711759058237514,0.3627708143237875,0.473778290621914,0.5725044480785455,0.0,0.0,0.0,3.70660138130188,3.912057876586914,0.0,0.0,0.0,0.0,0.39372825622558594
sub001-ses04-block2-game2_000::b0081,test/sub001/ses-04/sub001-ses04-block2-game2_000.npy,sub001,2,14,26,0,Short,0.5349261182190814,0.7107284661174758,0.8771289533155271,0.8605420349925349,0.891450983112096,0.762080394582154,0.6881997714141391,0.5348654092498639,0.5433271063565561,0.4722896994960307,0.05162167549133301,4.107641696929932,3.877755641937256,4.101257801055908,0.35417795181274414,0.0,0.20558977127075195,0.11351919174194336,0.014966964721679688,0.21492385864257812
sub001-ses04-block2-game2_000::b0082,test/sub001/ses-04/sub001-ses04-block2-game2_000.npy,sub001,2,19,26,0,Short,0.8000764244241048,0.8205406854384332,0.821154134709104,0.916080546804018,0.9914713066849736,0.6161875864026096,0.5826719904941129,0.5819395589706372,0.49412007397714136,0.3998521416702774,0.0,3.8913443088531494,0.5462450981140137,3.904229164123535,4.617360591888428,0.0,0.07692956924438477,0.6200571060180664,0.0,0.5665812492370605
sub001-ses04-block2-game2_000::b0083,test/sub001/ses-04/sub001-ses04-block2-game2_000.npy,sub001,2,3,26,0,Short,0.8285267626449158,0.8285267626449158,0.8234817916170336,0.9637717541756212,0.9637717541756212,0.49763186382541835,0.49763186382541835,0.5812549945641445,0.4343362353729819,0.4343362353729819,0.0,0.0,0.14086294174194336,4.368356704711914,4.368356704711914,0.0,0.0,0.7552623748779297,0.33559322357177734,0.33559322357177734
sub001-ses04-block2-game2_000::b0084,test/sub001/ses-04/sub001-ses04-block2-game2_000.npy,sub001,2,2,26,0,Short,0.9557048791464664,0.9557048791464664,0.8053937673458162,0.8053937673458162,0.8053937673458162,0.4517546276363653,0.4517546276363653,0.5799990691504191,0.5799990691504191,0.5799990691504191,0.0,0.0,0.0,0.0,0.0,0.0,0.0,0.0,0.0,0.0
sub001-ses04-block2-game2_000::b0085,test/sub001/ses-04/sub001-ses04-block2-game2_000.npy,sub001,2,2,26,0,Short,0.8775982704549379,0.8775982704549379,1.0051759602969963,1.0051759602969963,1.0051759602969963,0.5130004079238286,0.5130004079238286,0.5503397490793376,0.5503397490793376,0.5503397490793376,0.0,0.0,3.9174041748046875,3.9174041748046875,3.9174041748046875,0.0,0.0,0.5670478343963623,0.5670478343963623,0.5670478343963623
sub001-ses04-block2-game2_000::b0086,test/sub001/ses-04/sub001-ses04-block2-game2_000.npy,sub001,2,3,26,0,Short,0.867436933286151,0.867436933286151,0.8871589817409165,1.0445802484438225,1.0445802484438225,0.4520012773561577,0.4520012773561577,0.48775732471093103,0.4281424888749694,0.4281424888749694,4.182549953460693,4.182549953460693,0.24695920944213867,4.184195041656494,4.184195041656494,0.40912342071533203,0.40912342071533203,0.8205578327178955,0.6421222686767578,0.6421222686767578
sub001-ses04-block2-game2_000::b0087,test/sub001/ses-04/sub001-ses04-block2-game2_000.npy,sub001,2,4,26,0,Short,0.8936664748269707,0.9618119083178359,0.9618119083178359,0.8769997884563518,0.8939399497674906,0.48934981594791355,0.4196961521083933,0.4196961521083933,0.41197901988966007,0.5174696448474505,4.521964073181152,3.4394872188568115,3.4394872188568115,4.511354923248291,0.0,0.6375582218170166,0.0,0.0,0.6676840782165527,0.0
sub001-ses04-block2-game2_000::b0088,test/sub001/ses-04/sub001-ses04-block2-game2_000.npy,sub001,2,3,26,0,Short,0.8960242886976268,0.8454741336218146,0.8454741336218146,0.8454741336218146,1.2972776427562849,0.4622318750124059,0.4588749916110242,0.4588749916110242,0.4588749916110242,0.1427106509243638,3.0112087726593018,3.8821089267730713,3.8821089267730713,3.8821089267730713,0.11982512474060059,0.0,1.0556070804595947,1.0556070804595947,1.0556070804595947,0.41735100746154785
sub001-ses04-block2-game2_000::b0089,test/sub001/ses-04/sub001-ses04-block2-game2_000.npy,sub001,2,14,26,0,Short,0.883440548779841,0.9174495819591324,1.0225411811847989,1.05066355593715,1.0150604949684872,0.49516257269299546,0.47138100110992603,0.38658468986185796,0.4675978958725151,0.43113804887058815,0.011394739151000977,0.0,3.173248291015625,3.205725908279419,0.3530292510986328,0.0,0.0,0.14593148231506348,0.0,0.4830465316772461
sub001-ses04-block2-game2_000::b0090,test/sub001/ses-04/sub001-ses04-block2-game2_000.npy,sub001,2,5,26,0,Short,0.649616290259275,0.864288071189541,0.9167200753617389,0.9077894474709132,1.0166720032646486,0.7235582400842837,0.6034418301486385,0.601880576882675,0.5870515392074958,0.5095672548061672,2.6612131595611572,0.0,2.7298977375030518,0.25077152252197266,0.0,0.0,0.0,0.0,0.22769427299499512,0.0
sub001-ses04-block2-game2_000::b0091,test/sub001/ses-04/sub001-ses04-block2-game2_000.npy,sub001,2,6,26,0,Short,0.606491532024315,1.1158699211290695,0.890115003203791,0.9674441032801224,1.1189910891412822,0.7511381198768994,0.43417283333841067,0.5845443927442782,0.5377941429587108,0.4479537356752752,0.38955020904541016,0.0,2.7898571491241455,0.0,0.0,0.8055436611175537,0.0,0.0,0.0,0.0
sub001-ses04-block2-game2_000::b0092,test/sub001/ses-04/sub001-ses04-block2-game2_000.npy,sub001,2,2,26,0,Short,0.9487279074467098,0.9487279074467098,0.967884599543575,0.967884599543575,0.967884599543575,0.46955054351159853,0.46955054351159853,0.4609544196644807,0.4609544196644807,0.4609544196644807,3.8818106651306152,3.8818106651306152,2.9971489906311035,2.9971489906311035,2.9971489906311035,0.880530834197998,0.880530834197998,1.0048012733459473,1.0048012733459473,1.0048012733459473
sub001-ses04-block2-game2_000::b0093,test/sub001/ses-04/sub001-ses04-block2-game2_000.npy,sub001,2,3,26,0,Short,0.5702893804037003,0.5702893804037003,0.8773421409628214,0.7840303706028745,0.7840303706028745,0.7331176571664494,0.7331176571664494,0.610597974814417,0.6339556069934518,0.6339556069934518,0.0,0.0,0.36913418769836426,0.14608383178710938,0.14608383178710938,0.0,0.0,0.1483767032623291,0.7680232524871826,0.7680232524871826
sub001-ses04-block2-game2_000::b0094,test/sub001/ses-04/sub001-ses04-block2-game2_000.npy,sub001,2,28,26,1,Long,0.7147453562556463,1.084663141301206,1.191544111093518,1.3825741597905017,1.2402177278796493,0.6692354535966568,0.27942705265448475,0.32474491678514894,0.103314301273769,0.2551731655425198,0.04852461814880371,2.830872058868408,2.7451553344726562,2.880335569381714,0.0,0.6626863479614258,0.0,0.3944997787475586,0.4812963008880615,0.0
sub001-ses04-block2-game2_000::b0095,test/sub001/ses-04/sub001-ses04-block2-game2_000.npy,sub001,2,4,26,0,Short,0.9204111018720094,1.2116666781884706,1.2116666781884706,1.2733519942448,1.09881780573849,0.5060339799824612,0.3105575747464562,0.3105575747464562,0.1683913506481598,0.3662582852150706,2.8825981616973877,3.434809923171997,3.434809923171997,0.0,0.0,0.4904909133911133,0.49793553352355957,0.49793553352355957,0.0,0.0
sub001-ses04-block2-game2_000::b0096,test/sub001/ses-04/sub001-ses04-block2-game2_000.npy,sub001,2,23,26,0,Short,0.4597921127725145,1.0220475244473646,0.9386472288935425,0.8830461096619718,0.8687503710859831,0.8233979085580794,0.3677329066191969,0.5852339444043909,0.544566892792882,0.57302617117802,0.0,2.8784594535827637,2.7618818283081055,0.0,3.016381025314331,0.0,0.2962944507598877,0.0,0.0,0.02705073356628418
sub001-ses04-block2-game2_000::b0097,test/sub001/ses-04/sub001-ses04-block2-game2_000.npy,sub001,2,15,26,0,Short,0.728702304459869,1.1799759881959873,1.017011838285833,0.9391658025991085,1.1131420258295412,0.6176404304661254,0.4116933603731955,0.4498552610048264,0.5461552656305653,0.42614118572067494,0.0,0.0,0.0,3.363847017288208,0.0,0.0,0.0,0.0,0.3010070323944092,0.0
sub001-ses04-block2-game2_000::b0098,test/sub001/ses-04/sub001-ses04-block2-game2_000.npy,sub001,2,5,26,0,Short,0.9466594814560403,0.9666852096472368,1.0366512697281869,0.9353034196806798,1.105731272303251,0.45467730598478395,0.4709384551329089,0.4540229400652972,0.5456565497260679,0.3252242766265558,0.0,3.446420431137085,0.0,0.0,0.0,0.0,0.5657544136047363,0.0,0.0,0.0
sub001-ses04-block2-game2_000::b0099,test/sub001/ses-04/sub001-ses04-block2-game2_000.npy,sub001,2,9,26,0,Short,0.8860608488140937,0.9609817181235001,1.0064843287879475,1.0204667190908143,0.9346745968176154,0.5550779246300821,0.41093189733918145,0.41089478383922284,0.37386474117041496,0.5903307174138515,3.489457607269287,3.533837080001831,0.0,3.5179669857025146,0.0,0.5153179168701172,0.5443294048309326,0.0,0.40238213539123535,0.0
sub001-ses04-block2-game2_000::b0100,test/sub001/ses-04/sub001-ses04-block2-game2_000.npy,sub001,2,7,26,0,Short,0.9492810426568952,0.9945903285540051,1.0052078761051897,1.1592606713658777,1.0967273462368636,0.45896348182582913,0.34548950219322233,0.4415547038190265,0.40750644313089146,0.42495715398369804,0.08765006065368652,0.019746780395507812,0.07197260856628418,3.511631727218628,3.4616522789001465,0.49533796310424805,1.2429556846618652,0.7903692722320557,0.49168992042541504,0.0734868049621582
sub001-ses04-block2-game2_000::b0101,test/sub001/ses-04/sub001-ses04-block2-game2_000.npy,sub001,2,4,26,0,Short,0.8452622580312898,0.9008749315054031,0.9008749315054031,0.8322820673053,0.9879903605108905,0.52118330446812,0.5027490827019978,0.5027490827019978,0.5625351956443586,0.40643830869269715,0.0,3.57916522026062,3.57916522026062,3.660393238067627,3.370858669281006,0.0,0.1459794044494629,0.1459794044494629,0.0,0.25795435905456543
sub001-ses04-block2-game2_000::b0102,test/sub001/ses-04/sub001-ses04-block2-game2_000.npy,sub001,2,16,26,0,Short,0.9103111963087989,0.9111365456972962,0.8045786404295829,0.9804485918213355,0.8970535801769202,0.4880256377045109,0.5299199896405808,0.6004413691977447,0.4486635838881402,0.5601491648594434,0.3081822395324707,3.562493085861206,3.4416120052337646,3.452160596847534,0.0,1.0426478385925293,0.28759074211120605,0.0,0.0,0.0
sub001-ses04-block2-game2_000::b0103,test/sub001/ses-04/sub001-ses04-block2-game2_000.npy,sub001,2,14,26,0,Short,0.920310658570394,0.9812401688631144,0.9841377263295277,0.9145343873707251,1.0546885874127514,0.4598494418234218,0.5353941105890022,0.5092192752765416,0.54969544956414,0.5093830734226004,3.379521131515503,2.84047794342041,3.115993022918701,0.0,0.0,0.732175350189209,0.09395027160644531,0.47344040870666504,0.0,0.0
sub001-ses04-block2-game2_000::b0104,test/sub001/ses-04/sub001-ses04-block2-game2_000.npy,sub001,2,6,26,0,Short,1.0879255873600728,0.8946905186351237,0.8791147723604281,0.864341171134083,0.9023909982300509,0.16860883073996408,0.5157648236204273,0.5815465614100082,0.6269018245568584,0.5856492217727198,0.0,3.523894786834717,0.0,0.0,3.182004690170288,0.0,0.2939925193786621,0.0,0.0,0.204054594039917
sub001-ses04-block2-game2_000::b0105,test/sub001/ses-04/sub001-ses04-block2-game2_000.npy,sub001,2,9,26,0,Short,0.5554960569016882,0.8778541653852524,0.8905975022836856,0.9134560160930345,0.8556912073631661,0.7675937244036437,0.6253068075294306,0.6142399056506871,0.5978887751606983,0.61864091503425,0.0,3.130119800567627,0.06167793273925781,0.0,0.0,0.0,0.21829891204833984,0.4586672782897949,0.0,0.0
sub001-ses04-block2-game2_000::b0106,test/sub001/ses-04/sub001-ses04-block2-game2_000.npy,sub001,2,3,26,0,Short,1.1596079693286088,1.1596079693286088,1.101175192796128,1.1089457911529603,1.1089457911529603,0.0010311030820829847,0.0010311030820829847,0.023280544295904038,0.15717766730454635,0.15717766730454635,0.0,0.0,3.3846042156219482,2.8849353790283203,2.8849353790283203,0.0,0.0,0.6163816452026367,0.040271759033203125,0.040271759033203125
sub001-ses04-block2-game2_000::b0107,test/sub001/ses-04/sub001-ses04-block2-game2_000.npy,sub001,2,2,26,0,Short,0.9042842450601973,0.9042842450601973,1.1072519127672773,1.1072519127672773,1.1072519127672773,0.5250600369247393,0.5250600369247393,0.24558598651866875,0.24558598651866875,0.24558598651866875,0.19097304344177246,0.19097304344177246,0.19543957710266113,0.19543957710266113,0.19543957710266113,0.0,0.0,0.20063328742980957,0.20063328742980957,0.20063328742980957
sub001-ses04-block2-game2_000::b0108,test/sub001/ses-04/sub001-ses04-block2-game2_000.npy,sub001,2,2,26,0,Short,1.0236541962318069,1.0236541962318069,1.1498730740371492,1.1498730740371492,1.1498730740371492,0.475009769544386,0.475009769544386,0.14056213647829452,0.14056213647829452,0.14056213647829452,2.9371039867401123,2.9371039867401123,0.0,0.0,0.0,0.26164793968200684,0.26164793968200684,0.0,0.0,0.0
sub001-ses04-block2-game2_000::b0109,test/sub001/ses-04/sub001-ses04-block2-game2_000.npy,sub001,2,4,26,0,Short,0.9911139066536947,1.0938173618751572,1.0938173618751572,1.1979889635164538,1.1337309318869355,0.4769562030730553,0.08578251292936984,0.08578251292936984,0.010847762743188272,0.14186835229196904,0.0,0.0,0.0,0.009452581405639648,0.0,0.0,0.0,0.0,0.009011983871459961,0.0
sub001-ses04-block2-game2_000::b0110,test/sub001/ses-04/sub001-ses04-block2-game2_000.npy,sub001,2,2,26,0,Short,0.9090910634272186,0.9090910634272186,1.098602710490464,1.098602710490464,1.098602710490464,0.47520108979109227,0.47520108979109227,0.07127607717171719,0.07127607717171719,0.07127607717171719,0.0,0.0,2.738347291946411,2.738347291946411,2.738347291946411,0.0,0.0,0.0,0.0,0.0
sub001-ses04-block2-game2_000::b0111,test/sub001/ses-04/sub001-ses04-block2-game2_000.npy,sub001,2,14,26,0,Short,0.9664559446498113,1.0750287927891138,1.1423763638299969,1.2234561868565252,1.1032373745200774,0.4535692367091408,0.1457302263332364,0.1291216631832871,0.12317171120616949,0.09344206066334126,0.0,0.1305224895477295,0.14655470848083496,2.77701473236084,0.0,0.0,0.5112996101379395,0.6822261810302734,0.0,0.0
sub001-ses04-block2-game2_000::b0112,test/sub001/ses-04/sub001-ses04-block2-game2_000.npy,sub001,2,23,26,0,Short,0.9016510141394908,1.0747330885236301,1.1297448581626095,1.0121452370158148,1.1053313018993585,0.4986539887767456,0.21824790595168564,0.1682849396783096,0.38032956915763577,0.25343048616124825,3.2980549335479736,3.5106608867645264,3.7380950450897217,3.3093090057373047,3.4154813289642334,0.40537476539611816,0.6427321434020996,0.9441988468170166,0.35518407821655273,0.3936183452606201
sub001-ses04-block2-game2_000::b0113,test/sub001/ses-04/sub001-ses04-block2-game2_000.npy,sub001,2,4,26,0,Short,0.9399564513475389,1.1085873693038397,1.1085873693038397,1.0490256818754882,1.1030875057388974,0.4754827094131329,0.23472318620374916,0.23472318620374916,0.1956258173203092,0.18582849577652116,3.537468671798706,0.0,0.0,0.0,0.0,0.7930564880371094,0.0,0.0,0.0,0.0
sub001-ses04-block2-game2_000::b0114,test/sub001/ses-04/sub001-ses04-block2-game2_000.npy,sub001,2,5,26,0,Short,0.8420465804473805,1.0016597532234963,1.1836842252288162,1.066254801424844,1.153568774521688,0.5048476622211977,0.3280240230320115,0.1857810386647208,0.2905453783210351,0.14547684168092462,0.09782266616821289,3.075028657913208,0.6132495403289795,0.0,0.0,0.9251222610473633,0.1276712417602539,1.008296251296997,0.0,0.0
sub001-ses04-block2-game2_000::b0115,test/sub001/ses-04/sub001-ses04-block2-game2_000.npy,sub001,2,2,26,0,Short,0.8391026115694029,0.8391026115694029,1.0684290952948416,1.0684290952948416,1.0684290952948416,0.5480676942960517,0.5480676942960517,0.29788691718342203,0.29788691718342203,0.29788691718342203,3.018326997756958,3.018326997756958,0.0,0.0,0.0,1.3731305599212646,1.3731305599212646,0.0,0.0,0.0
sub001-ses04-block2-game2_000::b0116,test/sub001/ses-04/sub001-ses04-block2-game2_000.npy,sub001,2,3,26,0,Short,1.0632471071097196,1.0632471071097196,0.9718078949122176,1.072195315844135,1.072195315844135,0.32417483630540933,0.32417483630540933,0.4214336610141285,0.3644128687222703,0.3644128687222703,2.602205991744995,2.602205991744995,0.0,0.0,0.0,0.0,0.0,0.0,0.0,0.0
sub001-ses04-block2-game2_000::b0117,test/sub001/ses-04/sub001-ses04-block2-game2_000.npy,sub001,2,2,26,0,Short,0.983932520993291,0.983932520993291,0.983932520993291,1.125362438543659,1.125362438543659,0.4322501290077999,0.4322501290077999,0.4322501290077999,0.33215477142906946,0.33215477142906946,0.0,0.0,0.0,3.1155381202697754,3.1155381202697754,0.0,0.0,0.0,0.3646559715270996,0.3646559715270996
sub001-ses04-block2-game2_000::b0118,test/sub001/ses-04/sub001-ses04-block2-game2_000.npy,sub001,2,2,26,0,Short,1.0849665903335324,1.0849665903335324,1.166657456521608,1.166657456521608,1.166657456521608,0.4480046398800725,0.4480046398800725,0.29892040030712824,0.29892040030712824,0.29892040030712824,0.0,0.0,2.522237777709961,2.522237777709961,2.522237777709961,0.0,0.0,0.6775796413421631,0.6775796413421631,0.6775796413421631
sub001-ses04-block2-game2_000::b0119,test/sub001/ses-04/sub001-ses04-block2-game2_000.npy,sub001,2,15,26,0,Short,1.184647326814728,1.207031411760145,1.1162079702446213,1.149962890843628,1.0862128109382359,0.4337104134471866,0.3831789016543252,0.29868294125784567,0.3887868830427229,0.46499691470041116,0.1205754280090332,2.569150686264038,2.9174327850341797,0.0,0.0,0.0,0.0,0.2588033676147461,0.0,0.0
sub001-ses04-block2-game2_000::b0120,test/sub001/ses-04/sub001-ses04-block2-game2_000.npy,sub001,2,11,26,0,Short,0.6331715866886322,1.0559200484431681,1.1885176745216823,1.0330877507992988,1.158835302694782,0.7050420296946731,0.42900228018787556,0.3037961817313168,0.4528994624474213,0.32188005415099635,2.673233985900879,2.669752597808838,2.6717162132263184,0.0,2.6102514266967773,0.0,0.0,0.06928324699401855,0.0,0.0
sub001-ses04-block2-game2_000::b0121,test/sub001/ses-04/sub001-ses04-block2-game2_000.npy,sub001,2,60,26,1,Long,0.6702334019146063,0.9377306885087391,0.8883958297840477,0.8203753399129848,0.9950302962237844,0.709912560781591,0.58601165120515,0.6048950361577188,0.6467167191651504,0.5398610008061133,0.0,2.9116272926330566,0.0,0.0,0.0,0.0,0.13371682167053223,0.0,0.0,0.0
sub001-ses04-block2-game2_000::b0122,test/sub001/ses-04/sub001-ses04-block2-game2_000.npy,sub001,2,5,26,0,Short,1.3998491757158347,1.2138312511848302,1.3990501659809862,1.2620928350165947,1.3017876482496749,0.045376058445834366,0.16489722342571134,0.07118356133329107,0.34991696273603523,0.03537127271110557,0.0,2.8871545791625977,0.0,2.730576992034912,2.725682258605957,0.0,0.5192341804504395,0.0,0.5455324649810791,0.112335205078125
sub001-ses04-block2-game2_000::b0123,test/sub001/ses-04/sub001-ses04-block2-game2_000.npy,sub001,2,17,26,0,Short,0.5164161225493152,1.2070015011752013,1.0600397963145787,1.1398025372201397,1.1963677141225086,0.7905271154791929,0.28902686513736725,0.4325902156743552,0.41128972122535024,0.31285355527862424,0.056456565856933594,0.0,2.6257054805755615,0.0,2.557954788208008,0.3176252841949463,0.0,0.23320531845092773,0.0,0.2068004608154297
sub001-ses04-block2-game2_000::b0124,test/sub001/ses-04/sub001-ses04-block2-game2_000.npy,sub001,2,21,26,0,Short,1.0163883852185298,1.0806396279181512,1.0966709235626875,1.1016458959878246,1.1515773309992086,0.30197926411039566,0.41096244415563066,0.35536916721855044,0.3373320803970787,0.3087277413787981,2.854607582092285,3.1471405029296875,0.12457036972045898,0.0,0.0,0.38820338249206543,0.34717464447021484,0.6856479644775391,0.0,0.0
sub001-ses04-block2-game2_000::b0125,test/sub001/ses-04/sub001-ses04-block2-game2_000.npy,sub001,2,3,26,0,Short,0.8359937707040155,0.8359937707040155,0.9780775649943647,0.8354020075890117,0.8354020075890117,0.608400589520997,0.608400589520997,0.4942522181982315,0.5850942794080759,0.5850942794080759,0.0,0.0,3.0577359199523926,0.09993743896484375,0.09993743896484375,0.0,0.0,0.0,0.2958335876464844,0.2958335876464844
sub001-ses04-block2-game2_000::b0126,test/sub001/ses-04/sub001-ses04-block2-game2_000.npy,sub001,2,4,26,0,Short,0.8884218540348062,1.0037579636472584,1.0037579636472584,0.8536496417090108,0.9713112809325863,0.5108922633935122,0.38282408771213716,0.38282408771213716,0.470636768997383,0.3490624864655547,0.11928963661193848,3.094825267791748,3.094825267791748,3.3505401611328125,0.0,0.3175375461578369,0.0,0.0,0.23038864135742188,0.0
sub001-ses04-block2-game2_000::b0127,test/sub001/ses-04/sub001-ses04-block2-game2_000.npy,sub001,2,5,26,0,Short,0.9225993294989642,0.9501731100417364,0.998633982997728,0.9785504046263049,0.8795030209442429,0.4969809244839663,0.4591541177757078,0.39745412567347393,0.42112999660532124,0.39149380923522137,0.0,0.0,0.008117198944091797,3.091109275817871,0.0,0.0,0.0,0.0,0.1752009391784668,0.0
sub001-ses04-block2-game2_000::b0128,test/sub001/ses-04/sub001-ses04-block2-game2_000.npy,sub001,2,2,26,0,Short,0.9531181137028485,0.9531181137028485,0.9665642964605982,0.9665642964605982,0.9665642964605982,0.4836427142269888,0.4836427142269888,0.41113437702323635,0.41113437702323635,0.41113437702323635,3.3181912899017334,3.3181912899017334,0.0,0.0,0.0,0.41231703758239746,0.41231703758239746,0.0,0.0,0.0
sub001-ses04-block2-game2_000::b0129,test/sub001/ses-04/sub001-ses04-block2-game2_000.npy,sub001,2,3,26,0,Short,0.8931301187422103,1.066639302800273,1.066639302800273,1.066639302800273,1.0403043636383813,0.47152507756726403,0.27287256368376456,0.27287256368376456,0.27287256368376456,0.2847542160268599,0.5287148952484131,0.0,0.0,0.0,0.0,0.9284374713897705,0.0,0.0,0.0,0.0
sub001-ses04-block2-game2_000::b0130,test/sub001/ses-04/sub001-ses04-block2-game2_000.npy,sub001,2,2,26,0,Short,0.879098539562766,0.879098539562766,0.9993381505818033,0.9993381505818033,0.9993381505818033,0.5181347551465686,0.5181347551465686,0.3560031463241176,0.3560031463241176,0.3560031463241176,0.27726054191589355,0.27726054191589355,0.0,0.0,0.0,0.5723083019256592,0.5723083019256592,0.0,0.0,0.0
sub001-ses04-block2-game2_000::b0131,test/sub001/ses-04/sub001-ses04-block2-game2_000.npy,sub001,2,2,26,0,Short,0.9032046113855825,0.9032046113855825,0.9032046113855825,0.940389064057993,0.940389064057993,0.49385173078220446,0.49385173078220446,0.49385173078220446,0.4069742315006602,0.4069742315006602,3.2713494300842285,3.2713494300842285,3.2713494300842285,2.6852049827575684,2.6852049827575684,0.7872171401977539,0.7872171401977539,0.7872171401977539,0.0666053295135498,0.0666053295135498
sub001-ses04-block2-game2_000::b0132,test/sub001/ses-04/sub001-ses04-block2-game2_000.npy,sub001,2,2,26,0,Short,0.9067481872917997,0.9067481872917997,0.9281693966690036,0.9281693966690036,0.9281693966690036,0.485727815564676,0.485727815564676,0.4225014014097185,0.4225014014097185,0.4225014014097185,0.6240172386169434,0.6240172386169434,0.500725507736206,0.500725507736206,0.500725507736206,0.7412111759185791,0.7412111759185791,0.9207980632781982,0.9207980632781982,0.9207980632781982
sub001-ses04-block2-game2_000::b0133,test/sub001/ses-04/sub001-ses04-block2-game2_000.npy,sub001,2,4,26,0,Short,0.8847933418611186,0.8432152157546741,0.8432152157546741,1.0556767882427918,1.0361271129705556,0.5399081411725064,0.46624136629034063,0.46624136629034063,0.3035600658166773,0.2819784929902547,0.25876736640930176,3.183871030807495,3.183871030807495,3.127628803253174,0.0,0.4133157730102539,0.30554962158203125,0.30554962158203125,0.20522594451904297,0.0
sub001-ses04-block2-game2_000::b0134,test/sub001/ses-04/sub001-ses04-block2-game2_000.npy,sub001,2,4,26,0,Short,0.9030160807685792,0.9229123379308279,0.9229123379308279,1.020958009589823,1.0350474766410116,0.4959684625517431,0.43740512115316366,0.43740512115316366,0.41323024564599253,0.2971213818883446,0.0,0.0,0.0,2.729146957397461,2.763862371444702,0.0,0.0,0.0,0.0,0.06592369079589844
sub001-ses04-block2-game2_000::b0136,test/sub001/ses-04/sub001-ses04-block2-game2_000.npy,sub001,2,8,26,0,Short,0.8776521760056352,0.9508584409784043,0.9654129756986105,1.0264598441724013,0.9699586940364116,0.5349024201611393,0.4075756130471492,0.35980623080083535,0.3000187946561072,0.3426807402493279,3.1790194511413574,0.0,2.5175933837890625,0.0,2.982558250427246,0.40181612968444824,0.0,0.0,0.0,0.2806839942932129
sub001-ses04-block2-game2_000::b0137,test/sub001/ses-04/sub001-ses04-block2-game2_000.npy,sub001,2,4,26,0,Short,0.913891975388356,1.1315865569947978,1.1315865569947978,1.1612011366926083,1.166366550037245,0.48182861615712635,0.18777922509487294,0.18777922509487294,0.15945807997517003,0.097016109256777,0.3895244598388672,2.7441000938415527,2.7441000938415527,0.0,0.0,0.5222845077514648,0.0,0.0,0.0,0.0
sub001-ses04-block2-game2_000::b0138,test/sub001/ses-04/sub001-ses04-block2-game2_000.npy,sub001,2,2,26,0,Short,0.9032111508966045,0.9032111508966045,1.0850295327304371,1.0850295327304371,1.0850295327304371,0.5367438844915432,0.5367438844915432,0.22700005634880344,0.22700005634880344,0.22700005634880344,2.7335989475250244,2.7335989475250244,0.0,0.0,0.0,0.0,0.0,0.0,0.0,0.0
sub001-ses04-block2-game2_000::b0139,test/sub001/ses-04/sub001-ses04-block2-game2_000.npy,sub001,2,12,26,0,Short,0.895715463724729,1.2181582871101884,1.149583130739863,1.1943868635775288,1.0658568320146355,0.5277906720584593,0.259634485663249,0.20501498984934952,0.09430563738642361,0.32333018207748054,3.681025266647339,0.0,0.0,0.0,0.0,1.570317268371582,0.0,0.0,0.0,0.0
sub001-ses04-block2-game2_000::b0140,test/sub001/ses-04/sub001-ses04-block2-game2_000.npy,sub001,2,5,26,0,Short,0.8923201913945757,0.8575262901936496,0.905676227514144,1.1081365641593006,1.0086671330969625,0.5425574491064744,0.5390256757138413,0.4488297296954092,0.37598003661872714,0.37048973368542376,3.870133876800537,3.2627618312835693,0.0,3.083463668823242,0.15282654762268066,0.828369140625,0.07805967330932617,0.0,0.1675264835357666,0.00041103363037109375
sub001-ses04-block2-game2_000::b0141,test/sub001/ses-04/sub001-ses04-block2-game2_000.npy,sub001,2,3,26,0,Short,0.9574664999233802,0.8967906553237249,0.8967906553237249,0.8967906553237249,0.959277124529421,0.458997196844869,0.4949517661504023,0.4949517661504023,0.4949517661504023,0.4443552284539264,0.035559654235839844,3.4479265213012695,3.4479265213012695,3.4479265213012695,3.627992868423462,0.0,0.4603571891784668,0.4603571891784668,0.4603571891784668,0.33037710189819336
sub001-ses04-block2-game2_000::b0142,test/sub001/ses-04/sub001-ses04-block2-game2_000.npy,sub001,2,11,26,0,Short,1.146363960455031,1.059050577375347,0.8662484022431729,1.0243227167712607,0.9799956761288598,0.21723306184817975,0.2704419221977674,0.473699280955314,0.4062500197993312,0.3699432747889089,0.0,0.0,0.0,3.474224090576172,0.0,0.0,0.0,0.0,0.546299934387207,0.0
sub001-ses04-block2-game2_000::b0143,test/sub001/ses-04/sub001-ses04-block2-game2_000.npy,sub001,2,4,26,0,Short,0.9262937714025801,0.9618507031053846,1.119740758404227,1.119740758404227,0.8762263925921019,0.5099434871200117,0.43795502830624006,0.3023942174317057,0.3023942174317057,0.5151170993089634,0.0,0.0,0.0,0.0,0.0,0.0,0.0,0.0,0.0,0.0
sub001-ses04-block2-game2_000::b0144,test/sub001/ses-04/sub001-ses04-block2-game2_000.npy,sub001,2,3,26,0,Short,1.2005849401138575,1.1219007629377569,1.1219007629377569,1.1219007629377569,1.263682032514945,0.3077425980933908,0.12565812041923602,0.12565812041923602,0.12565812041923602,0.050732137254681064,2.0734171867370605,2.5787885189056396,2.5787885189056396,2.5787885189056396,2.0403621196746826,0.0,0.506333589553833,0.506333589553833,0.506333589553833,0.3692452907562256
sub001-ses04-block2-game2_000::b0145,test/sub001/ses-04/sub001-ses04-block2-game2_000.npy,sub001,2,4,26,0,Short,0.9801433310537243,1.3303141032290102,1.3303141032290102,1.282985182781415,1.2976060469016377,0.5130554392935677,0.10199835156344872,0.10199835156344872,0.26359460119085976,0.11287088211367102,2.077770948410034,2.1044788360595703,2.1044788360595703,2.1716790199279785,0.0,0.0,0.41383349895477295,0.41383349895477295,0.11588096618652344,0.0
sub001-ses04-block2-game2_000::b0146,test/sub001/ses-04/sub001-ses04-block2-game2_000.npy,sub001,2,3,26,0,Short,0.8984640425127485,1.0510520219231516,1.0510520219231516,1.0510520219231516,1.2658049106586815,0.5137114091391335,0.08985756062544642,0.08985756062544642,0.08985756062544642,0.0631582501780022,3.4174914360046387,2.8707027435302734,2.8707027435302734,2.8707027435302734,0.6944608688354492,0.45386552810668945,0.0,0.0,0.0,0.7570898532867432
sub001-ses04-block2-game2_000::b0148,test/sub001/ses-04/sub001-ses04-block2-game2_000.npy,sub001,2,3,26,0,Short,1.0181280002002078,1.0181280002002078,1.2655689093037552,1.340703939498352,1.340703939498352,0.4902356389358573,0.4902356389358573,0.2122022326845871,0.0047570441835644295,0.0047570441835644295,2.616725444793701,2.616725444793701,0.13880372047424316,0.0,0.0,0.2643249034881592,0.2643249034881592,0.2963395118713379,0.0,0.0
sub001-ses04-block2-game2_000::b0149,test/sub001/ses-04/sub001-ses04-block2-game2_000.npy,sub001,2,3,26,0,Short,1.032930680218081,1.2280167746997899,1.2280167746997899,1.2280167746997899,1.30736823423559,0.4070799180763365,0.329294454070705,0.329294454070705,0.329294454070705,0.3186829023463862,1.978890061378479,0.0,0.0,0.0,0.0,0.0,0.0,0.0,0.0,0.0
sub001-ses04-block2-game2_000::b0150,test/sub001/ses-04/sub001-ses04-block2-game2_000.npy,sub001,2,2,26,0,Short,1.1192953867684392,1.1192953867684392,1.1378863270663482,1.1378863270663482,1.1378863270663482,0.3559926144573491,0.3559926144573491,0.28042920084644113,0.28042920084644113,0.28042920084644113,2.936002492904663,2.936002492904663,0.06379151344299316,0.06379151344299316,0.06379151344299316,0.6692302227020264,0.6692302227020264,0.5301849842071533,0.5301849842071533,0.5301849842071533
sub001-ses04-block2-game2_000::b0152,test/sub001/ses-04/sub001-ses04-block2-game2_000.npy,sub001,2,3,26,0,Short,0.8871931797487123,1.1118808045289434,1.1118808045289434,1.1118808045289434,1.1884879481172224,0.5254228935323366,0.2814110263178781,0.2814110263178781,0.2814110263178781,0.14937277240397417,3.4818544387817383,0.0,0.0,0.0,0.0,0.6915338039398193,0.0,0.0,0.0,0.0
sub001-ses04-block2-game2_000::b0153,test/sub001/ses-04/sub001-ses04-block2-game2_000.npy,sub001,2,4,26,0,Short,1.1087498334533985,1.2777690488205167,1.2529406243915133,1.2529406243915133,1.144327768610161,0.4135924828599373,0.07734195636883873,0.1987471493965265,0.1987471493965265,0.08560616432133572,3.2348034381866455,0.009919881820678711,0.10660076141357422,0.10660076141357422,2.8043370246887207,0.306107759475708,0.7990598678588867,0.39830517768859863,0.39830517768859863,0.8793671131134033
sub001-ses04-block2-game2_000::b0155,test/sub001/ses-04/sub001-ses04-block2-game2_000.npy,sub001,2,14,26,0,Short,0.7742242001936717,1.279301836009111,1.3246860962961398,1.2139182433870195,1.3024806776311066,0.6252183672589067,0.31680279549339296,0.30543327055897734,0.4412897474156273,0.3549817070071951,1.6280349493026733,1.6863223314285278,0.01677834987640381,0.027271032333374023,0.12098550796508789,0.0,0.0,0.06597304344177246,0.0,0.0
sub001-ses04-block2-game2_000::b0156,test/sub001/ses-04/sub001-ses04-block2-game2_000.npy,sub001,2,6,26,0,Short,0.878477990917879,0.9255276408899845,1.0332112163067935,0.8084827604281886,0.8352905860005505,0.5701176954138986,0.6472413574304257,0.5698574420634112,0.7051052550137643,0.6915791895279544,0.03042924404144287,0.0,2.048520565032959,0.0,0.2974897623062134,0.19729971885681152,0.0,0.412524938583374,0.0,0.2813560962677002
sub001-ses04-block2-game2_000::b0157,test/sub001/ses-04/sub001-ses04-block2-game2_000.npy,sub001,2,13,26,0,Short,1.053298154215398,1.0688673445800925,1.2807666076930706,1.3015506804411534,1.3018479953759914,0.39432978992538825,0.4169017452879915,0.24861413756443823,0.2600636520217221,0.27928859621059204,2.021331548690796,0.07001638412475586,0.0,2.354321241378784,0.0,0.0,0.14558792114257812,0.0,0.1222376823425293,0.0
sub001-ses04-block2-game2_000::b0158,test/sub001/ses-04/sub001-ses04-block2-game2_000.npy,sub001,2,11,26,0,Short,0.9499463675543909,1.365558305477598,1.2830767152719984,1.3336208042996498,1.279274973975431,0.5483268090908974,0.19933330971674523,0.309566824567867,0.25865201822534484,0.28898053570404336,0.015594482421875,2.0451467037200928,0.05463600158691406,0.23022186756134033,0.05507636070251465,0.47549474239349365,0.08262228965759277,0.04700946807861328,0.1918048858642578,0.24492621421813965
sub001-ses04-block2-game2_000::b0159,test/sub001/ses-04/sub001-ses04-block2-game2_000.npy,sub001,2,12,26,0,Short,0.5294382711557899,1.1862293131698491,1.1323592670539389,1.2632903474795385,1.2022116460948102,0.7947504178512577,0.3425436448564135,0.38721485856132204,0.3220324550796517,0.3938321630974172,0.10608768463134766,2.090559720993042,2.156128168106079,2.120041847229004,0.13093972206115723,0.6121845245361328,0.1758439540863037,0.15536046028137207,0.35846900939941406,0.5173203945159912
sub001-ses04-block2-game2_000::b0160,test/sub001/ses-04/sub001-ses04-block2-game2_000.npy,sub001,2,12,26,0,Short,1.2858599642559547,1.3804379308252879,1.1125265403844022,1.1753161748181875,1.2647963637055732,0.37946756333825205,0.23617928469438612,0.46634104856483033,0.45816190419043185,0.38247699277697134,0.18931961059570312,0.45253586769104004,1.7905538082122803,0.0073860883712768555,1.7829481363296509,0.5254613161087036,0.5654014348983765,0.30326926708221436,0.0,0.18042516708374023
sub001-ses04-block2-game2_000::b0161,test/sub001/ses-04/sub001-ses04-block2-game2_000.npy,sub001,2,27,26,1,Long,0.9328874986172246,1.173140615809133,1.2225820613332377,1.1867395675695602,1.17995683001841,0.47208228117849527,0.41765085174100336,0.4040055452920288,0.40161209107472245,0.43893816923252127,0.14767372608184814,0.0,0.29115331172943115,0.2016390562057495,0.0,0.8094149827957153,0.0,0.1728222370147705,0.1726536750793457,0.0
sub001-ses04-block2-game2_000::b0164,test/sub001/ses-04/sub001-ses04-block2-game2_000.npy,sub001,2,2,26,0,Short,1.1749112139646465,1.1749112139646465,1.209291750175634,1.209291750175634,1.209291750175634,0.3816788515029805,0.3816788515029805,0.41496818114010764,0.41496818114010764,0.41496818114010764,2.177551507949829,2.177551507949829,0.0,0.0,0.0,0.0,0.0,0.0,0.0,0.0
sub001-ses04-block2-game2_000::b0165,test/sub001/ses-04/sub001-ses04-block2-game2_000.npy,sub001,2,4,26,0,Short,1.1559064291777,1.1644327779787556,1.1644327779787556,1.145661557107438,1.0347278273914213,0.4426980402155515,0.3445891858365097,0.3445891858365097,0.35669767178232376,0.498398893490003,0.2045583724975586,1.5421818494796753,1.5421818494796753,0.27657878398895264,0.28063368797302246,0.0,0.0,0.0,0.0,0.2211155891418457
sub001-ses04-block2-game2_000::b0166,test/sub001/ses-04/sub001-ses04-block2-game2_000.npy,sub001,2,11,26,0,Short,1.2249068613721554,0.9897025056273315,1.206642075490244,1.1539201143475613,0.9427331204131648,0.35627932108506877,0.5900738635164076,0.38288736945647217,0.4072955801646569,0.627231634883322,0.5837454795837402,0.2808753252029419,2.145526647567749,1.5032844543457031,0.0,0.9462631940841675,1.427300214767456,0.524646520614624,0.30662214756011963,0.0
sub001-ses04-block2-game2_000::b0167,test/sub001/ses-04/sub001-ses04-block2-game2_000.npy,sub001,2,4,26,0,Short,0.5218357214097136,1.1817930535402803,0.9875444072601836,0.9875444072601836,1.0209125360945919,0.7685071003847095,0.4537138279340144,0.5621674933147301,0.5621674933147301,0.572396052715892,0.04370677471160889,0.0,0.0,0.0,0.0,0.2625950574874878,0.0,0.0,0.0,0.0
sub001-ses04-block2-game2_000::b0168,test/sub001/ses-04/sub001-ses04-block2-game2_000.npy,sub001,2,20,26,0,Short,0.9626436564184992,1.1736312395815367,1.2759881271516569,1.108454948221572,1.2127773524913226,0.5104006859428506,0.4268428141945493,0.34936338030798564,0.4842254689567133,0.36097523306303614,0.2152649164199829,1.4872153997421265,1.4370743036270142,0.0,0.0,0.018570780754089355,0.12894201278686523,0.15667998790740967,0.0,0.0
sub001-ses04-block2-game2_000::b0170,test/sub001/ses-04/sub001-ses04-block2-game2_000.npy,sub001,2,13,26,0,Short,1.420356284737547,0.92269730289531,0.9588410813390602,0.8550528569983732,0.9492418560063635,0.23503511369115654,0.5647401380108986,0.5071650161183068,0.5371286548496467,0.5030331511260651,0.0,0.14950037002563477,0.12456494569778442,0.18890833854675293,0.16187798976898193,0.0,0.42386388778686523,0.0,0.2836303114891052,0.0
sub001-ses04-block2-game2_000::b0171,test/sub001/ses-04/sub001-ses04-block2-game2_000.npy,sub001,2,10,26,0,Short,1.1957636513953191,1.3435963427015698,1.30347903277176,1.2961587381722128,1.2982749857417268,0.2859891228993129,0.2257791384507562,0.32699868751859823,0.351455872075416,0.35953245264309996,0.0,1.1587618589401245,0.7682279944419861,1.2085005044937134,0.9526777863502502,0.0,0.0,0.0,0.6371598243713379,0.9453535079956055
sub001-ses04-block2-game2_000::b0172,test/sub001/ses-04/sub001-ses04-block2-game2_000.npy,sub001,2,2,26,0,Short,1.2264646420766547,1.2264646420766547,1.2513265097229958,1.2513265097229958,1.2513265097229958,0.4300565735142655,0.4300565735142655,0.3709740641601064,0.3709740641601064,0.3709740641601064,0.9351856112480164,0.9351856112480164,0.0,0.0,0.0,0.13529884815216064,0.13529884815216064,0.0,0.0,0.0
sub001-ses04-block2-game2_000::b0173,test/sub001/ses-04/sub001-ses04-block2-game2_000.npy,sub001,2,19,26,0,Short,1.2830241967687523,1.3936025660301723,1.1975347423190057,1.235585333351912,1.221792130618748,0.3934530304415068,0.3043629556334655,0.36656134484393454,0.41793231864487523,0.27447761676539656,0.0,0.15736782550811768,0.2052658200263977,1.0355159044265747,0.1659983992576599,0.0,0.0,0.24740618467330933,0.162450909614563,0.0
sub001-ses04-block2-game2_001::b0001,test/sub001/ses-04/sub001-ses04-block2-game2_001.npy,sub001,2,16,26,0,Short,0.9255478945688801,0.6496304363182779,0.32247811135780396,0.8649802535160818,0.8429964518682875,0.27088625559758894,0.7681549111491563,0.8998316430616334,0.6603460197712469,0.6624461522780437,2.699049234390259,2.632929563522339,0.0,0.030033588409423828,0.0,0.03286099433898926,0.19964838027954102,0.0,0.12140631675720215,0.0
sub001-ses04-block2-game2_001::b0002,test/sub001/ses-04/sub001-ses04-block2-game2_001.npy,sub001,2,27,26,1,Long,0.8339325706537396,0.6373784321854669,0.34140880166163773,0.7819210462391355,0.580840862489115,0.37056401705967346,0.7744682646594042,0.8880464477252156,0.708442214218403,0.7840817133951663,2.7321219444274902,2.6935136318206787,0.0,2.6929595470428467,0.0,0.044080495834350586,0.17899847030639648,0.0,0.022235393524169922,0.0
sub001-ses04-block2-game2_001::b0003,test/sub001/ses-04/sub001-ses04-block2-game2_001.npy,sub001,2,20,26,0,Short,0.7632935638498558,0.728840196927162,0.6619312101602891,0.5962812095143941,0.6338433661091554,0.5131004799292589,0.718815946581401,0.7232407504281404,0.7572796304535685,0.7379519294100538,0.04923748970031738,0.24025464057922363,3.650899648666382,0.0,0.17518019676208496,0.21217918395996094,0.387829065322876,0.12258267402648926,0.0,0.15790581703186035
sub001-ses04-block2-game2_001::b0004,test/sub001/ses-04/sub001-ses04-block2-game2_001.npy,sub001,2,22,26,0,Short,0.8941290417499721,0.6524613120001911,0.7935363845439984,0.7396407622236896,0.71699143392409,0.4880851246162663,0.7113938134057772,0.6407529824590671,0.6872753914708123,0.6801038240485633,0.18061017990112305,3.7513065338134766,3.688734769821167,0.2908475399017334,0.0,0.8146400451660156,0.08531379699707031,0.07644844055175781,0.34670066833496094,0.0
sub001-ses04-block2-game2_001::b0005,test/sub001/ses-04/sub001-ses04-block2-game2_001.npy,sub001,2,10,26,0,Short,0.9820854072595877,0.7285818753895474,0.6561639952610329,0.8270394502438687,0.7775392124229371,0.35013599927838346,0.6653830712674959,0.730927420531959,0.6346372984467563,0.6549345408230449,0.060411930084228516,3.7454874515533447,0.07078337669372559,0.06640362739562988,0.0668940544128418,0.02985358238220215,0.09910368919372559,0.20900917053222656,0.0,0.0
sub001-ses04-block2-game2_001::b0006,test/sub001/ses-04/sub001-ses04-block2-game2_001.npy,sub001,2,17,26,0,Short,0.49478291200600616,0.7724228551101828,0.7567839634676647,0.757030507420236,0.7817683028978683,0.7197926730787795,0.6446017872852634,0.647260489512948,0.6277875081313499,0.6118798548848678,0.0,3.9704017639160156,0.14545154571533203,4.020847320556641,0.0,0.0,0.034421682357788086,0.06721687316894531,0.1566305160522461,0.0
sub001-ses04-block2-game2_001::b0007,test/sub001/ses-04/sub001-ses04-block2-game2_001.npy,sub001,2,11,26,0,Short,0.3963341244587015,0.7571916346904345,0.6705877661320279,0.758428320574989,0.7015627070900271,0.8520465320418398,0.6595818296044478,0.7219072845137423,0.6619118874450892,0.7084447093122774,0.0,4.176046371459961,0.020841121673583984,4.193462371826172,4.306949615478516,0.0,0.030511856079101562,0.008673667907714844,0.030295372009277344,0.15211820602416992
sub001-ses04-block2-game2_001::b0008,test/sub001/ses-04/sub001-ses04-block2-game2_001.npy,sub001,2,7,26,0,Short,0.6818696103579244,0.7685418595972016,0.9324679617760677,0.7609209165035783,0.8412582660314245,0.689192416097578,0.6673052828161771,0.4722598086142118,0.6463596296092672,0.42669476278575585,0.016382217407226562,0.1986227035522461,0.11709022521972656,0.08122730255126953,0.10633611679077148,0.4648885726928711,0.0,0.23971176147460938,0.0,0.0
sub001-ses04-block2-game2_001::b0009,test/sub001/ses-04/sub001-ses04-block2-game2_001.npy,sub001,2,19,26,0,Short,1.0586644076229677,0.9172738451147197,0.9342789741905001,0.878362527504026,1.3824109081226252,0.19019871382407072,0.3215999129474362,0.4974567724534137,0.45549545345398434,0.12346350115354865,4.8957672119140625,0.2307119369506836,4.799103260040283,4.68133544921875,4.753171920776367,0.5252294540405273,0.5112271308898926,0.6935935020446777,0.21039962768554688,0.07546281814575195
sub001-ses04-block2-game2_001::b0010,test/sub001/ses-04/sub001-ses04-block2-game2_001.npy,sub001,2,8,26,0,Short,0.807576379146896,0.8786816489004117,0.8363997015180048,1.0462882687401378,0.9887720647776546,0.5009781445259843,0.5000574990950908,0.47929982183040354,0.30326233242697165,0.3230364542781823,4.8705267906188965,4.83973503112793,4.790135383605957,0.0,4.487218379974365,0.34842872619628906,0.0,0.0,0.0,0.0
sub001-ses04-block2-game2_001::b0012,test/sub001/ses-04/sub001-ses04-block2-game2_001.npy,sub001,2,4,26,0,Short,0.8486712778020105,1.1312136848022893,1.0955246712589541,1.0955246712589541,1.2671998309010462,0.5218814659672442,0.156077920077475,0.175235782990753,0.175235782990753,0.147127037314488,4.775759220123291,0.1710367202758789,0.17525720596313477,0.17525720596313477,4.904122829437256,0.0,0.14811992645263672,0.0,0.0,0.0
sub001-ses04-block2-game2_001::b0013,test/sub001/ses-04/sub001-ses04-block2-game2_001.npy,sub001,2,4,26,0,Short,0.7615579308942542,1.1237224669636392,1.0171258313402636,1.0171258313402636,1.032574537077917,0.5368753134651847,0.1883735156658255,0.3485668687754736,0.3485668687754736,0.2695565987622262,0.0,3.88291597366333,0.0,0.0,4.615813732147217,0.0,0.0,0.0,0.0,0.0
sub001-ses04-block2-game2_001::b0014,test/sub001/ses-04/sub001-ses04-block2-game2_001.npy,sub001,2,2,26,0,Short,0.7455449544064203,0.7455449544064203,0.7455449544064203,0.8355522704287455,0.8355522704287455,0.5696415091849868,0.5696415091849868,0.5696415091849868,0.5358273071735314,0.5358273071735314,4.5686116218566895,4.5686116218566895,4.5686116218566895,4.930649757385254,4.930649757385254,0.0,0.0,0.0,0.19896841049194336,0.19896841049194336
sub001-ses04-block2-game2_001::b0015,test/sub001/ses-04/sub001-ses04-block2-game2_001.npy,sub001,2,2,26,0,Short,0.7301598674574535,0.7301598674574535,0.7301598674574535,1.166750769055965,1.166750769055965,0.5994378445349124,0.5994378445349124,0.5994378445349124,0.31315982492725664,0.31315982492725664,0.0,0.0,0.0,0.0,0.0,0.0,0.0,0.0,0.0,0.0
sub001-ses04-block2-game2_001::b0016,test/sub001/ses-04/sub001-ses04-block2-game2_001.npy,sub001,2,3,26,0,Short,0.8518390207546219,1.3397228767189593,1.3397228767189593,1.3397228767189593,1.0406060998515136,0.5132034165151028,0.24287267504330692,0.24287267504330692,0.24287267504330692,0.26638699424417567,5.039579391479492,4.487429618835449,4.487429618835449,4.487429618835449,0.21784639358520508,0.35822010040283203,0.0,0.0,0.0,0.4963088035583496
sub001-ses04-block2-game2_001::b0017,test/sub001/ses-04/sub001-ses04-block2-game2_001.npy,sub001,2,4,26,0,Short,1.0264934290982908,1.0855181144586417,1.100983657142545,1.100983657142545,1.0954298700332894,0.40105555721824415,0.0951833664976992,0.0296581619387265,0.0296581619387265,0.2660944450400778,0.0,0.0,4.516775131225586,4.516775131225586,0.0,0.0,0.0,0.21962499618530273,0.21962499618530273,0.0
sub001-ses04-block2-game2_001::b0018,test/sub001/ses-04/sub001-ses04-block2-game2_001.npy,sub001,2,2,26,0,Short,0.7895300089013011,0.7895300089013011,0.7895300089013011,1.0703234561387018,1.0703234561387018,0.5570850722839187,0.5570850722839187,0.5570850722839187,0.09742301127610653,0.09742301127610653,4.263853549957275,4.263853549957275,4.263853549957275,3.8419086933135986,3.8419086933135986,0.0,0.0,0.0,0.0,0.0
sub001-ses04-block2-game2_001::b0019,test/sub001/ses-04/sub001-ses04-block2-game2_001.npy,sub001,2,2,26,0,Short,0.9284948288668988,0.9284948288668988,0.9284948288668988,1.325587877686306,1.325587877686306,0.499266240056082,0.499266240056082,0.499266240056082,0.12142202606319119,0.12142202606319119,4.575721263885498,4.575721263885498,4.575721263885498,0.0,0.0,0.5474271774291992,0.5474271774291992,0.5474271774291992,0.0,0.0
sub001-ses04-block2-game2_001::b0020,test/sub001/ses-04/sub001-ses04-block2-game2_001.npy,sub001,2,3,26,0,Short,0.7940722664958655,1.2275319274172816,1.2275319274172816,1.2275319274172816,1.0009864165712288,0.5366549264231074,0.07702235194024643,0.07702235194024643,0.07702235194024643,0.036557554280349736,0.0,0.0,0.0,0.0,0.1676335334777832,0.0,0.0,0.0,0.0,0.0066070556640625
sub001-ses04-block2-game2_001::b0021,test/sub001/ses-04/sub001-ses04-block2-game2_001.npy,sub001,2,2,26,0,Short,0.7548437707343316,0.7548437707343316,0.7548437707343316,1.0309583018704422,1.0309583018704422,0.6071897123827099,0.6071897123827099,0.6071897123827099,0.0764934216193432,0.0764934216193432,0.11898350715637207,0.11898350715637207,0.11898350715637207,0.12880992889404297,0.12880992889404297,0.0,0.0,0.0,0.0,0.0
sub001-ses04-block2-game2_001::b0022,test/sub001/ses-04/sub001-ses04-block2-game2_001.npy,sub001,2,3,26,0,Short,0.7796590167657251,0.9071715737819406,0.9071715737819406,0.9071715737819406,1.1160825258138085,0.5673632060855918,0.3684337621076302,0.3684337621076302,0.3684337621076302,0.06461445787482145,0.15772676467895508,0.26076698303222656,0.26076698303222656,0.26076698303222656,0.36123228073120117,0.0,0.05982828140258789,0.05982828140258789,0.05982828140258789,0.6049690246582031
sub001-ses04-block2-game2_001::b0023,test/sub001/ses-04/sub001-ses04-block2-game2_001.npy,sub001,2,2,26,0,Short,0.7507669921770919,0.7507669921770919,0.7507669921770919,1.130627021411476,1.130627021411476,0.5660034891187253,0.5660034891187253,0.5660034891187253,0.04613058925348912,0.04613058925348912,4.570755958557129,4.570755958557129,4.570755958557129,4.538183689117432,4.538183689117432,0.0,0.0,0.0,0.31640100479125977,0.31640100479125977
sub001-ses04-block2-game2_001::b0024,test/sub001/ses-04/sub001-ses04-block2-game2_001.npy,sub001,2,19,26,0,Short,1.2465784755345757,0.7426094937873408,0.9904498199768977,0.9493958085628763,0.871321478825699,0.12309765561039937,0.6677568712195876,0.555774389544329,0.5163325318465372,0.6140889529869277,0.0,3.7375385761260986,0.0,3.597294807434082,0.0,0.0,0.12724614143371582,0.0,0.0,0.0
sub001-ses04-block2-game2_001::b0026,test/sub001/ses-04/sub001-ses04-block2-game2_001.npy,sub001,2,13,26,0,Short,0.6473878223417904,1.1007092025649068,0.8427178238862385,1.1497408078388143,1.047883150140979,0.6320755796527773,0.10688876463059238,0.46866045388892985,0.2508011225735194,0.26139841755221155,0.3543968200683594,0.2464456558227539,0.014613628387451172,4.7050652503967285,4.319138526916504,0.40348148345947266,0.564122200012207,0.34191036224365234,0.5742840766906738,0.0
sub001-ses04-block2-game2_001::b0028,test/sub001/ses-04/sub001-ses04-block2-game2_001.npy,sub001,2,9,26,0,Short,0.8727320089938054,0.8306371890990997,0.8073118323644756,0.8706978982354937,0.9887242182908468,0.4042603890237395,0.6168297573844609,0.656537455416738,0.6029904750717364,0.5726878451556159,0.03521847724914551,0.0,3.86335825920105,0.0,0.0,0.07738351821899414,0.0,0.04057049751281738,0.0,0.0
sub001-ses04-block2-game2_001::b0029,test/sub001/ses-04/sub001-ses04-block2-game2_001.npy,sub001,2,3,26,0,Short,0.49928108384661796,0.7794703075636358,0.7794703075636358,0.7794703075636358,0.8970023040355518,0.801524479004733,0.5342331081515975,0.5342331081515975,0.5342331081515975,0.5289211564141039,0.0,4.032214641571045,4.032214641571045,4.032214641571045,0.0,0.0,0.4684782028198242,0.4684782028198242,0.4684782028198242,0.0
sub001-ses04-block2-game2_001::b0031,test/sub001/ses-04/sub001-ses04-block2-game2_001.npy,sub001,2,11,26,0,Short,0.7953708561385581,0.9652627432072257,0.9281431364211628,0.942935911250955,1.021712402109396,0.6120204959005258,0.3623751634008849,0.36844823745477484,0.37700073458994676,0.36773995301705104,3.3186864852905273,0.0,0.0,0.012148857116699219,3.2434794902801514,0.07407021522521973,0.0,0.0,0.3282597064971924,0.05088233947753906
sub001-ses04-block2-game2_001::b0032,test/sub001/ses-04/sub001-ses04-block2-game2_001.npy,sub001,2,6,26,0,Short,0.8880890446107472,1.0942919421162842,0.8422403004055908,0.9240395580753038,0.9322160320664595,0.501303967591148,0.11385551186639842,0.521111493360427,0.4614011893648668,0.414568409766643,0.07646751403808594,2.3970589637756348,0.0,0.0,0.0,1.0567107200622559,0.0,0.0,0.0,0.0
sub001-ses04-block2-game2_001::b0033,test/sub001/ses-04/sub001-ses04-block2-game2_001.npy,sub001,2,46,26,1,Long,0.633960427729336,0.8660465445881627,0.942530360421232,1.0462109829086792,0.9819440958748624,0.7143975717315922,0.48069217515317797,0.3366462540345432,0.332090554070821,0.2925920124637499,0.0,3.611189365386963,4.1057000160217285,0.0,0.3417942523956299,0.0,0.3338949680328369,0.13224267959594727,0.0,0.0
sub001-ses04-block2-game2_001::b0034,test/sub001/ses-04/sub001-ses04-block2-game2_001.npy,sub001,2,7,26,0,Short,0.7716828497909785,0.8993963509241228,0.8928997052423623,0.929890518571993,0.8480101588366882,0.5341281827283353,0.427331260175764,0.35799495040006174,0.40072594145506074,0.3836249235193251,0.2879199981689453,0.0,0.0,0.0,0.0,0.144775390625,0.0,0.0,0.0,0.0
sub001-ses04-block2-game2_001::b0035,test/sub001/ses-04/sub001-ses04-block2-game2_001.npy,sub001,2,5,26,0,Short,0.8470994172715779,0.8922890687193479,1.0131248658140521,0.9865386518842495,0.9035591684693899,0.47336932672855514,0.3309888531768443,0.24125880199889188,0.3567085412625968,0.4811706598544699,4.930889129638672,0.0,0.2929224967956543,4.6903300285339355,0.0,0.21205568313598633,0.0,0.7854428291320801,0.0,0.0
sub001-ses04-block2-game2_001::b0036,test/sub001/ses-04/sub001-ses04-block2-game2_001.npy,sub001,2,6,26,0,Short,0.784977574190991,0.9343576566416512,1.046622978173152,0.9244642687037836,1.0107037766278082,0.5052236658967552,0.18964632014783184,0.17614641898128602,0.2981494987515685,0.09536940962623569,0.0,5.433657169342041,0.6124382019042969,5.317262649536133,0.18136882781982422,0.0,0.44757843017578125,0.4936995506286621,0.40927553176879883,0.08119869232177734
sub001-ses04-block2-game2_001::b0037,test/sub001/ses-04/sub001-ses04-block2-game2_001.npy,sub001,2,5,26,0,Short,0.7352930212493857,0.8937282409860356,0.9104126287944727,1.0878690493443806,1.2854370426689568,0.5221194924278978,0.5966507382507329,0.5122501907374793,0.09040925621219137,0.05949637253815715,0.1932048797607422,0.13214111328125,4.370082378387451,0.0,4.181861400604248,0.41355276107788086,0.48082542419433594,0.36455583572387695,0.0,0.04614830017089844
sub001-ses04-block2-game2_001::b0038,test/sub001/ses-04/sub001-ses04-block2-game2_001.npy,sub001,2,2,26,0,Short,0.7715714087768155,0.7715714087768155,0.9284169315128531,0.9284169315128531,0.9284169315128531,0.5276917367298921,0.5276917367298921,0.3637835963432952,0.3637835963432952,0.3637835963432952,4.323145866394043,4.323145866394043,0.0,0.0,0.0,0.0,0.0,0.0,0.0,0.0
sub001-ses04-block2-game2_001::b0039,test/sub001/ses-04/sub001-ses04-block2-game2_001.npy,sub001,2,2,26,0,Short,0.8210832697871583,0.8210832697871583,0.8210832697871583,1.1696544835166829,1.1696544835166829,0.46311915172627066,0.46311915172627066,0.46311915172627066,0.09686914502060484,0.09686914502060484,4.309004306793213,4.309004306793213,4.309004306793213,0.5490362644195557,0.5490362644195557,0.0,0.0,0.0,0.007745265960693359,0.007745265960693359
sub001-ses04-block2-game2_001::b0040,test/sub001/ses-04/sub001-ses04-block2-game2_001.npy,sub001,2,2,26,0,Short,0.8155985077866021,0.8155985077866021,0.8155985077866021,1.1141207483107132,1.1141207483107132,0.4932871672285074,0.4932871672285074,0.4932871672285074,0.1935869137572605,0.1935869137572605,4.593652248382568,4.593652248382568,4.593652248382568,4.291111946105957,4.291111946105957,0.3963336944580078,0.3963336944580078,0.3963336944580078,0.2268986701965332,0.2268986701965332
sub001-ses04-block2-game2_001::b0041,test/sub001/ses-04/sub001-ses04-block2-game2_001.npy,sub001,2,2,26,0,Short,0.7877284174558729,0.7877284174558729,0.8965391223441301,0.8965391223441301,0.8965391223441301,0.5400429215920292,0.5400429215920292,0.35651475362413854,0.35651475362413854,0.35651475362413854,3.4993374347686768,3.4993374347686768,4.457738876342773,4.457738876342773,4.457738876342773,0.0,0.0,0.3495903015136719,0.3495903015136719,0.3495903015136719
sub001-ses04-block2-game2_001::b0042,test/sub001/ses-04/sub001-ses04-block2-game2_001.npy,sub001,2,3,26,0,Short,0.8483786448200454,0.8483786448200454,0.974120781360109,0.9820760291866294,0.9820760291866294,0.5349965593541247,0.5349965593541247,0.33861444105882116,0.40730915173826493,0.40730915173826493,0.0,0.0,0.0,0.0,0.0,0.0,0.0,0.0,0.0,0.0
sub001-ses04-block2-game2_001::b0043,test/sub001/ses-04/sub001-ses04-block2-game2_001.npy,sub001,2,2,26,0,Short,1.0238421031819893,1.0238421031819893,1.0238421031819893,1.0552557186861422,1.0552557186861422,0.4127333542741709,0.4127333542741709,0.4127333542741709,0.4620204123017636,0.4620204123017636,4.430335521697998,4.430335521697998,4.430335521697998,4.201165676116943,4.201165676116943,0.5690822601318359,0.5690822601318359,0.5690822601318359,0.17577791213989258,0.17577791213989258
sub001-ses04-block2-game2_001::b0044,test/sub001/ses-04/sub001-ses04-block2-game2_001.npy,sub001,2,19,26,0,Short,0.9310137368446585,1.3186027330858077,1.105244169111793,1.057081581023973,1.1472190406735279,0.42992734330690763,0.23073042100948482,0.3614824894026404,0.36241367281595155,0.4095760223957103,4.450222969055176,3.7039082050323486,3.4426867961883545,3.924377918243408,4.3001227378845215,0.0,0.0,0.0,0.0,0.12413549423217773
sub001-ses04-block2-game2_001::b0045,test/sub001/ses-04/sub001-ses04-block2-game2_001.npy,sub001,2,18,26,0,Short,0.7980809607152807,0.984656047192941,0.9727704227487654,0.9553394714516233,0.9407051746328637,0.5361151779770686,0.35846429172987976,0.4560373966027799,0.5460217978732818,0.5151103047795669,0.36681437492370605,0.0,4.119330406188965,0.11410903930664062,0.0,0.3277864456176758,0.0,0.38954734802246094,0.7453622817993164,0.0
sub001-ses04-block2-game2_001::b0046,test/sub001/ses-04/sub001-ses04-block2-game2_001.npy,sub001,2,16,26,0,Short,1.0053723486400519,1.184971431785295,0.8922343088451757,0.8288747603125719,0.9544078662536275,0.39134957640727486,0.21477609327776231,0.5418915607066457,0.5335265168963051,0.4750028427961952,0.0,0.0,0.0,0.25528740882873535,0.3373568058013916,0.0,0.0,0.0,0.0,0.0
sub001-ses04-block2-game2_001::b0047,test/sub001/ses-04/sub001-ses04-block2-game2_001.npy,sub001,2,21,26,0,Short,0.37973396939491366,0.8746691667820077,0.8043715768372741,1.0081637179619036,0.9579389813774949,0.8515156518874955,0.5473025617501746,0.6335636538940697,0.4464609165483706,0.46322088456420496,0.007901191711425781,0.0,0.0,3.5902273654937744,0.0,0.0,0.0,0.0,0.3516659736633301,0.0
sub001-ses04-block2-game2_001::b0048,test/sub001/ses-04/sub001-ses04-block2-game2_001.npy,sub001,2,5,26,0,Short,0.6210054906504285,0.7968811548401706,0.7427972487536891,0.7115151453692388,0.7944896086196171,0.6773503683271221,0.6795551951171375,0.6962161635268531,0.726700755997796,0.6717742350387165,0.11885309219360352,3.2111477851867676,0.11506819725036621,0.0,0.0,0.2951078414916992,0.0,0.2472543716430664,0.0,0.0
sub001-ses04-block2-game2_001::b0049,test/sub001/ses-04/sub001-ses04-block2-game2_001.npy,sub001,2,4,26,0,Short,0.871787738767761,1.211895271339613,0.7736982195494845,0.7736982195494845,0.9701891626315231,0.4930622749352733,0.32858596261435613,0.5267035516131238,0.5267035516131238,0.3542436341095824,0.2383275032043457,0.0,3.9727656841278076,3.9727656841278076,3.3488543033599854,0.10981130599975586,0.0,0.0,0.0,0.0
sub001-ses04-block2-game2_001::b0050,test/sub001/ses-04/sub001-ses04-block2-game2_001.npy,sub001,2,4,26,0,Short,0.92060030419788,0.8784765042382596,1.1596000156682413,1.1596000156682413,0.9577419429728263,0.42391673692314213,0.3501460112983463,0.21628891578208154,0.21628891578208154,0.3047273731826999,0.0,0.0,0.0,0.0,0.0,0.0,0.0,0.0,0.0,0.0
sub001-ses04-block2-game2_001::b0051,test/sub001/ses-04/sub001-ses04-block2-game2_001.npy,sub001,2,5,26,0,Short,0.9341972922304193,0.873098163479595,1.0691082721186682,0.9320019818899071,0.8434097278548306,0.4693151806884502,0.4193032718921242,0.4124545008649084,0.31063888077086643,0.4777557139833788,0.0,0.0,4.824454307556152,0.28508663177490234,5.038145542144775,0.0,0.0,0.16280698776245117,0.6587576866149902,0.20621728897094727
sub001-ses04-block2-game2_001::b0052,test/sub001/ses-04/sub001-ses04-block2-game2_001.npy,sub001,2,3,26,0,Short,0.8633351800253052,1.0238269447661872,1.0238269447661872,1.0238269447661872,0.8728491282593167,0.5279769083504208,0.29043114709481815,0.29043114709481815,0.29043114709481815,0.39171283466424595,0.0,0.24584579467773438,0.24584579467773438,0.24584579467773438,0.0,0.0,0.7640814781188965,0.7640814781188965,0.7640814781188965,0.0
sub001-ses04-block2-game2_001::b0053,test/sub001/ses-04/sub001-ses04-block2-game2_001.npy,sub001,2,5,26,0,Short,1.1175164183547912,0.8929769971937014,0.9929607930601394,0.8697736982224227,1.026497303477059,0.2034093773486505,0.48792425781815457,0.37948675266200393,0.4923113865849075,0.36401806780685375,0.20949029922485352,0.42646360397338867,0.07389259338378906,0.46973514556884766,0.027190685272216797,1.0118951797485352,0.592214822769165,0.13870859146118164,0.7966229915618896,1.0313498973846436
sub001-ses04-block2-game2_001::b0054,test/sub001/ses-04/sub001-ses04-block2-game2_001.npy,sub001,2,2,26,0,Short,0.6959247769603168,0.6959247769603168,0.6959247769603168,1.0951578083667324,1.0951578083667324,0.6101468349832095,0.6101468349832095,0.6101468349832095,0.2110156849645276,0.2110156849645276,4.693853378295898,4.693853378295898,4.693853378295898,5.455417156219482,5.455417156219482,0.328336238861084,0.328336238861084,0.328336238861084,0.27617359161376953,0.27617359161376953
sub001-ses04-block2-game2_001::b0055,test/sub001/ses-04/sub001-ses04-block2-game2_001.npy,sub001,2,3,26,0,Short,0.9657214494783918,1.021646603455461,1.021646603455461,1.021646603455461,1.009312110798024,0.4864613937767526,0.1337277311494539,0.1337277311494539,0.1337277311494539,0.2306403518585416,0.0,0.020714282989501953,0.020714282989501953,0.020714282989501953,4.376533508300781,0.0,0.22501039505004883,0.22501039505004883,0.22501039505004883,0.0
sub001-ses04-block2-game2_001::b0056,test/sub001/ses-04/sub001-ses04-block2-game2_001.npy,sub001,2,2,26,0,Short,1.0735806108825985,1.0735806108825985,1.0735806108825985,1.0941464941206882,1.0941464941206882,0.2125746306063126,0.2125746306063126,0.2125746306063126,0.31637433695413747,0.31637433695413747,0.0,0.0,0.0,0.0,0.0,0.0,0.0,0.0,0.0,0.0
sub001-ses04-block2-game2_001::b0057,test/sub001/ses-04/sub001-ses04-block2-game2_001.npy,sub001,2,3,26,0,Short,0.6247959044396856,0.8138881128870756,0.8138881128870756,0.8138881128870756,0.9070148836897951,0.6987698383057438,0.6470613832761036,0.6470613832761036,0.6470613832761036,0.562375690304861,0.0315089225769043,3.7573025226593018,3.7573025226593018,3.7573025226593018,4.121554374694824,0.9089913368225098,0.0,0.0,0.0,0.6861884593963623
sub001-ses04-block2-game2_001::b0058,test/sub001/ses-04/sub001-ses04-block2-game2_001.npy,sub001,2,6,26,0,Short,0.9451649402849598,1.0758422445031015,1.0318557376438702,1.0251656131882776,0.9926236812280901,0.461603095085122,0.04475995784464232,0.030162157134210832,0.0036010836857383044,0.2151200730665791,3.699678659439087,0.0,3.736346483230591,3.207259178161621,0.1182098388671875,0.35839080810546875,0.0,0.1035764217376709,0.0,0.0
sub001-ses04-block2-game2_001::b0059,test/sub001/ses-04/sub001-ses04-block2-game2_001.npy,sub001,2,2,26,0,Short,0.761830933323872,0.761830933323872,0.761830933323872,1.0443814861704674,1.0443814861704674,0.5823052781888428,0.5823052781888428,0.5823052781888428,0.09109660093412081,0.09109660093412081,4.027658939361572,4.027658939361572,4.027658939361572,0.0,0.0,0.0,0.0,0.0,0.0,0.0
sub001-ses04-block2-game2_001::b0060,test/sub001/ses-04/sub001-ses04-block2-game2_001.npy,sub001,2,3,26,0,Short,0.8181725586603446,0.8181725586603446,1.0708312967874483,1.1032688496010936,1.1032688496010936,0.5214269727464103,0.5214269727464103,0.23583654848434393,0.14208574861435352,0.14208574861435352,0.0,0.0,0.0,0.11684846878051758,0.11684846878051758,0.0,0.0,0.0,0.0,0.0
sub001-ses04-block2-game2_001::b0061,test/sub001/ses-04/sub001-ses04-block2-game2_001.npy,sub001,2,3,26,0,Short,0.844270186848607,1.0361508598103635,1.0361508598103635,1.0361508598103635,0.9110211219037686,0.49908052812913417,0.05449521603293883,0.05449521603293883,0.05449521603293883,0.33302170070330694,0.0402064323425293,0.0780646800994873,0.0780646800994873,0.0780646800994873,4.0865397453308105,0.0,0.0,0.0,0.0,0.793633222579956
sub001-ses04-block2-game2_001::b0062,test/sub001/ses-04/sub001-ses04-block2-game2_001.npy,sub001,2,4,26,0,Short,0.7838346922627069,1.1078815042871069,0.8888110715774937,0.8888110715774937,1.1081767431774092,0.5366525441075294,0.2789083280881486,0.2793516332292486,0.2793516332292486,0.1053483695529514,4.041744709014893,3.8145527839660645,0.0,0.0,4.031070709228516,0.8158044815063477,0.0,0.0,0.0,0.17113304138183594
sub001-ses04-block2-game2_001::b0063,test/sub001/ses-04/sub001-ses04-block2-game2_001.npy,sub001,2,2,26,0,Short,0.8370440231588734,0.8370440231588734,0.8370440231588734,1.2555630861395746,1.2555630861395746,0.5235722324987491,0.5235722324987491,0.5235722324987491,0.07476815873152254,0.07476815873152254,3.122713088989258,3.122713088989258,3.122713088989258,0.0,0.0,0.0,0.0,0.0,0.0,0.0
sub001-ses04-block2-game2_001::b0064,test/sub001/ses-04/sub001-ses04-block2-game2_001.npy,sub001,2,2,26,0,Short,0.8012317672310881,0.8012317672310881,1.1383756978579946,1.1383756978579946,1.1383756978579946,0.5473450800447156,0.5473450800447156,0.2929055212399316,0.2929055212399316,0.2929055212399316,3.634009838104248,3.634009838104248,0.0,0.0,0.0,0.09159064292907715,0.09159064292907715,0.0,0.0,0.0
sub001-ses04-block2-game2_001::b0065,test/sub001/ses-04/sub001-ses04-block2-game2_001.npy,sub001,2,2,26,0,Short,0.9277165113939155,0.9277165113939155,0.9277165113939155,1.1322221792720215,1.1322221792720215,0.45699795186737424,0.45699795186737424,0.45699795186737424,0.1301979007734379,0.1301979007734379,0.0,0.0,0.0,0.0,0.0,0.0,0.0,0.0,0.0,0.0
sub001-ses04-block2-game2_001::b0066,test/sub001/ses-04/sub001-ses04-block2-game2_001.npy,sub001,2,2,26,0,Short,0.8886479158179424,0.8886479158179424,0.8886479158179424,1.2683616965653264,1.2683616965653264,0.4740325755198305,0.4740325755198305,0.4740325755198305,0.20360833878662765,0.20360833878662765,0.0,0.0,0.0,3.6489789485931396,3.6489789485931396,0.0,0.0,0.0,0.6636524200439453,0.6636524200439453
sub001-ses04-block2-game2_001::b0067,test/sub001/ses-04/sub001-ses04-block2-game2_001.npy,sub001,2,2,26,0,Short,0.9698183449870765,0.9698183449870765,0.9698183449870765,1.2220281041897796,1.2220281041897796,0.44610673233478493,0.44610673233478493,0.44610673233478493,0.3140093326171246,0.3140093326171246,0.0,0.0,0.0,0.0,0.0,0.0,0.0,0.0,0.0,0.0
sub001-ses04-block2-game2_001::b0068,test/sub001/ses-04/sub001-ses04-block2-game2_001.npy,sub001,2,5,26,0,Short,0.9735952216997896,0.8968029363783695,1.2015025041042613,1.0177576262957342,1.1931614363730985,0.4466334591089791,0.4686362270536931,0.23844219297936953,0.37578480031034056,0.25452888091362913,0.2252950668334961,0.002994060516357422,3.692397117614746,3.57026743888855,0.4761388301849365,0.0,0.7744901180267334,0.2829899787902832,0.6993589401245117,0.0
sub001-ses04-block2-game2_001::b0069,test/sub001/ses-04/sub001-ses04-block2-game2_001.npy,sub001,2,2,26,0,Short,1.0989540064980226,1.0989540064980226,1.0989540064980226,0.9586800596191419,0.9586800596191419,0.3565473063536007,0.3565473063536007,0.3565473063536007,0.4693884038761643,0.4693884038761643,0.07790446281433105,0.07790446281433105,0.07790446281433105,0.08545207977294922,0.08545207977294922,0.0,0.0,0.0,0.41338253021240234,0.41338253021240234
sub001-ses04-block2-game2_001::b0070,test/sub001/ses-04/sub001-ses04-block2-game2_001.npy,sub001,2,4,26,0,Short,1.0249658913129214,1.172549461774588,1.172549461774588,0.9720195323136192,1.0657271045310024,0.40908234394529164,0.3018999569177881,0.3018999569177881,0.5535843040651803,0.48649980812658583,0.0,2.7952542304992676,2.7952542304992676,2.562549352645874,0.0,0.0,0.04538393020629883,0.04538393020629883,0.0,0.0
sub001-ses04-block2-game2_001::b0071,test/sub001/ses-04/sub001-ses04-block2-game2_001.npy,sub001,2,3,26,0,Short,0.9535154629436282,0.9535154629436282,0.947076126891848,1.0036959899498805,1.0036959899498805,0.44587361801592507,0.44587361801592507,0.4951083507321778,0.44757627044531334,0.44757627044531334,3.6001980304718018,3.6001980304718018,0.0,3.1429896354675293,3.1429896354675293,1.2494101524353027,1.2494101524353027,0.0,0.4185628890991211,0.4185628890991211
sub001-ses04-block2-game2_001::b0072,test/sub001/ses-04/sub001-ses04-block2-game2_001.npy,sub001,2,5,26,0,Short,0.5634745249885698,0.9157453480394444,1.0319895172074838,0.7432559804125982,0.8001290697362359,0.7677612138043608,0.5001470275265336,0.3847883987042132,0.6319571852407788,0.6204391627531456,0.0,0.47193217277526855,0.344879150390625,0.0,0.0,0.0,1.0320591926574707,0.24544692039489746,0.0,0.0
sub001-ses04-block2-game2_001::b0073,test/sub001/ses-04/sub001-ses04-block2-game2_001.npy,sub001,2,2,26,0,Short,0.9539850363724266,0.9539850363724266,0.9943625556176875,0.9943625556176875,0.9943625556176875,0.44410248271717634,0.44410248271717634,0.4794323898580088,0.4794323898580088,0.4794323898580088,0.0,0.0,3.2635128498077393,3.2635128498077393,3.2635128498077393,0.0,0.0,0.02272963523864746,0.02272963523864746,0.02272963523864746
sub001-ses04-block2-game2_001::b0074,test/sub001/ses-04/sub001-ses04-block2-game2_001.npy,sub001,2,3,26,0,Short,1.003227033173281,0.9734532440840493,0.9734532440840493,0.9734532440840493,0.8224384788307583,0.378348766843483,0.51733233534427,0.51733233534427,0.51733233534427,0.6264656894613811,0.08546853065490723,3.291449785232544,3.291449785232544,3.291449785232544,3.3821990489959717,0.0,0.0,0.0,0.0,0.0
sub001-ses04-block2-game2_001::b0075,test/sub001/ses-04/sub001-ses04-block2-game2_001.npy,sub001,2,3,26,0,Short,0.9026658691799025,0.9026658691799025,0.9996653085145398,1.037013392761132,1.037013392761132,0.47860392219739695,0.47860392219739695,0.46983945581733144,0.45564189452933196,0.45564189452933196,0.6660780906677246,0.6660780906677246,0.0,3.8100109100341797,3.8100109100341797,0.7660939693450928,0.7660939693450928,0.0,0.552558422088623,0.552558422088623
sub001-ses04-block2-game2_001::b0076,test/sub001/ses-04/sub001-ses04-block2-game2_001.npy,sub001,2,12,26,0,Short,1.023226364809234,1.0049637256644461,0.9813586643396741,1.0518321609162105,1.0611180653012473,0.3789461670025803,0.5044462620008968,0.45066120243431457,0.35430641457545553,0.36366319640710487,0.0469210147857666,0.14345812797546387,3.5328094959259033,3.4885942935943604,0.0,0.3727762699127197,0.0,0.21170997619628906,0.16717767715454102,0.0
sub001-ses04-block2-game2_001::b0077,test/sub001/ses-04/sub001-ses04-block2-game2_001.npy,sub001,2,8,26,0,Short,0.5078113422244283,0.8939470617647332,0.7765848695837237,0.8435836433263174,0.6873323714964455,0.7997484414409491,0.4918419986742882,0.5947485503142345,0.5492336567097451,0.6852905370318101,3.7806601524353027,4.231430530548096,3.9403467178344727,3.65828013420105,0.12996482849121094,0.12160992622375488,0.7175533771514893,0.5034530162811279,0.0,0.007077693939208984
sub001-ses04-block2-game2_001::b0078,test/sub001/ses-04/sub001-ses04-block2-game2_001.npy,sub001,2,16,26,0,Short,0.8275856388845203,1.0138545547792335,1.0071544230960234,0.8012730214926755,0.8918861114354376,0.46529413679397713,0.49085242626632286,0.3853573153471861,0.5575490006163135,0.39877765794053394,0.1605818271636963,0.0,4.285666465759277,3.8703339099884033,0.0,0.47294020652770996,0.0,0.9449455738067627,0.4478034973144531,0.0
sub001-ses04-block2-game2_001::b0079,test/sub001/ses-04/sub001-ses04-block2-game2_001.npy,sub001,2,37,26,1,Long,0.7686428932190292,0.94890438973667,1.28433033909229,0.8887027377128917,0.8624598763835197,0.5458056038456174,0.48120302934292425,0.1571107659604174,0.5088662503364744,0.5775556288049772,0.2816300392150879,0.0,3.8569369316101074,0.022899150848388672,3.1942830085754395,0.2104177474975586,0.0,0.6000335216522217,0.0,0.4594719409942627
sub001-ses04-block2-game2_001::b0080,test/sub001/ses-04/sub001-ses04-block2-game2_001.npy,sub001,2,5,26,0,Short,1.0801229402667538,0.9530513115806302,1.0160432125142542,0.8797188636701567,0.8925025855037545,0.29167051203487543,0.5591205969106952,0.5559803079767773,0.6094702281666644,0.6128833735761188,0.0,0.0,3.35072660446167,3.702549934387207,0.0,0.0,0.0,0.0,0.14488959312438965,0.0
sub001-ses04-block2-game2_001::b0081,test/sub001/ses-04/sub001-ses04-block2-game2_001.npy,sub001,2,3,26,0,Short,0.9766427134913254,0.9766427134913254,0.7728657360311795,0.9795132018488937,0.9795132018488937,0.4757193016436244,0.4757193016436244,0.6727716451657327,0.5442800070281071,0.5442800070281071,3.390094518661499,3.390094518661499,0.03919243812561035,0.0,0.0,0.03903627395629883,0.03903627395629883,0.0,0.0,0.0
sub001-ses04-block2-game2_001::b0082,test/sub001/ses-04/sub001-ses04-block2-game2_001.npy,sub001,2,2,26,0,Short,0.960737296651757,0.960737296651757,0.960737296651757,0.8796252775499278,0.8796252775499278,0.4489606568473459,0.4489606568473459,0.4489606568473459,0.5561066786399746,0.5561066786399746,3.354513168334961,3.354513168334961,3.354513168334961,3.5516064167022705,3.5516064167022705,0.0,0.0,0.0,0.19130349159240723,0.19130349159240723
sub001-ses04-block2-game2_001::b0083,test/sub001/ses-04/sub001-ses04-block2-game2_001.npy,sub001,2,2,26,0,Short,0.9940586930059353,0.9940586930059353,0.9940586930059353,0.9132408006452282,0.9132408006452282,0.43513662454940516,0.43513662454940516,0.43513662454940516,0.5819805102518514,0.5819805102518514,0.0,0.0,0.0,0.0,0.0,0.0,0.0,0.0,0.0,0.0
sub001-ses04-block2-game2_001::b0084,test/sub001/ses-04/sub001-ses04-block2-game2_001.npy,sub001,2,2,26,0,Short,0.9886175231867894,0.9886175231867894,0.9886175231867894,0.8263209943191663,0.8263209943191663,0.437660019780458,0.437660019780458,0.437660019780458,0.6234077044511273,0.6234077044511273,3.208908796310425,3.208908796310425,3.208908796310425,3.378495931625366,3.378495931625366,0.0,0.0,0.0,0.0,0.0
sub001-ses04-block2-game2_001::b0086,test/sub001/ses-04/sub001-ses04-block2-game2_001.npy,sub001,2,2,26,0,Short,0.8387819852561469,0.8387819852561469,0.8387819852561469,0.9097872496791142,0.9097872496791142,0.5217754874605804,0.5217754874605804,0.5217754874605804,0.42639745694159514,0.42639745694159514,4.235342025756836,4.235342025756836,4.235342025756836,4.182588577270508,4.182588577270508,0.3718130588531494,0.3718130588531494,0.3718130588531494,0.2210216522216797,0.2210216522216797
sub001-ses04-block2-game2_001::b0087,test/sub001/ses-04/sub001-ses04-block2-game2_001.npy,sub001,2,2,26,0,Short,0.8327460382483766,0.8327460382483766,1.0025824779122845,1.0025824779122845,1.0025824779122845,0.4890942677642762,0.4890942677642762,0.36479782272624045,0.36479782272624045,0.36479782272624045,0.21297359466552734,0.21297359466552734,0.3901331424713135,0.3901331424713135,0.3901331424713135,0.38799333572387695,0.38799333572387695,0.4976692199707031,0.4976692199707031,0.4976692199707031
sub001-ses04-block2-game2_001::b0089,test/sub001/ses-04/sub001-ses04-block2-game2_001.npy,sub001,2,5,26,0,Short,0.9859925732346683,0.7541111296843641,0.8731039060850273,0.8505130383226276,0.7538388931633107,0.4399713290413032,0.5716313673843022,0.5005318042739457,0.5315953346051622,0.6343729910497572,3.903557777404785,0.013138294219970703,3.9536707401275635,0.12031173706054688,3.92154860496521,0.12664508819580078,0.39693641662597656,0.22653913497924805,0.49565982818603516,0.1026754379272461
sub001-ses04-block2-game2_001::b0090,test/sub001/ses-04/sub001-ses04-block2-game2_001.npy,sub001,2,6,26,0,Short,0.8945220549409532,0.9453120237613641,0.9322069037514803,0.9614722157681285,1.1240355093298806,0.5006020224761425,0.3985947788144679,0.44347709189408757,0.45106624105318904,0.23239883024978308,0.20399761199951172,0.008764266967773438,0.0,0.0,0.0,0.09340763092041016,0.9985685348510742,0.0,0.0,0.0
sub001-ses04-block2-game2_001::b0091,test/sub001/ses-04/sub001-ses04-block2-game2_001.npy,sub001,2,4,26,0,Short,0.8038695643864882,1.003827775099057,1.003827775099057,1.063812501326329,0.9321652973138758,0.5468899533320226,0.345002591164068,0.345002591164068,0.38101468099625535,0.44375688379222233,0.2790532112121582,0.0,0.0,4.4067254066467285,0.0,0.8514595031738281,0.0,0.0,0.3134956359863281,0.0
sub001-ses04-block2-game2_001::b0092,test/sub001/ses-04/sub001-ses04-block2-game2_001.npy,sub001,2,2,26,0,Short,0.783706756719636,0.783706756719636,0.783706756719636,0.9945021492351096,0.9945021492351096,0.4864276680375532,0.4864276680375532,0.4864276680375532,0.28286877513281516,0.28286877513281516,3.903193473815918,3.903193473815918,3.903193473815918,3.5136866569519043,3.5136866569519043,0.006383657455444336,0.006383657455444336,0.006383657455444336,0.0,0.0
sub001-ses04-block2-game2_001::b0093,test/sub001/ses-04/sub001-ses04-block2-game2_001.npy,sub001,2,3,26,0,Short,0.9777382443147347,0.8816643700209482,0.8816643700209482,0.8816643700209482,1.039399781858801,0.4487783129480514,0.5241240260949611,0.5241240260949611,0.5241240260949611,0.26082337938885974,0.0,0.25896191596984863,0.25896191596984863,0.25896191596984863,0.1973881721496582,0.0,0.6470699310302734,0.6470699310302734,0.6470699310302734,0.008658170700073242
sub001-ses04-block2-game2_001::b0094,test/sub001/ses-04/sub001-ses04-block2-game2_001.npy,sub001,2,3,26,0,Short,0.9375690077981502,0.8099346772382283,0.8099346772382283,0.8099346772382283,1.0475637519657337,0.47926322600419713,0.5464680481642261,0.5464680481642261,0.5464680481642261,0.4546813914015504,4.252885341644287,0.0,0.0,0.0,0.7817893028259277,0.6869397163391113,0.0,0.0,0.0,1.3172121047973633
sub001-ses04-block2-game2_001::b0095,test/sub001/ses-04/sub001-ses04-block2-game2_001.npy,sub001,2,2,26,0,Short,0.9424243881276074,0.9424243881276074,1.0616248598093156,1.0616248598093156,1.0616248598093156,0.5032502952455372,0.5032502952455372,0.2502654164089315,0.2502654164089315,0.2502654164089315,0.28096771240234375,0.28096771240234375,4.834828853607178,4.834828853607178,4.834828853607178,1.344681978225708,1.344681978225708,0.7893919944763184,0.7893919944763184,0.7893919944763184
sub001-ses04-block2-game2_001::b0096,test/sub001/ses-04/sub001-ses04-block2-game2_001.npy,sub001,2,4,26,0,Short,0.9567809598385075,1.282185973286854,0.8814112933490744,0.8814112933490744,0.9785919830702753,0.4643512668684326,0.34731743552451766,0.49239255334127663,0.49239255334127663,0.4994940195354155,0.4606740474700928,4.235439777374268,0.15322184562683105,0.15322184562683105,4.120042324066162,0.29042625427246094,0.6260480880737305,0.8327236175537109,0.8327236175537109,0.4278442859649658
sub001-ses04-block2-game2_001::b0097,test/sub001/ses-04/sub001-ses04-block2-game2_001.npy,sub001,2,2,26,0,Short,0.8478005058617689,0.8478005058617689,0.8478005058617689,1.0824925976491806,1.0824925976491806,0.49720850703661396,0.49720850703661396,0.49720850703661396,0.4962806392629534,0.4962806392629534,3.8175573348999023,3.8175573348999023,3.8175573348999023,0.0,0.0,0.0,0.0,0.0,0.0,0.0
sub001-ses04-block2-game2_001::b0098,test/sub001/ses-04/sub001-ses04-block2-game2_001.npy,sub001,2,8,26,0,Short,0.86733784870895,0.7747265548834599,0.9907413900633979,0.9536782313034852,0.8611152374798572,0.48018956325379114,0.5855436285631247,0.39961350938380186,0.5437044992076709,0.5468702812958871,3.6043612957000732,0.0,0.0,4.064637184143066,3.6021504402160645,0.06421709060668945,0.0,0.0,0.694343090057373,0.05598187446594238
sub001-ses04-block2-game2_001::b0099,test/sub001/ses-04/sub001-ses04-block2-game2_001.npy,sub001,2,11,26,0,Short,0.5827482356799393,1.0124706862987394,0.9852136935246656,0.9607347856064723,0.9389668130526251,0.7396698379145332,0.3172857397787525,0.29534291115424155,0.28714481973544087,0.34685684098420744,0.6343231201171875,0.36056089401245117,0.0,4.166938304901123,4.567358016967773,0.3194108009338379,0.36110401153564453,0.0,0.0,0.20844650268554688
sub001-ses04-block2-game2_001::b0100,test/sub001/ses-04/sub001-ses04-block2-game2_001.npy,sub001,2,4,26,0,Short,0.8216319804307263,1.0134671076441029,1.108711554220951,1.108711554220951,1.0637317000575854,0.526407371280259,0.265949258248162,0.28442494456035844,0.28442494456035844,0.034148363137445736,0.27377748489379883,0.0,4.027399063110352,4.027399063110352,4.7238922119140625,0.0,0.0,0.0,0.0,0.8211250305175781
sub001-ses04-block2-game2_001::b0102,test/sub001/ses-04/sub001-ses04-block2-game2_001.npy,sub001,2,7,26,0,Short,0.9397640916126023,0.9557110471640421,1.0708737662885799,1.022501707667973,1.1016274770420889,0.39838669479406974,0.32693260606258273,0.24459069694283758,0.16664359878003854,0.2698994997558263,4.1426167488098145,4.573451995849609,3.7278506755828857,4.304389953613281,4.352916240692139,0.2553272247314453,0.6138157844543457,0.0,0.4871361255645752,0.7408149242401123
sub001-ses04-block2-game2_001::b0103,test/sub001/ses-04/sub001-ses04-block2-game2_001.npy,sub001,2,19,26,0,Short,0.7574321758971103,1.0332650141671798,1.0234174267411604,1.0160472555861793,0.8500363068595775,0.6553767604685643,0.34442553394184144,0.16953699070062955,0.34838392528439394,0.49777669361981064,0.0,3.9124162197113037,0.0,3.6099345684051514,0.0,0.0,0.3578219413757324,0.0,0.0,0.0
sub001-ses04-block2-game2_001::b0104,test/sub001/ses-04/sub001-ses04-block2-game2_001.npy,sub001,2,10,26,0,Short,1.0548901637433212,1.1903100585279438,1.231310115836283,1.0975984149847615,1.0840499148679859,0.3602735028423755,0.2039341997200323,0.24499533996115813,0.19493491480992264,0.18704644539912435,3.8540115356445312,0.0984029769897461,3.8223681449890137,3.809342861175537,4.1076130867004395,0.0,0.2143411636352539,0.0,0.0,0.3053092956542969
sub001-ses04-block2-game2_001::b0105,test/sub001/ses-04/sub001-ses04-block2-game2_001.npy,sub001,2,2,26,0,Short,1.0316394870461834,1.0316394870461834,1.0316394870461834,1.082531472524175,1.082531472524175,0.3425922587426206,0.3425922587426206,0.3425922587426206,0.22534826174707007,0.22534826174707007,3.736943244934082,3.736943244934082,3.736943244934082,4.117404460906982,4.117404460906982,0.44572019577026367,0.44572019577026367,0.44572019577026367,0.1881866455078125,0.1881866455078125
sub001-ses04-block2-game2_001::b0106,test/sub001/ses-04/sub001-ses04-block2-game2_001.npy,sub001,2,3,26,0,Short,0.9631058247649591,0.9631058247649591,1.1067097241835466,1.1998653431486295,1.1998653431486295,0.48775584545428974,0.48775584545428974,0.26782925248207745,0.09692853577714428,0.09692853577714428,0.03555464744567871,0.03555464744567871,4.151569366455078,0.0,0.0,0.0,0.0,0.24991369247436523,0.0,0.0
sub001-ses04-block2-game2_001::b0107,test/sub001/ses-04/sub001-ses04-block2-game2_001.npy,sub001,2,12,26,0,Short,0.9031573657404013,0.9892952972337112,1.0584158905409546,0.9742520655762723,1.3340251023694312,0.4874724464725084,0.15308700886431292,0.3890303461399836,0.3228630488719428,0.13552163591425193,0.3120543956756592,0.030655860900878906,0.0,3.656696081161499,0.0,0.0,0.161895751953125,0.0,0.11237978935241699,0.0
sub001-ses04-block2-game2_001::b0108,test/sub001/ses-04/sub001-ses04-block2-game2_001.npy,sub001,2,14,26,0,Short,0.797138732813972,0.9713771996586359,0.934141032823088,0.9625787801666554,0.8904865858852208,0.5904113715369723,0.47377040400487924,0.4745556652001881,0.46021452349778585,0.5070084013618724,0.0,0.0,0.12433838844299316,0.0,3.310086727142334,0.0,0.0,0.4279515743255615,0.0,0.0
sub001-ses04-block2-game2_001::b0109,test/sub001/ses-04/sub001-ses04-block2-game2_001.npy,sub001,2,8,26,0,Short,0.9234118368246629,0.9780976259026698,0.9961371306726867,1.0048815163877198,0.924045896571351,0.46087646123860293,0.38890799751859867,0.2990077589247534,0.4132939179141529,0.4092748077199789,0.0,3.3776729106903076,3.322711944580078,3.532949209213257,0.0,0.0,0.16155266761779785,0.0,0.0,0.0
sub001-ses04-block2-game2_001::b0110,test/sub001/ses-04/sub001-ses04-block2-game2_001.npy,sub001,2,39,26,1,Long,0.6547512497284298,0.9857487232459385,0.8428926371251799,0.8784107950208825,0.9611224891547282,0.7068473550837588,0.44307993760090086,0.5940343381384267,0.5639811281760148,0.5110243554449412,0.0,0.0,0.17732954025268555,0.0,0.0,0.0,0.0,0.6767032146453857,0.0,0.0
sub001-ses04-block2-game2_001::b0111,test/sub001/ses-04/sub001-ses04-block2-game2_001.npy,sub001,2,13,26,0,Short,1.3270974323381861,0.9307788233970022,0.9054458825280722,0.9605487829435246,1.0076737097801325,0.065535482490161,0.5010667199979005,0.4572957816502592,0.5308019961191539,0.35314362594047405,0.0,0.0,0.0,0.026877641677856445,0.0,0.0,0.0,0.0,0.0,0.0
sub001-ses04-block2-game2_001::b0112,test/sub001/ses-04/sub001-ses04-block2-game2_001.npy,sub001,2,5,26,0,Short,1.227867520180026,0.9866349846748801,1.0179502530275526,1.0338829549034316,0.9831455218535462,0.014223028454349917,0.5043200247730293,0.47456162109663735,0.4397678543765369,0.49089487459266523,0.0,2.5725951194763184,2.8535268306732178,0.0,2.7123594284057617,0.0,0.11319708824157715,0.13288092613220215,0.0,0.0
sub001-ses04-block2-game2_001::b0113,test/sub001/ses-04/sub001-ses04-block2-game2_001.npy,sub001,2,8,26,0,Short,0.9282463336518088,1.1552826258235545,1.0496850559862356,1.1785919913108958,1.0359039536007388,0.4998182243610713,0.1745995164552852,0.3914868301248027,0.3092718647107927,0.39054568407981666,2.9334397315979004,3.3419606685638428,0.27112627029418945,3.5875587463378906,0.0,0.3052487373352051,0.4440193176269531,0.3578953742980957,0.40875935554504395,0.0
sub001-ses04-block2-game2_001::b0114,test/sub001/ses-04/sub001-ses04-block2-game2_001.npy,sub001,2,25,26,0,Short,1.1518028946523664,1.1649988777519955,1.1991638879821576,1.2021570583806875,1.2737461216616377,0.33334464950949616,0.03205170055746309,0.14215195301473427,0.20684382586751748,0.04321732498031161,0.0,2.4755144119262695,0.032602787017822266,0.18588733673095703,0.0,0.0,0.0,0.16403841972351074,0.16685700416564941,0.0
sub001-ses04-block2-game2_001::b0115,test/sub001/ses-04/sub001-ses04-block2-game2_001.npy,sub001,2,31,26,1,Long,0.5113084965486686,1.2631908312932048,1.2564385986359836,1.037434908296553,1.1865316125761762,0.7912422784237634,0.146677419065062,0.18050311502245325,0.3556995880373895,0.19558170947580145,0.0,0.0,2.690722703933716,2.935880422592163,0.0,0.0,0.0,0.0,0.2641632556915283,0.0
sub001-ses04-block2-game2_001::b0116,test/sub001/ses-04/sub001-ses04-block2-game2_001.npy,sub001,2,3,26,0,Short,0.9430714526606636,1.1048913592870602,1.1048913592870602,1.1048913592870602,1.1361264783209093,0.4161708901413781,0.24580594561612595,0.24580594561612595,0.24580594561612595,0.14738565665526993,3.2567546367645264,2.61215877532959,2.61215877532959,2.61215877532959,2.6678600311279297,0.6418266296386719,0.0,0.0,0.0,0.03325033187866211
sub001-ses04-block2-game2_001::b0117,test/sub001/ses-04/sub001-ses04-block2-game2_001.npy,sub001,2,2,26,0,Short,0.9766140828016167,0.9766140828016167,0.9766140828016167,1.1390127046594434,1.1390127046594434,0.47662847380192286,0.47662847380192286,0.47662847380192286,0.26436512088831376,0.26436512088831376,0.0,0.0,0.0,0.16720128059387207,0.16720128059387207,0.0,0.0,0.0,0.6429166793823242,0.6429166793823242
sub001-ses04-block2-game2_001::b0118,test/sub001/ses-04/sub001-ses04-block2-game2_001.npy,sub001,2,4,26,0,Short,0.9340182780740576,1.0936269633091449,1.2118140920081508,1.2118140920081508,1.0045997146935361,0.43542022080102427,0.24328503294694348,0.12103264149825599,0.12103264149825599,0.2364883775969951,2.98376727104187,3.728952407836914,0.0,0.0,0.0,0.0,1.4111413955688477,0.0,0.0,0.0
sub001-ses04-block2-game2_001::b0119,test/sub001/ses-04/sub001-ses04-block2-game2_001.npy,sub001,2,2,26,0,Short,0.9336230461821571,0.9336230461821571,1.095488449614399,1.095488449614399,1.095488449614399,0.4608530545856598,0.4608530545856598,0.316370326848177,0.316370326848177,0.316370326848177,0.0,0.0,0.5569536685943604,0.5569536685943604,0.5569536685943604,0.0,0.0,1.0666565895080566,1.0666565895080566,1.0666565895080566
sub001-ses04-block2-game2_001::b0120,test/sub001/ses-04/sub001-ses04-block2-game2_001.npy,sub001,2,4,26,0,Short,1.074181519641758,1.1689637595630158,1.180595415211008,1.180595415211008,1.2279343206399198,0.4667783480226444,0.2247264189252267,0.05705529710851798,0.05705529710851798,0.13275326769383078,0.205358624458313,2.215759515762329,2.1049373149871826,2.1049373149871826,2.1184983253479004,0.0,0.19080495834350586,0.2254469394683838,0.2254469394683838,0.06489443778991699
sub001-ses04-block2-game2_001::b0121,test/sub001/ses-04/sub001-ses04-block2-game2_001.npy,sub001,2,5,26,0,Short,1.0497247262278115,1.1159325907340008,1.1985870312749272,1.2366917613318504,1.1813313097222404,0.47487061921248563,0.1743320397163418,0.07269240250769243,0.138068260784252,0.12572418212931286,0.10766148567199707,2.316894769668579,0.07904291152954102,2.061523199081421,2.0876340866088867,0.0,0.3362131118774414,0.40320920944213867,0.0,0.0
sub001-ses04-block2-game2_001::b0122,test/sub001/ses-04/sub001-ses04-block2-game2_001.npy,sub001,2,18,26,0,Short,0.5822852128687632,1.0791145954487633,1.0665898906562483,1.1412506172845378,1.1599688787755977,0.7480093731396813,0.4304785822067324,0.4372755928119152,0.37924343041587905,0.2763014475746164,2.3511698246002197,2.2452666759490967,2.2978146076202393,2.4154796600341797,0.0,0.09294462203979492,0.2087259292602539,0.20858287811279297,0.1531226634979248,0.0
sub001-ses04-block2-game2_001::b0123,test/sub001/ses-04/sub001-ses04-block2-game2_001.npy,sub001,2,4,26,0,Short,1.095065620576284,1.0765682061571982,0.9760807771741896,0.9760807771741896,1.0471969940322774,0.43666064382553516,0.3707491332134197,0.44173782188767147,0.44173782188767147,0.3758721008697009,0.0,0.0,0.0,0.0,0.0,0.0,0.0,0.0,0.0,0.0
sub001-ses04-block2-game2_001::b0124,test/sub001/ses-04/sub001-ses04-block2-game2_001.npy,sub001,2,18,26,0,Short,1.0344873322706987,1.1461590489915647,1.1997023644045643,1.0490642014289855,1.1493899589505037,0.3945250839588408,0.34215715070410496,0.1993869391342587,0.3124394117402864,0.35001374446722733,0.14121413230895996,0.1917726993560791,0.1014096736907959,2.8861870765686035,0.0,0.18500852584838867,0.0,0.6401193141937256,0.09438562393188477,0.0
sub001-ses04-block2-game2_001::b0125,test/sub001/ses-04/sub001-ses04-block2-game2_001.npy,sub001,2,3,26,0,Short,1.0069649833986523,1.2191299971003653,1.2191299971003653,1.2191299971003653,1.3736652290992735,0.4018538160301416,0.24677954418149445,0.24677954418149445,0.24677954418149445,0.11614423255654777,0.14821124076843262,0.0,0.0,0.0,0.17152690887451172,0.6939866542816162,0.0,0.0,0.0,0.7446670532226562
sub001-ses04-block2-game2_001::b0126,test/sub001/ses-04/sub001-ses04-block2-game2_001.npy,sub001,2,4,26,0,Short,1.1040440421160078,1.287852420420574,1.2182250347329433,1.2182250347329433,1.2552605263053742,0.37223229683524395,0.1470685192101619,0.2733348871197353,0.2733348871197353,0.19411942145936661,0.0,0.08594942092895508,0.39305901527404785,0.39305901527404785,2.637305736541748,0.0,0.3456239700317383,0.24405241012573242,0.24405241012573242,0.5373973846435547
sub001-ses04-block2-game2_001::b0127,test/sub001/ses-04/sub001-ses04-block2-game2_001.npy,sub001,2,2,26,0,Short,1.1559844128352879,1.1559844128352879,1.1559844128352879,1.2965271289289821,1.2965271289289821,0.33056894703302625,0.33056894703302625,0.33056894703302625,0.24182722010212404,0.24182722010212404,0.2905087471008301,0.2905087471008301,0.2905087471008301,0.04629778861999512,0.04629778861999512,0.33136796951293945,0.33136796951293945,0.33136796951293945,0.0,0.0
sub001-ses04-block2-game2_001::b0128,test/sub001/ses-04/sub001-ses04-block2-game2_001.npy,sub001,2,4,26,0,Short,1.0759427501778003,1.2024971906197646,1.2024971906197646,1.228836959133255,1.2353841084991233,0.4006906916481273,0.3096418581951875,0.3096418581951875,0.3128691353008436,0.2364465853825221,0.0,0.0319364070892334,0.0319364070892334,2.7622764110565186,0.0,0.0,0.0,0.0,0.30596089363098145,0.0
sub001-ses04-block2-game2_001::b0129,test/sub001/ses-04/sub001-ses04-block2-game2_001.npy,sub001,2,10,26,0,Short,1.2995353108565455,1.1666730345664096,1.1885740771571756,1.0666107947665415,1.2079302159998053,0.22722805557705167,0.37192978663850884,0.20499183653664999,0.41153113772994254,0.27371571939413963,0.0,0.0,0.1937556266784668,0.38216304779052734,2.4994306564331055,0.0,0.0,0.4101603031158447,0.4648573398590088,0.2646982669830322
sub001-ses04-block2-game2_001::b0130,test/sub001/ses-04/sub001-ses04-block2-game2_001.npy,sub001,2,6,26,0,Short,0.4314243825349646,1.0800445226768192,1.1833687126027919,1.1126550346117976,1.1820424597599635,0.8420908087397053,0.4614196360982956,0.34610898206926444,0.4163242134150857,0.35385899037421764,2.1036505699157715,2.283735752105713,2.226289987564087,0.0,2.30959415435791,0.0,0.0,0.0,0.0,0.0
sub001-ses04-block2-game2_001::b0131,test/sub001/ses-04/sub001-ses04-block2-game2_001.npy,sub001,2,2,26,0,Short,1.1503193392948023,1.1503193392948023,1.1503193392948023,1.2057707558276909,1.2057707558276909,0.40067274599485714,0.40067274599485714,0.40067274599485714,0.31412754868332665,0.31412754868332665,0.10462236404418945,0.10462236404418945,0.10462236404418945,0.0,0.0,0.0,0.0,0.0,0.0,0.0
sub001-ses04-block2-game2_001::b0133,test/sub001/ses-04/sub001-ses04-block2-game2_001.npy,sub001,2,8,26,0,Short,1.140990541307974,1.1070672590356367,1.0946313954416327,1.128166438012103,1.1172236870695127,0.19153824027903465,0.3678311156858072,0.4030647591672296,0.335793405467983,0.3411946140616055,0.0,1.9520560503005981,0.5480886697769165,0.0,0.4586796760559082,0.0,0.0,0.0,0.0,0.1908738613128662
sub001-ses04-block2-game2_001::b0134,test/sub001/ses-04/sub001-ses04-block2-game2_001.npy,sub001,2,2,26,0,Short,1.349805754984167,1.349805754984167,1.349805754984167,1.2394343508535803,1.2394343508535803,0.032800168706553556,0.032800168706553556,0.032800168706553556,0.33316993954108204,0.33316993954108204,0.0,0.0,0.0,0.23330473899841309,0.23330473899841309,0.0,0.0,0.0,0.5229432582855225,0.5229432582855225
sub001-ses04-block2-game2_001::b0135,test/sub001/ses-04/sub001-ses04-block2-game2_001.npy,sub001,2,10,26,0,Short,1.1841351820233745,1.2807574999630886,1.192841843846213,1.142724445224133,1.2851782272792978,0.36530098965364055,0.3378661149996251,0.394076956743989,0.4759355459761426,0.3480362284646462,0.0,1.843462347984314,0.0,1.4598243236541748,0.3590596914291382,0.0,0.5363478660583496,0.0,0.0,0.0
sub001-ses04-block2-game2_001::b0136,test/sub001/ses-04/sub001-ses04-block2-game2_001.npy,sub001,2,5,26,0,Short,0.4027646271683125,1.1515883950334955,1.2790851944277348,1.215449018042449,1.200633793316864,0.8514125388435909,0.41595015806181723,0.2833624869932942,0.41887051085462423,0.39251662702471257,2.054331064224243,0.0,2.270260810852051,1.8915178775787354,1.9875903129577637,0.015552997589111328,0.0,0.2281022071838379,0.0,0.0
sub001-ses04-block2-game2_001::b0137,test/sub001/ses-04/sub001-ses04-block2-game2_001.npy,sub001,2,3,26,0,Short,1.2536074546082865,1.2536074546082865,1.3274027362530942,1.1273640135336986,1.1273640135336986,0.35984036437257305,0.35984036437257305,0.27667433180713497,0.32008380525957686,0.32008380525957686,1.96599280834198,1.96599280834198,0.0,0.0,0.0,0.0,0.0,0.0,0.0,0.0
sub001-ses04-block2-game2_001::b0138,test/sub001/ses-04/sub001-ses04-block2-game2_001.npy,sub001,2,4,26,0,Short,1.0312749663108443,1.090460933147627,1.1210466606700835,1.1210466606700835,1.3139325799221528,0.5004851994985324,0.34830125395727024,0.4125036775321299,0.4125036775321299,0.16807530092196,1.8931372165679932,2.317007064819336,0.07367730140686035,0.07367730140686035,0.4817904829978943,0.009147882461547852,0.3495500087738037,0.0,0.0,0.0
sub001-ses04-block2-game2_001::b0139,test/sub001/ses-04/sub001-ses04-block2-game2_001.npy,sub001,2,50,26,1,Long,1.1138990011904955,1.124431884306286,0.9840018947421619,1.1387884971570421,1.3595304433927338,0.46999183424783275,0.33399342587923353,0.48455151947640607,0.4164891505662356,0.2620177435001486,0.0,1.8651082515716553,1.7652989625930786,0.0,0.0,0.0,0.07984304428100586,0.31764817237854004,0.0,0.0
sub001-ses04-block2-game2_001::b0140,test/sub001/ses-04/sub001-ses04-block2-game2_001.npy,sub001,2,6,26,0,Short,1.4357601538550886,1.170619331400987,1.0662508908248172,1.1637275351871847,1.1883456662816911,0.022437851914981766,0.43710759819622114,0.5351306694177561,0.44742777380895715,0.41850281772035725,0.4397873878479004,0.0,1.8896675109863281,0.1358851194381714,1.7061731815338135,0.12071382999420166,0.0,0.03943300247192383,0.053545475006103516,0.0
sub001-ses04-block2-game2_001::b0141,test/sub001/ses-04/sub001-ses04-block2-game2_001.npy,sub001,2,9,26,0,Short,0.8866204472172996,1.1885861215816824,1.1764611482099572,1.2889593473237124,1.2917959203118359,0.5225766177568136,0.39607521799052436,0.4072911326683091,0.36090377359938847,0.32459457174897066,0.0,0.049013614654541016,1.9725440740585327,0.16439926624298096,1.89263916015625,0.0,0.0,0.0647885799407959,0.6739963293075562,0.48188865184783936
sub001-ses04-block2-game2_001::b0142,test/sub001/ses-04/sub001-ses04-block2-game2_001.npy,sub001,2,12,26,0,Short,0.6652254025414561,1.2044875701360491,1.1434171452410984,1.095149418547067,1.3750932704956682,0.7076910897787225,0.2885065966995839,0.41442981869215734,0.452340115399418,0.23795531249650395,1.7804334163665771,0.1560666561126709,1.6717499494552612,0.0,2.6242549419403076,0.039032816886901855,0.5022552013397217,0.0,0.0,3.4298789501190186
sub001-ses04-block2-game2_001::b0143,test/sub001/ses-04/sub001-ses04-block2-game2_001.npy,sub001,2,11,26,0,Short,0.858417603116855,1.3405518465110566,1.1997083125589945,1.14864762071676,1.1964771160620362,0.6214795605892409,0.31030526199604236,0.4301521784083168,0.4829488898492723,0.46628170078850506,0.0,0.0,1.4529504776000977,1.5223087072372437,1.4727458953857422,0.0,0.0,0.0,0.26350831985473633,0.32899177074432373
sub001-ses04-block2-game2_001::b0144,test/sub001/ses-04/sub001-ses04-block2-game2_001.npy,sub001,2,17,26,0,Short,1.1226537955773366,1.276632588257976,1.4197575084121752,1.1689207773186783,1.243859203620241,0.255405527558439,0.3732552955861058,0.23285072804879775,0.44209087091791066,0.3907527808508434,1.3843353986740112,0.0,0.0,1.4331238269805908,0.12434971332550049,0.0,0.0,0.0,0.0,0.0
sub001-ses04-block2-game2_001::b0145,test/sub001/ses-04/sub001-ses04-block2-game2_001.npy,sub001,2,5,26,0,Short,0.741012415555613,1.1905523385360102,1.1413575513416092,1.2840953033947402,1.1349466863929578,0.6704837653831667,0.4145765943418283,0.4004938656055288,0.32747238956341823,0.4481881374761594,0.10271072387695312,0.07398998737335205,0.1685316562652588,0.0,0.0,0.45625758171081543,0.2489091157913208,0.5616424083709717,0.0,0.0
sub001-ses04-block2-game2_001::b0146,test/sub001/ses-04/sub001-ses04-block2-game2_001.npy,sub001,2,3,26,0,Short,0.973918711055886,1.175186432369367,1.175186432369367,1.175186432369367,1.212983870070103,0.5071033660558554,0.4279630024026972,0.4279630024026972,0.4279630024026972,0.3958530572998435,1.3005664348602295,1.2352349758148193,1.2352349758148193,1.2352349758148193,1.2348837852478027,0.017029166221618652,0.0,0.0,0.0,0.0
sub001-ses04-block2-game2_001::b0147,test/sub001/ses-04/sub001-ses04-block2-game2_001.npy,sub001,2,4,26,0,Short,0.5670876050954158,1.274114671460497,1.297015993871561,1.297015993871561,1.2836093032554958,0.7470497883774956,0.31027470212715724,0.23688846044622525,0.23688846044622525,0.3210699865591661,0.0,1.440027117729187,1.6723014116287231,1.6723014116287231,1.5149714946746826,0.0,0.0,0.18289148807525635,0.18289148807525635,0.0
sub001-ses04-block2-game2_001::b0148,test/sub001/ses-04/sub001-ses04-block2-game2_001.npy,sub001,2,2,26,0,Short,1.2927084508648772,1.2927084508648772,1.2927084508648772,1.2766948904503375,1.2766948904503375,0.2683715683146237,0.2683715683146237,0.2683715683146237,0.2776248589747415,0.2776248589747415,0.0,0.0,0.0,0.0,0.0,0.0,0.0,0.0,0.0,0.0
sub001-ses04-block2-game2_001::b0149,test/sub001/ses-04/sub001-ses04-block2-game2_001.npy,sub001,2,7,26,0,Short,0.9701051547225661,1.3431028310420006,1.175756574935181,1.1943672344457386,1.225152580817513,0.4135473904676955,0.2546943694041638,0.41067979550001543,0.4412609558036447,0.3923079877894664,1.745924472808838,0.07069778442382812,1.2438342571258545,0.0,0.0,0.12268650531768799,0.0,0.0,0.0,0.0
sub001-ses04-block2-game2_001::b0150,test/sub001/ses-04/sub001-ses04-block2-game2_001.npy,sub001,2,9,26,0,Short,1.1988709599932084,1.333902973277008,1.3038462202473617,1.3281759707527645,1.222512438705169,0.2079544013050798,0.283239051886453,0.2674479963658986,0.3310818540682811,0.4210714259235709,1.0949496030807495,0.39112377166748047,1.107137680053711,0.0,0.0,0.0,0.0914071798324585,0.1373002529144287,0.0,0.0
sub001-ses04-block2-game2_001::b0151,test/sub001/ses-04/sub001-ses04-block2-game2_001.npy,sub001,2,4,26,0,Short,1.2749089414289367,1.1837687682343303,1.2225688676093363,1.2225688676093363,1.2409780838884432,0.40863167488148466,0.4571101545481667,0.4397889339025349,0.4397889339025349,0.421736146438338,0.0,0.2733994722366333,0.21243566274642944,0.21243566274642944,1.21535325050354,0.0,0.0,0.0,0.0,0.0
sub001-ses04-block2-game2_001::b0152,test/sub001/ses-04/sub001-ses04-block2-game2_001.npy,sub001,2,11,26,0,Short,0.6557289644416137,1.2082570180985444,1.2720436809296298,1.2860795662847027,1.0954740710990967,0.6917136688684651,0.44592353334281487,0.37976337782706393,0.39234497562330173,0.5334030107211309,0.04902005195617676,0.0,0.0,0.043801188468933105,0.9853724837303162,0.0,0.0,0.0,0.060624122619628906,0.0
sub001-ses04-block2-game2_001::b0153,test/sub001/ses-04/sub001-ses04-block2-game2_001.npy,sub001,2,7,26,0,Short,1.2847287194049712,1.179783464989164,0.985640127991718,1.2524636044136896,1.1793490312584334,0.12699000985819425,0.48110137922094653,0.5538807401105335,0.42088866435284567,0.44750927835014964,0.0,0.0,0.15764963626861572,1.04756498336792,0.02544713020324707,0.0,0.0,0.08012652397155762,0.024329304695129395,0.1056666374206543
sub001-ses04-block2-game2_001::b0154,test/sub001/ses-04/sub001-ses04-block2-game2_001.npy,sub001,2,6,26,0,Short,0.5011328432563168,1.0529790100108438,1.1547292915547427,1.1490298657348914,1.186301157861284,0.785804952668428,0.5073341452139879,0.4730338380076754,0.4605044804247327,0.4386585991415842,1.3242417573928833,0.0,1.296261191368103,0.07875025272369385,1.2902969121932983,0.0,0.0,0.08503401279449463,0.27836501598358154,0.0
sub001-ses04-block2-game2_001::b0155,test/sub001/ses-04/sub001-ses04-block2-game2_001.npy,sub001,2,23,26,0,Short,1.1417067189982708,1.0691921063893381,1.2509757910232464,1.2227753404046775,1.0648571715001462,0.2285360588099865,0.5452243478607612,0.40379790291426626,0.4012558655206798,0.5304471066789471,0.19984841346740723,1.4099266529083252,0.028247594833374023,0.11602258682250977,0.0,0.17516231536865234,0.0,0.0,0.4549912214279175,0.0
sub001-ses04-block2-game2_001::b0156,test/sub001/ses-04/sub001-ses04-block2-game2_001.npy,sub001,2,8,26,0,Short,1.226159192004909,0.9516199098041022,1.0162549982655915,1.16158080486267,1.0898132651870538,0.40182695731061924,0.5522090906866084,0.5701377685204188,0.43368944537585274,0.49365255469081404,0.0,0.1632061004638672,0.0,0.0,0.0,0.0,0.05499744415283203,0.0,0.0,0.0
sub001-ses04-block2-game2_001::b0157,test/sub001/ses-04/sub001-ses04-block2-game2_001.npy,sub001,2,10,26,0,Short,1.1811772959370739,1.0848515122677589,1.2681913016615562,1.1518012216285611,1.2579531746428128,0.29197091870453346,0.5226000593130212,0.38465137991298,0.37823894473703334,0.30898267590200784,0.0,1.2308108806610107,0.0,0.02070486545562744,1.2400286197662354,0.0,0.0,0.0,0.0,1.1422024965286255
sub001-ses04-block2-game2_001::b0158,test/sub001/ses-04/sub001-ses04-block2-game2_001.npy,sub001,2,5,26,0,Short,1.2255061690461446,1.1702046794769043,1.064098648290399,1.1623946896229003,1.0608947838982576,0.2952653631024648,0.46203502763694293,0.5219481044904539,0.4446721022483867,0.48602388098612953,0.06091952323913574,1.02262544631958,1.304453730583191,0.0,1.0543994903564453,0.39853477478027344,0.0,0.09896361827850342,0.0,0.10342669486999512
sub001-ses04-block2-game2_001::b0159,test/sub001/ses-04/sub001-ses04-block2-game2_001.npy,sub001,2,6,26,0,Short,0.3536080814858056,1.071816813607439,1.0107238812918466,0.8624710521319379,0.9980238138341999,0.8747604963259615,0.5295722210472054,0.5645878615453119,0.6376682685475112,0.5048226272628076,0.006801724433898926,1.0718424320220947,0.0,0.005658328533172607,0.0,0.34499526023864746,0.6272989511489868,0.0,0.183968186378479,0.0
sub001-ses04-block2-game2_001::b0160,test/sub001/ses-04/sub001-ses04-block2-game2_001.npy,sub001,2,8,26,0,Short,0.7406483709097659,0.59262624718882,0.6278746404716692,0.7432820226035403,0.67873598996359,0.6550328077758388,0.8033046821338348,0.7756121829951167,0.717574196508077,0.7558405386177242,0.15445423126220703,0.0,0.0,0.16789847612380981,0.8637602925300598,0.1146777868270874,0.0,0.0,0.0,0.0
sub001-ses04-block2-game2_001::b0161,test/sub001/ses-04/sub001-ses04-block2-game2_001.npy,sub001,2,3,26,0,Short,0.7899715072493102,0.7474117277412468,0.7474117277412468,0.7474117277412468,0.801459383274277,0.5464833244246401,0.7430965331322025,0.7430965331322025,0.7430965331322025,0.7105831822685851,0.006043434143066406,1.0561665296554565,1.0561665296554565,1.0561665296554565,1.0444459915161133,0.0,0.03045475482940674,0.03045475482940674,0.03045475482940674,0.0964200496673584
sub001-ses04-block2-game2_001::b0162,test/sub001/ses-04/sub001-ses04-block2-game2_001.npy,sub001,2,22,26,0,Short,1.0611183997171354,0.8277987322219954,1.3384741701290457,0.5805433464573915,0.8929542331053953,0.3928724958169603,0.6247666333469051,0.4041812554464417,0.7727569523578235,0.5907113935516186,0.0,0.0,0.43433181941509247,0.0,0.9368938207626343,0.0,0.0,0.00913691520690918,0.0,0.41661685705184937
sub001-ses04-block2-game2_001::b0163,test/sub001/ses-04/sub001-ses04-block2-game2_001.npy,sub001,2,4,26,0,Short,1.0949570449818664,0.9941131605658067,0.726194405413704,0.726194405413704,0.7657794980999534,0.4087738304916503,0.5781677299161312,0.7211871712675832,0.7211871712675832,0.7047337273053061,0.024333953857421875,0.0,0.0,0.0,0.025443732738494873,0.0,0.0,0.0,0.0,0.2227129340171814
sub001-ses04-block2-game2_001::b0164,test/sub001/ses-04/sub001-ses04-block2-game2_001.npy,sub001,2,35,26,1,Long,0.7590974281954826,1.126012004308209,0.7790156683225478,1.0517814833081887,1.0944443456047144,0.6289367565530946,0.4959381066552768,0.6568353198273842,0.5555255206726106,0.5678743867040704,0.202653169631958,0.07968764007091522,0.6996908783912659,0.28212812542915344,0.0106121264398098,0.1939401626586914,0.0,0.4667186141014099,0.0,0.0
sub001-ses04-block2-game2_001::b0165,test/sub001/ses-04/sub001-ses04-block2-game2_001.npy,sub001,2,123,26,1,Long,1.0070020884503372,0.2829683676384799,0.3001725437605104,0.2596034296619692,0.8813702174865262,0.3725341076296158,0.9188168844588986,0.9124930901443431,0.9269076167896934,0.625895527899887,0.041556477546691895,0.013256635516881943,0.036194431129843,0.010421063750982285,0.0,0.0,0.0,0.0,0.0,0.0
sub001-ses04-block2-game2_001::b0166,test/sub001/ses-04/sub001-ses04-block2-game2_001.npy,sub001,2,8,26,0,Short,0.6607880291782033,0.6415745979692548,0.6603040824398043,0.5193353972764986,0.8083362619176921,0.6986821334875679,0.7680746574115213,0.7707797638943028,0.8094851112646488,0.6693480491190378,0.21215257048606873,0.0,0.0,0.1856505423784256,0.0,1.4266847372055054,0.0,0.0,0.0,0.0
sub001-ses04-block2-game2_001::b0167,test/sub001/ses-04/sub001-ses04-block2-game2_001.npy,sub001,2,15,26,0,Short,1.4690142615941588,0.46748138557167107,0.6423837237293856,0.9894198128471143,0.357304091281914,0.19421009213676516,0.8380707680999725,0.762633265230184,0.6239751385674625,0.8922806631483932,0.0,0.0,0.0,0.10088635981082916,0.0,0.0,0.0,0.0,0.0,0.0
sub001-ses04-block2-game2_001::b0168,test/sub001/ses-04/sub001-ses04-block2-game2_001.npy,sub001,2,8,26,0,Short,1.0583110399347102,0.4241119090442029,0.40668824167469325,0.43736114248401536,0.330021881036862,0.3926545085467238,0.8533500804783768,0.8625217215481564,0.8595582121603362,0.8928412062910063,0.0,0.0,0.00873122364282608,0.0,0.0,0.0,0.0,0.048742327839136124,0.0,0.0
sub001-ses04-block2-game2_002::b0001,test/sub001/ses-04/sub001-ses04-block2-game2_002.npy,sub001,2,47,26,1,Long,0.8338643133424597,0.6781822912801523,0.7478652224431048,0.6415040967850089,0.788002167182665,0.09293184988094683,0.7502755849268875,0.7224737912090207,0.7637624998527034,0.6971201440605148,2.617159843444824,0.0,2.7351019382476807,0.0,0.002975940704345703,0.22471022605895996,0.0,0.10566449165344238,0.0,0.08801460266113281
sub001-ses04-block2-game2_002::b0002,test/sub001/ses-04/sub001-ses04-block2-game2_002.npy,sub001,2,15,26,0,Short,0.8957706158592039,0.7262481808356928,0.680338531654516,0.6238992958171619,0.6594457412622963,0.1512167890081899,0.7353544588160843,0.763269679459854,0.7870120943100699,0.7553148825586016,0.0,2.6743826866149902,0.00130462646484375,2.6846585273742676,0.0,0.0,0.020823240280151367,0.06370210647583008,0.15125346183776855,0.0
sub001-ses04-block2-game2_002::b0003,test/sub001/ses-04/sub001-ses04-block2-game2_002.npy,sub001,2,18,26,0,Short,0.8481164216589906,0.703098303584314,0.30988036160636045,0.7239492957074265,0.7503959197316031,0.3872919055664259,0.7268399310913307,0.9000216279211456,0.7244297147411893,0.7271167992530844,0.07890510559082031,0.05208110809326172,2.6438193321228027,2.67238450050354,2.769033670425415,0.058458805084228516,0.23795104026794434,0.1097102165222168,0.0,0.08777117729187012
sub001-ses04-block2-game2_002::b0004,test/sub001/ses-04/sub001-ses04-block2-game2_002.npy,sub001,2,21,26,0,Short,0.8081337126090428,0.6521817131827082,0.5802543972458956,0.8421614791479325,0.5725295349988212,0.42093986778806836,0.7628789431116318,0.7937002613416491,0.6446967476289903,0.8014958757524573,2.676626443862915,0.0,0.0,3.2159676551818848,3.2750988006591797,0.028891324996948242,0.0,0.0,0.020047903060913086,0.0
sub001-ses04-block2-game2_002::b0005,test/sub001/ses-04/sub001-ses04-block2-game2_002.npy,sub001,2,6,26,0,Short,0.8036951866445093,0.6624362021265952,0.7330531344210685,0.5927712555747054,0.6537976882154863,0.5003026940666464,0.7253380805464954,0.7080903934869334,0.7879275782901399,0.7417969104856093,3.4733922481536865,3.3978271484375,0.0,0.0,0.0,0.0010800361633300781,0.0,0.0,0.0,0.0
sub001-ses04-block2-game2_002::b0006,test/sub001/ses-04/sub001-ses04-block2-game2_002.npy,sub001,2,12,26,0,Short,0.9403173129805988,0.7100311820142301,0.6776268272588487,0.6541529009216968,0.6646852980434286,0.4359567649415381,0.6697121107784381,0.7175585085198004,0.7273537462159751,0.7061605806536311,0.0,3.51175594329834,3.3819634914398193,0.05970406532287598,3.9900407791137695,0.0,0.0,0.0,0.014093875885009766,0.2646937370300293
sub001-ses04-block2-game2_002::b0007,test/sub001/ses-04/sub001-ses04-block2-game2_002.npy,sub001,2,15,26,0,Short,0.34983974732854717,0.6992402880390377,0.7027423481736436,0.798209092691922,0.7482367843263391,0.8528137176908405,0.6933595665963902,0.6974648002996152,0.6398092217784522,0.6937476916659155,0.12542080879211426,3.5894603729248047,3.363201379776001,0.0,0.0,0.5081541538238525,0.12612128257751465,0.0,0.0,0.0
sub001-ses04-block2-game2_002::b0008,test/sub001/ses-04/sub001-ses04-block2-game2_002.npy,sub001,2,15,26,0,Short,0.32981283249267274,0.6987560546318002,0.6521026213005222,0.7477734395619192,0.7537356874605218,0.8842867259383518,0.713989587154015,0.7183444411072256,0.6088110589866674,0.6586535982252593,0.00061798095703125,4.142301559448242,0.2597005367279053,0.3466053009033203,0.01815342903137207,0.5201096534729004,0.5255343914031982,0.0,0.48912620544433594,0.0
sub001-ses04-block2-game2_002::b0009,test/sub001/ses-04/sub001-ses04-block2-game2_002.npy,sub001,2,4,26,0,Short,0.9026475769498072,0.8171152610730834,0.7301881409114902,0.7301881409114902,0.7582154849723862,0.41773041065198796,0.5943750523064819,0.6680258833623993,0.6680258833623993,0.6497892759804915,3.8514151573181152,0.0,0.0,0.0,3.6291024684906006,0.0,0.0,0.0,0.0,0.0
sub001-ses04-block2-game2_002::b0010,test/sub001/ses-04/sub001-ses04-block2-game2_002.npy,sub001,2,4,26,0,Short,0.8417301028166863,0.8178387439779227,0.8178387439779227,0.7995557738911429,0.7249169082349678,0.45704254261309374,0.5820279636220912,0.5820279636220912,0.5395674468271766,0.641402641255255,4.4158935546875,0.0,0.0,4.552191734313965,0.0,0.27025461196899414,0.0,0.0,0.23921966552734375,0.0
sub001-ses04-block2-game2_002::b0011,test/sub001/ses-04/sub001-ses04-block2-game2_002.npy,sub001,2,4,26,0,Short,0.8330359962295169,0.748776672996083,0.748776672996083,0.7428023362841648,0.8102486637678786,0.4739288455676116,0.6230251230169024,0.6230251230169024,0.5507747249946815,0.6009237222954011,4.06932258605957,4.346974849700928,4.346974849700928,4.902344226837158,0.0,0.0,0.09967517852783203,0.09967517852783203,0.3116598129272461,0.0
sub001-ses04-block2-game2_002::b0012,test/sub001/ses-04/sub001-ses04-block2-game2_002.npy,sub001,2,5,26,0,Short,0.8030943627146387,0.7366400616411107,0.7437654434794926,0.8494982574344182,0.7718248420370031,0.46025431551502477,0.6264035307087676,0.5442419919018309,0.552110157702214,0.5820890016358125,0.0,0.7934761047363281,4.282158374786377,4.523869514465332,4.413225173950195,0.0,0.312868595123291,0.0,0.08409452438354492,0.0
sub001-ses04-block2-game2_002::b0013,test/sub001/ses-04/sub001-ses04-block2-game2_002.npy,sub001,2,3,26,0,Short,0.8877921803668609,0.8088130532766983,0.8088130532766983,0.8088130532766983,0.8105202568867533,0.4252493287876755,0.47681281170118406,0.47681281170118406,0.47681281170118406,0.5480401610185097,0.17398738861083984,0.1948380470275879,0.1948380470275879,0.1948380470275879,4.75073766708374,0.5665206909179688,0.42499446868896484,0.42499446868896484,0.42499446868896484,0.5571556091308594
sub001-ses04-block2-game2_002::b0014,test/sub001/ses-04/sub001-ses04-block2-game2_002.npy,sub001,2,2,26,0,Short,0.812467230082723,0.812467230082723,0.8679204371682869,0.8679204371682869,0.8679204371682869,0.5007977391288393,0.5007977391288393,0.4947561477239265,0.4947561477239265,0.4947561477239265,0.0,0.0,4.839584827423096,4.839584827423096,4.839584827423096,0.0,0.0,0.5235986709594727,0.5235986709594727,0.5235986709594727
sub001-ses04-block2-game2_002::b0015,test/sub001/ses-04/sub001-ses04-block2-game2_002.npy,sub001,2,2,26,0,Short,0.8908494666262556,0.8908494666262556,1.0305518477944737,1.0305518477944737,1.0305518477944737,0.38700750616960067,0.38700750616960067,0.36997904641775625,0.36997904641775625,0.36997904641775625,4.924766540527344,4.924766540527344,0.0,0.0,0.0,0.38390636444091797,0.38390636444091797,0.0,0.0,0.0
sub001-ses04-block2-game2_002::b0016,test/sub001/ses-04/sub001-ses04-block2-game2_002.npy,sub001,2,2,26,0,Short,0.8373866988651555,0.8373866988651555,0.8061561724199242,0.8061561724199242,0.8061561724199242,0.4746916348554916,0.4746916348554916,0.48863888865382277,0.48863888865382277,0.48863888865382277,0.0,0.0,4.718861103057861,4.718861103057861,4.718861103057861,0.0,0.0,0.6644062995910645,0.6644062995910645,0.6644062995910645
sub001-ses04-block2-game2_002::b0017,test/sub001/ses-04/sub001-ses04-block2-game2_002.npy,sub001,2,3,26,0,Short,0.9260056479912057,0.7364603578287698,0.7364603578287698,0.7364603578287698,0.9721410926008245,0.4328635866543036,0.6006275788786327,0.6006275788786327,0.6006275788786327,0.3000971950898018,4.42191219329834,0.21654939651489258,0.21654939651489258,0.21654939651489258,0.20179128646850586,0.0,0.5045475959777832,0.5045475959777832,0.5045475959777832,0.25515222549438477
sub001-ses04-block2-game2_002::b0018,test/sub001/ses-04/sub001-ses04-block2-game2_002.npy,sub001,2,3,26,0,Short,0.768150353095497,0.7956306882363455,0.7956306882363455,0.7956306882363455,0.7591525383867339,0.507038307255617,0.5539131900254635,0.5539131900254635,0.5539131900254635,0.6730693086050666,4.682422637939453,4.72084379196167,4.72084379196167,4.72084379196167,0.0,0.0,0.5346860885620117,0.5346860885620117,0.5346860885620117,0.0
sub001-ses04-block2-game2_002::b0019,test/sub001/ses-04/sub001-ses04-block2-game2_002.npy,sub001,2,2,26,0,Short,0.7921126523796681,0.7921126523796681,0.919036460569673,0.919036460569673,0.919036460569673,0.548986041824725,0.548986041824725,0.3855560026520121,0.3855560026520121,0.3855560026520121,0.07729816436767578,0.07729816436767578,0.1529254913330078,0.1529254913330078,0.1529254913330078,0.2769894599914551,0.2769894599914551,0.0,0.0,0.0
sub001-ses04-block2-game2_002::b0021,test/sub001/ses-04/sub001-ses04-block2-game2_002.npy,sub001,2,3,26,0,Short,0.776078981997734,0.776078981997734,1.0336001963666308,1.0604897962863222,1.0604897962863222,0.5207511159908844,0.5207511159908844,0.21902810587680782,0.26412672958797967,0.26412672958797967,5.168543815612793,5.168543815612793,0.04173135757446289,0.006840705871582031,0.006840705871582031,0.5327949523925781,0.5327949523925781,0.0,0.04812049865722656,0.04812049865722656
sub001-ses04-block2-game2_002::b0023,test/sub001/ses-04/sub001-ses04-block2-game2_002.npy,sub001,2,2,26,0,Short,1.0893997329307366,1.0893997329307366,1.0893997329307366,1.1713160606827373,1.1713160606827373,0.3466786615359607,0.3466786615359607,0.3466786615359607,0.09038247244988712,0.09038247244988712,0.0,0.0,0.0,0.4951744079589844,0.4951744079589844,0.0,0.0,0.0,0.16003036499023438,0.16003036499023438
sub001-ses04-block2-game2_002::b0024,test/sub001/ses-04/sub001-ses04-block2-game2_002.npy,sub001,2,3,26,0,Short,0.7310531121630718,0.9588461725768588,0.9588461725768588,0.9588461725768588,1.0329582745763,0.5649666644262015,0.3986693504481738,0.3986693504481738,0.3986693504481738,0.27967290977118797,0.0,0.16553783416748047,0.16553783416748047,0.16553783416748047,0.004685163497924805,0.0,0.09415912628173828,0.09415912628173828,0.09415912628173828,0.0
sub001-ses04-block2-game2_002::b0026,test/sub001/ses-04/sub001-ses04-block2-game2_002.npy,sub001,2,2,26,0,Short,0.8488446987768408,0.8488446987768408,1.1123590517033144,1.1123590517033144,1.1123590517033144,0.5459226054960731,0.5459226054960731,0.10974109059806902,0.10974109059806902,0.10974109059806902,1.0216522216796875,1.0216522216796875,3.5735929012298584,3.5735929012298584,3.5735929012298584,0.3853120803833008,0.3853120803833008,0.0,0.0,0.0
sub001-ses04-block2-game2_002::b0027,test/sub001/ses-04/sub001-ses04-block2-game2_002.npy,sub001,2,2,26,0,Short,0.7919924835827112,0.7919924835827112,0.7919924835827112,1.2774611423833035,1.2774611423833035,0.5384866846245239,0.5384866846245239,0.5384866846245239,0.0760853096528995,0.0760853096528995,0.0,0.0,0.0,3.4033942222595215,3.4033942222595215,0.0,0.0,0.0,0.0,0.0
sub001-ses04-block2-game2_002::b0028,test/sub001/ses-04/sub001-ses04-block2-game2_002.npy,sub001,2,2,26,0,Short,0.8569469274224844,0.8569469274224844,0.8569469274224844,0.8968778594816266,0.8968778594816266,0.5472463253515335,0.5472463253515335,0.5472463253515335,0.436581881574413,0.436581881574413,3.39062237739563,3.39062237739563,3.39062237739563,0.0,0.0,0.0,0.0,0.0,0.0,0.0
sub001-ses04-block2-game2_002::b0029,test/sub001/ses-04/sub001-ses04-block2-game2_002.npy,sub001,2,20,26,0,Short,0.5621050761028948,0.918077007605631,0.8390854111467849,1.0493137830481831,0.9944411512133765,0.7598064453708189,0.39852083982965036,0.5000492857957268,0.33183514342352666,0.2811605657164877,4.259007930755615,3.203078269958496,3.296285390853882,0.2412700653076172,3.4829981327056885,0.2932729721069336,0.0,0.0,0.41252803802490234,0.0
sub001-ses04-block2-game2_002::b0030,test/sub001/ses-04/sub001-ses04-block2-game2_002.npy,sub001,2,4,26,0,Short,0.9566287779318652,0.7189542956012036,0.7189542956012036,0.9877776347974044,0.8781107709583729,0.5056596708157082,0.5848417938473361,0.5848417938473361,0.21338084201284463,0.511462077978787,4.077057838439941,3.9716060161590576,3.9716060161590576,2.0400545597076416,4.149538040161133,0.01810741424560547,0.0,0.0,0.0,0.0
sub001-ses04-block2-game2_002::b0031,test/sub001/ses-04/sub001-ses04-block2-game2_002.npy,sub001,2,3,26,0,Short,0.8423717834545411,0.8542760956357606,0.8542760956357606,0.8542760956357606,0.8954664258694421,0.5417464505434323,0.5489752757347406,0.5489752757347406,0.5489752757347406,0.4643355035414579,0.08440446853637695,4.180506229400635,4.180506229400635,4.180506229400635,4.329685211181641,0.27396726608276367,0.05072021484375,0.05072021484375,0.05072021484375,0.6833374500274658
sub001-ses04-block2-game2_002::b0032,test/sub001/ses-04/sub001-ses04-block2-game2_002.npy,sub001,2,2,26,0,Short,0.9269071011804378,0.9269071011804378,0.9269071011804378,1.0633359921278132,1.0633359921278132,0.43370995411395247,0.43370995411395247,0.43370995411395247,0.27792689380398905,0.27792689380398905,0.059533119201660156,0.059533119201660156,0.059533119201660156,0.0,0.0,0.608159065246582,0.608159065246582,0.608159065246582,0.0,0.0
sub001-ses04-block2-game2_002::b0034,test/sub001/ses-04/sub001-ses04-block2-game2_002.npy,sub001,2,7,26,0,Short,0.8022832470170604,1.043984478363809,1.1905125222701087,0.980178088793614,1.0214552330269517,0.45947601045902997,0.28235888257862296,0.30558423307026367,0.44433915805528024,0.46458224462230263,5.1866841316223145,0.0,4.795623302459717,0.11389589309692383,4.862588882446289,0.31941890716552734,0.0,0.0,0.27454566955566406,0.03243207931518555
sub001-ses04-block2-game2_002::b0035,test/sub001/ses-04/sub001-ses04-block2-game2_002.npy,sub001,2,12,26,0,Short,0.8776533823948923,1.1329366371489593,1.137265487522908,1.0327766062303099,1.1771695529912047,0.4691137852038725,0.37106686184460547,0.39137859066930636,0.3507896654253403,0.22309777420055477,5.295007705688477,5.3562469482421875,0.0,0.0,3.4425973892211914,1.0064263343811035,1.1551356315612793,0.0,0.0,0.0
sub001-ses04-block2-game2_002::b0037,test/sub001/ses-04/sub001-ses04-block2-game2_002.npy,sub001,2,3,26,0,Short,0.7146780451278415,0.7146780451278415,1.0199042797583664,0.9668203031468025,0.9668203031468025,0.6876523336047393,0.6876523336047393,0.15681779096267567,0.3383239712063625,0.3383239712063625,0.47757434844970703,0.47757434844970703,0.03904318809509277,0.0,0.0,1.1760733127593994,1.1760733127593994,0.2871837615966797,0.0,0.0
sub001-ses04-block2-game2_002::b0038,test/sub001/ses-04/sub001-ses04-block2-game2_002.npy,sub001,2,9,26,0,Short,0.7941004995791743,1.040263992719528,1.0249754266757036,0.9639741452934808,0.9194780366141926,0.5469635378221346,0.25598734842792653,0.30322444947466987,0.2858227436018131,0.34465978363318583,3.5059356689453125,3.7027180194854736,0.0,0.0,3.59124493598938,0.49059605598449707,0.523632287979126,0.0,0.0,0.11423587799072266
sub001-ses04-block2-game2_002::b0039,test/sub001/ses-04/sub001-ses04-block2-game2_002.npy,sub001,2,25,26,0,Short,0.5117710741398623,1.196433589683564,1.0422739319724887,0.9580648693726094,1.0466090543834352,0.7860150578519446,0.1589952691127855,0.28823099036473787,0.415226261188059,0.2671646836959694,3.702510356903076,4.559597015380859,0.6247005462646484,3.9707884788513184,3.7532730102539062,0.0,0.657541036605835,0.3919644355773926,0.28052282333374023,0.0
sub001-ses04-block2-game2_002::b0040,test/sub001/ses-04/sub001-ses04-block2-game2_002.npy,sub001,2,4,26,0,Short,0.940632810306004,1.0851047825776556,1.0851047825776556,0.9071376259345415,1.0855432903576592,0.4780321743284516,0.19917578655399532,0.19917578655399532,0.36679680874172443,0.15202566819166824,0.0,3.86553955078125,3.86553955078125,0.2205672264099121,4.453686714172363,0.0,0.0,0.0,0.16676855087280273,0.22476863861083984
sub001-ses04-block2-game2_002::b0041,test/sub001/ses-04/sub001-ses04-block2-game2_002.npy,sub001,2,4,26,0,Short,0.8259134513033553,1.114172428130443,1.114172428130443,1.1903277773466114,1.1436231067580365,0.5022668526756797,0.41107404419303106,0.41107404419303106,0.12034357417523728,0.31041757740429066,0.0,3.84356427192688,3.84356427192688,3.040309190750122,0.0,0.0,0.0,0.0,0.0,0.0
sub001-ses04-block2-game2_002::b0042,test/sub001/ses-04/sub001-ses04-block2-game2_002.npy,sub001,2,3,26,0,Short,0.778766847741174,0.9712145729268726,0.9712145729268726,0.9712145729268726,1.0556168252792422,0.5605623123244483,0.4588089197760224,0.4588089197760224,0.4588089197760224,0.3344246575423762,0.29048633575439453,0.0,0.0,0.0,4.220606327056885,0.7897200584411621,0.0,0.0,0.0,0.09830331802368164
sub001-ses04-block2-game2_002::b0043,test/sub001/ses-04/sub001-ses04-block2-game2_002.npy,sub001,2,3,26,0,Short,0.913450274380348,0.913450274380348,0.995643226966293,1.0216714655311239,1.0216714655311239,0.48169220455952544,0.48169220455952544,0.2838470821428317,0.3169704536943693,0.3169704536943693,0.04967212677001953,0.04967212677001953,4.090588569641113,0.04508209228515625,0.04508209228515625,1.02492094039917,1.02492094039917,0.0,0.2157278060913086,0.2157278060913086
sub001-ses04-block2-game2_002::b0044,test/sub001/ses-04/sub001-ses04-block2-game2_002.npy,sub001,2,2,26,0,Short,0.782757401023067,0.782757401023067,0.996902375748337,0.996902375748337,0.996902375748337,0.5536863977828266,0.5536863977828266,0.32242321554214987,0.32242321554214987,0.32242321554214987,4.158935546875,4.158935546875,0.0,0.0,0.0,0.26327943801879883,0.26327943801879883,0.0,0.0,0.0
sub001-ses04-block2-game2_002::b0045,test/sub001/ses-04/sub001-ses04-block2-game2_002.npy,sub001,2,2,26,0,Short,0.7803200608482231,0.7803200608482231,1.0379127805909356,1.0379127805909356,1.0379127805909356,0.5247379745662464,0.5247379745662464,0.4042322980359495,0.4042322980359495,0.4042322980359495,3.943873167037964,3.943873167037964,0.0,0.0,0.0,0.23345947265625,0.23345947265625,0.0,0.0,0.0
sub001-ses04-block2-game2_002::b0046,test/sub001/ses-04/sub001-ses04-block2-game2_002.npy,sub001,2,2,26,0,Short,0.7287732698764233,0.7287732698764233,1.1246986991560204,1.1246986991560204,1.1246986991560204,0.5323586043728857,0.5323586043728857,0.18559088579126543,0.18559088579126543,0.18559088579126543,0.0,0.0,0.4626445770263672,0.4626445770263672,0.4626445770263672,0.0,0.0,0.5385890007019043,0.5385890007019043,0.5385890007019043
sub001-ses04-block2-game2_002::b0047,test/sub001/ses-04/sub001-ses04-block2-game2_002.npy,sub001,2,2,26,0,Short,0.800530170006425,0.800530170006425,0.9565642592591592,0.9565642592591592,0.9565642592591592,0.5489157844994346,0.5489157844994346,0.4521791700422889,0.4521791700422889,0.4521791700422889,0.0,0.0,0.09585237503051758,0.09585237503051758,0.09585237503051758,0.0,0.0,0.29302024841308594,0.29302024841308594,0.29302024841308594
sub001-ses04-block2-game2_002::b0048,test/sub001/ses-04/sub001-ses04-block2-game2_002.npy,sub001,2,2,26,0,Short,0.9229145775229537,0.9229145775229537,0.953784987652485,0.953784987652485,0.953784987652485,0.4793139282369243,0.4793139282369243,0.43799708331372655,0.43799708331372655,0.43799708331372655,2.9589340686798096,2.9589340686798096,4.071867942810059,4.071867942810059,4.071867942810059,0.013958454132080078,0.013958454132080078,0.061872005462646484,0.061872005462646484,0.061872005462646484
sub001-ses04-block2-game2_002::b0049,test/sub001/ses-04/sub001-ses04-block2-game2_002.npy,sub001,2,3,26,0,Short,0.8684340984851958,1.0982396373989156,1.0982396373989156,1.0982396373989156,1.1037185967609915,0.5217277257227535,0.2942121494302267,0.2942121494302267,0.2942121494302267,0.287955013736117,4.4031291007995605,4.091728210449219,4.091728210449219,4.091728210449219,3.8425257205963135,0.5185980796813965,0.17525815963745117,0.17525815963745117,0.17525815963745117,0.3493466377258301
sub001-ses04-block2-game2_002::b0050,test/sub001/ses-04/sub001-ses04-block2-game2_002.npy,sub001,2,4,26,0,Short,0.8755016211286535,0.8944355465829258,0.8944355465829258,0.995677715499048,1.0394624377945831,0.48833431254034604,0.42942188720847385,0.42942188720847385,0.37923001379000476,0.37765407159949327,4.145134925842285,0.0,0.0,4.413400650024414,4.064129829406738,0.1707134246826172,0.0,0.0,0.37952136993408203,0.0
sub001-ses04-block2-game2_002::b0051,test/sub001/ses-04/sub001-ses04-block2-game2_002.npy,sub001,2,4,26,0,Short,0.8036586008341177,1.0107566997481217,1.0107566997481217,0.9917200071562918,1.0600176458242843,0.5544474479280352,0.44218932260727367,0.44218932260727367,0.2606453652684806,0.3389430623927105,0.04059648513793945,0.0,0.0,3.876494884490967,0.3572092056274414,0.1083230972290039,0.0,0.0,0.5879940986633301,0.40204310417175293
sub001-ses04-block2-game2_002::b0052,test/sub001/ses-04/sub001-ses04-block2-game2_002.npy,sub001,2,4,26,0,Short,0.8010026242599995,1.3994164925090715,1.3994164925090715,0.9109141541954356,0.9394940801375737,0.559050175580182,0.11711878865597802,0.11711878865597802,0.49795388554476483,0.45061457675538963,3.9212918281555176,0.3105344772338867,0.3105344772338867,0.0,0.0,0.620063066482544,0.5698943138122559,0.5698943138122559,0.0,0.0
sub001-ses04-block2-game2_002::b0053,test/sub001/ses-04/sub001-ses04-block2-game2_002.npy,sub001,2,3,26,0,Short,0.8982024382977505,0.9387652945826817,0.9387652945826817,0.9387652945826817,1.0806027016770843,0.4627056706388642,0.382614854896911,0.382614854896911,0.382614854896911,0.21904058065458432,0.0,0.006823062896728516,0.006823062896728516,0.006823062896728516,0.0,0.0,0.4443812370300293,0.4443812370300293,0.4443812370300293,0.0
sub001-ses04-block2-game2_002::b0054,test/sub001/ses-04/sub001-ses04-block2-game2_002.npy,sub001,2,4,26,0,Short,0.8877774227113877,1.1903266001792228,1.0537477092486394,1.0537477092486394,1.1019276463396896,0.47107317694261125,0.22834020091362595,0.3330287779114295,0.3330287779114295,0.18486095641840256,3.9565799236297607,4.058363914489746,0.0,0.0,0.0,0.6880769729614258,0.7140614986419678,0.0,0.0,0.0
sub001-ses04-block2-game2_002::b0055,test/sub001/ses-04/sub001-ses04-block2-game2_002.npy,sub001,2,3,26,0,Short,0.828173959357298,0.828173959357298,1.0865979587128531,1.0169075870652518,1.0169075870652518,0.5404325751667839,0.5404325751667839,0.21769178207702083,0.40613547268415223,0.40613547268415223,0.45751404762268066,0.45751404762268066,4.276886940002441,4.288739204406738,4.288739204406738,0.3316047191619873,0.3316047191619873,0.24402236938476562,0.541325569152832,0.541325569152832
sub001-ses04-block2-game2_002::b0056,test/sub001/ses-04/sub001-ses04-block2-game2_002.npy,sub001,2,3,26,0,Short,0.8347166876174409,0.8347166876174409,0.9915201815263005,1.0986956982158473,1.0986956982158473,0.5254042875517817,0.5254042875517817,0.38863498473659197,0.22891480294201855,0.22891480294201855,3.7015345096588135,3.7015345096588135,4.642123222351074,0.0,0.0,0.0,0.0,1.0667078495025635,0.0,0.0
sub001-ses04-block2-game2_002::b0057,test/sub001/ses-04/sub001-ses04-block2-game2_002.npy,sub001,2,4,26,0,Short,0.8408643153467006,0.9379490324568387,1.1247276458487616,1.1247276458487616,1.1980305913838032,0.5288884654359312,0.47489802944843784,0.10517083099463537,0.10517083099463537,0.23704804558843318,1.0442478656768799,0.08113956451416016,0.0,0.0,0.0,0.701143741607666,0.0,0.0,0.0,0.0
sub001-ses04-block2-game2_002::b0059,test/sub001/ses-04/sub001-ses04-block2-game2_002.npy,sub001,2,38,26,1,Long,0.30202887679253243,1.0553341764878181,0.9908183797507819,0.8378544850236656,1.056915728993882,0.8999850939586781,0.40630726256082517,0.409130149641593,0.6492946353085028,0.41374599476865614,3.7970290184020996,0.591667890548706,0.0,4.037460803985596,3.7285428047180176,0.0010981559753417969,0.9314804077148438,0.0,0.5125055313110352,0.24419450759887695
sub001-ses04-block2-game2_002::b0060,test/sub001/ses-04/sub001-ses04-block2-game2_002.npy,sub001,2,22,26,0,Short,0.4993981319833588,0.923443526415216,0.888654625780247,0.8536429384934117,0.9499998122622354,0.7612485414745505,0.576584532893806,0.5612079925458914,0.6186498124347998,0.5312603125077153,3.868992328643799,0.0,0.02710413932800293,3.6686103343963623,3.633178234100342,0.0427553653717041,0.0,0.1758885383605957,0.23293447494506836,0.26832008361816406
sub001-ses04-block2-game2_002::b0061,test/sub001/ses-04/sub001-ses04-block2-game2_002.npy,sub001,2,12,26,0,Short,0.8521923520918753,0.8546564148353594,0.9428234227630958,0.910527085797746,0.8728430444626459,0.5058528390066923,0.5458389151150649,0.47951089806630387,0.46621604645399106,0.4249705609124223,0.12033605575561523,3.611487627029419,3.8985376358032227,4.019754409790039,0.0,0.662468671798706,0.0,0.09844207763671875,0.28014659881591797,0.0
sub001-ses04-block2-game2_002::b0062,test/sub001/ses-04/sub001-ses04-block2-game2_002.npy,sub001,2,16,26,0,Short,0.8481350747063875,1.0833057896093632,0.7836447605392385,0.7192083779550129,0.9653234527644245,0.5333096544318141,0.37183616098044225,0.6632581886564457,0.6906470096463442,0.5662540496308788,0.07408642768859863,0.11882853507995605,0.0,0.1591036319732666,3.8307433128356934,0.5858564376831055,0.6180415153503418,0.0,0.3731818199157715,0.29343628883361816
sub001-ses04-block2-game2_002::b0063,test/sub001/ses-04/sub001-ses04-block2-game2_002.npy,sub001,2,4,26,0,Short,0.596893346411502,0.8799716950035029,0.8799716950035029,0.786251072560427,0.8782161529333046,0.7496391962621731,0.6366706736285727,0.6366706736285727,0.6833158118876326,0.6422980112805049,0.12272500991821289,3.92545223236084,3.92545223236084,4.00925874710083,3.6734864711761475,0.20535564422607422,0.2597391605377197,0.2597391605377197,0.3608365058898926,0.0
sub001-ses04-block2-game2_002::b0064,test/sub001/ses-04/sub001-ses04-block2-game2_002.npy,sub001,2,27,26,1,Long,0.40027813327308587,1.098315738439014,1.1067802543437801,1.0030892913876934,0.8801117557699465,0.8611950640171286,0.45694042469254953,0.30701710656161674,0.48649071792657456,0.579329035528997,3.7923810482025146,0.0,0.0391087532043457,0.0,0.0634305477142334,0.0,0.0,0.0,0.0,0.0
sub001-ses04-block2-game2_002::b0065,test/sub001/ses-04/sub001-ses04-block2-game2_002.npy,sub001,2,3,26,0,Short,1.260946138124857,1.260946138124857,1.0894047985046522,1.0030936302836047,1.0030936302836047,0.07998371585626729,0.07998371585626729,0.03348516205960761,0.10393450201080767,0.10393450201080767,0.0,0.0,0.0,4.298652648925781,4.298652648925781,0.0,0.0,0.0,0.45502233505249023,0.45502233505249023
sub001-ses04-block2-game2_002::b0066,test/sub001/ses-04/sub001-ses04-block2-game2_002.npy,sub001,2,3,26,0,Short,0.8196831538686629,1.1911634730047096,1.1911634730047096,1.1911634730047096,1.0443620402607303,0.5863628379832427,0.0635613769980875,0.0635613769980875,0.0635613769980875,0.049845262940913626,1.5498037338256836,4.5543365478515625,4.5543365478515625,4.5543365478515625,0.0,0.6975393295288086,0.21371984481811523,0.21371984481811523,0.21371984481811523,0.0
sub001-ses04-block2-game2_002::b0067,test/sub001/ses-04/sub001-ses04-block2-game2_002.npy,sub001,2,2,26,0,Short,0.8061262549611012,0.8061262549611012,1.0116655561497825,1.0116655561497825,1.0116655561497825,0.5392421409329302,0.5392421409329302,0.036828694882167945,0.036828694882167945,0.036828694882167945,0.0,0.0,4.661249160766602,4.661249160766602,4.661249160766602,0.0,0.0,0.5152039527893066,0.5152039527893066,0.5152039527893066
sub001-ses04-block2-game2_002::b0068,test/sub001/ses-04/sub001-ses04-block2-game2_002.npy,sub001,2,3,26,0,Short,0.9182181688229679,0.9182181688229679,1.0213224215790504,0.9838802902914212,0.9838802902914212,0.5090882407078778,0.5090882407078778,0.09242502295348887,0.1498744255746861,0.1498744255746861,0.0,0.0,0.43146848678588867,0.6389214992523193,0.6389214992523193,0.0,0.0,0.6429171562194824,0.11671733856201172,0.11671733856201172
sub001-ses04-block2-game2_002::b0069,test/sub001/ses-04/sub001-ses04-block2-game2_002.npy,sub001,2,4,26,0,Short,0.8649598142131516,1.0561180353918218,1.0561180353918218,1.0393188160530513,1.0686082124599379,0.5526063216165827,0.02486621413373752,0.02486621413373752,0.10792032346762442,0.09370045799875898,0.4488410949707031,4.048069953918457,4.048069953918457,4.289675712585449,0.0,0.9643878936767578,0.35001707077026367,0.35001707077026367,0.20937347412109375,0.0
sub001-ses04-block2-game2_002::b0070,test/sub001/ses-04/sub001-ses04-block2-game2_002.npy,sub001,2,3,26,0,Short,0.8045756696100211,0.8045756696100211,1.148850349111418,1.0805425579698207,1.0805425579698207,0.6043910041545384,0.6043910041545384,0.13578373013384315,0.07491455731494479,0.07491455731494479,0.38053226470947266,0.38053226470947266,0.0,0.0,0.0,0.11613202095031738,0.11613202095031738,0.0,0.0,0.0
sub001-ses04-block2-game2_002::b0071,test/sub001/ses-04/sub001-ses04-block2-game2_002.npy,sub001,2,2,26,0,Short,0.8181610078223445,0.8181610078223445,0.9688328183624808,0.9688328183624808,0.9688328183624808,0.5529752541197337,0.5529752541197337,0.20582432984196408,0.20582432984196408,0.20582432984196408,3.5049636363983154,3.5049636363983154,3.1834559440612793,3.1834559440612793,3.1834559440612793,0.2404477596282959,0.2404477596282959,0.0,0.0,0.0
sub001-ses04-block2-game2_002::b0072,test/sub001/ses-04/sub001-ses04-block2-game2_002.npy,sub001,2,3,26,0,Short,0.8605633925384435,1.1139674757026374,1.1139674757026374,1.1139674757026374,1.0747277628149066,0.5067352869443684,0.13184909614386536,0.13184909614386536,0.13184909614386536,0.035125069851125845,0.0,0.0,0.0,0.0,2.899071455001831,0.0,0.0,0.0,0.0,0.26824474334716797
sub001-ses04-block2-game2_002::b0073,test/sub001/ses-04/sub001-ses04-block2-game2_002.npy,sub001,2,3,26,0,Short,0.9787889143993929,0.9787889143993929,1.053333284256107,1.1188505816610637,1.1188505816610637,0.4783925008891982,0.4783925008891982,0.07130527392829394,0.07474713352923934,0.07474713352923934,0.05949807167053223,0.05949807167053223,0.0,0.0,0.0,0.0,0.0,0.0,0.0,0.0
sub001-ses04-block2-game2_002::b0074,test/sub001/ses-04/sub001-ses04-block2-game2_002.npy,sub001,2,3,26,0,Short,0.8102997926183869,1.134874911550298,1.134874911550298,1.134874911550298,1.010426976242418,0.56222775050837,0.04687845084955533,0.04687845084955533,0.04687845084955533,0.13981329655444907,0.0,3.149484872817993,3.149484872817993,3.149484872817993,0.12346124649047852,0.0,0.0,0.0,0.0,0.8924047946929932
sub001-ses04-block2-game2_002::b0075,test/sub001/ses-04/sub001-ses04-block2-game2_002.npy,sub001,2,4,26,0,Short,0.8454131264968838,1.2192139864927172,1.2192139864927172,1.1675590234512636,1.1547172577822002,0.53712688536591,0.28769127636477776,0.28769127636477776,0.26128552757733114,0.18511716207812146,2.8744735717773438,2.840097427368164,2.840097427368164,2.6830360889434814,2.8315157890319824,0.43684935569763184,0.0,0.0,0.0,0.0
sub001-ses04-block2-game2_002::b0076,test/sub001/ses-04/sub001-ses04-block2-game2_002.npy,sub001,2,4,26,0,Short,1.0422131355828355,1.063043743149706,1.063043743149706,1.2423813784386022,1.2086798210011602,0.4241705852764165,0.34872695000210874,0.34872695000210874,0.16868785525631508,0.15614226233646006,0.13797831535339355,0.006220579147338867,0.006220579147338867,0.0,0.0,0.0,0.0,0.0,0.0,0.0
sub001-ses04-block2-game2_002::b0077,test/sub001/ses-04/sub001-ses04-block2-game2_002.npy,sub001,2,3,26,0,Short,1.0274457796818024,1.0274457796818024,1.3572538104064675,1.2042558832669035,1.2042558832669035,0.37256142006362547,0.37256142006362547,0.1546658234976544,0.19162723285589273,0.19162723285589273,0.0,0.0,0.0,0.0,0.0,0.0,0.0,0.0,0.0,0.0
sub001-ses04-block2-game2_002::b0078,test/sub001/ses-04/sub001-ses04-block2-game2_002.npy,sub001,2,2,26,0,Short,0.9678980633191105,0.9678980633191105,1.1938677270605105,1.1938677270605105,1.1938677270605105,0.4811906537620825,0.4811906537620825,0.20758490054021117,0.20758490054021117,0.20758490054021117,3.137981414794922,3.137981414794922,0.0,0.0,0.0,0.7403404712677002,0.7403404712677002,0.0,0.0,0.0
sub001-ses04-block2-game2_002::b0079,test/sub001/ses-04/sub001-ses04-block2-game2_002.npy,sub001,2,3,26,0,Short,0.6467982142861615,0.9638826681465226,0.9638826681465226,0.9638826681465226,1.0116486916173444,0.7318110065271826,0.47390779120249865,0.47390779120249865,0.47390779120249865,0.42123058275630637,0.0,3.34212589263916,3.34212589263916,3.34212589263916,3.619198799133301,0.0,0.5481846332550049,0.5481846332550049,0.5481846332550049,1.0052833557128906
sub001-ses04-block2-game2_002::b0080,test/sub001/ses-04/sub001-ses04-block2-game2_002.npy,sub001,2,8,26,0,Short,0.960527863446279,0.9696420686111981,1.0759048820206558,0.8532287961296461,1.0496820840303773,0.4325972250976452,0.45360761515461656,0.41738995712910887,0.5943850696706549,0.37802556933223014,3.7884654998779297,3.8732330799102783,0.10326671600341797,0.11515092849731445,0.1133267879486084,0.9490337371826172,0.9961929321289062,0.0,0.14521050453186035,0.0
sub001-ses04-block2-game2_002::b0081,test/sub001/ses-04/sub001-ses04-block2-game2_002.npy,sub001,2,2,26,0,Short,0.8721011682891383,0.8721011682891383,1.384313129513005,1.384313129513005,1.384313129513005,0.5233779006940549,0.5233779006940549,0.008516452165412136,0.008516452165412136,0.008516452165412136,0.0,0.0,3.5080008506774902,3.5080008506774902,3.5080008506774902,0.0,0.0,0.2076408863067627,0.2076408863067627,0.2076408863067627
sub001-ses04-block2-game2_002::b0082,test/sub001/ses-04/sub001-ses04-block2-game2_002.npy,sub001,2,3,26,0,Short,0.9160406279655111,0.9160406279655111,0.9830844417429164,1.1129352477992662,1.1129352477992662,0.4422050353516841,0.4422050353516841,0.41584024396424046,0.3434364626267639,0.3434364626267639,3.4360549449920654,3.4360549449920654,0.0,0.0,0.0,0.0,0.0,0.0,0.0,0.0
sub001-ses04-block2-game2_002::b0083,test/sub001/ses-04/sub001-ses04-block2-game2_002.npy,sub001,2,10,26,0,Short,0.9365959042364174,0.876574847049601,0.8470584652723568,1.0076972019912638,0.8495614815984537,0.442017947498567,0.587646768291205,0.5689513441559652,0.48018114801195516,0.5938769795493639,3.5556399822235107,3.351914882659912,0.30765247344970703,3.199612855911255,0.0,0.42357587814331055,0.05382847785949707,0.19608592987060547,0.0,0.0
sub001-ses04-block2-game2_002::b0084,test/sub001/ses-04/sub001-ses04-block2-game2_002.npy,sub001,2,8,26,0,Short,0.8830372617003392,0.8896568169036909,0.8840064194316212,0.9411993994669907,1.0813426703222682,0.4922388768565073,0.5202530200804087,0.5352026245626671,0.4761337727269802,0.42320889057322575,0.22653579711914062,3.7498364448547363,3.465529441833496,0.0,3.7905495166778564,0.05724644660949707,0.5434985160827637,0.0,0.0,0.29829883575439453
sub001-ses04-block2-game2_002::b0085,test/sub001/ses-04/sub001-ses04-block2-game2_002.npy,sub001,2,12,26,0,Short,0.8147428902042863,0.8986190498176373,0.8618889373490534,0.8437194001539426,1.1681343037142822,0.5347555967089133,0.49779210483895153,0.6233831833466086,0.6133891034542933,0.36864076574790017,0.0348050594329834,0.0,0.0,0.25576329231262207,1.1344208717346191,0.0,0.0,0.0,0.7542886734008789,0.0
sub001-ses04-block2-game2_002::b0086,test/sub001/ses-04/sub001-ses04-block2-game2_002.npy,sub001,2,7,26,0,Short,0.5662227897734105,0.6724545665000239,0.782108567038492,0.7220304589107709,0.6909324845853443,0.7657710353390331,0.7293762407991047,0.6952369363332778,0.7233669187678323,0.731370880121631,0.058545682579278946,0.07288534194231033,0.0484713613986969,0.06202721782028675,0.04231855273246765,0.0,0.004812858998775482,0.0378309041261673,0.00013215839862823486,0.0
sub001-ses04-block2-game2_002::b0087,test/sub001/ses-04/sub001-ses04-block2-game2_002.npy,sub001,2,94,26,1,Long,1.4792266596219048,0.7353245859738211,0.7424989040440231,0.7464192111918502,0.7578373489515734,0.02728624708684685,0.7244268100422175,0.7148165760975213,0.7232584346939276,0.6361028383195685,0.02952202409505844,0.0003586485981941223,0.0,0.011814109981060028,0.0,0.0,0.012157417833805084,0.0,0.0,0.0
sub001-ses04-block2-game2_002::b0088,test/sub001/ses-04/sub001-ses04-block2-game2_002.npy,sub001,2,12,26,0,Short,0.9864249257208872,0.9859019370039206,0.9481627906911594,0.996724725020326,0.984366610411388,0.45587454101990194,0.34807543265351515,0.4003747627548742,0.41512642991827176,0.4402111733125207,4.732662677764893,4.340638637542725,0.363006591796875,4.803382873535156,0.0,0.15988731384277344,0.0757904052734375,0.12758159637451172,0.6499509811401367,0.0
sub001-ses04-block2-game2_002::b0089,test/sub001/ses-04/sub001-ses04-block2-game2_002.npy,sub001,2,24,26,0,Short,0.8789656646374255,1.1457323644612774,1.075024261526159,1.0883055537804525,1.0704918552795784,0.5227573074171971,0.11563772680352208,0.2905229998849595,0.23812119030122703,0.2792362240341642,0.0,0.0,4.000272750854492,3.6003894805908203,0.11837482452392578,0.0,0.0,0.09597158432006836,0.04785895347595215,0.41580867767333984
sub001-ses04-block2-game2_002::b0090,test/sub001/ses-04/sub001-ses04-block2-game2_002.npy,sub001,2,8,26,0,Short,0.9770348147301358,1.0060068052953324,1.0707784999228185,1.1008090879903312,1.0115442455618056,0.4555383445073092,0.4466111664269682,0.34599543746372585,0.444118680276595,0.5063142411505094,0.13079547882080078,3.2774085998535156,0.0,3.13482928276062,0.0,0.7870206832885742,0.27231931686401367,0.0,0.16571307182312012,0.0
sub001-ses04-block2-game2_002::b0091,test/sub001/ses-04/sub001-ses04-block2-game2_002.npy,sub001,2,18,26,0,Short,1.1831203196380065,1.1403057518381126,1.1428274258303595,0.9267397174052541,0.9890735183266346,0.16731735138280707,0.28322205988542165,0.27785892013614893,0.38483836387010145,0.31737179225166284,3.138291358947754,0.0,0.0,2.7945139408111572,0.0,0.6177887916564941,0.0,0.0,0.6023576259613037,0.0
sub001-ses04-block2-game2_002::b0092,test/sub001/ses-04/sub001-ses04-block2-game2_002.npy,sub001,2,15,26,0,Short,0.9305198972052129,1.0583681872908497,0.9954846940983044,1.1497934699650132,1.0405366456175984,0.5101693287091688,0.22355142381385512,0.3611730045997935,0.17988774826284348,0.270435901070608,0.0,0.15060114860534668,0.03535914421081543,0.0,2.9604849815368652,0.0,0.30255556106567383,0.20406126976013184,0.0,0.15674996376037598
sub001-ses04-block2-game2_002::b0093,test/sub001/ses-04/sub001-ses04-block2-game2_002.npy,sub001,2,29,26,1,Long,0.4169395476539174,1.1337129859616353,1.1241077967090962,1.0383608426340512,0.9340109484238489,0.8384633835203534,0.317262474148473,0.3963969221604215,0.43975472700521306,0.5411200251392273,0.0,0.0,2.8264307975769043,2.9587669372558594,2.654405355453491,0.0,0.0,0.09757781028747559,0.7600400447845459,0.0
sub001-ses04-block2-game2_002::b0094,test/sub001/ses-04/sub001-ses04-block2-game2_002.npy,sub001,2,15,26,0,Short,0.8800285080235253,1.018305669957357,1.024516894330863,1.1420247670021202,1.122175870433813,0.5167011018863389,0.27473104607253873,0.18777319938898274,0.1444780515866892,0.34105312146177325,3.358450412750244,0.0,0.0,0.0,0.0,0.05720257759094238,0.0,0.0,0.0,0.0
sub001-ses04-block2-game2_002::b0095,test/sub001/ses-04/sub001-ses04-block2-game2_002.npy,sub001,2,9,26,0,Short,0.761203213187869,1.2801883065263102,1.179743421454003,1.241124848884579,1.1443210485585298,0.637456200403581,0.18459334090603624,0.22360197356181738,0.21465846640194058,0.2816761263678367,0.15714621543884277,0.0,0.0,2.698676824569702,2.7868409156799316,0.17009663581848145,0.0,0.0,0.03212690353393555,0.0
sub001-ses04-block2-game2_002::b0096,test/sub001/ses-04/sub001-ses04-block2-game2_002.npy,sub001,2,5,26,0,Short,1.011188378264952,1.0852905329487696,1.1128822145419817,1.2736935540385854,1.1616676884378716,0.44412384031702284,0.3998806114304402,0.4184501081196354,0.34053927021288055,0.37449275680420946,0.2561025619506836,0.0,0.0,0.0,2.7836086750030518,0.41085314750671387,0.0,0.0,0.0,0.42043423652648926
sub001-ses04-block2-game2_002::b0097,test/sub001/ses-04/sub001-ses04-block2-game2_002.npy,sub001,2,7,26,0,Short,1.1084937813013482,1.0869847948291764,1.0027483034934992,1.0539064384908632,1.16082370592483,0.38987813105549696,0.4354267288392658,0.43949156214993623,0.33964799110720056,0.336972744330418,2.4316530227661133,0.0,2.9257779121398926,0.0,0.021168947219848633,0.014294147491455078,0.0,0.3868441581726074,0.0,0.45235705375671387
sub001-ses04-block2-game2_002::b0098,test/sub001/ses-04/sub001-ses04-block2-game2_002.npy,sub001,2,8,26,0,Short,0.6190333303872675,1.1098688836455861,1.085309720601017,1.1106359926787777,1.2221086322776868,0.7400401290260702,0.2990926185716929,0.40619971601531557,0.31938594436668954,0.17764935054065645,3.095686435699463,0.0,0.0,0.13931798934936523,0.18851876258850098,0.577540397644043,0.0,0.0,0.3633575439453125,0.5522048473358154
sub001-ses04-block2-game2_002::b0099,test/sub001/ses-04/sub001-ses04-block2-game2_002.npy,sub001,2,6,26,0,Short,0.9035928906848467,0.9469211089928488,1.4484209706634759,1.262743265153965,1.137731108732707,0.5659966292796166,0.5385549685529727,0.02411824320766892,0.20915067071897886,0.414473510559966,0.18145346641540527,2.4095394611358643,0.28595685958862305,2.657163381576538,2.3291547298431396,0.323641300201416,0.0071070194244384766,0.24470901489257812,0.24600934982299805,0.12799572944641113
sub001-ses04-block2-game2_002::b0100,test/sub001/ses-04/sub001-ses04-block2-game2_002.npy,sub001,2,5,26,0,Short,1.156724351665906,1.3111085120338926,1.1685164384500455,1.1237211164590686,1.1872701528101754,0.10582097456357886,0.2558337080881872,0.3965041189414593,0.4557110971380536,0.36313759698114967,2.355468988418579,2.276233673095703,0.0,2.3929994106292725,2.526735305786133,0.049210548400878906,0.0,0.0,0.04028654098510742,0.0
sub001-ses04-block2-game2_002::b0101,test/sub001/ses-04/sub001-ses04-block2-game2_002.npy,sub001,2,22,26,0,Short,1.119787793078296,1.170755599432082,0.9563220610372709,1.0837148501515181,1.1376602309850594,0.3442949226683991,0.3239053397739837,0.5511570482355455,0.473513918247333,0.4307975652224404,0.17328333854675293,0.0,0.0,0.0,0.030129194259643555,0.3413262367248535,0.0,0.0,0.0,0.17535042762756348
sub001-ses04-block2-game2_002::b0102,test/sub001/ses-04/sub001-ses04-block2-game2_002.npy,sub001,2,4,26,0,Short,1.2406722710394564,1.2249067612033688,1.2249067612033688,1.1247300813823111,1.1216849639134503,0.26957434622091075,0.15692223639044312,0.15692223639044312,0.2927101171548463,0.34252180361597606,2.5472049713134766,0.0,0.0,0.0,2.587747097015381,0.208967924118042,0.0,0.0,0.0,0.2926309108734131
sub001-ses04-block2-game2_002::b0103,test/sub001/ses-04/sub001-ses04-block2-game2_002.npy,sub001,2,21,26,0,Short,1.0807449607952027,1.1750650432822745,1.212299625027267,1.164202188887808,1.130493344884878,0.38175045777099803,0.2319568034513278,0.33301534022036317,0.2744485780381472,0.23858086840360315,0.0,0.07281661033630371,2.3644371032714844,0.0,2.275397777557373,0.0,0.17246460914611816,0.0,0.0,0.0
sub001-ses04-block2-game2_002::b0104,test/sub001/ses-04/sub001-ses04-block2-game2_002.npy,sub001,2,14,26,0,Short,0.6807803545223634,1.132186577249533,1.015784859731658,1.0175620814095516,1.1505224565620407,0.707880307788598,0.3456410827135351,0.4461497429182703,0.4296490099079714,0.31995481560023065,0.024361371994018555,2.7149839401245117,0.0,2.8366539478302,3.0367350578308105,0.034126996994018555,0.05472922325134277,0.0,0.12824702262878418,0.25962209701538086
sub001-ses04-block2-game2_002::b0105,test/sub001/ses-04/sub001-ses04-block2-game2_002.npy,sub001,2,2,26,0,Short,1.0200703592342577,1.0200703592342577,1.091144043025082,1.091144043025082,1.091144043025082,0.44246167383797014,0.44246167383797014,0.27658288116285135,0.27658288116285135,0.27658288116285135,0.0,0.0,2.8313028812408447,2.8313028812408447,2.8313028812408447,0.0,0.0,0.11806654930114746,0.11806654930114746,0.11806654930114746
sub001-ses04-block2-game2_002::b0106,test/sub001/ses-04/sub001-ses04-block2-game2_002.npy,sub001,2,3,26,0,Short,0.973288104487406,0.973288104487406,1.1076944123507881,0.9364142663504806,0.9364142663504806,0.4837935172644119,0.4837935172644119,0.30004974975998705,0.4129598663306374,0.4129598663306374,0.0,0.0,0.0,0.0,0.0,0.0,0.0,0.0,0.0,0.0
sub001-ses04-block2-game2_002::b0107,test/sub001/ses-04/sub001-ses04-block2-game2_002.npy,sub001,2,3,26,0,Short,1.1119902856100714,1.1119902856100714,1.0284033373007158,0.8932625753208312,0.8932625753208312,0.353194139123802,0.353194139123802,0.36289501396669716,0.43368273558566445,0.43368273558566445,0.06386923789978027,0.06386923789978027,2.873338460922241,2.8107657432556152,2.8107657432556152,0.1223452091217041,0.1223452091217041,0.004608631134033203,0.0,0.0
sub001-ses04-block2-game2_002::b0108,test/sub001/ses-04/sub001-ses04-block2-game2_002.npy,sub001,2,3,26,0,Short,0.9237971204827684,0.9237971204827684,1.0044909380645033,1.0678642065157533,1.0678642065157533,0.4349221435963586,0.4349221435963586,0.3125870712688553,0.22451525249176707,0.22451525249176707,0.05324077606201172,0.05324077606201172,0.2555086612701416,0.23549103736877441,0.23549103736877441,0.19354629516601562,0.19354629516601562,0.2936248779296875,0.4151897430419922,0.4151897430419922
sub001-ses04-block2-game2_002::b0109,test/sub001/ses-04/sub001-ses04-block2-game2_002.npy,sub001,2,2,26,0,Short,0.9356300900272382,0.9356300900272382,1.0050446615505146,1.0050446615505146,1.0050446615505146,0.494410813202661,0.494410813202661,0.28487779936328456,0.28487779936328456,0.28487779936328456,0.25075435638427734,0.25075435638427734,0.09430623054504395,0.09430623054504395,0.09430623054504395,0.7392230033874512,0.7392230033874512,0.5603539943695068,0.5603539943695068,0.5603539943695068
sub001-ses04-block2-game2_002::b0110,test/sub001/ses-04/sub001-ses04-block2-game2_002.npy,sub001,2,2,26,0,Short,0.9403753870959283,0.9403753870959283,0.9944036747554358,0.9944036747554358,0.9944036747554358,0.48696096899725066,0.48696096899725066,0.33487165487336806,0.33487165487336806,0.33487165487336806,3.0800604820251465,3.0800604820251465,2.8410627841949463,2.8410627841949463,2.8410627841949463,0.3433094024658203,0.3433094024658203,0.06813931465148926,0.06813931465148926,0.06813931465148926
sub001-ses04-block2-game2_002::b0111,test/sub001/ses-04/sub001-ses04-block2-game2_002.npy,sub001,2,2,26,0,Short,0.9969563561752091,0.9969563561752091,0.9969563561752091,1.016308827887821,1.016308827887821,0.478065155071989,0.478065155071989,0.478065155071989,0.28436303336426777,0.28436303336426777,0.0,0.0,0.0,3.017101764678955,3.017101764678955,0.0,0.0,0.0,0.5267119407653809,0.5267119407653809
sub001-ses04-block2-game2_002::b0112,test/sub001/ses-04/sub001-ses04-block2-game2_002.npy,sub001,2,2,26,0,Short,0.8689718638665158,0.8689718638665158,0.9703683685372434,0.9703683685372434,0.9703683685372434,0.5057362999057796,0.5057362999057796,0.3369289291258468,0.3369289291258468,0.3369289291258468,0.12437963485717773,0.12437963485717773,2.9170174598693848,2.9170174598693848,2.9170174598693848,0.7431678771972656,0.7431678771972656,0.2127232551574707,0.2127232551574707,0.2127232551574707
sub001-ses04-block2-game2_002::b0113,test/sub001/ses-04/sub001-ses04-block2-game2_002.npy,sub001,2,3,26,0,Short,0.9084429265531153,0.9084429265531153,1.0682981111301038,1.025848236365525,1.025848236365525,0.47525335802675445,0.47525335802675445,0.27330008232883396,0.28357696130338844,0.28357696130338844,0.0,0.0,0.0,0.12125277519226074,0.12125277519226074,0.0,0.0,0.0,0.2247927188873291,0.2247927188873291
sub001-ses04-block2-game2_002::b0114,test/sub001/ses-04/sub001-ses04-block2-game2_002.npy,sub001,2,2,26,0,Short,1.1247231520807799,1.1247231520807799,1.1722582917312692,1.1722582917312692,1.1722582917312692,0.055163703327639035,0.055163703327639035,0.1562536908258892,0.1562536908258892,0.1562536908258892,0.0,0.0,2.663062334060669,2.663062334060669,2.663062334060669,0.0,0.0,0.5893518924713135,0.5893518924713135,0.5893518924713135
sub001-ses04-block2-game2_002::b0115,test/sub001/ses-04/sub001-ses04-block2-game2_002.npy,sub001,2,2,26,0,Short,0.9590528341156433,0.9590528341156433,1.1689194257938442,1.1689194257938442,1.1689194257938442,0.4235921261959931,0.4235921261959931,0.1306656516024453,0.1306656516024453,0.1306656516024453,2.8461551666259766,2.8461551666259766,2.6191353797912598,2.6191353797912598,2.6191353797912598,0.2771644592285156,0.2771644592285156,0.0,0.0,0.0
sub001-ses04-block2-game2_002::b0116,test/sub001/ses-04/sub001-ses04-block2-game2_002.npy,sub001,2,2,26,0,Short,0.984838942036694,0.984838942036694,0.984838942036694,1.2390589470407927,1.2390589470407927,0.3962670406942312,0.3962670406942312,0.3962670406942312,0.24317445454370257,0.24317445454370257,0.0,0.0,0.0,0.0,0.0,0.0,0.0,0.0,0.0,0.0
sub001-ses04-block2-game2_002::b0117,test/sub001/ses-04/sub001-ses04-block2-game2_002.npy,sub001,2,2,26,0,Short,0.5176088695401441,0.5176088695401441,1.108451837045348,1.108451837045348,1.108451837045348,0.7981182840848262,0.7981182840848262,0.33483383321000304,0.33483383321000304,0.33483383321000304,0.057047128677368164,0.057047128677368164,0.0,0.0,0.0,0.5411703586578369,0.5411703586578369,0.0,0.0,0.0
sub001-ses04-block2-game2_002::b0118,test/sub001/ses-04/sub001-ses04-block2-game2_002.npy,sub001,2,10,26,0,Short,0.7958116629913463,1.1247767455854163,1.0324535939042951,1.0255851905292173,1.059162306327421,0.5653855477841173,0.19819203004231467,0.3694616811533276,0.2207168312247717,0.3020270773311602,3.5479824542999268,0.0,0.0,3.8344714641571045,3.869509220123291,0.20298242568969727,0.0,0.0,1.2169463634490967,1.1615381240844727
sub001-ses04-block2-game2_002::b0119,test/sub001/ses-04/sub001-ses04-block2-game2_002.npy,sub001,2,4,26,0,Short,0.9254476837534124,0.9951236127313554,0.9951236127313554,1.06012388003039,1.0942153351234378,0.4552891335147161,0.39791140201372455,0.39791140201372455,0.25945640081765653,0.26917753811678874,0.0,3.1808409690856934,3.1808409690856934,3.3938558101654053,3.4179203510284424,0.0,0.309434175491333,0.309434175491333,0.18231511116027832,0.16985011100769043
sub001-ses04-block2-game2_002::b0120,test/sub001/ses-04/sub001-ses04-block2-game2_002.npy,sub001,2,2,26,0,Short,0.91354290156578,0.91354290156578,1.1147092319867766,1.1147092319867766,1.1147092319867766,0.4316647579291254,0.4316647579291254,0.24533783517062807,0.24533783517062807,0.24533783517062807,0.03358030319213867,0.03358030319213867,0.0,0.0,0.0,0.8255932331085205,0.8255932331085205,0.0,0.0,0.0
sub001-ses04-block2-game2_002::b0121,test/sub001/ses-04/sub001-ses04-block2-game2_002.npy,sub001,2,2,26,0,Short,1.1617481537800916,1.1617481537800916,0.8840138151984466,0.8840138151984466,0.8840138151984466,0.20276698440914948,0.20276698440914948,0.5358082316995216,0.5358082316995216,0.5358082316995216,0.1548302173614502,0.1548302173614502,0.1329641342163086,0.1329641342163086,0.1329641342163086,0.003908395767211914,0.003908395767211914,0.25481581687927246,0.25481581687927246,0.25481581687927246
sub001-ses04-block2-game2_002::b0122,test/sub001/ses-04/sub001-ses04-block2-game2_002.npy,sub001,2,2,26,0,Short,1.0326629493027695,1.0326629493027695,0.9581213128641004,0.9581213128641004,0.9581213128641004,0.3880320725485039,0.3880320725485039,0.4802172223864969,0.4802172223864969,0.4802172223864969,0.0,0.0,0.0,0.0,0.0,0.0,0.0,0.0,0.0,0.0
sub001-ses04-block2-game2_002::b0123,test/sub001/ses-04/sub001-ses04-block2-game2_002.npy,sub001,2,2,26,0,Short,0.9045564307532707,0.9045564307532707,1.2038434479378344,1.2038434479378344,1.2038434479378344,0.5525622065230873,0.5525622065230873,0.37815307039027407,0.37815307039027407,0.37815307039027407,2.3675217628479004,2.3675217628479004,2.5768439769744873,2.5768439769744873,2.5768439769744873,0.08870315551757812,0.08870315551757812,0.0,0.0,0.0
sub001-ses04-block2-game2_002::b0124,test/sub001/ses-04/sub001-ses04-block2-game2_002.npy,sub001,2,38,26,1,Long,0.8927337463853756,0.9968986227920428,1.1690220337317947,1.0386038045662955,1.1260144619430987,0.5441180782987417,0.4265340744471493,0.338866753945729,0.4407686286918562,0.3850534784146562,0.2662358283996582,2.578742265701294,0.553072452545166,2.627246618270874,0.0,0.660752534866333,0.583423376083374,0.8384783267974854,0.14393329620361328,0.0
sub001-ses04-block2-game2_002::b0125,test/sub001/ses-04/sub001-ses04-block2-game2_002.npy,sub001,2,4,26,0,Short,0.9734070957424226,0.9266187684189304,0.9266187684189304,0.8483774561219178,1.0305970604066714,0.42316695080110867,0.5666511456013755,0.5666511456013755,0.569887317314973,0.44838869363922884,0.09555268287658691,0.06653594970703125,0.06653594970703125,2.89223575592041,3.027146100997925,0.4514505863189697,0.31398892402648926,0.31398892402648926,0.14545035362243652,0.3647348880767822
sub001-ses04-block2-game2_002::b0126,test/sub001/ses-04/sub001-ses04-block2-game2_002.npy,sub001,2,5,26,0,Short,1.0241240381303212,0.964316167954996,1.0283770310505969,0.885205594716167,1.0276125214921614,0.4329909076992545,0.5461889988080759,0.4843420210717005,0.5911270974035537,0.4980007326409252,3.037808418273926,3.1409151554107666,0.0,0.031026840209960938,0.0,0.14248991012573242,0.23336029052734375,0.0,0.23580479621887207,0.0
sub001-ses04-block2-game2_002::b0127,test/sub001/ses-04/sub001-ses04-block2-game2_002.npy,sub001,2,12,26,0,Short,1.0335710523937547,1.0968000346235787,1.0321100000587755,1.1363298958364345,1.1048687447826153,0.4554746382336667,0.3105466508972766,0.3137420135898784,0.22063351333497844,0.22105408666565385,3.511601209640503,0.0,3.594088315963745,0.2906773090362549,3.8362717628479004,0.041239261627197266,0.0,0.4976191520690918,0.5393800735473633,0.4695141315460205
sub001-ses04-block2-game2_002::b0128,test/sub001/ses-04/sub001-ses04-block2-game2_002.npy,sub001,2,6,26,0,Short,0.8652461898785788,0.9983219313411681,1.1163016195561706,1.0414080028186736,1.0606191286905395,0.5449465549459217,0.32476044005802757,0.21832546703338285,0.25376866368510137,0.2606347559947743,3.822157382965088,0.0,0.3286759853363037,0.25446486473083496,0.325162410736084,0.2879631519317627,0.0,0.05514717102050781,0.4076805114746094,0.0
sub001-ses04-block2-game2_002::b0129,test/sub001/ses-04/sub001-ses04-block2-game2_002.npy,sub001,2,4,26,0,Short,0.8309364495377692,1.021835287970664,0.944047102518606,0.944047102518606,1.0175124971355942,0.4873865979021541,0.30626848131530987,0.45363453131957193,0.45363453131957193,0.3471353881345754,3.312192678451538,3.4176111221313477,0.0,0.0,0.0,0.0,0.17046093940734863,0.0,0.0,0.0
sub001-ses04-block2-game2_002::b0130,test/sub001/ses-04/sub001-ses04-block2-game2_002.npy,sub001,2,2,26,0,Short,0.9058429018742047,0.9058429018742047,0.917254395324262,0.917254395324262,0.917254395324262,0.48695328370307533,0.48695328370307533,0.5145205818489204,0.5145205818489204,0.5145205818489204,0.516188383102417,0.516188383102417,2.3895750045776367,2.3895750045776367,2.3895750045776367,0.0,0.0,0.0,0.0,0.0
sub001-ses04-block2-game2_002::b0131,test/sub001/ses-04/sub001-ses04-block2-game2_002.npy,sub001,2,3,26,0,Short,1.179079432003496,1.1287969495231738,1.1287969495231738,1.1287969495231738,0.9549066046006642,0.13628984474341088,0.4567224730348274,0.4567224730348274,0.4567224730348274,0.392182988605361,0.09200739860534668,0.0,0.0,0.0,3.3276569843292236,1.0508031845092773,0.0,0.0,0.0,0.30761003494262695
sub001-ses04-block2-game2_002::b0133,test/sub001/ses-04/sub001-ses04-block2-game2_002.npy,sub001,2,2,26,0,Short,1.018005635735114,1.018005635735114,0.9848278705909859,0.9848278705909859,0.9848278705909859,0.44544488961713546,0.44544488961713546,0.44078184122478375,0.44078184122478375,0.44078184122478375,2.4234962463378906,2.4234962463378906,3.1628730297088623,3.1628730297088623,3.1628730297088623,0.0,0.0,0.39655470848083496,0.39655470848083496,0.39655470848083496
sub001-ses04-block2-game2_002::b0134,test/sub001/ses-04/sub001-ses04-block2-game2_002.npy,sub001,2,3,26,0,Short,1.2445100777728881,1.0166458839873818,1.0166458839873818,1.0166458839873818,1.071168285592429,0.30147515098377986,0.4777225080568456,0.4777225080568456,0.4777225080568456,0.4965556740231898,2.5320539474487305,0.0,0.0,0.0,0.1994926929473877,0.06539344787597656,0.0,0.0,0.0,0.3792448043823242
sub001-ses04-block2-game2_002::b0135,test/sub001/ses-04/sub001-ses04-block2-game2_002.npy,sub001,2,4,26,0,Short,1.0950531011608229,0.9194834531743883,0.9194834531743883,1.0139878813177081,1.11693234753253,0.4232595713038556,0.5796480778464563,0.5796480778464563,0.5162178870109462,0.41201988618973007,0.0,0.0,0.0,0.261793851852417,0.0,0.0,0.0,0.0,0.8091387748718262,0.0
sub001-ses04-block2-game2_002::b0136,test/sub001/ses-04/sub001-ses04-block2-game2_002.npy,sub001,2,5,26,0,Short,1.0507251017847625,1.056676909295842,0.9972217253630247,1.1100485309103154,1.075129026958783,0.46107564667637313,0.4420822831538368,0.4512088555900404,0.4136420266610767,0.4652609286946904,0.0,0.17563796043395996,0.51314377784729,0.0,2.821650266647339,0.0,0.5137732028961182,0.5253674983978271,0.0,0.12213683128356934
sub001-ses04-block2-game2_002::b0137,test/sub001/ses-04/sub001-ses04-block2-game2_002.npy,sub001,2,4,26,0,Short,1.1276683821151603,1.0137199627805948,1.0137199627805948,1.1760133231575456,1.1048674643567487,0.430100418829825,0.505258526483759,0.505258526483759,0.26690302576970426,0.3770457092696059,2.5843796730041504,0.0,0.0,2.914180040359497,0.1900041103363037,0.0,0.0,0.0,0.6942434310913086,0.0901789665222168
sub001-ses04-block2-game2_002::b0138,test/sub001/ses-04/sub001-ses04-block2-game2_002.npy,sub001,2,37,26,1,Long,1.045771194220485,1.1764155622357624,1.3077263455185568,1.1600678356163043,1.1705355299966964,0.45110062047886784,0.4558581799876913,0.2874538366462318,0.41228077770585025,0.42370352557416546,2.7376298904418945,0.0,0.04446864128112793,0.030783414840698242,2.0737407207489014,0.0,0.0,0.23294663429260254,0.18851137161254883,0.19478821754455566
sub001-ses04-block2-game2_002::b0139,test/sub001/ses-04/sub001-ses04-block2-game2_002.npy,sub001,2,22,26,0,Short,1.1005689424000897,0.9956449743402916,1.1340929900114247,1.012315121179525,1.1831209332333987,0.4318115319018264,0.5108892176046851,0.4328087014165881,0.5199346955413917,0.32541378111411967,0.0,2.590681552886963,0.11758923530578613,0.0,2.613795042037964,0.0,0.5554070472717285,0.48320674896240234,0.0,0.06820511817932129
sub001-ses04-block2-game2_002::b0140,test/sub001/ses-04/sub001-ses04-block2-game2_002.npy,sub001,2,2,26,0,Short,0.7109195771087454,0.7109195771087454,1.1092769117120602,1.1092769117120602,1.1092769117120602,0.6837944563031599,0.6837944563031599,0.3639552325418892,0.3639552325418892,0.3639552325418892,2.245910406112671,2.245910406112671,0.1793508529663086,0.1793508529663086,0.1793508529663086,0.0,0.0,0.7329778671264648,0.7329778671264648,0.7329778671264648
sub001-ses04-block2-game2_002::b0141,test/sub001/ses-04/sub001-ses04-block2-game2_002.npy,sub001,2,2,26,0,Short,1.074398037591462,1.074398037591462,1.074398037591462,1.2387174528147928,1.2387174528147928,0.3687415827496874,0.3687415827496874,0.3687415827496874,0.2529715597949028,0.2529715597949028,0.4674384593963623,0.4674384593963623,0.4674384593963623,2.618029832839966,2.618029832839966,0.24970221519470215,0.24970221519470215,0.24970221519470215,0.414029598236084,0.414029598236084
sub001-ses04-block2-game2_002::b0142,test/sub001/ses-04/sub001-ses04-block2-game2_002.npy,sub001,2,2,26,0,Short,0.9865358712123229,0.9865358712123229,1.3513554110698485,1.3513554110698485,1.3513554110698485,0.42001821133579637,0.42001821133579637,0.18334090924623625,0.18334090924623625,0.18334090924623625,0.2939307689666748,0.2939307689666748,0.0,0.0,0.0,0.7359919548034668,0.7359919548034668,0.0,0.0,0.0
sub001-ses04-block2-game2_002::b0143,test/sub001/ses-04/sub001-ses04-block2-game2_002.npy,sub001,2,3,26,0,Short,1.1137314233468656,1.1137314233468656,1.2565362196602223,1.3279130129181955,1.3279130129181955,0.4044682530297034,0.4044682530297034,0.2975861250580677,0.21369167425883556,0.21369167425883556,0.41265296936035156,0.41265296936035156,0.0,0.11794590950012207,0.11794590950012207,0.0,0.0,0.0,0.5176200866699219,0.5176200866699219
sub001-ses04-block2-game2_002::b0144,test/sub001/ses-04/sub001-ses04-block2-game2_002.npy,sub001,2,9,26,0,Short,1.0963182909858316,1.3780212947135608,1.2765289813622993,1.3526379882683517,1.3716542024300216,0.3584196574483345,0.1500251636783474,0.3202896779760819,0.20999504626382648,0.2239456822770251,2.1700868606567383,1.5789977312088013,0.0,1.6489282846450806,1.7285473346710205,0.20843517780303955,0.0,0.0,0.0,0.2928781509399414
sub001-ses04-block2-game2_002::b0145,test/sub001/ses-04/sub001-ses04-block2-game2_002.npy,sub001,2,4,26,0,Short,1.3357153622568607,1.31620162474702,1.2786563174229206,1.2786563174229206,1.201394732507544,0.19951903429650836,0.28374130013409704,0.34928224430769944,0.34928224430769944,0.40645871828012525,1.9544235467910767,1.8858026266098022,1.9820477962493896,1.9820477962493896,1.8404498100280762,0.3637547492980957,0.18448901176452637,0.4409438371658325,0.4409438371658325,0.5030299425125122
sub001-ses04-block2-game2_002::b0146,test/sub001/ses-04/sub001-ses04-block2-game2_002.npy,sub001,2,3,26,0,Short,1.1626600009765866,1.1449530527545613,1.1449530527545613,1.1449530527545613,1.264490209533245,0.40717813624033283,0.4672755719123417,0.4672755719123417,0.4672755719123417,0.26217431734779084,0.0,0.16747033596038818,0.16747033596038818,0.16747033596038818,0.0,0.0,0.3595867156982422,0.3595867156982422,0.3595867156982422,0.0
sub001-ses04-block2-game2_002::b0147,test/sub001/ses-04/sub001-ses04-block2-game2_002.npy,sub001,2,4,26,0,Short,1.1620092399164967,1.2644101082593517,1.2644101082593517,1.2822882005943514,1.4049418441811101,0.38091949781356194,0.37725092054469483,0.37725092054469483,0.1550487265475185,0.2263725048779619,0.0,0.0,0.0,1.836685299873352,1.7945244312286377,0.0,0.0,0.0,0.0,0.017255663871765137
sub001-ses04-block2-game2_002::b0148,test/sub001/ses-04/sub001-ses04-block2-game2_002.npy,sub001,2,5,26,0,Short,1.2140760044206709,1.340882741612284,1.3110508145404531,1.1470457371227347,1.4227054969655002,0.37894252559369124,0.315416532073812,0.3325122926516043,0.4309388822153518,0.13800748083331738,1.1376094818115234,0.3602867126464844,1.1108978986740112,0.12840676307678223,0.563561201095581,0.0434192419052124,0.0,0.19480514526367188,0.0897667407989502,0.8474591970443726
sub001-ses04-block2-game2_002::b0149,test/sub001/ses-04/sub001-ses04-block2-game2_002.npy,sub001,2,9,26,0,Short,1.2230689140366813,1.0944617582228857,1.2283096016987898,1.1336389379797442,1.1866871745179541,0.4277983637478221,0.5306801886317085,0.3541494176256357,0.5056179682404154,0.4764576566144765,0.0,0.0,1.3408654928207397,1.3135677576065063,0.046852827072143555,0.0,0.0,0.07234883308410645,0.0754084587097168,0.0
sub001-ses04-block2-game2_002::b0150,test/sub001/ses-04/sub001-ses04-block2-game2_002.npy,sub001,2,4,26,0,Short,1.1937850407192387,1.0903309738922364,1.0903309738922364,1.21843076567702,1.1204958398656206,0.43930268966564634,0.5113795085825945,0.5113795085825945,0.4411397534050056,0.5097521533832439,1.3995822668075562,0.17252278327941895,0.17252278327941895,0.002823948860168457,0.0,0.4708303213119507,0.35719454288482666,0.35719454288482666,0.0,0.0
sub001-ses04-block2-game2_002::b0152,test/sub001/ses-04/sub001-ses04-block2-game2_002.npy,sub001,2,5,26,0,Short,1.2234621536921741,1.1177973595858846,1.2313025681867058,1.2734447523310262,1.1271018019122683,0.40435277109463047,0.4852846807817757,0.4014787624402999,0.34958806968670963,0.4848715274864601,0.0,1.788565993309021,0.050665855407714844,0.0,0.15256726741790771,0.0,0.506543755531311,0.23359930515289307,0.0,0.0
sub001-ses04-block2-game2_002::b0153,test/sub001/ses-04/sub001-ses04-block2-game2_002.npy,sub001,2,7,26,0,Short,1.2721732099474172,1.3101200705009604,1.3292708117280405,1.2358732283048046,1.4097206607244441,0.341569832011599,0.35761445924585655,0.2521061694764698,0.3744939441688496,0.17749389201653892,0.0,0.47134363651275635,0.0,1.4644150733947754,0.0,0.0,0.378379225730896,0.0,0.303112268447876,0.0
sub001-ses04-block2-game2_002::b0154,test/sub001/ses-04/sub001-ses04-block2-game2_002.npy,sub001,2,5,26,0,Short,1.1092320869295298,1.0662769477308787,1.1822614622712346,1.1955871290771263,1.1459271673473663,0.3715809879823969,0.5616259937737811,0.45083863825745085,0.4764783633801131,0.47717819185430366,0.0,1.113016963005066,0.27682197093963623,0.0,0.0,0.0,0.0,0.15275609493255615,0.0,0.0
sub001-ses04-block2-game2_002::b0155,test/sub001/ses-04/sub001-ses04-block2-game2_002.npy,sub001,2,2,26,0,Short,1.44141530193754,1.44141530193754,1.1384543507727,1.1384543507727,1.1384543507727,0.18197842423636162,0.18197842423636162,0.4931176612730317,0.4931176612730317,0.4931176612730317,0.0,0.0,0.0,0.0,0.0,0.0,0.0,0.0,0.0,0.0
sub001-ses04-block2-game2_002::b0156,test/sub001/ses-04/sub001-ses04-block2-game2_002.npy,sub001,2,11,26,0,Short,1.3853592727607797,1.2817077455952415,1.1658334171141795,1.138996153914388,1.1705439802150939,0.0007228967665100505,0.3810457657092826,0.30172331541285957,0.4260752052614436,0.38844199018894543,0.0,0.2497117519378662,0.0,1.6497197151184082,0.013661980628967285,0.0,0.3905155658721924,0.0,0.8638070821762085,0.963300347328186
sub001-ses04-block2-game2_002::b0157,test/sub001/ses-04/sub001-ses04-block2-game2_002.npy,sub001,2,12,26,0,Short,0.538502579816124,1.2009350084967179,1.0547494799407136,1.0867368724450086,1.3039480530448861,0.7853269050856141,0.2802951783664146,0.47402163164674094,0.5312191903225187,0.22462306741145316,0.6762006282806396,0.08410453796386719,1.9144484996795654,0.0,1.636800765991211,1.0220919847488403,1.217246651649475,1.2039576768875122,0.0,0.35675156116485596
sub001-ses04-block2-game2_002::b0158,test/sub001/ses-04/sub001-ses04-block2-game2_002.npy,sub001,2,8,26,0,Short,0.9494034779130436,1.2699282065833637,1.3008327946192983,1.3116817515327088,1.2484261452756507,0.5106794972952087,0.21564209853965616,0.1835465658835288,0.2833851086858573,0.3455962739263049,0.3346956968307495,0.0,2.416909694671631,0.13404250144958496,0.0,0.4976205825805664,0.0,0.3730478286743164,0.15778326988220215,0.0
sub001-ses04-block2-game2_002::b0159,test/sub001/ses-04/sub001-ses04-block2-game2_002.npy,sub001,2,5,26,0,Short,0.5186817329111708,1.117090034125052,1.1602337123601536,1.0603293418610704,1.206304066007845,0.7858121492458863,0.503845256727269,0.4823176782022063,0.5152976511278585,0.40700729434731187,1.6921203136444092,0.07536303997039795,0.0,0.0,1.7297799587249756,0.0,0.27474653720855713,0.0,0.0,0.2258230447769165
sub001-ses04-block2-game2_002::b0160,test/sub001/ses-04/sub001-ses04-block2-game2_002.npy,sub001,2,22,26,0,Short,1.2386616267026,1.203627753794536,1.062498712128162,1.1490476973267345,1.1459034599728624,0.3745462269240025,0.4110051755897176,0.36397022737410684,0.4061037060836037,0.46955001555154946,0.0,0.24446916580200195,1.0927543640136719,1.1753079891204834,0.0,0.0,0.06813335418701172,0.0,0.6407812833786011,0.0
sub001-ses04-block2-game2_002::b0161,test/sub001/ses-04/sub001-ses04-block2-game2_002.npy,sub001,2,18,26,0,Short,0.37846430589335234,0.9396992708529919,0.9356889650750113,1.157666595335669,0.9435698659649149,0.8624394203299286,0.5740370556755258,0.5799568245732756,0.39561781047406175,0.5174138976683172,1.0807636976242065,0.01273047924041748,0.0,0.0,1.0502418279647827,0.1783062219619751,0.18201375007629395,0.0,0.0,0.0
sub001-ses04-block2-game2_002::b0162,test/sub001/ses-04/sub001-ses04-block2-game2_002.npy,sub001,2,3,26,0,Short,0.5437143592164705,0.5437143592164705,1.111689094321714,1.0450682682005636,1.0450682682005636,0.7842326027632953,0.7842326027632953,0.5333369571307143,0.5516285588132859,0.5516285588132859,1.1928722858428955,1.1928722858428955,1.2691056728363037,0.003001689910888672,0.003001689910888672,0.026346683502197266,0.026346683502197266,0.042913079261779785,0.09789752960205078,0.09789752960205078
sub001-ses04-block2-game2_002::b0163,test/sub001/ses-04/sub001-ses04-block2-game2_002.npy,sub001,2,89,26,1,Long,1.3743083625142731,0.9628356401510176,1.0998381635049372,1.139480755363842,0.9845950539450198,0.10099232744934605,0.5103041367787332,0.48268446708361623,0.49477437730269536,0.5998186897379713,0.0,1.0280588865280151,1.0416648387908936,1.1760225296020508,0.0,0.0,0.0,0.04687297344207764,0.12260758876800537,0.0
sub001-ses04-block2-game2_002::b0164,test/sub001/ses-04/sub001-ses04-block2-game2_002.npy,sub001,2,40,26,1,Long,1.2355182871714168,0.9973458545184813,1.09084343331431,0.9479155758647752,0.9554363411716964,0.4110570465210299,0.5932243486083177,0.5406775812827657,0.5780645967003031,0.6105593256507146,0.0,0.0,0.014436602592468262,0.031154274940490723,1.2129367589950562,0.0,0.0,0.1237022876739502,0.09174931049346924,0.06279122829437256
sub001-ses04-block2-game2_002::b0165,test/sub001/ses-04/sub001-ses04-block2-game2_002.npy,sub001,2,19,26,0,Short,0.5438759315262434,0.9567691289852418,1.023114923015747,0.8609477795345671,1.0413355190491993,0.7784311311822516,0.6327638273472328,0.6007828393667297,0.5857931722776204,0.4916947826185757,0.0,0.922875702381134,0.0,0.036159515380859375,0.0,0.0,0.0,0.0,0.12612760066986084,0.0
sub001-ses04-block2-game2_002::b0166,test/sub001/ses-04/sub001-ses04-block2-game2_002.npy,sub001,2,57,26,1,Long,1.2441990875975506,0.6607319516777391,0.5562100529950716,0.4850713880026605,0.45607572234246324,0.35866776509042453,0.7623219358431582,0.8144138411185321,0.8399733891149398,0.8622561979204011,0.812978208065033,0.10591614246368408,0.0,2.213656425476074,0.16640186309814453,0.0,0.0,0.0,0.12070035934448242,0.12269449234008789
sub001-ses04-block2-game2_002::b0167,test/sub001/ses-04/sub001-ses04-block2-game2_002.npy,sub001,2,28,26,1,Long,0.46663189970520197,0.7732512643930892,0.6224147533941093,0.7338968731626638,0.5982490860017343,0.8048250353806188,0.7158997825760035,0.7805261141230551,0.7292812896548866,0.7937124508373645,0.0,0.0,0.22685933113098145,2.5737106800079346,3.081188201904297,0.0,0.0,0.25087618827819824,0.0,0.09958696365356445
sub001-ses04-block2-game2_002::b0168,test/sub001/ses-04/sub001-ses04-block2-game2_002.npy,sub001,2,61,26,1,Long,0.9890963301733806,0.5795775633284025,0.740997356701166,0.717684243443438,0.7422335609319882,0.10171336778450801,0.8045043115707398,0.7297975973405174,0.7336869729277498,0.7087705982959455,0.016779422760009766,3.0170071125030518,2.97635555267334,3.2629618644714355,0.0,0.0,0.09465360641479492,0.0,0.036815643310546875,0.0
sub001-ses04-block2-game2_002::b0169,test/sub001/ses-04/sub001-ses04-block2-game2_002.npy,sub001,2,19,26,0,Short,1.3701875716820082,0.7180716103817688,0.6960072338953477,0.7611350285266901,0.7623418627818769,0.14376143352574539,0.7120537566199678,0.7274741258772407,0.6766066882170878,0.6738456182687322,0.06347417831420898,3.6349833011627197,3.4739162921905518,0.0,0.0,0.0,0.10407185554504395,0.0,0.0,0.0
sub001-ses04-block2-game2_002::b0170,test/sub001/ses-04/sub001-ses04-block2-game2_002.npy,sub001,2,2,26,0,Short,1.1146302547597684,1.1146302547597684,0.7174394875376418,0.7174394875376418,0.7174394875376418,0.4703266287825101,0.4703266287825101,0.6893864655418144,0.6893864655418144,0.6893864655418144,0.0,0.0,0.08101797103881836,0.08101797103881836,0.08101797103881836,0.0,0.0,0.35589599609375,0.35589599609375,0.35589599609375
sub001-ses04-block2-game2_002::b0171,test/sub001/ses-04/sub001-ses04-block2-game2_002.npy,sub001,2,3,26,0,Short,1.0164019845565266,1.0164019845565266,0.7286213611518132,0.818513959160239,0.818513959160239,0.3448838713091182,0.3448838713091182,0.7196114453177959,0.636630055646946,0.636630055646946,3.473452091217041,3.473452091217041,0.11171555519104004,3.4186699390411377,3.4186699390411377,0.0455937385559082,0.0455937385559082,0.1280210018157959,0.028770923614501953,0.028770923614501953
sub001-ses04-block2-game2_002::b0172,test/sub001/ses-04/sub001-ses04-block2-game2_002.npy,sub001,2,3,26,0,Short,1.0082461066325736,0.6778104291687316,0.6778104291687316,0.6778104291687316,0.919797025055183,0.3461917186886218,0.7419421479794853,0.7419421479794853,0.7419421479794853,0.5625854143965294,0.0,0.021840333938598633,0.021840333938598633,0.021840333938598633,0.0,0.0,0.10867452621459961,0.10867452621459961,0.10867452621459961,0.0
sub001-ses04-block2-game2_002::b0173,test/sub001/ses-04/sub001-ses04-block2-game2_002.npy,sub001,2,4,26,0,Short,0.9727209295665482,0.7856344592743648,0.7856344592743648,0.858995518612068,0.7536427808681859,0.3923616469486866,0.6584620051238661,0.6584620051238661,0.6146227489970135,0.7015785317720225,3.6401782035827637,0.0,0.0,3.5705370903015137,3.59047794342041,0.1574094295501709,0.0,0.0,0.06883764266967773,0.06566739082336426
sub001-ses04-block2-game2_002::b0174,test/sub001/ses-04/sub001-ses04-block2-game2_002.npy,sub001,2,13,26,0,Short,0.711740498504434,0.6801872957432693,0.7491160481048602,0.7552757824647686,0.6419752954141423,0.5134849403807251,0.7154925530996978,0.6716989312393794,0.6799804238634585,0.7507629445149742,0.0,0.0,0.2883882522583008,4.093652725219727,0.0,0.0,0.0,0.10910272598266602,0.42708897590637207,0.0
sub001-ses04-block2-game2_002::b0175,test/sub001/ses-04/sub001-ses04-block2-game2_002.npy,sub001,2,2,26,0,Short,0.9447613009303388,0.9447613009303388,0.5113460052746862,0.5113460052746862,0.5113460052746862,0.41026156022460336,0.41026156022460336,0.8316671752088478,0.8316671752088478,0.8316671752088478,0.14485406875610352,0.14485406875610352,4.6498823165893555,4.6498823165893555,4.6498823165893555,0.10504436492919922,0.10504436492919922,1.240246295928955,1.240246295928955,1.240246295928955
sub001-ses04-block2-game2_002::b0176,test/sub001/ses-04/sub001-ses04-block2-game2_002.npy,sub001,2,2,26,0,Short,0.8018171504642588,0.8018171504642588,0.5923313987905106,0.5923313987905106,0.5923313987905106,0.5403027449668134,0.5403027449668134,0.7558693520106446,0.7558693520106446,0.7558693520106446,4.069228649139404,4.069228649139404,0.0,0.0,0.0,0.0,0.0,0.0,0.0,0.0
sub001-ses04-block2-game2_002::b0177,test/sub001/ses-04/sub001-ses04-block2-game2_002.npy,sub001,2,2,26,0,Short,1.0579504827897521,1.0579504827897521,0.8899528393090771,0.8899528393090771,0.8899528393090771,0.3743472204340928,0.3743472204340928,0.5409087103362237,0.5409087103362237,0.5409087103362237,0.16961288452148438,0.16961288452148438,0.0,0.0,0.0,0.46402883529663086,0.46402883529663086,0.0,0.0,0.0
sub001-ses04-block2-game2_002::b0178,test/sub001/ses-04/sub001-ses04-block2-game2_002.npy,sub001,2,3,26,0,Short,0.798373417219849,0.798373417219849,0.764406154167538,0.7015067063363537,0.7015067063363537,0.5616058452190429,0.5616058452190429,0.6433626094917677,0.6342742957799247,0.6342742957799247,4.765474319458008,4.765474319458008,4.428622722625732,0.0,0.0,0.2547311782836914,0.2547311782836914,0.0,0.0,0.0
sub001-ses04-block2-game2_002::b0179,test/sub001/ses-04/sub001-ses04-block2-game2_002.npy,sub001,2,4,26,0,Short,0.7838951451863387,0.7777199821762634,0.7777199821762634,0.6816471027996281,0.853794708386184,0.5204668269690854,0.6345601714354351,0.6345601714354351,0.6449584057066313,0.5480357606012694,4.750768184661865,0.0,0.0,4.864461421966553,0.48352718353271484,0.6668558120727539,0.0,0.0,0.6862640380859375,0.23365306854248047
sub001-ses04-block2-game2_002::b0180,test/sub001/ses-04/sub001-ses04-block2-game2_002.npy,sub001,2,4,26,0,Short,0.8361702385051504,0.8272393355546169,0.8272393355546169,0.8544593272200165,0.8449866928885876,0.47206660480006746,0.5894822163947437,0.5894822163947437,0.4945178342556531,0.5823958445837929,0.3387589454650879,0.21326684951782227,0.21326684951782227,0.10505914688110352,0.5792770385742188,0.586127758026123,0.0,0.0,0.5013666152954102,0.0
sub001-ses04-block2-game2_002::b0181,test/sub001/ses-04/sub001-ses04-block2-game2_002.npy,sub001,2,2,26,0,Short,0.8339250621150748,0.8339250621150748,0.977346349971907,0.977346349971907,0.977346349971907,0.4633949281955578,0.4633949281955578,0.45966649190576364,0.45966649190576364,0.45966649190576364,0.0,0.0,0.0,0.0,0.0,0.0,0.0,0.0,0.0,0.0
sub001-ses04-block2-game2_002::b0182,test/sub001/ses-04/sub001-ses04-block2-game2_002.npy,sub001,2,3,26,0,Short,0.541780821538783,0.771008441341252,0.771008441341252,0.771008441341252,0.8023127448377984,0.7755557320267602,0.5973048727268369,0.5973048727268369,0.5973048727268369,0.668782486074795,4.156091690063477,4.396110534667969,4.396110534667969,4.396110534667969,4.499526500701904,0.0,0.0,0.0,0.0,0.21186065673828125
sub001-ses04-block2-game2_002::b0183,test/sub001/ses-04/sub001-ses04-block2-game2_002.npy,sub001,2,3,26,0,Short,0.7767680923537701,0.9478728410983589,0.9478728410983589,0.9478728410983589,0.7627120662150889,0.5147742245935645,0.3931278747942722,0.3931278747942722,0.3931278747942722,0.6003563172718638,0.17930078506469727,4.621220588684082,4.621220588684082,4.621220588684082,0.0,0.026424407958984375,0.15714645385742188,0.15714645385742188,0.15714645385742188,0.0
sub001-ses04-block2-game2_002::b0184,test/sub001/ses-04/sub001-ses04-block2-game2_002.npy,sub001,2,8,26,0,Short,0.5721118494699099,0.8961970793213213,0.914192041414796,0.8726350824139004,0.8186198167028729,0.6998556910160355,0.43111186822754377,0.3860831725627277,0.5336051840372437,0.5191110511559254,0.0,0.39952611923217773,0.0,4.024888515472412,4.595949649810791,0.0,0.7702884674072266,0.0,0.08678627014160156,0.5858831405639648
sub001-ses04-block2-game2_002::b0185,test/sub001/ses-04/sub001-ses04-block2-game2_002.npy,sub001,2,3,26,0,Short,0.8816124945442019,0.936272521331955,0.936272521331955,0.936272521331955,1.0092014071243525,0.4907860189027453,0.4474634655962687,0.4474634655962687,0.4474634655962687,0.3253452272591736,4.923183441162109,0.09095621109008789,0.09095621109008789,0.09095621109008789,5.066956043243408,0.5534687042236328,0.6791057586669922,0.6791057586669922,0.6791057586669922,0.9539642333984375
sub001-ses04-block2-game2_002::b0186,test/sub001/ses-04/sub001-ses04-block2-game2_002.npy,sub001,2,2,26,0,Short,0.7784901592247652,0.7784901592247652,1.0284985762221883,1.0284985762221883,1.0284985762221883,0.5524554726453283,0.5524554726453283,0.2983118266251826,0.2983118266251826,0.2983118266251826,0.577789306640625,0.577789306640625,0.0,0.0,0.0,0.22941017150878906,0.22941017150878906,0.0,0.0,0.0
sub001-ses04-block2-game2_002::b0187,test/sub001/ses-04/sub001-ses04-block2-game2_002.npy,sub001,2,4,26,0,Short,0.7424167866931402,1.0983220663524647,1.0966858526318295,1.0966858526318295,0.8571341000759164,0.5778287011061527,0.06813720438196691,0.44228173898771983,0.44228173898771983,0.5428245989213734,0.0,0.47084569931030273,4.467707633972168,4.467707633972168,4.050978660583496,0.0,0.1767292022705078,0.4108405113220215,0.4108405113220215,0.0
sub001-ses04-block2-game2_002::b0188,test/sub001/ses-04/sub001-ses04-block2-game2_002.npy,sub001,2,3,26,0,Short,0.7220724558515951,0.7220724558515951,1.0389778230337485,1.0522645433704483,1.0522645433704483,0.6082863691413458,0.6082863691413458,0.2471191849331329,0.3237772642234906,0.3237772642234906,5.023658275604248,5.023658275604248,4.8264241218566895,0.5592174530029297,0.5592174530029297,0.24059009552001953,0.24059009552001953,0.3543124198913574,0.0,0.0
sub001-ses04-block2-game2_002::b0189,test/sub001/ses-04/sub001-ses04-block2-game2_002.npy,sub001,2,3,26,0,Short,0.7350053120168385,0.7350053120168385,0.9750747126121113,1.0994191203129213,1.0994191203129213,0.5709081247712658,0.5709081247712658,0.2641618384946171,0.08260717791880251,0.08260717791880251,0.543236255645752,0.543236255645752,5.044531345367432,0.4264659881591797,0.4264659881591797,0.0,0.0,0.8844113349914551,0.13477611541748047,0.13477611541748047
sub001-ses04-block2-game2_002::b0190,test/sub001/ses-04/sub001-ses04-block2-game2_002.npy,sub001,2,3,26,0,Short,0.756055041022815,0.756055041022815,0.8894322684897472,0.9349593033473189,0.9349593033473189,0.5671472194593088,0.5671472194593088,0.31763400924546387,0.22246549739330418,0.22246549739330418,4.547055244445801,4.547055244445801,0.6594321727752686,0.0,0.0,0.18299150466918945,0.18299150466918945,0.15697336196899414,0.0,0.0
sub001-ses04-block2-game2_002::b0191,test/sub001/ses-04/sub001-ses04-block2-game2_002.npy,sub001,2,4,26,0,Short,0.7625982210109394,1.1181014955680904,1.1181014955680904,1.0000711095158576,0.9434301269532671,0.5034840983834968,0.13986764577204014,0.13986764577204014,0.4180902222681264,0.4600587943801819,3.9761416912078857,4.038982391357422,4.038982391357422,4.349809646606445,0.0,0.05220651626586914,0.15826034545898438,0.15826034545898438,0.1182260513305664,0.0
sub001-ses04-block2-game2_002::b0192,test/sub001/ses-04/sub001-ses04-block2-game2_002.npy,sub001,2,4,26,0,Short,0.8697046739687927,1.158520654296251,1.1099040101863389,1.1099040101863389,1.2171153701763586,0.4930337763871397,0.023545754236114103,0.22043222023212294,0.22043222023212294,0.028104800884848957,3.6117942333221436,0.08966779708862305,4.445966720581055,4.445966720581055,0.0,0.0,0.752251148223877,0.29561614990234375,0.29561614990234375,0.0
sub001-ses04-block2-game2_002::b0193,test/sub001/ses-04/sub001-ses04-block2-game2_002.npy,sub001,2,3,26,0,Short,0.8149525666020402,1.0832710771675913,1.0832710771675913,1.0832710771675913,1.1363083165932508,0.5438288690317148,0.2435233521094673,0.2435233521094673,0.2435233521094673,0.02834267999031842,4.326951503753662,0.10299539566040039,0.10299539566040039,0.10299539566040039,4.775731086730957,0.2812333106994629,0.4167184829711914,0.4167184829711914,0.4167184829711914,0.5847711563110352
sub001-ses04-block2-game2_002::b0194,test/sub001/ses-04/sub001-ses04-block2-game2_002.npy,sub001,2,3,26,0,Short,0.8322334609746505,1.0647856230581192,1.0647856230581192,1.0647856230581192,1.064054442942657,0.5538940269499741,0.06395510794202636,0.06395510794202636,0.06395510794202636,0.25686945903888225,4.632742404937744,4.154468536376953,4.154468536376953,4.154468536376953,0.6530451774597168,0.9252266883850098,0.5987935066223145,0.5987935066223145,0.5987935066223145,0.2259993553161621
sub001-ses04-block2-game2_002::b0195,test/sub001/ses-04/sub001-ses04-block2-game2_002.npy,sub001,2,3,26,0,Short,0.8538527593203541,0.8538527593203541,0.9405117498582739,0.8727527118153052,0.8727527118153052,0.48667928170402386,0.48667928170402386,0.1999263303384023,0.5286473866471343,0.5286473866471343,0.0,0.0,0.049448490142822266,3.909116744995117,3.909116744995117,0.0,0.0,1.2373929023742676,0.0,0.0
sub001-ses04-block2-game2_002::b0196,test/sub001/ses-04/sub001-ses04-block2-game2_002.npy,sub001,2,4,26,0,Short,1.1609372659947657,1.1970596837471805,1.1970596837471805,1.1597979321343115,1.0814744820714213,0.04394602315914142,0.3835525747950299,0.3835525747950299,0.38324896897996025,0.413184552007039,4.334935665130615,0.01999187469482422,0.01999187469482422,3.534503221511841,4.040751934051514,0.24200773239135742,0.734055757522583,0.734055757522583,0.0,0.08637571334838867
sub001-ses04-block2-game2_002::b0198,test/sub001/ses-04/sub001-ses04-block2-game2_002.npy,sub001,2,7,26,0,Short,0.8834657456063699,0.9964524235916628,0.7949354483569736,0.7488436766242603,0.8837409428707165,0.39407497358067956,0.30125604671535244,0.5042789348917522,0.6430508606639448,0.3853857538213847,4.296298503875732,4.73985481262207,1.283158779144287,4.447635650634766,3.7226498126983643,0.8924498558044434,0.44498443603515625,0.15197181701660156,0.21356201171875,0.0
sub001-ses04-block2-game2_002::b0199,test/sub001/ses-04/sub001-ses04-block2-game2_002.npy,sub001,2,11,26,0,Short,0.8440403301100775,0.8786212787779336,1.0234042107648678,0.8302427510274679,1.0737946414879933,0.4569316148063287,0.46666062485561743,0.37438015623353804,0.4857185635717235,0.32220521779701955,5.0591607093811035,0.0,0.46250391006469727,4.361783504486084,4.221749782562256,0.6745481491088867,0.0,0.0,0.0,0.0
sub001-ses04-block2-game2_002::b0200,test/sub001/ses-04/sub001-ses04-block2-game2_002.npy,sub001,2,22,26,0,Short,0.6954435308842121,1.127836808472699,0.8869556269069049,1.0303248107942087,0.918896563332518,0.687961268803887,0.18104969715455016,0.3600850104240046,0.4502156555351842,0.2924222216817175,0.22382879257202148,1.1073169708251953,0.3930661678314209,0.0,0.058434247970581055,0.0,0.008649826049804688,0.5165777206420898,0.0,0.0
sub001-ses04-block2-game2_002::b0201,test/sub001/ses-04/sub001-ses04-block2-game2_002.npy,sub001,2,6,26,0,Short,0.5224392910535804,0.9803319147479418,0.9205889539275938,0.937203789946138,0.9396191341599474,0.7738301154921872,0.27310638357988737,0.20123491320598202,0.3379804019107831,0.1675147759763546,3.8339099884033203,3.8954250812530518,0.0,3.8634519577026367,0.2495129108428955,0.0,0.0,0.0,0.0,0.08806467056274414
sub001-ses04-block2-game2_002::b0202,test/sub001/ses-04/sub001-ses04-block2-game2_002.npy,sub001,2,6,26,0,Short,0.8388699585119375,0.8429810978514299,0.9279832320132646,0.85940670213007,0.8804707292963908,0.6024250341491105,0.5800840931956724,0.40551963820063214,0.5703619444123017,0.5419331770715478,0.01666998863220215,0.0,0.07245683670043945,3.9511706829071045,0.0,0.39365673065185547,0.0,0.24429798126220703,0.2873210906982422,0.0
sub001-ses04-block2-game2_002::b0203,test/sub001/ses-04/sub001-ses04-block2-game2_002.npy,sub001,2,3,26,0,Short,0.8467598051237616,0.8827155300243604,0.8827155300243604,0.8827155300243604,0.839546823367233,0.486333352608018,0.4817769112364102,0.4817769112364102,0.4817769112364102,0.5389601257087122,3.9511828422546387,0.007775783538818359,0.007775783538818359,0.007775783538818359,3.89693546295166,0.22652125358581543,0.23399877548217773,0.23399877548217773,0.23399877548217773,0.22773313522338867
sub001-ses04-block2-game2_002::b0204,test/sub001/ses-04/sub001-ses04-block2-game2_002.npy,sub001,2,4,26,0,Short,0.9140363214900188,0.8779580901848973,0.8779580901848973,0.8819413381928582,0.8786635337155971,0.46417494766328876,0.48602973940980115,0.48602973940980115,0.532794505335841,0.5363946737820228,4.027129650115967,0.0,0.0,0.10328483581542969,3.9321439266204834,0.1103668212890625,0.0,0.0,0.19335603713989258,0.19179725646972656
sub001-ses04-block2-game2_002::b0205,test/sub001/ses-04/sub001-ses04-block2-game2_002.npy,sub001,2,4,26,0,Short,0.879766300556702,0.8708493097454197,0.8708493097454197,0.8922693906689388,0.9634666771359206,0.458593404297829,0.4808439745103962,0.4808439745103962,0.5288310173660444,0.3546969819531661,3.796740770339966,3.929873466491699,3.929873466491699,4.027337074279785,4.109450817108154,0.2555661201477051,0.0485682487487793,0.0485682487487793,0.3004875183105469,0.9247941970825195
sub001-ses04-block2-game2_002::b0206,test/sub001/ses-04/sub001-ses04-block2-game2_002.npy,sub001,2,3,26,0,Short,0.7886181296333767,0.9710067986023677,0.9710067986023677,0.9710067986023677,0.9855925171395296,0.5290110340071819,0.4517040089210511,0.4517040089210511,0.4517040089210511,0.3561111988963133,0.0,4.280982494354248,4.280982494354248,4.280982494354248,0.0,0.0,0.7192831039428711,0.7192831039428711,0.7192831039428711,0.0
sub001-ses04-block2-game2_002::b0207,test/sub001/ses-04/sub001-ses04-block2-game2_002.npy,sub001,2,2,26,0,Short,0.8592628799194197,0.8592628799194197,0.8592628799194197,0.8423108263836726,0.8423108263836726,0.5319499356555117,0.5319499356555117,0.5319499356555117,0.5551517707741052,0.5551517707741052,0.08687663078308105,0.08687663078308105,0.08687663078308105,3.994961738586426,3.994961738586426,0.2475414276123047,0.2475414276123047,0.2475414276123047,0.3230297565460205,0.3230297565460205
sub001-ses04-block2-game2_002::b0208,test/sub001/ses-04/sub001-ses04-block2-game2_002.npy,sub001,2,3,26,0,Short,0.9256652595029453,0.9256652595029453,1.0044811649151895,1.1653076374422089,1.1653076374422089,0.4022486476045893,0.4022486476045893,0.3563459534186131,0.17314952569309605,0.17314952569309605,0.0,0.0,0.0,0.0,0.0,0.0,0.0,0.0,0.0,0.0
sub001-ses04-block2-game2_002::b0209,test/sub001/ses-04/sub001-ses04-block2-game2_002.npy,sub001,2,4,26,0,Short,0.8744102478333313,0.9204278477112439,0.9204278477112439,0.877711285607804,1.0310507965789757,0.4269677795715862,0.42727263293565193,0.42727263293565193,0.5042331716694746,0.27924843612434136,0.1574726104736328,4.202340126037598,4.202340126037598,0.5574398040771484,3.7130696773529053,0.6266582012176514,0.915708065032959,0.915708065032959,0.9943532943725586,0.0
sub001-ses04-block2-game2_002::b0210,test/sub001/ses-04/sub001-ses04-block2-game2_002.npy,sub001,2,2,26,0,Short,0.7977962792376385,0.7977962792376385,1.0374130448218655,1.0374130448218655,1.0374130448218655,0.5395526083617254,0.5395526083617254,0.29064831250999157,0.29064831250999157,0.29064831250999157,0.37463831901550293,0.37463831901550293,0.6878149509429932,0.6878149509429932,0.6878149509429932,1.1005761623382568,1.1005761623382568,0.7825798988342285,0.7825798988342285,0.7825798988342285
sub001-ses04-block2-game2_002::b0211,test/sub001/ses-04/sub001-ses04-block2-game2_002.npy,sub001,2,4,26,0,Short,0.7838572154702271,0.8343517229705427,0.8343517229705427,0.8896533559127326,1.033475337584739,0.5840646461164445,0.44833907482376695,0.44833907482376695,0.31089250827646664,0.24236693293840728,4.560055732727051,0.0,0.0,3.8073761463165283,4.3133063316345215,0.7721171379089355,0.0,0.0,0.0,0.35776376724243164
sub001-ses04-block2-game2_002::b0212,test/sub001/ses-04/sub001-ses04-block2-game2_002.npy,sub001,2,2,26,0,Short,0.7061596012126834,0.7061596012126834,1.0323410871960619,1.0323410871960619,1.0323410871960619,0.5661652593666263,0.5661652593666263,0.12005411561728474,0.12005411561728474,0.12005411561728474,0.0,0.0,0.1285862922668457,0.1285862922668457,0.1285862922668457,0.0,0.0,0.19610261917114258,0.19610261917114258,0.19610261917114258
sub001-ses04-block2-game2_002::b0213,test/sub001/ses-04/sub001-ses04-block2-game2_002.npy,sub001,2,4,26,0,Short,0.8109086235105348,0.7969506629035622,0.7969506629035622,0.9741028035922179,0.9245344523728273,0.5200250933848976,0.4030724405437964,0.4030724405437964,0.3981305775987008,0.47733726510883034,3.790013313293457,0.359194278717041,0.359194278717041,4.248579502105713,4.462838172912598,0.0,0.5541753768920898,0.5541753768920898,0.37389516830444336,0.2948317527770996
sub001-ses04-block2-game2_002::b0214,test/sub001/ses-04/sub001-ses04-block2-game2_002.npy,sub001,2,3,26,0,Short,0.7835595148617533,0.9982679734601746,0.9982679734601746,0.9982679734601746,0.9334183271066705,0.5339042730583003,0.39983798460493813,0.39983798460493813,0.39983798460493813,0.3783465209240583,0.1728506088256836,4.398816108703613,4.398816108703613,4.398816108703613,0.0,0.27658510208129883,0.44794702529907227,0.44794702529907227,0.44794702529907227,0.0
sub001-ses04-block2-game2_002::b0215,test/sub001/ses-04/sub001-ses04-block2-game2_002.npy,sub001,2,3,26,0,Short,0.9193214814506399,0.924016826763025,0.924016826763025,0.924016826763025,0.893900807473337,0.4817117583299181,0.53624981888246,0.53624981888246,0.53624981888246,0.5411696802119607,3.419752836227417,3.4391398429870605,3.4391398429870605,3.4391398429870605,4.0188093185424805,0.0,0.10867452621459961,0.10867452621459961,0.10867452621459961,0.5456235408782959
sub001-ses04-block2-game2_002::b0216,test/sub001/ses-04/sub001-ses04-block2-game2_002.npy,sub001,2,4,26,0,Short,0.9188080302371289,1.0781847885909335,1.0781847885909335,0.9471220563096053,1.0683115542035742,0.4504337953840678,0.2749892718512159,0.2749892718512159,0.33852986055005313,0.2769160346388354,4.630521297454834,3.7493622303009033,3.7493622303009033,4.7395195960998535,0.4114058017730713,0.9592065811157227,0.0,0.0,1.273120403289795,0.3707256317138672
sub001-ses04-block2-game2_002::b0217,test/sub001/ses-04/sub001-ses04-block2-game2_002.npy,sub001,2,2,26,0,Short,0.8250951265913877,0.8250951265913877,1.0105202672223648,1.0105202672223648,1.0105202672223648,0.5382390070315204,0.5382390070315204,0.44739823203141316,0.44739823203141316,0.44739823203141316,3.254483461380005,3.254483461380005,4.332738399505615,4.332738399505615,4.332738399505615,0.0,0.0,0.9514312744140625,0.9514312744140625,0.9514312744140625
sub001-ses04-block2-game2_002::b0218,test/sub001/ses-04/sub001-ses04-block2-game2_002.npy,sub001,2,2,26,0,Short,0.8087385966935946,0.8087385966935946,0.9325156111395112,0.9325156111395112,0.9325156111395112,0.5540534468019591,0.5540534468019591,0.40757963683466925,0.40757963683466925,0.40757963683466925,3.5477371215820312,3.5477371215820312,4.128438949584961,4.128438949584961,4.128438949584961,0.11602520942687988,0.11602520942687988,0.17557859420776367,0.17557859420776367,0.17557859420776367
sub001-ses04-block2-game2_002::b0219,test/sub001/ses-04/sub001-ses04-block2-game2_002.npy,sub001,2,2,26,0,Short,0.8327058277020746,0.8327058277020746,1.3674290018895146,1.3674290018895146,1.3674290018895146,0.5260460963103109,0.5260460963103109,0.23771281910603928,0.23771281910603928,0.23771281910603928,3.9866275787353516,3.9866275787353516,0.0,0.0,0.0,0.2260444164276123,0.2260444164276123,0.0,0.0,0.0
sub001-ses04-block2-game2_002::b0220,test/sub001/ses-04/sub001-ses04-block2-game2_002.npy,sub001,2,3,26,0,Short,0.8858182143408744,0.8858182143408744,0.9495612616623839,0.9696515553188538,0.9696515553188538,0.46646979399067917,0.46646979399067917,0.4189383609624827,0.3898590522283009,0.3898590522283009,0.0,0.0,0.01006174087524414,4.080982208251953,4.080982208251953,0.0,0.0,1.0199246406555176,0.22608304023742676,0.22608304023742676
sub001-ses04-block2-game2_002::b0221,test/sub001/ses-04/sub001-ses04-block2-game2_002.npy,sub001,2,3,26,0,Short,0.8790463156698178,1.0779828729523746,1.0779828729523746,1.0779828729523746,1.1579072393165408,0.4878856718719055,0.33553001292676465,0.33553001292676465,0.33553001292676465,0.1910228018282501,0.0,3.7384116649627686,3.7384116649627686,3.7384116649627686,0.14525604248046875,0.0,0.0,0.0,0.0,1.4324676990509033
sub001-ses04-block2-game2_002::b0222,test/sub001/ses-04/sub001-ses04-block2-game2_002.npy,sub001,2,3,26,0,Short,0.79662168940943,0.79662168940943,1.2463515878942841,1.143448621182243,1.143448621182243,0.5556715710925262,0.5556715710925262,0.3206324073071791,0.2215558377915251,0.2215558377915251,0.0936899185180664,0.0936899185180664,0.0,0.28937196731567383,0.28937196731567383,0.7865748405456543,0.7865748405456543,0.0,0.3925294876098633,0.3925294876098633
sub001-ses04-block2-game2_002::b0223,test/sub001/ses-04/sub001-ses04-block2-game2_002.npy,sub001,2,3,26,0,Short,0.8402395880387721,1.0887745860634706,1.0887745860634706,1.0887745860634706,1.179267180868981,0.5358034726344401,0.22438984745463514,0.22438984745463514,0.22438984745463514,0.21042372393021708,0.06457996368408203,3.988752603530884,3.988752603530884,3.988752603530884,0.3249087333679199,1.3610308170318604,0.30403757095336914,0.30403757095336914,0.30403757095336914,1.2167656421661377
sub001-ses04-block2-game2_002::b0224,test/sub001/ses-04/sub001-ses04-block2-game2_002.npy,sub001,2,3,26,0,Short,1.0328190154290007,1.2416841031634611,1.2416841031634611,1.2416841031634611,0.9913091675268055,0.38171885916275516,0.26888566068707404,0.26888566068707404,0.26888566068707404,0.5005788828612949,0.0,3.8830456733703613,3.8830456733703613,3.8830456733703613,0.0,0.0,0.2816426753997803,0.2816426753997803,0.2816426753997803,0.0
sub001-ses04-block2-game2_002::b0225,test/sub001/ses-04/sub001-ses04-block2-game2_002.npy,sub001,2,2,26,0,Short,0.8992402720994312,0.8992402720994312,1.0288567075374584,1.0288567075374584,1.0288567075374584,0.46419736823602187,0.46419736823602187,0.4135671760820326,0.4135671760820326,0.4135671760820326,0.04630136489868164,0.04630136489868164,0.0,0.0,0.0,0.33956003189086914,0.33956003189086914,0.0,0.0,0.0
sub001-ses04-block2-game2_002::b0226,test/sub001/ses-04/sub001-ses04-block2-game2_002.npy,sub001,2,22,26,0,Short,0.9726352757687664,1.0992864085660845,1.20400058055313,1.0486187330647563,1.173624188682821,0.38681338775300944,0.4432130251339148,0.37447497053744994,0.48549442924422387,0.39937578173033117,0.0,4.020859241485596,3.8453752994537354,0.0,4.518277645111084,0.0,0.5954747200012207,0.0037086009979248047,0.0,0.7888326644897461
sub001-ses04-block2-game2_002::b0227,test/sub001/ses-04/sub001-ses04-block2-game2_002.npy,sub001,2,43,26,1,Long,0.30707613205458384,1.169097277825116,0.9012025641894473,0.987313495705462,1.0333591742531019,0.8882206473981379,0.1476650858238457,0.6178845006194067,0.5467763383508862,0.5276759827561367,0.0,0.09279131889343262,0.0,4.32167911529541,0.0,0.0,0.2668037414550781,0.0,0.8820161819458008,0.0
sub001-ses04-block2-game2_002::b0229,test/sub001/ses-04/sub001-ses04-block2-game2_002.npy,sub001,2,7,26,0,Short,0.8223445602716286,1.1402589620576744,1.0117180587846666,0.9703271105671296,0.8667057404921829,0.5118907368940899,0.28586581402998423,0.37359648215457264,0.4651742040362555,0.519945908134685,0.3291146755218506,4.816569805145264,0.43773555755615234,0.0,4.867743015289307,0.533729076385498,0.9738955497741699,0.8475394248962402,0.0,1.2332632541656494
sub001-ses04-block2-game2_002::b0231,test/sub001/ses-04/sub001-ses04-block2-game2_002.npy,sub001,2,6,26,0,Short,0.885398283507524,0.9681532224304441,0.7959873579957588,0.8895647528734579,1.0630229124171293,0.46955645582045413,0.4362236019620075,0.647915404362017,0.5171332347598435,0.44919653697101036,0.0,0.0,3.476630449295044,0.0,4.045627593994141,0.0,0.0,0.0,0.0,0.7843022346496582
sub001-ses04-block2-game2_002::b0232,test/sub001/ses-04/sub001-ses04-block2-game2_002.npy,sub001,2,9,26,0,Short,0.3689732130750677,0.8339591393486064,0.8281941141313113,0.7485146265018867,0.9239845784629326,0.8693176882778687,0.6447607016336222,0.6148677266069725,0.6879170797067894,0.5728045900704275,3.2886452674865723,0.0,3.5839970111846924,0.11606359481811523,0.0,0.0,0.0,0.5861060619354248,0.0,0.0
sub001-ses04-block2-game2_002::b0233,test/sub001/ses-04/sub001-ses04-block2-game2_002.npy,sub001,2,9,26,0,Short,0.9762321835032697,0.9851134348203545,0.9108122221526643,0.9716886403540596,0.8828274814291439,0.39217266923032773,0.5355568421379683,0.5957038404878158,0.5475614224128652,0.6090611799715311,3.563509941101074,0.0,0.0,3.6977930068969727,0.0,0.0,0.0,0.0,0.0,0.0
sub001-ses04-block2-game2_002::b0234,test/sub001/ses-04/sub001-ses04-block2-game2_002.npy,sub001,2,21,26,0,Short,0.9000667918842536,0.9097301859588399,0.9476345138177565,0.9990125252954365,0.9567827314919739,0.4178289222248552,0.5304288388561167,0.5247861240862226,0.4993337404117365,0.5364756390713434,0.0,3.613837242126465,3.6482741832733154,0.0,0.0,0.0,0.0,0.5431468486785889,0.0,0.0
sub001-ses04-block2-game2_002::b0235,test/sub001/ses-04/sub001-ses04-block2-game2_002.npy,sub001,2,9,26,0,Short,0.351473547328691,0.8952233370974689,0.8418248166572695,0.9204439837426169,0.9255047046324333,0.8775066393278818,0.6032348306231506,0.6042573899260109,0.5002747849228755,0.5903896834855276,0.023473739624023438,3.5427777767181396,0.0,0.38910841941833496,3.658661127090454,0.0,0.0,0.0,0.3178677558898926,0.21633696556091309
sub001-ses04-block2-game2_002::b0237,test/sub001/ses-04/sub001-ses04-block2-game2_002.npy,sub001,2,113,26,1,Long,0.8380074948740325,0.41888370333594965,0.23148341845903403,0.3218698307286954,0.8996725991360264,0.45778416800982,0.8709843948787519,0.9343095664166933,0.9029266284096302,0.6040385442848646,0.0,0.0,0.012651505880057812,0.015653807669878006,0.07408881187438965,0.0,0.0,0.0,0.009271744638681412,0.24929046630859375
sub001-ses04-block2-game2_002::b0238,test/sub001/ses-04/sub001-ses04-block2-game2_002.npy,sub001,2,5,26,0,Short,0.7002703177769467,0.9771075216744914,1.0784132671104338,1.0627730495612204,0.9423138602674305,0.65812654247555,0.2846376111443806,0.2064750766359848,0.2784104370484594,0.34412050934811644,4.075897216796875,3.9087419509887695,4.136800765991211,0.0,0.0,0.8314173221588135,0.0,0.20519685745239258,0.0,0.0
sub001-ses04-block2-game2_002::b0239,test/sub001/ses-04/sub001-ses04-block2-game2_002.npy,sub001,2,30,26,1,Long,0.9207164569163431,0.9439503061437613,1.0006308203310839,0.970742637857076,0.9086552559875485,0.46196774961828324,0.4163962570581021,0.48886227793650927,0.4708851215286103,0.505890854839477,0.0,0.20874762535095215,3.8959085941314697,3.8581113815307617,0.0,0.0,0.21190237998962402,0.7941403388977051,0.4089977741241455,0.0
sub001-ses04-block2-game2_002::b0240,test/sub001/ses-04/sub001-ses04-block2-game2_002.npy,sub001,2,3,26,0,Short,0.8988524568322879,0.9063136068969402,0.9063136068969402,0.9063136068969402,1.04273226338057,0.45317287651752025,0.4762073138466816,0.4762073138466816,0.4762073138466816,0.379631279316029,3.881167411804199,0.0,0.0,0.0,0.0,0.2284846305847168,0.0,0.0,0.0,0.0
sub001-ses04-block2-game2_002::b0241,test/sub001/ses-04/sub001-ses04-block2-game2_002.npy,sub001,2,5,26,0,Short,0.8978145543885988,0.9115021978313189,0.9877388224068241,0.9696976417611728,1.0005567609935344,0.5299299918657108,0.5218102981964817,0.37923481515380825,0.4155371960982683,0.4033952910820401,0.0,0.1864302158355713,3.3605332374572754,3.950977325439453,0.0,0.0,0.04871010780334473,0.0,0.09541916847229004,0.0
sub001-ses04-block2-game2_002::b0242,test/sub001/ses-04/sub001-ses04-block2-game2_002.npy,sub001,2,37,26,1,Long,0.33266359877001705,0.8836112443264854,0.9088599060894308,0.8366538055643749,1.074504196719961,0.8874119198403849,0.6223428075889627,0.6201991488984477,0.6630928264481161,0.5002720558736152,3.481204032897949,2.879241943359375,0.0,0.10495781898498535,0.0,0.3247816562652588,0.18000507354736328,0.0,0.0,0.0
sub001-ses04-block2-game2_002::b0243,test/sub001/ses-04/sub001-ses04-block2-game2_002.npy,sub001,2,12,26,0,Short,0.7935856306769395,1.0855029544650927,0.9550497735013881,0.9283253265830251,1.0041386097710387,0.6319074646995084,0.35264281153820487,0.5216823240767108,0.5729831187795932,0.4769948055599529,0.0,2.982083559036255,3.004444122314453,0.0,2.937911033630371,0.0,0.0,0.1451270580291748,0.0,0.0
sub001-ses04-block2-game2_002::b0244,test/sub001/ses-04/sub001-ses04-block2-game2_002.npy,sub001,2,7,26,0,Short,0.9506602274058198,1.0219293526052704,1.0528890683807277,1.0851800352460086,1.0158178376201423,0.472555237264661,0.3658933393369882,0.3993492181645427,0.336037583765483,0.43430861509632923,0.025844097137451172,0.7747719287872314,4.044795989990234,0.2472543716430664,4.342935085296631,0.7468857765197754,0.3726367950439453,0.5069370269775391,0.2572975158691406,0.843419075012207
sub001-ses04-block2-game2_002::b0245,test/sub001/ses-04/sub001-ses04-block2-game2_002.npy,sub001,2,3,26,0,Short,0.906323193751297,1.1098659253095562,1.1098659253095562,1.1098659253095562,0.9853759653588503,0.4899002319547195,0.22637134379750684,0.22637134379750684,0.22637134379750684,0.37907100229413426,3.6411304473876953,0.0,0.0,0.0,0.10888195037841797,0.0,0.0,0.0,0.0,0.8387846946716309
sub001-ses04-block2-game2_002::b0246,test/sub001/ses-04/sub001-ses04-block2-game2_002.npy,sub001,2,4,26,0,Short,0.9129843992531781,1.0126694115982295,1.0126694115982295,1.2227993373614827,1.2582449839731564,0.44684270821147937,0.29405170549142895,0.29405170549142895,0.10240020917319004,0.2606225309443449,3.7772116661071777,0.0,0.0,1.2464582920074463,3.538747549057007,0.0,0.0,0.0,0.0,1.4127511978149414
sub001-ses04-block2-game2_002::b0247,test/sub001/ses-04/sub001-ses04-block2-game2_002.npy,sub001,2,2,26,0,Short,0.8522240897101306,0.8522240897101306,1.0514975384273175,1.0514975384273175,1.0514975384273175,0.5155751484738188,0.5155751484738188,0.19195757729761942,0.19195757729761942,0.19195757729761942,3.839538097381592,3.839538097381592,0.0,0.0,0.0,1.1595611572265625,1.1595611572265625,0.0,0.0,0.0
sub001-ses04-block2-game2_002::b0248,test/sub001/ses-04/sub001-ses04-block2-game2_002.npy,sub001,2,6,26,0,Short,0.4968935903170144,0.8612887306035794,0.8869414788263165,0.9685950482008001,1.1536733561985004,0.8045630361175533,0.6190140872210284,0.5829240675701632,0.5213924771272467,0.44188092349533814,0.0,3.2635087966918945,0.0,3.0332014560699463,2.927339792251587,0.0,0.6427187919616699,0.0,0.5086221694946289,0.5250546932220459
sub001-ses04-block2-game2_002::b0249,test/sub001/ses-04/sub001-ses04-block2-game2_002.npy,sub001,2,4,26,0,Short,0.9282261935346265,1.1186505767966737,1.1186505767966737,1.0648405274192223,1.3523130868900015,0.4406594032365968,0.4347539468491426,0.4347539468491426,0.37166502817319075,0.08716882986753915,3.7897403240203857,3.510260581970215,3.510260581970215,0.27562713623046875,0.022990942001342773,1.1095280647277832,0.8871662616729736,0.8871662616729736,1.3094158172607422,0.981651782989502
sub001-ses04-block2-game2_002::b0250,test/sub001/ses-04/sub001-ses04-block2-game2_002.npy,sub001,2,5,26,0,Short,0.9037462641777372,1.3424442614158416,1.0523579833215484,1.189375328496689,0.9283855693701096,0.4684544258116756,0.07642758693898705,0.4631069253662999,0.35284197707115783,0.5375043593277353,0.23010587692260742,0.0,0.0,3.561185836791992,3.8655881881713867,1.1883223056793213,0.0,0.0,0.680086612701416,0.8804805278778076
sub001-ses04-block2-game2_002::b0251,test/sub001/ses-04/sub001-ses04-block2-game2_002.npy,sub001,2,4,26,0,Short,0.9088810133228313,1.1994139984565158,1.1994139984565158,0.9641828690281882,1.2847023984553982,0.46709709028685564,0.37788090212736836,0.37788090212736836,0.5452323175989181,0.054589825892388866,2.7848803997039795,2.836329936981201,2.836329936981201,3.6077864170074463,0.0,0.017300128936767578,0.0,0.0,0.882411003112793,0.0
sub001-ses04-block2-game2_002::b0252,test/sub001/ses-04/sub001-ses04-block2-game2_002.npy,sub001,2,3,26,0,Short,1.019523885326325,1.019523885326325,1.0604448120675827,1.1807537934932157,1.1807537934932157,0.4085111456570348,0.4085111456570348,0.4607247971233683,0.39703506320571985,0.39703506320571985,0.4805471897125244,0.4805471897125244,3.2925078868865967,0.0,0.0,0.6114020347595215,0.6114020347595215,0.16753101348876953,0.0,0.0
sub001-ses04-block2-game2_002::b0253,test/sub001/ses-04/sub001-ses04-block2-game2_002.npy,sub001,2,4,26,0,Short,1.0089214107012672,0.9982878669924553,0.9982878669924553,1.1266788457616808,1.1520301624707534,0.38497040318032505,0.5623096450782533,0.5623096450782533,0.29357317646562314,0.42787594371194027,0.0,0.0,0.0,0.6206085681915283,2.9633631706237793,0.0,0.0,0.0,0.0030231475830078125,0.015593767166137695
sub001-ses04-block2-game2_002::b0254,test/sub001/ses-04/sub001-ses04-block2-game2_002.npy,sub001,2,3,26,0,Short,0.8926471986513314,0.9953399372604204,0.9953399372604204,0.9953399372604204,0.9584355724781245,0.5136326592692035,0.4878391871925891,0.4878391871925891,0.4878391871925891,0.4376619452626923,0.04306960105895996,0.39389681816101074,0.39389681816101074,0.39389681816101074,0.20893168449401855,0.0,0.0,0.0,0.0,0.06131625175476074
sub001-ses04-block2-game2_002::b0255,test/sub001/ses-04/sub001-ses04-block2-game2_002.npy,sub001,2,10,26,0,Short,0.9263350106765832,1.1196531667775516,0.9352007062729141,0.9556886647808901,0.9954550866911741,0.4911463555906576,0.45002550091498367,0.558098444068447,0.5100975170372547,0.47349758198553915,3.1745245456695557,0.05788850784301758,2.9059247970581055,0.14723420143127441,2.9209914207458496,0.05773329734802246,0.0,0.11252856254577637,0.3073902130126953,0.0
sub001-ses04-block2-game2_002::b0256,test/sub001/ses-04/sub001-ses04-block2-game2_002.npy,sub001,2,4,26,0,Short,0.9636251780826156,0.9450033732950553,0.9450033732950553,0.9267389964382039,1.0458374865412978,0.46133433352474185,0.49876345270219785,0.49876345270219785,0.5111332946158472,0.37851691851208746,2.7362937927246094,0.0,0.0,0.1047830581665039,0.0,0.0,0.0,0.0,0.12364053726196289,0.0
sub001-ses04-block2-game2_002::b0257,test/sub001/ses-04/sub001-ses04-block2-game2_002.npy,sub001,2,3,26,0,Short,0.9759524181991401,1.115352771875626,1.115352771875626,1.115352771875626,1.1290791500183788,0.4911575862391638,0.2513036202322002,0.2513036202322002,0.2513036202322002,0.35091312622668025,3.149616241455078,0.0,0.0,0.0,2.8136303424835205,0.22693705558776855,0.0,0.0,0.0,0.0
sub001-ses04-block2-game2_002::b0258,test/sub001/ses-04/sub001-ses04-block2-game2_002.npy,sub001,2,3,26,0,Short,1.0187855209202497,1.0107911420507643,1.0107911420507643,1.0107911420507643,1.0447575336793153,0.45093422261448707,0.49872465364592367,0.49872465364592367,0.49872465364592367,0.3761590042408649,0.11305618286132812,0.18296408653259277,0.18296408653259277,0.18296408653259277,2.524365186691284,0.18801546096801758,0.0,0.0,0.0,0.0
sub001-ses04-block2-game2_002::b0259,test/sub001/ses-04/sub001-ses04-block2-game2_002.npy,sub001,2,4,26,0,Short,1.0300616671228877,1.1390254743591834,1.1390254743591834,1.0000364426912827,1.0366001268432858,0.46107804246162987,0.44933771138678574,0.44933771138678574,0.4424473823128622,0.527132357002,0.0,0.05124497413635254,0.05124497413635254,2.8256850242614746,0.12238574028015137,0.0,0.0,0.0,0.0,0.0
sub001-ses04-block2-game2_002::b0260,test/sub001/ses-04/sub001-ses04-block2-game2_002.npy,sub001,2,3,26,0,Short,1.1625946235181797,0.8622332795668336,0.8622332795668336,0.8622332795668336,0.908173083502429,0.33648682470621594,0.5566835216703121,0.5566835216703121,0.5566835216703121,0.5560749493987873,2.77370023727417,0.04764080047607422,0.04764080047607422,0.04764080047607422,0.0,0.0,0.0,0.0,0.0,0.0
sub001-ses04-block2-game2_002::b0261,test/sub001/ses-04/sub001-ses04-block2-game2_002.npy,sub001,2,12,26,0,Short,0.7626109343563301,0.9621126315598649,0.9915199314816007,0.9814618039141306,0.8023431207506516,0.6816440990786076,0.5075972259973913,0.5292319728537145,0.5381637308504297,0.6369832184211524,0.01607799530029297,2.991600513458252,0.02710270881652832,0.0,0.3444702625274658,0.09082603454589844,0.27578186988830566,0.37813782691955566,0.0,0.3967468738555908
sub001-ses04-block2-game2_002::b0262,test/sub001/ses-04/sub001-ses04-block2-game2_002.npy,sub001,2,14,26,0,Short,1.004185719581532,0.8830974853933671,0.9563479312142454,1.000823737384926,0.9231212032598403,0.4656040090829534,0.6327871222817886,0.5775669964990577,0.5807009140324798,0.5571109740470406,0.0,2.5523416996002197,0.011159181594848633,0.07743239402770996,0.0,0.0,0.0,0.029933452606201172,0.0030367374420166016,0.0
sub001-ses04-block2-game2_002::b0263,test/sub001/ses-04/sub001-ses04-block2-game2_002.npy,sub001,2,3,26,0,Short,0.8005526197810615,1.0475404530674952,1.0475404530674952,1.0475404530674952,0.9360064521696043,0.6262688583334299,0.35006993008507387,0.35006993008507387,0.35006993008507387,0.48418636605227144,2.8164749145507812,3.0603601932525635,3.0603601932525635,3.0603601932525635,3.2860658168792725,0.22524523735046387,1.214846134185791,1.214846134185791,1.214846134185791,0.625096321105957
sub001-ses04-block2-game2_002::b0264,test/sub001/ses-04/sub001-ses04-block2-game2_002.npy,sub001,2,4,26,0,Short,1.0392622839233605,1.009881358626251,1.009881358626251,0.9895378461002167,1.0616474727481846,0.4198167575638112,0.4489446786711848,0.4489446786711848,0.47278762167585997,0.33429649291205854,3.339984893798828,0.29541659355163574,0.29541659355163574,0.0,0.023947715759277344,0.5324735641479492,0.6449565887451172,0.6449565887451172,0.0,0.7154905796051025
sub001-ses04-block2-game2_002::b0265,test/sub001/ses-04/sub001-ses04-block2-game2_002.npy,sub001,2,3,26,0,Short,0.9706533118516016,1.060701533449717,1.060701533449717,1.060701533449717,1.099408390146697,0.4062176241858386,0.3953171998117201,0.3953171998117201,0.3953171998117201,0.30237320924441996,3.120203971862793,2.902498483657837,2.902498483657837,2.902498483657837,0.0,0.0,0.0,0.0,0.0,0.0
sub001-ses04-block2-game2_002::b0267,test/sub001/ses-04/sub001-ses04-block2-game2_002.npy,sub001,2,2,26,0,Short,1.1951783471633752,1.1951783471633752,0.9992017879792414,0.9992017879792414,0.9992017879792414,0.146183472778183,0.146183472778183,0.5018723265039273,0.5018723265039273,0.5018723265039273,0.1611156463623047,0.1611156463623047,2.688525915145874,2.688525915145874,2.688525915145874,0.0,0.0,0.024595260620117188,0.024595260620117188,0.024595260620117188
sub001-ses04-block2-game2_002::b0268,test/sub001/ses-04/sub001-ses04-block2-game2_002.npy,sub001,2,3,26,0,Short,1.1881774662004783,0.9767959109992189,0.9767959109992189,0.9767959109992189,0.9804270295128539,0.021475090042979927,0.5504361398822817,0.5504361398822817,0.5504361398822817,0.5699261145245939,0.3324856758117676,2.6649951934814453,2.6649951934814453,2.6649951934814453,0.0,0.0,0.2059159278869629,0.2059159278869629,0.2059159278869629,0.0
sub001-ses04-block2-game2_002::b0269,test/sub001/ses-04/sub001-ses04-block2-game2_002.npy,sub001,2,4,26,0,Short,1.18346114070008,0.9964511628066443,0.9964511628066443,0.941671420299921,0.9992248255247834,0.281607953358543,0.5565234036527575,0.5565234036527575,0.5651334462933147,0.5347920354069009,0.411527156829834,0.33733630180358887,0.33733630180358887,2.540557861328125,0.027675151824951172,0.0,0.3918173313140869,0.3918173313140869,0.09949326515197754,0.49074888229370117
sub001-ses04-block2-game2_002::b0270,test/sub001/ses-04/sub001-ses04-block2-game2_002.npy,sub001,2,12,26,0,Short,1.0255816912451288,0.9360705729023473,1.0377776040841826,1.035104773899527,0.9797013002324133,0.4858258091429428,0.5749063503464129,0.5235559242626986,0.5097745863258241,0.5712927521525929,2.8635783195495605,0.18015384674072266,0.0,2.6794931888580322,0.0,0.12371420860290527,0.13898801803588867,0.0,0.0645301342010498,0.0
sub001-ses04-block2-game2_002::b0271,test/sub001/ses-04/sub001-ses04-block2-game2_002.npy,sub001,2,3,26,0,Short,1.2455999263658182,0.9844713940368306,0.9844713940368306,0.9844713940368306,0.9891363683916248,0.1440986939234175,0.53550243698239,0.53550243698239,0.53550243698239,0.5712812897413293,0.20594406127929688,0.0,0.0,0.0,2.7226762771606445,0.39345383644104004,0.0,0.0,0.0,0.0
sub001-ses04-block2-game2_002::b0272,test/sub001/ses-04/sub001-ses04-block2-game2_002.npy,sub001,2,4,26,0,Short,0.63109434485093,1.0463564828351346,1.0457009689828256,1.0457009689828256,1.0813981666089199,0.7560587801981601,0.41887142768782004,0.4804879937465527,0.4804879937465527,0.46348377699573173,0.0,0.0,0.0,0.0,2.7237114906311035,0.0,0.0,0.0,0.0,0.0
sub001-ses04-block2-game2_002::b0273,test/sub001/ses-04/sub001-ses04-block2-game2_002.npy,sub001,2,3,26,0,Short,1.138340008644681,1.138340008644681,1.008728278494236,1.021648597772114,1.021648597772114,0.40855169492147303,0.40855169492147303,0.47358267161077905,0.5125348859226705,0.5125348859226705,0.0,0.0,0.0,2.853882312774658,2.853882312774658,0.0,0.0,0.0,0.40786027908325195,0.40786027908325195
sub001-ses04-block2-game2_002::b0274,test/sub001/ses-04/sub001-ses04-block2-game2_002.npy,sub001,2,3,26,0,Short,1.21792615877963,1.0016061788040065,1.0016061788040065,1.0016061788040065,1.0052413882435443,0.2837600872263256,0.4243842199727168,0.4243842199727168,0.4243842199727168,0.46375921845680657,0.0,2.918199062347412,2.918199062347412,2.918199062347412,0.0,0.0,0.5094285011291504,0.5094285011291504,0.5094285011291504,0.0
sub001-ses04-block2-game2_002::b0275,test/sub001/ses-04/sub001-ses04-block2-game2_002.npy,sub001,2,2,26,0,Short,1.125874884838204,1.125874884838204,1.0703982616754784,1.0703982616754784,1.0703982616754784,0.3889112534305893,0.3889112534305893,0.4272287018078673,0.4272287018078673,0.4272287018078673,2.8243508338928223,2.8243508338928223,0.0,0.0,0.0,0.42455053329467773,0.42455053329467773,0.0,0.0,0.0
sub001-ses04-block2-game2_002::b0276,test/sub001/ses-04/sub001-ses04-block2-game2_002.npy,sub001,2,12,26,0,Short,0.4347406557140176,0.9988087700990027,1.1046927154356372,0.9236561429627292,0.9254425335533856,0.8495905624752513,0.5240476871206183,0.4879004354443437,0.5815783634481193,0.5680320909764142,2.7071151733398438,2.7619988918304443,0.0,0.0,2.7289583683013916,0.6543776988983154,0.0,0.0,0.0,0.11701297760009766
sub001-ses04-block2-game2_002::b0277,test/sub001/ses-04/sub001-ses04-block2-game2_002.npy,sub001,2,4,26,0,Short,1.0835756497987725,0.920992636353635,0.920992636353635,0.9718499719948435,1.0651394729164003,0.37968758057739777,0.5477205344287632,0.5477205344287632,0.4817355605778253,0.39284720456478794,0.32990360260009766,0.0,0.0,0.0,0.0,0.6561698913574219,0.0,0.0,0.0,0.0
sub001-ses04-block2-game2_002::b0278,test/sub001/ses-04/sub001-ses04-block2-game2_002.npy,sub001,2,4,26,0,Short,0.9982367302839221,0.9724373257776662,0.9724373257776662,0.9091491479253574,1.0633470838861832,0.43780462168440754,0.5057994458222466,0.5057994458222466,0.4562918522223926,0.41448759395640816,3.5350182056427,0.3315131664276123,0.3315131664276123,0.37806200981140137,3.3593835830688477,1.165942668914795,1.31866455078125,1.31866455078125,1.0018558502197266,1.0598101615905762
sub001-ses04-block2-game2_002::b0279,test/sub001/ses-04/sub001-ses04-block2-game2_002.npy,sub001,2,3,26,0,Short,1.044677627180511,1.044677627180511,1.1444211346344073,0.9791938059540543,0.9791938059540543,0.44590380809377395,0.44590380809377395,0.37128685630527936,0.5108295602341043,0.5108295602341043,0.0,0.0,3.7124695777893066,3.172626256942749,3.172626256942749,0.0,0.0,1.8566455841064453,0.7109794616699219,0.7109794616699219
sub001-ses04-block2-game2_002::b0280,test/sub001/ses-04/sub001-ses04-block2-game2_002.npy,sub001,2,2,26,0,Short,1.1988628324042856,1.1988628324042856,0.9842630467136432,0.9842630467136432,0.9842630467136432,0.1145760233818856,0.1145760233818856,0.45549806788575775,0.45549806788575775,0.45549806788575775,3.456613063812256,3.456613063812256,0.0,0.0,0.0,0.6859314441680908,0.6859314441680908,0.0,0.0,0.0
sub001-ses04-block2-game2_002::b0281,test/sub001/ses-04/sub001-ses04-block2-game2_002.npy,sub001,2,3,26,0,Short,1.058330136505201,1.0078830240577115,1.0078830240577115,1.0078830240577115,1.0063167324765876,0.4361176085532421,0.4721206336358856,0.4721206336358856,0.4721206336358856,0.5253826358071525,0.20713114738464355,0.28588366508483887,0.28588366508483887,0.28588366508483887,3.2540059089660645,1.4314827919006348,0.39017438888549805,0.39017438888549805,0.39017438888549805,0.8928971290588379
sub001-ses04-block2-game2_002::b0283,test/sub001/ses-04/sub001-ses04-block2-game2_002.npy,sub001,2,10,26,0,Short,0.9790107147328182,1.2042437164661652,1.1524501960739122,1.1019664184246052,1.0450797810297212,0.4881503206062895,0.09302974454776125,0.24081789321794328,0.08651656821192999,0.11639023378730179,2.270024538040161,2.727224826812744,0.027640819549560547,0.0,0.0,0.0,0.2541792392730713,0.07209014892578125,0.0,0.0
sub001-ses04-block2-game2_002::b0284,test/sub001/ses-04/sub001-ses04-block2-game2_002.npy,sub001,2,4,26,0,Short,1.0089979529045643,1.1393030200752272,1.0814916762934526,1.0814916762934526,1.184974989011278,0.43774386204282206,0.28351089863958734,0.28549623919225714,0.28549623919225714,0.078969902746721,2.4189608097076416,0.0,2.706115484237671,2.706115484237671,0.07054471969604492,0.0,0.0,0.24362850189208984,0.24362850189208984,0.0
sub001-ses04-block2-game2_002::b0285,test/sub001/ses-04/sub001-ses04-block2-game2_002.npy,sub001,2,4,26,0,Short,0.8887767934114046,1.1627444949362684,1.1627444949362684,1.1150531880387864,1.3049977125837933,0.5252608293547654,0.1875142451375329,0.1875142451375329,0.24553826612146135,0.10431215515510317,2.460585117340088,0.0,0.0,2.780280590057373,2.2079222202301025,0.0,0.0,0.0,0.20821809768676758,0.0
sub001-ses04-block2-game2_002::b0286,test/sub001/ses-04/sub001-ses04-block2-game2_002.npy,sub001,2,3,26,0,Short,1.065053064229308,1.065053064229308,1.2047359970631266,1.0507232580757737,1.0507232580757737,0.34237772257268867,0.34237772257268867,0.08958788499501213,0.29214216176904517,0.29214216176904517,0.0,0.0,0.0,0.0,0.0,0.0,0.0,0.0,0.0,0.0
sub001-ses04-block2-game2_002::b0287,test/sub001/ses-04/sub001-ses04-block2-game2_002.npy,sub001,2,4,26,0,Short,0.8880070106255763,1.0599570326298782,1.0599570326298782,1.159647946435947,1.1897663636085427,0.5464518559261352,0.3310653249731963,0.3310653249731963,0.11551888305535957,0.09556225923388856,0.0,2.7728216648101807,2.7728216648101807,3.1715617179870605,3.5948760509490967,0.0,0.0,0.0,0.5349619388580322,1.0867862701416016
sub001-ses04-block2-game2_002::b0288,test/sub001/ses-04/sub001-ses04-block2-game2_002.npy,sub001,2,4,26,0,Short,0.9418415565974235,1.0727196565746615,1.0727196565746615,1.025242197148876,1.0935514297159468,0.5254517057525926,0.327634344583616,0.327634344583616,0.08797612407982486,0.17689794398098646,0.0,0.0,0.0,3.3427319526672363,0.0,0.0,0.0,0.0,0.4242727756500244,0.0
sub001-ses04-block2-game2_002::b0289,test/sub001/ses-04/sub001-ses04-block2-game2_002.npy,sub001,2,3,26,0,Short,0.9097898146388569,1.1830243875210071,1.1830243875210071,1.1830243875210071,1.1038510480436048,0.5070892000563979,0.10091080486437981,0.10091080486437981,0.10091080486437981,0.13228740665212763,0.0,3.0684094429016113,3.0684094429016113,3.0684094429016113,0.0,0.0,0.0,0.0,0.0,0.0
sub001-ses04-block2-game2_002::b0290,test/sub001/ses-04/sub001-ses04-block2-game2_002.npy,sub001,2,3,26,0,Short,0.8349133091109368,1.1477271519000638,1.1477271519000638,1.1477271519000638,1.1505664057128306,0.5336194824751122,0.11767982558167833,0.11767982558167833,0.11767982558167833,0.07092412606057963,0.0,0.0,0.0,0.0,0.37754011154174805,0.0,0.0,0.0,0.0,0.7870311737060547
sub001-ses04-block2-game2_002::b0291,test/sub001/ses-04/sub001-ses04-block2-game2_002.npy,sub001,2,4,26,0,Short,0.8369777479393725,1.0695379433614043,1.0695379433614043,1.1991786275104368,1.2104444114515132,0.5658492827234057,0.1252203422502428,0.1252203422502428,0.02488963267309835,0.00823024205607864,0.13516831398010254,0.0,0.0,3.2813074588775635,0.3478403091430664,0.5031211376190186,0.0,0.0,0.40548205375671387,0.12568116188049316
sub001-ses04-block2-game2_002::b0292,test/sub001/ses-04/sub001-ses04-block2-game2_002.npy,sub001,2,4,26,0,Short,0.9836108526179701,1.1226110630991117,1.1226110630991117,1.210092946534095,1.1695602865201082,0.4419501916396886,0.05820084270031417,0.05820084270031417,0.14317388197983455,0.0919519326450356,3.1222712993621826,0.13280653953552246,0.13280653953552246,0.0,0.0,0.923011064529419,0.3817741870880127,0.3817741870880127,0.0,0.0
sub001-ses04-block2-game2_002::b0293,test/sub001/ses-04/sub001-ses04-block2-game2_002.npy,sub001,2,3,26,0,Short,0.8737405221219978,1.2304167688565921,1.2304167688565921,1.2304167688565921,1.2283962408348201,0.5249421654388998,0.06698727257988446,0.06698727257988446,0.06698727257988446,0.08188248121742026,0.0,0.0,0.0,0.0,2.9097301959991455,0.0,0.0,0.0,0.0,0.7846112251281738
sub001-ses04-block2-game2_002::b0294,test/sub001/ses-04/sub001-ses04-block2-game2_002.npy,sub001,2,14,26,0,Short,0.9000206143584715,1.3584588050526483,1.1815575866868058,1.2414550955672152,1.2201612316767927,0.4907587431174416,0.056822040046938194,0.09355367395268965,0.06642213827347165,0.10171927393389474,0.0,0.0,0.2155594825744629,2.7935478687286377,0.08892345428466797,0.0,0.0,0.7732465267181396,0.5945138931274414,0.18768024444580078
sub001-ses04-block2-game2_002::b0295,test/sub001/ses-04/sub001-ses04-block2-game2_002.npy,sub001,2,3,26,0,Short,0.7472200361922956,1.3268909028442468,1.3268909028442468,1.3268909028442468,1.1745642241600847,0.6762492767606421,0.2629729167305229,0.2629729167305229,0.2629729167305229,0.41903292202596254,2.4036202430725098,2.4409258365631104,2.4409258365631104,2.4409258365631104,0.0,0.21283435821533203,0.4875309467315674,0.4875309467315674,0.4875309467315674,0.0
sub001-ses04-block2-game2_002::b0296,test/sub001/ses-04/sub001-ses04-block2-game2_002.npy,sub001,2,2,26,0,Short,1.082800794813785,1.082800794813785,1.1971384566471919,1.1971384566471919,1.1971384566471919,0.40059539551018497,0.40059539551018497,0.32836752443717665,0.32836752443717665,0.32836752443717665,0.0,0.0,0.051424264907836914,0.051424264907836914,0.051424264907836914,0.0,0.0,0.27110838890075684,0.27110838890075684,0.27110838890075684
sub001-ses04-block2-game2_002::b0297,test/sub001/ses-04/sub001-ses04-block2-game2_002.npy,sub001,2,16,26,0,Short,1.1077100159335267,1.2169157865787452,1.3739963388126006,1.2843495591292922,1.222057753830075,0.4725518260730913,0.2895853738928508,0.15150717900649774,0.30628882840739047,0.3335122163537868,2.473034143447876,0.0,0.0,1.9714078903198242,0.0,0.5789787769317627,0.0,0.0,0.0,0.0
sub001-ses04-block2-game2_002::b0298,test/sub001/ses-04/sub001-ses04-block2-game2_002.npy,sub001,2,8,26,0,Short,1.120552798804306,1.3160423347526125,1.2690946691168015,1.1427359471568117,1.136083182926704,0.43568741705652386,0.2678347702769234,0.31013942054015764,0.4660624618152839,0.4324223320260994,0.40230369567871094,0.0,0.0,0.0,0.0,0.7536451816558838,0.0,0.0,0.0,0.0
sub001-ses04-block2-game2_002::b0299,test/sub001/ses-04/sub001-ses04-block2-game2_002.npy,sub001,2,6,26,0,Short,0.6581326720159494,1.2468622469667285,1.1837515895722321,1.0988124179089993,0.9961306721795886,0.7027509890824685,0.2861711860558341,0.4436402421395131,0.5215910034665068,0.5787686744130448,0.0,1.9707731008529663,2.2291035652160645,1.8292138576507568,0.0,0.0,0.0,0.25457239151000977,0.0,0.0
sub001-ses04-block2-game2_002::b0300,test/sub001/ses-04/sub001-ses04-block2-game2_002.npy,sub001,2,3,26,0,Short,1.2005372136147288,1.2005372136147288,1.0210621332188088,1.1570620807097594,1.1570620807097594,0.44248301871395057,0.44248301871395057,0.5680723294141377,0.47500717508049284,0.47500717508049284,0.0,0.0,0.0,0.0,0.0,0.0,0.0,0.0,0.0,0.0
sub001-ses04-block2-game2_002::b0301,test/sub001/ses-04/sub001-ses04-block2-game2_002.npy,sub001,2,2,26,0,Short,1.1511566799060269,1.1511566799060269,1.1610992360720807,1.1610992360720807,1.1610992360720807,0.4414113450302315,0.4414113450302315,0.4673991141811902,0.4673991141811902,0.4673991141811902,0.7984226942062378,0.7984226942062378,0.0,0.0,0.0,0.6811891794204712,0.6811891794204712,0.0,0.0,0.0
sub001-ses04-block2-game2_002::b0302,test/sub001/ses-04/sub001-ses04-block2-game2_002.npy,sub001,2,4,26,0,Short,1.250282784004502,1.0733919870650417,1.0064742369423625,1.0064742369423625,1.1324125002073078,0.4282069333632767,0.5135484744990831,0.5638378101975184,0.5638378101975184,0.4690580081177491,0.0,0.12788426876068115,0.21908044815063477,0.21908044815063477,1.5361573696136475,0.0,0.11744511127471924,0.0,0.0,0.0
sub001-ses04-block2-game2_002::b0303,test/sub001/ses-04/sub001-ses04-block2-game2_002.npy,sub001,2,4,26,0,Short,1.2815711419420182,1.0162939202920795,1.0162939202920795,1.2350453915285151,1.1717532213894923,0.05290233946605638,0.5641696347779543,0.5641696347779543,0.4039819666726824,0.4649193645701918,0.26925456523895264,1.2757855653762817,1.2757855653762817,0.0,0.0,0.002386331558227539,0.0,0.0,0.0,0.0
sub001-ses04-block2-game2_002::b0304,test/sub001/ses-04/sub001-ses04-block2-game2_002.npy,sub001,2,4,26,0,Short,1.2546346055673434,1.2338571154800018,1.2387059150848587,1.2387059150848587,1.2964637900185165,0.40971787490054623,0.3767335451922541,0.3900267036354025,0.3900267036354025,0.2312891506732226,0.0,1.6434495449066162,1.3203428983688354,1.3203428983688354,0.1057429313659668,0.0,0.03863024711608887,0.0,0.0,0.20161128044128418
sub001-ses04-block2-game2_002::b0305,test/sub001/ses-04/sub001-ses04-block2-game2_002.npy,sub001,2,4,26,0,Short,1.201287246650112,1.25781963795788,1.25781963795788,1.2411631042764022,1.2731579081461222,0.3701092922883622,0.28894838908266823,0.28894838908266823,0.25530711594762895,0.3428868158555409,0.0,0.24668753147125244,0.24668753147125244,2.096376419067383,1.409229040145874,0.0,0.4995119571685791,0.4995119571685791,0.36679744720458984,0.0865023136138916
sub001-ses04-block2-game2_002::b0306,test/sub001/ses-04/sub001-ses04-block2-game2_002.npy,sub001,2,14,26,0,Short,1.2113358131418397,1.1368788230296123,1.3140757272390586,1.1500023407545923,1.1795252105878005,0.14201393221274689,0.49469037901686697,0.3549490208032092,0.4958380411490063,0.47108333449631146,1.2592036724090576,0.0,0.0,1.1072182655334473,0.9609286189079285,0.09564995765686035,0.0,0.0,0.0,0.06053495407104492
sub001-ses04-block2-game2_002::b0307,test/sub001/ses-04/sub001-ses04-block2-game2_002.npy,sub001,2,7,26,0,Short,0.4906151761112537,1.2498174775708695,1.131987509038455,1.284921121982617,1.2116584460834132,0.8096799072094579,0.38884109325649463,0.45655656298184216,0.3803370033863557,0.37454075468724035,0.09132623672485352,1.521467685699463,0.5082545280456543,0.0,0.0,0.16651904582977295,0.35647380352020264,0.15506255626678467,0.0,0.0
sub001-ses04-block2-game2_002::b0308,test/sub001/ses-04/sub001-ses04-block2-game2_002.npy,sub001,2,22,26,0,Short,1.1659362744627992,1.3617603053282543,1.2536757001664067,0.9359682538677241,1.1329591911037404,0.4076290631460753,0.2930562312219488,0.37502525352294175,0.6232022250724057,0.48420348742636093,0.0,1.244712233543396,0.0,0.9356371760368347,1.0997554063796997,0.0,0.19840145111083984,0.0,0.0,0.0
sub001-ses04-block2-game2_002::b0309,test/sub001/ses-04/sub001-ses04-block2-game2_002.npy,sub001,2,5,26,0,Short,1.3227189475036942,1.0298343271370374,1.326930712099732,0.9991288592345351,1.0987759375150383,0.24500688965276501,0.5421461387678695,0.2785419918738544,0.4851930814690792,0.4408719372400486,0.0,0.0,0.0,0.0,0.0,0.0,0.0,0.0,0.0,0.0
sub001-ses04-block2-game2_002::b0310,test/sub001/ses-04/sub001-ses04-block2-game2_002.npy,sub001,2,4,26,0,Short,0.27444137151493164,1.2435967719271588,1.2435967719271588,0.9875386819186351,1.2546081315272943,0.9107385940717261,0.42089102273413953,0.42089102273413953,0.5361109867253337,0.4266223216757755,0.11981523036956787,0.2776537537574768,0.2776537537574768,0.12269890308380127,0.7290142774581909,0.0,0.0,0.0,0.0,0.0
sub001-ses04-block2-game2_002::b0311,test/sub001/ses-04/sub001-ses04-block2-game2_002.npy,sub001,2,6,26,0,Short,1.2462478166366062,1.2110620266728662,1.288675504629987,1.1315923085619628,1.2273390688405144,0.07708718987361485,0.4367949109263385,0.3513865133148816,0.48210774563285064,0.38632154260596696,1.2326862812042236,1.158934473991394,0.0,0.0,0.3259512782096863,0.03596782684326172,0.11175084114074707,0.0,0.0,0.20596373081207275
sub001-ses04-block2-game2_002::b0312,test/sub001/ses-04/sub001-ses04-block2-game2_002.npy,sub001,2,6,26,0,Short,1.311643422160677,1.1127161245570467,1.266582394506776,1.326210218769514,1.0514455893162218,0.3796762865166011,0.4698874811860707,0.37057981452670785,0.35975096470570234,0.4801199864801391,0.0,1.1396368741989136,0.0,0.0,0.0,0.0,0.30154502391815186,0.0,0.0,0.0
sub001-ses04-block2-game2_002::b0313,test/sub001/ses-04/sub001-ses04-block2-game2_002.npy,sub001,2,9,26,0,Short,0.5261293398424473,1.0473582514560746,0.9847287202263736,0.8132653167560728,0.8253358698395462,0.7648425883733039,0.532487933250943,0.60965410316249,0.6534431841084629,0.6166067697317353,1.2701141834259033,1.136332392692566,0.0,0.0,0.06743717193603516,0.1915111541748047,0.0,0.0,0.0,0.11942100524902344
sub001-ses04-block2-game2_002::b0314,test/sub001/ses-04/sub001-ses04-block2-game2_002.npy,sub001,2,14,26,0,Short,1.2592425286660198,1.3131748027266872,1.1112739949526598,1.1699014404949863,1.0280930341661454,0.37988325906723885,0.3489959298099598,0.44572064830217234,0.33817007309100755,0.5090877767884111,1.1208903789520264,0.0,1.0394498109817505,0.0,0.0,0.03343617916107178,0.0,0.0,0.0,0.0
sub001-ses04-block2-game2_002::b0315,test/sub001/ses-04/sub001-ses04-block2-game2_002.npy,sub001,2,6,26,0,Short,0.9146380883191013,1.217365771247259,1.432414816319595,1.0134500535034359,0.9508256084756181,0.4947070054827204,0.4422206756863203,0.04987247211522822,0.5480358670611347,0.5750000924324616,0.39529919624328613,2.006526470184326,2.126284122467041,1.324869990348816,0.14314889907836914,0.029695510864257812,0.8645795583724976,1.1957213878631592,0.0,0.4065890312194824
sub001-ses04-block2-game2_002::b0316,test/sub001/ses-04/sub001-ses04-block2-game2_002.npy,sub001,2,2,26,0,Short,1.2442935943489066,1.2442935943489066,0.7711977602028149,0.7711977602028149,0.7711977602028149,0.3918078021933095,0.3918078021933095,0.7194479336984024,0.7194479336984024,0.7194479336984024,0.8399294018745422,0.8399294018745422,1.197318434715271,1.197318434715271,1.197318434715271,0.01831752061843872,0.01831752061843872,0.21117722988128662,0.21117722988128662,0.21117722988128662
sub001-ses04-block2-game2_002::b0317,test/sub001/ses-04/sub001-ses04-block2-game2_002.npy,sub001,2,4,26,0,Short,0.5046572858275937,0.8331769827571679,0.8331769827571679,1.0991287058961412,1.1747817883099783,0.7888707097006723,0.6759758695011535,0.6759758695011535,0.5211069144584403,0.4160636152178522,0.44494158029556274,0.0,0.0,0.0,0.0,0.0,0.0,0.0,0.0,0.0
sub001-ses04-block2-game2_002::b0318,test/sub001/ses-04/sub001-ses04-block2-game2_002.npy,sub001,2,16,26,0,Short,1.2437828696483793,0.7224870981605915,0.8439537507503957,0.823698927779928,0.8126152034822255,0.44445804645882425,0.7065676261314239,0.5838343679044731,0.5915139362496552,0.6507901699623125,0.827789843082428,1.0673097372055054,0.0,0.0,0.18686074018478394,0.0,0.0,0.0,0.0,0.010366678237915039
sub001-ses04-block2-game2_002::b0319,test/sub001/ses-04/sub001-ses04-block2-game2_002.npy,sub001,2,27,26,1,Long,0.20891166453700621,0.9434285495071658,0.7048087741614659,0.8121970785107858,0.7994868723219072,0.9376767289052809,0.6349890353554644,0.7367141227888686,0.6912122416539935,0.6270660995250195,0.08216750621795654,0.01678645610809326,0.1634230613708496,0.22552967071533203,0.7028183341026306,0.44697362184524536,0.3387986421585083,1.5651711225509644,0.689077615737915,0.0
sub001-ses04-block2-game2_002::b0320,test/sub001/ses-04/sub001-ses04-block2-game2_002.npy,sub001,2,124,26,1,Long,1.094039962958505,0.6528807565812297,0.5804424293031223,0.7205118409005906,0.5687189816075768,0.42003454789688066,0.7598345252977976,0.8069518823679914,0.7303753932685646,0.7874757519234482,2.3242340087890625,3.2069313526153564,3.23188853263855,0.0,0.0,0.0,0.6702895164489746,0.8794910907745361,0.0,0.0
sub001-ses04-block2-game2_002::b0321,test/sub001/ses-04/sub001-ses04-block2-game2_002.npy,sub001,2,8,26,0,Short,0.6255628462586712,0.7375956948845148,0.7742994826891632,0.7037387062728819,0.7500828994186755,0.6703506264556505,0.6939703338496221,0.6268761931584124,0.68872144360181,0.6912884608088034,0.1127471923828125,0.0,0.12044191360473633,0.0,0.0,0.23550820350646973,0.0,0.7314887046813965,0.0,0.0
sub001-ses04-block2-game2_002::b0322,test/sub001/ses-04/sub001-ses04-block2-game2_002.npy,sub001,2,6,26,0,Short,0.9163971478082371,0.7968703937218765,0.8585948940088246,0.7947420740671689,0.7541734910619136,0.43666016252855216,0.6420260289463392,0.6061491858278703,0.5829639821604233,0.6984696573492063,0.0,0.002911090850830078,0.0,0.0,0.0,0.0,0.0,0.0,0.0,0.0
sub001-ses04-block2-game2_002::b0323,test/sub001/ses-04/sub001-ses04-block2-game2_002.npy,sub001,2,6,26,0,Short,0.6353033981767588,0.7638133693184769,0.7534338142894326,0.7454179539987295,0.736112970819881,0.6326755389584133,0.6750167957896449,0.6816307207798704,0.6954197749474459,0.6735340016463742,3.5481016635894775,0.0,0.19243288040161133,0.0,3.6895248889923096,0.0,0.0,0.15156769752502441,0.0,0.27443552017211914
sub001-ses04-block2-game2_002::b0324,test/sub001/ses-04/sub001-ses04-block2-game2_002.npy,sub001,2,5,26,0,Short,0.4519015231015391,0.7162319962882322,0.8168422719410523,0.7020134459846232,0.6798508660790687,0.8270085965556808,0.7132892412523324,0.6395260972283437,0.7336221759407557,0.7260542223214684,3.5981781482696533,3.719200849533081,0.01753544807434082,3.593414545059204,0.0,0.12016630172729492,0.1750049591064453,0.14796829223632812,0.1987290382385254,0.0
sub001-ses04-block2-game2_002::b0325,test/sub001/ses-04/sub001-ses04-block2-game2_002.npy,sub001,2,7,26,0,Short,0.7947565328042426,0.6727846173866276,0.7311565518387038,0.7028447005787916,0.7720388572666266,0.4030179642495321,0.7363197061947229,0.6852184247954859,0.680457342476639,0.5791973552426153,0.30388498306274414,0.0,3.9382951259613037,0.0,3.9787583351135254,0.5058572292327881,0.0,0.0,0.0,0.3342149257659912
sub001-ses04-block2-game2_002::b0326,test/sub001/ses-04/sub001-ses04-block2-game2_002.npy,sub001,2,8,26,0,Short,0.9254989130031253,0.6982523250606638,0.6604331591677646,0.6294326791809717,0.7276827693789699,0.36338745081324375,0.7336713211805155,0.756130919130878,0.7627637399661515,0.7104860621393614,0.06305408477783203,0.0,3.8980188369750977,0.0,0.0,0.013840198516845703,0.0,0.17853474617004395,0.0,0.0
sub001-ses04-block2-game2_002::b0327,test/sub001/ses-04/sub001-ses04-block2-game2_002.npy,sub001,2,3,26,0,Short,0.9126523289891898,0.5603065102979448,0.5603065102979448,0.5603065102979448,0.7035365730501987,0.42467803460716674,0.7627193650694785,0.7627193650694785,0.7627193650694785,0.6878720253497188,0.0,4.094954490661621,4.094954490661621,4.094954490661621,4.288561820983887,0.0,0.15373015403747559,0.15373015403747559,0.15373015403747559,0.6501226425170898
sub001-ses04-block2-game2_002::b0328,test/sub001/ses-04/sub001-ses04-block2-game2_002.npy,sub001,2,5,26,0,Short,1.1782981441667721,1.2399349306142349,1.218645885974483,1.0239564735673619,1.096311060151692,0.2756189590150405,0.33026679511865215,0.2963865613751685,0.5067769517464356,0.4396935826990088,0.33629465103149414,0.0,0.0,0.21314215660095215,4.282095432281494,0.6805410385131836,0.0,0.0,0.0,0.41816115379333496
sub001-ses04-block2-game2_002::b0329,test/sub001/ses-04/sub001-ses04-block2-game2_002.npy,sub001,2,4,26,0,Short,0.3705221247257332,0.9172188027825079,0.9172188027825079,0.8732983557378912,1.1385536148327802,0.837800689130596,0.45819713199051254,0.45819713199051254,0.40231882042386424,0.09832526853923074,0.2169818878173828,4.325815200805664,4.325815200805664,0.6000351905822754,0.3984518051147461,0.1422719955444336,0.0,0.0,0.0,0.13786792755126953
sub001-ses04-block2-game2_002::b0330,test/sub001/ses-04/sub001-ses04-block2-game2_002.npy,sub001,2,5,26,0,Short,0.7667468385034586,0.8440175619127138,0.7795534608575055,0.8213193683056068,0.7250381008466746,0.5120983939321451,0.6061400514890976,0.5831008427724382,0.6272761036633097,0.6418345874110802,4.315065860748291,0.0,0.15823030471801758,4.094912052154541,0.0,0.07729244232177734,0.0,0.4419832229614258,0.0,0.0
sub001-ses04-block2-game2_002::b0331,test/sub001/ses-04/sub001-ses04-block2-game2_002.npy,sub001,2,2,26,0,Short,0.8226724151934302,0.8226724151934302,1.0120386145162787,1.0120386145162787,1.0120386145162787,0.3509965872271043,0.3509965872271043,0.22223121842880822,0.22223121842880822,0.22223121842880822,0.0,0.0,0.2608480453491211,0.2608480453491211,0.2608480453491211,0.0,0.0,0.5375046730041504,0.5375046730041504,0.5375046730041504
sub001-ses04-block2-game2_002::b0332,test/sub001/ses-04/sub001-ses04-block2-game2_002.npy,sub001,2,3,26,0,Short,0.9028291001285154,0.9028291001285154,0.8708775744800141,1.2467407849510406,1.2467407849510406,0.4947656882546627,0.4947656882546627,0.5020395933855211,0.3586747346827012,0.3586747346827012,0.09545135498046875,0.09545135498046875,4.129380226135254,0.07736778259277344,0.07736778259277344,0.938779354095459,0.938779354095459,0.0,0.40086936950683594,0.40086936950683594
sub001-ses04-block2-game2_002::b0333,test/sub001/ses-04/sub001-ses04-block2-game2_002.npy,sub001,2,4,26,0,Short,0.7753206242347568,0.99581925631305,0.99581925631305,1.2241590373743874,0.940743558394693,0.5582109833868658,0.336567987355402,0.336567987355402,0.019813865088707694,0.26116462643718,5.249517440795898,0.0,0.0,5.705926418304443,0.0,0.7763609886169434,0.0,0.0,0.6802663803100586,0.0
sub001-ses04-block2-game2_002::b0334,test/sub001/ses-04/sub001-ses04-block2-game2_002.npy,sub001,2,4,26,0,Short,0.788166584809705,0.855015740448161,0.855015740448161,0.9632449601174201,1.073388626243732,0.5564678228659045,0.5498286078826877,0.5498286078826877,0.37344573966616573,0.30052371680959317,3.612060070037842,0.5532135963439941,0.5532135963439941,3.3950726985931396,1.4447734355926514,0.0,0.4495105743408203,0.4495105743408203,0.0,0.0
sub001-ses04-block2-game2_002::b0335,test/sub001/ses-04/sub001-ses04-block2-game2_002.npy,sub001,2,3,26,0,Short,0.7683407720449642,1.0631385081567655,1.0631385081567655,1.0631385081567655,0.9028196890083628,0.585336498356647,0.22210829891077455,0.22210829891077455,0.22210829891077455,0.4966078948172182,0.5950746536254883,0.0,0.0,0.0,4.615174293518066,0.9821743965148926,0.0,0.0,0.0,0.0
sub001-ses04-block2-game2_002::b0336,test/sub001/ses-04/sub001-ses04-block2-game2_002.npy,sub001,2,3,26,0,Short,0.7862805810484973,1.0142171328294622,1.0142171328294622,1.0142171328294622,1.077963739754772,0.5138363824064047,0.3008502982686302,0.3008502982686302,0.3008502982686302,0.13625924287736968,5.044764518737793,0.0,0.0,0.0,4.939399719238281,0.5203137397766113,0.0,0.0,0.0,0.4558711051940918
sub001-ses04-block2-game2_002::b0337,test/sub001/ses-04/sub001-ses04-block2-game2_002.npy,sub001,2,3,26,0,Short,0.7637220719676434,0.9393368808783329,0.9393368808783329,0.9393368808783329,1.007713143410265,0.5879560317462127,0.3864115294093475,0.3864115294093475,0.3864115294093475,0.057128845157117025,5.0170207023620605,4.77309513092041,4.77309513092041,4.77309513092041,4.389146327972412,0.707420825958252,0.0,0.0,0.0,0.0
sub001-ses04-block2-game2_002::b0338,test/sub001/ses-04/sub001-ses04-block2-game2_002.npy,sub001,2,2,26,0,Short,1.1840154834386958,1.1840154834386958,0.7717745706912182,0.7717745706912182,0.7717745706912182,0.23578819664096173,0.23578819664096173,0.5506976129399194,0.5506976129399194,0.5506976129399194,4.298123836517334,4.298123836517334,4.520520210266113,4.520520210266113,4.520520210266113,0.5455236434936523,0.5455236434936523,0.0,0.0,0.0
sub001-ses04-block2-game2_002::b0339,test/sub001/ses-04/sub001-ses04-block2-game2_002.npy,sub001,2,3,26,0,Short,0.7746166856895654,0.7746166856895654,0.774436393091377,0.8538093287169279,0.8538093287169279,0.5412688027476968,0.5412688027476968,0.6098191102287638,0.5507891980216711,0.5507891980216711,4.369744300842285,4.369744300842285,0.0,0.2048807144165039,0.2048807144165039,0.0,0.0,0.0,0.3301563262939453,0.3301563262939453
sub001-ses04-block2-game2_002::b0340,test/sub001/ses-04/sub001-ses04-block2-game2_002.npy,sub001,2,3,26,0,Short,0.7974185047650394,0.7974185047650394,1.1271387601106475,1.2384214181114042,1.2384214181114042,0.6593604329809539,0.6593604329809539,0.29350651962866525,0.18506718955368495,0.18506718955368495,4.189776420593262,4.189776420593262,4.097028732299805,4.175930023193359,4.175930023193359,0.0,0.0,0.0,0.0011382102966308594,0.0011382102966308594
sub001-ses04-block2-game2_002::b0341,test/sub001/ses-04/sub001-ses04-block2-game2_002.npy,sub001,2,3,26,0,Short,1.0708467130172443,1.0708467130172443,1.2039679892814328,0.7264604352929396,0.7264604352929396,0.4160057842001522,0.4160057842001522,0.38696865030336014,0.7061593921274092,0.7061593921274092,3.4621758460998535,3.4621758460998535,0.10106277465820312,0.8716704845428467,0.8716704845428467,0.0,0.0,0.8825573921203613,0.264711856842041,0.264711856842041
sub001-ses04-block2-game2_002::b0342,test/sub001/ses-04/sub001-ses04-block2-game2_002.npy,sub001,2,3,26,0,Short,1.182950433228334,1.170817645425607,1.170817645425607,1.170817645425607,1.2387749073791094,0.2953480631077746,0.39849338497168685,0.39849338497168685,0.39849338497168685,0.37345370136581446,0.3181419372558594,4.17011833190918,4.17011833190918,4.17011833190918,3.0611350536346436,0.055419921875,0.5088725090026855,0.5088725090026855,0.5088725090026855,0.0
sub001-ses04-block2-game2_002::b0343,test/sub001/ses-04/sub001-ses04-block2-game2_002.npy,sub001,2,13,26,0,Short,0.6578562862220315,0.9516158930887453,0.8623723999023284,0.8997509061120884,0.8939140905827574,0.7171593923236186,0.48914304806471437,0.5003019484479311,0.37112036722519254,0.4754469509946784,0.0,0.39822864532470703,0.5781474113464355,5.113785266876221,0.0,0.0,0.11086273193359375,0.5267267227172852,0.36867713928222656,0.0
sub001-ses04-block2-game2_002::b0344,test/sub001/ses-04/sub001-ses04-block2-game2_002.npy,sub001,2,3,26,0,Short,0.7524694236065504,0.9796454053702048,0.9796454053702048,0.9796454053702048,0.9505489469477477,0.5194365245244067,0.24165863383673808,0.24165863383673808,0.24165863383673808,0.38614174422000397,0.0,0.0,0.0,0.0,5.7480058670043945,0.0,0.0,0.0,0.0,0.904991626739502
sub001-ses04-block2-game2_002::b0345,test/sub001/ses-04/sub001-ses04-block2-game2_002.npy,sub001,2,2,26,0,Short,0.8441928328416622,0.8441928328416622,0.8441928328416622,1.1779919655882414,1.1779919655882414,0.4440798935536352,0.4440798935536352,0.4440798935536352,0.3337666149000956,0.3337666149000956,4.92119836807251,4.92119836807251,4.92119836807251,0.48178720474243164,0.48178720474243164,0.6225194931030273,0.6225194931030273,0.6225194931030273,0.39037275314331055,0.39037275314331055
sub001-ses04-block2-game2_002::b0346,test/sub001/ses-04/sub001-ses04-block2-game2_002.npy,sub001,2,7,26,0,Short,0.23542634510219793,0.8673261292040862,0.8186136758998833,1.0917461649057714,0.8775592463072217,0.9184686826051784,0.6227106480710747,0.6703633711370932,0.3919288545809389,0.6379151989840652,4.0907392501831055,4.060550212860107,3.852112293243408,4.088380336761475,4.575575828552246,0.4102625846862793,0.51334547996521,0.16936469078063965,0.5536975860595703,1.016160011291504
sub001-ses04-block2-game2_002::b0347,test/sub001/ses-04/sub001-ses04-block2-game2_002.npy,sub001,2,15,26,0,Short,0.333453249815311,0.8621257474748317,0.8636032617932573,0.8314518919759747,0.8247616614364256,0.875940113102418,0.6236032081042521,0.6396280729851286,0.6384069874903137,0.6371701551478258,0.0,0.0,4.392183303833008,4.210343360900879,3.9724507331848145,0.0,0.0,1.2030420303344727,0.5004889965057373,0.7080483436584473
sub001-ses04-block2-game2_002::b0348,test/sub001/ses-04/sub001-ses04-block2-game2_002.npy,sub001,2,6,26,0,Short,0.8243562589236115,0.6857330946300698,1.159727901904312,0.9940563560376114,0.8879168754567717,0.5987938197968565,0.7254103265889088,0.40418891370773347,0.5485659480204323,0.5691597027360308,0.0,0.0,1.734917163848877,0.0,0.2573709487915039,0.0,0.0,0.0,0.0,0.39791250228881836
sub001-ses04-block2-game2_002::b0349,test/sub001/ses-04/sub001-ses04-block2-game2_002.npy,sub001,2,14,26,0,Short,0.5733822041121589,1.024399644777948,1.0691413176722613,0.9492270819029738,0.9566535013803164,0.7706326410571638,0.2915151616829804,0.09657714211469098,0.3856388859842546,0.39909973838520996,0.0,0.0,6.532669067382812e-05,0.0,0.07653951644897461,0.0,0.0,0.15892696380615234,0.0,0.16229248046875
sub001-ses04-block2-game2_002::b0350,test/sub001/ses-04/sub001-ses04-block2-game2_002.npy,sub001,2,8,26,0,Short,0.6577657994490904,0.8291790058052017,0.882531280738123,0.9082294818660862,0.950112763181703,0.6599074401459439,0.5906022765636822,0.46633446663890243,0.40748158320800687,0.4052099184289879,0.45491600036621094,0.0,0.0,0.0,0.0,1.4205479621887207,0.0,0.0,0.0,0.0
sub001-ses04-block2-game2_002::b0351,test/sub001/ses-04/sub001-ses04-block2-game2_002.npy,sub001,2,4,26,0,Short,0.8217633012169809,0.9032538369370845,0.9032538369370845,0.7075008904648323,0.8901693594300103,0.5167229422287242,0.45817121003691796,0.45817121003691796,0.6050400526708442,0.44053502158391356,0.0,3.933354139328003,3.933354139328003,0.33846616744995117,4.22281551361084,0.0,0.0,0.0,0.1757946014404297,0.10031509399414062
sub001-ses04-block2-game2_002::b0352,test/sub001/ses-04/sub001-ses04-block2-game2_002.npy,sub001,2,16,26,0,Short,0.5878421446395172,0.7944459776364483,0.9475444869068357,0.8291225597246075,0.9449267976729951,0.7525911557894484,0.5895603582209801,0.4652910985860159,0.56969114048035,0.43699926023512914,4.023111343383789,4.135429859161377,0.16385364532470703,0.0,0.0,0.0,0.0,0.624901294708252,0.0,0.0
sub001-ses04-block2-game2_002::b0353,test/sub001/ses-04/sub001-ses04-block2-game2_002.npy,sub001,2,9,26,0,Short,0.5913361447726209,0.9293464827546669,0.8960551640744243,0.9467160160779685,0.9984064514546275,0.7033751688214784,0.3333106075700393,0.4378969838402222,0.2958232299967009,0.29413105158251623,0.0,4.258701324462891,4.371243953704834,0.12856578826904297,4.443960189819336,0.0,0.0,0.0,0.0,0.0
sub001-ses04-block2-game2_002::b0354,test/sub001/ses-04/sub001-ses04-block2-game2_002.npy,sub001,2,3,26,0,Short,0.9018632164839379,1.0193071482460707,1.0193071482460707,1.0193071482460707,0.9140701785510137,0.4844118771928906,0.3052467538438463,0.3052467538438463,0.3052467538438463,0.31132370187496694,0.23423194885253906,0.018923282623291016,0.018923282623291016,0.018923282623291016,0.1369771957397461,0.12091970443725586,0.15700101852416992,0.15700101852416992,0.15700101852416992,0.0
sub001-ses04-block2-game2_002::b0355,test/sub001/ses-04/sub001-ses04-block2-game2_002.npy,sub001,2,2,26,0,Short,0.743822672940108,0.743822672940108,0.869149369334306,0.869149369334306,0.869149369334306,0.5888713109331946,0.5888713109331946,0.4221010240013233,0.4221010240013233,0.4221010240013233,0.4025692939758301,0.4025692939758301,0.1331653594970703,0.1331653594970703,0.1331653594970703,0.2681846618652344,0.2681846618652344,0.5632686614990234,0.5632686614990234,0.5632686614990234
sub001-ses04-block2-game2_002::b0356,test/sub001/ses-04/sub001-ses04-block2-game2_002.npy,sub001,2,3,26,0,Short,0.8541572916003133,0.8541572916003133,0.9899584025017194,0.8897255714957866,0.8897255714957866,0.45870170034653884,0.45870170034653884,0.3345974866503832,0.38631718072103177,0.38631718072103177,0.0,0.0,0.4671292304992676,0.12980031967163086,0.12980031967163086,0.0,0.0,0.22487497329711914,0.2625870704650879,0.2625870704650879
sub001-ses04-block2-game2_002::b0357,test/sub001/ses-04/sub001-ses04-block2-game2_002.npy,sub001,2,3,26,0,Short,0.6993829617041476,0.6993829617041476,1.0427034993373254,0.9467304624205608,0.9467304624205608,0.5954812694553666,0.5954812694553666,0.2708160539652125,0.23660144009026468,0.23660144009026468,0.12238550186157227,0.12238550186157227,0.29227352142333984,4.749622821807861,4.749622821807861,0.0,0.0,0.3059577941894531,0.0458378791809082,0.0458378791809082
sub001-ses04-block2-game2_002::b0358,test/sub001/ses-04/sub001-ses04-block2-game2_002.npy,sub001,2,3,26,0,Short,0.8222435592647304,0.8222435592647304,0.9485277423639694,1.0394451243428269,1.0394451243428269,0.5597133956201583,0.5597133956201583,0.2587315274796734,0.28218788566522235,0.28218788566522235,0.0,0.0,0.0,0.0,0.0,0.0,0.0,0.0,0.0,0.0
sub001-ses04-block2-game2_002::b0359,test/sub001/ses-04/sub001-ses04-block2-game2_002.npy,sub001,2,3,26,0,Short,1.046193495211657,1.046193495211657,0.9644361367917827,1.0190229243612356,1.0190229243612356,0.4279487003723661,0.4279487003723661,0.31778607858870794,0.25314561201305774,0.25314561201305774,4.198052406311035,4.198052406311035,0.0,0.0,0.0,0.0,0.0,0.0,0.0,0.0
sub001-ses04-block2-game2_002::b0361,test/sub001/ses-04/sub001-ses04-block2-game2_002.npy,sub001,2,16,26,0,Short,0.299062895101128,0.6839556297663808,0.8369621099099928,0.8116927676199077,0.7405575337640722,0.9012157037201766,0.6861060167498797,0.6439252343775302,0.6152889337879334,0.6915880971852316,4.146689414978027,0.0,4.442492485046387,4.058379173278809,0.0,0.2938566207885742,0.0,0.49027442932128906,0.7112641334533691,0.0
sub001-ses04-block2-game2_002::b0362,test/sub001/ses-04/sub001-ses04-block2-game2_002.npy,sub001,2,6,26,0,Short,0.8630039525146417,1.012958623346302,0.9902909413581292,0.9100492333862021,0.9850133013887201,0.5599560641443808,0.35824695601779155,0.3439659845535675,0.42187388495530437,0.37695284798761525,0.0,3.5799195766448975,0.0,0.5134620666503906,0.34618186950683594,0.0,0.1917886734008789,0.0,0.35646748542785645,0.5175328254699707
sub001-ses04-block2-game2_002::b0363,test/sub001/ses-04/sub001-ses04-block2-game2_002.npy,sub001,2,8,26,0,Short,0.2215682287967261,0.975845585410862,0.921854513910733,0.7411129180852805,0.8228577140822616,0.9324455372141678,0.5118880864020565,0.5755442339689264,0.6620588818374168,0.5809104315006929,4.180168151855469,0.0,3.986177444458008,0.1985323429107666,0.0,0.056496620178222656,0.0,0.008515357971191406,0.10753965377807617,0.0
sub001-ses04-block2-game2_002::b0366,test/sub001/ses-04/sub001-ses04-block2-game2_002.npy,sub001,2,11,26,0,Short,0.3077703058111738,0.8937128851754984,0.9201497626600714,0.8258386201946922,0.9026728261939553,0.8969769817461949,0.4906982400294061,0.5049426773643799,0.6105998755507567,0.48997092113769386,3.866764545440674,4.797782897949219,4.614648818969727,4.6957550048828125,4.043742656707764,0.21906185150146484,0.6305146217346191,0.4039154052734375,0.6049227714538574,0.0
sub001-ses04-block2-game2_002::b0367,test/sub001/ses-04/sub001-ses04-block2-game2_002.npy,sub001,2,13,26,0,Short,0.5921524630748682,0.9243386438224614,0.8563769052689755,0.9741251342093378,1.05834572468702,0.7387196008419588,0.5370387675731846,0.35949820871746485,0.41635356560997905,0.4056779346422002,4.132480144500732,0.5295767784118652,0.0,0.0,0.20632553100585938,0.7404384613037109,0.8069820404052734,0.0,0.0,0.6108207702636719
sub001-ses04-block2-game2_002::b0368,test/sub001/ses-04/sub001-ses04-block2-game2_002.npy,sub001,2,2,26,0,Short,0.935909572085738,0.935909572085738,0.935909572085738,0.9709622613672036,0.9709622613672036,0.3741773956087883,0.3741773956087883,0.3741773956087883,0.4310162832872898,0.4310162832872898,0.28391170501708984,0.28391170501708984,0.28391170501708984,4.373743057250977,4.373743057250977,1.3996829986572266,1.3996829986572266,1.3996829986572266,0.4217700958251953,0.4217700958251953
sub001-ses04-block2-game2_002::b0369,test/sub001/ses-04/sub001-ses04-block2-game2_002.npy,sub001,2,2,26,0,Short,0.9203820394519775,0.9203820394519775,0.9229208260534438,0.9229208260534438,0.9229208260534438,0.3398045194345151,0.3398045194345151,0.4899528467144475,0.4899528467144475,0.4899528467144475,0.0,0.0,0.0,0.0,0.0,0.0,0.0,0.0,0.0,0.0
sub001-ses04-block2-game2_002::b0370,test/sub001/ses-04/sub001-ses04-block2-game2_002.npy,sub001,2,2,26,0,Short,0.8486909014805823,0.8486909014805823,0.9240031222688526,0.9240031222688526,0.9240031222688526,0.46337940983186227,0.46337940983186227,0.5525122132664797,0.5525122132664797,0.5525122132664797,4.747149467468262,4.747149467468262,0.20566082000732422,0.20566082000732422,0.20566082000732422,0.41852426528930664,0.41852426528930664,0.0,0.0,0.0
sub001-ses04-block2-game2_002::b0371,test/sub001/ses-04/sub001-ses04-block2-game2_002.npy,sub001,2,2,26,0,Short,0.9934685319111263,0.9934685319111263,0.971198921727931,0.971198921727931,0.971198921727931,0.41786491973392415,0.41786491973392415,0.49751134248624584,0.49751134248624584,0.49751134248624584,0.7752723693847656,0.7752723693847656,4.853795528411865,4.853795528411865,4.853795528411865,0.624873161315918,0.624873161315918,0.5693378448486328,0.5693378448486328,0.5693378448486328
sub001-ses04-block2-game2_002::b0372,test/sub001/ses-04/sub001-ses04-block2-game2_002.npy,sub001,2,4,26,0,Short,0.9458574684425828,0.9523747559942772,0.9523747559942772,1.033165547921034,0.8196883443806877,0.4339277337878973,0.5016418721744602,0.5016418721744602,0.31626231810077854,0.5571237803050878,0.0,4.528549671173096,4.528549671173096,4.578754425048828,0.0,0.0,0.03822946548461914,0.03822946548461914,0.5257549285888672,0.0
sub001-ses04-block2-game2_002::b0373,test/sub001/ses-04/sub001-ses04-block2-game2_002.npy,sub001,2,2,26,0,Short,0.8607307260703194,0.8607307260703194,0.8660285350448912,0.8660285350448912,0.8660285350448912,0.5615431283940711,0.5615431283940711,0.4355451571766681,0.4355451571766681,0.4355451571766681,0.34658098220825195,0.34658098220825195,4.293524265289307,4.293524265289307,4.293524265289307,0.1643686294555664,0.1643686294555664,0.24290132522583008,0.24290132522583008,0.24290132522583008
sub001-ses04-block2-game2_002::b0374,test/sub001/ses-04/sub001-ses04-block2-game2_002.npy,sub001,2,3,26,0,Short,0.9141153539031547,0.9141153539031547,0.8996916052282151,1.2049581742117943,1.2049581742117943,0.5372813793453981,0.5372813793453981,0.31023082888372594,0.2600705996847725,0.2600705996847725,0.524078369140625,0.524078369140625,0.0,5.507961750030518,5.507961750030518,0.38092899322509766,0.38092899322509766,0.0,0.9637160301208496,0.9637160301208496
sub001-ses04-block2-game2_002::b0375,test/sub001/ses-04/sub001-ses04-block2-game2_002.npy,sub001,2,10,26,0,Short,0.5523236331251882,1.0439200790487393,0.9919848006685845,0.9648183245878739,1.0408658364563605,0.7724438386884759,0.3745897018232032,0.38525748833816986,0.49398492453439746,0.4100046861125567,4.706606388092041,0.04189872741699219,0.0,0.1862468719482422,4.594414710998535,0.02019786834716797,0.39993762969970703,0.0,0.4451775550842285,0.0
sub001-ses04-block2-game2_002::b0376,test/sub001/ses-04/sub001-ses04-block2-game2_002.npy,sub001,2,3,26,0,Short,0.7908248789109342,0.7908248789109342,1.0547006222619237,1.090893422965352,1.090893422965352,0.5121543886670102,0.5121543886670102,0.3426376654457866,0.19550948163991005,0.19550948163991005,0.15447378158569336,0.15447378158569336,0.0,4.977888107299805,4.977888107299805,0.0,0.0,0.0,0.03613901138305664,0.03613901138305664
sub001-ses04-block2-game2_002::b0377,test/sub001/ses-04/sub001-ses04-block2-game2_002.npy,sub001,2,10,26,0,Short,0.9372549567286164,1.4003559620892676,1.285707493713027,0.9300415049603065,0.9428013562724096,0.4068830282664035,0.07781873778278753,0.076387567737499,0.4384957878222751,0.434637900691354,0.5981712341308594,0.0,4.564383506774902,4.803949356079102,0.022484779357910156,0.6533961296081543,0.0,0.5189075469970703,0.6450872421264648,0.5834164619445801
sub001-ses04-block2-game2_002::b0378,test/sub001/ses-04/sub001-ses04-block2-game2_002.npy,sub001,2,6,26,0,Short,0.5741188934770102,0.8604845832615996,0.8554431900459101,0.9913671265743668,0.9225512764539754,0.7387696328392839,0.5058408609481133,0.571546919206619,0.3962176626665754,0.5066823848454702,3.524020195007324,4.350146293640137,0.0,0.0,0.5498673915863037,0.0,0.38682126998901367,0.0,0.0,0.18396615982055664
sub001-ses04-block2-game2_002::b0379,test/sub001/ses-04/sub001-ses04-block2-game2_002.npy,sub001,2,22,26,0,Short,1.0377586738374858,0.9750866934674552,0.7660735951178141,1.2254020358119984,0.9388250263082358,0.4184750304145484,0.5581136116626355,0.6200163164543466,0.31942474274869925,0.5531687972037895,3.6092774868011475,0.0,0.0,2.9704978466033936,0.0,0.0,0.0,0.0,0.0,0.0
sub001-ses04-block2-game2_002::b0380,test/sub001/ses-04/sub001-ses04-block2-game2_002.npy,sub001,2,10,26,0,Short,0.3946638933769239,0.9249716431283372,1.036657669751216,1.029452670664102,0.9097745600576599,0.8601689677307431,0.6028596630652032,0.500298914979419,0.5101019073480395,0.5680871818624821,4.252220153808594,0.0,4.699658393859863,3.3475656509399414,4.349308967590332,0.25100278854370117,0.0,0.9029340744018555,0.0,0.5936036109924316
sub001-ses04-block2-game2_002::b0381,test/sub001/ses-04/sub001-ses04-block2-game2_002.npy,sub001,2,20,26,0,Short,0.6331596714282834,1.0185866302595918,1.0149714247046928,0.9302538548769564,1.1002673999088748,0.7153103727872578,0.5297419823531357,0.4399594575663307,0.5306424571758115,0.4379170624512505,3.3559091091156006,0.15645265579223633,0.0,3.4999091625213623,3.484628677368164,0.0,0.0012269020080566406,0.0,0.0,0.00949859619140625
sub001-ses04-block2-game2_002::b0382,test/sub001/ses-04/sub001-ses04-block2-game2_002.npy,sub001,2,13,26,0,Short,0.23188154199076583,0.9148892150089596,1.1075326052149679,1.045840796141853,0.9634574419905418,0.9221775113924543,0.49991172460680156,0.2660211012992981,0.45224989145369154,0.5445945958833599,3.707657814025879,0.03294539451599121,0.0,0.0,4.1313605308532715,0.20934534072875977,0.0,0.0,0.0,0.7207365036010742
sub001-ses04-block2-game2_002::b0383,test/sub001/ses-04/sub001-ses04-block2-game2_002.npy,sub001,2,3,26,0,Short,0.7790525237212848,0.7790525237212848,0.939753740363224,1.103087596661548,1.103087596661548,0.5467071977092268,0.5467071977092268,0.4149843913442765,0.22925398736629754,0.22925398736629754,0.9832077026367188,0.9832077026367188,0.0,5.28209924697876,5.28209924697876,1.0994133949279785,1.0994133949279785,0.0,1.6401934623718262,1.6401934623718262
sub001-ses04-block2-game2_002::b0385,test/sub001/ses-04/sub001-ses04-block2-game2_002.npy,sub001,2,2,26,0,Short,1.047405090404969,1.047405090404969,1.0425799932961552,1.0425799932961552,1.0425799932961552,0.38351728630715665,0.38351728630715665,0.3267665076022587,0.3267665076022587,0.3267665076022587,0.0,0.0,0.0,0.0,0.0,0.0,0.0,0.0,0.0,0.0
sub001-ses04-block2-game2_002::b0386,test/sub001/ses-04/sub001-ses04-block2-game2_002.npy,sub001,2,2,26,0,Short,0.9495114897271254,0.9495114897271254,0.9495114897271254,1.2020299956501665,1.2020299956501665,0.4616611974923041,0.4616611974923041,0.4616611974923041,0.2920744389758738,0.2920744389758738,0.0,0.0,0.0,0.2325725555419922,0.2325725555419922,0.0,0.0,0.0,0.0,0.0
sub001-ses04-block2-game2_002::b0387,test/sub001/ses-04/sub001-ses04-block2-game2_002.npy,sub001,2,2,26,0,Short,0.9564307854155083,0.9564307854155083,1.0143406582040477,1.0143406582040477,1.0143406582040477,0.4484900395390705,0.4484900395390705,0.44432870544854786,0.44432870544854786,0.44432870544854786,3.328901529312134,3.328901529312134,0.525097131729126,0.525097131729126,0.525097131729126,0.06296348571777344,0.06296348571777344,0.6942028999328613,0.6942028999328613,0.6942028999328613
sub001-ses04-block2-game2_002::b0388,test/sub001/ses-04/sub001-ses04-block2-game2_002.npy,sub001,2,2,26,0,Short,0.8074137643582582,0.8074137643582582,1.350208414255946,1.350208414255946,1.350208414255946,0.5134948699755962,0.5134948699755962,0.2754823167853643,0.2754823167853643,0.2754823167853643,3.073359966278076,3.073359966278076,0.0,0.0,0.0,0.0,0.0,0.0,0.0,0.0
sub001-ses04-block2-game2_002::b0389,test/sub001/ses-04/sub001-ses04-block2-game2_002.npy,sub001,2,4,26,0,Short,0.8578115021141399,0.9886269396372508,1.099943155991067,1.099943155991067,0.9798263378922418,0.5306213270682942,0.4430008466028723,0.2720372241385385,0.2720372241385385,0.3886027260152467,3.9103708267211914,0.0,0.0,0.0,0.0,0.5961992740631104,0.0,0.0,0.0,0.0
sub001-ses04-block2-game2_002::b0390,test/sub001/ses-04/sub001-ses04-block2-game2_002.npy,sub001,2,4,26,0,Short,0.8626582277182437,1.1290371061241915,1.1290371061241915,1.1218503687343457,1.1416283102232503,0.4698849575201691,0.2110566353934607,0.2110566353934607,0.26234341149377793,0.2823429393802507,0.0,0.0,0.0,3.269503355026245,3.6062657833099365,0.0,0.0,0.0,0.0,0.6100292205810547
sub001-ses04-block2-game2_002::b0391,test/sub001/ses-04/sub001-ses04-block2-game2_002.npy,sub001,2,3,26,0,Short,0.8447074295887161,0.9895991323828486,0.9895991323828486,0.9895991323828486,1.2290337291478697,0.5406920555271935,0.38633778820355597,0.38633778820355597,0.38633778820355597,0.09927200302578842,3.6734540462493896,0.05577206611633301,0.05577206611633301,0.05577206611633301,3.5377719402313232,0.24381422996520996,0.7700459957122803,0.7700459957122803,0.7700459957122803,0.08695530891418457
sub001-ses04-block2-game2_002::b0392,test/sub001/ses-04/sub001-ses04-block2-game2_002.npy,sub001,2,3,26,0,Short,0.9048744897278292,1.035931728678936,1.035931728678936,1.035931728678936,1.0341641776731694,0.5020136970308744,0.31517983199033744,0.31517983199033744,0.31517983199033744,0.19028804594663862,3.6451711654663086,0.04714202880859375,0.04714202880859375,0.04714202880859375,0.0,0.03449678421020508,0.35525012016296387,0.35525012016296387,0.35525012016296387,0.0
sub001-ses04-block2-game2_002::b0393,test/sub001/ses-04/sub001-ses04-block2-game2_002.npy,sub001,2,2,26,0,Short,0.962744451320531,0.962744451320531,1.0814110693080856,1.0814110693080856,1.0814110693080856,0.41892588886313614,0.41892588886313614,0.3657919341649498,0.3657919341649498,0.3657919341649498,0.43096256256103516,0.43096256256103516,0.0,0.0,0.0,1.0161185264587402,1.0161185264587402,0.0,0.0,0.0
sub001-ses04-block2-game2_002::b0394,test/sub001/ses-04/sub001-ses04-block2-game2_002.npy,sub001,2,4,26,0,Short,0.8143484382620463,0.9938017643576887,0.9162970215257676,0.9162970215257676,0.9923800596378417,0.5330452659738529,0.38265746190453676,0.35469749547206003,0.35469749547206003,0.4204965564220205,0.0,0.0,0.11197257041931152,0.11197257041931152,0.0,0.0,0.0,0.6549458503723145,0.6549458503723145,0.0
sub001-ses04-block2-game2_002::b0395,test/sub001/ses-04/sub001-ses04-block2-game2_002.npy,sub001,2,2,26,0,Short,0.9734159278518535,0.9734159278518535,0.9952378685700219,0.9952378685700219,0.9952378685700219,0.47299610740595543,0.47299610740595543,0.3723874582298989,0.3723874582298989,0.3723874582298989,0.0,0.0,3.813681125640869,3.813681125640869,3.813681125640869,0.0,0.0,0.27855539321899414,0.27855539321899414,0.27855539321899414
sub001-ses04-block2-game2_002::b0396,test/sub001/ses-04/sub001-ses04-block2-game2_002.npy,sub001,2,4,26,0,Short,0.8882642087128438,0.9183434416380062,0.9183434416380062,1.083440142670961,0.9817045951354793,0.452198976507336,0.3334243991429937,0.3334243991429937,0.27775300956380633,0.3008560454285655,3.2037932872772217,0.0,0.0,0.0,0.0,0.0,0.0,0.0,0.0,0.0
sub001-ses04-block2-game2_002::b0397,test/sub001/ses-04/sub001-ses04-block2-game2_002.npy,sub001,2,3,26,0,Short,0.8275182794828713,0.8275182794828713,0.9439137578184343,0.9340758416764933,0.9340758416764933,0.5790842664268286,0.5790842664268286,0.37052156892578203,0.3654030290559966,0.3654030290559966,3.647730827331543,3.647730827331543,0.0,0.0,0.0,0.15989065170288086,0.15989065170288086,0.0,0.0,0.0
sub001-ses04-block2-game2_002::b0398,test/sub001/ses-04/sub001-ses04-block2-game2_002.npy,sub001,2,2,26,0,Short,0.8987984532605506,0.8987984532605506,0.8987984532605506,0.9318086879185538,0.9318086879185538,0.5103392634282686,0.5103392634282686,0.5103392634282686,0.2805977389746305,0.2805977389746305,0.16992449760437012,0.16992449760437012,0.16992449760437012,0.0,0.0,0.7279956340789795,0.7279956340789795,0.7279956340789795,0.0,0.0
sub001-ses04-block2-game2_002::b0399,test/sub001/ses-04/sub001-ses04-block2-game2_002.npy,sub001,2,3,26,0,Short,0.8642676400667489,1.0363401995761328,1.0363401995761328,1.0363401995761328,1.0025282070794646,0.57000004389293,0.38981077225596683,0.38981077225596683,0.38981077225596683,0.19800858362646534,0.0,0.0,0.0,0.0,3.1196539402008057,0.0,0.0,0.0,0.0,0.4642374515533447
sub001-ses04-block2-game2_002::b0400,test/sub001/ses-04/sub001-ses04-block2-game2_002.npy,sub001,2,5,26,0,Short,0.8073537678742446,0.9448479436755175,0.9851057284906177,1.0116214225593931,0.9298745022129432,0.5944176461306911,0.2779939121313428,0.15171055800844385,0.13460392703984536,0.27987571802783995,3.6563057899475098,0.0,3.5061590671539307,0.030651330947875977,0.0,0.0021736621856689453,0.0,0.5271227359771729,0.32454586029052734,0.0
sub001-ses04-block2-game2_002::b0401,test/sub001/ses-04/sub001-ses04-block2-game2_002.npy,sub001,2,2,26,0,Short,0.8438764697977414,0.8438764697977414,0.9117430838329139,0.9117430838329139,0.9117430838329139,0.511875565173005,0.511875565173005,0.38660206601450997,0.38660206601450997,0.38660206601450997,0.639784574508667,0.639784574508667,3.399789571762085,3.399789571762085,3.399789571762085,0.24125981330871582,0.24125981330871582,0.28932619094848633,0.28932619094848633,0.28932619094848633
sub001-ses04-block2-game2_002::b0402,test/sub001/ses-04/sub001-ses04-block2-game2_002.npy,sub001,2,4,26,0,Short,0.7647349669922321,0.9766772746507447,0.9766772746507447,0.9938657899217717,0.9850280142448402,0.5736296278845459,0.2317246625569354,0.2317246625569354,0.18877092082089342,0.16834746282636293,0.1921398639678955,4.162081718444824,4.162081718444824,3.4601664543151855,3.871198892593384,0.5572783946990967,0.7033987045288086,0.7033987045288086,0.26784300804138184,0.7927155494689941
sub001-ses04-block2-game2_002::b0403,test/sub001/ses-04/sub001-ses04-block2-game2_002.npy,sub001,2,3,26,0,Short,0.7732328849731721,0.7732328849731721,0.9714291053474731,1.116785087141811,1.116785087141811,0.517094855825681,0.517094855825681,0.30871855399230513,0.014074763491350839,0.014074763491350839,3.9941983222961426,3.9941983222961426,0.0,0.0,0.0,0.3392024040222168,0.3392024040222168,0.0,0.0,0.0
sub001-ses04-block2-game2_002::b0404,test/sub001/ses-04/sub001-ses04-block2-game2_002.npy,sub001,2,4,26,0,Short,0.8034779685058868,1.1505107877191723,1.1505107877191723,1.0729692005658273,1.1110752995641844,0.575784414511096,0.03517224404029917,0.03517224404029917,0.20186967959036944,0.1718528736541443,3.1978700160980225,0.16817784309387207,0.16817784309387207,0.0,0.15004467964172363,0.7131929397583008,0.6631636619567871,0.6631636619567871,0.0,0.3475654125213623
sub001-ses04-block2-game2_002::b0405,test/sub001/ses-04/sub001-ses04-block2-game2_002.npy,sub001,2,3,26,0,Short,0.8455443031013469,0.8455443031013469,1.1234423099885953,1.028658099562049,1.028658099562049,0.5413022797001863,0.5413022797001863,0.21840675119953662,0.3369104747625207,0.3369104747625207,0.0,0.0,3.144026517868042,3.454023599624634,3.454023599624634,0.0,0.0,0.19600415229797363,0.4719278812408447,0.4719278812408447
sub001-ses04-block2-game2_002::b0406,test/sub001/ses-04/sub001-ses04-block2-game2_002.npy,sub001,2,3,26,0,Short,0.8179808037376436,0.9699007169058446,0.9699007169058446,0.9699007169058446,1.2659929249000452,0.5590333699151058,0.21616266148437724,0.21616266148437724,0.21616266148437724,0.08848332294670463,0.28948259353637695,3.7801804542541504,3.7801804542541504,3.7801804542541504,3.7475340366363525,0.29897141456604004,0.6403508186340332,0.6403508186340332,0.6403508186340332,0.12102890014648438
sub001-ses04-block2-game2_002::b0407,test/sub001/ses-04/sub001-ses04-block2-game2_002.npy,sub001,2,7,26,0,Short,0.3235297954820515,1.036374690098337,0.9634898804410362,1.0621960133354316,1.060907690022681,0.8877001196652179,0.44572142869480214,0.51861280497144,0.4267463828924095,0.4688091771451698,3.2000885009765625,3.1837503910064697,3.6997880935668945,3.1411914825439453,0.19029664993286133,0.08866024017333984,0.0,0.4970519542694092,0.0,0.014507532119750977
sub001-ses04-block2-game2_002::b0408,test/sub001/ses-04/sub001-ses04-block2-game2_002.npy,sub001,2,13,26,0,Short,0.9688433102900752,1.1226269859840077,1.1087282045754703,1.1610415367856077,1.1359289576651952,0.43796476777567256,0.3223137680055178,0.37163758776724,0.36139609471723455,0.4429596496112772,4.057570934295654,0.30850815773010254,0.3616516590118408,3.9058499336242676,0.21326780319213867,0.5519614219665527,0.2675793170928955,0.41243600845336914,0.4493999481201172,0.5720345973968506
sub001-ses04-block2-game2_002::b0409,test/sub001/ses-04/sub001-ses04-block2-game2_002.npy,sub001,2,2,26,0,Short,0.5846199757178181,0.5846199757178181,1.056356790729529,1.056356790729529,1.056356790729529,0.7556377554949376,0.7556377554949376,0.31441988460136105,0.31441988460136105,0.31441988460136105,0.010367870330810547,0.010367870330810547,0.0,0.0,0.0,1.0053153038024902,1.0053153038024902,0.0,0.0,0.0
sub001-ses04-block2-game2_002::b0410,test/sub001/ses-04/sub001-ses04-block2-game2_002.npy,sub001,2,10,26,0,Short,0.570003050385142,1.0614246955431852,0.8850441223001808,0.8610804649220265,0.8477698141178042,0.6791748767101854,0.26483605370924557,0.5253828987405542,0.5607075727536422,0.5249996123158541,4.469488143920898,0.0,3.9649856090545654,0.0,0.0,0.9142160415649414,0.0,0.011278390884399414,0.0,0.0
sub001-ses04-block2-game2_002::b0411,test/sub001/ses-04/sub001-ses04-block2-game2_002.npy,sub001,2,3,26,0,Short,0.8408941182990687,0.8408941182990687,1.018468382322923,1.011838651860426,1.011838651860426,0.4879798599667955,0.4879798599667955,0.32897879490471743,0.4068505913988502,0.4068505913988502,0.1802539825439453,0.1802539825439453,0.0,3.5968270301818848,3.5968270301818848,0.30168700218200684,0.30168700218200684,0.0,0.0,0.0
sub001-ses04-block2-game2_002::b0412,test/sub001/ses-04/sub001-ses04-block2-game2_002.npy,sub001,2,2,26,0,Short,0.8116301942886377,0.8116301942886377,0.91893721260202,0.91893721260202,0.91893721260202,0.5597505553195934,0.5597505553195934,0.487593243019768,0.487593243019768,0.487593243019768,3.4178943634033203,3.4178943634033203,3.797715425491333,3.797715425491333,3.797715425491333,0.13546204566955566,0.13546204566955566,0.5813474655151367,0.5813474655151367,0.5813474655151367
sub001-ses04-block2-game2_002::b0413,test/sub001/ses-04/sub001-ses04-block2-game2_002.npy,sub001,2,5,26,0,Short,0.8944018858955691,0.8642596983272395,0.8885703566578769,0.7899151954464914,0.9423900771762065,0.515493796316759,0.5295157909941609,0.4891629041988492,0.4695897295076279,0.3867955667387535,3.7292211055755615,4.230003833770752,0.0,3.91062593460083,3.942673444747925,0.0,1.1703615188598633,0.0,0.038468360900878906,0.0
sub001-ses04-block2-game2_002::b0415,test/sub001/ses-04/sub001-ses04-block2-game2_002.npy,sub001,2,4,26,0,Short,0.8599201387371054,1.1763258983943072,1.1763258983943072,1.1177088388517291,1.0552640936843525,0.5368399462044956,0.09528608860558119,0.09528608860558119,0.0248501726925201,0.1888848003585144,0.0,0.0,0.0,0.0,0.0,0.0,0.0,0.0,0.0,0.0
sub001-ses04-block2-game2_002::b0416,test/sub001/ses-04/sub001-ses04-block2-game2_002.npy,sub001,2,14,26,0,Short,0.9553062853676231,1.0603198951820045,0.9695742174626154,1.053950367568803,0.911152186822411,0.47017265837609723,0.15836043183476528,0.4268299693477434,0.38277939488526636,0.4566109896934437,3.7890636920928955,0.8053348064422607,0.0,0.0,0.0,0.3888874053955078,0.7448945045471191,0.0,0.0,0.0
sub001-ses04-block2-game2_002::b0417,test/sub001/ses-04/sub001-ses04-block2-game2_002.npy,sub001,2,3,26,0,Short,0.9574771202588133,1.0824300019763753,1.0824300019763753,1.0824300019763753,1.1097641276337122,0.44502184582116444,0.2052164318051508,0.2052164318051508,0.2052164318051508,0.12548751579432305,3.3904614448547363,3.506256341934204,3.506256341934204,3.506256341934204,3.333312511444092,0.0,0.30615997314453125,0.30615997314453125,0.30615997314453125,0.0
sub001-ses04-block2-game2_002::b0418,test/sub001/ses-04/sub001-ses04-block2-game2_002.npy,sub001,2,19,26,0,Short,0.824308112588372,1.1645634778939722,1.142939812474577,1.0977155227510673,1.0917345077394647,0.5160832097057921,0.26961316666542057,0.2541846519697416,0.2752013389546151,0.33072765033119156,3.2521934509277344,0.0,0.2689175605773926,3.306735038757324,0.0,0.0186767578125,0.0,0.247450590133667,0.1541919708251953,0.0
sub001-ses04-block2-game2_002::b0419,test/sub001/ses-04/sub001-ses04-block2-game2_002.npy,sub001,2,2,26,0,Short,0.8371465001829977,0.8371465001829977,0.8371465001829977,1.1118766126805606,1.1118766126805606,0.6019319750328651,0.6019319750328651,0.6019319750328651,0.2815264526971463,0.2815264526971463,0.0,0.0,0.0,2.9499223232269287,2.9499223232269287,0.0,0.0,0.0,0.5367138385772705,0.5367138385772705
sub001-ses04-block2-game2_002::b0421,test/sub001/ses-04/sub001-ses04-block2-game2_002.npy,sub001,2,19,26,0,Short,0.7946551534261616,1.3445722394682669,1.0360661028703715,1.2365222411878731,1.1533976876315888,0.6353222569752348,0.18031917752236146,0.4094144414824823,0.23624551064013416,0.3284097781838216,0.19705963134765625,0.0,0.0,2.7691478729248047,0.0,1.1779747009277344,0.0,0.0,0.6144888401031494,0.0
sub001-ses04-block2-game2_002::b0422,test/sub001/ses-04/sub001-ses04-block2-game2_002.npy,sub001,2,3,26,0,Short,1.0499794819687382,1.0749216496517626,1.0749216496517626,1.0749216496517626,1.0204693408175596,0.3439201523646222,0.4163830962114403,0.4163830962114403,0.4163830962114403,0.3789304865731058,2.680842399597168,0.0,0.0,0.0,0.020122289657592773,0.0,0.0,0.0,0.0,0.0
sub001-ses04-block2-game2_002::b0423,test/sub001/ses-04/sub001-ses04-block2-game2_002.npy,sub001,2,4,26,0,Short,1.1138221654942508,1.1630099210437408,1.1630099210437408,0.969510469545701,1.004348188819655,0.36394455778264356,0.36298499122358285,0.36298499122358285,0.46750615571388043,0.4339641773464865,0.0,0.14461874961853027,0.14461874961853027,0.11632561683654785,3.0556366443634033,0.0,0.5343990325927734,0.5343990325927734,0.39168739318847656,0.3889627456665039
sub001-ses04-block2-game2_002::b0424,test/sub001/ses-04/sub001-ses04-block2-game2_002.npy,sub001,2,2,26,0,Short,1.1030506677981924,1.1030506677981924,1.026134275467256,1.026134275467256,1.026134275467256,0.38461536651106315,0.38461536651106315,0.47672955927868943,0.47672955927868943,0.47672955927868943,0.03726911544799805,0.03726911544799805,0.2810940742492676,0.2810940742492676,0.2810940742492676,0.0,0.0,0.1828327178955078,0.1828327178955078,0.1828327178955078
sub001-ses04-block2-game2_002::b0425,test/sub001/ses-04/sub001-ses04-block2-game2_002.npy,sub001,2,2,26,0,Short,1.0604846005934183,1.0604846005934183,1.0197678585460987,1.0197678585460987,1.0197678585460987,0.38867601338058,0.38867601338058,0.4470782165842577,0.4470782165842577,0.4470782165842577,2.833340644836426,2.833340644836426,0.02619647979736328,0.02619647979736328,0.02619647979736328,0.13589882850646973,0.13589882850646973,0.3323488235473633,0.3323488235473633,0.3323488235473633
sub001-ses04-block2-game2_002::b0426,test/sub001/ses-04/sub001-ses04-block2-game2_002.npy,sub001,2,2,26,0,Short,1.1162329650028173,1.1162329650028173,1.0904207027543662,1.0904207027543662,1.0904207027543662,0.2160736055439158,0.2160736055439158,0.263839042277771,0.263839042277771,0.263839042277771,0.0,0.0,0.08504104614257812,0.08504104614257812,0.08504104614257812,0.0,0.0,0.2806258201599121,0.2806258201599121,0.2806258201599121
sub001-ses04-block2-game2_002::b0427,test/sub001/ses-04/sub001-ses04-block2-game2_002.npy,sub001,2,3,26,0,Short,0.9240732863030358,1.0392325939697147,1.0392325939697147,1.0392325939697147,1.1685893601841177,0.46424408985892573,0.4277942155478326,0.4277942155478326,0.4277942155478326,0.17548180751652886,0.09850811958312988,3.7643160820007324,3.7643160820007324,3.7643160820007324,0.11945271492004395,0.6470935344696045,0.3935813903808594,0.3935813903808594,0.3935813903808594,0.732940673828125
sub001-ses04-block2-game2_002::b0428,test/sub001/ses-04/sub001-ses04-block2-game2_002.npy,sub001,2,4,26,0,Short,0.8896579479191715,1.0396729870134176,1.0396729870134176,1.0385117117099971,1.028512381829247,0.47189322636064285,0.38402560691489235,0.38402560691489235,0.36813700973066216,0.3555057647084782,3.625711441040039,2.8485305309295654,2.8485305309295654,0.6412272453308105,0.17868876457214355,0.6675717830657959,0.0,0.0,0.14335966110229492,0.1786060333251953
sub001-ses04-block2-game2_002::b0429,test/sub001/ses-04/sub001-ses04-block2-game2_002.npy,sub001,2,9,26,0,Short,1.154720678028764,1.1725374356233462,1.1365506808530172,1.1615585497998555,1.2283036764492925,0.2342576650570823,0.29074089963239436,0.21071139127849758,0.27447976607864605,0.18547751337284174,2.6764333248138428,2.872575283050537,0.0,3.039900541305542,0.0,0.707944393157959,0.289992094039917,0.0,0.3964526653289795,0.0
sub001-ses04-block2-game2_002::b0430,test/sub001/ses-04/sub001-ses04-block2-game2_002.npy,sub001,2,4,26,0,Short,1.0439198269234913,1.1218987967062894,1.1169687020742745,1.1169687020742745,1.2255325566277724,0.44306783200500355,0.23921622692280597,0.3185753603255586,0.3185753603255586,0.10635617610861436,2.494457721710205,0.0,0.0,0.0,2.4622457027435303,0.0,0.0,0.0,0.0,0.0
sub001-ses04-block2-game2_002::b0431,test/sub001/ses-04/sub001-ses04-block2-game2_002.npy,sub001,2,3,26,0,Short,1.0729378677295376,1.0076390390553633,1.0076390390553633,1.0076390390553633,1.160124406172987,0.45883859518770415,0.4364253619974945,0.4364253619974945,0.4364253619974945,0.2397192452068016,0.0,0.0884699821472168,0.0884699821472168,0.0884699821472168,0.1963510513305664,0.0,0.19428801536560059,0.19428801536560059,0.19428801536560059,0.6494176387786865
sub001-ses04-block2-game2_002::b0432,test/sub001/ses-04/sub001-ses04-block2-game2_002.npy,sub001,2,3,26,0,Short,1.0583115527938243,1.0583115527938243,1.0915357210450498,1.122145994598428,1.122145994598428,0.417920976050752,0.417920976050752,0.32052501788922055,0.3342881342146479,0.3342881342146479,0.0,0.0,2.2993528842926025,2.3649394512176514,2.3649394512176514,0.0,0.0,0.23779749870300293,0.1998279094696045,0.1998279094696045
sub001-ses04-block2-game2_002::b0434,test/sub001/ses-04/sub001-ses04-block2-game2_002.npy,sub001,2,2,26,0,Short,0.8449712404144147,0.8449712404144147,1.1070412653126358,1.1070412653126358,1.1070412653126358,0.6159977149875409,0.6159977149875409,0.4633445277054157,0.4633445277054157,0.4633445277054157,0.0,0.0,2.186630964279175,2.186630964279175,2.186630964279175,0.0,0.0,0.2221088409423828,0.2221088409423828,0.2221088409423828
sub001-ses04-block2-game2_002::b0435,test/sub001/ses-04/sub001-ses04-block2-game2_002.npy,sub001,2,4,26,0,Short,1.1102347269894197,1.257116888707664,1.257116888707664,1.180150807167712,1.1618669882351649,0.45264960609073635,0.3392168294224377,0.3392168294224377,0.21988031145678405,0.42980865001233703,2.4046313762664795,2.3555753231048584,2.3555753231048584,0.0,0.1600642204284668,0.4400641918182373,0.3017129898071289,0.3017129898071289,0.0,0.17933082580566406
sub001-ses04-block2-game2_002::b0436,test/sub001/ses-04/sub001-ses04-block2-game2_002.npy,sub001,2,4,26,0,Short,1.1676010834272372,1.2338335006086996,1.217709847086832,1.217709847086832,1.113200939307529,0.16893051557330135,0.2171443075028977,0.40800747644847896,0.40800747644847896,0.49225459408872574,1.7881994247436523,0.028370141983032227,1.6696311235427856,1.6696311235427856,0.0,0.0,0.0,0.0,0.0,0.0
sub001-ses04-block2-game2_002::b0438,test/sub001/ses-04/sub001-ses04-block2-game2_002.npy,sub001,2,4,26,0,Short,1.176017133771422,1.0890733365802625,1.0890733365802625,1.0663736585900754,1.189661334948654,0.3527856113879193,0.4241109003941972,0.4241109003941972,0.4623604481872581,0.29144271417285555,2.4278440475463867,0.0,0.0,2.6735315322875977,2.7090904712677,0.0,0.0,0.0,0.22394490242004395,0.1451253890991211
sub001-ses04-block2-game2_002::b0439,test/sub001/ses-04/sub001-ses04-block2-game2_002.npy,sub001,2,2,26,0,Short,1.1438453526719745,1.1438453526719745,1.077990788818171,1.077990788818171,1.077990788818171,0.40916549860292295,0.40916549860292295,0.48503264360200915,0.48503264360200915,0.48503264360200915,0.3631014823913574,0.3631014823913574,0.0,0.0,0.0,0.20057177543640137,0.20057177543640137,0.0,0.0,0.0
sub001-ses04-block2-game2_002::b0440,test/sub001/ses-04/sub001-ses04-block2-game2_002.npy,sub001,2,3,26,0,Short,1.0840449376554888,1.0037693051612757,1.0037693051612757,1.0037693051612757,1.0198439696817687,0.4143416867901474,0.4609725171613332,0.4609725171613332,0.4609725171613332,0.54510797865372,0.024817705154418945,0.0,0.0,0.0,0.0,0.030312061309814453,0.0,0.0,0.0,0.0
sub001-ses04-block2-game2_002::b0441,test/sub001/ses-04/sub001-ses04-block2-game2_002.npy,sub001,2,7,26,0,Short,1.0820998834625413,1.0771166944170194,1.1342154466562582,1.1665423879225902,1.2399697832735885,0.4719794114389124,0.5170459907389171,0.4002421761486138,0.3826707494471169,0.3602432936308644,2.495689630508423,0.0,2.177680492401123,0.0,2.2263259887695312,0.0,0.0,0.0,0.0,0.02943110466003418
sub001-ses04-block2-game2_002::b0442,test/sub001/ses-04/sub001-ses04-block2-game2_002.npy,sub001,2,6,26,0,Short,1.0852299560734542,1.07809384465584,1.0336136678001866,1.099077247277891,1.046839162943962,0.49372277844881657,0.4722434360849431,0.5387925736647254,0.5095325994947336,0.5505973759526913,0.009175539016723633,0.0,1.8382762670516968,2.056753635406494,2.207852363586426,0.2859153747558594,0.0,0.0,0.0,0.0
sub001-ses04-block2-game2_002::b0444,test/sub001/ses-04/sub001-ses04-block2-game2_002.npy,sub001,2,4,26,0,Short,1.1710046478900773,1.3043117440548837,1.3043117440548837,1.1866908830865048,1.286039346353227,0.40426492764650357,0.3157337679189779,0.3157337679189779,0.40139586042991704,0.3371968853667512,0.0,0.0,0.0,0.0,0.2437117099761963,0.0,0.0,0.0,0.0,0.5355391502380371
sub001-ses04-block2-game2_002::b0445,test/sub001/ses-04/sub001-ses04-block2-game2_002.npy,sub001,2,2,26,0,Short,1.0874596255938611,1.0874596255938611,1.199654691005662,1.199654691005662,1.199654691005662,0.45476634552149536,0.45476634552149536,0.4230511422670433,0.4230511422670433,0.4230511422670433,0.11673593521118164,0.11673593521118164,2.1414616107940674,2.1414616107940674,2.1414616107940674,0.10556650161743164,0.10556650161743164,0.04965710639953613,0.04965710639953613,0.04965710639953613
sub001-ses04-block2-game2_002::b0446,test/sub001/ses-04/sub001-ses04-block2-game2_002.npy,sub001,2,10,26,0,Short,1.312515609585688,1.27635655769462,1.2933787356322997,1.2193370169159081,1.1026778654820417,0.29707305654805727,0.39717824120193135,0.2827433937165161,0.30141564273081867,0.5048568108066374,0.3818981647491455,0.0,0.0,0.0,0.0,0.0,0.0,0.0,0.0,0.0
sub001-ses04-block2-game2_002::b0447,test/sub001/ses-04/sub001-ses04-block2-game2_002.npy,sub001,2,6,26,0,Short,0.8218003978321476,1.2292988657238986,1.1810375158796027,1.2171126838314559,1.1798572029871413,0.6351101536753572,0.31885265771783555,0.4157256155524225,0.34433802194646074,0.3857467639942154,0.19610142707824707,0.0246124267578125,0.0,0.0819852352142334,2.0890400409698486,0.0,0.0,0.0,0.0,0.0
sub001-ses04-block2-game2_002::b0448,test/sub001/ses-04/sub001-ses04-block2-game2_002.npy,sub001,2,3,26,0,Short,1.2642375658753309,1.2642375658753309,1.1914975655313607,1.183279436997358,1.183279436997358,0.36021202493551185,0.36021202493551185,0.4290667936965262,0.3671388434100435,0.3671388434100435,0.034018874168395996,0.034018874168395996,0.0,2.57043719291687,2.57043719291687,0.0,0.0,0.0,0.7291519641876221,0.7291519641876221
sub001-ses04-block2-game2_002::b0449,test/sub001/ses-04/sub001-ses04-block2-game2_002.npy,sub001,2,3,26,0,Short,1.1053453610623818,1.1053453610623818,1.2086943309807237,1.169824410413305,1.169824410413305,0.40053598809257884,0.40053598809257884,0.410337643685885,0.34866066949549257,0.34866066949549257,0.39419984817504883,0.39419984817504883,0.004434347152709961,2.130812883377075,2.130812883377075,0.47829127311706543,0.47829127311706543,0.0,0.0,0.0
sub001-ses04-block2-game2_002::b0450,test/sub001/ses-04/sub001-ses04-block2-game2_002.npy,sub001,2,2,26,0,Short,1.2168796868594731,1.2168796868594731,1.2168796868594731,1.1935174964475113,1.1935174964475113,0.3557667480281307,0.3557667480281307,0.3557667480281307,0.41907174129737534,0.41907174129737534,0.0,0.0,0.0,0.0,0.0,0.0,0.0,0.0,0.0,0.0
sub001-ses04-block2-game2_002::b0451,test/sub001/ses-04/sub001-ses04-block2-game2_002.npy,sub001,2,4,26,0,Short,1.1328389070009754,1.1835400301874373,1.1835400301874373,1.1003679582600125,0.9436284617109083,0.37512860813678633,0.44584604285422547,0.44584604285422547,0.441415492806673,0.5703807498444633,0.0,2.383030414581299,2.383030414581299,0.0,0.0,0.0,0.795067310333252,0.795067310333252,0.0,0.0
sub001-ses04-block2-game2_002::b0452,test/sub001/ses-04/sub001-ses04-block2-game2_002.npy,sub001,2,9,26,0,Short,0.9462900874598585,1.189437363456697,1.1913375730477396,1.3037695196547026,0.9832031188295802,0.4715929301031903,0.41047993539595407,0.2747177130216399,0.20533144616570254,0.5905321585172327,2.193978786468506,0.0,0.08803129196166992,0.3176705837249756,0.0,0.15941166877746582,0.0,0.8359857797622681,0.5456622838973999,0.0
sub001-ses04-block2-game2_002::b0453,test/sub001/ses-04/sub001-ses04-block2-game2_002.npy,sub001,2,2,26,0,Short,1.0947919161352297,1.0947919161352297,1.3063318142206382,1.3063318142206382,1.3063318142206382,0.42947708428335224,0.42947708428335224,0.31011056094633016,0.31011056094633016,0.31011056094633016,2.1923959255218506,2.1923959255218506,0.0,0.0,0.0,0.2681598663330078,0.2681598663330078,0.0,0.0,0.0
sub001-ses04-block2-game2_002::b0454,test/sub001/ses-04/sub001-ses04-block2-game2_002.npy,sub001,2,6,26,0,Short,1.205925180793859,1.2560933412201236,1.1828932813397848,1.1915346611337816,1.2367556636212769,0.27318179132339926,0.356686756088901,0.3970468095027391,0.42249669000232337,0.3502212084251677,0.0,0.0,0.0,0.07815361022949219,0.0,0.0,0.0,0.0,0.3155941963195801,0.0
sub001-ses04-block2-game2_002::b0455,test/sub001/ses-04/sub001-ses04-block2-game2_002.npy,sub001,2,5,26,0,Short,1.1626150205394081,1.351310671155271,1.2893342355138695,1.3132094808455865,1.374114679260301,0.41062354591826367,0.20832461098693156,0.26635662952361827,0.27882308020671775,0.1655115850678986,0.0,0.0,0.32967108488082886,1.6167142391204834,0.0,0.0,0.0,0.1239999532699585,0.0,0.0
sub001-ses04-block2-game2_002::b0456,test/sub001/ses-04/sub001-ses04-block2-game2_002.npy,sub001,2,14,26,0,Short,1.0967704644271359,1.4126778447388266,1.2801582661342796,1.2035808001880632,1.2296409175804757,0.48958196235794627,0.17598107156004988,0.29857518363849034,0.37813155470118115,0.3088327490322545,1.2999763488769531,0.0,0.35954415798187256,0.02346736192703247,0.0,0.0,0.0,0.46933233737945557,0.0,0.0
sub001-ses04-block2-game2_002::b0457,test/sub001/ses-04/sub001-ses04-block2-game2_002.npy,sub001,2,8,26,0,Short,1.1159044593694105,1.2077965708836729,1.1703191085587195,1.1393628103749398,1.1739408386095371,0.4639587469864263,0.3990489867660018,0.3777077430545648,0.384959882974628,0.38654836603330334,0.10511422157287598,1.4596583843231201,0.06865096092224121,2.291565179824829,0.0,0.0,0.09670281410217285,0.0,0.6617728471755981,0.0
sub001-ses04-block2-game2_002::b0458,test/sub001/ses-04/sub001-ses04-block2-game2_002.npy,sub001,2,4,26,0,Short,1.0142615573058051,1.3028327909356943,1.3028327909356943,1.2746596109032238,1.0161001633279698,0.41249290231085345,0.30583773495208233,0.30583773495208233,0.30737481093549945,0.5298928896451545,0.08575868606567383,0.0,0.0,0.0,0.03232014179229736,0.12208104133605957,0.0,0.0,0.0,0.0
sub001-ses04-block2-game2_002::b0459,test/sub001/ses-04/sub001-ses04-block2-game2_002.npy,sub001,2,4,26,0,Short,1.0797422964207217,1.2782281772199422,1.2782281772199422,1.2554933721292343,1.280714512330674,0.4845387638335495,0.303167246680055,0.303167246680055,0.3176181563297203,0.2891355832350794,0.47017884254455566,0.0,0.0,0.0,0.0,0.5056785345077515,0.0,0.0,0.0,0.0
sub001-ses04-block2-game2_002::b0460,test/sub001/ses-04/sub001-ses04-block2-game2_002.npy,sub001,2,2,26,0,Short,1.2101389694883649,1.2101389694883649,1.1881594951550418,1.1881594951550418,1.1881594951550418,0.383121209201405,0.383121209201405,0.40934827544335994,0.40934827544335994,0.40934827544335994,0.0001348257064819336,0.0001348257064819336,0.3433176279067993,0.3433176279067993,0.3433176279067993,0.0,0.0,0.16614162921905518,0.16614162921905518,0.16614162921905518
sub001-ses04-block2-game2_002::b0461,test/sub001/ses-04/sub001-ses04-block2-game2_002.npy,sub001,2,3,26,0,Short,1.2552288670219054,1.3186582160952658,1.3186582160952658,1.3186582160952658,1.3976356437009667,0.348664439569627,0.26201603118334515,0.26201603118334515,0.26201603118334515,0.21008727376983244,0.0,0.09233677387237549,0.09233677387237549,0.09233677387237549,0.0,0.0,0.3751789331436157,0.3751789331436157,0.3751789331436157,0.0
sub001-ses04-block2-game2_002::b0462,test/sub001/ses-04/sub001-ses04-block2-game2_002.npy,sub001,2,25,26,0,Short,1.2915064859883232,1.0112046232950747,1.067418984649227,1.159625383622442,1.0555873399373283,0.3787097351504076,0.5999038972507658,0.47575519867160687,0.4180331116654752,0.3434372964464851,0.15693318843841553,0.8791694641113281,0.24207955598831177,0.8275839686393738,1.2137807607650757,0.36804914474487305,0.028768301010131836,0.40944647789001465,0.0,0.3215581774711609
sub001-ses04-block2-game2_002::b0463,test/sub001/ses-04/sub001-ses04-block2-game2_002.npy,sub001,2,4,26,0,Short,0.5841367683838666,1.0326918990468081,1.0326918990468081,0.988609105649823,1.0506065836523657,0.7324269237695908,0.5701817629936666,0.5701817629936666,0.5559378118101452,0.5177165804594193,0.0032592415809631348,1.3009648323059082,1.3009648323059082,0.0,0.9508079290390015,0.0,0.2565993070602417,0.2565993070602417,0.0,0.0
sub001-ses04-block2-game2_002::b0464,test/sub001/ses-04/sub001-ses04-block2-game2_002.npy,sub001,2,3,26,0,Short,1.2149844942762,1.2149844942762,1.0992096202326853,1.3639118641751964,1.3639118641751964,0.2451109697301252,0.2451109697301252,0.4794025056302286,0.2381954697524106,0.2381954697524106,0.0,0.0,1.058282494544983,1.5141515731811523,1.5141515731811523,0.0,0.0,0.02750980854034424,0.935856282711029,0.935856282711029
sub001-ses04-block2-game2_002::b0465,test/sub001/ses-04/sub001-ses04-block2-game2_002.npy,sub001,2,5,26,0,Short,1.2665362220878076,1.2468412957182313,1.2570376660574596,1.0626004229260624,1.3205509982286798,0.3905392675821726,0.39818418166605085,0.4028731825058526,0.48048920331281153,0.28089287338701074,0.10965132713317871,0.3325836658477783,0.0,0.0,0.039234161376953125,0.3321336507797241,0.3739732503890991,0.0,0.0,0.47317570447921753
sub001-ses04-block2-game2_002::b0466,test/sub001/ses-04/sub001-ses04-block2-game2_002.npy,sub001,2,10,26,0,Short,1.2051944563918486,1.3488079196859568,1.0485242536571238,1.1391358985411832,0.9875866439613571,0.2995844444552969,0.2468299479112693,0.4650084817512393,0.32888862200299623,0.5563279003534702,0.0,0.17160385847091675,0.0,0.6971892714500427,0.8934890031814575,0.0,0.3774777054786682,0.0,0.0,0.08100235462188721
sub001-ses04-block2-game2_002::b0467,test/sub001/ses-04/sub001-ses04-block2-game2_002.npy,sub001,2,21,26,0,Short,0.3868455315259732,1.0955584907736644,0.9947703652752243,0.9648496025824144,0.7056766972722635,0.8578320317213263,0.47903832408167896,0.473472278921155,0.5066006039025593,0.696540939478992,0.0,0.0,0.0,1.025522232055664,1.0427336692810059,0.0,0.0,0.0,0.12218546867370605,0.0
sub001-ses04-block2-game2_002::b0468,test/sub001/ses-04/sub001-ses04-block2-game2_002.npy,sub001,2,24,26,0,Short,0.406869676817068,0.914828231111663,1.0345176059185832,0.9758760147833696,1.135221179071314,0.8458699116106364,0.596807805305227,0.5837944238136272,0.6008479471733787,0.45759221386811044,0.5188175439834595,1.2966334819793701,1.4005446434020996,0.0,0.0,0.10311472415924072,0.0,0.46738505363464355,0.0,0.0
sub001-ses04-block2-game2_002::b0469,test/sub001/ses-04/sub001-ses04-block2-game2_002.npy,sub001,2,26,26,1,Long,1.2619756339377548,1.0490719980430012,1.1740709265254576,0.8827101763925441,0.7537732183835688,0.32412787848633723,0.5324856507252225,0.47807834751624323,0.6722620202505387,0.7414873980845614,0.9436194896697998,0.0,0.0,0.0,0.11549186706542969,0.0,0.0,0.0,0.0,0.5584932565689087
sub001-ses04-block2-game2_002::b0470,test/sub001/ses-04/sub001-ses04-block2-game2_002.npy,sub001,2,8,26,0,Short,1.1253918540858598,0.9207673610390158,0.90656775077751,1.0417727110420103,1.1115478163025214,0.44657285992186113,0.6536225447870374,0.6409784436285892,0.5590613278798472,0.49723192341927347,0.0,0.0,0.0,0.02876591682434082,1.3584740161895752,0.0,0.0,0.0,0.371631383895874,0.7542383670806885
sub001-ses04-block2-game2_002::b0471,test/sub001/ses-04/sub001-ses04-block2-game2_002.npy,sub001,2,3,26,0,Short,1.265058349851186,1.265058349851186,0.9175492005365123,1.1003699528161166,1.1003699528161166,0.3729618397700309,0.3729618397700309,0.6491820259828511,0.5457267651091926,0.5457267651091926,0.0,0.0,0.0,1.1109744310379028,1.1109744310379028,0.0,0.0,0.0,0.5802559852600098,0.5802559852600098
sub001-ses04-block2-game2_002::b0472,test/sub001/ses-04/sub001-ses04-block2-game2_002.npy,sub001,2,11,26,0,Short,1.1832045428962392,0.8775596167371587,0.8244518908402205,1.1907961499529844,0.9912732079435157,0.4377668184353971,0.6586263007774363,0.6841108295254258,0.3537980471496237,0.4958786084391664,0.6237894296646118,0.42789578437805176,0.0,2.4129858016967773,0.0,0.5083266496658325,1.3765499591827393,0.0,0.8332879543304443,0.0
sub001-ses04-block2-game2_002::b0473,test/sub001/ses-04/sub001-ses04-block2-game2_002.npy,sub001,2,8,26,0,Short,0.9647210336687436,1.0643521788389503,1.025758118620723,0.9027582223744882,0.8386124279530702,0.36191404206023564,0.5253223356923442,0.5498156734464676,0.5227836287875136,0.6103315916797551,0.49158909916877747,0.10036575794219971,0.0749559998512268,0.6530846357345581,0.6298106908798218,0.0,0.0,0.0,0.0,0.0
sub001-ses04-block2-game2_002::b0474,test/sub001/ses-04/sub001-ses04-block2-game2_002.npy,sub001,2,5,26,0,Short,0.3105718109877969,1.0755806315170786,0.9752381655428349,1.1568879957242209,0.7834497129346177,0.895914237543371,0.3683284586882578,0.5019127497053884,0.3313610090929969,0.5441239344380804,0.0,0.1462559700012207,0.014617681503295898,0.10031324625015259,0.21459367871284485,0.0,0.0,0.3508450984954834,0.0,0.18060612678527832
sub001-ses04-block2-game2_002::b0475,test/sub001/ses-04/sub001-ses04-block2-game2_002.npy,sub001,2,6,26,0,Short,1.0490752821685205,0.7932183584303902,1.0251445010040936,1.0417741268990746,1.0364460383875367,0.06518712786002945,0.6166379267424493,0.33366947102499755,0.41298570024349246,0.4072183750589011,0.0,0.885826051235199,0.34173280000686646,0.9367040991783142,0.0,0.0,0.6703206300735474,0.3385635018348694,0.5633089542388916,0.0
sub001-ses04-block2-game2_002::b0476,test/sub001/ses-04/sub001-ses04-block2-game2_002.npy,sub001,2,75,26,1,Long,0.5389964036558813,0.7380065257937138,0.7521502269580226,0.7236681768814144,1.0536896912460205,0.7806631547027196,0.6009740922873504,0.6007146544322122,0.6910060752209406,0.5243892528457771,0.1313871145248413,0.0,0.0,0.34418725967407227,1.7216074466705322,1.0491485595703125,0.0,0.0,0.11169183254241943,0.6531609296798706
sub001-ses04-block2-game2_002::b0477,test/sub001/ses-04/sub001-ses04-block2-game2_002.npy,sub001,2,10,26,0,Short,1.344575971762829,1.0346549072709912,1.2024815507631763,1.1972216357749723,1.1992014760103702,0.2935724896666634,0.5652565669046046,0.37230504496657635,0.461562655771907,0.4657508210818866,0.8745803833007812,1.2057268619537354,1.6648528575897217,0.30795231461524963,0.21532362699508667,0.348907470703125,0.6099986433982849,1.682124376296997,0.0,0.06778258085250854
sub001-ses04-block2-game2_002::b0478,test/sub001/ses-04/sub001-ses04-block2-game2_002.npy,sub001,2,6,26,0,Short,1.1566328862338402,0.833330575609207,0.8193673990752034,0.8065383653188986,0.8665927428699777,0.26870957341489926,0.668348891243416,0.6807177580750141,0.6809088860598748,0.6232355568318354,0.07185446470975876,0.18428801745176315,0.0,0.0,0.0,0.0,0.0,0.0,0.0,0.0
sub001-ses04-block2-game2_002::b0479,test/sub001/ses-04/sub001-ses04-block2-game2_002.npy,sub001,2,4,26,0,Short,0.4674080428854228,0.3894791271689777,0.3894791271689777,0.3735752938406297,0.37353990542859955,0.816456415088959,0.8774586193661211,0.8774586193661211,0.8916866562167259,0.8830224221835754,0.0,0.04102098196744919,0.04102098196744919,0.0399654246866703,0.04716629162430763,0.036972515285015106,0.0460580256767571,0.0460580256767571,0.15296168625354767,0.04970774054527283
sub001-ses04-block4-game2_000::b0001,test/sub001/ses-04/sub001-ses04-block4-game2_000.npy,sub001,2,12,26,0,Short,0.9456510457613417,0.6099212592214553,0.5592339105156476,0.6037263076736208,0.721575936806831,0.01665538537835609,0.7755880128538879,0.8158718743196406,0.7902858072735609,0.7388457454098869,0.03703022003173828,2.6577045917510986,0.0,0.0,0.0,0.17979097366333008,0.1212308406829834,0.0,0.0,0.0
sub001-ses04-block4-game2_000::b0002,test/sub001/ses-04/sub001-ses04-block4-game2_000.npy,sub001,2,13,26,0,Short,0.9144736892018447,0.7560648166451878,0.6913868846170196,0.6091483469646607,0.5850116949702829,0.07715325428617903,0.7180789880295901,0.7473606523117727,0.7842756259916324,0.77566430857715,0.010837554931640625,2.719926595687866,0.0,0.0128631591796875,0.07300019264221191,0.08270716667175293,0.08781909942626953,0.0,0.09348201751708984,0.18331551551818848
sub001-ses04-block4-game2_000::b0003,test/sub001/ses-04/sub001-ses04-block4-game2_000.npy,sub001,2,19,26,0,Short,0.8798917491866232,0.7867325954295663,0.6454464380434263,0.7792804134202179,0.7254594616801546,0.37364536647526403,0.6866307218843553,0.7623488192550415,0.7050018972847981,0.7159506049321029,0.0,0.013196706771850586,0.012697219848632812,0.0,2.6814491748809814,0.0,0.06682825088500977,0.21743178367614746,0.0,0.0
sub001-ses04-block4-game2_000::b0004,test/sub001/ses-04/sub001-ses04-block4-game2_000.npy,sub001,2,17,26,0,Short,0.6613958404506088,0.6869867205256914,0.5751164291077819,0.5513961488871322,0.6420259264033865,0.5302917667338342,0.7223132463237145,0.7734949618232062,0.8057281693895806,0.758785808023855,2.5909130573272705,3.273930549621582,0.0,3.310426712036133,3.5297763347625732,0.0,0.0,0.0,0.0,0.36296749114990234
sub001-ses04-block4-game2_000::b0005,test/sub001/ses-04/sub001-ses04-block4-game2_000.npy,sub001,2,21,26,0,Short,0.6384218085180049,0.826547340372826,0.7551109489807037,0.7564960843939281,0.7882297757520614,0.5883456451533924,0.6227015425771961,0.6802872225369119,0.6555707462863043,0.6219728509560049,0.0,0.0,0.0,0.0,3.6111137866973877,0.0,0.0,0.0,0.0,0.005342721939086914
sub001-ses04-block4-game2_000::b0006,test/sub001/ses-04/sub001-ses04-block4-game2_000.npy,sub001,2,6,26,0,Short,0.9078931427683423,0.6813335450960826,0.7816004869642413,0.8000317987307487,0.6849200705179854,0.3716603806154004,0.7382848662815907,0.6558642066877926,0.6128726684290189,0.6663036421158596,3.804943084716797,0.061303138732910156,0.3355884552001953,0.0,0.08186960220336914,0.09044122695922852,0.12600040435791016,0.3675079345703125,0.0,0.37804317474365234
sub001-ses04-block4-game2_000::b0007,test/sub001/ses-04/sub001-ses04-block4-game2_000.npy,sub001,2,3,26,0,Short,0.866557244771596,0.866557244771596,0.6794567440066916,0.7227554645091345,0.7227554645091345,0.4372051416936533,0.4372051416936533,0.6781171738411367,0.6391769607595771,0.6391769607595771,0.35611605644226074,0.35611605644226074,0.0,0.3605365753173828,0.3605365753173828,0.06379079818725586,0.06379079818725586,0.0,0.8480820655822754,0.8480820655822754
sub001-ses04-block4-game2_000::b0008,test/sub001/ses-04/sub001-ses04-block4-game2_000.npy,sub001,2,6,26,0,Short,0.8323480274905348,0.7092103352421331,0.8060708286695911,0.8376058589082099,0.5961490815293828,0.42386743145276146,0.6901967827812215,0.6175260509932563,0.6224087729259633,0.7724709123015286,0.0,3.5089569091796875,4.483475685119629,0.0,0.6930959224700928,0.0,0.0,0.9974460601806641,0.0,0.9897124767303467
sub001-ses04-block4-game2_000::b0009,test/sub001/ses-04/sub001-ses04-block4-game2_000.npy,sub001,2,26,26,1,Long,0.8878104294152894,0.7651718316417861,0.6576091949252525,0.8289134941165514,0.7427422352373864,0.43996018417105787,0.5369610037959356,0.6957037029563288,0.4793170270939205,0.6554283587215525,4.679384708404541,4.359257221221924,0.7016744613647461,0.0,4.080233573913574,0.19204378128051758,0.6111540794372559,0.9702391624450684,0.0,0.0
sub001-ses04-block4-game2_000::b0010,test/sub001/ses-04/sub001-ses04-block4-game2_000.npy,sub001,2,12,26,0,Short,0.40747984379498603,0.7943904595178346,0.8270930214967456,0.5917553774483922,0.7447975036260093,0.8486988754460245,0.5198784666491543,0.510931915193272,0.731335785526085,0.5928682793255944,4.06401252746582,4.591836929321289,4.781420707702637,4.130696773529053,0.0,0.0,0.29448413848876953,0.44347667694091797,0.0,0.0
sub001-ses04-block4-game2_000::b0011,test/sub001/ses-04/sub001-ses04-block4-game2_000.npy,sub001,2,7,26,0,Short,0.7875418995878277,1.0261665691690278,0.890850109591164,0.8973583431091255,0.8720536713637888,0.4164282259756655,0.37005593374397355,0.4677982531450988,0.3647604354604451,0.5235235913114726,0.0,0.48206377029418945,0.0,5.039802551269531,0.0,0.0,0.4436783790588379,0.0,0.8272233009338379,0.0
sub001-ses04-block4-game2_000::b0012,test/sub001/ses-04/sub001-ses04-block4-game2_000.npy,sub001,2,3,26,0,Short,0.8540145020353108,0.8540145020353108,0.8501116923351032,1.0592403725250235,1.0592403725250235,0.455317051707382,0.455317051707382,0.5018073632390807,0.2114358527187829,0.2114358527187829,4.700788974761963,4.700788974761963,4.71879768371582,4.474070072174072,4.474070072174072,0.0,0.0,0.0,0.0,0.0
sub001-ses04-block4-game2_000::b0013,test/sub001/ses-04/sub001-ses04-block4-game2_000.npy,sub001,2,8,26,0,Short,0.781197695913017,0.8694320197810632,0.8141878639958477,0.8001852101680986,0.8172569677120826,0.48353828886114436,0.40084001790764,0.6213471591074639,0.5458964581581159,0.5670705665505157,4.52139949798584,5.047876834869385,4.794678688049316,0.0,5.026632785797119,0.09363985061645508,0.2458200454711914,0.0,0.0,0.2158193588256836
sub001-ses04-block4-game2_000::b0014,test/sub001/ses-04/sub001-ses04-block4-game2_000.npy,sub001,2,3,26,0,Short,0.7523076204709156,0.876273184147562,0.876273184147562,0.876273184147562,0.9400332995103042,0.5420347388456817,0.3679790672774666,0.3679790672774666,0.3679790672774666,0.39230714970852315,4.567155361175537,5.03794527053833,5.03794527053833,5.03794527053833,0.0,0.0,0.40725231170654297,0.40725231170654297,0.40725231170654297,0.0
sub001-ses04-block4-game2_000::b0015,test/sub001/ses-04/sub001-ses04-block4-game2_000.npy,sub001,2,3,26,0,Short,0.7913971457623399,0.753000363321864,0.753000363321864,0.753000363321864,0.9512556521182824,0.5326127657152608,0.6484563858426532,0.6484563858426532,0.6484563858426532,0.3459518480999301,4.83419132232666,4.79436731338501,4.79436731338501,4.79436731338501,4.715208530426025,0.5593481063842773,0.1811528205871582,0.1811528205871582,0.1811528205871582,0.4495272636413574
sub001-ses04-block4-game2_000::b0016,test/sub001/ses-04/sub001-ses04-block4-game2_000.npy,sub001,2,2,26,0,Short,0.7420556853250332,0.7420556853250332,1.035099494117178,1.035099494117178,1.035099494117178,0.49436833458529944,0.49436833458529944,0.21381097091944234,0.21381097091944234,0.21381097091944234,4.6273579597473145,4.6273579597473145,4.612457275390625,4.612457275390625,4.612457275390625,0.2501983642578125,0.2501983642578125,0.1403980255126953,0.1403980255126953,0.1403980255126953
sub001-ses04-block4-game2_000::b0017,test/sub001/ses-04/sub001-ses04-block4-game2_000.npy,sub001,2,2,26,0,Short,0.8267382969353988,0.8267382969353988,1.2247906585091142,1.2247906585091142,1.2247906585091142,0.49397929460514245,0.49397929460514245,0.269548565815156,0.269548565815156,0.269548565815156,0.0,0.0,0.0,0.0,0.0,0.0,0.0,0.0,0.0,0.0
sub001-ses04-block4-game2_000::b0018,test/sub001/ses-04/sub001-ses04-block4-game2_000.npy,sub001,2,4,26,0,Short,1.0253596048128948,1.0271313106241962,1.0271313106241962,1.071428226047861,0.9485141175957962,0.353636806761082,0.20165771161115115,0.20165771161115115,0.22432125829422517,0.23451893858376122,0.0,0.47278261184692383,0.47278261184692383,4.366861820220947,4.368595600128174,0.0,0.3645439147949219,0.3645439147949219,0.0,0.0
sub001-ses04-block4-game2_000::b0019,test/sub001/ses-04/sub001-ses04-block4-game2_000.npy,sub001,2,3,26,0,Short,0.6232925674884424,0.6232925674884424,1.0632931045704297,1.1883943575708817,1.1883943575708817,0.6895386813328549,0.6895386813328549,0.19271140024557626,0.15221004409188832,0.15221004409188832,0.0,0.0,5.381576061248779,5.337348461151123,5.337348461151123,0.0,0.0,0.41544532775878906,0.0,0.0
sub001-ses04-block4-game2_000::b0020,test/sub001/ses-04/sub001-ses04-block4-game2_000.npy,sub001,2,3,26,0,Short,0.812773000053476,1.3109999585102736,1.3109999585102736,1.3109999585102736,1.1492299855302819,0.33784132440721476,0.2734621428038393,0.2734621428038393,0.2734621428038393,0.07949169656794819,5.124393939971924,0.6982402801513672,0.6982402801513672,0.6982402801513672,0.5443325042724609,0.0,0.06879615783691406,0.06879615783691406,0.06879615783691406,0.3013296127319336
sub001-ses04-block4-game2_000::b0021,test/sub001/ses-04/sub001-ses04-block4-game2_000.npy,sub001,2,2,26,0,Short,0.757044850914325,0.757044850914325,0.757044850914325,0.9549207073923613,0.9549207073923613,0.4986126527430639,0.4986126527430639,0.4986126527430639,0.21307902199923,0.21307902199923,5.008209228515625,5.008209228515625,5.008209228515625,0.03922080993652344,0.03922080993652344,0.20224475860595703,0.20224475860595703,0.20224475860595703,0.2015233039855957,0.2015233039855957
sub001-ses04-block4-game2_000::b0022,test/sub001/ses-04/sub001-ses04-block4-game2_000.npy,sub001,2,3,26,0,Short,0.9273965651372704,0.9273965651372704,1.1707923124393016,1.1229133469020292,1.1229133469020292,0.4648551029195016,0.4648551029195016,0.013618199760691285,0.16714507497375197,0.16714507497375197,0.0,0.0,0.0,4.840808391571045,4.840808391571045,0.0,0.0,0.0,0.0,0.0
sub001-ses04-block4-game2_000::b0023,test/sub001/ses-04/sub001-ses04-block4-game2_000.npy,sub001,2,4,26,0,Short,0.9046906380078142,1.1365534779719473,1.1365534779719473,1.1390229439769886,1.169267691209599,0.4296995166373925,0.36008588698301347,0.36008588698301347,0.23342179877262853,0.25611534667667313,0.0,0.0,0.0,0.0,4.5234246253967285,0.0,0.0,0.0,0.0,0.0
sub001-ses04-block4-game2_000::b0024,test/sub001/ses-04/sub001-ses04-block4-game2_000.npy,sub001,2,3,26,0,Short,0.8503569409962246,1.0792883685223815,1.0792883685223815,1.0792883685223815,0.9184422743215769,0.49510328101451884,0.28064091147555786,0.28064091147555786,0.28064091147555786,0.2956773911437884,0.45856666564941406,4.509924411773682,4.509924411773682,4.509924411773682,0.751032829284668,0.0,0.31740713119506836,0.31740713119506836,0.31740713119506836,0.0
sub001-ses04-block4-game2_000::b0025,test/sub001/ses-04/sub001-ses04-block4-game2_000.npy,sub001,2,4,26,0,Short,0.801439784462447,1.1128497022949229,1.1128497022949229,1.2061556228894963,1.3808236628152253,0.5338987908252675,0.06435004945648426,0.06435004945648426,0.15461041086503813,0.11524442688233216,4.706058025360107,0.2871522903442383,0.2871522903442383,4.340424060821533,0.0,0.0,0.035889625549316406,0.035889625549316406,0.0,0.0
sub001-ses04-block4-game2_000::b0026,test/sub001/ses-04/sub001-ses04-block4-game2_000.npy,sub001,2,3,26,0,Short,0.7834275752031735,0.7834275752031735,1.3259585177232702,1.2656408620153683,1.2656408620153683,0.5161797872133542,0.5161797872133542,0.17134560095921497,0.12811270094240473,0.12811270094240473,4.149465084075928,4.149465084075928,4.660695552825928,0.5884277820587158,0.5884277820587158,0.0,0.0,0.6718130111694336,0.701591968536377,0.701591968536377
sub001-ses04-block4-game2_000::b0027,test/sub001/ses-04/sub001-ses04-block4-game2_000.npy,sub001,2,3,26,0,Short,0.8829333483117398,0.8829333483117398,1.3567780914946794,1.1393310398664898,1.1393310398664898,0.5241599683440917,0.5241599683440917,0.23558463182414593,0.04720183155549551,0.04720183155549551,0.0,0.0,0.03607320785522461,0.4106297492980957,0.4106297492980957,0.0,0.0,0.37259578704833984,0.2694721221923828,0.2694721221923828
sub001-ses04-block4-game2_000::b0028,test/sub001/ses-04/sub001-ses04-block4-game2_000.npy,sub001,2,3,26,0,Short,0.7654145836356849,1.0848190391822223,1.0848190391822223,1.0848190391822223,1.219602593674922,0.5661452706233883,0.004281491541254567,0.004281491541254567,0.004281491541254567,0.03045561458172652,0.0,0.1380913257598877,0.1380913257598877,0.1380913257598877,4.811380863189697,0.0,0.0,0.0,0.0,0.23996973037719727
sub001-ses04-block4-game2_000::b0029,test/sub001/ses-04/sub001-ses04-block4-game2_000.npy,sub001,2,4,26,0,Short,0.8623832674085097,1.2968521681804237,1.2968521681804237,1.1304723865773345,1.230680159688963,0.5181676892579399,0.1317749882987797,0.1317749882987797,0.09447840948800784,0.15069933749482295,0.0,0.0,0.0,0.05599689483642578,0.1345837116241455,0.0,0.0,0.0,0.7787656784057617,0.0
sub001-ses04-block4-game2_000::b0030,test/sub001/ses-04/sub001-ses04-block4-game2_000.npy,sub001,2,3,26,0,Short,0.7902324806685059,0.7902324806685059,1.0755192614674318,1.0207574707217992,1.0207574707217992,0.5288386021345672,0.5288386021345672,0.2227650637112033,0.09956280547090796,0.09956280547090796,1.3801848888397217,1.3801848888397217,0.025289535522460938,4.019923210144043,4.019923210144043,0.024811267852783203,0.024811267852783203,0.5718588829040527,0.0,0.0
sub001-ses04-block4-game2_000::b0031,test/sub001/ses-04/sub001-ses04-block4-game2_000.npy,sub001,2,2,26,0,Short,0.7801444245241554,0.7801444245241554,1.0821219970696234,1.0821219970696234,1.0821219970696234,0.5629333055946326,0.5629333055946326,0.10745494797838812,0.10745494797838812,0.10745494797838812,0.007343769073486328,0.007343769073486328,0.10969066619873047,0.10969066619873047,0.10969066619873047,0.35659217834472656,0.35659217834472656,0.12508678436279297,0.12508678436279297,0.12508678436279297
sub001-ses04-block4-game2_000::b0032,test/sub001/ses-04/sub001-ses04-block4-game2_000.npy,sub001,2,4,26,0,Short,0.779801875880979,1.0457570787786359,1.0457570787786359,1.0579583434829696,1.2604253285319984,0.5500032922120226,0.13837820101031706,0.13837820101031706,0.05636962152596636,0.2647006176550536,0.0,4.315030574798584,4.315030574798584,4.161856174468994,0.0,0.0,0.13384151458740234,0.13384151458740234,0.13586854934692383,0.0
sub001-ses04-block4-game2_000::b0033,test/sub001/ses-04/sub001-ses04-block4-game2_000.npy,sub001,2,3,26,0,Short,0.7626505277076691,0.7626505277076691,1.0592188181303677,1.0398157613851278,1.0398157613851278,0.5436453265512382,0.5436453265512382,0.13316264266004701,0.11692186856258685,0.11692186856258685,4.406806945800781,4.406806945800781,0.0,0.09872817993164062,0.09872817993164062,0.134521484375,0.134521484375,0.0,0.0,0.0
sub001-ses04-block4-game2_000::b0034,test/sub001/ses-04/sub001-ses04-block4-game2_000.npy,sub001,2,72,26,1,Long,0.7502249147633719,1.0164291272456711,1.018102379595997,0.9801608456585678,0.9413688608914644,0.5763583567474775,0.1769018286869979,0.1621658669759325,0.44979915131516235,0.45394111150612404,4.473124027252197,4.6459150314331055,3.9794769287109375,3.6600451469421387,0.0041315555572509766,0.25650882720947266,0.4950599670410156,0.16262412071228027,0.313295841217041,0.0
sub001-ses04-block4-game2_000::b0035,test/sub001/ses-04/sub001-ses04-block4-game2_000.npy,sub001,2,10,26,0,Short,0.8365056054499094,1.0230625255797596,1.0283231931260528,0.926594583809832,0.8513277295925649,0.5669594459537309,0.36736229924699126,0.312211773664417,0.5226292478263114,0.530838249264351,3.5946044921875,3.4693853855133057,0.031623125076293945,3.568373203277588,0.0,0.0,0.0,0.18580222129821777,0.0,0.0
sub001-ses04-block4-game2_000::b0036,test/sub001/ses-04/sub001-ses04-block4-game2_000.npy,sub001,2,5,26,0,Short,0.39664647964190963,0.9060408526223589,0.8592760562488881,1.0292379187509215,0.9418900997862751,0.8640094173737389,0.4941296920098713,0.5120050805739585,0.4162563330704564,0.48631350845201476,0.15477967262268066,3.4666190147399902,0.05650663375854492,0.04674506187438965,0.5390686988830566,0.7022154331207275,0.0,0.49678492546081543,0.18109655380249023,0.3493969440460205
sub001-ses04-block4-game2_000::b0037,test/sub001/ses-04/sub001-ses04-block4-game2_000.npy,sub001,2,29,26,1,Long,0.9059275522740884,0.9590216863292585,0.8774511046185417,0.8253443489643856,0.8341590469656733,0.5129136255733755,0.40338038678078386,0.5232901585964009,0.5847102134644139,0.6061866198818282,3.27549409866333,0.0,3.3460142612457275,0.0,0.0,0.0,0.0,0.0,0.0,0.0
sub001-ses04-block4-game2_000::b0038,test/sub001/ses-04/sub001-ses04-block4-game2_000.npy,sub001,2,17,26,0,Short,0.7259614029762826,0.9095334765776771,0.9740481188621971,1.0404628318321696,1.012652862343667,0.6560915594929381,0.5587971996154618,0.5598379249750457,0.44012156424650617,0.5299111155924844,0.23482751846313477,0.0,0.030852079391479492,4.019931793212891,0.22028875350952148,0.5877394676208496,0.0,0.6249942779541016,0.415294885635376,0.4545149803161621
sub001-ses04-block4-game2_000::b0040,test/sub001/ses-04/sub001-ses04-block4-game2_000.npy,sub001,2,16,26,0,Short,0.8387525618460769,0.8917578731568273,0.966737719460335,1.1919492521978088,1.1360505040435471,0.488612345911716,0.5069384075403062,0.5679973840142785,0.3296439243107145,0.34958678289911416,0.1393270492553711,0.007057666778564453,3.7682623863220215,4.527124404907227,0.7699248790740967,0.3890810012817383,0.0,0.0,1.1595211029052734,0.5413799285888672
sub001-ses04-block4-game2_000::b0041,test/sub001/ses-04/sub001-ses04-block4-game2_000.npy,sub001,2,28,26,1,Long,0.4880486610433713,0.8745761531811037,0.8564280745053956,0.9889718259702196,0.9660934508492371,0.8069288516084245,0.5729812466436295,0.46736717442607845,0.4620944166919234,0.441118629784943,0.04226374626159668,3.9631845951080322,0.8651514053344727,3.7128021717071533,0.0,0.3214571475982666,0.26482415199279785,1.5760927200317383,0.19240570068359375,0.0
sub001-ses04-block4-game2_000::b0042,test/sub001/ses-04/sub001-ses04-block4-game2_000.npy,sub001,2,10,26,0,Short,0.8488800506315982,0.9219863941192413,0.9942828784819473,0.8698663670286916,0.9443544981488018,0.5546235060295851,0.4145649523763838,0.19591426261241224,0.4754876250860178,0.25796518066417434,4.848580837249756,4.8645853996276855,4.730277061462402,4.811269760131836,5.207703113555908,0.32617712020874023,0.3635587692260742,0.32805728912353516,0.6013679504394531,0.15233898162841797
sub001-ses04-block4-game2_000::b0043,test/sub001/ses-04/sub001-ses04-block4-game2_000.npy,sub001,2,9,26,0,Short,0.8521473362430232,1.0007133031732578,1.0372205876491647,0.9917607042835908,0.9547888856523867,0.4069822871548527,0.1718934587705176,0.24446482371203077,0.3015478469697103,0.1100209553575025,5.523697376251221,0.1645503044128418,5.524529457092285,0.06427431106567383,0.04486370086669922,0.013054847717285156,0.3241539001464844,0.24697542190551758,0.4521961212158203,0.3018002510070801
sub001-ses04-block4-game2_000::b0044,test/sub001/ses-04/sub001-ses04-block4-game2_000.npy,sub001,2,5,26,0,Short,0.9736456024220563,1.0122689399731424,0.9960195998558107,0.9218068240001766,0.8923439222841629,0.5073230020925312,0.16583593944008024,0.15033430575515044,0.3228576274316575,0.3165818710154885,4.260963439941406,0.0,4.360834121704102,0.2263321876525879,0.0,0.0,0.0,0.0,0.36577272415161133,0.0
sub001-ses04-block4-game2_000::b0045,test/sub001/ses-04/sub001-ses04-block4-game2_000.npy,sub001,2,21,26,0,Short,0.737998732206722,1.106360994340889,0.9892704556248185,0.9588020539303332,1.025703990098572,0.5429407708589721,0.1188094533431277,0.20615568139291823,0.24149930259088143,0.15898104521872086,4.503507137298584,3.5630006790161133,0.04034090042114258,0.0,0.373079776763916,0.2934389114379883,0.0,0.10981130599975586,0.0,0.4175267219543457
sub001-ses04-block4-game2_000::b0046,test/sub001/ses-04/sub001-ses04-block4-game2_000.npy,sub001,2,6,26,0,Short,0.7696660499653769,1.0379756497164496,0.9933298148441391,0.9738135739164712,0.9776810796547353,0.5591542477558912,0.1343037755347542,0.20056430711222728,0.18943701496773124,0.17343757636992496,4.4187846183776855,4.34830379486084,0.30844545364379883,0.361663818359375,0.0,0.0,0.0,0.22446727752685547,0.2748246192932129,0.0
sub001-ses04-block4-game2_000::b0047,test/sub001/ses-04/sub001-ses04-block4-game2_000.npy,sub001,2,6,26,0,Short,0.7305125803170798,1.320216822553779,0.9962965850449936,0.9264965130860605,1.0434712032143099,0.6072657706505722,0.17516221308651758,0.30902320876410855,0.2922129719677579,0.1600676743656651,0.14012432098388672,0.002887725830078125,4.526836395263672,4.195929527282715,0.0,0.8835890293121338,0.34693384170532227,0.4788699150085449,0.0,0.0
sub001-ses04-block4-game2_000::b0048,test/sub001/ses-04/sub001-ses04-block4-game2_000.npy,sub001,2,4,26,0,Short,0.8123213488024845,0.9428834649200122,0.9428834649200122,1.0547586978552626,1.0620680209869553,0.559683501551999,0.25468119642979814,0.25468119642979814,0.14992060844907923,0.028076557424629445,0.2666158676147461,0.9135761260986328,0.9135761260986328,4.865753650665283,4.7801618576049805,0.661646842956543,0.3927602767944336,0.3927602767944336,1.0565037727355957,0.40751218795776367
sub001-ses04-block4-game2_000::b0049,test/sub001/ses-04/sub001-ses04-block4-game2_000.npy,sub001,2,2,26,0,Short,0.7615353000150107,0.7615353000150107,1.027116373594186,1.027116373594186,1.027116373594186,0.5471071305794573,0.5471071305794573,0.21941662943124318,0.21941662943124318,0.21941662943124318,0.0,0.0,4.099374294281006,4.099374294281006,4.099374294281006,0.0,0.0,0.17725801467895508,0.17725801467895508,0.17725801467895508
sub001-ses04-block4-game2_000::b0052,test/sub001/ses-04/sub001-ses04-block4-game2_000.npy,sub001,2,10,26,0,Short,0.918018706378633,0.9124788427030938,0.8237178546137448,0.8738597627134782,0.753445971088639,0.4201968907750495,0.5325201836573782,0.6433493862963787,0.5844479649632469,0.6967295349388568,3.424124002456665,0.0,0.0,3.510390281677246,3.210428237915039,0.0,0.0,0.0,0.3892507553100586,0.5281469821929932
sub001-ses04-block4-game2_000::b0053,test/sub001/ses-04/sub001-ses04-block4-game2_000.npy,sub001,2,8,26,0,Short,0.7935587396852434,0.9623504011319008,0.9894894382849576,0.8697849872847385,0.9646533939972193,0.4705886606654962,0.39634037228892777,0.4281699068620084,0.55905790696975,0.46733022930470086,0.0,0.0,0.0,3.2208642959594727,3.2977051734924316,0.0,0.0,0.0,0.0,0.0
sub001-ses04-block4-game2_000::b0054,test/sub001/ses-04/sub001-ses04-block4-game2_000.npy,sub001,2,30,26,1,Long,0.37941057948783463,0.7967667573092544,0.8043649029063548,0.8259905443649931,0.7885131004421085,0.8524984124156849,0.665349548695424,0.6536817044520598,0.6481408440849672,0.6677306178482125,0.019357919692993164,3.398005247116089,3.3936352729797363,0.0,0.09650325775146484,0.0,0.11186528205871582,0.19798517227172852,0.0,0.2696657180786133
sub001-ses04-block4-game2_000::b0055,test/sub001/ses-04/sub001-ses04-block4-game2_000.npy,sub001,2,11,26,0,Short,0.9761858770070788,1.0333165144216692,0.8931230118148888,0.9903710463704495,0.742946714624238,0.4431351472849621,0.2751117793313109,0.35754682291907974,0.3511691628164162,0.5600132695440093,0.0,0.07096672058105469,4.52099084854126,4.590577125549316,0.0,0.0,0.1244816780090332,0.09552526473999023,0.1073160171508789,0.0
sub001-ses04-block4-game2_000::b0056,test/sub001/ses-04/sub001-ses04-block4-game2_000.npy,sub001,2,4,26,0,Short,0.8300977179124353,0.9414865578104478,0.9414865578104478,0.9688078548524419,0.9859919785529738,0.5298112216643175,0.4147758319111066,0.4147758319111066,0.17053583181351922,0.25260311776287325,4.619804859161377,0.0,0.0,4.424705505371094,4.027878761291504,0.17596006393432617,0.0,0.0,0.07177209854125977,0.05781698226928711
sub001-ses04-block4-game2_000::b0057,test/sub001/ses-04/sub001-ses04-block4-game2_000.npy,sub001,2,3,26,0,Short,0.9656140309254697,0.9656140309254697,1.0712926804599148,0.8758499904970255,0.8758499904970255,0.491515087291457,0.491515087291457,0.22480435952040023,0.3792734621922582,0.3792734621922582,4.466006755828857,4.466006755828857,0.35008955001831055,4.265505790710449,4.265505790710449,0.0,0.0,0.9975423812866211,0.0,0.0
sub001-ses04-block4-game2_000::b0058,test/sub001/ses-04/sub001-ses04-block4-game2_000.npy,sub001,2,4,26,0,Short,0.8317032173719883,0.9438014591957898,0.762569547362552,0.762569547362552,1.0911611763720943,0.5292045894248862,0.35845926370084996,0.5558551877941643,0.5558551877941643,0.2871257222056413,4.081689357757568,0.0,4.19304084777832,4.19304084777832,0.3772878646850586,0.0,0.0,0.0,0.0,0.4376821517944336
sub001-ses04-block4-game2_000::b0059,test/sub001/ses-04/sub001-ses04-block4-game2_000.npy,sub001,2,3,26,0,Short,0.9428735728062491,1.01422730388415,1.01422730388415,1.01422730388415,0.8875314205656748,0.4803674008511726,0.25181578281704825,0.25181578281704825,0.25181578281704825,0.36936801371605804,0.5390377044677734,4.593392372131348,4.593392372131348,4.593392372131348,0.0,0.20058012008666992,0.0,0.0,0.0,0.0
sub001-ses04-block4-game2_000::b0060,test/sub001/ses-04/sub001-ses04-block4-game2_000.npy,sub001,2,3,26,0,Short,0.7337790282049483,0.8934079806012422,0.8934079806012422,0.8934079806012422,1.1090519614057466,0.5950300050683875,0.2187094769798249,0.2187094769798249,0.2187094769798249,0.21058395761067078,0.1245107650756836,0.0,0.0,0.0,0.0,0.21898651123046875,0.0,0.0,0.0,0.0
sub001-ses04-block4-game2_000::b0061,test/sub001/ses-04/sub001-ses04-block4-game2_000.npy,sub001,2,3,26,0,Short,0.8091916462841897,0.9606455125177347,0.9606455125177347,0.9606455125177347,0.8665306369976091,0.5373677790196714,0.030588949400543852,0.030588949400543852,0.030588949400543852,0.316054466176307,0.0,4.855562210083008,4.855562210083008,4.855562210083008,0.0,0.0,0.0,0.0,0.0,0.0
sub001-ses04-block4-game2_000::b0062,test/sub001/ses-04/sub001-ses04-block4-game2_000.npy,sub001,2,3,26,0,Short,0.7221473886468336,1.0912090057480826,1.0912090057480826,1.0912090057480826,0.8404884980852115,0.5877651410669342,0.06344509121720121,0.06344509121720121,0.06344509121720121,0.4004866211806704,0.6749610900878906,4.733381271362305,4.733381271362305,4.733381271362305,0.24932003021240234,0.34647274017333984,0.0,0.0,0.0,0.689918041229248
sub001-ses04-block4-game2_000::b0063,test/sub001/ses-04/sub001-ses04-block4-game2_000.npy,sub001,2,3,26,0,Short,0.7233680209631095,0.7233680209631095,0.9751433332354296,1.008174151741828,1.008174151741828,0.6294794809462809,0.6294794809462809,0.31529431087415183,0.20388406512152113,0.20388406512152113,0.12497663497924805,0.12497663497924805,0.0,0.15022659301757812,0.15022659301757812,0.9671249389648438,0.9671249389648438,0.0,0.4620633125305176,0.4620633125305176
sub001-ses04-block4-game2_000::b0064,test/sub001/ses-04/sub001-ses04-block4-game2_000.npy,sub001,2,2,26,0,Short,0.7036165619031927,0.7036165619031927,0.9384861174330325,0.9384861174330325,0.9384861174330325,0.6073894674751898,0.6073894674751898,0.2724394551388011,0.2724394551388011,0.2724394551388011,4.766512393951416,4.766512393951416,0.6458954811096191,0.6458954811096191,0.6458954811096191,0.22558069229125977,0.22558069229125977,0.6210899353027344,0.6210899353027344,0.6210899353027344
sub001-ses04-block4-game2_000::b0065,test/sub001/ses-04/sub001-ses04-block4-game2_000.npy,sub001,2,3,26,0,Short,0.901873095641446,0.8760301327803331,0.8760301327803331,0.8760301327803331,1.041032116748355,0.5212847989088605,0.20864218462145906,0.20864218462145906,0.20864218462145906,0.11690457931101716,0.8665509223937988,4.715227127075195,4.715227127075195,4.715227127075195,5.045865058898926,0.6260809898376465,0.0,0.0,0.0,0.15101242065429688
sub001-ses04-block4-game2_000::b0066,test/sub001/ses-04/sub001-ses04-block4-game2_000.npy,sub001,2,3,26,0,Short,0.9711795432328874,0.8876214729438272,0.8876214729438272,0.8876214729438272,1.0157485063863338,0.46587234251975423,0.21348284652027866,0.21348284652027866,0.21348284652027866,0.3383611676269918,5.193220138549805,4.749414920806885,4.749414920806885,4.749414920806885,4.638869762420654,0.4234485626220703,0.29068708419799805,0.29068708419799805,0.29068708419799805,0.0
sub001-ses04-block4-game2_000::b0067,test/sub001/ses-04/sub001-ses04-block4-game2_000.npy,sub001,2,3,26,0,Short,0.8062141958849809,0.8062141958849809,1.0234516006784624,1.0225423251084693,1.0225423251084693,0.5634194745009854,0.5634194745009854,0.05624156642413719,0.1113836521537821,0.1113836521537821,0.0,0.0,0.0,5.2025980949401855,5.2025980949401855,0.0,0.0,0.0,0.30544137954711914,0.30544137954711914
sub001-ses04-block4-game2_000::b0069,test/sub001/ses-04/sub001-ses04-block4-game2_000.npy,sub001,2,2,26,0,Short,0.8214997144875243,0.8214997144875243,1.0055945377387758,1.0055945377387758,1.0055945377387758,0.5554427290954252,0.5554427290954252,0.22489436591440815,0.22489436591440815,0.22489436591440815,0.06978750228881836,0.06978750228881836,0.0,0.0,0.0,0.14847373962402344,0.14847373962402344,0.0,0.0,0.0
sub001-ses04-block4-game2_000::b0071,test/sub001/ses-04/sub001-ses04-block4-game2_000.npy,sub001,2,23,26,0,Short,0.5039904051266645,0.8970092337734353,0.847003020202024,0.9536478874137245,0.7805312573994018,0.8028429372932269,0.5786322913946598,0.5816682714329087,0.4818452034651036,0.6057785146011136,4.234965801239014,0.0,0.005103588104248047,0.0,0.0,0.2194080352783203,0.0,0.0,0.0,0.0
sub001-ses04-block4-game2_000::b0072,test/sub001/ses-04/sub001-ses04-block4-game2_000.npy,sub001,2,9,26,0,Short,0.7644253703738508,0.9171757573820638,0.9697971553979882,0.8924431332876543,0.8571622580449304,0.6255350890359288,0.37223011029785413,0.3643997152036955,0.450816387473998,0.5024780515122111,0.1718597412109375,0.0,0.08758354187011719,0.0,0.0,0.729562520980835,0.0,0.12682533264160156,0.0,0.0
sub001-ses04-block4-game2_000::b0073,test/sub001/ses-04/sub001-ses04-block4-game2_000.npy,sub001,2,13,26,0,Short,1.1291833084794376,1.1015479514546187,1.1094007418978684,1.1932149998971948,1.0288026410528275,0.38270265357839844,0.3284718814534831,0.25984538070750723,0.1514524244312696,0.2369576046911384,4.096368789672852,4.144413948059082,4.266366958618164,0.0,0.0,0.28481578826904297,0.0,0.33099865913391113,0.0,0.0
sub001-ses04-block4-game2_000::b0074,test/sub001/ses-04/sub001-ses04-block4-game2_000.npy,sub001,2,6,26,0,Short,0.7946477911220976,0.8832699497904126,1.013987467226247,0.8999597109511001,1.0716007949191808,0.6330337270453857,0.5555335301591925,0.4754350031970195,0.5431235453726541,0.40043793978595676,0.0,0.0,0.0,0.0171201229095459,0.10156917572021484,0.0,0.0,0.0,0.010372638702392578,0.03126192092895508
sub001-ses04-block4-game2_000::b0075,test/sub001/ses-04/sub001-ses04-block4-game2_000.npy,sub001,2,6,26,0,Short,1.304518062899505,1.0687872301742445,1.1370174306595016,1.1905096168536677,1.1036329627561128,0.11054447486270114,0.3941866715846733,0.3951452659519071,0.2838297963876203,0.4294592166196839,0.0,2.9124414920806885,0.0,0.26817822456359863,0.0,0.0,0.0,0.0,0.5663399696350098,0.0
sub001-ses04-block4-game2_000::b0076,test/sub001/ses-04/sub001-ses04-block4-game2_000.npy,sub001,2,18,26,0,Short,1.0824845472378608,0.9610965555098172,1.0048211533463005,1.0686331256226584,1.019838423564051,0.3460217726861702,0.5355282939330738,0.5403120234022465,0.5182631751193948,0.4890362933762168,0.0,2.534522294998169,3.0917627811431885,0.0,0.0,0.0,0.2492966651916504,0.5457561016082764,0.0,0.0
sub001-ses04-block4-game2_000::b0077,test/sub001/ses-04/sub001-ses04-block4-game2_000.npy,sub001,2,2,26,0,Short,0.9502197183896431,0.9502197183896431,1.1520132848518525,1.1520132848518525,1.1520132848518525,0.39658472822872737,0.39658472822872737,0.27203047289461496,0.27203047289461496,0.27203047289461496,2.882115125656128,2.882115125656128,0.0,0.0,0.0,0.3009822368621826,0.3009822368621826,0.0,0.0,0.0
sub001-ses04-block4-game2_000::b0078,test/sub001/ses-04/sub001-ses04-block4-game2_000.npy,sub001,2,6,26,0,Short,0.9984465973649436,1.0340147630423895,1.0143378916170522,0.9856491681352478,0.9237827220765249,0.43487969650986097,0.3634924402371991,0.3499100596938404,0.40838464859876933,0.4518710029279983,0.06515336036682129,0.05320310592651367,0.0,0.04405546188354492,2.85937237739563,0.0,0.0,0.0,0.2785944938659668,0.0
sub001-ses04-block4-game2_000::b0079,test/sub001/ses-04/sub001-ses04-block4-game2_000.npy,sub001,2,6,26,0,Short,1.1447574520921142,1.1458334993573356,1.0031721657632782,1.0434825529369998,1.0447122061626855,0.32510803620142115,0.26939414584287846,0.40910063009985376,0.42057355473652297,0.45193458557763044,0.1668543815612793,0.0,0.0,0.027945995330810547,0.045484304428100586,0.6617021560668945,0.0,0.0,0.2383408546447754,0.18833708763122559
sub001-ses04-block4-game2_000::b0080,test/sub001/ses-04/sub001-ses04-block4-game2_000.npy,sub001,2,6,26,0,Short,0.9162279541848842,0.9130217828056912,0.9465771329996495,0.9356211843765132,0.869475725021919,0.4619934169892234,0.5321835948706117,0.4816614137323578,0.4786412780930893,0.5527022757860603,3.8811917304992676,0.0,0.7357840538024902,3.0827651023864746,0.0,0.8053698539733887,0.0,0.6595604419708252,0.0,0.0
sub001-ses04-block4-game2_000::b0081,test/sub001/ses-04/sub001-ses04-block4-game2_000.npy,sub001,2,8,26,0,Short,0.9056062530383677,0.8281755056954154,0.8050939805749759,0.9164613676431138,0.8580698269755164,0.34256884346636984,0.6050778414798732,0.6122815732936742,0.5198345996178011,0.6157757585630121,0.09764838218688965,0.0,0.0,0.0,3.035170555114746,0.5748498439788818,0.0,0.0,0.0,0.0
sub001-ses04-block4-game2_000::b0082,test/sub001/ses-04/sub001-ses04-block4-game2_000.npy,sub001,2,5,26,0,Short,0.7855310287566661,1.0561379635671704,0.8947558737953799,1.0050558905235234,0.9246912311209664,0.4942219792352718,0.3278336715847028,0.5297972132919163,0.49577963851486717,0.5181721106834052,0.0,3.463686943054199,0.20471692085266113,0.13374066352844238,3.3686680793762207,0.0,0.21853089332580566,0.09929513931274414,0.0,0.0
sub001-ses04-block4-game2_000::b0083,test/sub001/ses-04/sub001-ses04-block4-game2_000.npy,sub001,2,23,26,0,Short,0.9472345244623935,0.8178990564857733,1.0002996487475941,0.8212107078899726,0.864003181467822,0.4181293556549116,0.6308267483496286,0.4766825743072025,0.6202241960968066,0.595910382418399,0.0,0.1863257884979248,0.11555862426757812,3.2225027084350586,0.0,0.0,0.32677340507507324,0.3243434429168701,0.28449010848999023,0.0
sub001-ses04-block4-game2_000::b0085,test/sub001/ses-04/sub001-ses04-block4-game2_000.npy,sub001,2,3,26,0,Short,0.8476076639539571,0.8476076639539571,0.843747554313942,1.1059644008126397,1.1059644008126397,0.49215926697147216,0.49215926697147216,0.4620287994673202,0.32045123581317236,0.32045123581317236,3.7008001804351807,3.7008001804351807,3.5154311656951904,0.0,0.0,0.57651686668396,0.57651686668396,0.16844511032104492,0.0,0.0
sub001-ses04-block4-game2_000::b0086,test/sub001/ses-04/sub001-ses04-block4-game2_000.npy,sub001,2,8,26,0,Short,0.8666963263180371,1.0269341158737615,1.0178201339007817,1.000369936317429,1.0363337076919636,0.46144815018819274,0.27972306081242737,0.2907470577079148,0.047028080877492884,0.3448022597966341,3.4512548446655273,3.1691205501556396,0.0,0.0,0.10981917381286621,0.00486302375793457,0.0,0.0,0.0,0.4030282497406006
sub001-ses04-block4-game2_000::b0087,test/sub001/ses-04/sub001-ses04-block4-game2_000.npy,sub001,2,3,26,0,Short,0.9326186690489584,0.9326186690489584,1.0150977872647158,0.9700035263209432,0.9700035263209432,0.5211066050074973,0.5211066050074973,0.31308614875305346,0.43014131000639577,0.43014131000639577,0.0,0.0,3.078259229660034,0.0,0.0,0.0,0.0,0.0,0.0,0.0
sub001-ses04-block4-game2_000::b0089,test/sub001/ses-04/sub001-ses04-block4-game2_000.npy,sub001,2,3,26,0,Short,0.7984507294575034,0.7984507294575034,0.9262932491463669,0.9838974538307254,0.9838974538307254,0.5388235800546766,0.5388235800546766,0.3471058016278379,0.24421429578046377,0.24421429578046377,0.06713032722473145,0.06713032722473145,0.0,3.504504680633545,3.504504680633545,0.404618501663208,0.404618501663208,0.0,0.22569608688354492,0.22569608688354492
sub001-ses04-block4-game2_000::b0090,test/sub001/ses-04/sub001-ses04-block4-game2_000.npy,sub001,2,2,26,0,Short,0.7679334291708824,0.7679334291708824,0.9584507359870664,0.9584507359870664,0.9584507359870664,0.6128619925134846,0.6128619925134846,0.29029171079014865,0.29029171079014865,0.29029171079014865,3.7099406719207764,3.7099406719207764,0.15906405448913574,0.15906405448913574,0.15906405448913574,0.8856229782104492,0.8856229782104492,0.7058846950531006,0.7058846950531006,0.7058846950531006
sub001-ses04-block4-game2_000::b0091,test/sub001/ses-04/sub001-ses04-block4-game2_000.npy,sub001,2,2,26,0,Short,0.8222170103649843,0.8222170103649843,1.3075016401475115,1.3075016401475115,1.3075016401475115,0.583065268386873,0.583065268386873,0.00801757248453433,0.00801757248453433,0.00801757248453433,0.0,0.0,3.089784860610962,3.089784860610962,3.089784860610962,0.0,0.0,0.0,0.0,0.0
sub001-ses04-block4-game2_000::b0092,test/sub001/ses-04/sub001-ses04-block4-game2_000.npy,sub001,2,2,26,0,Short,0.8615105013577073,0.8615105013577073,1.101448094995423,1.101448094995423,1.101448094995423,0.5143576845558376,0.5143576845558376,0.24456457103190055,0.24456457103190055,0.24456457103190055,0.0,0.0,3.486144542694092,3.486144542694092,3.486144542694092,0.0,0.0,0.08785676956176758,0.08785676956176758,0.08785676956176758
sub001-ses04-block4-game2_000::b0093,test/sub001/ses-04/sub001-ses04-block4-game2_000.npy,sub001,2,2,26,0,Short,0.8970202196546726,0.8970202196546726,1.103804916086388,1.103804916086388,1.103804916086388,0.4985913427476256,0.4985913427476256,0.20314615081620652,0.20314615081620652,0.20314615081620652,3.1552059650421143,3.1552059650421143,3.5058956146240234,3.5058956146240234,3.5058956146240234,0.7401747703552246,0.7401747703552246,0.0,0.0,0.0
sub001-ses04-block4-game2_000::b0094,test/sub001/ses-04/sub001-ses04-block4-game2_000.npy,sub001,2,3,26,0,Short,0.8425602374142698,1.0151014103403502,1.0151014103403502,1.0151014103403502,1.0076699683705939,0.5655661677370514,0.2211711243091617,0.2211711243091617,0.2211711243091617,0.21880940419293782,0.10553979873657227,3.2797975540161133,3.2797975540161133,3.2797975540161133,3.6413941383361816,0.6467945575714111,0.0,0.0,0.0,0.5149922370910645
sub001-ses04-block4-game2_000::b0095,test/sub001/ses-04/sub001-ses04-block4-game2_000.npy,sub001,2,3,26,0,Short,0.8844548880723275,0.9362903421337725,0.9362903421337725,0.9362903421337725,1.0995586920379776,0.5428317665858667,0.3555034189923971,0.3555034189923971,0.3555034189923971,0.19786782867050845,3.589970827102661,3.1785435676574707,3.1785435676574707,3.1785435676574707,0.0,0.9310009479522705,0.345855712890625,0.345855712890625,0.345855712890625,0.0
sub001-ses04-block4-game2_000::b0096,test/sub001/ses-04/sub001-ses04-block4-game2_000.npy,sub001,2,4,26,0,Short,0.9101027874665318,1.0947217063759844,1.0947217063759844,1.037258324571486,1.1464596110928582,0.523876440785519,0.261495775253037,0.261495775253037,0.30137615358439,0.26834040390285624,0.6961569786071777,3.004972457885742,3.004972457885742,0.036891937255859375,0.0,0.39730167388916016,0.1721634864807129,0.1721634864807129,0.6359944343566895,0.0
sub001-ses04-block4-game2_000::b0097,test/sub001/ses-04/sub001-ses04-block4-game2_000.npy,sub001,2,2,26,0,Short,0.9299073747162243,0.9299073747162243,1.0333555362598768,1.0333555362598768,1.0333555362598768,0.4975732520951426,0.4975732520951426,0.18221369933264675,0.18221369933264675,0.18221369933264675,0.13631796836853027,0.13631796836853027,2.99697208404541,2.99697208404541,2.99697208404541,0.5706009864807129,0.5706009864807129,0.4784419536590576,0.4784419536590576,0.4784419536590576
sub001-ses04-block4-game2_000::b0098,test/sub001/ses-04/sub001-ses04-block4-game2_000.npy,sub001,2,3,26,0,Short,0.9244503718765368,0.9113188517985397,0.9113188517985397,0.9113188517985397,1.1550863867919834,0.4889026856357569,0.504630057992862,0.504630057992862,0.504630057992862,0.10745195163733728,0.0,0.0,0.0,0.0,0.2506980895996094,0.0,0.0,0.0,0.0,0.699432373046875
sub001-ses04-block4-game2_000::b0099,test/sub001/ses-04/sub001-ses04-block4-game2_000.npy,sub001,2,2,26,0,Short,1.0206375639261798,1.0206375639261798,1.0206375639261798,1.0914579943001341,1.0914579943001341,0.37982641795922567,0.37982641795922567,0.37982641795922567,0.2042733290580931,0.2042733290580931,2.7845723628997803,2.7845723628997803,2.7845723628997803,0.1102452278137207,0.1102452278137207,0.0,0.0,0.0,1.4753482341766357,1.4753482341766357
sub001-ses04-block4-game2_000::b0100,test/sub001/ses-04/sub001-ses04-block4-game2_000.npy,sub001,2,4,26,0,Short,0.5356420834944915,1.0692973556778436,1.0262384084362768,1.0262384084362768,1.1584577324356582,0.7673112521768006,0.0890936588801155,0.3900081968450117,0.3900081968450117,0.16995384057052365,2.4410154819488525,0.0,0.0,0.0,3.4357051849365234,0.0,0.0,0.0,0.0,0.1461315155029297
sub001-ses04-block4-game2_000::b0101,test/sub001/ses-04/sub001-ses04-block4-game2_000.npy,sub001,2,2,26,0,Short,1.167380277839465,1.167380277839465,1.0099521020649098,1.0099521020649098,1.0099521020649098,0.2811936042108528,0.2811936042108528,0.2806434067575923,0.2806434067575923,0.2806434067575923,2.7054381370544434,2.7054381370544434,0.40193796157836914,0.40193796157836914,0.40193796157836914,0.36310410499572754,0.36310410499572754,0.08509516716003418,0.08509516716003418,0.08509516716003418
sub001-ses04-block4-game2_000::b0102,test/sub001/ses-04/sub001-ses04-block4-game2_000.npy,sub001,2,3,26,0,Short,0.8719396357214448,0.8719396357214448,0.901267447000924,1.0276381510984463,1.0276381510984463,0.5029439417250658,0.5029439417250658,0.4235897566962904,0.3107978794820709,0.3107978794820709,0.0,0.0,0.0,1.2211614847183228,1.2211614847183228,0.0,0.0,0.0,0.0,0.0
sub001-ses04-block4-game2_000::b0103,test/sub001/ses-04/sub001-ses04-block4-game2_000.npy,sub001,2,3,26,0,Short,0.3641146867450821,0.9938998178084216,0.9938998178084216,0.9938998178084216,0.9999797608333099,0.8727099796089338,0.4857441086990167,0.4857441086990167,0.4857441086990167,0.4902274114396017,3.445380449295044,0.0,0.0,0.0,0.0,0.0,0.0,0.0,0.0,0.0
sub001-ses04-block4-game2_000::b0104,test/sub001/ses-04/sub001-ses04-block4-game2_000.npy,sub001,2,9,26,0,Short,0.7690771903133344,0.8182611837931224,1.005068616145169,1.052840263590244,1.096476038891355,0.6092741192449831,0.5104943845559516,0.37349735504975645,0.4121120922029528,0.232022905438183,4.045774459838867,3.867914915084839,0.0,0.0,0.0,0.5737502574920654,0.5063185691833496,0.0,0.0,0.0
sub001-ses04-block4-game2_000::b0105,test/sub001/ses-04/sub001-ses04-block4-game2_000.npy,sub001,2,4,26,0,Short,0.7282686805608152,0.9711957678373675,0.9931838935690667,0.9931838935690667,1.0581330035670573,0.6147743559517813,0.3685130107678087,0.3664254004458569,0.3664254004458569,0.3473466433300838,0.0,3.620497941970825,3.5076897144317627,3.5076897144317627,0.07257628440856934,0.0,0.1786954402923584,0.12767529487609863,0.12767529487609863,0.08099722862243652
sub001-ses04-block4-game2_000::b0106,test/sub001/ses-04/sub001-ses04-block4-game2_000.npy,sub001,2,2,26,0,Short,0.8436640737418967,0.8436640737418967,1.0578822457741368,1.0578822457741368,1.0578822457741368,0.5213287587337128,0.5213287587337128,0.2477924493195301,0.2477924493195301,0.2477924493195301,0.028444766998291016,0.028444766998291016,3.8605334758758545,3.8605334758758545,3.8605334758758545,0.1901416778564453,0.1901416778564453,0.5253787040710449,0.5253787040710449,0.5253787040710449
sub001-ses04-block4-game2_000::b0107,test/sub001/ses-04/sub001-ses04-block4-game2_000.npy,sub001,2,2,26,0,Short,0.9482927062690899,0.9482927062690899,1.226087266909022,1.226087266909022,1.226087266909022,0.45785756879181994,0.45785756879181994,0.17097661733140557,0.17097661733140557,0.17097661733140557,0.0,0.0,0.0,0.0,0.0,0.0,0.0,0.0,0.0,0.0
sub001-ses04-block4-game2_000::b0108,test/sub001/ses-04/sub001-ses04-block4-game2_000.npy,sub001,2,2,26,0,Short,0.8665304719782011,0.8665304719782011,0.8665304719782011,1.2836040059454217,1.2836040059454217,0.44201372880857176,0.44201372880857176,0.44201372880857176,0.1680369111991507,0.1680369111991507,0.0,0.0,0.0,0.0,0.0,0.0,0.0,0.0,0.0,0.0
sub001-ses04-block4-game2_000::b0109,test/sub001/ses-04/sub001-ses04-block4-game2_000.npy,sub001,2,3,26,0,Short,0.9273567410967805,0.9273567410967805,1.2235843250567184,1.3473006943101056,1.3473006943101056,0.4981302046409025,0.4981302046409025,0.23346762491526174,0.21538017395543327,0.21538017395543327,3.253413200378418,3.253413200378418,0.5581803321838379,0.0,0.0,0.8308298587799072,0.8308298587799072,1.0222456455230713,0.0,0.0
sub001-ses04-block4-game2_000::b0110,test/sub001/ses-04/sub001-ses04-block4-game2_000.npy,sub001,2,3,26,0,Short,0.9303963956480134,0.9303963956480134,1.392106274096629,1.2317291333499765,1.2317291333499765,0.5406868480434177,0.5406868480434177,0.10303567445918593,0.2878951501300848,0.2878951501300848,0.0,0.0,0.0,2.7467589378356934,2.7467589378356934,0.0,0.0,0.0,0.0,0.0
sub001-ses04-block4-game2_000::b0111,test/sub001/ses-04/sub001-ses04-block4-game2_000.npy,sub001,2,2,26,0,Short,0.929503593074219,0.929503593074219,1.2244684130560457,1.2244684130560457,1.2244684130560457,0.48034217221845277,0.48034217221845277,0.1713399591363679,0.1713399591363679,0.1713399591363679,0.0,0.0,0.0,0.0,0.0,0.0,0.0,0.0,0.0,0.0
sub001-ses04-block4-game2_000::b0112,test/sub001/ses-04/sub001-ses04-block4-game2_000.npy,sub001,2,3,26,0,Short,0.9778190652650239,0.9778190652650239,1.1860830467321113,1.2375954667280262,1.2375954667280262,0.42122670812880036,0.42122670812880036,0.21068272931302645,0.23037200391683416,0.23037200391683416,0.002917766571044922,0.002917766571044922,0.0,0.08694148063659668,0.08694148063659668,0.2730436325073242,0.2730436325073242,0.0,0.0,0.0
sub001-ses04-block4-game2_000::b0113,test/sub001/ses-04/sub001-ses04-block4-game2_000.npy,sub001,2,3,26,0,Short,1.0050631784058628,1.2886746838850545,1.2886746838850545,1.2886746838850545,1.145523764448549,0.409497158973114,0.15101894494758777,0.15101894494758777,0.15101894494758777,0.3532081690951307,0.0,0.0,0.0,0.0,2.9965295791625977,0.0,0.0,0.0,0.0,0.0
sub001-ses04-block4-game2_000::b0114,test/sub001/ses-04/sub001-ses04-block4-game2_000.npy,sub001,2,5,26,0,Short,1.085867302949053,1.1120749141316237,0.9043744209414067,1.2068109210908378,1.0340019702211145,0.3687157596957057,0.3311959738233784,0.5443984390851863,0.3103126855243259,0.44529652963160454,2.857706069946289,0.05534815788269043,2.5880255699157715,0.0,0.0,0.3198843002319336,0.1706545352935791,0.1442267894744873,0.0,0.0
sub001-ses04-block4-game2_000::b0115,test/sub001/ses-04/sub001-ses04-block4-game2_000.npy,sub001,2,10,26,0,Short,1.0368873667445446,1.224637701720193,1.1046008053843368,1.1845254620502967,1.1091789700639363,0.38469565474393086,0.27511150166320614,0.46337890113037505,0.28084465673986253,0.4297112908047155,0.0,2.739537239074707,2.568739414215088,0.0,0.0,0.0,0.2201220989227295,0.0,0.0,0.0
sub001-ses04-block4-game2_000::b0116,test/sub001/ses-04/sub001-ses04-block4-game2_000.npy,sub001,2,11,26,0,Short,1.1280931858021317,1.1515024992302838,1.0782606415797629,0.975187421424371,1.2138015931034534,0.3011557519431905,0.3397995538963533,0.40254170117876303,0.5061887304136802,0.27305531254174,0.0,0.0,0.10990548133850098,0.06991791725158691,2.5888099670410156,0.0,0.0,0.2375502586364746,0.0,0.0
sub001-ses04-block4-game2_000::b0117,test/sub001/ses-04/sub001-ses04-block4-game2_000.npy,sub001,2,6,26,0,Short,1.1358596283390294,1.0345574854512531,1.1405805216806189,1.0282468159375038,1.0872608347204549,0.27617557066779547,0.3827626200713582,0.31868647689900426,0.38035053187683776,0.37168203383421805,2.7666640281677246,0.11681818962097168,2.5946295261383057,0.0,0.14454174041748047,0.14796900749206543,0.04789137840270996,0.08605098724365234,0.0,0.2699863910675049
sub001-ses04-block4-game2_000::b0118,test/sub001/ses-04/sub001-ses04-block4-game2_000.npy,sub001,2,5,26,0,Short,1.0077837203276994,1.2932773812008946,1.0637720375769508,1.3434360978060433,1.2594879092375997,0.42397086879641155,0.19242626568406845,0.3244806455986946,0.27853833694430274,0.21399158985672218,0.32739901542663574,0.0,0.05781745910644531,0.0,0.13201045989990234,1.0717227458953857,0.0,0.5421504974365234,0.0,0.3301706314086914
sub001-ses04-block4-game2_000::b0120,test/sub001/ses-04/sub001-ses04-block4-game2_000.npy,sub001,2,2,26,0,Short,0.8016672808631966,0.8016672808631966,0.8016672808631966,1.113872066370966,1.113872066370966,0.5759890557739277,0.5759890557739277,0.5759890557739277,0.3732022909403613,0.3732022909403613,0.0,0.0,0.0,0.46429967880249023,0.46429967880249023,0.0,0.0,0.0,0.0,0.0
sub001-ses04-block4-game2_000::b0122,test/sub001/ses-04/sub001-ses04-block4-game2_000.npy,sub001,2,6,26,0,Short,1.0333855737106343,0.9266854513767102,1.006006893012636,1.018990933620731,0.9343968191265228,0.5520257425027467,0.5463633736433898,0.4986738898286184,0.4902660483253614,0.5115809423726096,2.9994187355041504,0.0,2.976552724838257,0.006563425064086914,3.1281936168670654,0.07911849021911621,0.0,0.3178849220275879,0.271303653717041,0.26309752464294434
sub001-ses04-block4-game2_000::b0123,test/sub001/ses-04/sub001-ses04-block4-game2_000.npy,sub001,2,14,26,0,Short,1.0469309109294536,1.0274672480685725,1.0514388711623244,0.950772079355023,1.083566780256483,0.361533400627599,0.47293342237548297,0.4568504353280319,0.5516007994861333,0.40481082063712875,3.0185956954956055,0.0,0.0,3.007291555404663,0.0,0.1312398910522461,0.0,0.0,0.05854439735412598,0.0
sub001-ses04-block4-game2_000::b0124,test/sub001/ses-04/sub001-ses04-block4-game2_000.npy,sub001,2,8,26,0,Short,0.47977670307217424,0.9262271439363341,0.9543451221935999,1.059404061037484,1.104717778689364,0.8123246001477454,0.549640807529545,0.5133330747568559,0.4179469328551843,0.2635557325905318,3.2666687965393066,3.0065135955810547,0.23227596282958984,0.0,3.474597454071045,0.3145408630371094,0.12512826919555664,0.44165635108947754,0.0,0.692683219909668
sub001-ses04-block4-game2_000::b0125,test/sub001/ses-04/sub001-ses04-block4-game2_000.npy,sub001,2,8,26,0,Short,0.5261106237936559,1.0648927715246912,1.0236236031762336,1.0744375007912668,1.0980416208432235,0.7967823273132169,0.31676075694882816,0.46847769808171263,0.38710119894575235,0.4153395037872967,0.11312270164489746,0.33503055572509766,0.003968238830566406,0.0,0.03122997283935547,0.3491978645324707,0.22107434272766113,0.22482538223266602,0.0,0.14048981666564941
sub001-ses04-block4-game2_000::b0126,test/sub001/ses-04/sub001-ses04-block4-game2_000.npy,sub001,2,2,26,0,Short,0.9460670280756812,0.9460670280756812,0.9460670280756812,1.1034089237303502,1.1034089237303502,0.4771516497464411,0.4771516497464411,0.4771516497464411,0.3607865724542585,0.3607865724542585,0.33864855766296387,0.33864855766296387,0.33864855766296387,3.6864013671875,3.6864013671875,0.0022521018981933594,0.0022521018981933594,0.0022521018981933594,0.2372729778289795,0.2372729778289795
sub001-ses04-block4-game2_000::b0127,test/sub001/ses-04/sub001-ses04-block4-game2_000.npy,sub001,2,3,26,0,Short,0.9340703290245015,1.0225877627558508,1.0225877627558508,1.0225877627558508,1.110322470068559,0.4734377836741207,0.40162011402461106,0.40162011402461106,0.40162011402461106,0.28992834461328293,3.989229202270508,0.0,0.0,0.0,0.0,0.5135397911071777,0.0,0.0,0.0,0.0
sub001-ses04-block4-game2_000::b0128,test/sub001/ses-04/sub001-ses04-block4-game2_000.npy,sub001,2,3,26,0,Short,0.8633655084686277,0.8633655084686277,0.8989273706619427,0.9026473992636677,0.9026473992636677,0.4689171121560935,0.4689171121560935,0.3991141834016243,0.5406549188903187,0.5406549188903187,0.48403406143188477,0.48403406143188477,4.016551494598389,0.0,0.0,0.0,0.0,0.6131000518798828,0.0,0.0
sub001-ses04-block4-game2_000::b0129,test/sub001/ses-04/sub001-ses04-block4-game2_000.npy,sub001,2,2,26,0,Short,1.0519793968984186,1.0519793968984186,1.1704399388018711,1.1704399388018711,1.1704399388018711,0.3744595012984867,0.3744595012984867,0.35047343102219775,0.35047343102219775,0.35047343102219775,3.3242199420928955,3.3242199420928955,0.0,0.0,0.0,0.3554646968841553,0.3554646968841553,0.0,0.0,0.0
sub001-ses04-block4-game2_000::b0130,test/sub001/ses-04/sub001-ses04-block4-game2_000.npy,sub001,2,2,26,0,Short,1.021412805008518,1.021412805008518,1.021412805008518,1.0814201535778905,1.0814201535778905,0.4002070876200111,0.4002070876200111,0.4002070876200111,0.16723364175161348,0.16723364175161348,0.015733003616333008,0.015733003616333008,0.015733003616333008,1.0476417541503906,1.0476417541503906,0.0,0.0,0.0,0.6733789443969727,0.6733789443969727
sub001-ses04-block4-game2_000::b0131,test/sub001/ses-04/sub001-ses04-block4-game2_000.npy,sub001,2,13,26,0,Short,0.8887180613317098,1.087479141371229,0.947487283451249,1.0474494370950032,1.0779735149549625,0.48699119434029325,0.4008064839884751,0.44510065637176144,0.4324923860017752,0.36499174888607805,0.0,0.0,0.0,0.0,0.0,0.0,0.0,0.0,0.0,0.0
sub001-ses04-block4-game2_000::b0132,test/sub001/ses-04/sub001-ses04-block4-game2_000.npy,sub001,2,10,26,0,Short,0.5019719636489333,0.9420854140828483,1.0389529610060049,0.8526568539808167,1.0185774286209908,0.7977936802278085,0.4470636643385059,0.40249947998463464,0.5699732267038758,0.4403690722081961,0.20133209228515625,3.2590839862823486,2.954019069671631,0.0,0.4230070114135742,0.7192814350128174,0.3225419521331787,0.0,0.0,0.19746994972229004
sub001-ses04-block4-game2_000::b0133,test/sub001/ses-04/sub001-ses04-block4-game2_000.npy,sub001,2,4,26,0,Short,0.8461315819247559,0.9193313075883269,0.9193313075883269,0.9673386377471761,0.9364206259651142,0.5315333349072686,0.4748764737763305,0.4748764737763305,0.41684502191053985,0.46190379658393255,3.9560980796813965,3.530334949493408,3.530334949493408,3.9429690837860107,3.361903667449951,0.4090752601623535,0.0,0.0,0.5620324611663818,0.0
sub001-ses04-block4-game2_000::b0134,test/sub001/ses-04/sub001-ses04-block4-game2_000.npy,sub001,2,4,26,0,Short,0.9373520241349211,0.9088533441738259,0.9088533441738259,0.9191857419109304,1.0628734507033002,0.37443549821315325,0.4651733049177168,0.4651733049177168,0.3878981115097496,0.3292992676572254,3.6475696563720703,3.6733579635620117,3.6733579635620117,0.07537245750427246,0.0,0.22458624839782715,0.04474830627441406,0.04474830627441406,0.3750894069671631,0.0
sub001-ses04-block4-game2_000::b0135,test/sub001/ses-04/sub001-ses04-block4-game2_000.npy,sub001,2,3,26,0,Short,0.9192165348419503,0.9016706717593701,0.9016706717593701,0.9016706717593701,0.9620897889062484,0.4834894831701305,0.47290865698033613,0.47290865698033613,0.47290865698033613,0.4516122911111825,0.10496973991394043,3.544551134109497,3.544551134109497,3.544551134109497,3.344974994659424,0.41641950607299805,0.6810998916625977,0.6810998916625977,0.6810998916625977,0.0
sub001-ses04-block4-game2_000::b0136,test/sub001/ses-04/sub001-ses04-block4-game2_000.npy,sub001,2,2,26,0,Short,1.176770906733301,1.176770906733301,1.1877519548834325,1.1877519548834325,1.1877519548834325,0.1120418355634959,0.1120418355634959,0.41174790270748507,0.41174790270748507,0.41174790270748507,3.415376901626587,3.415376901626587,0.0,0.0,0.0,0.0,0.0,0.0,0.0,0.0
sub001-ses04-block4-game2_000::b0137,test/sub001/ses-04/sub001-ses04-block4-game2_000.npy,sub001,2,3,26,0,Short,1.0562761359404629,1.152460998704517,1.152460998704517,1.152460998704517,0.9818250966353321,0.41935223084869966,0.2739461455445887,0.2739461455445887,0.2739461455445887,0.4379403097316211,0.056876420974731445,2.9533894062042236,2.9533894062042236,2.9533894062042236,0.26732635498046875,0.8619804382324219,0.0,0.0,0.0,0.7445549964904785
sub001-ses04-block4-game2_000::b0138,test/sub001/ses-04/sub001-ses04-block4-game2_000.npy,sub001,2,2,26,0,Short,0.9895792800222788,0.9895792800222788,0.9895792800222788,0.9705894029112035,0.9705894029112035,0.45022359355768393,0.45022359355768393,0.45022359355768393,0.4603005052482056,0.4603005052482056,3.241637945175171,3.241637945175171,3.241637945175171,0.0,0.0,0.16556429862976074,0.16556429862976074,0.16556429862976074,0.0,0.0
sub001-ses04-block4-game2_000::b0139,test/sub001/ses-04/sub001-ses04-block4-game2_000.npy,sub001,2,2,26,0,Short,1.1766464788778581,1.1766464788778581,0.894573402302876,0.894573402302876,0.894573402302876,0.3117473407290804,0.3117473407290804,0.5446694514226152,0.5446694514226152,0.5446694514226152,3.625854730606079,3.625854730606079,0.16644763946533203,0.16644763946533203,0.16644763946533203,0.8523073196411133,0.8523073196411133,0.3310396671295166,0.3310396671295166,0.3310396671295166
sub001-ses04-block4-game2_000::b0140,test/sub001/ses-04/sub001-ses04-block4-game2_000.npy,sub001,2,3,26,0,Short,1.0525559292725992,1.0525559292725992,1.00747012018114,0.9916497650884413,0.9916497650884413,0.4327536813719697,0.4327536813719697,0.4863690860824802,0.5220587446043037,0.5220587446043037,0.08215665817260742,0.08215665817260742,0.0,0.0,0.0,0.5753023624420166,0.5753023624420166,0.0,0.0,0.0
sub001-ses04-block4-game2_000::b0142,test/sub001/ses-04/sub001-ses04-block4-game2_000.npy,sub001,2,3,26,0,Short,1.2017772009718783,1.2017772009718783,1.194880812951912,1.0627257272802868,1.0627257272802868,0.06805764566727857,0.06805764566727857,0.4238503939557141,0.5276041803036392,0.5276041803036392,0.045790672302246094,0.045790672302246094,0.0,1.8674384355545044,1.8674384355545044,0.1700199842453003,0.1700199842453003,0.0,0.0,0.0
sub001-ses04-block4-game2_000::b0143,test/sub001/ses-04/sub001-ses04-block4-game2_000.npy,sub001,2,3,26,0,Short,1.2048346640077081,1.0470410891224136,1.0470410891224136,1.0470410891224136,1.121030021364495,0.3297575394567621,0.525467505319795,0.525467505319795,0.525467505319795,0.5086077602195569,2.2906832695007324,0.0,0.0,0.0,2.0598604679107666,0.46236395835876465,0.0,0.0,0.0,0.4514026641845703
sub001-ses04-block4-game2_000::b0144,test/sub001/ses-04/sub001-ses04-block4-game2_000.npy,sub001,2,12,26,0,Short,1.093581436549154,1.1192202940426876,1.1871049358484438,1.1631488361782767,1.2502200312859622,0.480708792492098,0.5079350374089089,0.3944305725958192,0.38489045864456445,0.42538093374174035,1.6553882360458374,2.1428301334381104,0.5153083801269531,1.9242045879364014,1.0370434522628784,0.0,0.057552337646484375,0.008934736251831055,0.0,0.0
sub001-ses04-block4-game2_000::b0145,test/sub001/ses-04/sub001-ses04-block4-game2_000.npy,sub001,2,5,26,0,Short,0.8042433326035778,1.3461968287656176,1.2636659689322802,1.2147034660761626,1.0893814345696116,0.6760510488295801,0.17202892340254566,0.377633386193457,0.3669615506664523,0.5336386197259336,2.0113112926483154,0.1459805965423584,0.0,2.051745891571045,0.0,0.0,0.3702411651611328,0.0,0.5259511470794678,0.0
sub001-ses04-block4-game2_000::b0146,test/sub001/ses-04/sub001-ses04-block4-game2_000.npy,sub001,2,8,26,0,Short,1.1227194920606205,1.4509994334064658,0.7514726001170806,0.7875581617951886,0.6102854024286205,0.39171964149553173,0.32061288597701565,0.7095274013199302,0.6952479076700534,0.7884943050260808,0.00201683328486979,0.0,0.2690662741661072,0.5005974173545837,0.008700024336576462,0.0,0.0,0.8860650211572647,0.6813647150993347,0.05909362807869911
sub001-ses04-block4-game2_000::b0147,test/sub001/ses-04/sub001-ses04-block4-game2_000.npy,sub001,2,133,26,1,Long,1.4348000492250188,0.3307410376980906,0.4013496684644911,0.40862902988804317,0.9203811269797099,0.16624024181666203,0.9006290124476908,0.871782408018074,0.8752466393696053,0.6045556291038767,0.0077385008335113525,0.0,0.0,0.0,0.034876465797424316,0.8745380342006683,0.0,0.01901870407164097,0.0,0.10476934909820557
sub001-ses04-block4-game2_000::b0148,test/sub001/ses-04/sub001-ses04-block4-game2_000.npy,sub001,2,3,26,0,Short,0.7133908904445228,0.7133908904445228,1.102646743405425,1.147147938704648,1.147147938704648,0.6292601835572156,0.6292601835572156,0.5031055865692466,0.4661875734330987,0.4661875734330987,1.8481624126434326,1.8481624126434326,1.9149103164672852,1.875086784362793,1.875086784362793,1.4466251134872437,1.4466251134872437,1.6414089798927307,1.6213937401771545,1.6213937401771545
sub001-ses04-block4-game2_000::b0149,test/sub001/ses-04/sub001-ses04-block4-game2_000.npy,sub001,2,7,26,0,Short,1.2276079324265068,0.9139174595354653,0.9848299470474726,1.0546274332551082,1.0096507535995074,0.38962630078152427,0.6266367076445065,0.5783793285965528,0.532990350521219,0.5567357031467655,2.0154056549072266,1.8944458961486816,0.0,0.0856943130493164,0.006432533264160156,0.09693992137908936,0.03621673583984375,0.0,0.08820796012878418,0.07573699951171875
sub001-ses04-block4-game2_000::b0150,test/sub001/ses-04/sub001-ses04-block4-game2_000.npy,sub001,2,8,26,0,Short,0.8214267004689993,0.9414716077471529,0.949690122943119,0.9954300773605844,1.0313591132913003,0.5578526420901276,0.6081521014768544,0.6042267835641372,0.558099540094708,0.5590415384516443,0.14738929271697998,1.9509892463684082,2.0263445377349854,2.009413480758667,0.07657718658447266,0.1917935609817505,0.036217689514160156,0.16208672523498535,0.09464192390441895,0.09698843955993652
sub001-ses04-block4-game2_000::b0151,test/sub001/ses-04/sub001-ses04-block4-game2_000.npy,sub001,2,8,26,0,Short,0.6257612453014125,1.01269923819136,0.8833892180860349,1.0459695179138297,0.9961367275829714,0.7529147763419505,0.5376708434786013,0.6449788696257635,0.5300844207988346,0.5485019813700801,0.0,0.0,2.0722408294677734,0.2576751708984375,1.859544277191162,0.0,0.0,0.16368603706359863,0.28349947929382324,0.0
sub001-ses04-block4-game2_000::b0152,test/sub001/ses-04/sub001-ses04-block4-game2_000.npy,sub001,2,8,26,0,Short,0.41382818652956105,1.2367901758116162,1.0221719168235583,0.887428007960968,1.121349387088524,0.8595825317225396,0.4323738629887701,0.5605948240271058,0.6151407947186589,0.5021750388407111,2.415447950363159,1.8729926347732544,2.4736738204956055,2.263960123062134,0.08289408683776855,0.2724006175994873,0.0,0.4087486267089844,0.43702220916748047,0.0
sub001-ses04-block4-game2_000::b0153,test/sub001/ses-04/sub001-ses04-block4-game2_000.npy,sub001,2,7,26,0,Short,1.2433735973812385,1.1221568970821887,1.0619491140157273,1.199690444418959,1.0613900153659528,0.1917637442394653,0.5072162134819305,0.5192874373484078,0.44476014872447667,0.4930953372999296,1.9793273210525513,0.2879997491836548,0.2565727233886719,0.0,0.0,0.03624415397644043,0.17390990257263184,0.03492903709411621,0.0,0.0
sub001-ses04-block4-game2_000::b0154,test/sub001/ses-04/sub001-ses04-block4-game2_000.npy,sub001,2,2,26,0,Short,1.1438788588136017,1.1438788588136017,0.9373016490016395,0.9373016490016395,0.9373016490016395,0.41346926398635797,0.41346926398635797,0.5826446897197929,0.5826446897197929,0.5826446897197929,0.009450674057006836,0.009450674057006836,1.9213745594024658,1.9213745594024658,1.9213745594024658,0.17041707038879395,0.17041707038879395,0.0,0.0,0.0
sub001-ses04-block4-game2_000::b0155,test/sub001/ses-04/sub001-ses04-block4-game2_000.npy,sub001,2,2,26,0,Short,1.1587829195729231,1.1587829195729231,0.9976719642894812,0.9976719642894812,0.9976719642894812,0.4054244538990476,0.4054244538990476,0.5584651270352112,0.5584651270352112,0.5584651270352112,0.0,0.0,2.074845314025879,2.074845314025879,2.074845314025879,0.0,0.0,0.05587029457092285,0.05587029457092285,0.05587029457092285
sub001-ses04-block4-game2_000::b0156,test/sub001/ses-04/sub001-ses04-block4-game2_000.npy,sub001,2,3,26,0,Short,1.1882366589653814,1.1882366589653814,1.2000165070514748,1.0836540094107792,1.0836540094107792,0.381341678457877,0.381341678457877,0.32718207570703806,0.4762032240824323,0.4762032240824323,0.0,0.0,0.0,0.03791701793670654,0.03791701793670654,0.0,0.0,0.0,0.0,0.0
sub001-ses04-block4-game2_000::b0157,test/sub001/ses-04/sub001-ses04-block4-game2_000.npy,sub001,2,2,26,0,Short,1.1553376181741024,1.1553376181741024,1.1140683089082528,1.1140683089082528,1.1140683089082528,0.3879284633560467,0.3879284633560467,0.4253315735013854,0.4253315735013854,0.4253315735013854,1.0518839359283447,1.0518839359283447,0.0,0.0,0.0,1.2594141960144043,1.2594141960144043,0.0,0.0,0.0
sub001-ses04-block4-game2_000::b0158,test/sub001/ses-04/sub001-ses04-block4-game2_000.npy,sub001,2,2,26,0,Short,1.2011874188448437,1.2011874188448437,1.090040959802994,1.090040959802994,1.090040959802994,0.3987548407562898,0.3987548407562898,0.48939793624792105,0.48939793624792105,0.48939793624792105,0.23373687267303467,0.23373687267303467,0.015036821365356445,0.015036821365356445,0.015036821365356445,0.5514185428619385,0.5514185428619385,0.17265081405639648,0.17265081405639648,0.17265081405639648
sub001-ses04-block4-game2_000::b0159,test/sub001/ses-04/sub001-ses04-block4-game2_000.npy,sub001,2,3,26,0,Short,1.1888708858650554,1.215773125484548,1.215773125484548,1.215773125484548,1.3594515515913008,0.3969865930193476,0.37380246391147476,0.37380246391147476,0.37380246391147476,0.1401751933783309,0.0,1.9829232692718506,1.9829232692718506,1.9829232692718506,0.04502594470977783,0.0,0.05933570861816406,0.05933570861816406,0.05933570861816406,0.3210636377334595
sub001-ses04-block4-game2_000::b0160,test/sub001/ses-04/sub001-ses04-block4-game2_000.npy,sub001,2,6,26,0,Short,1.2347546034649763,1.1520567186273372,1.129004948498608,1.1491341804051083,1.0673574224419191,0.34587060919857404,0.41457465002238597,0.46176399755552444,0.5113025468193382,0.4897994016166771,0.3288555145263672,0.0,1.8584988117218018,0.0,1.8777738809585571,0.4170083999633789,0.0,0.0,0.0,0.08524942398071289
sub001-ses04-block4-game2_000::b0161,test/sub001/ses-04/sub001-ses04-block4-game2_000.npy,sub001,2,5,26,0,Short,1.1411819868848263,1.0986870062867657,1.1216401451473137,1.0653119993517655,0.9045325268536727,0.454654490166143,0.5132315309628055,0.4556579409805774,0.509847388227595,0.6129779246417665,0.30890870094299316,0.0,0.0,0.0,0.0,0.5306572914123535,0.0,0.0,0.0,0.0
sub001-ses04-block4-game2_000::b0162,test/sub001/ses-04/sub001-ses04-block4-game2_000.npy,sub001,2,26,26,1,Long,1.0987037950873983,1.1636793645450942,1.09097804766812,1.1219253070255113,1.0828533690008115,0.42815821769057827,0.4436294451022289,0.5103146574437554,0.4224957527460016,0.5039368768686504,0.11211240291595459,1.7682918310165405,0.0,0.2372453212738037,1.9615601301193237,0.09285902976989746,0.0,0.0,0.579352617263794,0.0
sub001-ses04-block4-game2_000::b0163,test/sub001/ses-04/sub001-ses04-block4-game2_000.npy,sub001,2,8,26,0,Short,0.8989345767182273,0.7890252392563869,1.102312840613194,0.9242863581276074,0.912174540496379,0.4339495703007656,0.7079358478710955,0.5225669913157789,0.6430534939412954,0.6475561842085833,0.0,0.2280595302581787,0.04251694679260254,0.1910231113433838,1.7871239185333252,0.0,0.009591341018676758,0.20734214782714844,0.14238500595092773,0.0
sub001-ses04-block4-game2_000::b0164,test/sub001/ses-04/sub001-ses04-block4-game2_000.npy,sub001,2,6,26,0,Short,0.5116924272922982,0.9258857605289776,0.9936791258691509,0.9076458482862463,0.8951059001958663,0.7963978370227791,0.6363405166081981,0.5804958446179084,0.6330987816127831,0.6625328871682464,0.5235862731933594,0.0,0.0,2.204124689102173,0.18119275569915771,0.28377223014831543,0.0,0.0,0.28502345085144043,0.2057173252105713
sub001-ses04-block4-game2_000::b0165,test/sub001/ses-04/sub001-ses04-block4-game2_000.npy,sub001,2,8,26,0,Short,0.901359520773503,1.0599362369238168,0.9901291852074361,1.0540609049240461,0.9923370182037653,0.45465521024964056,0.24486935149067024,0.3216298416527554,0.22981667118596538,0.3818223253897189,0.11902737617492676,0.2972373962402344,3.749715805053711,0.022847414016723633,0.25975942611694336,0.44589805603027344,0.5390152931213379,0.6613926887512207,0.41767358779907227,0.0
sub001-ses04-block4-game2_000::b0166,test/sub001/ses-04/sub001-ses04-block4-game2_000.npy,sub001,2,6,26,0,Short,0.9238293049684597,1.188500417375062,0.952915119053773,0.9799313161124074,1.0796405242490916,0.44236414888793973,0.24735314223069377,0.3771728545502838,0.36013291790866325,0.23166746531365817,3.921525239944458,0.0,3.044311046600342,0.0,0.0,0.6364684104919434,0.0,0.0,0.0,0.0
sub001-ses04-block4-game2_000::b0167,test/sub001/ses-04/sub001-ses04-block4-game2_000.npy,sub001,2,3,26,0,Short,1.0333953099927913,1.0333953099927913,1.0174175759336426,0.9008144551934222,0.9008144551934222,0.4612586797536428,0.4612586797536428,0.4480780801799874,0.4883689620386868,0.4883689620386868,3.2360916137695312,3.2360916137695312,3.019313097000122,3.128875732421875,3.128875732421875,0.2943885326385498,0.2943885326385498,0.0,0.0,0.0
sub001-ses04-block4-game2_000::b0168,test/sub001/ses-04/sub001-ses04-block4-game2_000.npy,sub001,2,3,26,0,Short,0.9773693013554349,1.0839324964958592,1.0839324964958592,1.0839324964958592,1.0732549658280544,0.4869578332700096,0.25278643767880954,0.25278643767880954,0.25278643767880954,0.24789339412228328,0.0,0.0,0.0,0.0,0.0417180061340332,0.0,0.0,0.0,0.0,0.5111234188079834
sub001-ses04-block4-game2_000::b0169,test/sub001/ses-04/sub001-ses04-block4-game2_000.npy,sub001,2,3,26,0,Short,1.004228570440066,1.1255783514231017,1.1255783514231017,1.1255783514231017,1.1414875941490588,0.5131784529914858,0.2648900409702974,0.2648900409702974,0.2648900409702974,0.2972718370057905,2.5223491191864014,2.626945972442627,2.626945972442627,2.626945972442627,0.0,0.06378602981567383,0.0,0.0,0.0,0.0
sub001-ses04-block4-game2_000::b0170,test/sub001/ses-04/sub001-ses04-block4-game2_000.npy,sub001,2,5,26,0,Short,0.8626231801776396,1.0951161181153317,1.1234274138088642,1.09514002358662,1.0885275198026387,0.5880675010613757,0.3239626987420833,0.32894003465024785,0.3068815541730965,0.3789499348193659,3.0429837703704834,2.6965441703796387,2.1212809085845947,2.6364662647247314,0.0,0.5040934085845947,0.3264350891113281,0.08037757873535156,0.0,0.0
sub001-ses04-block4-game2_000::b0171,test/sub001/ses-04/sub001-ses04-block4-game2_000.npy,sub001,2,2,26,0,Short,0.9817919954769663,0.9817919954769663,0.9817919954769663,1.1242204968438023,1.1242204968438023,0.4716410852760582,0.4716410852760582,0.4716410852760582,0.2646262868936073,0.2646262868936073,0.2198193073272705,0.2198193073272705,0.2198193073272705,2.572634220123291,2.572634220123291,0.5634348392486572,0.5634348392486572,0.5634348392486572,0.4020671844482422,0.4020671844482422
sub001-ses04-block4-game2_000::b0172,test/sub001/ses-04/sub001-ses04-block4-game2_000.npy,sub001,2,21,26,0,Short,1.041611402471771,1.198037784008449,1.183675231784265,1.212990683239598,1.150487555615962,0.4294236395651435,0.2300744916682959,0.21725035871796589,0.2640504970449124,0.3310076819704323,2.8801379203796387,2.5358378887176514,0.0,2.280346632003784,0.0,0.32604312896728516,0.0,0.0,0.0,0.0
sub001-ses04-block4-game2_000::b0173,test/sub001/ses-04/sub001-ses04-block4-game2_000.npy,sub001,2,2,26,0,Short,0.7011559137577358,0.7011559137577358,0.7011559137577358,1.2673005891220845,1.2673005891220845,0.7095722719613318,0.7095722719613318,0.7095722719613318,0.3722360494435065,0.3722360494435065,0.0,0.0,0.0,0.0,0.0,0.0,0.0,0.0,0.0,0.0
sub001-ses04-block4-game2_000::b0174,test/sub001/ses-04/sub001-ses04-block4-game2_000.npy,sub001,2,18,26,0,Short,1.120107239509656,1.282087783510291,1.314308717821226,1.2206052230262663,1.299480460516866,0.4708738248015132,0.22566737191195907,0.1392978805070899,0.3078145813401948,0.22131532175624424,2.710228204727173,2.105652093887329,2.2897517681121826,0.0,0.0,0.3246266841888428,0.14113426208496094,0.20041561126708984,0.0,0.0
sub001-ses04-block4-game2_000::b0175,test/sub001/ses-04/sub001-ses04-block4-game2_000.npy,sub001,2,22,26,0,Short,0.8586854710761026,1.2420452097006895,1.1672883116099904,1.2224702203366724,1.1226649189153255,0.5988108844072296,0.3282779391218805,0.39932559132092205,0.3876177255585389,0.4842087561182169,1.7828260660171509,2.4114162921905518,2.1857967376708984,0.0,2.073410987854004,0.0,0.16297483444213867,0.12708497047424316,0.0,0.11977899074554443
sub001-ses04-block4-game2_000::b0176,test/sub001/ses-04/sub001-ses04-block4-game2_000.npy,sub001,2,3,26,0,Short,0.49328601706093755,1.205127292356719,1.205127292356719,1.205127292356719,1.1537032335481157,0.8087551859232032,0.4033346715712934,0.4033346715712934,0.4033346715712934,0.4423895427480517,2.082380533218384,0.0,0.0,0.0,0.0,0.049994468688964844,0.0,0.0,0.0,0.0
sub001-ses04-block4-game2_000::b0177,test/sub001/ses-04/sub001-ses04-block4-game2_000.npy,sub001,2,2,26,0,Short,1.2283590128484336,1.2283590128484336,1.1698471963373673,1.1698471963373673,1.1698471963373673,0.39250294500184024,0.39250294500184024,0.455029409633596,0.455029409633596,0.455029409633596,0.0,0.0,1.9397989511489868,1.9397989511489868,1.9397989511489868,0.0,0.0,0.0,0.0,0.0
sub001-ses04-block4-game2_000::b0178,test/sub001/ses-04/sub001-ses04-block4-game2_000.npy,sub001,2,40,26,1,Long,1.1942573239267016,1.1203174653794883,1.1860880565712364,1.2079058598989734,1.2911112578072383,0.3979417263685068,0.4887448032588433,0.4303796501993928,0.4454864561045716,0.4030411185670861,0.0,1.522478699684143,1.025988221168518,1.207452654838562,1.084306001663208,0.0,0.0,0.01906907558441162,0.0,0.0
sub001-ses04-block4-game2_000::b0179,test/sub001/ses-04/sub001-ses04-block4-game2_000.npy,sub001,2,124,26,1,Long,1.2551785292845106,1.1381400389547243,1.1312553379551673,0.9545535496457587,1.077096381493278,0.19747100688894725,0.29489156798740696,0.3958071137437842,0.46874096796689135,0.31501404862906135,1.7654510736465454,0.0,0.0,2.08392596244812,0.1028904914855957,0.4168741703033447,0.0,0.0,0.1144707202911377,0.4009826183319092
sub001-ses04-block4-game2_000::b0180,test/sub001/ses-04/sub001-ses04-block4-game2_000.npy,sub001,2,17,26,0,Short,1.0526726152256507,1.3256307712854765,1.285623250770534,1.2854032915772435,1.2480317753353036,0.46411795198127603,0.12491950315809769,0.30171329763471183,0.10910344515158077,0.3185241847757342,2.3701212406158447,2.698848009109497,0.0,0.4673476219177246,2.1454455852508545,0.13796043395996094,0.4562838077545166,0.0,0.3881549835205078,0.5449908971786499
sub001-ses04-block4-game2_000::b0181,test/sub001/ses-04/sub001-ses04-block4-game2_000.npy,sub001,2,3,26,0,Short,1.0973956367938569,1.0973956367938569,1.1041189966893683,1.0593656583951896,1.0593656583951896,0.4725646652250236,0.4725646652250236,0.42324857683737194,0.43091563712947356,0.43091563712947356,2.2162210941314697,2.2162210941314697,0.0,0.02058696746826172,0.02058696746826172,0.644031286239624,0.644031286239624,0.0,1.0560235977172852,1.0560235977172852
sub001-ses04-block4-game2_000::b0182,test/sub001/ses-04/sub001-ses04-block4-game2_000.npy,sub001,2,4,26,0,Short,1.043307251329537,1.2680493171283336,1.2680493171283336,1.0989789951456705,1.2241734924890952,0.27941978120278016,0.33672607042497305,0.33672607042497305,0.42317535370590453,0.25464052193830117,1.7117925882339478,1.758036494255066,1.758036494255066,2.082303047180176,0.08514976501464844,0.0,0.0,0.0,0.26937878131866455,0.4008970260620117
sub001-ses04-block4-game2_000::b0183,test/sub001/ses-04/sub001-ses04-block4-game2_000.npy,sub001,2,3,26,0,Short,1.089719053848312,1.1119354326113329,1.1119354326113329,1.1119354326113329,1.2863740673255328,0.42346299302588564,0.3933116213354253,0.3933116213354253,0.3933116213354253,0.21422385361218899,0.0,1.7987854480743408,1.7987854480743408,1.7987854480743408,0.0,0.0,0.0,0.0,0.0,0.0
sub001-ses04-block4-game2_000::b0184,test/sub001/ses-04/sub001-ses04-block4-game2_000.npy,sub001,2,2,26,0,Short,1.007980204397565,1.007980204397565,1.2266352337121165,1.2266352337121165,1.2266352337121165,0.45562691520722304,0.45562691520722304,0.1670717234284681,0.1670717234284681,0.1670717234284681,1.7824077606201172,1.7824077606201172,1.9642072916030884,1.9642072916030884,1.9642072916030884,0.5157821178436279,0.5157821178436279,0.2784007787704468,0.2784007787704468,0.2784007787704468
sub001-ses04-block4-game2_000::b0185,test/sub001/ses-04/sub001-ses04-block4-game2_000.npy,sub001,2,3,26,0,Short,1.2161276612844265,1.214727954524186,1.214727954524186,1.214727954524186,1.0327264395642617,0.30513902542680854,0.19126224250694634,0.19126224250694634,0.19126224250694634,0.4652121737839255,0.2690589427947998,0.28367435932159424,0.28367435932159424,0.28367435932159424,0.0,0.2774437665939331,0.26978611946105957,0.26978611946105957,0.26978611946105957,0.0
sub001-ses04-block4-game2_000::b0186,test/sub001/ses-04/sub001-ses04-block4-game2_000.npy,sub001,2,5,26,0,Short,1.020252984263997,1.098191860572481,1.1598449124833436,0.9677055492594576,1.2037555140090546,0.3391544323120642,0.49154386646599124,0.46252330652293394,0.5283242471049286,0.38728737331353813,0.35487890243530273,0.0,1.8295743465423584,2.0483334064483643,0.0,0.309586763381958,0.0,0.3147099018096924,0.5532965660095215,0.0
sub001-ses04-block4-game2_000::b0187,test/sub001/ses-04/sub001-ses04-block4-game2_000.npy,sub001,2,9,26,0,Short,0.38916367099344074,1.1223054364976146,1.2222150008697592,1.2818772264879321,1.1202245716416102,0.8649009561190388,0.4344071837899967,0.33682598524701857,0.27347003669419295,0.29669423308998794,0.27052605152130127,0.0,2.0045275688171387,0.2567099332809448,0.0,0.34293198585510254,0.0,0.5101547241210938,0.3455476760864258,0.0
sub001-ses04-block4-game2_000::b0188,test/sub001/ses-04/sub001-ses04-block4-game2_000.npy,sub001,2,14,26,0,Short,1.0442803113415133,1.24891397900003,1.2788118106964939,1.2864116580916987,1.3398001652375786,0.45271341894310424,0.3236540465236154,0.19691256359188974,0.18457259548415555,0.1306857833874534,0.24952661991119385,0.0,0.4123643636703491,0.0,0.0,0.46388471126556396,0.0,0.2640054225921631,0.0,0.0
sub001-ses04-block4-game2_000::b0189,test/sub001/ses-04/sub001-ses04-block4-game2_000.npy,sub001,2,14,26,0,Short,0.5839917914745969,1.2026733837249621,1.1902910360610408,1.2410209566376398,1.243061880251952,0.7528088199949404,0.34277859536105637,0.4503391980485166,0.38157519556393105,0.4176761309870068,1.5552934408187866,1.4960967302322388,0.0,1.449896216392517,1.1515122652053833,0.0,0.0,0.0,0.07907402515411377,0.0
sub001-ses04-block4-game2_000::b0190,test/sub001/ses-04/sub001-ses04-block4-game2_000.npy,sub001,2,4,26,0,Short,1.2744169864792478,1.29191102359533,1.29191102359533,1.20931009648978,1.0301590238749592,0.39950444516134054,0.33708089251256396,0.33708089251256396,0.36898178321536945,0.5692808415697759,0.09288883209228516,1.217745065689087,1.217745065689087,0.0,1.22477388381958,0.038727521896362305,0.0,0.0,0.0,0.0
sub001-ses04-block4-game2_000::b0191,test/sub001/ses-04/sub001-ses04-block4-game2_000.npy,sub001,2,26,26,1,Long,1.1647235529859592,1.0246545231556912,1.1004078040248189,0.980465317649019,1.0923000987371878,0.49905731795824637,0.5857428416570721,0.5084961946987976,0.5950930211852162,0.5063619810618671,1.0901461839675903,1.0083553791046143,1.3272874355316162,0.0,0.056063294410705566,0.0,0.0,0.2674088478088379,0.0,0.17308664321899414
sub001-ses04-block4-game2_000::b0192,test/sub001/ses-04/sub001-ses04-block4-game2_000.npy,sub001,2,3,26,0,Short,1.3329271039894464,1.3329271039894464,1.0452883534444262,1.0740503180414762,1.0740503180414762,0.27264821095391917,0.27264821095391917,0.531579876922646,0.5038506756834865,0.5038506756834865,0.0,0.0,0.0,1.2873899936676025,1.2873899936676025,0.0,0.0,0.0,0.3809468746185303,0.3809468746185303
sub001-ses04-block4-game2_000::b0193,test/sub001/ses-04/sub001-ses04-block4-game2_000.npy,sub001,2,3,26,0,Short,1.1901694565417695,1.1901694565417695,1.2699311196980518,1.0439795824579847,1.0439795824579847,0.4562722746510611,0.4562722746510611,0.3598687673194109,0.5657624351498037,0.5657624351498037,0.049773335456848145,0.049773335456848145,0.032314181327819824,0.02733027935028076,0.02733027935028076,0.26024413108825684,0.26024413108825684,0.04714083671569824,0.21536099910736084,0.21536099910736084
sub001-ses04-block4-game2_000::b0194,test/sub001/ses-04/sub001-ses04-block4-game2_000.npy,sub001,2,4,26,0,Short,1.2673410865594232,1.1039067798956244,1.1039067798956244,1.0668741324846491,1.040313708174947,0.3890709154497727,0.5179774915998245,0.5179774915998245,0.5323657255898537,0.5686138947455255,1.2012406587600708,0.245263934135437,0.245263934135437,0.10664165019989014,0.0,0.30437469482421875,0.28099310398101807,0.28099310398101807,0.08461952209472656,0.0
sub001-ses04-block4-game2_000::b0195,test/sub001/ses-04/sub001-ses04-block4-game2_000.npy,sub001,2,6,26,0,Short,1.1539447421928977,1.151156665800862,1.0176734105725396,1.0310005305803986,1.135416384189265,0.45292702082372926,0.4544065078037877,0.5585819065776121,0.5801454932411032,0.4701905399995773,0.0,0.037052154541015625,0.0,0.05072462558746338,0.0,0.0,0.0,0.0,0.0,0.0
sub001-ses04-block4-game2_000::b0196,test/sub001/ses-04/sub001-ses04-block4-game2_000.npy,sub001,2,26,26,1,Long,1.0462503255817919,1.0623596609977586,0.8947720490339799,1.007922163788219,0.9206053408289873,0.3928439169166161,0.4579929894356811,0.5892234641321359,0.5302357441693097,0.5927808689344167,0.8843075633049011,0.17181825637817383,0.0,0.039065003395080566,0.1563737988471985,0.0,0.095001220703125,0.0,0.0,0.1278141736984253
sub001-ses04-block4-game2_000::b0197,test/sub001/ses-04/sub001-ses04-block4-game2_000.npy,sub001,2,4,26,0,Short,0.6036299979919432,0.9157930895046972,0.9157930895046972,0.8240807305529546,0.9782658558992565,0.6957073967919737,0.6450613606068551,0.6450613606068551,0.7014561784556602,0.5950573540550657,0.0,1.1528295278549194,1.1528295278549194,0.0,0.31389832496643066,0.0,0.0,0.0,0.0,0.852785587310791
sub001-ses04-block4-game2_000::b0198,test/sub001/ses-04/sub001-ses04-block4-game2_000.npy,sub001,2,7,26,0,Short,1.1491137732455785,1.1942638114860546,0.9937252401417048,1.0508194182676163,1.0487169123138103,0.32505778857032064,0.4245988566639003,0.5494093309922071,0.5449777524828533,0.5052412856183307,0.23900753259658813,0.9165666103363037,0.0,0.0,0.0,0.24625062942504883,0.0,0.0,0.0,0.0
sub001-ses04-block4-game2_000::b0199,test/sub001/ses-04/sub001-ses04-block4-game2_000.npy,sub001,2,44,26,1,Long,0.5174866867809238,1.3626426508766851,1.0517504259980743,0.8117302642158339,0.9881290013952355,0.7853467575147647,0.2590640322421159,0.45386434867815534,0.6333496384137904,0.563518833501242,1.079500675201416,0.0,0.0,0.8237889409065247,0.0,0.0,0.0,0.0,0.11086350679397583,0.0
sub001-ses04-block4-game2_000::b0200,test/sub001/ses-04/sub001-ses04-block4-game2_000.npy,sub001,2,5,26,0,Short,0.9511935082687493,0.8793251866467175,0.9966081501171858,0.7778795418856042,0.9335385025295446,0.3906165684608423,0.6290778882461924,0.5968830582841804,0.7164705247313182,0.6393699854460468,0.0,0.0,0.0,0.0,0.1192324161529541,0.0,0.0,0.0,0.0,0.5653538703918457
sub001-ses04-block4-game2_000::b0201,test/sub001/ses-04/sub001-ses04-block4-game2_000.npy,sub001,2,4,26,0,Short,0.9740266162315183,0.8522660009646816,0.8522660009646816,0.7011010698104421,0.9814143547657512,0.44368690581452297,0.6488313102064619,0.6488313102064619,0.7205841357988546,0.4700737253982242,0.0,0.0,0.0,0.0,0.8831623792648315,0.0,0.0,0.0,0.0,0.0
sub001-ses04-block4-game2_000::b0202,test/sub001/ses-04/sub001-ses04-block4-game2_000.npy,sub001,2,45,26,1,Long,1.2306423561805508,0.7773714857781486,0.791911841607406,0.6990202443457277,0.9014151405846667,0.3756322531158446,0.6679519060507446,0.6614857822232739,0.7557072550939655,0.5614320172733133,0.0,0.0,0.0,0.13547414541244507,0.027230143547058105,0.0,0.0,0.0,0.25919109582901,0.0
sub001-ses04-block4-game2_000::b0203,test/sub001/ses-04/sub001-ses04-block4-game2_000.npy,sub001,2,11,26,0,Short,0.9367976608264326,0.8876676992121275,0.8602538531050642,1.1498070789038928,0.8792148566568346,0.5190751508687713,0.6220591941491307,0.5723600291018247,0.4860482139250979,0.6027115437999181,0.14074307680130005,0.8343961238861084,0.0,0.0652206540107727,0.6537211537361145,0.2000139355659485,0.34164607524871826,0.0,0.0,0.0
sub001-ses04-block4-game2_000::b0204,test/sub001/ses-04/sub001-ses04-block4-game2_000.npy,sub001,2,10,26,0,Short,0.45271235351845035,0.835483738105887,0.6793285007218139,0.7864602120457586,0.7446174337939253,0.8204601359132019,0.597938040858574,0.7329397158665385,0.579306583565362,0.6533280438542517,0.7258581519126892,0.03780132532119751,0.0,0.0,0.83290696144104,0.2475072741508484,0.08129727840423584,0.0,0.0,0.31427204608917236
sub001-ses04-block4-game2_000::b0205,test/sub001/ses-04/sub001-ses04-block4-game2_000.npy,sub001,2,26,26,1,Long,0.8283887684444275,0.7246378842844787,1.0568910815920125,1.1537802333951326,1.060180233204621,0.5048546850145765,0.6940225540209621,0.5214165572652065,0.38162686340397844,0.5181284795132661,0.0,0.13151317834854126,0.7052292823791504,0.0,0.0,0.0,0.3772554397583008,0.21397167444229126,0.0,0.0
sub001-ses04-block4-game2_000::b0206,test/sub001/ses-04/sub001-ses04-block4-game2_000.npy,sub001,2,33,26,1,Long,1.420362263358185,0.9094038031636624,0.5692831008134377,0.8717163804581873,0.9097082778797714,0.27909188694636006,0.6287802794259116,0.8000594924717735,0.5210113262768922,0.5523961275790654,0.0,0.04133564233779907,0.15878963470458984,0.0,0.058201491832733154,0.0,0.0,0.0,0.0,0.0
sub001-ses04-block4-game2_000::b0207,test/sub001/ses-04/sub001-ses04-block4-game2_000.npy,sub001,2,20,26,0,Short,1.507560760878019,0.8993587015302754,0.8226688837499925,0.7047412084035122,0.9377726876585214,0.19163542530479824,0.5321735584698153,0.4706416285150621,0.6057629208891904,0.47551098681065707,0.06149792671203613,0.6412531733512878,0.0,1.0123976469039917,0.0,0.0,0.0,0.0,0.39049607515335083,0.0
sub001-ses04-block4-game2_000::b0208,test/sub001/ses-04/sub001-ses04-block4-game2_000.npy,sub001,2,3,26,0,Short,0.6532212194969954,0.6532212194969954,0.7752742432533636,0.904838253790241,0.904838253790241,0.6435074083978845,0.6435074083978845,0.6332018987994205,0.6584209002441305,0.6584209002441305,0.0,0.0,0.5238096714019775,0.0,0.0,0.0,0.0,0.0,0.0,0.0
sub001-ses04-block4-game2_000::b0209,test/sub001/ses-04/sub001-ses04-block4-game2_000.npy,sub001,2,104,26,1,Long,0.8980398018532707,0.25342722445122273,0.3039572574289351,0.2957380725779965,0.6620173267223165,0.4370273812107936,0.9292308051054279,0.9124224398665427,0.9177271044207155,0.7440501450820627,0.005202945321798325,0.004583090543746948,0.0,0.0,0.04154649376869202,0.01001165434718132,0.002528905402868986,0.0,0.0,0.18918046355247498
sub001-ses04-block4-game2_001::b0001,test/sub001/ses-04/sub001-ses04-block4-game2_001.npy,sub001,2,29,26,1,Long,0.8854490291908251,0.604850389661425,0.7363237982562769,0.5510923716341208,0.7781486925603376,0.26670124646726084,0.7791882614607106,0.7289105709991196,0.7971231881861679,0.705411943524936,0.0,2.598086357116699,2.7690324783325195,0.0,2.746572494506836,0.0,0.12799596786499023,0.06370162963867188,0.0,0.08559179306030273
sub001-ses04-block4-game2_001::b0002,test/sub001/ses-04/sub001-ses04-block4-game2_001.npy,sub001,2,25,26,0,Short,0.8171607474690025,0.3238214538281662,0.674668778276997,0.6696793448563202,0.540781541761938,0.4378085876886003,0.8964350775905175,0.7595948754192566,0.7455905500558692,0.7934722712582072,2.6835789680480957,2.653491735458374,2.750476598739624,0.0,0.0,0.008792877197265625,0.22940301895141602,0.16223978996276855,0.0,0.0
sub001-ses04-block4-game2_001::b0003,test/sub001/ses-04/sub001-ses04-block4-game2_001.npy,sub001,2,15,26,0,Short,0.6767111429495452,0.6576893233082631,0.674341827467306,0.6475998576552917,0.7424475409141205,0.5840766179946879,0.7339067335688766,0.7453595704087554,0.737176115122724,0.656061654551313,3.504120111465454,0.21190857887268066,3.449190855026245,3.4570343494415283,0.3157310485839844,0.0,0.31582093238830566,0.0,0.0,0.3387775421142578
sub001-ses04-block4-game2_001::b0004,test/sub001/ses-04/sub001-ses04-block4-game2_001.npy,sub001,2,15,26,0,Short,0.9361073234893799,0.7096580034334913,0.7608429947441521,0.8558525782964368,0.7892354988726163,0.3950069826264325,0.687924246641745,0.6482811464439545,0.5855596959253374,0.6341200574623246,4.510560989379883,0.8366189002990723,0.0,0.0,0.1493675708770752,0.771730899810791,0.4620499610900879,0.0,0.0,0.267606258392334
sub001-ses04-block4-game2_001::b0005,test/sub001/ses-04/sub001-ses04-block4-game2_001.npy,sub001,2,32,26,1,Long,0.6315643493915107,0.8368614787003716,0.7953529120239603,0.8289733557479877,0.7560697824686969,0.6532469810480133,0.55843671609966,0.574010774738455,0.6037714808932242,0.6423976976776028,0.0,0.6330912113189697,0.0,3.8145084381103516,0.21571707725524902,0.0,0.9587500095367432,0.0,0.5295615196228027,0.320969820022583
sub001-ses04-block4-game2_001::b0006,test/sub001/ses-04/sub001-ses04-block4-game2_001.npy,sub001,2,12,26,0,Short,0.8384809165495288,0.8014384048363329,0.7751215025663556,0.847074396154677,0.790851057268574,0.4983126427194252,0.546975239098395,0.6074109638263094,0.5474086416028623,0.589199360711872,4.141360759735107,0.0,0.5522093772888184,0.0,0.163818359375,0.20491361618041992,0.0,0.0,0.0,0.8766989707946777
sub001-ses04-block4-game2_001::b0007,test/sub001/ses-04/sub001-ses04-block4-game2_001.npy,sub001,2,7,26,0,Short,0.7883996651256155,0.7913858304374507,0.8664499887844631,0.9463318644134624,0.8927606365166363,0.48630878483328377,0.548160801862226,0.5321482454332273,0.4960916945625109,0.4697594795875324,3.5278561115264893,0.0,4.064348220825195,0.0,4.012415885925293,0.0,0.0,0.570772647857666,0.0,0.21820759773254395
sub001-ses04-block4-game2_001::b0008,test/sub001/ses-04/sub001-ses04-block4-game2_001.npy,sub001,2,4,26,0,Short,0.8245954144058764,0.7834405775844202,1.156825140990941,1.156825140990941,0.9300087074222376,0.4421812712776538,0.5661712531421393,0.3874989886887663,0.3874989886887663,0.4877425538838208,0.2810947895050049,0.0,0.3424654006958008,0.3424654006958008,0.0,0.15191245079040527,0.0,0.3307642936706543,0.3307642936706543,0.0
sub001-ses04-block4-game2_001::b0009,test/sub001/ses-04/sub001-ses04-block4-game2_001.npy,sub001,2,5,26,0,Short,0.7732842903121948,0.8708043871888742,0.9435173716227169,0.7914969877185142,0.8284861803490124,0.5176815796188453,0.4651791671316845,0.33236206498646254,0.6102676336007581,0.46553813005242517,0.0,0.0,4.3739519119262695,4.139981269836426,0.2648768424987793,0.0,0.0,0.18208789825439453,0.0,0.45519590377807617
sub001-ses04-block4-game2_001::b0010,test/sub001/ses-04/sub001-ses04-block4-game2_001.npy,sub001,2,5,26,0,Short,0.780472965640959,0.9459523793481095,0.9670754224230967,0.9817757834812059,0.7423131936221727,0.5229618560311468,0.3510737972441872,0.3687442130879507,0.41967035029612254,0.6096012305859808,4.033163070678711,4.386818885803223,4.836253643035889,0.014285564422607422,0.18054819107055664,0.0,0.04604816436767578,0.5737667083740234,0.4706864356994629,0.5595302581787109
sub001-ses04-block4-game2_001::b0011,test/sub001/ses-04/sub001-ses04-block4-game2_001.npy,sub001,2,3,26,0,Short,0.7661778562650148,0.7676737738345634,0.7676737738345634,0.7676737738345634,0.9260323445605706,0.5181974256797431,0.5460456849219933,0.5460456849219933,0.5460456849219933,0.4558470189175067,0.23734188079833984,4.849991321563721,4.849991321563721,4.849991321563721,0.038355350494384766,0.4306182861328125,0.8056106567382812,0.8056106567382812,0.8056106567382812,0.34680795669555664
sub001-ses04-block4-game2_001::b0012,test/sub001/ses-04/sub001-ses04-block4-game2_001.npy,sub001,2,3,26,0,Short,0.8505391853918556,0.8505391853918556,0.9548547878925384,1.1025732570872495,1.1025732570872495,0.4618492227926266,0.4618492227926266,0.40620724683205445,0.36947808698382656,0.36947808698382656,4.774750232696533,4.774750232696533,0.0,4.551106929779053,4.551106929779053,0.22053956985473633,0.22053956985473633,0.0,0.13043498992919922,0.13043498992919922
sub001-ses04-block4-game2_001::b0013,test/sub001/ses-04/sub001-ses04-block4-game2_001.npy,sub001,2,2,26,0,Short,0.8065876198496293,0.8065876198496293,0.8065876198496293,0.9156269545495466,0.9156269545495466,0.5417614573286229,0.5417614573286229,0.5417614573286229,0.405605693498971,0.405605693498971,4.508432388305664,4.508432388305664,4.508432388305664,0.2634415626525879,0.2634415626525879,0.5787572860717773,0.5787572860717773,0.5787572860717773,1.2173194885253906,1.2173194885253906
sub001-ses04-block4-game2_001::b0014,test/sub001/ses-04/sub001-ses04-block4-game2_001.npy,sub001,2,8,26,0,Short,0.8598545154280988,0.8754445132843321,1.023245403515763,0.8566929748419655,0.8435960155562501,0.49873082315850426,0.4591678327101911,0.3960561952498725,0.5502432137940119,0.5639709177090921,4.069931507110596,0.0,0.06290769577026367,0.26956653594970703,4.382265090942383,0.0,0.0,0.26065635681152344,0.05185127258300781,0.745513916015625
sub001-ses04-block4-game2_001::b0015,test/sub001/ses-04/sub001-ses04-block4-game2_001.npy,sub001,2,3,26,0,Short,0.8212461321581973,0.8212461321581973,0.8745927809980903,1.032034705901428,1.032034705901428,0.4927843140414483,0.4927843140414483,0.45186058858719336,0.28906806473992674,0.28906806473992674,4.1046833992004395,4.1046833992004395,0.0,0.0,0.0,0.0,0.0,0.0,0.0,0.0
sub001-ses04-block4-game2_001::b0016,test/sub001/ses-04/sub001-ses04-block4-game2_001.npy,sub001,2,3,26,0,Short,0.763473652626076,0.763473652626076,0.95064117283904,0.8900333919843169,0.8900333919843169,0.5285455962549078,0.5285455962549078,0.32811884828496063,0.41575870172008705,0.41575870172008705,0.0411992073059082,0.0411992073059082,0.0,4.503053188323975,4.503053188323975,0.7224330902099609,0.7224330902099609,0.0,0.1600489616394043,0.1600489616394043
sub001-ses04-block4-game2_001::b0017,test/sub001/ses-04/sub001-ses04-block4-game2_001.npy,sub001,2,4,26,0,Short,0.8068550581452263,1.05249613139844,0.9298913500257411,0.9298913500257411,0.994620902347456,0.4980464747009614,0.3443626532574832,0.3791114690007202,0.3791114690007202,0.18557265238162735,4.11294412612915,0.20020103454589844,0.04141712188720703,0.04141712188720703,4.6513447761535645,0.14713001251220703,0.774630069732666,0.0,0.0,0.37990570068359375
sub001-ses04-block4-game2_001::b0018,test/sub001/ses-04/sub001-ses04-block4-game2_001.npy,sub001,2,6,26,0,Short,0.8295136401755205,1.0948224114874887,0.9666898411935563,0.9903027824131886,0.9627503369518992,0.4696106848407152,0.23209065511407123,0.41635468947231147,0.30372951564322725,0.38283981388990684,0.0,0.0,0.0,0.0,4.685257911682129,0.0,0.0,0.0,0.0,0.8182497024536133
sub001-ses04-block4-game2_001::b0019,test/sub001/ses-04/sub001-ses04-block4-game2_001.npy,sub001,2,6,26,0,Short,0.9859565037339153,1.092926499557748,1.0302622744683123,1.0999632485530926,1.076471563171942,0.5697243408918388,0.24559417031043407,0.359211283266874,0.25367335366647437,0.20695351476692198,0.0,4.7739362716674805,4.636672019958496,0.0,4.811556816101074,0.0,0.2106471061706543,0.060245513916015625,0.0,0.39806604385375977
sub001-ses04-block4-game2_001::b0020,test/sub001/ses-04/sub001-ses04-block4-game2_001.npy,sub001,2,4,26,0,Short,0.8610932940005362,0.9898002286341597,1.3650500849667797,1.3650500849667797,1.187239255475688,0.5039341533148719,0.48008896358765113,0.1854278494214885,0.1854278494214885,0.2986529956993845,0.5299654006958008,0.3745851516723633,0.1210179328918457,0.1210179328918457,3.9031872749328613,0.1655139923095703,0.0,0.020470142364501953,0.020470142364501953,0.0
sub001-ses04-block4-game2_001::b0021,test/sub001/ses-04/sub001-ses04-block4-game2_001.npy,sub001,2,2,26,0,Short,0.7594492009994922,0.7594492009994922,1.04968365377611,1.04968365377611,1.04968365377611,0.5739842201569214,0.5739842201569214,0.30861056074073945,0.30861056074073945,0.30861056074073945,4.193634033203125,4.193634033203125,0.0,0.0,0.0,0.23633813858032227,0.23633813858032227,0.0,0.0,0.0
sub001-ses04-block4-game2_001::b0022,test/sub001/ses-04/sub001-ses04-block4-game2_001.npy,sub001,2,3,26,0,Short,0.7521793634699581,1.2387028865066216,1.2387028865066216,1.2387028865066216,1.1624050925638014,0.5503671667055634,0.2802861181293406,0.2802861181293406,0.2802861181293406,0.17569544994303632,4.7521538734436035,0.0,0.0,0.0,4.876412868499756,0.6542453765869141,0.0,0.0,0.0,0.6846499443054199
sub001-ses04-block4-game2_001::b0023,test/sub001/ses-04/sub001-ses04-block4-game2_001.npy,sub001,2,4,26,0,Short,0.8193332927935174,1.2024418108030568,1.2024418108030568,1.228458021723345,1.3181625271010664,0.5079949599131897,0.3516566526643763,0.3516566526643763,0.16401968686606927,0.2720862858870357,4.7325119972229,0.0,0.0,4.860628128051758,0.0,0.8157863616943359,0.0,0.0,0.8798198699951172,0.0
sub001-ses04-block4-game2_001::b0024,test/sub001/ses-04/sub001-ses04-block4-game2_001.npy,sub001,2,4,26,0,Short,0.8958239355168093,1.2349721777619131,1.2349721777619131,1.2960008249105497,1.220145877845255,0.4454323320643597,0.35818442815677143,0.35818442815677143,0.27216519689076824,0.13827618091375693,4.09288215637207,3.958530902862549,3.958530902862549,0.6443462371826172,4.4452996253967285,0.0,0.20388269424438477,0.20388269424438477,0.4958066940307617,0.6019659042358398
sub001-ses04-block4-game2_001::b0025,test/sub001/ses-04/sub001-ses04-block4-game2_001.npy,sub001,2,4,26,0,Short,0.8378065166383212,0.9999056187251427,0.9999056187251427,1.2154235599571988,0.9070459900155411,0.4917223209803119,0.2657942490485993,0.2657942490485993,0.2895932969022438,0.4309996855761199,0.02994680404663086,0.0,0.0,3.6064162254333496,0.008405685424804688,0.30048608779907227,0.0,0.0,0.0,0.0
sub001-ses04-block4-game2_001::b0026,test/sub001/ses-04/sub001-ses04-block4-game2_001.npy,sub001,2,3,26,0,Short,0.8926084407982288,0.8926084407982288,1.0421964400341872,1.1130141430154095,1.1130141430154095,0.4980033198887034,0.4980033198887034,0.3233672365158628,0.1693580133996454,0.1693580133996454,0.10540509223937988,0.10540509223937988,4.293984413146973,4.335397720336914,4.335397720336914,0.0,0.0,0.45851945877075195,0.3419303894042969,0.3419303894042969
sub001-ses04-block4-game2_001::b0027,test/sub001/ses-04/sub001-ses04-block4-game2_001.npy,sub001,2,3,26,0,Short,0.8339523071601485,0.8339523071601485,1.2099335384861483,1.041867182572581,1.041867182572581,0.5217942781908319,0.5217942781908319,0.21420210837809145,0.24822166139099983,0.24822166139099983,3.526717185974121,3.526717185974121,3.428358793258667,0.0,0.0,0.0,0.0,0.0,0.0,0.0
sub001-ses04-block4-game2_001::b0028,test/sub001/ses-04/sub001-ses04-block4-game2_001.npy,sub001,2,4,26,0,Short,0.8875189696683062,1.0974971560699367,1.2751267831158792,1.2751267831158792,1.0914318456363616,0.5363297322595939,0.123567405955886,0.2210870721471852,0.2210870721471852,0.05047008864838437,3.611896514892578,0.0,3.983393907546997,3.983393907546997,4.496377944946289,0.0,0.0,0.0,0.0,0.7393136024475098
sub001-ses04-block4-game2_001::b0029,test/sub001/ses-04/sub001-ses04-block4-game2_001.npy,sub001,2,4,26,0,Short,0.8426374233615873,1.2400561928763756,1.347011876074436,1.347011876074436,1.093995497134388,0.5260058340973159,0.12231027319457388,0.051501816192301986,0.051501816192301986,0.12858877038709055,0.38260650634765625,4.468789100646973,0.5736312866210938,0.5736312866210938,4.560726165771484,0.0,0.6757297515869141,0.10027694702148438,0.10027694702148438,0.6991004943847656
sub001-ses04-block4-game2_001::b0030,test/sub001/ses-04/sub001-ses04-block4-game2_001.npy,sub001,2,3,26,0,Short,0.7913308634118631,1.1223272757509246,1.1223272757509246,1.1223272757509246,1.032313980361089,0.5408660445625969,0.41311520510990885,0.41311520510990885,0.41311520510990885,0.21405415236428016,0.01743793487548828,0.13721561431884766,0.13721561431884766,0.13721561431884766,0.15833520889282227,0.0,0.0,0.0,0.0,0.1573793888092041
sub001-ses04-block4-game2_001::b0031,test/sub001/ses-04/sub001-ses04-block4-game2_001.npy,sub001,2,3,26,0,Short,0.8132352248971608,0.9702248483698124,0.9702248483698124,0.9702248483698124,1.0198294643714665,0.5465605241392902,0.3619645200188576,0.3619645200188576,0.3619645200188576,0.20827405126510806,0.04120016098022461,0.135056734085083,0.135056734085083,0.135056734085083,0.014081478118896484,0.28334903717041016,0.0,0.0,0.0,0.36284971237182617
sub001-ses04-block4-game2_001::b0032,test/sub001/ses-04/sub001-ses04-block4-game2_001.npy,sub001,2,3,26,0,Short,0.7864941629072335,0.7864941629072335,0.9691591618512428,0.9016569532170396,0.9016569532170396,0.49448228905666936,0.49448228905666936,0.28718394201622566,0.44003085517983315,0.44003085517983315,0.0,0.0,0.006271839141845703,0.0,0.0,0.0,0.0,0.6252157688140869,0.0,0.0
sub001-ses04-block4-game2_001::b0033,test/sub001/ses-04/sub001-ses04-block4-game2_001.npy,sub001,2,47,26,1,Long,0.8544142263728849,0.8463074472420252,0.9081729574671349,0.8532990595928082,0.7965318241592056,0.5326375459639907,0.5446038375431695,0.48562108178347496,0.5496473158135959,0.6200263533180186,3.7054147720336914,0.0,0.11196136474609375,0.0,3.1862707138061523,0.2568628787994385,0.0,0.37412309646606445,0.0,0.0
sub001-ses04-block4-game2_001::b0034,test/sub001/ses-04/sub001-ses04-block4-game2_001.npy,sub001,2,6,26,0,Short,0.4261747079727099,0.8326528010704057,0.8212395417455826,0.7737255602744391,0.7940699896223935,0.8256589563307573,0.6174257452560085,0.5707904729713578,0.6128600848819747,0.6736289544222651,4.0903239250183105,0.3587346076965332,0.33740997314453125,0.0,0.35861706733703613,0.0,0.10747575759887695,0.0,0.0,0.0
sub001-ses04-block4-game2_001::b0035,test/sub001/ses-04/sub001-ses04-block4-game2_001.npy,sub001,2,10,26,0,Short,0.8053373039093139,0.8848605727116599,0.9645382875955708,1.0698955838645046,1.0168106672154535,0.5149540920387791,0.5778262532965734,0.4776079598938354,0.3405570976729751,0.4792462257418023,0.0027952194213867188,3.8706839084625244,0.0,0.0,0.0,0.0,0.0,0.0,0.0,0.0
sub001-ses04-block4-game2_001::b0036,test/sub001/ses-04/sub001-ses04-block4-game2_001.npy,sub001,2,12,26,0,Short,1.253597774702639,1.0932584898873137,1.2121361474421022,1.153634450231837,1.134691867382033,0.15785441283932272,0.44833562182795705,0.2605625049240969,0.4131150239607032,0.13902904210488137,5.2490081787109375,5.109021186828613,0.0,0.0,4.905402183532715,0.6807422637939453,0.7375569343566895,0.0,0.0,1.0088069438934326
sub001-ses04-block4-game2_001::b0037,test/sub001/ses-04/sub001-ses04-block4-game2_001.npy,sub001,2,16,26,0,Short,0.559315072314424,0.9696573349214757,0.9074893859951432,0.7637847931870669,0.9014227885570733,0.7115860581780783,0.45206547936705643,0.427241055818229,0.6642664085873649,0.5210168308457386,0.0,4.505709648132324,0.0,0.0,0.26451969146728516,0.0,0.16114473342895508,0.0,0.0,0.36547183990478516
sub001-ses04-block4-game2_001::b0038,test/sub001/ses-04/sub001-ses04-block4-game2_001.npy,sub001,2,21,26,0,Short,0.8160694139092367,0.972162082290605,0.9626870089991184,0.9712088514835661,0.9479047157370026,0.4848340638391524,0.39224724452832604,0.3727793106847491,0.4241264560220964,0.3655473690135573,4.257363319396973,0.0966958999633789,4.789583683013916,0.0,0.0,0.0,0.46017026901245117,0.0,0.0,0.0
sub001-ses04-block4-game2_001::b0039,test/sub001/ses-04/sub001-ses04-block4-game2_001.npy,sub001,2,58,26,1,Long,0.7594887108475609,0.9448885795971321,1.0671713201610868,1.072366431862451,1.1316614804128646,0.5486135674475228,0.31580230493862677,0.023638231547246646,0.22686461083563209,0.07857819598705285,0.08566427230834961,3.5492210388183594,0.14003872871398926,0.13530302047729492,0.15938758850097656,0.3932785987854004,0.0,0.03420448303222656,0.05378866195678711,0.5751326084136963
sub001-ses04-block4-game2_001::b0040,test/sub001/ses-04/sub001-ses04-block4-game2_001.npy,sub001,2,4,26,0,Short,0.9749616099098072,1.055314188132068,0.9467518433776285,0.9467518433776285,1.018606935856781,0.4015423273695904,0.005845552937270626,0.2936923299116062,0.2936923299116062,0.013803094861660425,0.0,0.0,4.011257171630859,4.011257171630859,4.227758407592773,0.0,0.0,0.44101810455322266,0.44101810455322266,0.5888271331787109
sub001-ses04-block4-game2_001::b0041,test/sub001/ses-04/sub001-ses04-block4-game2_001.npy,sub001,2,8,26,0,Short,0.7537899259283071,0.9957146774903197,1.050256638427751,0.9843158116641402,0.8760461940647901,0.5926786278179867,0.13834037019358325,0.05694287826447564,0.11253265326308315,0.44135309669969686,0.36696720123291016,4.332004070281982,0.0,0.0,0.2282543182373047,0.616328239440918,0.417788028717041,0.0,0.0,0.8063440322875977
sub001-ses04-block4-game2_001::b0042,test/sub001/ses-04/sub001-ses04-block4-game2_001.npy,sub001,2,5,26,0,Short,0.7747463980217864,0.9070305804534945,1.0081363521856648,1.0634429797268792,1.1366652378262307,0.5955005150003264,0.34947611901749875,0.06817024703477992,0.26289246158479007,0.1557157366548662,0.18315935134887695,0.0,0.0,0.0,4.307365417480469,0.4221005439758301,0.0,0.0,0.0,0.49896764755249023
sub001-ses04-block4-game2_001::b0043,test/sub001/ses-04/sub001-ses04-block4-game2_001.npy,sub001,2,4,26,0,Short,0.7432821136994225,0.9497543195718819,1.0145206919932437,1.0145206919932437,1.0653886844528844,0.5974082547990415,0.21272343659608162,0.045585621887258454,0.045585621887258454,0.16537959128329205,4.330628395080566,4.46504020690918,0.16951990127563477,0.16951990127563477,4.928481578826904,0.4080691337585449,0.7525882720947266,0.8520035743713379,0.8520035743713379,0.7765436172485352
sub001-ses04-block4-game2_001::b0044,test/sub001/ses-04/sub001-ses04-block4-game2_001.npy,sub001,2,3,26,0,Short,0.7322633479255992,0.8897251615791597,0.8897251615791597,0.8897251615791597,0.9362830203727611,0.603064894570811,0.31616845884892264,0.31616845884892264,0.31616845884892264,0.44745784685581685,0.0,0.0,0.0,0.0,3.6748502254486084,0.0,0.0,0.0,0.0,0.0
sub001-ses04-block4-game2_001::b0045,test/sub001/ses-04/sub001-ses04-block4-game2_001.npy,sub001,2,6,26,0,Short,0.8641914167350493,1.0583178596267995,1.0444675578004148,0.9977766513504424,1.135203196409196,0.5025232460218785,0.36932108598588814,0.11380702580075402,0.4091280270581086,0.309033551722668,4.119094371795654,0.0,0.0,0.0,3.6409213542938232,0.9697721004486084,0.0,0.0,0.0,0.5845954418182373
sub001-ses04-block4-game2_001::b0046,test/sub001/ses-04/sub001-ses04-block4-game2_001.npy,sub001,2,4,26,0,Short,0.9588765995128276,1.085150340466003,1.1055958737892533,1.1055958737892533,1.1099825029679895,0.3501753856450776,0.27258643225133317,0.2668003549414135,0.2668003549414135,0.30922439294662285,0.0,3.5473790168762207,0.0,0.0,0.0,0.0,0.08874845504760742,0.0,0.0,0.0
sub001-ses04-block4-game2_001::b0047,test/sub001/ses-04/sub001-ses04-block4-game2_001.npy,sub001,2,13,26,0,Short,0.9859312877248974,1.105834404258338,1.0791137622989508,1.060841874642437,0.9987863873099766,0.3979209872816872,0.2828598996836171,0.29266919830213634,0.2700481374739962,0.3719105720985026,0.31656646728515625,0.3379356861114502,3.602238893508911,0.058608293533325195,0.0,0.15129971504211426,0.25641298294067383,0.17594480514526367,0.45176005363464355,0.0
sub001-ses04-block4-game2_001::b0048,test/sub001/ses-04/sub001-ses04-block4-game2_001.npy,sub001,2,5,26,0,Short,0.9241151004517618,1.0192074708658825,1.0618422182271514,1.0993960548010904,0.9446732781638347,0.40036623387134795,0.3533118022460843,0.25376654587695985,0.2370354924956935,0.3583755163959597,0.0,3.2969131469726562,3.4445266723632812,0.36185336112976074,3.2554214000701904,0.0,0.0,0.08990311622619629,0.20006895065307617,0.0
sub001-ses04-block4-game2_001::b0049,test/sub001/ses-04/sub001-ses04-block4-game2_001.npy,sub001,2,26,26,1,Long,0.28551816631412397,0.8174950531487875,0.8933277322053413,0.9515137973396542,0.9338359763427763,0.9017607607980964,0.5782618654761358,0.5829547725002763,0.5019129065421406,0.5335504077775381,3.588331699371338,0.0,0.0,0.0,3.563873529434204,0.0,0.0,0.0,0.0,0.0
sub001-ses04-block4-game2_001::b0050,test/sub001/ses-04/sub001-ses04-block4-game2_001.npy,sub001,2,6,26,0,Short,0.6085654039994924,1.0283814263088629,1.107915150614415,1.010645739155454,1.0179340294454677,0.733921903159937,0.2906661587506585,0.23189291571204118,0.15522878775563959,0.2733814997174903,0.0,0.0,4.186198711395264,4.064109802246094,0.1190187931060791,0.0,0.0,0.6691727638244629,0.4790806770324707,0.0
sub001-ses04-block4-game2_001::b0051,test/sub001/ses-04/sub001-ses04-block4-game2_001.npy,sub001,2,16,26,0,Short,0.42290281312312583,0.8712134391940038,1.116528660379142,0.8700380161591464,0.8880344456501436,0.8456703952034756,0.6104383319676847,0.43565988900367825,0.6263539411053282,0.5988505757967886,4.023425102233887,3.8853156566619873,4.568175315856934,3.9155731201171875,3.8472371101379395,0.33845996856689453,0.12114787101745605,1.0952420234680176,0.0,0.07733488082885742
sub001-ses04-block4-game2_001::b0052,test/sub001/ses-04/sub001-ses04-block4-game2_001.npy,sub001,2,12,26,0,Short,0.3546232042778567,0.861408943373574,1.0326372513850048,0.9523016899382517,0.8645218222152351,0.8800858777074204,0.6009732183452547,0.4974162325289555,0.5434917220767885,0.5958352950018716,4.0852155685424805,0.2284409999847412,0.0,0.0,0.15717506408691406,0.22977685928344727,0.16973257064819336,0.0,0.0,0.12971735000610352
sub001-ses04-block4-game2_001::b0054,test/sub001/ses-04/sub001-ses04-block4-game2_001.npy,sub001,2,4,26,0,Short,0.9053911155695852,0.8853156365912974,0.840075638179031,0.840075638179031,0.9465455483384235,0.5247005622501805,0.17699505435144325,0.3278777717330702,0.3278777717330702,0.1928113372190035,5.1361188888549805,0.18593454360961914,0.4616856575012207,0.4616856575012207,0.0,0.5876469612121582,0.1992487907409668,0.13153886795043945,0.13153886795043945,0.0
sub001-ses04-block4-game2_001::b0055,test/sub001/ses-04/sub001-ses04-block4-game2_001.npy,sub001,2,4,26,0,Short,0.9585739194203503,0.8043353809272425,1.0143278207603237,1.0143278207603237,0.8851655985836395,0.5028746815944953,0.3280130490051288,0.17315667692575148,0.17315667692575148,0.24918997455313685,0.20026254653930664,0.0,4.216920852661133,4.216920852661133,0.0,0.13872051239013672,0.0,0.0,0.0,0.0
sub001-ses04-block4-game2_001::b0056,test/sub001/ses-04/sub001-ses04-block4-game2_001.npy,sub001,2,6,26,0,Short,0.8091536878618745,0.9806038129298442,1.0784675967202046,1.107947379964889,0.913874062345471,0.5786707153279852,0.14344779102841249,0.22688529435039761,0.21989544506076314,0.18111186713982996,0.1492753028869629,0.12671947479248047,0.0,4.370879173278809,0.0,0.37566280364990234,0.0,0.0,0.0,0.0
sub001-ses04-block4-game2_001::b0057,test/sub001/ses-04/sub001-ses04-block4-game2_001.npy,sub001,2,5,26,0,Short,0.7599196674354688,1.006517356777463,0.9358479453815955,1.0149661664692915,0.9967492014474129,0.5313578353628953,0.08680435996060054,0.31293030235156305,0.28766206796040467,0.24767044607250444,4.4757890701293945,0.2656545639038086,4.5566840171813965,0.3025388717651367,4.88545036315918,0.0,0.1551065444946289,0.25235843658447266,0.5216526985168457,0.48726606369018555
sub001-ses04-block4-game2_001::b0058,test/sub001/ses-04/sub001-ses04-block4-game2_001.npy,sub001,2,3,26,0,Short,0.8554500582882804,1.0652024273443756,1.0652024273443756,1.0652024273443756,1.0740513949605657,0.5165084145693659,0.08764975368594147,0.08764975368594147,0.08764975368594147,0.13248762207489884,4.880973815917969,0.4444708824157715,0.4444708824157715,0.4444708824157715,0.029203414916992188,0.4305758476257324,0.28290843963623047,0.28290843963623047,0.28290843963623047,0.3899497985839844
sub001-ses04-block4-game2_001::b0059,test/sub001/ses-04/sub001-ses04-block4-game2_001.npy,sub001,2,5,26,0,Short,0.8330821881316508,0.9878111497791409,0.9815497862684952,1.0695912769713551,0.97243592421373,0.5445551996531328,0.2198053170799334,0.21927279637096514,0.15843905750740261,0.16484873281375034,4.604048728942871,4.801027297973633,0.0,0.07543134689331055,4.754868030548096,0.4720907211303711,0.15642452239990234,0.0,0.5033416748046875,0.1829357147216797
sub001-ses04-block4-game2_001::b0060,test/sub001/ses-04/sub001-ses04-block4-game2_001.npy,sub001,2,4,26,0,Short,1.047069485812918,1.0600786457867626,1.2849109430641723,1.2849109430641723,1.0346758114109516,0.03699746271153648,0.2893354167456278,0.19171275086505818,0.19171275086505818,0.17469789098478594,0.05169057846069336,0.0,4.822356700897217,4.822356700897217,0.2598996162414551,0.520082950592041,0.0,0.10939216613769531,0.10939216613769531,0.3060879707336426
sub001-ses04-block4-game2_001::b0061,test/sub001/ses-04/sub001-ses04-block4-game2_001.npy,sub001,2,3,26,0,Short,0.8054054994969464,1.0348596411179425,1.0348596411179425,1.0348596411179425,1.0250761262916035,0.5404934103072039,0.1933294849956726,0.1933294849956726,0.1933294849956726,0.0021231847070402043,0.0,0.0,0.0,0.0,5.086717128753662,0.0,0.0,0.0,0.0,0.18770599365234375
sub001-ses04-block4-game2_001::b0062,test/sub001/ses-04/sub001-ses04-block4-game2_001.npy,sub001,2,9,26,0,Short,0.732522419746559,1.0877227314090343,1.0522226185157877,0.9954834629708512,0.9776178982436269,0.6014255029133192,0.07814968697097546,0.05104140347003877,0.4043584022875341,0.4671275419878171,3.6027114391326904,1.455327033996582,4.440959930419922,0.0,0.0,0.0,0.4735579490661621,0.5174808502197266,0.0,0.0
sub001-ses04-block4-game2_001::b0063,test/sub001/ses-04/sub001-ses04-block4-game2_001.npy,sub001,2,4,26,0,Short,0.7977394168706171,1.1169636460045593,1.1169636460045593,1.0661264250393232,0.9740439564865931,0.5488935196672977,0.016174498970312867,0.016174498970312867,0.03942857017920104,0.19785948325429542,0.0,3.748596668243408,3.748596668243408,1.3122632503509521,0.0,0.0,0.0,0.0,0.0,0.0
sub001-ses04-block4-game2_001::b0064,test/sub001/ses-04/sub001-ses04-block4-game2_001.npy,sub001,2,3,26,0,Short,0.7164384180918438,0.7164384180918438,1.1394220198933818,0.9938393810816076,0.9938393810816076,0.6362719318619533,0.6362719318619533,0.0320273768332443,0.07231093969334285,0.07231093969334285,0.0,0.0,4.350583076477051,0.0,0.0,0.0,0.0,0.009294986724853516,0.0,0.0
sub001-ses04-block4-game2_001::b0065,test/sub001/ses-04/sub001-ses04-block4-game2_001.npy,sub001,2,3,26,0,Short,0.7815195861384767,1.0483889083333988,1.0483889083333988,1.0483889083333988,1.0422927719727952,0.5602112122610478,0.10284704997757332,0.10284704997757332,0.10284704997757332,0.010657611454499283,0.4273262023925781,4.2424397468566895,4.2424397468566895,4.2424397468566895,4.315446853637695,1.0431358814239502,0.7701554298400879,0.7701554298400879,0.7701554298400879,0.8751726150512695
sub001-ses04-block4-game2_001::b0066,test/sub001/ses-04/sub001-ses04-block4-game2_001.npy,sub001,2,3,26,0,Short,0.7797145453008951,1.1353911470252704,1.1353911470252704,1.1353911470252704,1.076081870252556,0.5717221517015977,0.043836087264151835,0.043836087264151835,0.043836087264151835,0.07618221789035395,4.111677169799805,4.230865955352783,4.230865955352783,4.230865955352783,0.0,0.3429994583129883,0.44991397857666016,0.44991397857666016,0.44991397857666016,0.0
sub001-ses04-block4-game2_001::b0067,test/sub001/ses-04/sub001-ses04-block4-game2_001.npy,sub001,2,3,26,0,Short,0.8158241159942385,1.0397871644739296,1.0397871644739296,1.0397871644739296,1.30388181032063,0.5300561304118978,0.21729777636735192,0.21729777636735192,0.21729777636735192,0.062243985054782125,4.041565418243408,4.093146324157715,4.093146324157715,4.093146324157715,0.0,0.8747358322143555,0.7083966732025146,0.7083966732025146,0.7083966732025146,0.0
sub001-ses04-block4-game2_001::b0068,test/sub001/ses-04/sub001-ses04-block4-game2_001.npy,sub001,2,4,26,0,Short,0.8030645388765782,1.0733966191572777,1.072346031346895,1.072346031346895,1.3033224840613409,0.5372354423439385,0.15383605843898263,0.2286694550149036,0.2286694550149036,0.28628223993232677,0.0,0.0,0.0,0.0,0.0,0.0,0.0,0.0,0.0,0.0
sub001-ses04-block4-game2_001::b0069,test/sub001/ses-04/sub001-ses04-block4-game2_001.npy,sub001,2,2,26,0,Short,0.8950805775453671,0.8950805775453671,0.8950805775453671,1.1139318492641295,1.1139318492641295,0.5186535718246835,0.5186535718246835,0.5186535718246835,0.17901670298310268,0.17901670298310268,0.34233903884887695,0.34233903884887695,0.34233903884887695,0.09070301055908203,0.09070301055908203,0.12106895446777344,0.12106895446777344,0.12106895446777344,0.19028234481811523,0.19028234481811523
sub001-ses04-block4-game2_001::b0070,test/sub001/ses-04/sub001-ses04-block4-game2_001.npy,sub001,2,4,26,0,Short,0.9128120999035289,1.0781758929614311,1.2052581858558193,1.2052581858558193,1.1501285991634516,0.6036268119404202,0.39828345810988197,0.2819231709860947,0.2819231709860947,0.2876916137593649,0.670966625213623,0.6159369945526123,3.0852646827697754,3.0852646827697754,4.052768230438232,0.2715301513671875,0.3706851005554199,0.0,0.0,0.6172595024108887
sub001-ses04-block4-game2_001::b0071,test/sub001/ses-04/sub001-ses04-block4-game2_001.npy,sub001,2,5,26,0,Short,0.9278905133599846,1.0840867833200756,1.16089085818866,1.1283203167907718,1.1829975167005982,0.49434662510806104,0.44419061623186407,0.28712230939216404,0.3362392107202916,0.2964026606631703,0.0,0.0,3.6766486167907715,3.5691165924072266,0.0,0.0,0.0,0.048816680908203125,0.0,0.0
sub001-ses04-block4-game2_001::b0072,test/sub001/ses-04/sub001-ses04-block4-game2_001.npy,sub001,2,2,26,0,Short,1.000931321393426,1.000931321393426,1.000931321393426,1.2743800216240653,1.2743800216240653,0.40124205530015133,0.40124205530015133,0.40124205530015133,0.2362227933879641,0.2362227933879641,3.1322619915008545,3.1322619915008545,3.1322619915008545,0.0,0.0,0.0,0.0,0.0,0.0,0.0
sub001-ses04-block4-game2_001::b0073,test/sub001/ses-04/sub001-ses04-block4-game2_001.npy,sub001,2,4,26,0,Short,0.5734260746588796,1.017949675297441,1.1371519724706152,1.1371519724706152,1.1245320778175762,0.7572390259392597,0.30221889695915727,0.43077026824968967,0.43077026824968967,0.07935042183917662,0.0,0.0,4.202224254608154,4.202224254608154,0.0,0.0,0.0,0.5242338180541992,0.5242338180541992,0.0
sub001-ses04-block4-game2_001::b0074,test/sub001/ses-04/sub001-ses04-block4-game2_001.npy,sub001,2,8,26,0,Short,1.0368566395050025,1.0344713787540407,1.3004271646376384,1.1696743482428518,1.1350524152979293,0.38615620578404874,0.41613873486892217,0.16273533026004644,0.1856228888185822,0.2679229740281748,3.993351459503174,0.8549699783325195,0.04783296585083008,4.561459064483643,0.07078361511230469,0.0,0.2968611717224121,0.5047502517700195,0.32166290283203125,0.7263431549072266
sub001-ses04-block4-game2_001::b0075,test/sub001/ses-04/sub001-ses04-block4-game2_001.npy,sub001,2,5,26,0,Short,0.9009189870935306,1.2432862065435464,0.9311629614755522,1.0269616495867844,0.9535792876102982,0.4788341759007384,0.1930785456062699,0.43658081358246803,0.3941246184185063,0.44668242887994514,4.72055196762085,1.2670855522155762,0.0,4.027776718139648,4.030731201171875,0.42967987060546875,0.512758731842041,0.0,0.0,0.0861501693725586
sub001-ses04-block4-game2_001::b0076,test/sub001/ses-04/sub001-ses04-block4-game2_001.npy,sub001,2,4,26,0,Short,0.9156257146207751,0.9723933331225463,0.9723933331225463,0.8894802408514478,0.9034905805144495,0.4551114001371528,0.4699334431702501,0.4699334431702501,0.5246942072915594,0.44221190568534213,0.0,0.1346132755279541,0.1346132755279541,3.4698269367218018,0.07599902153015137,0.0,0.22504401206970215,0.22504401206970215,0.0,0.19764375686645508
sub001-ses04-block4-game2_001::b0077,test/sub001/ses-04/sub001-ses04-block4-game2_001.npy,sub001,2,3,26,0,Short,0.9270762115514892,1.0173629475826425,1.0173629475826425,1.0173629475826425,0.9944634850880916,0.4450307572985529,0.4119862961014762,0.4119862961014762,0.4119862961014762,0.37992694446455055,3.86110782623291,3.584423780441284,3.584423780441284,3.584423780441284,0.3139536380767822,0.38087987899780273,0.23974084854125977,0.23974084854125977,0.23974084854125977,0.5342450141906738
sub001-ses04-block4-game2_001::b0078,test/sub001/ses-04/sub001-ses04-block4-game2_001.npy,sub001,2,2,26,0,Short,1.0569609839936382,1.0569609839936382,1.0569609839936382,1.0123933019533768,1.0123933019533768,0.34978289658758555,0.34978289658758555,0.34978289658758555,0.39103922603137614,0.39103922603137614,0.0,0.0,0.0,0.0,0.0,0.0,0.0,0.0,0.0,0.0
sub001-ses04-block4-game2_001::b0079,test/sub001/ses-04/sub001-ses04-block4-game2_001.npy,sub001,2,20,26,0,Short,0.699526948559701,0.9701480139189012,1.0709844979957315,0.945102436578795,1.0013828393348243,0.6533876263684699,0.4036635082060551,0.43182943218073355,0.45475577465267736,0.4527569862512483,0.05389881134033203,0.0,3.9380829334259033,0.0,0.0,0.3779640197753906,0.0,0.48722171783447266,0.0,0.0
sub001-ses04-block4-game2_001::b0080,test/sub001/ses-04/sub001-ses04-block4-game2_001.npy,sub001,2,3,26,0,Short,0.9062712853646895,0.9522216723103338,0.9522216723103338,0.9522216723103338,0.957144619749013,0.4473675553376898,0.453103334742787,0.453103334742787,0.453103334742787,0.43847672638111246,4.001673698425293,3.786593437194824,3.786593437194824,3.786593437194824,0.16051483154296875,0.1894078254699707,0.09788227081298828,0.09788227081298828,0.09788227081298828,0.0
sub001-ses04-block4-game2_001::b0081,test/sub001/ses-04/sub001-ses04-block4-game2_001.npy,sub001,2,3,26,0,Short,0.861256856349959,1.0129111838325442,1.0129111838325442,1.0129111838325442,0.9483129490728396,0.5567826661079263,0.42659515247043434,0.42659515247043434,0.42659515247043434,0.4218237093609649,3.817363977432251,3.483506441116333,3.483506441116333,3.483506441116333,0.0,0.3907146453857422,0.0,0.0,0.0,0.0
sub001-ses04-block4-game2_001::b0082,test/sub001/ses-04/sub001-ses04-block4-game2_001.npy,sub001,2,4,26,0,Short,1.086025401806335,1.1363629889644355,1.1363629889644355,1.1099068265542718,1.0486107405625333,0.34675497759151463,0.2597562347842438,0.2597562347842438,0.3333467946876648,0.39356579982577766,3.2728309631347656,0.0,0.0,0.0,0.39647841453552246,0.4625542163848877,0.0,0.0,0.0,0.0
sub001-ses04-block4-game2_001::b0083,test/sub001/ses-04/sub001-ses04-block4-game2_001.npy,sub001,2,3,26,0,Short,0.8624121522803985,0.9759903178399131,0.9759903178399131,0.9759903178399131,0.9639566517103137,0.5090502328663622,0.49632084490806383,0.49632084490806383,0.49632084490806383,0.3751532823512094,3.618924856185913,3.260972023010254,3.260972023010254,3.260972023010254,0.07066869735717773,0.45014524459838867,0.0,0.0,0.0,0.6320223808288574
sub001-ses04-block4-game2_001::b0084,test/sub001/ses-04/sub001-ses04-block4-game2_001.npy,sub001,2,2,26,0,Short,0.9047974984517472,0.9047974984517472,0.9047974984517472,0.9909587570186609,0.9909587570186609,0.47913793733086135,0.47913793733086135,0.47913793733086135,0.38223975458117276,0.38223975458117276,2.7416961193084717,2.7416961193084717,2.7416961193084717,2.956082582473755,2.956082582473755,0.0,0.0,0.0,0.0,0.0
sub001-ses04-block4-game2_001::b0085,test/sub001/ses-04/sub001-ses04-block4-game2_001.npy,sub001,2,4,26,0,Short,0.9501923376899671,1.3755580156625997,1.0153928632280373,1.0153928632280373,0.9870798157878962,0.3881848928347589,0.06180153065010546,0.49540035425493634,0.49540035425493634,0.47467234399146613,3.2397305965423584,0.04230308532714844,0.1021871566772461,0.1021871566772461,0.04087185859680176,0.2562859058380127,0.5030300617218018,0.0,0.0,0.07599902153015137
sub001-ses04-block4-game2_001::b0086,test/sub001/ses-04/sub001-ses04-block4-game2_001.npy,sub001,2,2,26,0,Short,1.0908223966308395,1.0908223966308395,1.0908223966308395,1.1123133496063213,1.1123133496063213,0.3792958017225421,0.3792958017225421,0.3792958017225421,0.2819623320214745,0.2819623320214745,0.37120914459228516,0.37120914459228516,0.37120914459228516,0.10700845718383789,0.10700845718383789,0.48117733001708984,0.48117733001708984,0.48117733001708984,0.4188394546508789,0.4188394546508789
sub001-ses04-block4-game2_001::b0087,test/sub001/ses-04/sub001-ses04-block4-game2_001.npy,sub001,2,34,26,1,Long,0.9761604593816414,1.1048578386807417,1.1213163614216448,1.0180420152452307,1.252914559215883,0.451847948052724,0.3265472049528164,0.09176981584518024,0.43257053719874894,0.33587839937795944,0.0,0.0,0.0,0.0,0.0,0.0,0.0,0.0,0.0,0.0
sub001-ses04-block4-game2_001::b0088,test/sub001/ses-04/sub001-ses04-block4-game2_001.npy,sub001,2,3,26,0,Short,0.9810442709121214,0.997461077791351,0.997461077791351,0.997461077791351,1.0959139341172455,0.4445746721563984,0.4821894400793716,0.4821894400793716,0.4821894400793716,0.3710393548612192,2.5521469116210938,0.0,0.0,0.0,2.6645383834838867,0.0,0.0,0.0,0.0,0.0
sub001-ses04-block4-game2_001::b0089,test/sub001/ses-04/sub001-ses04-block4-game2_001.npy,sub001,2,4,26,0,Short,1.093375681773934,1.3674179851883816,1.0933629114736871,1.0933629114736871,1.0874568128242226,0.4560025373901878,0.049411838146708464,0.5027714187050364,0.5027714187050364,0.47368609444095455,2.4219136238098145,2.325124740600586,0.09912252426147461,0.09912252426147461,0.06496381759643555,0.23394203186035156,0.038700103759765625,0.028759002685546875,0.028759002685546875,0.0
sub001-ses04-block4-game2_001::b0090,test/sub001/ses-04/sub001-ses04-block4-game2_001.npy,sub001,2,6,26,0,Short,1.1425921571499529,1.2071478166254797,1.1275324220605814,1.2168801638477427,1.0478514159389078,0.44490992413952035,0.3723045333121796,0.4239396925404306,0.33919176874930407,0.49297263026365096,2.1391384601593018,0.012329578399658203,2.348039388656616,0.29015040397644043,0.03737187385559082,0.0,0.0,0.11638450622558594,0.1491992473602295,0.0
sub001-ses04-block4-game2_001::b0091,test/sub001/ses-04/sub001-ses04-block4-game2_001.npy,sub001,2,7,26,0,Short,1.097160949979346,1.1284275559773858,1.1581349602735902,1.160547546371216,1.2330956862265985,0.4317218907673662,0.4426858844395263,0.42904783173337074,0.40623045513863787,0.3840828048633069,0.2697716951370239,0.0,0.08514571189880371,0.3564279079437256,0.0,0.07081413269042969,0.0,0.007582664489746094,0.13758635520935059,0.0
sub001-ses04-block4-game2_001::b0092,test/sub001/ses-04/sub001-ses04-block4-game2_001.npy,sub001,2,10,26,0,Short,1.083802688939039,1.169291269010242,1.1628456975145558,1.0967209510770994,1.0005968280137387,0.4293512686505584,0.346215563688834,0.34500320914875054,0.4438067920836255,0.4838801842957424,0.2818160057067871,2.4582152366638184,2.4933433532714844,0.0,2.150237798690796,0.2642655372619629,0.2239687442779541,0.22487902641296387,0.0,0.0
sub001-ses04-block4-game2_001::b0093,test/sub001/ses-04/sub001-ses04-block4-game2_001.npy,sub001,2,16,26,0,Short,0.5716903410986127,0.7852709644028384,0.9054967640357978,0.9664141629356986,0.8574355183232603,0.7853150990371587,0.6908925078994362,0.5543629676987085,0.5825710215725243,0.6584859252128339,0.37923288345336914,2.6618778705596924,0.1636970043182373,0.0,0.016560792922973633,0.7362315654754639,0.0,0.0006732940673828125,0.0,0.0
sub001-ses04-block4-game2_001::b0094,test/sub001/ses-04/sub001-ses04-block4-game2_001.npy,sub001,2,8,26,0,Short,0.464935851470346,0.9139908510463823,1.0611486732331374,0.9841360199915073,1.1087356818611012,0.8342557475201554,0.576953138568226,0.4139544510466348,0.5643844586465394,0.501153167682723,2.9959166049957275,0.2668473720550537,3.495076894760132,0.04511308670043945,0.20517706871032715,0.5800971984863281,0.5959775447845459,1.1899445056915283,0.0,0.0
sub001-ses04-block4-game2_001::b0095,test/sub001/ses-04/sub001-ses04-block4-game2_001.npy,sub001,2,6,26,0,Short,1.0749486347641044,1.0932421271324542,1.0203268970456036,0.9905613910622262,1.032633493767775,0.4369454077638276,0.3234603792482909,0.446785615959114,0.45114340077461623,0.3411992773610377,0.0,0.2915787696838379,0.12955760955810547,0.0,3.374018430709839,0.0,0.1281266212463379,0.0,0.0,0.3154270648956299
sub001-ses04-block4-game2_001::b0096,test/sub001/ses-04/sub001-ses04-block4-game2_001.npy,sub001,2,4,26,0,Short,0.9174578648148051,1.0808336004240329,1.0676188725995703,1.0676188725995703,1.1130384679091103,0.473752141061712,0.26586879644053335,0.32285393892843267,0.32285393892843267,0.1751708393336558,3.4344537258148193,3.503675937652588,0.0,0.0,0.0,0.05644679069519043,0.49318790435791016,0.0,0.0,0.0
sub001-ses04-block4-game2_001::b0097,test/sub001/ses-04/sub001-ses04-block4-game2_001.npy,sub001,2,4,26,0,Short,1.0610250584061145,1.098302396669509,1.143843077277502,1.143843077277502,1.134616550497358,0.4075422804550497,0.2714003174747014,0.36315444148203735,0.36315444148203735,0.15372528312150913,2.7548317909240723,0.25344228744506836,0.04492545127868652,0.04492545127868652,0.0,0.0,0.18676280975341797,0.0,0.0,0.0
sub001-ses04-block4-game2_001::b0098,test/sub001/ses-04/sub001-ses04-block4-game2_001.npy,sub001,2,13,26,0,Short,0.9957301392135908,1.3550800760758284,1.1565846545504712,1.123768490705497,1.2316816453415222,0.4875773557752371,0.24226152688036098,0.36278703999549944,0.32290842640529616,0.19893540665426607,0.07085037231445312,0.0,0.0,0.0,0.0,0.41568732261657715,0.0,0.0,0.0,0.0
sub001-ses04-block4-game2_001::b0099,test/sub001/ses-04/sub001-ses04-block4-game2_001.npy,sub001,2,4,26,0,Short,1.0341726313460342,1.0715155691114517,1.1993192056598752,1.1993192056598752,1.2276188329620252,0.40675283153273767,0.31511433636111646,0.22138214235859283,0.22138214235859283,0.24377806571530225,2.868435859680176,0.0,0.2703890800476074,0.2703890800476074,0.3085291385650635,0.0,0.0,0.17127609252929688,0.17127609252929688,0.27074146270751953
sub001-ses04-block4-game2_001::b0101,test/sub001/ses-04/sub001-ses04-block4-game2_001.npy,sub001,2,4,26,0,Short,1.1307044881377717,1.2217723622263963,1.1568394244892313,1.1568394244892313,1.2665453675128313,0.3316507589131382,0.2137460613517409,0.3746768930893224,0.3746768930893224,0.3217283765385937,0.0,0.0,0.17258453369140625,0.17258453369140625,2.325183629989624,0.0,0.0,0.1261005401611328,0.1261005401611328,0.0
sub001-ses04-block4-game2_001::b0102,test/sub001/ses-04/sub001-ses04-block4-game2_001.npy,sub001,2,3,26,0,Short,1.1292887678200063,1.1292887678200063,1.2116935192644085,1.3398182352025803,1.3398182352025803,0.40190157080947103,0.40190157080947103,0.3868087621596896,0.09014835284490552,0.09014835284490552,0.0,0.0,0.0,0.07225298881530762,0.07225298881530762,0.0,0.0,0.0,0.06982803344726562,0.06982803344726562
sub001-ses04-block4-game2_001::b0103,test/sub001/ses-04/sub001-ses04-block4-game2_001.npy,sub001,2,15,26,0,Short,0.68895822385733,1.2536188772546657,1.2366224075878962,1.2216779638734634,1.1842415968658542,0.7109825173248503,0.2064890080208573,0.22678524576270948,0.29387937239542844,0.3752430832995735,2.048867702484131,0.0,0.0,0.0,0.0,0.0,0.0,0.0,0.0,0.0
sub001-ses04-block4-game2_001::b0104,test/sub001/ses-04/sub001-ses04-block4-game2_001.npy,sub001,2,7,26,0,Short,1.170808727559018,1.252798090386599,1.2637976948434553,1.1888509113002232,1.1660778179956264,0.41915517965471394,0.26574766096390134,0.3435226728946568,0.39430726097177965,0.40580567648455873,1.7956416606903076,1.880039930343628,1.9557592868804932,0.19985735416412354,1.898497223854065,0.0,0.17751479148864746,0.0,0.1074531078338623,0.0
sub001-ses04-block4-game2_001::b0105,test/sub001/ses-04/sub001-ses04-block4-game2_001.npy,sub001,2,5,26,0,Short,1.0953369280356515,1.0947583215146088,1.2024230113340246,1.1715706211819523,1.195849234459793,0.43191212283844266,0.38396885772321365,0.37015034416852843,0.4194514816374423,0.39479855229542204,0.0,0.0,0.1857161521911621,0.07847785949707031,0.0,0.0,0.0,0.11728191375732422,0.5118706226348877,0.0
sub001-ses04-block4-game2_001::b0106,test/sub001/ses-04/sub001-ses04-block4-game2_001.npy,sub001,2,11,26,0,Short,1.1392919440337825,1.1783032034639918,1.194611068147496,1.2181325257609876,1.1238016865982001,0.33857920696556876,0.4090775021305116,0.4231614687427263,0.3773275730789055,0.48653634716742256,1.9773616790771484,0.0,2.0173542499542236,2.08941388130188,1.9824743270874023,0.0,0.0,0.188645601272583,0.10279273986816406,0.0
sub001-ses04-block4-game2_001::b0107,test/sub001/ses-04/sub001-ses04-block4-game2_001.npy,sub001,2,4,26,0,Short,1.0931247093335168,1.2541368766444252,1.1837586678792293,1.1837586678792293,1.1084269538642675,0.4104816496663519,0.2898593255713021,0.2838265850691405,0.2838265850691405,0.41373005535286844,0.09569954872131348,2.1627182960510254,0.14265966415405273,0.14265966415405273,2.199288845062256,0.5172097682952881,0.0,0.38115787506103516,0.38115787506103516,0.04927682876586914
sub001-ses04-block4-game2_001::b0108,test/sub001/ses-04/sub001-ses04-block4-game2_001.npy,sub001,2,7,26,0,Short,1.0422688207006756,1.162183770092028,1.2040113176987315,1.1863661559713805,1.2168883326081232,0.45745460676172306,0.3369752999475491,0.32493312003299557,0.3704647772035867,0.3495153428093522,2.1978583335876465,0.0,2.288133144378662,2.2177231311798096,0.16644692420959473,0.1416165828704834,0.0,0.2912178039550781,0.2622683048248291,0.12245869636535645
sub001-ses04-block4-game2_001::b0109,test/sub001/ses-04/sub001-ses04-block4-game2_001.npy,sub001,2,3,26,0,Short,1.1824477168432685,1.135688510904785,1.135688510904785,1.135688510904785,1.114544352319126,0.4138144694815399,0.41471884036727025,0.41471884036727025,0.41471884036727025,0.48580763879793865,0.021178007125854492,0.10194587707519531,0.10194587707519531,0.10194587707519531,0.0,0.045798540115356445,0.3409867286682129,0.3409867286682129,0.3409867286682129,0.0
sub001-ses04-block4-game2_001::b0110,test/sub001/ses-04/sub001-ses04-block4-game2_001.npy,sub001,2,3,26,0,Short,1.0731695748528483,1.0731695748528483,1.1687135135982003,1.0390241894972683,1.0390241894972683,0.452165512983914,0.452165512983914,0.43052708152728936,0.5098976048089832,0.5098976048089832,2.215726137161255,2.215726137161255,0.09943747520446777,2.320274829864502,2.320274829864502,0.5365307331085205,0.5365307331085205,0.008506536483764648,0.3784297704696655,0.3784297704696655
sub001-ses04-block4-game2_001::b0111,test/sub001/ses-04/sub001-ses04-block4-game2_001.npy,sub001,2,6,26,0,Short,1.0168477447854545,0.9769640147796652,1.1941115833466216,1.0460719987762144,1.1406382411275313,0.46861960784361334,0.5591291664231972,0.3964206795138906,0.503002808920392,0.3366323244569099,0.06655311584472656,0.0,0.0,0.2564070224761963,0.0,0.30716538429260254,0.0,0.0,0.0,0.0
sub001-ses04-block4-game2_001::b0112,test/sub001/ses-04/sub001-ses04-block4-game2_001.npy,sub001,2,7,26,0,Short,1.0865410903826411,1.0828885857740036,1.1906505705005108,1.2222961850080831,1.1931313307209808,0.33373279752769996,0.27213731501150706,0.3218739867877595,0.18461268183504287,0.2390924944972665,2.845465660095215,0.0,0.0,3.068068027496338,3.05830454826355,0.9375274181365967,0.0,0.0,1.1058673858642578,1.2346210479736328
sub001-ses04-block4-game2_001::b0113,test/sub001/ses-04/sub001-ses04-block4-game2_001.npy,sub001,2,4,26,0,Short,1.1294125957402774,1.2494412120901923,1.1915684638714323,1.1915684638714323,1.1016267761070544,0.4655471341723074,0.3308842599176122,0.37751617485088285,0.37751617485088285,0.4942358163042623,0.0,0.0,2.145195722579956,2.145195722579956,0.0,0.0,0.0,0.15186595916748047,0.15186595916748047,0.0
sub001-ses04-block4-game2_001::b0114,test/sub001/ses-04/sub001-ses04-block4-game2_001.npy,sub001,2,10,26,0,Short,1.1417997530821542,1.2124768780357023,1.0727319583146766,1.1372556949582555,1.1941673222186604,0.40426806321496017,0.06024806629979507,0.1614988152143062,0.18985625585878158,0.12041022147647173,2.6528990268707275,2.3056628704071045,2.442544937133789,0.009489059448242188,0.010039806365966797,0.2325444221496582,0.0,0.0,0.06067800521850586,0.14870119094848633
sub001-ses04-block4-game2_001::b0115,test/sub001/ses-04/sub001-ses04-block4-game2_001.npy,sub001,2,4,26,0,Short,0.9415167163142205,1.144769597204814,1.1448081160213819,1.1448081160213819,1.1983677053152508,0.5053610654186247,0.08649465224359776,0.18998362002730174,0.18998362002730174,0.0861702758042141,0.26319050788879395,0.07340836524963379,0.0,0.0,0.0,0.19348740577697754,0.5627670288085938,0.0,0.0,0.0
sub001-ses04-block4-game2_001::b0116,test/sub001/ses-04/sub001-ses04-block4-game2_001.npy,sub001,2,4,26,0,Short,1.018639774171367,0.9898422684730863,1.2287772832638892,1.2287772832638892,1.1973460388890793,0.4836741077007407,0.2952274514348525,0.0925056334396363,0.0925056334396363,0.1507277521195336,0.0,0.0,0.0,0.0,2.6662843227386475,0.0,0.0,0.0,0.0,0.23303437232971191
sub001-ses04-block4-game2_001::b0117,test/sub001/ses-04/sub001-ses04-block4-game2_001.npy,sub001,2,12,26,0,Short,1.0399291900487482,1.141019345612692,1.0214634471598005,0.968209822586318,1.1364394433377976,0.5000545415010305,0.18327800574669667,0.3250631366732421,0.42683003124723695,0.25243038826192365,0.14635777473449707,0.0,2.5845184326171875,0.0,2.8460445404052734,0.09918928146362305,0.0,0.45252537727355957,0.0,0.7483351230621338
sub001-ses04-block4-game2_001::b0118,test/sub001/ses-04/sub001-ses04-block4-game2_001.npy,sub001,2,4,26,0,Short,1.002399070747305,1.186165157068161,1.1351127412282527,1.1351127412282527,1.0553474556721565,0.4719815813309456,0.21384051355326295,0.18887379641825636,0.18887379641825636,0.36629598831205284,0.014817953109741211,0.031203746795654297,0.2513418197631836,0.2513418197631836,0.46747398376464844,0.16393470764160156,0.5426428318023682,0.1706225872039795,0.1706225872039795,0.5502016544342041
sub001-ses04-block4-game2_001::b0119,test/sub001/ses-04/sub001-ses04-block4-game2_001.npy,sub001,2,2,26,0,Short,1.0827462393051612,1.0827462393051612,1.0827462393051612,1.1653550177139325,1.1653550177139325,0.46846224877721454,0.46846224877721454,0.46846224877721454,0.20748197403341384,0.20748197403341384,0.019380807876586914,0.019380807876586914,0.019380807876586914,0.0,0.0,0.0,0.0,0.0,0.0,0.0
sub001-ses04-block4-game2_001::b0120,test/sub001/ses-04/sub001-ses04-block4-game2_001.npy,sub001,2,17,26,0,Short,1.1114216357749187,1.281043560289866,1.1436568229699429,1.2698638690045683,1.152056636660698,0.4737315799694979,0.2801926993775487,0.3891702399595935,0.24508063848218697,0.4006079624954563,2.0894339084625244,1.9887536764144897,0.021480798721313477,0.0,2.003328323364258,0.0,0.0,0.08197975158691406,0.0,0.647355318069458
sub001-ses04-block4-game2_001::b0121,test/sub001/ses-04/sub001-ses04-block4-game2_001.npy,sub001,2,6,26,0,Short,1.229885909058991,1.0187463761316131,1.1994146755912023,1.2176900828388013,1.2562215799004002,0.3176683205651441,0.5653660287612564,0.4107971545609127,0.4066320255187684,0.3077697197434428,0.0,0.0,0.29128050804138184,1.752119779586792,0.0028678178787231445,0.0,0.0,0.10964810848236084,0.22393274307250977,0.0
sub001-ses04-block4-game2_001::b0122,test/sub001/ses-04/sub001-ses04-block4-game2_001.npy,sub001,2,26,26,1,Long,0.6503137431633332,0.9632353121677372,1.093280049833141,1.1353425207265353,1.1024565950591412,0.7493634608369766,0.6067183913770686,0.5344013457975894,0.44179680230262325,0.5198699351894654,0.0,0.0,0.02928781509399414,0.12565851211547852,2.0626423358917236,0.0,0.0,0.1369926929473877,0.01011204719543457,0.09825897216796875
sub001-ses04-block4-game2_001::b0123,test/sub001/ses-04/sub001-ses04-block4-game2_001.npy,sub001,2,5,26,0,Short,1.1787010719786142,1.2023459647387014,1.060677216747743,1.1752563318635272,1.207195711937818,0.42541227107862684,0.43294612738130733,0.5530874475644459,0.459645683039151,0.4303794874843535,0.00899362564086914,0.14955687522888184,0.0,0.16725027561187744,0.0,0.0,0.048178672790527344,0.0,0.0843820571899414,0.0
sub001-ses04-block4-game2_001::b0124,test/sub001/ses-04/sub001-ses04-block4-game2_001.npy,sub001,2,4,26,0,Short,1.158596546508428,0.9884428439326964,0.9884428439326964,1.1487256788488522,1.1230180302379997,0.441985274667095,0.5731609995460567,0.5731609995460567,0.47218711310421513,0.49401530259896465,0.0,0.0,0.0,0.0,0.0,0.0,0.0,0.0,0.0,0.0
sub001-ses04-block4-game2_001::b0125,test/sub001/ses-04/sub001-ses04-block4-game2_001.npy,sub001,2,5,26,0,Short,0.9106341594262997,1.1807381037801128,1.1760447833646865,1.0501086814183456,1.1070955151468846,0.5739657736994972,0.3117985485651122,0.24720440967070606,0.4734470230026493,0.37438663648752724,0.3128241300582886,2.3355371952056885,0.0319826602935791,0.0,0.13054442405700684,0.3657032251358032,0.35418272018432617,0.35540246963500977,0.0,0.5728850364685059
sub001-ses04-block4-game2_001::b0126,test/sub001/ses-04/sub001-ses04-block4-game2_001.npy,sub001,2,4,26,0,Short,0.9904564828690472,1.3491056353702477,1.3491056353702477,1.1719188114791657,1.2191240516137696,0.4485725406657287,0.134556113835817,0.134556113835817,0.11402646830677537,0.17003724579441204,2.361281394958496,1.9170829057693481,1.9170829057693481,0.12471556663513184,0.0,0.5638186931610107,0.007345438003540039,0.007345438003540039,0.5344688892364502,0.0
sub001-ses04-block4-game2_001::b0127,test/sub001/ses-04/sub001-ses04-block4-game2_001.npy,sub001,2,3,26,0,Short,1.076487120962606,1.23391207907389,1.23391207907389,1.23391207907389,1.2897934021058362,0.40642782693897905,0.11448238898847357,0.11448238898847357,0.11448238898847357,0.1858842186161649,1.2517282962799072,0.0,0.0,0.0,0.5550045967102051,0.0,0.0,0.0,0.0,0.7870469093322754
sub001-ses04-block4-game2_001::b0128,test/sub001/ses-04/sub001-ses04-block4-game2_001.npy,sub001,2,4,26,0,Short,1.0993548294012636,1.3183927686470476,1.238303413853349,1.238303413853349,1.3268850833334385,0.4463255981758536,0.211722581894086,0.12694901212813736,0.12694901212813736,0.2867594893619241,1.8867532014846802,2.175713300704956,0.0,0.0,0.6725277900695801,0.0,0.1110694408416748,0.0,0.0,1.149674892425537
sub001-ses04-block4-game2_001::b0129,test/sub001/ses-04/sub001-ses04-block4-game2_001.npy,sub001,2,4,26,0,Short,1.1505505929587883,1.324567255066904,1.324567255066904,1.3929606850408287,1.243649985634484,0.2950789305556957,0.007372712990722896,0.007372712990722896,0.007468664924067336,0.004691664605999124,2.162156581878662,0.07900965213775635,0.07900965213775635,0.0,1.954027771949768,0.43923747539520264,0.438501238822937,0.438501238822937,0.0,0.5241149663925171
sub001-ses04-block4-game2_001::b0130,test/sub001/ses-04/sub001-ses04-block4-game2_001.npy,sub001,2,3,26,0,Short,1.1680906859450022,1.1680906859450022,1.3024388697803753,1.2771408473721622,1.2771408473721622,0.38894385506216217,0.38894385506216217,0.0744565948194455,0.10764896758139181,0.10764896758139181,1.7884734869003296,1.7884734869003296,2.0005404949188232,1.792766809463501,1.792766809463501,0.0,0.0,0.5609192848205566,0.0,0.0
sub001-ses04-block4-game2_001::b0131,test/sub001/ses-04/sub001-ses04-block4-game2_001.npy,sub001,2,2,26,0,Short,1.1266742087599082,1.1266742087599082,1.1266742087599082,1.3339690603543475,1.3339690603543475,0.4455404907048644,0.4455404907048644,0.4455404907048644,0.1127683302288996,0.1127683302288996,1.6994287967681885,1.6994287967681885,1.6994287967681885,1.6791812181472778,1.6791812181472778,0.07264184951782227,0.07264184951782227,0.07264184951782227,0.0,0.0
sub001-ses04-block4-game2_001::b0132,test/sub001/ses-04/sub001-ses04-block4-game2_001.npy,sub001,2,4,26,0,Short,1.2487497206603058,1.2875754622676236,1.1915903358219984,1.1915903358219984,1.2632539164532024,0.4004614463452746,0.022849263041234136,0.168834598736201,0.168834598736201,0.0923376244764757,0.0,0.0,1.7529963254928589,1.7529963254928589,2.109127998352051,0.0,0.0,0.0,0.0,0.23571252822875977
sub001-ses04-block4-game2_001::b0133,test/sub001/ses-04/sub001-ses04-block4-game2_001.npy,sub001,2,8,26,0,Short,0.4281884339395183,1.1166533961404832,1.161951446411334,1.1872566498744561,1.1097479296041028,0.8386067622065955,0.4547450120078494,0.40972079078001333,0.41929033210393646,0.4884564795218155,1.9418621063232422,2.0370631217956543,0.17589902877807617,0.0,1.9944257736206055,0.16034579277038574,0.3352682590484619,0.2709914445877075,0.0,0.2658703327178955
sub001-ses04-block4-game2_001::b0134,test/sub001/ses-04/sub001-ses04-block4-game2_001.npy,sub001,2,5,26,0,Short,0.9578503046775311,1.2130355985900423,1.130380487279959,1.2611913836352255,1.2559155148933114,0.5242849700930271,0.25957733664927546,0.43015375707381975,0.28006050521739756,0.35506495690080964,0.0,0.0,0.0,0.0,0.0,0.0,0.0,0.0,0.0,0.0
sub001-ses04-block4-game2_001::b0135,test/sub001/ses-04/sub001-ses04-block4-game2_001.npy,sub001,2,5,26,0,Short,0.7493802012228017,1.2616934942168616,1.3646693379344474,1.2995978715018333,1.1185199545955113,0.6525009069215152,0.2612609678712815,0.1899551933078631,0.20474306720176288,0.43633870529678953,0.0,1.8239827156066895,2.010277509689331,1.8146817684173584,1.9659225940704346,0.0,0.15260660648345947,0.6605958938598633,0.08526110649108887,0.4921841621398926
sub001-ses04-block4-game2_001::b0136,test/sub001/ses-04/sub001-ses04-block4-game2_001.npy,sub001,2,3,26,0,Short,1.1548804349450075,1.1548804349450075,1.3519087330163648,1.3584696671982481,1.3584696671982481,0.44282531616679505,0.44282531616679505,0.06354504797416921,0.1382212852809575,0.1382212852809575,0.09494972229003906,0.09494972229003906,2.170707941055298,0.10075235366821289,0.10075235366821289,0.3542362451553345,0.3542362451553345,0.47843122482299805,0.17708039283752441,0.17708039283752441
sub001-ses04-block4-game2_001::b0137,test/sub001/ses-04/sub001-ses04-block4-game2_001.npy,sub001,2,24,26,0,Short,1.142555242635555,1.2816663247496776,1.2630857437996483,1.2249802228841056,1.1199104930922588,0.462711922435624,0.23402719649985304,0.24286191414457825,0.36665192278575254,0.502787650752825,1.8764070272445679,0.3194153308868408,1.961422324180603,0.010427713394165039,0.05191230773925781,0.3814218044281006,0.43701171875,0.03721201419830322,0.33638429641723633,0.0
sub001-ses04-block4-game2_001::b0139,test/sub001/ses-04/sub001-ses04-block4-game2_001.npy,sub001,2,7,26,0,Short,1.228744814345788,1.2562892430833876,1.2284553064527644,1.1765054138894933,1.177938341525094,0.4182895791688279,0.38973232279659276,0.40213065449198526,0.41355967455407877,0.4263397709983508,0.05195939540863037,0.131691575050354,0.0,1.770194172859192,1.765614628791809,0.07711005210876465,0.18845021724700928,0.0,0.03184843063354492,0.09729135036468506
sub001-ses04-block4-game2_001::b0140,test/sub001/ses-04/sub001-ses04-block4-game2_001.npy,sub001,2,19,26,0,Short,1.1447911002013007,1.1946938383913324,1.1350452319364785,1.1741221226598593,1.2299813026657453,0.3913598854923674,0.46619077108711793,0.46691697618673844,0.43008181052631356,0.4126165650637691,1.7550668716430664,1.5295201539993286,0.0,1.3149938583374023,0.23046433925628662,0.1500004529953003,0.0,0.0,0.03770935535430908,0.20034921169281006
sub001-ses04-block4-game2_001::b0141,test/sub001/ses-04/sub001-ses04-block4-game2_001.npy,sub001,2,5,26,0,Short,1.2527422620937698,1.007493721737709,1.0102689208960771,1.0017438370857294,0.8347121429980222,0.29004543950123474,0.5019039416966672,0.5524136018522923,0.5451281584310261,0.6627531762322015,0.0,0.10086441040039062,0.0,0.0,0.0,0.0,0.5112433433532715,0.0,0.0,0.0
sub001-ses04-block4-game2_001::b0142,test/sub001/ses-04/sub001-ses04-block4-game2_001.npy,sub001,2,3,26,0,Short,1.0390099094255794,1.1226580803562765,1.1226580803562765,1.1226580803562765,1.1902961169196948,0.4894370930924399,0.4598906980144263,0.4598906980144263,0.4598906980144263,0.33535354267297524,2.3869969844818115,0.0,0.0,0.0,2.1199519634246826,0.5275089740753174,0.0,0.0,0.0,0.1576251983642578
sub001-ses04-block4-game2_001::b0143,test/sub001/ses-04/sub001-ses04-block4-game2_001.npy,sub001,2,17,26,0,Short,1.2892634610511655,1.017090676455917,1.1181735963975057,1.0391286425123563,1.1237627283368494,0.09727384525975397,0.5225351257406402,0.4719675123709394,0.5359015867651156,0.46408298129844716,0.0,1.6808310747146606,0.0,0.0,0.0,0.0,0.0,0.0,0.0,0.0
sub001-ses04-block4-game2_001::b0144,test/sub001/ses-04/sub001-ses04-block4-game2_001.npy,sub001,2,9,26,0,Short,0.7006487695008751,1.0694471593953163,1.149142788273322,1.072285182933571,1.0586864600586696,0.6872171127971325,0.5395685786033317,0.49072565513814165,0.5288822226242175,0.5622171340073906,0.29417872428894043,0.0043555498123168945,1.2986012697219849,1.1752197742462158,1.2346198558807373,0.03610050678253174,0.0,0.0,0.046558499336242676,0.27450835704803467
sub001-ses04-block4-game2_001::b0145,test/sub001/ses-04/sub001-ses04-block4-game2_001.npy,sub001,2,6,26,0,Short,0.9635311861222691,1.174446408803695,1.104760606339025,1.0820878293268577,0.9498738464823728,0.4751918244479105,0.48416562839072563,0.5234345877179709,0.5171025096077979,0.621688774241824,0.0,0.01819920539855957,0.0,1.3917407989501953,0.05042839050292969,0.0,0.2656428813934326,0.0,0.18599474430084229,0.3040027618408203
sub001-ses04-block4-game2_001::b0146,test/sub001/ses-04/sub001-ses04-block4-game2_001.npy,sub001,2,4,26,0,Short,0.4263947358342637,0.99152575997091,0.9676185434568103,0.9676185434568103,1.056360014439288,0.8250549893582626,0.5713860468118681,0.6070372086735956,0.6070372086735956,0.5558451471053832,1.4840998649597168,1.3289903402328491,1.4709821939468384,1.4709821939468384,0.0,0.37334227561950684,0.03973567485809326,0.36025679111480713,0.36025679111480713,0.0
sub001-ses04-block4-game2_001::b0147,test/sub001/ses-04/sub001-ses04-block4-game2_001.npy,sub001,2,6,26,0,Short,1.0118233832936934,1.0843839987000525,1.0924805949559462,1.060720125039335,1.0676515187194362,0.5182054192448207,0.5329404668954214,0.5252335903287457,0.553950320849892,0.5510497879235278,1.3420817852020264,1.2642039060592651,0.14342451095581055,1.2320730686187744,1.3343477249145508,0.3051300048828125,0.0,0.1287250518798828,0.0,0.07841455936431885
sub001-ses04-block4-game2_001::b0148,test/sub001/ses-04/sub001-ses04-block4-game2_001.npy,sub001,2,29,26,1,Long,1.115649383756568,0.9190805067863757,1.0276021639237274,1.1324036363962042,1.0304475607698913,0.5000991469952251,0.5748395093499075,0.5647974640829323,0.5037939083660204,0.5417814370497644,1.166787028312683,1.0356837511062622,0.0,0.13484543561935425,0.8913719654083252,0.19298315048217773,0.0,0.0,0.07634484767913818,0.0
sub001-ses04-block4-game2_001::b0149,test/sub001/ses-04/sub001-ses04-block4-game2_001.npy,sub001,2,7,26,0,Short,0.35073597006631363,1.105748321194882,0.89689711994615,0.8794390809648386,1.0417901449128701,0.8786445131561323,0.5280292493668844,0.6085901208571558,0.6322153591072849,0.4645337507914643,0.0,1.2002283334732056,1.2216869592666626,1.1195582151412964,0.0,0.0,0.0910869836807251,0.059554219245910645,0.11366939544677734,0.0
sub001-ses04-block4-game2_001::b0150,test/sub001/ses-04/sub001-ses04-block4-game2_001.npy,sub001,2,11,26,0,Short,0.7494917772550074,0.8374206152694377,0.9559801637650951,0.935319564020106,1.123371123362733,0.6033291531515341,0.6783489075059381,0.6303784821468381,0.6228984803859509,0.4992431129480734,0.23849697411060333,1.1456351280212402,1.11713707447052,0.0,0.0,0.0,0.0,0.0,0.0,0.0
sub001-ses04-block4-game2_001::b0151,test/sub001/ses-04/sub001-ses04-block4-game2_001.npy,sub001,2,5,26,0,Short,0.37048055729209084,0.9773962458420679,0.8608404180513793,0.9870743152808121,0.746124906512427,0.8715781425380197,0.6006808645563481,0.6322760069982025,0.4939381855863128,0.7121563087449122,0.025800883769989014,1.020656704902649,0.15580987930297852,0.0,1.0487951040267944,0.0,0.05938076972961426,0.1407473087310791,0.0,0.04601085186004639
sub001-ses04-block4-game2_001::b0152,test/sub001/ses-04/sub001-ses04-block4-game2_001.npy,sub001,2,7,26,0,Short,1.1141128115815697,1.0519629725202204,0.9358172183218858,0.9470617297626085,0.8204920638038231,0.428676784552191,0.5098738292825304,0.6073226545938402,0.589956725207617,0.6563112603869758,0.0,0.9168160557746887,0.0,0.9936486482620239,0.0,0.0,0.029658496379852295,0.0,0.2135375738143921,0.0
sub001-ses04-block4-game2_001::b0153,test/sub001/ses-04/sub001-ses04-block4-game2_001.npy,sub001,2,5,26,0,Short,0.5664387365414457,0.9578978966300494,0.9520203805634722,1.0608170168702025,1.0908610964242391,0.7377549156236884,0.6257789665267519,0.6318861433066842,0.570532202540821,0.5533124875161065,0.0,0.2432307004928589,1.3251997232437134,0.002166748046875,1.1643807888031006,0.0,0.45325398445129395,0.3449658155441284,0.2996039390563965,0.1247023344039917
sub001-ses04-block4-game2_001::b0154,test/sub001/ses-04/sub001-ses04-block4-game2_001.npy,sub001,2,5,26,0,Short,0.8680390278472322,0.8054085438793019,0.8463448566658136,0.8207015174943509,0.9186723927762073,0.4909543912508245,0.685918869389129,0.6701773288733422,0.6813504990752277,0.6427376330718282,1.1921370029449463,0.28854870796203613,0.0401686429977417,0.5189545154571533,1.1770623922348022,0.07587051391601562,0.3975789546966553,0.2602792978286743,0.4385870695114136,0.08172261714935303
sub001-ses04-block4-game2_001::b0155,test/sub001/ses-04/sub001-ses04-block4-game2_001.npy,sub001,2,3,26,0,Short,1.193391904088279,1.0005235379409565,1.0005235379409565,1.0005235379409565,0.7132280060076839,0.4169678507799835,0.5970073444646137,0.5970073444646137,0.5970073444646137,0.7052118176565982,0.0,1.1133525371551514,1.1133525371551514,1.1133525371551514,0.1755002737045288,0.0,0.0,0.0,0.0,0.0
sub001-ses04-block4-game2_001::b0156,test/sub001/ses-04/sub001-ses04-block4-game2_001.npy,sub001,2,6,26,0,Short,0.9790313906198174,1.2295504545595526,1.2510268369619384,1.1570888991393853,1.1963215474142974,0.5313611447906993,0.384752836377325,0.41656023989703517,0.4901968865172408,0.4177041165220229,1.5601435899734497,1.55515718460083,0.40006399154663086,1.7372491359710693,0.0,0.018140077590942383,0.5175659656524658,0.23385202884674072,0.23864245414733887,0.0
sub001-ses04-block4-game2_001::b0157,test/sub001/ses-04/sub001-ses04-block4-game2_001.npy,sub001,2,15,26,0,Short,0.9985401406466068,1.0722155735078882,1.0736572861594023,1.0796542976921564,0.9995172071921111,0.5065711942605982,0.5673971652029108,0.5172704861457178,0.533828794989842,0.6009642149727672,0.06722521781921387,0.005273103713989258,0.0,0.0,0.0,0.0,0.0,0.0,0.0,0.0
sub001-ses04-block4-game2_001::b0158,test/sub001/ses-04/sub001-ses04-block4-game2_001.npy,sub001,2,26,26,1,Long,0.7470264956926107,1.119230394720127,1.272842768036566,1.3309960389754052,1.3029772490024645,0.6729318755326494,0.5095694247785404,0.3566780763342496,0.17771315366852347,0.3144512584181347,0.22126364707946777,0.19709813594818115,0.0,0.2716069221496582,0.0,0.13170313835144043,0.188429594039917,0.0,0.39275670051574707,0.0
sub001-ses04-block4-game2_001::b0159,test/sub001/ses-04/sub001-ses04-block4-game2_001.npy,sub001,2,3,26,0,Short,1.1385946606367254,1.3535787169508167,1.3535787169508167,1.3535787169508167,1.3144538425986303,0.4578839075061167,0.19839856462367023,0.19839856462367023,0.19839856462367023,0.10483166763212987,1.5571109056472778,0.0,0.0,0.0,0.0,0.464188814163208,0.0,0.0,0.0,0.0
sub001-ses04-block4-game2_001::b0160,test/sub001/ses-04/sub001-ses04-block4-game2_001.npy,sub001,2,11,26,0,Short,0.37892992210697374,0.9372965479141541,0.8716248753243022,0.955779984004178,0.9453524655366814,0.8583296616388578,0.5016721769056306,0.589844931899065,0.4704122341040521,0.5281888825058624,0.0,1.1369578838348389,0.0,0.0,0.0,0.0,0.24272549152374268,0.0,0.0,0.0
sub001-ses04-block4-game2_001::b0161,test/sub001/ses-04/sub001-ses04-block4-game2_001.npy,sub001,2,4,26,0,Short,1.018576863751796,0.8221807278934928,0.7507187968978749,0.7507187968978749,0.8859044107782924,0.42974232354282715,0.625147585603957,0.6637121513886876,0.6637121513886876,0.5565386930604141,0.258611261844635,1.1806080341339111,1.195665717124939,1.195665717124939,1.1969753503799438,0.09478306770324707,0.018114447593688965,0.24280929565429688,0.24280929565429688,0.20517921447753906
sub001-ses04-block4-game2_001::b0162,test/sub001/ses-04/sub001-ses04-block4-game2_001.npy,sub001,2,4,26,0,Short,0.5129469892797428,0.8119926394247218,0.8274149266201082,0.8274149266201082,0.9403813638764654,0.7708237834091278,0.6929389791766751,0.6630507307535185,0.6630507307535185,0.6429306826371178,1.0876389741897583,0.9722670912742615,1.032278299331665,1.032278299331665,1.0231859683990479,0.0,0.0,0.0,0.0,0.0
sub001-ses04-block4-game2_001::b0163,test/sub001/ses-04/sub001-ses04-block4-game2_001.npy,sub001,2,18,26,0,Short,0.9159925208779263,0.7194310412993813,0.9200432322423385,0.9466156027410084,0.48239897310282787,0.4713963337776204,0.7257252208452803,0.6193907249107664,0.6371061856756599,0.835966026030521,0.07414281368255615,0.07023754715919495,1.0936955511569977,0.047381043434143066,1.461937427520752,0.0,0.0,0.2365626096725464,0.825124979019165,0.8234801292419434
sub001-ses04-block4-game2_001::b0164,test/sub001/ses-04/sub001-ses04-block4-game2_001.npy,sub001,2,6,26,0,Short,1.2752966979308904,1.1823205191572441,0.877398655145349,0.8893510906047796,0.9380583395717608,0.18625285289583687,0.38961208443966455,0.6756709342361313,0.6698480500344677,0.6238212231286198,0.0,1.2153342962265015,0.7073887586593628,0.02354872226715088,0.07636886835098267,0.0,0.07243156433105469,0.0,0.0,0.0
sub001-ses04-block4-game2_001::b0165,test/sub001/ses-04/sub001-ses04-block4-game2_001.npy,sub001,2,19,26,0,Short,1.3065577526028223,0.685205327292757,0.8902790265995686,0.5996004614969737,0.7980108905248774,0.34344774590974003,0.7325186709851191,0.6686411715097378,0.7565312384720415,0.6471379739494636,0.8818492293357849,0.6507934331893921,0.7462161779403687,0.13583189249038696,0.8599035143852234,0.291553258895874,0.10367625951766968,0.0,0.09906274080276489,0.07679730653762817
sub001-ses04-block4-game2_001::b0166,test/sub001/ses-04/sub001-ses04-block4-game2_001.npy,sub001,2,5,26,0,Short,0.45828361856908495,0.6893927331980547,0.7943104231240845,0.6388979260655127,0.9188781546227713,0.8081732722754283,0.6605416903428927,0.5669794687832109,0.7042466509814678,0.6343077597020802,0.5029640793800354,1.5391701459884644,0.0,1.6730825901031494,1.6010030508041382,0.3624851703643799,0.6111047267913818,0.0,0.4928896427154541,0.6345038414001465
sub001-ses04-block4-game2_001::b0167,test/sub001/ses-04/sub001-ses04-block4-game2_001.npy,sub001,2,24,26,0,Short,0.7644883706937151,0.7608563852278383,1.0885536293181435,1.0385458405435082,1.2097405842054003,0.6074865671378925,0.6853143973091019,0.528107155857961,0.541023265212546,0.4505422670421243,0.43465182185173035,0.755221962928772,0.6134451627731323,0.9693260192871094,0.2136024683713913,0.0,0.0,0.7919623851776123,1.0119214057922363,0.10510852932929993
sub001-ses04-block4-game2_001::b0168,test/sub001/ses-04/sub001-ses04-block4-game2_001.npy,sub001,2,29,26,1,Long,1.2196340679605044,1.1151573924742653,0.6963947297082175,0.6912004372247768,0.719382894502829,0.22031097095118923,0.4975601739437697,0.748366433041366,0.7389698943958125,0.7384159679029801,0.0,1.785064697265625,0.05728268623352051,0.02646636962890625,0.12712860107421875,0.0,0.0,0.15180230140686035,0.12730741500854492,0.21632719039916992
sub001-ses04-block4-game2_001::b0169,test/sub001/ses-04/sub001-ses04-block4-game2_001.npy,sub001,2,73,26,1,Long,0.8383446077302757,0.482478855267883,0.568915693614852,0.6662840637052008,0.6664810630976414,0.4668975257454314,0.8394529429055921,0.8003883843414094,0.7567109462353585,0.7630568234044531,2.350970983505249,0.0,0.15435147285461426,2.429111957550049,2.9592459201812744,0.007830381393432617,0.0,0.07468390464782715,0.2993590831756592,0.1022636890411377
sub001-ses04-block4-game2_001::b0170,test/sub001/ses-04/sub001-ses04-block4-game2_001.npy,sub001,2,14,26,0,Short,0.9472333517344983,0.6065898336873692,0.7094715273716145,0.6310634756768858,0.3555789977949863,0.06971479532798819,0.789955659255214,0.7357069281674765,0.7703864236871705,0.8904137841427917,0.0,0.007265329360961914,0.0,0.0,0.0,0.0,0.14957308769226074,0.0,0.0,0.0
sub001-ses04-block4-game2_001::b0171,test/sub001/ses-04/sub001-ses04-block4-game2_001.npy,sub001,2,12,26,0,Short,0.941665194227648,0.7669178980113194,0.7035493822726978,0.6150119772682172,0.5984113141664226,0.1815072543674574,0.6946747867026037,0.7412831685782034,0.7948724498674304,0.8021096990712385,3.0881073474884033,2.96720027923584,0.032422780990600586,2.9525954723358154,0.0,0.16284918785095215,0.0,0.16228914260864258,0.3679499626159668,0.0
sub001-ses04-block4-game2_001::b0172,test/sub001/ses-04/sub001-ses04-block4-game2_001.npy,sub001,2,13,26,0,Short,0.750079491534979,0.7357864585063221,0.6428507087869593,0.625025661266177,0.7054111354078733,0.5486549327336755,0.6993372094274413,0.7474085074350447,0.7437329114181745,0.6931678970048448,0.0,0.0,0.24496698379516602,0.0,0.0,0.0,0.0,0.28939175605773926,0.0,0.0
sub001-ses04-block4-game2_001::b0173,test/sub001/ses-04/sub001-ses04-block4-game2_001.npy,sub001,2,6,26,0,Short,0.8590491114712138,0.9438345798136085,0.7412663911181434,0.7647152459037357,0.8196752235645043,0.4703884429674484,0.48510608344016704,0.6913853876432977,0.6812050773378795,0.6068686868907567,0.0,0.1896224021911621,0.0,0.0,3.8756091594696045,0.0,0.4634847640991211,0.0,0.0,0.3526148796081543
sub001-ses04-block4-game2_001::b0174,test/sub001/ses-04/sub001-ses04-block4-game2_001.npy,sub001,2,8,26,0,Short,0.5213728173305727,0.8140935561466078,0.8644728514640931,0.8630555765943886,0.849378401899023,0.7543283023497965,0.6434227555518838,0.6011525404754936,0.5916771878137461,0.6002936637716118,0.0,0.09623432159423828,0.0,0.0,0.0,0.0,0.1763906478881836,0.0,0.0,0.0
sub001-ses04-block4-game2_001::b0175,test/sub001/ses-04/sub001-ses04-block4-game2_001.npy,sub001,2,4,26,0,Short,0.3556497788775249,0.8131192875085264,0.8131192875085264,0.8359126932744945,0.8111995531963712,0.8748305090053154,0.6562614004519475,0.6562614004519475,0.624506536976727,0.6365172741206728,0.026921749114990234,3.2916998863220215,3.2916998863220215,0.0,0.0,0.11599850654602051,0.02316594123840332,0.02316594123840332,0.0,0.0
sub001-ses04-block4-game2_001::b0176,test/sub001/ses-04/sub001-ses04-block4-game2_001.npy,sub001,2,5,26,0,Short,0.9767447284704739,0.7795959460876094,0.8102227364011987,0.7515776223689321,0.853684607824654,0.4167962423071343,0.6507486045545912,0.6180360068169104,0.6493982984412962,0.6265277623201935,0.0,0.0,3.4045002460479736,0.14381694793701172,3.4255900382995605,0.0,0.0,0.0,0.3381474018096924,0.02756333351135254
sub001-ses04-block4-game2_001::b0177,test/sub001/ses-04/sub001-ses04-block4-game2_001.npy,sub001,2,10,26,0,Short,0.7872010758811516,0.9326425472778881,0.9136741219978591,0.7290059992064744,0.5964597363208572,0.5215445169538805,0.5127538929693761,0.47219621131848627,0.6649074121890874,0.7740588825991346,3.5150647163391113,0.07485508918762207,3.7877609729766846,3.9298505783081055,3.781665563583374,0.0,0.5954885482788086,0.004029035568237305,0.14130949974060059,0.0758061408996582
sub001-ses04-block4-game2_001::b0178,test/sub001/ses-04/sub001-ses04-block4-game2_001.npy,sub001,2,2,26,0,Short,0.811395276999392,0.811395276999392,0.811395276999392,0.6614195009339341,0.6614195009339341,0.5170253017313411,0.5170253017313411,0.5170253017313411,0.7046581006390332,0.7046581006390332,4.62448787689209,4.62448787689209,4.62448787689209,0.1375885009765625,0.1375885009765625,1.2891426086425781,1.2891426086425781,1.2891426086425781,0.3575620651245117,0.3575620651245117
sub001-ses04-block4-game2_001::b0179,test/sub001/ses-04/sub001-ses04-block4-game2_001.npy,sub001,2,2,26,0,Short,0.9013945980452875,0.9013945980452875,0.9013945980452875,0.8619059183661388,0.8619059183661388,0.4740314806579304,0.4740314806579304,0.4740314806579304,0.4961230748843092,0.4961230748843092,0.1466975212097168,0.1466975212097168,0.1466975212097168,0.0,0.0,0.0,0.0,0.0,0.0,0.0
sub001-ses04-block4-game2_001::b0180,test/sub001/ses-04/sub001-ses04-block4-game2_001.npy,sub001,2,2,26,0,Short,0.7885387453891973,0.7885387453891973,0.7885387453891973,0.7700017996311466,0.7700017996311466,0.5331415654992742,0.5331415654992742,0.5331415654992742,0.5582454594631948,0.5582454594631948,0.36086177825927734,0.36086177825927734,0.36086177825927734,4.881356716156006,4.881356716156006,0.5388031005859375,0.5388031005859375,0.5388031005859375,0.44313716888427734,0.44313716888427734
sub001-ses04-block4-game2_001::b0181,test/sub001/ses-04/sub001-ses04-block4-game2_001.npy,sub001,2,2,26,0,Short,0.8203215254113353,0.8203215254113353,0.8173975514399284,0.8173975514399284,0.8173975514399284,0.4901379905131038,0.4901379905131038,0.5851092366125596,0.5851092366125596,0.5851092366125596,0.2560410499572754,0.2560410499572754,0.0,0.0,0.0,0.7332830429077148,0.7332830429077148,0.0,0.0,0.0
sub001-ses04-block4-game2_001::b0182,test/sub001/ses-04/sub001-ses04-block4-game2_001.npy,sub001,2,2,26,0,Short,0.8773159518830907,0.8773159518830907,0.8773159518830907,0.8571683159164756,0.8571683159164756,0.4828903983348254,0.4828903983348254,0.4828903983348254,0.5207843815884813,0.5207843815884813,0.0,0.0,0.0,0.030055522918701172,0.030055522918701172,0.0,0.0,0.0,0.9116125106811523,0.9116125106811523
sub001-ses04-block4-game2_001::b0183,test/sub001/ses-04/sub001-ses04-block4-game2_001.npy,sub001,2,2,26,0,Short,0.7328429803433083,0.7328429803433083,0.7328429803433083,0.9317920229757432,0.9317920229757432,0.5578759498196337,0.5578759498196337,0.5578759498196337,0.37872394847942975,0.37872394847942975,0.6665849685668945,0.6665849685668945,0.6665849685668945,4.307863712310791,4.307863712310791,0.2477564811706543,0.2477564811706543,0.2477564811706543,0.0036563873291015625,0.0036563873291015625
sub001-ses04-block4-game2_001::b0184,test/sub001/ses-04/sub001-ses04-block4-game2_001.npy,sub001,2,4,26,0,Short,1.0148452034370645,1.2003708633287569,1.0950426158108526,1.0950426158108526,1.134047864424193,0.5329488034741899,0.23923086628493484,0.4168318020374865,0.4168318020374865,0.17727973739307862,4.795171737670898,0.0,4.936945915222168,4.936945915222168,0.47510528564453125,0.3434305191040039,0.0,0.1957864761352539,0.1957864761352539,0.5326886177062988
sub001-ses04-block4-game2_001::b0185,test/sub001/ses-04/sub001-ses04-block4-game2_001.npy,sub001,2,3,26,0,Short,0.7457870723747664,0.7457870723747664,0.9759845212312088,0.9670745781333494,0.9670745781333494,0.5525937496934529,0.5525937496934529,0.33091292413923135,0.34120931404412763,0.34120931404412763,0.1212158203125,0.1212158203125,4.341926097869873,5.130080223083496,5.130080223083496,0.5673947334289551,0.5673947334289551,0.0,0.05785369873046875,0.05785369873046875
sub001-ses04-block4-game2_001::b0186,test/sub001/ses-04/sub001-ses04-block4-game2_001.npy,sub001,2,3,26,0,Short,0.7037407247586601,0.7037407247586601,1.007202146990065,0.9446751543663587,0.9446751543663587,0.606446537141897,0.606446537141897,0.23242584388879195,0.3507846344386799,0.3507846344386799,0.14461898803710938,0.14461898803710938,4.818203926086426,4.760556221008301,4.760556221008301,0.2504281997680664,0.2504281997680664,0.0,0.11899232864379883,0.11899232864379883
sub001-ses04-block4-game2_001::b0187,test/sub001/ses-04/sub001-ses04-block4-game2_001.npy,sub001,2,18,26,0,Short,0.5277050789561544,1.207088247992493,0.999452587440193,0.8042022452791604,0.7506519313505381,0.7569535743669592,0.13365833557965157,0.42763231077162805,0.6448764325578256,0.6628948873050171,4.028687000274658,0.5800716876983643,0.260866641998291,0.0,3.8273491859436035,0.1529395580291748,0.8561282157897949,0.7958738803863525,0.0,0.0
sub001-ses04-block4-game2_001::b0188,test/sub001/ses-04/sub001-ses04-block4-game2_001.npy,sub001,2,9,26,0,Short,1.1449151595180629,0.8744424630719774,0.9650301740293262,0.8962158599836558,0.9920808374411074,0.3503041408811357,0.48176272047701485,0.3836320869447566,0.4535932808639799,0.40269059508335114,0.0,0.0939483642578125,0.0,4.510153770446777,4.247775077819824,0.0,0.9278032779693604,0.0,1.1034200191497803,0.5518229007720947
sub001-ses04-block4-game2_001::b0189,test/sub001/ses-04/sub001-ses04-block4-game2_001.npy,sub001,2,15,26,0,Short,0.4744394799073243,0.7999158588454504,0.9744502793748694,0.7313362749044853,1.1290126831194915,0.8195305327400361,0.6362775756028887,0.5362172847554265,0.6578055638365211,0.46132988990934276,0.28672122955322266,3.693565607070923,3.5938472747802734,0.0,0.1761765480041504,0.805443525314331,0.0,0.0,0.0,1.021575927734375
sub001-ses04-block4-game2_001::b0191,test/sub001/ses-04/sub001-ses04-block4-game2_001.npy,sub001,2,4,26,0,Short,1.0877591666875521,0.8900414089077611,0.8900414089077611,1.2366345180063325,0.83707718785617,0.37520779777601787,0.5199329539611575,0.5199329539611575,0.3224206637052204,0.48772847324200275,4.13997220993042,4.608534812927246,4.608534812927246,3.961090087890625,4.670905113220215,0.0,0.22126340866088867,0.22126340866088867,0.0,0.3581809997558594
sub001-ses04-block4-game2_001::b0192,test/sub001/ses-04/sub001-ses04-block4-game2_001.npy,sub001,2,14,26,0,Short,0.7733375048567163,1.082792608520036,1.0472730349731298,1.1960466505477891,0.9357229744301777,0.4973705220531188,0.4822565688408992,0.4474483126251434,0.15598958452811634,0.5430902663538889,3.9066295623779297,0.0,0.0,3.536020278930664,0.39571666717529297,0.0,0.0,0.0,0.0,0.750852108001709
sub001-ses04-block4-game2_001::b0193,test/sub001/ses-04/sub001-ses04-block4-game2_001.npy,sub001,2,6,26,0,Short,0.4428348554687362,0.7786885094866327,1.066978960051091,1.0165253365133,1.0238996340912851,0.7923938254813843,0.5712982629490624,0.46250883979154434,0.4588508551712417,0.48144799064059557,3.9828786849975586,3.9099819660186768,0.0,0.0,0.0,0.0,0.03467750549316406,0.0,0.0,0.0
sub001-ses04-block4-game2_001::b0194,test/sub001/ses-04/sub001-ses04-block4-game2_001.npy,sub001,2,4,26,0,Short,0.8868790667308257,0.7961613775326938,0.7961613775326938,0.8148974230732887,1.0765929622729133,0.5622459623261731,0.5967379577403943,0.5967379577403943,0.512996036313342,0.3585937442581958,3.733924150466919,3.5186879634857178,3.5186879634857178,3.6355857849121094,0.6042220592498779,0.0,0.0,0.0,0.0,0.7929785251617432
sub001-ses04-block4-game2_001::b0195,test/sub001/ses-04/sub001-ses04-block4-game2_001.npy,sub001,2,10,26,0,Short,1.0975553414342905,1.1839464953826613,0.9409362814801902,0.92111149339863,0.8546377488862069,0.30399091368068853,0.25740031418834636,0.3155285794309755,0.2125036903338663,0.48637118185525113,4.419035911560059,0.0,0.0,3.840532064437866,0.18977069854736328,0.00794219970703125,0.0,0.0,0.0,0.0
sub001-ses04-block4-game2_001::b0196,test/sub001/ses-04/sub001-ses04-block4-game2_001.npy,sub001,2,2,26,0,Short,0.9782853744620674,0.9782853744620674,0.9782853744620674,0.8838963935875678,0.8838963935875678,0.4881948459015157,0.4881948459015157,0.4881948459015157,0.43601444383030097,0.43601444383030097,3.7485389709472656,3.7485389709472656,3.7485389709472656,0.0,0.0,0.0,0.0,0.0,0.0,0.0
sub001-ses04-block4-game2_001::b0197,test/sub001/ses-04/sub001-ses04-block4-game2_001.npy,sub001,2,8,26,0,Short,0.7790845677016164,0.7561219306920441,0.7597475522837887,0.8836731311586514,0.7395037653571357,0.5942197157887482,0.5247360974634709,0.5578073911788158,0.4348997889941665,0.5948516823900594,3.4515371322631836,0.0,0.15011191368103027,0.0,3.1299550533294678,0.0,0.0,0.0,0.0,0.0
sub001-ses04-block4-game2_001::b0198,test/sub001/ses-04/sub001-ses04-block4-game2_001.npy,sub001,2,24,26,0,Short,0.47043816544932715,0.943352795944792,0.7768893439396553,0.7724647928207359,0.7651899830584049,0.8228445580170248,0.5803220353143723,0.6672896487437655,0.6290830922958149,0.6290141632083688,0.0,0.0,0.0,0.0,3.2596659660339355,0.0,0.0,0.0,0.0,0.0
sub001-ses04-block4-game2_001::b0199,test/sub001/ses-04/sub001-ses04-block4-game2_001.npy,sub001,2,30,26,1,Long,0.8855821240577868,0.8254403444909122,0.9265038377618163,1.0241036932984782,0.9164433873805785,0.449326074277028,0.5757902583616337,0.5265249264000218,0.42418094145731644,0.46349031431609816,3.2168304920196533,0.0,3.4867966175079346,3.4516196250915527,0.0,0.0,0.0,0.0,0.0,0.0
sub001-ses04-block4-game2_001::b0200,test/sub001/ses-04/sub001-ses04-block4-game2_001.npy,sub001,2,5,26,0,Short,0.8540536305992896,0.9407410505469785,0.8800991982666405,0.8134726066507729,0.8446401068598258,0.5451863573791944,0.471879248804305,0.5406504214410728,0.5829640519629886,0.5851568329012548,0.0,3.8397557735443115,0.0,0.0,0.1991281509399414,0.0,0.5929098129272461,0.0,0.0,0.745793342590332
sub001-ses04-block4-game2_001::b0201,test/sub001/ses-04/sub001-ses04-block4-game2_001.npy,sub001,2,4,26,0,Short,0.9144814689424863,0.8236561531355739,0.8236561531355739,1.01789619432131,0.9569171638603878,0.45185173585176996,0.6127798784437339,0.6127798784437339,0.372929980759218,0.5163728059009647,3.698269844055176,3.764620542526245,3.764620542526245,0.0,3.7677032947540283,0.11002755165100098,0.5096116065979004,0.5096116065979004,0.0,0.3765425682067871
sub001-ses04-block4-game2_001::b0202,test/sub001/ses-04/sub001-ses04-block4-game2_001.npy,sub001,2,4,26,0,Short,0.8284859911116422,0.891179510327579,0.8984803956070714,0.8984803956070714,1.044529849187417,0.5055763442227365,0.48771664496651146,0.5497727659424234,0.5497727659424234,0.23038659761807245,0.02351665496826172,0.0,0.017331838607788086,0.017331838607788086,0.0,0.2418060302734375,0.0,0.30164670944213867,0.30164670944213867,0.0
sub001-ses04-block4-game2_001::b0203,test/sub001/ses-04/sub001-ses04-block4-game2_001.npy,sub001,2,3,26,0,Short,0.8311275380354046,0.9434709713361349,0.9434709713361349,0.9434709713361349,1.0351128590673577,0.5238236500645888,0.4558402246549449,0.4558402246549449,0.4558402246549449,0.32647990919153613,0.0,0.23819398880004883,0.23819398880004883,0.23819398880004883,0.06627130508422852,0.0,0.8882668018341064,0.8882668018341064,0.8882668018341064,0.5284051895141602
sub001-ses04-block4-game2_001::b0204,test/sub001/ses-04/sub001-ses04-block4-game2_001.npy,sub001,2,4,26,0,Short,0.8812389260915723,1.3908312181970524,0.8588415729883668,0.8588415729883668,0.9266869626049392,0.44272922434561024,0.01846766096543806,0.5623487197439887,0.5623487197439887,0.5441964275491654,4.185302734375,0.03797411918640137,0.3066236972808838,0.3066236972808838,0.25657081604003906,0.5361440181732178,0.6461794376373291,0.9665534496307373,0.9665534496307373,0.1082448959350586
sub001-ses04-block4-game2_001::b0205,test/sub001/ses-04/sub001-ses04-block4-game2_001.npy,sub001,2,2,26,0,Short,0.8574051349502072,0.8574051349502072,0.8574051349502072,0.8246087044019329,0.8246087044019329,0.4906536183261875,0.4906536183261875,0.4906536183261875,0.5932954904367082,0.5932954904367082,0.0,0.0,0.0,0.0,0.0,0.0,0.0,0.0,0.0,0.0
sub001-ses04-block4-game2_001::b0206,test/sub001/ses-04/sub001-ses04-block4-game2_001.npy,sub001,2,2,26,0,Short,0.8655175764580925,0.8655175764580925,0.8655175764580925,0.9793237103953584,0.9793237103953584,0.510390467396147,0.510390467396147,0.510390467396147,0.4187476654088992,0.4187476654088992,0.0,0.0,0.0,3.958691358566284,3.958691358566284,0.0,0.0,0.0,0.9116945266723633,0.9116945266723633
sub001-ses04-block4-game2_001::b0207,test/sub001/ses-04/sub001-ses04-block4-game2_001.npy,sub001,2,2,26,0,Short,0.8633630130990504,0.8633630130990504,0.8633630130990504,0.9854654423072071,0.9854654423072071,0.530347045291381,0.530347045291381,0.530347045291381,0.48889841134941714,0.48889841134941714,0.0,0.0,0.0,0.0,0.0,0.0,0.0,0.0,0.0,0.0
sub001-ses04-block4-game2_001::b0208,test/sub001/ses-04/sub001-ses04-block4-game2_001.npy,sub001,2,3,26,0,Short,0.9201226243792532,1.057811732000898,1.057811732000898,1.057811732000898,0.9929678203483132,0.4485573511643165,0.22969820419552817,0.22969820419552817,0.22969820419552817,0.4441132809071885,0.0,0.0,0.0,0.0,3.707388162612915,0.0,0.0,0.0,0.0,0.3447537422180176
sub001-ses04-block4-game2_001::b0209,test/sub001/ses-04/sub001-ses04-block4-game2_001.npy,sub001,2,3,26,0,Short,0.8595641328935174,0.8595641328935174,0.96407509526119,0.9289735145684812,0.9289735145684812,0.46726626524914605,0.46726626524914605,0.5001469943077995,0.48480155550952286,0.48480155550952286,3.8524129390716553,3.8524129390716553,4.005178928375244,3.537991762161255,3.537991762161255,0.8924026489257812,0.8924026489257812,0.6452693939208984,0.5961296558380127,0.5961296558380127
sub001-ses04-block4-game2_001::b0210,test/sub001/ses-04/sub001-ses04-block4-game2_001.npy,sub001,2,3,26,0,Short,0.8837092472032204,1.2378204784686784,1.2378204784686784,1.2378204784686784,1.1108335548570714,0.4626584740131049,0.31714310131973666,0.31714310131973666,0.31714310131973666,0.33401655763789895,4.039618015289307,0.0,0.0,0.0,0.0,0.5544183254241943,0.0,0.0,0.0,0.0
sub001-ses04-block4-game2_001::b0211,test/sub001/ses-04/sub001-ses04-block4-game2_001.npy,sub001,2,3,26,0,Short,0.8869158557831698,0.9513061154545538,0.9513061154545538,0.9513061154545538,1.0559849718867909,0.4968955631172306,0.40729104560416257,0.40729104560416257,0.40729104560416257,0.37600495233780185,0.0,0.1344285011291504,0.1344285011291504,0.1344285011291504,0.0,0.0,0.0,0.0,0.0,0.0
sub001-ses04-block4-game2_001::b0212,test/sub001/ses-04/sub001-ses04-block4-game2_001.npy,sub001,2,2,26,0,Short,0.8972187190546314,0.8972187190546314,0.8972187190546314,1.001517096703154,1.001517096703154,0.48109394657701016,0.48109394657701016,0.48109394657701016,0.4153453934383068,0.4153453934383068,0.0,0.0,0.0,0.0,0.0,0.0,0.0,0.0,0.0,0.0
sub001-ses04-block4-game2_001::b0213,test/sub001/ses-04/sub001-ses04-block4-game2_001.npy,sub001,2,4,26,0,Short,0.8975682939678244,1.032745215811071,1.1558574214389004,1.1558574214389004,1.2344690950182287,0.49158826674787104,0.2744918677428983,0.32480660336895517,0.32480660336895517,0.33868998550661517,0.5634253025054932,0.07875323295593262,0.0,0.0,0.0,0.2727048397064209,0.9716310501098633,0.0,0.0,0.0
sub001-ses04-block4-game2_001::b0214,test/sub001/ses-04/sub001-ses04-block4-game2_001.npy,sub001,2,7,26,0,Short,1.044336146180291,1.0769732180092677,0.991195511992528,1.0474661833003642,1.4007575391440312,0.40785250333878353,0.46230928520325437,0.45550634903033804,0.43325230955024996,0.004704004547819496,3.59238338470459,0.0,0.5311484336853027,3.705890655517578,3.6350042819976807,0.8149104118347168,0.0,0.8621361255645752,0.8488171100616455,1.243906021118164
sub001-ses04-block4-game2_001::b0215,test/sub001/ses-04/sub001-ses04-block4-game2_001.npy,sub001,2,4,26,0,Short,0.537411397677748,1.032271053806724,1.032271053806724,0.8945639465003896,1.123877205142161,0.7814861766294253,0.28848070027836614,0.28848070027836614,0.5375300464068439,0.08131513239177796,4.05855131149292,0.0,0.0,4.2456207275390625,0.40625524520874023,0.737614631652832,0.0,0.0,0.9016749858856201,1.3914036750793457
sub001-ses04-block4-game2_001::b0216,test/sub001/ses-04/sub001-ses04-block4-game2_001.npy,sub001,2,2,26,0,Short,1.0054577643407558,1.0054577643407558,1.1109451007098132,1.1109451007098132,1.1109451007098132,0.4545841158982087,0.4545841158982087,0.12980957183281872,0.12980957183281872,0.12980957183281872,0.13918495178222656,0.13918495178222656,0.5560429096221924,0.5560429096221924,0.5560429096221924,0.6512842178344727,0.6512842178344727,1.130624771118164,1.130624771118164,1.130624771118164
sub001-ses04-block4-game2_001::b0217,test/sub001/ses-04/sub001-ses04-block4-game2_001.npy,sub001,2,10,26,0,Short,0.6534841345674934,0.8656506467461073,0.9662585736839949,0.8801992534981001,0.9029507844466543,0.6692671749809085,0.5402620543685057,0.3904908390393842,0.58095253553122,0.49787727858362374,0.1084132194519043,0.0,3.8593430519104004,0.0,0.0572972297668457,0.0,0.0,0.22271728515625,0.0,0.8329529762268066
sub001-ses04-block4-game2_001::b0218,test/sub001/ses-04/sub001-ses04-block4-game2_001.npy,sub001,2,10,26,0,Short,0.7142035430977648,0.9261412706153189,1.0247302268967287,0.8973757812483378,1.0213565190572038,0.5036286487687701,0.5608369182062893,0.5025292664887019,0.5746712890545906,0.48194248067361445,0.0,3.4169387817382812,0.0,3.6011199951171875,0.3770585060119629,0.0,0.059023141860961914,0.0,0.006783246994018555,0.21091604232788086
sub001-ses04-block4-game2_001::b0219,test/sub001/ses-04/sub001-ses04-block4-game2_001.npy,sub001,2,6,26,0,Short,0.5989064232596173,1.0047713732166772,1.0360431788819513,0.9301902871068363,0.9722823367199299,0.7452242634264435,0.42427248267415774,0.47479002051237157,0.4602817434769908,0.4827406304930266,0.5015413761138916,3.3322865962982178,0.0,0.0,0.0,0.5236032009124756,0.0,0.0,0.0,0.0
sub001-ses04-block4-game2_001::b0220,test/sub001/ses-04/sub001-ses04-block4-game2_001.npy,sub001,2,3,26,0,Short,0.39301849803997124,0.39301849803997124,0.962723907030299,0.9973483979876804,0.9973483979876804,0.8509480366585853,0.8509480366585853,0.4296866015097729,0.36674232466995643,0.36674232466995643,0.0,0.0,4.536324501037598,3.734288454055786,3.734288454055786,0.0,0.0,0.2362842559814453,0.0,0.0
sub001-ses04-block4-game2_001::b0221,test/sub001/ses-04/sub001-ses04-block4-game2_001.npy,sub001,2,6,26,0,Short,0.9426688003347684,1.1794712809508008,1.077323573665737,1.079932614686954,1.064316573413475,0.44142548677374793,0.1672720729825522,0.31890626549207624,0.34044192813298346,0.3052045220431003,4.025777339935303,0.051439762115478516,0.0,0.2764143943786621,0.0,0.0,0.7592668533325195,0.0,0.0,0.0
sub001-ses04-block4-game2_001::b0222,test/sub001/ses-04/sub001-ses04-block4-game2_001.npy,sub001,2,4,26,0,Short,1.021086611414654,0.9427746262692063,0.9500407539474442,0.9500407539474442,0.9371568791706281,0.3831371728825388,0.4247209969563222,0.38969677687957444,0.38969677687957444,0.5263277543082969,0.0,0.0,0.0,0.0,3.613182544708252,0.0,0.0,0.0,0.0,0.0
sub001-ses04-block4-game2_001::b0223,test/sub001/ses-04/sub001-ses04-block4-game2_001.npy,sub001,2,3,26,0,Short,0.8574826781275424,0.8574826781275424,1.1111511360244484,0.8461077819124273,0.8461077819124273,0.4503994731933778,0.4503994731933778,0.26581630308371157,0.5649217349905764,0.5649217349905764,3.6411023139953613,3.6411023139953613,0.3820672035217285,0.0,0.0,0.22255468368530273,0.22255468368530273,0.4086437225341797,0.0,0.0
sub001-ses04-block4-game2_001::b0224,test/sub001/ses-04/sub001-ses04-block4-game2_001.npy,sub001,2,4,26,0,Short,0.9324212760445134,1.005623894151012,1.0707107156863171,1.0707107156863171,1.0115670556348386,0.4236397530020347,0.34686238734183994,0.382242992818563,0.382242992818563,0.42336614124922967,0.0,4.208911895751953,0.24788522720336914,0.24788522720336914,0.1270127296447754,0.0,0.5928010940551758,0.22084331512451172,0.22084331512451172,0.552574634552002
sub001-ses04-block4-game2_001::b0225,test/sub001/ses-04/sub001-ses04-block4-game2_001.npy,sub001,2,2,26,0,Short,0.858861311168293,0.858861311168293,1.0192320069924496,1.0192320069924496,1.0192320069924496,0.4917103763862456,0.4917103763862456,0.34285540106088236,0.34285540106088236,0.34285540106088236,4.103541851043701,4.103541851043701,3.897160530090332,3.897160530090332,3.897160530090332,0.6480159759521484,0.6480159759521484,0.0,0.0,0.0
sub001-ses04-block4-game2_001::b0226,test/sub001/ses-04/sub001-ses04-block4-game2_001.npy,sub001,2,16,26,0,Short,0.8677014318290823,0.8768554468782306,0.9812136409630243,0.9613706181916383,0.9251983699718662,0.48777780350855504,0.5104989031755828,0.46017356723228275,0.4650368554126414,0.4915939507606782,4.187155723571777,0.0,0.0,3.80552339553833,3.555474281311035,0.5768661499023438,0.0,0.0,0.13525962829589844,0.0
sub001-ses04-block4-game2_001::b0227,test/sub001/ses-04/sub001-ses04-block4-game2_001.npy,sub001,2,14,26,0,Short,0.9232159366431985,1.105729443729948,0.8865837595471243,1.0713415796104149,1.0696586291081442,0.40042139418747047,0.42402912121618364,0.5856718581915039,0.46094324674584,0.46304477064776967,2.9889254570007324,3.1486873626708984,3.5200862884521484,0.0,0.0,0.0,0.08871603012084961,0.4019904136657715,0.0,0.0
sub001-ses04-block4-game2_001::b0228,test/sub001/ses-04/sub001-ses04-block4-game2_001.npy,sub001,2,4,26,0,Short,1.1231560789930917,0.9447542172223031,1.025073053919051,1.025073053919051,1.1149195572186725,0.3457205416667968,0.2580302586918862,0.15256353807860162,0.15256353807860162,0.3456376272822278,0.13896894454956055,0.0,3.4311861991882324,3.4311861991882324,0.0,0.6978487968444824,0.0,0.13342785835266113,0.13342785835266113,0.0
sub001-ses04-block4-game2_001::b0229,test/sub001/ses-04/sub001-ses04-block4-game2_001.npy,sub001,2,3,26,0,Short,0.8878436740829807,1.034557634931739,1.034557634931739,1.034557634931739,1.0096643726236618,0.48733548690138706,0.17545631062727168,0.17545631062727168,0.17545631062727168,0.03340630626751734,0.07147431373596191,3.451866388320923,3.451866388320923,3.451866388320923,3.5787980556488037,0.0,0.03249812126159668,0.03249812126159668,0.03249812126159668,0.19011425971984863
sub001-ses04-block4-game2_001::b0230,test/sub001/ses-04/sub001-ses04-block4-game2_001.npy,sub001,2,4,26,0,Short,1.1334164505329405,0.9788631539303984,1.0778616196046282,1.0778616196046282,0.9902373769499249,0.09014830154108,0.412398101776571,0.23621870012263285,0.23621870012263285,0.341448669974142,0.0,0.4777958393096924,0.0,0.0,0.0,0.0,0.0,0.0,0.0,0.0
sub001-ses04-block4-game2_001::b0231,test/sub001/ses-04/sub001-ses04-block4-game2_001.npy,sub001,2,3,26,0,Short,1.0424957774570753,1.0424957774570753,0.9492809523055423,1.004648287954364,1.004648287954364,0.28320215450193664,0.28320215450193664,0.3474357578842565,0.21529320294070514,0.21529320294070514,3.5490972995758057,3.5490972995758057,0.0,0.0,0.0,0.22503137588500977,0.22503137588500977,0.0,0.0,0.0
sub001-ses04-block4-game2_001::b0232,test/sub001/ses-04/sub001-ses04-block4-game2_001.npy,sub001,2,2,26,0,Short,0.9896662647884331,0.9896662647884331,0.9896662647884331,1.0980617237285,1.0980617237285,0.46201832540580107,0.46201832540580107,0.46201832540580107,0.10456252103537755,0.10456252103537755,0.0,0.0,0.0,3.19692325592041,3.19692325592041,0.0,0.0,0.0,0.2719881534576416,0.2719881534576416
sub001-ses04-block4-game2_001::b0233,test/sub001/ses-04/sub001-ses04-block4-game2_001.npy,sub001,2,4,26,0,Short,1.0077107730052364,1.0456200430841471,0.9073508814018701,0.9073508814018701,0.9483038784096071,0.4252835257383514,0.2674905783892978,0.3530760843101921,0.3530760843101921,0.4074063209243144,0.016748666763305664,0.0,0.0,0.0,2.340428113937378,0.8749363422393799,0.0,0.0,0.0,0.0
sub001-ses04-block4-game2_001::b0234,test/sub001/ses-04/sub001-ses04-block4-game2_001.npy,sub001,2,2,26,0,Short,0.8058842558756907,0.8058842558756907,0.8058842558756907,0.9526504317369267,0.9526504317369267,0.6160958889771773,0.6160958889771773,0.6160958889771773,0.35578107556114896,0.35578107556114896,3.3863272666931152,3.3863272666931152,3.3863272666931152,0.0,0.0,0.39352893829345703,0.39352893829345703,0.39352893829345703,0.0,0.0
sub001-ses04-block4-game2_001::b0235,test/sub001/ses-04/sub001-ses04-block4-game2_001.npy,sub001,2,3,26,0,Short,0.9885807739112525,1.108286351685887,1.108286351685887,1.108286351685887,1.0280697243040644,0.3947419063003299,0.3308257459211753,0.3308257459211753,0.3308257459211753,0.3589631825031019,3.4553754329681396,0.0,0.0,0.0,0.0,0.25658202171325684,0.0,0.0,0.0,0.0
sub001-ses04-block4-game2_001::b0236,test/sub001/ses-04/sub001-ses04-block4-game2_001.npy,sub001,2,2,26,0,Short,0.9164749727829025,0.9164749727829025,0.9164749727829025,1.0074736934256123,1.0074736934256123,0.47978975926096923,0.47978975926096923,0.47978975926096923,0.4754264548987223,0.4754264548987223,0.0,0.0,0.0,3.646984338760376,3.646984338760376,0.0,0.0,0.0,0.47645115852355957,0.47645115852355957
sub001-ses04-block4-game2_001::b0237,test/sub001/ses-04/sub001-ses04-block4-game2_001.npy,sub001,2,2,26,0,Short,0.9986428257948822,0.9986428257948822,0.9986428257948822,0.8549416588902009,0.8549416588902009,0.46463687400136333,0.46463687400136333,0.46463687400136333,0.5753170759049248,0.5753170759049248,0.0,0.0,0.0,3.341339111328125,3.341339111328125,0.0,0.0,0.0,0.23828530311584473,0.23828530311584473
sub001-ses04-block4-game2_001::b0238,test/sub001/ses-04/sub001-ses04-block4-game2_001.npy,sub001,2,2,26,0,Short,0.94360155270712,0.94360155270712,0.94360155270712,0.815638475114689,0.815638475114689,0.4745097756040248,0.4745097756040248,0.4745097756040248,0.6082295112972774,0.6082295112972774,0.0614011287689209,0.0614011287689209,0.0614011287689209,0.0,0.0,0.37381696701049805,0.37381696701049805,0.37381696701049805,0.0,0.0
sub001-ses04-block4-game2_001::b0239,test/sub001/ses-04/sub001-ses04-block4-game2_001.npy,sub001,2,2,26,0,Short,0.9363178387228166,0.9363178387228166,0.9363178387228166,0.9702267948828266,0.9702267948828266,0.4704540194162944,0.4704540194162944,0.4704540194162944,0.4365969068083555,0.4365969068083555,3.465102434158325,3.465102434158325,3.465102434158325,0.0,0.0,0.5587027072906494,0.5587027072906494,0.5587027072906494,0.0,0.0
sub001-ses04-block4-game2_001::b0240,test/sub001/ses-04/sub001-ses04-block4-game2_001.npy,sub001,2,4,26,0,Short,0.8606686135527069,0.9777872002165342,0.8541752884135223,0.8541752884135223,0.9141116222930512,0.5141940305152118,0.404946658652336,0.5671834343857363,0.5671834343857363,0.5220075657111731,2.927281379699707,3.1013526916503906,2.9604063034057617,2.9604063034057617,3.399278163909912,0.18060994148254395,0.24178051948547363,0.4256770610809326,0.4256770610809326,0.4021637439727783
sub001-ses04-block4-game2_001::b0241,test/sub001/ses-04/sub001-ses04-block4-game2_001.npy,sub001,2,2,26,0,Short,0.8605553264089159,0.8605553264089159,0.8605553264089159,0.8753536476981784,0.8753536476981784,0.503293901840764,0.503293901840764,0.503293901840764,0.4909044361314772,0.4909044361314772,0.028197288513183594,0.028197288513183594,0.028197288513183594,3.546886682510376,3.546886682510376,0.6498599052429199,0.6498599052429199,0.6498599052429199,0.21917986869812012,0.21917986869812012
sub001-ses04-block4-game2_001::b0242,test/sub001/ses-04/sub001-ses04-block4-game2_001.npy,sub001,2,27,26,1,Long,0.972027263176585,1.14170109306528,0.903860094686324,1.0318568938849757,0.8009806282150802,0.4962354456646546,0.17562204683899602,0.5363071157451567,0.4825918775764451,0.5944469151506644,0.35613036155700684,3.7059268951416016,0.0,2.7144556045532227,0.0,0.0,0.6322944164276123,0.0,0.0,0.0
sub001-ses04-block4-game2_001::b0243,test/sub001/ses-04/sub001-ses04-block4-game2_001.npy,sub001,2,10,26,0,Short,0.3867367418452919,0.9009286360982057,0.8684578099173476,0.9152138857602182,0.7709370959868621,0.8590736059982156,0.6101036387313814,0.5849498995671071,0.5707393662665466,0.643035021606384,3.1701831817626953,3.56927227973938,2.8285791873931885,0.07012557983398438,3.4590556621551514,0.0,0.18894720077514648,0.0,0.9613735675811768,0.8159689903259277
sub001-ses04-block4-game2_001::b0244,test/sub001/ses-04/sub001-ses04-block4-game2_001.npy,sub001,2,22,26,0,Short,1.0492818700366606,0.8526962079674272,0.9150218762458692,1.0299458317499381,1.0730040722967065,0.3561959188902923,0.5635072315043718,0.5198339783991252,0.3750512675813649,0.3499183105765375,2.7120718955993652,2.3507208824157715,0.0,0.5338671207427979,2.4875643253326416,0.19736933708190918,0.0,0.0,0.9215953350067139,0.0
sub001-ses04-block4-game2_001::b0245,test/sub001/ses-04/sub001-ses04-block4-game2_001.npy,sub001,2,30,26,1,Long,1.0042898136392642,0.9651049487543669,0.9567246925597052,0.9497911610067358,1.0441298763449813,0.4439257902506208,0.5117880167785406,0.4505722902308702,0.44803831428478624,0.3693564615143365,0.0,2.4989850521087646,0.28474879264831543,0.0,0.049686431884765625,0.0,0.0,0.5250988006591797,0.0,0.0
sub001-ses04-block4-game2_001::b0246,test/sub001/ses-04/sub001-ses04-block4-game2_001.npy,sub001,2,7,26,0,Short,0.9768070665173636,0.9033068465831907,0.9089451029563617,1.0427796745280205,1.1158896744890778,0.4845236749822438,0.47630670430330074,0.42584802257016263,0.36568664258518696,0.35268402082485917,0.04122757911682129,0.0509796142578125,3.4472784996032715,0.03709053993225098,0.0,0.0,0.0,0.7156298160552979,0.18551945686340332,0.0
sub001-ses04-block4-game2_001::b0247,test/sub001/ses-04/sub001-ses04-block4-game2_001.npy,sub001,2,4,26,0,Short,1.0848779309664052,0.9679370472153005,1.1760573731790283,1.1760573731790283,1.2087629240949451,0.40593797002362186,0.4570637312194881,0.3027896208703331,0.3027896208703331,0.23653157174833211,0.04874920845031738,2.7831108570098877,2.8251852989196777,2.8251852989196777,0.06310582160949707,0.0,0.0,0.0,0.0,0.0
sub001-ses04-block4-game2_001::b0248,test/sub001/ses-04/sub001-ses04-block4-game2_001.npy,sub001,2,12,26,0,Short,0.9719197753372908,0.996751927833059,1.0783664197350755,0.9586378826599203,1.0362774018576815,0.5099438310885915,0.4329942444130356,0.3136413923509363,0.39078712651160574,0.40588432283664644,3.1902246475219727,0.20424818992614746,2.916095018386841,2.943331718444824,2.954102039337158,0.2598390579223633,0.2240302562713623,0.07567572593688965,0.08946371078491211,0.21923136711120605
sub001-ses04-block4-game2_001::b0249,test/sub001/ses-04/sub001-ses04-block4-game2_001.npy,sub001,2,4,26,0,Short,0.9980297510764063,1.004332934255933,0.964442230418303,0.964442230418303,1.1578718381933237,0.46461415189944905,0.3949506967598291,0.4412602561826656,0.4412602561826656,0.27357760178702367,2.9564876556396484,0.034233808517456055,0.0,0.0,2.9598419666290283,0.09177112579345703,0.1031944751739502,0.0,0.0,0.0
sub001-ses04-block4-game2_001::b0250,test/sub001/ses-04/sub001-ses04-block4-game2_001.npy,sub001,2,2,26,0,Short,0.9356599633300301,0.9356599633300301,0.9356599633300301,1.0809757575298504,1.0809757575298504,0.4879297842281374,0.4879297842281374,0.4879297842281374,0.3478209433325663,0.3478209433325663,0.0,0.0,0.0,0.0,0.0,0.0,0.0,0.0,0.0,0.0
sub001-ses04-block4-game2_001::b0251,test/sub001/ses-04/sub001-ses04-block4-game2_001.npy,sub001,2,4,26,0,Short,0.9297127202509884,1.1478326081187857,1.1300774725915939,1.1300774725915939,1.2284771112944413,0.515525211940647,0.3109424598110692,0.31935228338058214,0.31935228338058214,0.23471944212316254,3.0102977752685547,2.9995014667510986,0.14265751838684082,0.14265751838684082,2.9602134227752686,0.46768999099731445,0.0830068588256836,0.204545259475708,0.204545259475708,0.04427981376647949
sub001-ses04-block4-game2_001::b0252,test/sub001/ses-04/sub001-ses04-block4-game2_001.npy,sub001,2,3,26,0,Short,0.8860730845909233,0.986144348894244,0.986144348894244,0.986144348894244,1.0178997677046926,0.4701946529161205,0.29620953089651136,0.29620953089651136,0.29620953089651136,0.05859299884962177,0.043709754943847656,0.0,0.0,0.0,0.2098984718322754,0.6486589908599854,0.0,0.0,0.0,1.0418548583984375
sub001-ses04-block4-game2_001::b0253,test/sub001/ses-04/sub001-ses04-block4-game2_001.npy,sub001,2,4,26,0,Short,0.8529902753699804,1.3334845865955716,1.0096375219764342,1.0096375219764342,1.0558833766186915,0.5249530592389152,0.14812764395420724,0.3695110260032043,0.3695110260032043,0.2630920670775866,3.0379207134246826,0.23883342742919922,3.006988525390625,3.006988525390625,3.0747787952423096,0.0,0.704230785369873,0.2777130603790283,0.2777130603790283,0.0
sub001-ses04-block4-game2_001::b0254,test/sub001/ses-04/sub001-ses04-block4-game2_001.npy,sub001,2,2,26,0,Short,0.916018469400526,0.916018469400526,1.055458393721061,1.055458393721061,1.055458393721061,0.4958256310666205,0.4958256310666205,0.273671172637047,0.273671172637047,0.273671172637047,0.608910083770752,0.608910083770752,3.4847817420959473,3.4847817420959473,3.4847817420959473,0.0,0.0,0.5398313999176025,0.5398313999176025,0.5398313999176025
sub001-ses04-block4-game2_001::b0255,test/sub001/ses-04/sub001-ses04-block4-game2_001.npy,sub001,2,2,26,0,Short,0.9038888268808567,0.9038888268808567,0.9038888268808567,1.299487655541224,1.299487655541224,0.523772892660467,0.523772892660467,0.523772892660467,0.19027241784616505,0.19027241784616505,2.6577720642089844,2.6577720642089844,2.6577720642089844,0.744788646697998,0.744788646697998,0.0,0.0,0.0,0.52077317237854,0.52077317237854
sub001-ses04-block4-game2_001::b0256,test/sub001/ses-04/sub001-ses04-block4-game2_001.npy,sub001,2,2,26,0,Short,0.8275715093414969,0.8275715093414969,1.0917870572704897,1.0917870572704897,1.0917870572704897,0.5494103907663211,0.5494103907663211,0.27328256083284747,0.27328256083284747,0.27328256083284747,4.002840042114258,4.002840042114258,0.8772962093353271,0.8772962093353271,0.8772962093353271,0.7202203273773193,0.7202203273773193,0.0933234691619873,0.0933234691619873,0.0933234691619873
sub001-ses04-block4-game2_001::b0257,test/sub001/ses-04/sub001-ses04-block4-game2_001.npy,sub001,2,3,26,0,Short,0.37864623200029496,0.37864623200029496,0.8823378274659319,0.999757037373984,0.999757037373984,0.8638266466097224,0.8638266466097224,0.5745922277207505,0.4349798663127695,0.4349798663127695,0.0,0.0,0.0,0.0,0.0,0.0,0.0,0.0,0.0,0.0
sub001-ses04-block4-game2_001::b0258,test/sub001/ses-04/sub001-ses04-block4-game2_001.npy,sub001,2,5,26,0,Short,0.9504953759018302,0.9647192666576433,0.9896734468012215,1.0327925650242669,1.0304855825366688,0.4404922983557209,0.43258149102274357,0.48475035744927986,0.3611913407607802,0.4513274491073288,3.173522472381592,0.0,0.0,0.28537511825561523,3.4322407245635986,0.6295413970947266,0.0,0.0,0.9837923049926758,0.8614153861999512
sub001-ses04-block4-game2_001::b0259,test/sub001/ses-04/sub001-ses04-block4-game2_001.npy,sub001,2,3,26,0,Short,1.0058915405030049,1.0058915405030049,1.0286975722874327,0.942714951607744,0.942714951607744,0.4036456354601461,0.4036456354601461,0.5325337351163997,0.5015148486701542,0.5015148486701542,0.0,0.0,0.0,0.10840511322021484,0.10840511322021484,0.0,0.0,0.0,1.2920787334442139,1.2920787334442139
sub001-ses04-block4-game2_001::b0260,test/sub001/ses-04/sub001-ses04-block4-game2_001.npy,sub001,2,3,26,0,Short,0.8836804726942086,0.8836804726942086,1.2683850948143687,1.3364281659906838,1.3364281659906838,0.5039223040491693,0.5039223040491693,0.10592778243132067,0.022403551756850437,0.022403551756850437,3.1363131999969482,3.1363131999969482,0.0,3.1948184967041016,3.1948184967041016,0.6564383506774902,0.6564383506774902,0.0,0.5088706016540527,0.5088706016540527
sub001-ses04-block4-game2_001::b0261,test/sub001/ses-04/sub001-ses04-block4-game2_001.npy,sub001,2,2,26,0,Short,1.0176928570159185,1.0176928570159185,1.0176928570159185,1.0465322150054348,1.0465322150054348,0.3713928400670505,0.3713928400670505,0.3713928400670505,0.43042087506075427,0.43042087506075427,0.05805373191833496,0.05805373191833496,0.05805373191833496,0.23603034019470215,0.23603034019470215,0.3784487247467041,0.3784487247467041,0.3784487247467041,1.296278953552246,1.296278953552246
sub001-ses04-block4-game2_001::b0262,test/sub001/ses-04/sub001-ses04-block4-game2_001.npy,sub001,2,2,26,0,Short,1.1283711031605368,1.1283711031605368,1.1283711031605368,1.2624655890585559,1.2624655890585559,0.3442937511899712,0.3442937511899712,0.3442937511899712,0.2578567434968805,0.2578567434968805,1.0102729797363281,1.0102729797363281,1.0102729797363281,4.025812149047852,4.025812149047852,1.1657109260559082,1.1657109260559082,1.1657109260559082,1.7349472045898438,1.7349472045898438
sub001-ses04-block4-game2_001::b0263,test/sub001/ses-04/sub001-ses04-block4-game2_001.npy,sub001,2,2,26,0,Short,1.0753853968132576,1.0753853968132576,1.0753853968132576,1.0807802065357945,1.0807802065357945,0.37715253699481366,0.37715253699481366,0.37715253699481366,0.3963905969963285,0.3963905969963285,0.0,0.0,0.0,3.5008530616760254,3.5008530616760254,0.0,0.0,0.0,1.0520000457763672,1.0520000457763672
sub001-ses04-block4-game2_001::b0264,test/sub001/ses-04/sub001-ses04-block4-game2_001.npy,sub001,2,2,26,0,Short,1.1183859378039895,1.1183859378039895,1.1183859378039895,1.3276069147828664,1.3276069147828664,0.37354513590948313,0.37354513590948313,0.37354513590948313,0.12511531099808698,0.12511531099808698,3.2454216480255127,3.2454216480255127,3.2454216480255127,0.1082158088684082,0.1082158088684082,0.44281673431396484,0.44281673431396484,0.44281673431396484,1.0515351295471191,1.0515351295471191
sub001-ses04-block4-game2_001::b0265,test/sub001/ses-04/sub001-ses04-block4-game2_001.npy,sub001,2,2,26,0,Short,0.9196737679568283,0.9196737679568283,0.9196737679568283,1.0199762467795817,1.0199762467795817,0.44960076571872554,0.44960076571872554,0.44960076571872554,0.31862018539068315,0.31862018539068315,3.819063425064087,3.819063425064087,3.819063425064087,3.9351911544799805,3.9351911544799805,1.0394577980041504,1.0394577980041504,1.0394577980041504,0.8102269172668457,0.8102269172668457
sub001-ses04-block4-game2_001::b0266,test/sub001/ses-04/sub001-ses04-block4-game2_001.npy,sub001,2,2,26,0,Short,0.868207354386497,0.868207354386497,1.0034134239239991,1.0034134239239991,1.0034134239239991,0.49809582203407665,0.49809582203407665,0.45989441749241644,0.45989441749241644,0.45989441749241644,4.073639392852783,4.073639392852783,0.0,0.0,0.0,1.1047749519348145,1.1047749519348145,0.0,0.0,0.0
sub001-ses04-block4-game2_001::b0267,test/sub001/ses-04/sub001-ses04-block4-game2_001.npy,sub001,2,2,26,0,Short,0.9954251072772351,0.9954251072772351,0.9954251072772351,0.9086904134285,0.9086904134285,0.34173342450597277,0.34173342450597277,0.34173342450597277,0.5517399292468556,0.5517399292468556,0.0,0.0,0.0,3.6619949340820312,3.6619949340820312,0.0,0.0,0.0,0.8089618682861328,0.8089618682861328
sub001-ses04-block4-game2_001::b0268,test/sub001/ses-04/sub001-ses04-block4-game2_001.npy,sub001,2,4,26,0,Short,0.9828902984962354,0.9082359267393931,0.9082359267393931,1.0842247314021611,0.9403702204598605,0.48332609353050365,0.46504551367690294,0.46504551367690294,0.2584415716543489,0.3533290295343574,0.0,0.0,0.0,4.086788177490234,3.756528377532959,0.0,0.0,0.0,1.0206480026245117,0.8842275142669678
sub001-ses04-block4-game2_001::b0269,test/sub001/ses-04/sub001-ses04-block4-game2_001.npy,sub001,2,3,26,0,Short,0.8779943402944473,0.8779943402944473,1.0036948391759748,0.9802051845492377,0.9802051845492377,0.5201994977848508,0.5201994977848508,0.3555726019838809,0.37441812820001263,0.37441812820001263,0.010728597640991211,0.010728597640991211,0.0,0.15489840507507324,0.15489840507507324,1.0168228149414062,1.0168228149414062,0.0,0.8428454399108887,0.8428454399108887
sub001-ses04-block4-game2_001::b0270,test/sub001/ses-04/sub001-ses04-block4-game2_001.npy,sub001,2,2,26,0,Short,0.9478540281080073,0.9478540281080073,0.9478540281080073,0.9494356375782504,0.9494356375782504,0.4401578127980674,0.4401578127980674,0.4401578127980674,0.48596654199174166,0.48596654199174166,0.0,0.0,0.0,0.0,0.0,0.0,0.0,0.0,0.0,0.0
sub001-ses04-block4-game2_001::b0271,test/sub001/ses-04/sub001-ses04-block4-game2_001.npy,sub001,2,3,26,0,Short,0.983856396036812,0.983856396036812,1.061790203649148,1.0638728061872023,1.0638728061872023,0.3968866701630907,0.3968866701630907,0.3242372987157151,0.3264125934565238,0.3264125934565238,3.334906578063965,3.334906578063965,0.0,2.7985870838165283,2.7985870838165283,0.34392237663269043,0.34392237663269043,0.0,0.0,0.0
sub001-ses04-block4-game2_001::b0272,test/sub001/ses-04/sub001-ses04-block4-game2_001.npy,sub001,2,2,26,0,Short,0.8819846170632826,0.8819846170632826,0.8819846170632826,0.9138391405194446,0.9138391405194446,0.4955111217000886,0.4955111217000886,0.4955111217000886,0.40132237352832195,0.40132237352832195,3.2725412845611572,3.2725412845611572,3.2725412845611572,3.10168719291687,3.10168719291687,0.44713878631591797,0.44713878631591797,0.44713878631591797,1.0446686744689941,1.0446686744689941
sub001-ses04-block4-game2_001::b0273,test/sub001/ses-04/sub001-ses04-block4-game2_001.npy,sub001,2,10,26,0,Short,1.0919658452582683,1.0183470734575586,1.1338396592929023,1.1488112516220872,1.1447601210731866,0.36461817477860925,0.47863559754929114,0.25793508726913666,0.20715117075652922,0.325928364557012,0.7087972164154053,0.0,0.0,2.8602328300476074,0.20361590385437012,1.0661263465881348,0.0,0.0,0.2771618366241455,0.11257100105285645
sub001-ses04-block4-game2_001::b0274,test/sub001/ses-04/sub001-ses04-block4-game2_001.npy,sub001,2,3,26,0,Short,0.984356398634364,0.984356398634364,1.0335295929746013,1.1742246198701698,1.1742246198701698,0.4500011255000278,0.4500011255000278,0.37266179319618736,0.15154200373378424,0.15154200373378424,0.0,0.0,0.0,2.7875499725341797,2.7875499725341797,0.0,0.0,0.0,0.0,0.0
sub001-ses04-block4-game2_001::b0275,test/sub001/ses-04/sub001-ses04-block4-game2_001.npy,sub001,2,5,26,0,Short,1.0118685381567558,0.9107966253732283,0.9677564985866127,0.9250244651260674,0.9889905405851641,0.4895925115829844,0.47481320896364454,0.4418328084691213,0.4760978553220877,0.419079623207267,2.123692750930786,2.8386034965515137,2.5379929542541504,0.0,3.08801007270813,0.0,0.0,0.0,0.0,0.3009917736053467
sub001-ses04-block4-game2_001::b0276,test/sub001/ses-04/sub001-ses04-block4-game2_001.npy,sub001,2,7,26,0,Short,0.8262986831745678,1.0814722491814175,1.0404535892300364,0.9736589627933452,1.0362715985791022,0.5677963418325027,0.403240775039201,0.4454152503985157,0.5015193288567319,0.4387004764498109,0.2416973114013672,0.0,0.0,3.020031213760376,2.710756301879883,0.053925514221191406,0.0,0.0,0.23270177841186523,0.0
sub001-ses04-block4-game2_001::b0277,test/sub001/ses-04/sub001-ses04-block4-game2_001.npy,sub001,2,5,26,0,Short,1.086310599157541,1.0422559649213665,1.0149151955637803,1.092510036995173,0.9565596350076584,0.34830688657798453,0.47162405584896705,0.5047663602278977,0.39593389302266835,0.5222145589347781,0.13067030906677246,2.6807212829589844,2.964423179626465,2.703793525695801,2.5531070232391357,0.0,0.08278584480285645,0.14499974250793457,0.0,0.0
sub001-ses04-block4-game2_001::b0278,test/sub001/ses-04/sub001-ses04-block4-game2_001.npy,sub001,2,6,26,0,Short,0.9496540779146657,0.9468049881799327,0.9254862924456543,1.0312222504197959,1.0448382955328472,0.4984338151563954,0.523762661565331,0.495077478180047,0.4133433085031496,0.4349574195233063,2.5304393768310547,2.493957996368408,2.631946086883545,0.13662433624267578,2.505474805831909,0.0,0.0,0.0,0.0,0.0
sub001-ses04-block4-game2_001::b0279,test/sub001/ses-04/sub001-ses04-block4-game2_001.npy,sub001,2,3,26,0,Short,1.0033577669154732,1.0033577669154732,1.0249017623269874,1.1353730945564664,1.1353730945564664,0.466217161138901,0.466217161138901,0.5048859955491549,0.39999556764222666,0.39999556764222666,2.499011754989624,2.499011754989624,0.0,2.4729135036468506,2.4729135036468506,0.0,0.0,0.0,0.0,0.0
sub001-ses04-block4-game2_001::b0280,test/sub001/ses-04/sub001-ses04-block4-game2_001.npy,sub001,2,11,26,0,Short,0.984155501626133,0.9101993966102604,0.9704563172807997,1.003012067520367,1.13365575232279,0.48016048155944746,0.5560497494577817,0.5297953093518379,0.42635674648339733,0.2938477579791339,3.093921422958374,0.0,0.0,2.724379301071167,0.0,0.9577288627624512,0.0,0.0,0.0,0.0
sub001-ses04-block4-game2_001::b0281,test/sub001/ses-04/sub001-ses04-block4-game2_001.npy,sub001,2,14,26,0,Short,0.9914304330634651,1.1647481925925707,1.1986718947634116,0.8922906438314606,1.0384576094433808,0.43498808253128296,0.3423107614899945,0.31480256608045676,0.546047470206088,0.49149789821660256,0.0,3.101526975631714,0.0,0.048867225646972656,0.005072832107543945,0.0,0.3431553840637207,0.0,0.05064535140991211,0.2797234058380127
sub001-ses04-block4-game2_001::b0282,test/sub001/ses-04/sub001-ses04-block4-game2_001.npy,sub001,2,12,26,0,Short,0.5327095033619471,1.0772334464111,1.0919529062131412,1.0619566189038387,1.1475885484155794,0.7568784258356092,0.5055735234503582,0.5137083498836458,0.4677058480927794,0.39683705296534977,2.6821670532226562,2.5938639640808105,0.0,0.0,0.0,0.09418249130249023,0.3205859661102295,0.0,0.0,0.0
sub001-ses04-block4-game2_001::b0283,test/sub001/ses-04/sub001-ses04-block4-game2_001.npy,sub001,2,38,26,1,Long,1.2575094672984783,1.1253248210405185,1.1613607629596623,1.0904924783642151,1.0319495958797946,0.05130545512978024,0.42970992838113276,0.3927154258806994,0.3415131831076883,0.4894983201527192,0.146331787109375,0.16284751892089844,2.5781912803649902,2.864955425262451,0.3031654357910156,0.231109619140625,0.241377592086792,0.6583433151245117,1.0098481178283691,0.7480754852294922
sub001-ses04-block4-game2_001::b0284,test/sub001/ses-04/sub001-ses04-block4-game2_001.npy,sub001,2,3,26,0,Short,0.9936956612600752,0.9936956612600752,1.039284771783594,1.0661762243239206,1.0661762243239206,0.43480169131012864,0.43480169131012864,0.4309609036939838,0.43406757088334014,0.43406757088334014,3.010559558868408,3.010559558868408,0.0035533905029296875,3.2087841033935547,3.2087841033935547,0.9072670936584473,0.9072670936584473,1.0356087684631348,0.9123275279998779,0.9123275279998779
sub001-ses04-block4-game2_001::b0285,test/sub001/ses-04/sub001-ses04-block4-game2_001.npy,sub001,2,3,26,0,Short,1.050285406793581,1.050285406793581,0.9768089531582073,1.2140334029496045,1.2140334029496045,0.38691237079271334,0.38691237079271334,0.43842422529392266,0.3579351145621139,0.3579351145621139,0.47515225410461426,0.47515225410461426,0.0,0.0,0.0,0.8042147159576416,0.8042147159576416,0.0,0.0,0.0
sub001-ses04-block4-game2_001::b0286,test/sub001/ses-04/sub001-ses04-block4-game2_001.npy,sub001,2,4,26,0,Short,0.9938492910499283,0.9282144892928454,0.9392584905748953,0.9392584905748953,1.138996353948825,0.4204405598661123,0.5340499253157404,0.543393252292247,0.543393252292247,0.39091825870946556,3.12618350982666,2.651977777481079,3.0773186683654785,3.0773186683654785,0.0,0.8446094989776611,0.7135694026947021,0.4629244804382324,0.4629244804382324,0.0
sub001-ses04-block4-game2_001::b0287,test/sub001/ses-04/sub001-ses04-block4-game2_001.npy,sub001,2,4,26,0,Short,1.0438088224870565,1.347766285655792,1.347766285655792,1.0675085681621628,1.1615469414628135,0.4693186045844868,0.17039145224321872,0.17039145224321872,0.45561574703888313,0.3914678466910795,0.03368949890136719,0.2755923271179199,0.2755923271179199,0.42874693870544434,2.4559788703918457,0.4820408821105957,0.5144016742706299,0.5144016742706299,0.6457700729370117,0.44997119903564453
sub001-ses04-block4-game2_001::b0288,test/sub001/ses-04/sub001-ses04-block4-game2_001.npy,sub001,2,4,26,0,Short,1.0516119463788107,1.2052866092201633,1.1071112712881264,1.1071112712881264,1.1570826740458526,0.37040809774602823,0.2905301445079053,0.39288049817699566,0.39288049817699566,0.3228811233359088,0.41808104515075684,0.0,0.0,0.0,0.0,0.8559603691101074,0.0,0.0,0.0,0.0
sub001-ses04-block4-game2_001::b0289,test/sub001/ses-04/sub001-ses04-block4-game2_001.npy,sub001,2,3,26,0,Short,0.991222769918735,1.2023006869350223,1.2023006869350223,1.2023006869350223,1.2435351461268187,0.46682771290690317,0.3507050446082415,0.3507050446082415,0.3507050446082415,0.25847698240305783,0.0,2.635201930999756,2.635201930999756,2.635201930999756,0.0021104812622070312,0.0,0.5946025848388672,0.5946025848388672,0.5946025848388672,0.7636761665344238
sub001-ses04-block4-game2_001::b0290,test/sub001/ses-04/sub001-ses04-block4-game2_001.npy,sub001,2,2,26,0,Short,1.0173717297049079,1.0173717297049079,1.0173717297049079,1.0769111191408023,1.0769111191408023,0.4114586278222438,0.4114586278222438,0.4114586278222438,0.39880683792944993,0.39880683792944993,2.6003921031951904,2.6003921031951904,2.6003921031951904,2.752685070037842,2.752685070037842,0.5910787582397461,0.5910787582397461,0.5910787582397461,0.6251986026763916,0.6251986026763916
sub001-ses04-block4-game2_001::b0291,test/sub001/ses-04/sub001-ses04-block4-game2_001.npy,sub001,2,20,26,0,Short,1.1225409019186963,1.0721793610917352,1.2172443018371268,1.2935999955541166,1.247340056760803,0.3520238923591419,0.4054197495344914,0.2561313318452366,0.30367463166045316,0.3564862477519316,0.1696460247039795,0.016931772232055664,0.1781775951385498,0.01645064353942871,2.219744920730591,0.3496565818786621,0.8174433708190918,0.09618830680847168,0.5326080322265625,0.07686781883239746
sub001-ses04-block4-game2_001::b0292,test/sub001/ses-04/sub001-ses04-block4-game2_001.npy,sub001,2,13,26,0,Short,0.5479162688480844,1.1130635518242489,1.1674771983128165,1.122429562911053,1.1011460721941468,0.7816747862730777,0.4048064353763958,0.3634578254873623,0.4304914137758492,0.4511585625685477,0.04317069053649902,2.2542428970336914,0.027362585067749023,0.0404207706451416,2.311885356903076,0.3130471706390381,0.0,0.31061649322509766,0.09045290946960449,0.20821809768676758
sub001-ses04-block4-game2_001::b0293,test/sub001/ses-04/sub001-ses04-block4-game2_001.npy,sub001,2,17,26,0,Short,1.0460807772749419,1.251527965720976,1.0911096833071343,1.086292562426895,1.0385172900504012,0.40818627217006986,0.30024986159331957,0.4392161171441563,0.4506402479689269,0.43608949554088117,2.148552656173706,0.0,0.0,0.0,0.0,0.0,0.0,0.0,0.0,0.0
sub001-ses04-block4-game2_001::b0294,test/sub001/ses-04/sub001-ses04-block4-game2_001.npy,sub001,2,6,26,0,Short,1.0702280081322928,0.9836127209907698,0.9420496150623303,1.090475761728238,1.108341002307284,0.42632745597610544,0.5266664986067349,0.5229313296687976,0.46501741173605415,0.3899585131152426,2.201279878616333,0.0,0.0,0.0,0.0,0.1119985580444336,0.0,0.0,0.0,0.0
sub001-ses04-block4-game2_001::b0295,test/sub001/ses-04/sub001-ses04-block4-game2_001.npy,sub001,2,6,26,0,Short,1.0271707928743976,1.0489204313291083,1.2032307518341514,1.191400179447569,1.2928444784837332,0.4608407914689072,0.4934068279946877,0.35334280241940874,0.3488932644917989,0.1666076779668158,0.0,0.0,0.20081305503845215,0.2593960762023926,0.04035639762878418,0.0,0.0,0.5765211582183838,0.03786325454711914,0.06909918785095215
sub001-ses04-block4-game2_001::b0296,test/sub001/ses-04/sub001-ses04-block4-game2_001.npy,sub001,2,3,26,0,Short,1.006513007605028,1.006513007605028,1.122705268546013,1.1481830702098594,1.1481830702098594,0.37348598846991177,0.37348598846991177,0.3300635488809893,0.32969654826013745,0.32969654826013745,2.4617977142333984,2.4617977142333984,0.0,2.7351303100585938,2.7351303100585938,0.19486474990844727,0.19486474990844727,0.0,0.507965087890625,0.507965087890625
sub001-ses04-block4-game2_001::b0297,test/sub001/ses-04/sub001-ses04-block4-game2_001.npy,sub001,2,2,26,0,Short,1.0761510975795123,1.0761510975795123,1.0761510975795123,1.087617251513827,1.087617251513827,0.36093350277526914,0.36093350277526914,0.36093350277526914,0.40567435059348667,0.40567435059348667,2.783522367477417,2.783522367477417,2.783522367477417,2.3780088424682617,2.3780088424682617,0.9551401138305664,0.9551401138305664,0.9551401138305664,0.5514600276947021,0.5514600276947021
sub001-ses04-block4-game2_001::b0298,test/sub001/ses-04/sub001-ses04-block4-game2_001.npy,sub001,2,4,26,0,Short,0.9711015284706739,1.3418565363181711,1.2871484953375707,1.2871484953375707,1.4074357701301718,0.4140940549978094,0.2729007263997244,0.24484448292468097,0.24484448292468097,0.14865606588569788,0.0,0.0,0.0,0.0,0.07188725471496582,0.0,0.0,0.0,0.0,1.0987563133239746
sub001-ses04-block4-game2_001::b0299,test/sub001/ses-04/sub001-ses04-block4-game2_001.npy,sub001,2,2,26,0,Short,1.1292722810012898,1.1292722810012898,1.1292722810012898,1.136531714251052,1.136531714251052,0.3902021808502974,0.3902021808502974,0.3902021808502974,0.4072921854433186,0.4072921854433186,0.0,0.0,0.0,0.0,0.0,0.0,0.0,0.0,0.0,0.0
sub001-ses04-block4-game2_001::b0300,test/sub001/ses-04/sub001-ses04-block4-game2_001.npy,sub001,2,3,26,0,Short,0.9812553705388919,1.162321765558226,1.162321765558226,1.162321765558226,1.1569842409957425,0.4743427045902455,0.3224543245399261,0.3224543245399261,0.3224543245399261,0.24930234291651254,2.41815185546875,0.0,0.0,0.0,2.839794874191284,1.1671226024627686,0.0,0.0,0.0,0.7427787780761719
sub001-ses04-block4-game2_001::b0301,test/sub001/ses-04/sub001-ses04-block4-game2_001.npy,sub001,2,4,26,0,Short,1.0745651641985086,1.1636256069590896,1.2778362423718725,1.2778362423718725,1.2659702458570217,0.4291119989911857,0.35426104019867677,0.2802936620295291,0.2802936620295291,0.23799201121411606,2.7106587886810303,2.4664406776428223,0.06581926345825195,0.06581926345825195,1.8986479043960571,1.4168181419372559,1.027892827987671,0.23580098152160645,0.23580098152160645,0.1558438539505005
sub001-ses04-block4-game2_001::b0302,test/sub001/ses-04/sub001-ses04-block4-game2_001.npy,sub001,2,26,26,1,Long,1.1910597855685907,0.8869473226850184,1.1170902213164082,0.8028158152765814,1.077392979859723,0.377833985987736,0.617967266196265,0.4972591627096021,0.6536010945054928,0.5148887985539523,2.090646982192993,0.10640954971313477,0.0,0.0,2.0354461669921875,0.0,0.2571721076965332,0.0,0.0,0.0
sub001-ses04-block4-game2_001::b0303,test/sub001/ses-04/sub001-ses04-block4-game2_001.npy,sub001,2,3,26,0,Short,1.146513018960784,1.146513018960784,1.1115087247557098,0.979837234443759,0.979837234443759,0.3948380072633052,0.3948380072633052,0.4009283822023681,0.4891035960811424,0.4891035960811424,2.2508544921875,2.2508544921875,0.0,2.538522958755493,2.538522958755493,0.0,0.0,0.0,0.24573969841003418,0.24573969841003418
sub001-ses04-block4-game2_001::b0304,test/sub001/ses-04/sub001-ses04-block4-game2_001.npy,sub001,2,3,26,0,Short,1.1087046282190218,1.1087046282190218,1.0393443018953343,1.1377920611828625,1.1377920611828625,0.45414526888189155,0.45414526888189155,0.4083923098773884,0.315141900520748,0.315141900520748,2.355247735977173,2.355247735977173,0.0,0.0,0.0,0.08022832870483398,0.08022832870483398,0.0,0.0,0.0
sub001-ses04-block4-game2_001::b0305,test/sub001/ses-04/sub001-ses04-block4-game2_001.npy,sub001,2,3,26,0,Short,1.0108484214514113,1.0947450673587675,1.0947450673587675,1.0947450673587675,1.1764639318986883,0.5244202403083025,0.4159548490703141,0.4159548490703141,0.4159548490703141,0.3030376622622687,0.0,2.5709025859832764,2.5709025859832764,2.5709025859832764,2.643941879272461,0.0,0.06902623176574707,0.06902623176574707,0.06902623176574707,0.06389999389648438
sub001-ses04-block4-game2_001::b0306,test/sub001/ses-04/sub001-ses04-block4-game2_001.npy,sub001,2,2,26,0,Short,1.1443730962103373,1.1443730962103373,1.1443730962103373,1.1483929743497845,1.1483929743497845,0.40121394859928405,0.40121394859928405,0.40121394859928405,0.38777721588950476,0.38777721588950476,2.2545723915100098,2.2545723915100098,2.2545723915100098,0.0,0.0,0.0,0.0,0.0,0.0,0.0
sub001-ses04-block4-game2_001::b0308,test/sub001/ses-04/sub001-ses04-block4-game2_001.npy,sub001,2,6,26,0,Short,0.8313477431403079,1.207001965640725,1.161717256939766,1.2562268423874403,1.2772460354530684,0.6449613438850262,0.16008689031352707,0.35642715548426696,0.22431072423641985,0.18271327371934803,0.0,0.0,0.00894927978515625,0.0,2.1125524044036865,0.0,0.0,0.06093955039978027,0.0,0.15273094177246094
sub001-ses04-block4-game2_001::b0309,test/sub001/ses-04/sub001-ses04-block4-game2_001.npy,sub001,2,4,26,0,Short,1.0302298568311539,1.1986929134393178,1.1986929134393178,1.1493650204801495,1.286272392049588,0.49117276556808265,0.3195276673982895,0.3195276673982895,0.27834247912395677,0.23183767260670213,0.0,0.0,0.0,2.3401379585266113,0.0,0.0,0.0,0.0,0.5103633403778076,0.0
sub001-ses04-block4-game2_001::b0310,test/sub001/ses-04/sub001-ses04-block4-game2_001.npy,sub001,2,4,26,0,Short,1.1371663875981906,1.0956496733985315,1.237621160006241,1.237621160006241,1.1670595020249364,0.47432453493200044,0.35679993635450913,0.2573407766416228,0.2573407766416228,0.26282455083908474,2.250488758087158,0.0,0.0,0.0,0.0,0.19705796241760254,0.0,0.0,0.0,0.0
sub001-ses04-block4-game2_001::b0311,test/sub001/ses-04/sub001-ses04-block4-game2_001.npy,sub001,2,10,26,0,Short,1.1044954257582145,1.2470852431249926,1.148054198701723,1.288417382073282,1.241966540194038,0.4401808393776794,0.3294021319785843,0.03732376952841959,0.23214945439667306,0.387147811501138,0.0,1.886273741722107,2.3195748329162598,0.0,1.7875163555145264,0.0,0.007315874099731445,0.2834303379058838,0.0,0.0
sub001-ses04-block4-game2_001::b0312,test/sub001/ses-04/sub001-ses04-block4-game2_001.npy,sub001,2,3,26,0,Short,1.1427336551982548,1.1482500732012553,1.1482500732012553,1.1482500732012553,1.2030185060472278,0.41261013787296,0.361093371223706,0.361093371223706,0.361093371223706,0.36497313500254375,1.9227561950683594,0.024344921112060547,0.024344921112060547,0.024344921112060547,0.0,0.09335410594940186,0.0,0.0,0.0,0.0
sub001-ses04-block4-game2_001::b0313,test/sub001/ses-04/sub001-ses04-block4-game2_001.npy,sub001,2,4,26,0,Short,1.1597967144124874,1.1788553234868706,1.188759561767296,1.188759561767296,1.270307242878805,0.46523156190748993,0.3361583126063094,0.40277986135707045,0.40277986135707045,0.24233593905993311,0.0,0.024937748908996582,0.0,0.0,0.0,0.0,0.2316678762435913,0.0,0.0,0.0
sub001-ses04-block4-game2_001::b0314,test/sub001/ses-04/sub001-ses04-block4-game2_001.npy,sub001,2,7,26,0,Short,1.156260628462561,1.1345078161945725,1.1227798786782397,1.0627111575368184,1.2932136906971676,0.4723809606455815,0.48160327763709887,0.33458955642341665,0.48846853645478405,0.27577232327955514,0.0,0.0,0.0,0.0,2.0073952674865723,0.0,0.0,0.0,0.0,0.25984811782836914
sub001-ses04-block4-game2_001::b0315,test/sub001/ses-04/sub001-ses04-block4-game2_001.npy,sub001,2,4,26,0,Short,1.1686005757299551,1.1981121787470952,1.0770163910278265,1.0770163910278265,1.0759795934840888,0.3446146926594078,0.4276888570739358,0.52146360494503,0.52146360494503,0.41291781104643865,1.7862540483474731,1.684646487236023,1.817229151725769,1.817229151725769,0.0,0.16985857486724854,0.11105585098266602,0.09252095222473145,0.09252095222473145,0.0
sub001-ses04-block4-game2_001::b0316,test/sub001/ses-04/sub001-ses04-block4-game2_001.npy,sub001,2,28,26,1,Long,0.6571104006542857,1.061837520019667,1.1863833114643327,1.1306444381680356,1.1503552612775032,0.7161608649792205,0.4817739468479647,0.39814737749096607,0.48324416400721093,0.41040872506687087,0.0,1.6886945962905884,1.79228937625885,0.0,1.722716212272644,0.0,0.0,0.0,0.0,0.02407371997833252
sub001-ses04-block4-game2_001::b0317,test/sub001/ses-04/sub001-ses04-block4-game2_001.npy,sub001,2,4,26,0,Short,0.5188993717422998,0.8787622817063915,1.032060481631303,1.032060481631303,1.0970611569985473,0.7757257336182375,0.5988007194039611,0.5330861871113841,0.5330861871113841,0.4622607432652395,0.0,0.0,1.5984914302825928,1.5984914302825928,1.7056010961532593,0.0,0.0,0.09852123260498047,0.09852123260498047,0.024647831916809082
sub001-ses04-block4-game2_001::b0318,test/sub001/ses-04/sub001-ses04-block4-game2_001.npy,sub001,2,9,26,0,Short,1.1258991166911836,0.9835454260151598,1.0558397716488517,0.9701048634491329,1.1101460384142559,0.44487592882774063,0.5680220085232235,0.539745831158613,0.5688725119896068,0.4232998054675157,0.17913222312927246,0.20583975315093994,0.0,0.1668236255645752,0.15030908584594727,0.2726860046386719,0.33196067810058594,0.0,0.4265785217285156,0.5236765146255493
sub001-ses04-block4-game2_001::b0319,test/sub001/ses-04/sub001-ses04-block4-game2_001.npy,sub001,2,6,26,0,Short,1.0538850642687536,0.8514388159938823,1.0144208863286923,1.0951176856661147,1.0136766900976435,0.5042778634187128,0.6716822443628594,0.5313145523202105,0.502250998086784,0.5648534006367396,0.0,1.7169278860092163,1.528289556503296,0.0,1.5732526779174805,0.0,0.40935778617858887,0.1996152400970459,0.0,0.18694186210632324
sub001-ses04-block4-game2_001::b0320,test/sub001/ses-04/sub001-ses04-block4-game2_001.npy,sub001,2,53,26,1,Long,1.0924565838496905,1.2714307148213821,1.085950404274399,1.2214682931792447,0.9943339021787714,0.44246420611966597,0.2613731721607126,0.5142816627145814,0.3525166194486665,0.5201877133317184,0.0,1.0004242658615112,1.7884342670440674,0.0,0.2228536605834961,0.0,0.0,0.25820159912109375,0.0,0.2967653274536133
sub001-ses04-block4-game2_001::b0321,test/sub001/ses-04/sub001-ses04-block4-game2_001.npy,sub001,2,3,26,0,Short,1.1112862156125747,1.1112862156125747,1.1327237659095208,1.1563903748287305,1.1563903748287305,0.4583687683005506,0.4583687683005506,0.45205246263004634,0.40649312827773443,0.40649312827773443,1.575144648551941,1.575144648551941,1.5825663805007935,1.8064374923706055,1.8064374923706055,0.22349095344543457,0.22349095344543457,0.27442193031311035,0.15387272834777832,0.15387272834777832
sub001-ses04-block4-game2_001::b0322,test/sub001/ses-04/sub001-ses04-block4-game2_001.npy,sub001,2,4,26,0,Short,1.0988688411979646,1.1412556919059678,1.2793364365092617,1.2793364365092617,1.09032961162083,0.47294125845089674,0.431828295694753,0.31484400641449284,0.31484400641449284,0.4543855936338783,0.023738622665405273,1.6813161373138428,0.011109232902526855,0.011109232902526855,0.0,0.11321687698364258,0.0,0.27990174293518066,0.27990174293518066,0.0
sub001-ses04-block4-game2_001::b0323,test/sub001/ses-04/sub001-ses04-block4-game2_001.npy,sub001,2,25,26,0,Short,1.333397986191528,1.3586369811615437,1.1094428404223335,1.027002171003622,1.0560257428429336,0.17470262219246835,0.18713591826576836,0.4902613809881886,0.5617866681972226,0.5146788953506769,0.0,1.5299931764602661,1.4815845489501953,0.0,0.023404479026794434,0.0,0.0,0.0,0.0,0.0
sub001-ses04-block4-game2_001::b0324,test/sub001/ses-04/sub001-ses04-block4-game2_001.npy,sub001,2,3,26,0,Short,0.9113081164624879,0.9113081164624879,1.0161421545332505,1.3404988307424575,1.3404988307424575,0.5230734696849357,0.5230734696849357,0.5774713971421819,0.2176383511679021,0.2176383511679021,0.09627223014831543,0.09627223014831543,0.012624144554138184,0.0,0.0,0.5162444114685059,0.5162444114685059,0.0,0.0,0.0
sub001-ses04-block4-game2_001::b0325,test/sub001/ses-04/sub001-ses04-block4-game2_001.npy,sub001,2,2,26,0,Short,1.1909051984536523,1.1909051984536523,1.1909051984536523,1.076124191646116,1.076124191646116,0.3864472150164802,0.3864472150164802,0.3864472150164802,0.4870813261690542,0.4870813261690542,1.4387189149856567,1.4387189149856567,1.4387189149856567,1.364477276802063,1.364477276802063,0.699833869934082,0.699833869934082,0.699833869934082,0.0,0.0
sub001-ses04-block4-game2_001::b0327,test/sub001/ses-04/sub001-ses04-block4-game2_001.npy,sub001,2,26,26,1,Long,0.9663560557694578,1.0576056578394237,1.030724320569098,1.03028142488087,1.001917529597023,0.4661314165926862,0.5567204632207607,0.5399472047123124,0.5719726057617265,0.5066974942597031,0.0,1.1659287214279175,1.0054746866226196,0.1319408416748047,1.2144804000854492,0.0,0.0,0.0,0.0,0.08592057228088379
sub001-ses04-block4-game2_001::b0328,test/sub001/ses-04/sub001-ses04-block4-game2_001.npy,sub001,2,24,26,0,Short,0.51994928480254,1.1262725333944357,0.865266806865517,1.0731777065782628,1.0136406137652212,0.7844912963721263,0.4861803452740209,0.6340070437387106,0.520020127088949,0.5767609994716523,0.9808374643325806,0.0,0.0,0.0,1.1983444690704346,0.0514259934425354,0.0,0.0,0.0,0.0
sub001-ses04-block4-game2_001::b0329,test/sub001/ses-04/sub001-ses04-block4-game2_001.npy,sub001,2,44,26,1,Long,1.2563491934679714,1.1964376903236051,1.147171391163318,1.10757421142284,1.2598198070911915,0.4172551446858348,0.4184024381754007,0.48683899971098166,0.5106446130501383,0.3249249712357954,1.3697500228881836,0.0,0.0,0.019008278846740723,0.0,0.09032988548278809,0.0,0.0,0.0,0.0
sub001-ses04-block4-game2_001::b0330,test/sub001/ses-04/sub001-ses04-block4-game2_001.npy,sub001,2,10,26,0,Short,1.1867578776487326,1.1635523208192722,1.068975758561691,1.2482194880155353,0.8992918856738537,0.37699980940730526,0.4469395147231866,0.5252195653290557,0.3180329812244342,0.6647539705317833,1.3983588218688965,1.5784823894500732,1.7489800453186035,0.08707296848297119,0.985934317111969,0.17638146877288818,0.5176706314086914,0.5322045087814331,0.615160346031189,0.0
sub001-ses04-block4-game2_001::b0331,test/sub001/ses-04/sub001-ses04-block4-game2_001.npy,sub001,2,22,26,0,Short,1.3126729929617609,1.0130216808212245,1.1203131086544103,0.8329789016992517,0.6967142605120233,0.2967375373477279,0.5923548603173536,0.5138886176126853,0.6669257717913704,0.7278666756996929,0.026247262954711914,0.09203863143920898,0.0,0.0,0.0,0.12102854251861572,0.17155086994171143,0.0,0.0,0.0
sub001-ses04-block4-game2_001::b0332,test/sub001/ses-04/sub001-ses04-block4-game2_001.npy,sub001,2,4,26,0,Short,0.36617825110381935,0.8535989573673947,0.8009521192957806,0.8009521192957806,0.7775875816529296,0.8640986963532568,0.5220302972488222,0.55283363703265,0.55283363703265,0.6676872639589047,0.08133971691131592,0.0,1.1700925827026367,1.1700925827026367,0.14785432815551758,0.09842789173126221,0.0,0.020631909370422363,0.020631909370422363,0.20985913276672363
sub001-ses04-block4-game2_001::b0333,test/sub001/ses-04/sub001-ses04-block4-game2_001.npy,sub001,2,6,26,0,Short,1.2157548978826096,0.8303254948144788,0.8010129585115873,0.9628426154078008,0.8808275164934525,0.007795258345161649,0.6558369927878754,0.694738917149822,0.6165333775365952,0.6756098278018215,1.4133210182189941,0.0,0.0,0.0,0.15305274724960327,0.9323699474334717,0.0,0.0,0.0,0.2395339012145996
sub001-ses04-block4-game2_001::b0334,test/sub001/ses-04/sub001-ses04-block4-game2_001.npy,sub001,2,5,26,0,Short,1.0479066085956812,0.8032499128056276,1.2566896031066668,1.038533758983832,1.1184099998241377,0.46762118232536665,0.6979619206239664,0.3023071173685239,0.5767427318928641,0.43650630386070954,0.0,1.1163376569747925,0.0,0.0,0.0,0.0,0.3364919424057007,0.0,0.0,0.0
sub001-ses04-block4-game2_001::b0335,test/sub001/ses-04/sub001-ses04-block4-game2_001.npy,sub001,2,10,26,0,Short,1.1919623757590612,1.0689357578629322,1.0825191792340356,0.7746424628465085,1.1195029174932674,0.1540487776067032,0.493248839891398,0.543018887457828,0.7204516702814824,0.5152319654327617,0.9628871083259583,0.0,0.08676654100418091,0.7581405639648438,0.0,0.0,0.0,0.4697906970977783,0.21129506826400757,0.0
sub001-ses04-block4-game2_001::b0336,test/sub001/ses-04/sub001-ses04-block4-game2_001.npy,sub001,2,2,26,0,Short,1.3561364231595858,1.3561364231595858,1.3561364231595858,0.9593324060637164,0.9593324060637164,0.038208057944528806,0.038208057944528806,0.038208057944528806,0.6306116119513209,0.6306116119513209,0.0,0.0,0.0,0.0,0.0,0.0,0.0,0.0,0.0,0.0
sub001-ses04-block4-game2_001::b0337,test/sub001/ses-04/sub001-ses04-block4-game2_001.npy,sub001,2,28,26,1,Long,1.253545798266932,1.065461823623448,0.7961735838173394,1.0925815556388605,0.7852949920853445,0.3475221645133223,0.5527577995260005,0.6984576229527127,0.39646272027378676,0.7156890702661782,0.3596038818359375,0.5423797965049744,1.0666431188583374,1.850812554359436,1.1852684020996094,0.5994871258735657,0.17707675695419312,0.3446112871170044,1.1709224581718445,0.3087371587753296
sub001-ses04-block4-game2_001::b0338,test/sub001/ses-04/sub001-ses04-block4-game2_001.npy,sub001,2,7,26,0,Short,1.3431214645993514,0.9374723123204958,0.6491632733498338,1.0110126673303792,0.9378157574681989,0.276250492117154,0.638901221672665,0.7819394386797981,0.5787195762000346,0.6278498969858601,0.0,0.0,0.0,0.9170276522636414,0.8434971570968628,0.0,0.0,0.0,0.0,0.0
sub001-ses04-block4-game2_001::b0339,test/sub001/ses-04/sub001-ses04-block4-game2_001.npy,sub001,2,30,26,1,Long,1.1213264249434693,1.1382439653883927,0.7839080659965191,0.8724762744660381,0.907919396650551,0.5106349645750177,0.49505115436818375,0.7214536071710206,0.6762289565661356,0.6689516783272146,0.0,0.536281168460846,0.0,0.20856600999832153,0.0,0.0,0.0,0.0,0.0,0.0
sub001-ses04-block4-game2_001::b0340,test/sub001/ses-04/sub001-ses04-block4-game2_001.npy,sub001,2,2,26,0,Short,1.3239852878425244,1.3239852878425244,1.3239852878425244,0.9361553931762323,0.9361553931762323,0.19173800058640372,0.19173800058640372,0.19173800058640372,0.6535133259806618,0.6535133259806618,0.0,0.0,0.0,0.0,0.0,0.0,0.0,0.0,0.0,0.0
sub001-ses04-block4-game2_001::b0341,test/sub001/ses-04/sub001-ses04-block4-game2_001.npy,sub001,2,43,26,1,Long,1.2388434703386084,0.8246343472177671,0.949950805001995,0.9401398983392538,0.9300058594714214,0.3801946666752004,0.6829200171048146,0.6136455783913269,0.535316108724438,0.5920289145694806,0.4628137946128845,0.787204921245575,0.0,0.09190326929092407,0.14505618810653687,0.11078619956970215,0.0,0.0,0.02664005756378174,0.0
sub001-ses04-block4-game2_001::b0342,test/sub001/ses-04/sub001-ses04-block4-game2_001.npy,sub001,2,48,26,1,Long,0.4527217363060376,0.7265765203864999,0.9143522008433405,0.9804775859454842,1.1717065193359875,0.8118097699731543,0.7185977130105108,0.6483996050480642,0.5710366706853593,0.47262550752121935,0.20041906833648682,1.0150457620620728,0.4155532121658325,0.09970426559448242,0.5694479942321777,0.6974085569381714,0.2575169801712036,1.288310170173645,0.6541640758514404,1.2042286396026611
sub001-ses04-block4-game2_001::b0343,test/sub001/ses-04/sub001-ses04-block4-game2_001.npy,sub001,2,199,26,1,Long,1.3370085882966858,0.5870009839996385,0.4059459309502979,0.5931702160096336,0.7075194704493657,0.28012861959611124,0.7998606278110494,0.87957116995861,0.7984170747148249,0.7275346031905101,0.0,0.14163827896118164,0.5537474155426025,3.259955644607544,0.0,0.0,0.14103055000305176,0.24277496337890625,0.7627193927764893,0.0
sub001-ses04-block4-game2_001::b0344,test/sub001/ses-04/sub001-ses04-block4-game2_001.npy,sub001,2,25,26,0,Short,0.820496241685755,0.7451634984842525,0.7351490664419544,0.6332161671790799,0.8476153933502822,0.4585613345086649,0.6786503556770815,0.6464967028890983,0.7387553499041006,0.6133656422936301,0.0,0.0,0.0,3.979875326156616,0.0,0.0,0.0,0.0,0.299285888671875,0.0
sub001-ses04-block4-game2_001::b0345,test/sub001/ses-04/sub001-ses04-block4-game2_001.npy,sub001,2,6,26,0,Short,0.8478481301931773,0.7299710191045631,0.7044606876888923,0.77974874693623,0.8166907237814087,0.42915103360076345,0.676930109855242,0.7324363009304047,0.6292548920438779,0.6175732144300988,4.101367950439453,0.0,0.6959357261657715,4.3811798095703125,0.4827113151550293,0.13631296157836914,0.0,1.2133760452270508,0.6065869331359863,0.8835501670837402
sub001-ses04-block4-game2_001::b0346,test/sub001/ses-04/sub001-ses04-block4-game2_001.npy,sub001,2,18,26,0,Short,0.8968110663143639,0.8214254466447083,0.8094013704430814,0.6372718174464371,0.7020597095229155,0.4675846567266484,0.6365323533514727,0.5657747506600193,0.7121992899828572,0.70306802104421,0.0,4.040380954742432,0.0,0.03269481658935547,4.180550575256348,0.0,0.0,0.0,0.24768877029418945,0.09677791595458984
sub001-ses04-block4-game2_001::b0347,test/sub001/ses-04/sub001-ses04-block4-game2_001.npy,sub001,2,3,26,0,Short,0.7932028514455337,0.7696144846791041,0.7696144846791041,0.7696144846791041,0.8127771910997487,0.4686682318907986,0.6239376726722363,0.6239376726722363,0.6239376726722363,0.6267779947794005,0.0,0.0,0.0,0.0,0.06691169738769531,0.0,0.0,0.0,0.0,0.0
sub001-ses04-block4-game2_001::b0348,test/sub001/ses-04/sub001-ses04-block4-game2_001.npy,sub001,2,3,26,0,Short,0.9126934216556515,0.6207163965339813,0.6207163965339813,0.6207163965339813,0.7298964953494782,0.4238935232361385,0.761166776058807,0.761166776058807,0.761166776058807,0.6804088014193902,0.0,4.245303153991699,4.245303153991699,4.245303153991699,4.2256011962890625,0.0,0.0,0.0,0.0,0.0
sub001-ses04-block4-game2_001::b0349,test/sub001/ses-04/sub001-ses04-block4-game2_001.npy,sub001,2,2,26,0,Short,0.911676985915013,0.911676985915013,0.911676985915013,0.8838046318063976,0.8838046318063976,0.4521395411195428,0.4521395411195428,0.4521395411195428,0.5071324416767089,0.5071324416767089,0.0,0.0,0.0,0.0,0.0,0.0,0.0,0.0,0.0,0.0
sub001-ses04-block4-game2_001::b0350,test/sub001/ses-04/sub001-ses04-block4-game2_001.npy,sub001,2,6,26,0,Short,0.7180067822777,0.6846872823641172,0.8702753354603486,0.8105554763127716,0.6440575486406371,0.542670508276992,0.7000443596581403,0.5165651813856144,0.5271235920386343,0.665118298758655,0.0,0.0,0.0,0.0,5.272909164428711,0.0,0.0,0.0,0.0,0.7109107971191406
sub001-ses04-block4-game2_001::b0351,test/sub001/ses-04/sub001-ses04-block4-game2_001.npy,sub001,2,2,26,0,Short,0.8099088767101463,0.8099088767101463,0.8273065763354418,0.8273065763354418,0.8273065763354418,0.48135220808655377,0.48135220808655377,0.5706922079354052,0.5706922079354052,0.5706922079354052,0.12418174743652344,0.12418174743652344,0.0,0.0,0.0,0.8720688819885254,0.8720688819885254,0.0,0.0,0.0
sub001-ses04-block4-game2_001::b0352,test/sub001/ses-04/sub001-ses04-block4-game2_001.npy,sub001,2,2,26,0,Short,0.739618802813723,0.739618802813723,0.739618802813723,0.8721896440975945,0.8721896440975945,0.5302972750550445,0.5302972750550445,0.5302972750550445,0.47413906790420435,0.47413906790420435,5.454763412475586,5.454763412475586,5.454763412475586,0.0,0.0,0.4559926986694336,0.4559926986694336,0.4559926986694336,0.0,0.0
sub001-ses04-block4-game2_001::b0353,test/sub001/ses-04/sub001-ses04-block4-game2_001.npy,sub001,2,8,26,0,Short,0.7746711786767488,0.71747911273932,0.7992026154198509,0.8477103789048742,0.9344821866689191,0.48420370465606233,0.6047528143973685,0.5659996287546247,0.46508519683202926,0.4003907154254334,5.4840593338012695,5.64883279800415,4.62283182144165,5.536836624145508,5.628222465515137,0.5174212455749512,0.6413631439208984,0.0,0.7685041427612305,0.748692512512207
sub001-ses04-block4-game2_001::b0354,test/sub001/ses-04/sub001-ses04-block4-game2_001.npy,sub001,2,5,26,0,Short,0.8123459045815372,0.7686628505947165,0.9532264600667874,1.0092455900965893,1.0712521822393537,0.46118001357627936,0.5844151107667994,0.41616501660148986,0.37001364520704516,0.3008117276631562,5.361153602600098,0.0,5.368479251861572,0.0,0.0,0.9253463745117188,0.0,1.4253153800964355,0.0,0.0
sub001-ses04-block4-game2_001::b0355,test/sub001/ses-04/sub001-ses04-block4-game2_001.npy,sub001,2,4,26,0,Short,0.8342826627137856,0.8595716217003506,0.7620441548494944,0.7620441548494944,0.7105949130065314,0.4974759239496912,0.4503549986781702,0.5965022695380501,0.5965022695380501,0.6184441816646868,0.2243809700012207,0.03580284118652344,5.078405857086182,5.078405857086182,4.4642205238342285,0.45659351348876953,0.31502485275268555,0.1002187728881836,0.1002187728881836,0.0
sub001-ses04-block4-game2_001::b0356,test/sub001/ses-04/sub001-ses04-block4-game2_001.npy,sub001,2,4,26,0,Short,0.8265919296050331,0.6709503524650107,0.8152132476466498,0.8152132476466498,0.9294552718442369,0.45933891167670865,0.6627042695316963,0.5208066130938215,0.5208066130938215,0.3943771422052279,0.08672523498535156,0.05728578567504883,0.5703973770141602,0.5703973770141602,4.549447536468506,0.1583552360534668,0.709770679473877,0.915738582611084,0.915738582611084,0.0740823745727539
sub001-ses04-block4-game2_001::b0357,test/sub001/ses-04/sub001-ses04-block4-game2_001.npy,sub001,2,4,26,0,Short,0.9054330296152352,0.9382373004921299,0.9820124634777035,0.9820124634777035,0.9189672651997133,0.5037702471401608,0.3789783648230228,0.33996795138099567,0.33996795138099567,0.3730904327735802,0.0,5.129574775695801,5.281867980957031,5.281867980957031,4.916338920593262,0.0,0.7641639709472656,0.8660507202148438,0.8660507202148438,0.20969676971435547
sub001-ses04-block4-game2_001::b0358,test/sub001/ses-04/sub001-ses04-block4-game2_001.npy,sub001,2,3,26,0,Short,0.8291471207298804,0.8291471207298804,0.90701909664201,0.9391070771248898,0.9391070771248898,0.46940234236101264,0.46940234236101264,0.43235260049086277,0.49519179324680307,0.49519179324680307,0.0,0.0,4.545699119567871,4.5856499671936035,4.5856499671936035,0.0,0.0,0.0578618049621582,0.015668869018554688,0.015668869018554688
sub001-ses04-block4-game2_001::b0359,test/sub001/ses-04/sub001-ses04-block4-game2_001.npy,sub001,2,3,26,0,Short,0.815687350321865,0.8431688533423747,0.8431688533423747,0.8431688533423747,0.9664739166223961,0.5151971855808052,0.5443972708998688,0.5443972708998688,0.5443972708998688,0.41564264024011116,0.67462158203125,4.607437610626221,4.607437610626221,4.607437610626221,0.0,1.5626392364501953,0.00946807861328125,0.00946807861328125,0.00946807861328125,0.0
sub001-ses04-block4-game2_001::b0360,test/sub001/ses-04/sub001-ses04-block4-game2_001.npy,sub001,2,3,26,0,Short,0.7934911214664397,0.8162638250221725,0.8162638250221725,0.8162638250221725,0.9224881797516591,0.5096722866923618,0.556601284376028,0.556601284376028,0.556601284376028,0.40558223710150004,0.08763647079467773,0.0,0.0,0.0,4.734363555908203,0.0,0.0,0.0,0.0,0.9906415939331055
sub001-ses04-block4-game2_001::b0361,test/sub001/ses-04/sub001-ses04-block4-game2_001.npy,sub001,2,4,26,0,Short,0.8109829921315395,1.0171794074926819,0.8820447545594691,0.8820447545594691,0.8819553927250646,0.46127182611189566,0.4864848725282584,0.540245658253004,0.540245658253004,0.5217387762150916,4.97331428527832,4.43110466003418,4.489069938659668,4.489069938659668,0.0,0.7359213829040527,0.0,0.5593552589416504,0.5593552589416504,0.0
sub001-ses04-block4-game2_001::b0362,test/sub001/ses-04/sub001-ses04-block4-game2_001.npy,sub001,2,2,26,0,Short,0.7649282377049857,0.7649282377049857,0.7649282377049857,0.8529282873141093,0.8529282873141093,0.5281244807615357,0.5281244807615357,0.5281244807615357,0.5466695016576,0.5466695016576,0.33849430084228516,0.33849430084228516,0.33849430084228516,0.0,0.0,0.6443142890930176,0.6443142890930176,0.6443142890930176,0.0,0.0
sub001-ses04-block4-game2_001::b0363,test/sub001/ses-04/sub001-ses04-block4-game2_001.npy,sub001,2,2,26,0,Short,0.8226344800860326,0.8226344800860326,0.8226344800860326,0.8229328085186309,0.8229328085186309,0.5277623914283683,0.5277623914283683,0.5277623914283683,0.4981231864193709,0.4981231864193709,4.609007835388184,4.609007835388184,4.609007835388184,4.682887554168701,4.682887554168701,0.03902864456176758,0.03902864456176758,0.03902864456176758,0.19917678833007812,0.19917678833007812
sub001-ses04-block4-game2_001::b0364,test/sub001/ses-04/sub001-ses04-block4-game2_001.npy,sub001,2,2,26,0,Short,1.068108077812483,1.068108077812483,1.068108077812483,1.0089121555836535,1.0089121555836535,0.3969844066635082,0.3969844066635082,0.3969844066635082,0.36261479408827607,0.36261479408827607,0.10072755813598633,0.10072755813598633,0.10072755813598633,5.1935577392578125,5.1935577392578125,0.3470005989074707,0.3470005989074707,0.3470005989074707,1.2587080001831055,1.2587080001831055
sub001-ses04-block4-game2_001::b0365,test/sub001/ses-04/sub001-ses04-block4-game2_001.npy,sub001,2,2,26,0,Short,1.1388661728181062,1.1388661728181062,1.1388661728181062,1.015542993774475,1.015542993774475,0.2688749401644632,0.2688749401644632,0.2688749401644632,0.22008440872929141,0.22008440872929141,4.541157245635986,4.541157245635986,4.541157245635986,0.37964963912963867,0.37964963912963867,0.0,0.0,0.0,0.8465890884399414,0.8465890884399414
sub001-ses04-block4-game2_001::b0368,test/sub001/ses-04/sub001-ses04-block4-game2_001.npy,sub001,2,14,26,0,Short,0.5525206259022258,0.9647471251608359,1.1176706768641957,1.071333329286965,0.8753006460200944,0.7834414824340041,0.45924128959345856,0.24968124463859442,0.17829209724583062,0.4227011051103004,3.628309965133667,0.0,4.130113124847412,0.6138515472412109,0.0,0.0,0.0,0.6169931888580322,1.297334909439087,0.0
sub001-ses04-block4-game2_001::b0369,test/sub001/ses-04/sub001-ses04-block4-game2_001.npy,sub001,2,3,26,0,Short,0.8051853198536258,1.3263133511207092,1.3263133511207092,1.3263133511207092,1.0683288673097455,0.553400129500027,0.2614906407775347,0.2614906407775347,0.2614906407775347,0.07820894564020503,0.43728160858154297,0.6114654541015625,0.6114654541015625,0.6114654541015625,0.0,0.5924677848815918,0.45585107803344727,0.45585107803344727,0.45585107803344727,0.0
sub001-ses04-block4-game2_001::b0370,test/sub001/ses-04/sub001-ses04-block4-game2_001.npy,sub001,2,3,26,0,Short,0.8480398720762385,0.8480398720762385,1.116838311186768,1.1686836836056729,1.1686836836056729,0.5813823968411994,0.5813823968411994,0.1784826584257279,0.07984254722715028,0.07984254722715028,4.620481491088867,4.620481491088867,0.0,4.09928035736084,4.09928035736084,0.5768227577209473,0.5768227577209473,0.0,0.05343151092529297,0.05343151092529297
sub001-ses04-block4-game2_001::b0371,test/sub001/ses-04/sub001-ses04-block4-game2_001.npy,sub001,2,3,26,0,Short,0.8594618564772668,0.8594618564772668,0.9443090876672096,1.1157838584919124,1.1157838584919124,0.526093419794017,0.526093419794017,0.16157270213731562,0.20652248250323874,0.20652248250323874,0.21313095092773438,0.21313095092773438,0.0,0.24307966232299805,0.24307966232299805,0.295259952545166,0.295259952545166,0.0,0.0,0.0
sub001-ses04-block4-game2_001::b0372,test/sub001/ses-04/sub001-ses04-block4-game2_001.npy,sub001,2,3,26,0,Short,0.8055090252903799,0.8055090252903799,0.8716349865937532,1.078245798635858,1.078245798635858,0.5810298046613456,0.5810298046613456,0.4144285281984366,0.19435639157205647,0.19435639157205647,0.008501052856445312,0.008501052856445312,0.0,4.643092155456543,4.643092155456543,0.10364818572998047,0.10364818572998047,0.0,0.6612811088562012,0.6612811088562012
sub001-ses04-block4-game2_001::b0373,test/sub001/ses-04/sub001-ses04-block4-game2_001.npy,sub001,2,3,26,0,Short,1.1182878225955615,1.1182878225955615,0.8798463245141157,1.029875048914244,1.029875048914244,0.3129393608295622,0.3129393608295622,0.4173530916294281,0.2724659326596509,0.2724659326596509,4.3861565589904785,4.3861565589904785,0.09518814086914062,3.957221508026123,3.957221508026123,0.3027682304382324,0.3027682304382324,0.5380473136901855,0.0,0.0
sub001-ses04-block4-game2_001::b0374,test/sub001/ses-04/sub001-ses04-block4-game2_001.npy,sub001,2,2,26,0,Short,0.7996811833649915,0.7996811833649915,0.7996811833649915,0.8715917364852471,0.8715917364852471,0.5456181385884475,0.5456181385884475,0.5456181385884475,0.4800829254329805,0.4800829254329805,0.17882180213928223,0.17882180213928223,0.17882180213928223,0.459064245223999,0.459064245223999,0.0,0.0,0.0,0.240386962890625,0.240386962890625
sub001-ses04-block4-game2_001::b0375,test/sub001/ses-04/sub001-ses04-block4-game2_001.npy,sub001,2,2,26,0,Short,0.8549919963251363,0.8549919963251363,0.8549919963251363,0.9915098331642054,0.9915098331642054,0.5187021805059195,0.5187021805059195,0.5187021805059195,0.22228805368757465,0.22228805368757465,0.0,0.0,0.0,0.0,0.0,0.0,0.0,0.0,0.0,0.0
sub001-ses04-block4-game2_001::b0376,test/sub001/ses-04/sub001-ses04-block4-game2_001.npy,sub001,2,3,26,0,Short,0.8135226614538954,0.8135226614538954,0.8298668374056724,0.9348806548386306,0.9348806548386306,0.5244375792837566,0.5244375792837566,0.4820543490259365,0.4321582518083917,0.4321582518083917,0.12506103515625,0.12506103515625,0.028093338012695312,0.03458428382873535,0.03458428382873535,0.16438817977905273,0.16438817977905273,0.3155667781829834,0.013995170593261719,0.013995170593261719
sub001-ses04-block4-game2_001::b0377,test/sub001/ses-04/sub001-ses04-block4-game2_001.npy,sub001,2,4,26,0,Short,1.0426221502633197,0.9382150289397722,0.8081285541576709,0.8081285541576709,0.8069922823288094,0.4143720540825751,0.4511159025489452,0.5851086426254845,0.5851086426254845,0.5775435396515295,4.092878341674805,3.6785762310028076,3.652648687362671,3.652648687362671,0.0,0.45354223251342773,0.07987356185913086,0.0,0.0,0.0
sub001-ses04-block4-game2_001::b0378,test/sub001/ses-04/sub001-ses04-block4-game2_001.npy,sub001,2,3,26,0,Short,0.8240064746141036,0.8240064746141036,0.7858726857617009,0.7389196817718158,0.7389196817718158,0.580071096198012,0.580071096198012,0.636650036781397,0.6166330343320021,0.6166330343320021,3.7502517700195312,3.7502517700195312,4.313472270965576,0.09853601455688477,0.09853601455688477,0.007933378219604492,0.007933378219604492,0.7385826110839844,0.05412936210632324,0.05412936210632324
sub001-ses04-block4-game2_001::b0379,test/sub001/ses-04/sub001-ses04-block4-game2_001.npy,sub001,2,9,26,0,Short,1.1876363366424278,1.1116202114641414,0.9247853471787487,0.8885279022058117,0.9852824353875839,0.0753529838458547,0.4328717593477005,0.5779709947073061,0.6124143289806689,0.5170694048190795,0.29360413551330566,0.6488292217254639,4.057913303375244,0.0,0.22325992584228516,0.9076721668243408,0.9023585319519043,0.35589075088500977,0.0,0.8610646724700928
sub001-ses04-block4-game2_001::b0380,test/sub001/ses-04/sub001-ses04-block4-game2_001.npy,sub001,2,26,26,1,Long,0.563729705566574,0.9192041048230571,0.9472120646238128,0.9625009562296546,0.7968479790833479,0.7834369691820877,0.5670586063686578,0.5757364851137472,0.5787348631452089,0.6585229956226181,0.10083723068237305,0.0,0.0,3.8818750381469727,4.002894401550293,1.396928071975708,0.0,0.0,0.23878836631774902,0.27657651901245117
sub001-ses04-block4-game2_001::b0381,test/sub001/ses-04/sub001-ses04-block4-game2_001.npy,sub001,2,11,26,0,Short,0.9394449522037197,0.7833805339233006,0.7873332379321917,0.773998739771145,0.8659394242366505,0.3347027241988285,0.6618305418646998,0.6679595220472581,0.6549667623561329,0.5921229409735077,0.0,0.0,4.270474910736084,0.17658329010009766,0.20105504989624023,0.0,0.0,0.0,0.7395401000976562,0.2881317138671875
sub001-ses04-block4-game2_001::b0382,test/sub001/ses-04/sub001-ses04-block4-game2_001.npy,sub001,2,8,26,0,Short,0.38079132484475076,0.8915346047159435,0.8692555861367958,0.8406478655670176,0.8142932430506573,0.8456882013999023,0.5501373191436549,0.5531095413340568,0.5046544999066476,0.6163251177830521,0.0,0.3391556739807129,0.0,5.024337291717529,5.061744213104248,0.0,0.3653268814086914,0.0,0.09856176376342773,0.1417865753173828
sub001-ses04-block4-game2_001::b0383,test/sub001/ses-04/sub001-ses04-block4-game2_001.npy,sub001,2,7,26,0,Short,0.8053742961067039,0.9980719720464194,0.8637526122717583,1.1415890034255591,1.0738361956857887,0.46275794982033136,0.327257686316259,0.5072275259488677,0.3377388436012373,0.36082636821523545,0.557403564453125,0.19313716888427734,4.802027702331543,4.959479808807373,0.3577890396118164,0.2504239082336426,0.8051700592041016,0.0,0.15807199478149414,1.323476791381836
sub001-ses04-block4-game2_001::b0384,test/sub001/ses-04/sub001-ses04-block4-game2_001.npy,sub001,2,4,26,0,Short,0.6820036565032294,0.9546790389382537,0.9546790389382537,0.9430289084375376,0.9675120097848703,0.6910638966927687,0.38748051208168494,0.38748051208168494,0.36753198116119634,0.35399737420500216,0.0,0.0,0.0,4.477106094360352,0.0,0.0,0.0,0.0,0.0,0.0
sub001-ses04-block4-game2_001::b0385,test/sub001/ses-04/sub001-ses04-block4-game2_001.npy,sub001,2,4,26,0,Short,0.8893909433109783,1.0336319595481145,0.9468762212092038,0.9468762212092038,1.0001527372192158,0.4111531644849108,0.3818806993072046,0.4350254959842057,0.4350254959842057,0.40232238431335016,0.0,0.10216665267944336,0.0,0.0,0.0,0.0,0.28286314010620117,0.0,0.0,0.0
sub001-ses04-block4-game2_001::b0386,test/sub001/ses-04/sub001-ses04-block4-game2_001.npy,sub001,2,7,26,0,Short,0.7874579234314941,1.1009884955813147,1.124815154282322,0.9256765060238952,0.8987672429039166,0.5601137486443116,0.44160245982366314,0.4516685150126031,0.44882473217498753,0.4994576000647787,0.04182243347167969,0.24023723602294922,0.20599937438964844,4.450328826904297,4.662250518798828,0.20627880096435547,0.4512934684753418,0.0,0.0,0.29492616653442383
sub001-ses04-block4-game2_001::b0387,test/sub001/ses-04/sub001-ses04-block4-game2_001.npy,sub001,2,8,26,0,Short,0.7824414472873561,0.9464735846410754,0.8873754853455337,0.8943908699018208,0.9742129447056014,0.6013152664462609,0.30482557339784166,0.2806394452627213,0.32640802788304074,0.20335420867990156,0.0,4.66261625289917,4.917899131774902,0.17652654647827148,0.0,0.0,0.5763669013977051,0.5689835548400879,0.43444013595581055,0.0
sub001-ses04-block4-game2_001::b0389,test/sub001/ses-04/sub001-ses04-block4-game2_001.npy,sub001,2,8,26,0,Short,0.8420485239685446,0.954153667593741,1.0561821612225055,0.8796299750819704,0.9843755356736963,0.5031109305544692,0.4303187050552892,0.3090902771715174,0.48520417295553264,0.34497158195099686,5.769202709197998,0.0,0.0,0.0,0.0,0.8194108009338379,0.0,0.0,0.0,0.0
sub001-ses04-block4-game2_001::b0390,test/sub001/ses-04/sub001-ses04-block4-game2_001.npy,sub001,2,5,26,0,Short,0.8221064652735732,0.8671590757515344,0.9350282333745537,1.1005057891290038,0.7588113335922598,0.5188603760276767,0.3753998683038666,0.4459836396782218,0.24726089411375424,0.550431697207061,4.472565650939941,4.567683696746826,0.0,4.3447160720825195,0.0,0.06237173080444336,0.2533297538757324,0.0,0.0,0.0
sub001-ses04-block4-game2_001::b0391,test/sub001/ses-04/sub001-ses04-block4-game2_001.npy,sub001,2,2,26,0,Short,1.0327146535549387,1.0327146535549387,1.0327146535549387,1.0410594083368276,1.0410594083368276,0.42432540225941495,0.42432540225941495,0.42432540225941495,0.28130324477462837,0.28130324477462837,0.0,0.0,0.0,4.771006107330322,4.771006107330322,0.0,0.0,0.0,0.3940267562866211,0.3940267562866211
sub001-ses04-block4-game2_001::b0392,test/sub001/ses-04/sub001-ses04-block4-game2_001.npy,sub001,2,2,26,0,Short,0.831235390048428,0.831235390048428,0.831235390048428,1.1386921535120802,1.1386921535120802,0.4737154524902103,0.4737154524902103,0.4737154524902103,0.2608764769087045,0.2608764769087045,4.260915756225586,4.260915756225586,4.260915756225586,4.23267936706543,4.23267936706543,0.0,0.0,0.0,0.10636472702026367,0.10636472702026367
sub001-ses04-block4-game2_001::b0393,test/sub001/ses-04/sub001-ses04-block4-game2_001.npy,sub001,2,4,26,0,Short,0.8140329268259847,0.9444775682233785,0.9444775682233785,1.1177134616063646,1.1131665082035385,0.49281519572586047,0.471094354036689,0.471094354036689,0.26506075573711047,0.31558800639941526,0.0,4.826742172241211,4.826742172241211,0.0,0.0,0.0,0.5085616111755371,0.5085616111755371,0.0,0.0
sub001-ses04-block4-game2_001::b0394,test/sub001/ses-04/sub001-ses04-block4-game2_001.npy,sub001,2,3,26,0,Short,0.7754681612215775,0.8845616354375886,0.8845616354375886,0.8845616354375886,1.2219029998806832,0.49155457680388537,0.5222751940747783,0.5222751940747783,0.5222751940747783,0.1881983700357442,0.0,4.545403957366943,4.545403957366943,4.545403957366943,0.0,0.0,0.28539085388183594,0.28539085388183594,0.28539085388183594,0.0
sub001-ses04-block4-game2_001::b0395,test/sub001/ses-04/sub001-ses04-block4-game2_001.npy,sub001,2,3,26,0,Short,0.8412092881057819,1.193103996530975,1.193103996530975,1.193103996530975,0.8631035946433921,0.5197223187024422,0.08020410253307253,0.08020410253307253,0.08020410253307253,0.5470991818319526,0.7695937156677246,0.4252448081970215,0.4252448081970215,0.4252448081970215,0.41868162155151367,0.6566791534423828,0.6852827072143555,0.6852827072143555,0.6852827072143555,0.8396048545837402
sub001-ses04-block4-game2_001::b0396,test/sub001/ses-04/sub001-ses04-block4-game2_001.npy,sub001,2,3,26,0,Short,0.7922939440061899,0.9865305988430795,0.9865305988430795,0.9865305988430795,0.956394057598968,0.49688886017327416,0.3796770385790282,0.3796770385790282,0.3796770385790282,0.2904820283758161,0.0,0.40367698669433594,0.40367698669433594,0.40367698669433594,0.14285755157470703,0.0,0.9069952964782715,0.9069952964782715,0.9069952964782715,0.9851951599121094
sub001-ses04-block4-game2_001::b0397,test/sub001/ses-04/sub001-ses04-block4-game2_001.npy,sub001,2,3,26,0,Short,0.9299112180581156,0.9299112180581156,0.9433287907442047,0.9796437755485037,0.9796437755485037,0.4849340199528847,0.4849340199528847,0.34257528047084135,0.30585477950059325,0.30585477950059325,0.5568714141845703,0.5568714141845703,0.28317832946777344,0.0,0.0,0.32480382919311523,0.32480382919311523,0.8818426132202148,0.0,0.0
sub001-ses04-block4-game2_001::b0398,test/sub001/ses-04/sub001-ses04-block4-game2_001.npy,sub001,2,3,26,0,Short,0.8421559816872342,0.8421559816872342,0.9122484836453649,1.058100803943992,1.058100803943992,0.49377673553116375,0.49377673553116375,0.43492603623982196,0.3403171349678361,0.3403171349678361,0.0,0.0,0.0,0.0,0.0,0.0,0.0,0.0,0.0,0.0
sub001-ses04-block4-game2_001::b0399,test/sub001/ses-04/sub001-ses04-block4-game2_001.npy,sub001,2,10,26,0,Short,0.8552801112877036,1.0047881311773024,1.0057523443703038,1.0308047886182161,0.9184746203831309,0.4135094726468936,0.28895590378840375,0.4226479077859534,0.4143867620458132,0.5015007821117808,0.0,0.0,3.984506607055664,0.11170101165771484,0.148789644241333,0.0,0.0,0.6422758102416992,1.3435912132263184,1.0393810272216797
sub001-ses04-block4-game2_001::b0400,test/sub001/ses-04/sub001-ses04-block4-game2_001.npy,sub001,2,4,26,0,Short,0.8460307104665664,0.9586193675443722,0.9370655877975992,0.9370655877975992,0.8888588497512507,0.3911256592499317,0.4620596240566396,0.4710133851735153,0.4710133851735153,0.5410768240007426,0.29944539070129395,0.0,0.0,0.0,4.176022529602051,0.6466343402862549,0.0,0.0,0.0,0.7237358093261719
sub001-ses04-block4-game2_001::b0401,test/sub001/ses-04/sub001-ses04-block4-game2_001.npy,sub001,2,5,26,0,Short,0.43198173674602636,0.7517442687442819,0.8735992445446388,0.9139560724654475,0.910981752177488,0.8311804960835552,0.573186845110195,0.49825416991382787,0.48591708242124465,0.38691578410130956,4.459259033203125,4.350032806396484,0.0,0.19250059127807617,4.935370922088623,0.0,0.0,0.0,0.0,0.16011571884155273
sub001-ses04-block4-game2_001::b0402,test/sub001/ses-04/sub001-ses04-block4-game2_001.npy,sub001,2,4,26,0,Short,0.8520710382649459,1.0017971151862892,0.9580830271574574,0.9580830271574574,1.1458443041681485,0.49384724698366456,0.41213347689938884,0.38445980619583264,0.38445980619583264,0.2823821708587853,0.4913511276245117,4.71759033203125,0.0,0.0,0.7175846099853516,0.529141902923584,0.6869134902954102,0.0,0.0,0.6975741386413574
sub001-ses04-block4-game2_001::b0403,test/sub001/ses-04/sub001-ses04-block4-game2_001.npy,sub001,2,2,26,0,Short,0.8024409780055415,0.8024409780055415,0.8024409780055415,1.1101448436952135,1.1101448436952135,0.4942803120687519,0.4942803120687519,0.4942803120687519,0.28934517899944984,0.28934517899944984,0.004322528839111328,0.004322528839111328,0.004322528839111328,0.0,0.0,0.5643868446350098,0.5643868446350098,0.5643868446350098,0.0,0.0
sub001-ses04-block4-game2_001::b0404,test/sub001/ses-04/sub001-ses04-block4-game2_001.npy,sub001,2,3,26,0,Short,0.6928081583720787,0.6928081583720787,1.2794541961752142,0.9529150363625479,0.9529150363625479,0.5851849464111298,0.5851849464111298,0.26133737244566757,0.18542784050400313,0.18542784050400313,0.12246894836425781,0.12246894836425781,0.41893720626831055,4.33053731918335,4.33053731918335,0.6596927642822266,0.6596927642822266,0.9764432907104492,0.9538130760192871,0.9538130760192871
sub001-ses04-block4-game2_001::b0405,test/sub001/ses-04/sub001-ses04-block4-game2_001.npy,sub001,2,17,26,0,Short,0.9346224630894163,1.155182461342357,1.231959689768555,1.004959540129795,0.8985489081263198,0.484718358399289,0.2903215582862083,0.20140518960163245,0.2813599069190534,0.5157619841723273,0.0,4.128798007965088,4.030627250671387,4.194888591766357,0.0,0.0,0.03937244415283203,0.0,0.12839746475219727,0.0
sub001-ses04-block4-game2_001::b0406,test/sub001/ses-04/sub001-ses04-block4-game2_001.npy,sub001,2,18,26,0,Short,0.7744950413593326,0.9850376202616135,1.077330333889741,1.027519134501819,0.8837581339799035,0.6178184240366636,0.350518757449626,0.29009993241603116,0.36141882641287043,0.5345262936142932,0.0,0.31551170349121094,4.598221778869629,4.379589080810547,0.0,0.0,0.14013004302978516,0.33356618881225586,0.2458806037902832,0.0
sub001-ses04-block4-game2_001::b0407,test/sub001/ses-04/sub001-ses04-block4-game2_001.npy,sub001,2,4,26,0,Short,1.2877941315474355,1.0156624370473517,1.1402017024725999,1.1402017024725999,1.1280585522413547,0.08280906797481985,0.2676317998356602,0.19780063367809247,0.19780063367809247,0.027642871147342818,4.164109706878662,0.0,4.751670837402344,4.751670837402344,4.211574077606201,0.1857776641845703,0.0,2.638594150543213,2.638594150543213,1.1317698955535889
sub001-ses04-block4-game2_001::b0408,test/sub001/ses-04/sub001-ses04-block4-game2_001.npy,sub001,2,3,26,0,Short,0.929818191661738,0.929818191661738,1.3762320403266903,1.407655299396029,1.407655299396029,0.45669639181308574,0.45669639181308574,0.010124362256498154,0.08038402278456197,0.08038402278456197,0.3600594997406006,0.3600594997406006,0.0,0.0,0.0,0.6198863983154297,0.6198863983154297,0.0,0.0,0.0
sub001-ses04-block4-game2_001::b0409,test/sub001/ses-04/sub001-ses04-block4-game2_001.npy,sub001,2,3,26,0,Short,0.8858452627490441,0.8858452627490441,0.9883428001751718,1.1147452683822272,1.1147452683822272,0.42852897103640025,0.42852897103640025,0.4701331641432419,0.2737121987723679,0.2737121987723679,0.22462725639343262,0.22462725639343262,4.391300201416016,0.0,0.0,0.17482376098632812,0.17482376098632812,1.1315507888793945,0.0,0.0
sub001-ses04-block4-game2_001::b0410,test/sub001/ses-04/sub001-ses04-block4-game2_001.npy,sub001,2,3,26,0,Short,0.8441402304011657,0.8441402304011657,0.8669855256548408,1.00359564433801,1.00359564433801,0.48776043174195927,0.48776043174195927,0.5391062010025565,0.4613651642363724,0.4613651642363724,2.642775535583496,2.642775535583496,0.0,3.5470595359802246,3.5470595359802246,0.0,0.0,0.0,0.11194896697998047,0.11194896697998047
sub001-ses04-block4-game2_001::b0411,test/sub001/ses-04/sub001-ses04-block4-game2_001.npy,sub001,2,2,26,0,Short,0.9055226527605351,0.9055226527605351,0.9055226527605351,0.9229904948366863,0.9229904948366863,0.5114160021624761,0.5114160021624761,0.5114160021624761,0.535108673281524,0.535108673281524,3.7512340545654297,3.7512340545654297,3.7512340545654297,0.0,0.0,0.5418083667755127,0.5418083667755127,0.5418083667755127,0.0,0.0
sub001-ses04-block4-game2_001::b0412,test/sub001/ses-04/sub001-ses04-block4-game2_001.npy,sub001,2,2,26,0,Short,0.9266802600714901,0.9266802600714901,0.9266802600714901,0.8981669034530484,0.8981669034530484,0.48428117481289934,0.48428117481289934,0.48428117481289934,0.5010846537464368,0.5010846537464368,0.09511518478393555,0.09511518478393555,0.09511518478393555,0.0,0.0,0.3124511241912842,0.3124511241912842,0.3124511241912842,0.0,0.0
sub001-ses04-block4-game2_001::b0414,test/sub001/ses-04/sub001-ses04-block4-game2_001.npy,sub001,2,3,26,0,Short,0.8286916539814536,1.092468373976207,1.092468373976207,1.092468373976207,1.079278018127894,0.5392793104813941,0.39964947774694937,0.39964947774694937,0.39964947774694937,0.3951470595532061,3.686178684234619,0.0,0.0,0.0,0.02756810188293457,0.0,0.0,0.0,0.0,0.6539278030395508
sub001-ses04-block4-game2_001::b0416,test/sub001/ses-04/sub001-ses04-block4-game2_001.npy,sub001,2,4,26,0,Short,1.0290823582422597,1.169561926548618,1.0863146810866924,1.0863146810866924,0.9965398219548727,0.40004931854626363,0.1332456088409934,0.1906731604302888,0.1906731604302888,0.3024567095739335,3.8482766151428223,0.0,0.0,0.0,0.11611080169677734,0.8110413551330566,0.0,0.0,0.0,0.5602858066558838
sub001-ses04-block4-game2_001::b0417,test/sub001/ses-04/sub001-ses04-block4-game2_001.npy,sub001,2,3,26,0,Short,0.938649641990693,0.938649641990693,1.1242444247994683,0.966413530491635,0.966413530491635,0.4604219081238049,0.4604219081238049,0.09407699863048447,0.3641711003846036,0.3641711003846036,3.3603675365448,3.3603675365448,3.2273571491241455,0.0,0.0,0.7636735439300537,0.7636735439300537,0.0,0.0,0.0
sub001-ses04-block4-game2_001::b0418,test/sub001/ses-04/sub001-ses04-block4-game2_001.npy,sub001,2,5,26,0,Short,0.9721894063033019,1.1272812943466048,1.1694351353481576,1.107042858743178,1.1547881111560905,0.44426957803473854,0.2908745131846518,0.2799451227175641,0.26573751606787127,0.1948606889459923,2.760929584503174,3.1819674968719482,3.0849766731262207,3.1909427642822266,0.0,0.0,0.25687623023986816,0.48073387145996094,0.04865455627441406,0.0
sub001-ses04-block4-game2_001::b0420,test/sub001/ses-04/sub001-ses04-block4-game2_001.npy,sub001,2,3,26,0,Short,0.536481581216545,0.9893304806029407,0.9893304806029407,0.9893304806029407,0.8984213737348383,0.7752152268745932,0.2674573109626863,0.2674573109626863,0.2674573109626863,0.506782183590854,3.777705669403076,0.0,0.0,0.0,3.970015048980713,0.25788140296936035,0.0,0.0,0.0,0.8025436401367188
sub001-ses04-block4-game2_001::b0421,test/sub001/ses-04/sub001-ses04-block4-game2_001.npy,sub001,2,12,26,0,Short,0.9076127435514313,0.9717688662367724,0.7948676278795745,0.9141709648097076,0.9030740096497276,0.4757098470463637,0.45441766252234816,0.558221478168786,0.4844205300907881,0.5034251442827484,3.8841826915740967,2.4950687885284424,0.0,3.6226251125335693,3.533930540084839,0.23705410957336426,0.34325408935546875,0.0,0.6135897636413574,0.27301502227783203
sub001-ses04-block4-game2_001::b0422,test/sub001/ses-04/sub001-ses04-block4-game2_001.npy,sub001,2,4,26,0,Short,0.8155951251006159,0.9235116902530718,1.396554203465522,1.396554203465522,1.156437599268004,0.5246828284298055,0.5014547661372452,0.1340679840590603,0.1340679840590603,0.26207299658835614,4.0628485679626465,0.0,0.0,0.0,0.0,0.6541492938995361,0.0,0.0,0.0,0.0
sub001-ses04-block4-game2_001::b0423,test/sub001/ses-04/sub001-ses04-block4-game2_001.npy,sub001,2,4,26,0,Short,0.9321290717547112,1.0062640743506908,1.0062640743506908,0.9696564822494,1.010335020287965,0.4435913371892618,0.39319840057203503,0.39319840057203503,0.4486540414106436,0.40755718319349266,0.15637731552124023,3.7807810306549072,3.7807810306549072,3.9271655082702637,3.400477170944214,0.4350881576538086,0.1743149757385254,0.1743149757385254,0.5097463130950928,0.0
sub001-ses04-block4-game2_001::b0424,test/sub001/ses-04/sub001-ses04-block4-game2_001.npy,sub001,2,3,26,0,Short,0.9365251165892656,0.9365251165892656,1.0028469210623923,1.181986547981639,1.181986547981639,0.4631363069564378,0.4631363069564378,0.5444876961154883,0.26886618844825594,0.26886618844825594,0.12966394424438477,0.12966394424438477,0.35445213317871094,0.3891782760620117,0.3891782760620117,0.295452356338501,0.295452356338501,0.4293084144592285,0.6531352996826172,0.6531352996826172
sub001-ses04-block4-game2_001::b0425,test/sub001/ses-04/sub001-ses04-block4-game2_001.npy,sub001,2,2,26,0,Short,0.9577349952230672,0.9577349952230672,0.9577349952230672,0.9996621357869415,0.9996621357869415,0.4358395070698508,0.4358395070698508,0.4358395070698508,0.4431728454994922,0.4431728454994922,0.33423852920532227,0.33423852920532227,0.33423852920532227,3.2512078285217285,3.2512078285217285,0.3065195083618164,0.3065195083618164,0.3065195083618164,0.0,0.0
sub001-ses04-block4-game2_001::b0426,test/sub001/ses-04/sub001-ses04-block4-game2_001.npy,sub001,2,2,26,0,Short,0.9437658692339301,0.9437658692339301,0.9437658692339301,0.8787869986011845,0.8787869986011845,0.4857695820535237,0.4857695820535237,0.4857695820535237,0.5472147278843726,0.5472147278843726,0.06535124778747559,0.06535124778747559,0.06535124778747559,2.8455793857574463,2.8455793857574463,0.3235495090484619,0.3235495090484619,0.3235495090484619,0.0,0.0
sub001-ses04-block4-game2_001::b0427,test/sub001/ses-04/sub001-ses04-block4-game2_001.npy,sub001,2,3,26,0,Short,0.9801403974342894,0.9801403974342894,0.9450925501361626,1.1329362881636817,1.1329362881636817,0.428571571763008,0.428571571763008,0.4260302891160336,0.2643376784389102,0.2643376784389102,2.974583864212036,2.974583864212036,0.0,2.9769675731658936,2.9769675731658936,0.0,0.0,0.0,0.0,0.0
sub001-ses04-block4-game2_001::b0428,test/sub001/ses-04/sub001-ses04-block4-game2_001.npy,sub001,2,4,26,0,Short,0.9529846089668076,0.9965484692213284,0.9907075309532495,0.9907075309532495,0.8440981230326281,0.4257280068205318,0.4715703908492718,0.4689278189136813,0.4689278189136813,0.6204423499482543,2.911036491394043,0.0,3.428773880004883,3.428773880004883,3.0516161918640137,0.0,0.0,0.3770592212677002,0.3770592212677002,0.11452889442443848
sub001-ses04-block4-game2_001::b0429,test/sub001/ses-04/sub001-ses04-block4-game2_001.npy,sub001,2,3,26,0,Short,0.9217811138776513,0.9217811138776513,0.9774113447596311,1.0531869806228706,1.0531869806228706,0.484755539903153,0.484755539903153,0.39307686381509155,0.3949885201019917,0.3949885201019917,0.11037516593933105,0.11037516593933105,0.06715011596679688,0.0,0.0,0.017755985260009766,0.017755985260009766,0.13956618309020996,0.0,0.0
sub001-ses04-block4-game2_001::b0430,test/sub001/ses-04/sub001-ses04-block4-game2_001.npy,sub001,2,3,26,0,Short,1.0186274580139736,1.0186274580139736,0.9479778002117514,1.0842478918745504,1.0842478918745504,0.38398645043837376,0.38398645043837376,0.4758394128603172,0.40742738322617666,0.40742738322617666,0.0,0.0,3.505638360977173,2.9772989749908447,2.9772989749908447,0.0,0.0,0.11319541931152344,0.0,0.0
sub001-ses04-block4-game2_001::b0431,test/sub001/ses-04/sub001-ses04-block4-game2_001.npy,sub001,2,3,26,0,Short,0.9859768366382777,0.9637086295687057,0.9637086295687057,0.9637086295687057,0.9114307259085299,0.42919784318512877,0.49519063930214535,0.49519063930214535,0.49519063930214535,0.5619068065947159,0.0,0.4137413501739502,0.4137413501739502,0.4137413501739502,0.0,0.0,0.26822853088378906,0.26822853088378906,0.26822853088378906,0.0
sub001-ses04-block4-game2_001::b0432,test/sub001/ses-04/sub001-ses04-block4-game2_001.npy,sub001,2,2,26,0,Short,0.9854479712105908,0.9854479712105908,0.9854479712105908,0.9397809380388544,0.9397809380388544,0.4235840425375861,0.4235840425375861,0.4235840425375861,0.5363192117479005,0.5363192117479005,2.7308719158172607,2.7308719158172607,2.7308719158172607,0.0670781135559082,0.0670781135559082,0.6204354763031006,0.6204354763031006,0.6204354763031006,0.0,0.0
sub001-ses04-block4-game2_001::b0433,test/sub001/ses-04/sub001-ses04-block4-game2_001.npy,sub001,2,5,26,0,Short,1.042212032054109,0.9194125862831934,1.0690136585692414,0.8727035563928768,1.0912731371554056,0.4348572326338066,0.5949216420594204,0.4413211790104884,0.6021965568324683,0.4195902313754384,0.11740255355834961,0.39300060272216797,0.0,2.3331663608551025,2.330975294113159,0.024682283401489258,0.0,0.0,0.0,0.032865047454833984
sub001-ses04-block4-game2_001::b0434,test/sub001/ses-04/sub001-ses04-block4-game2_001.npy,sub001,2,3,26,0,Short,1.061445127887775,1.2499343839354364,1.2499343839354364,1.2499343839354364,1.0976408373433364,0.39624110457401707,0.2095253123963649,0.2095253123963649,0.2095253123963649,0.36131267637632225,2.87347412109375,0.2801706790924072,0.2801706790924072,0.2801706790924072,0.0,0.2271122932434082,0.48128795623779297,0.48128795623779297,0.48128795623779297,0.0
sub001-ses04-block4-game2_001::b0435,test/sub001/ses-04/sub001-ses04-block4-game2_001.npy,sub001,2,4,26,0,Short,1.0304712554505093,1.0101758574594604,1.0513911434371155,1.0513911434371155,1.0659853681430491,0.4167897604377149,0.46982490599273713,0.4063596702614677,0.4063596702614677,0.4006153379383391,0.0,0.0,0.0,0.0,0.2708916664123535,0.0,0.0,0.0,0.0,0.4531126022338867
sub001-ses04-block4-game2_001::b0436,test/sub001/ses-04/sub001-ses04-block4-game2_001.npy,sub001,2,2,26,0,Short,1.1327242551408652,1.1327242551408652,1.1327242551408652,1.0790623571077858,1.0790623571077858,0.26061962887469664,0.26061962887469664,0.26061962887469664,0.42922138774011503,0.42922138774011503,0.0,0.0,0.0,0.49135804176330566,0.49135804176330566,0.0,0.0,0.0,0.7641699314117432,0.7641699314117432
sub001-ses04-block4-game2_001::b0437,test/sub001/ses-04/sub001-ses04-block4-game2_001.npy,sub001,2,4,26,0,Short,1.0310463009750452,1.2280299596851791,1.135132606421489,1.135132606421489,1.0640651913878434,0.3987861849197516,0.18688170620828892,0.3430528484183489,0.3430528484183489,0.3154507129325713,0.30485987663269043,0.3500547409057617,0.4866352081298828,0.4866352081298828,0.4188098907470703,0.3513939380645752,0.0,0.0,0.0,0.17166900634765625
sub001-ses04-block4-game2_001::b0438,test/sub001/ses-04/sub001-ses04-block4-game2_001.npy,sub001,2,3,26,0,Short,1.0236470955430337,1.0236470955430337,1.1748434791145033,1.2083246022930514,1.2083246022930514,0.40943011312793637,0.40943011312793637,0.2307309888489491,0.31050367285629593,0.31050367285629593,0.584648609161377,0.584648609161377,0.27007484436035156,0.021175384521484375,0.021175384521484375,0.25714969635009766,0.25714969635009766,0.9302012920379639,0.21610307693481445,0.21610307693481445
sub001-ses04-block4-game2_001::b0439,test/sub001/ses-04/sub001-ses04-block4-game2_001.npy,sub001,2,4,26,0,Short,0.9192072337991561,1.1026248758240795,1.1492877959316163,1.1492877959316163,1.0989993742933424,0.45576950358086127,0.4547427068477833,0.3096562265763898,0.3096562265763898,0.38636001576366874,0.0,0.0,0.13919782638549805,0.13919782638549805,0.0,0.0,0.0,0.6964972019195557,0.6964972019195557,0.0
sub001-ses04-block4-game2_001::b0440,test/sub001/ses-04/sub001-ses04-block4-game2_001.npy,sub001,2,3,26,0,Short,1.0645051934638607,1.0645051934638607,1.1819737090727727,1.1773848526552042,1.1773848526552042,0.3769608424255245,0.3769608424255245,0.3587824091664627,0.304106894285753,0.304106894285753,0.0,0.0,0.0,0.0,0.0,0.0,0.0,0.0,0.0,0.0
sub001-ses04-block4-game2_001::b0441,test/sub001/ses-04/sub001-ses04-block4-game2_001.npy,sub001,2,4,26,0,Short,1.1341826095400829,1.1683946095081104,1.1959124528615381,1.1959124528615381,1.1854356940012996,0.34185440945207857,0.3637656982641858,0.3423566954142957,0.3423566954142957,0.3362206311313184,2.492655038833618,0.12796449661254883,0.19078516960144043,0.19078516960144043,0.13598346710205078,0.329723596572876,0.48671889305114746,0.2853848934173584,0.2853848934173584,0.49904727935791016
sub001-ses04-block4-game2_001::b0442,test/sub001/ses-04/sub001-ses04-block4-game2_001.npy,sub001,2,2,26,0,Short,1.044651959298824,1.044651959298824,1.044651959298824,1.3328375695603834,1.3328375695603834,0.4189531869929855,0.4189531869929855,0.4189531869929855,0.2090800011884535,0.2090800011884535,0.1799933910369873,0.1799933910369873,0.1799933910369873,2.8704490661621094,2.8704490661621094,0.17644858360290527,0.17644858360290527,0.17644858360290527,0.5980391502380371,0.5980391502380371
sub001-ses04-block4-game2_001::b0443,test/sub001/ses-04/sub001-ses04-block4-game2_001.npy,sub001,2,2,26,0,Short,1.1456782453832473,1.1456782453832473,1.1456782453832473,1.2186461487097058,1.2186461487097058,0.36844842521845633,0.36844842521845633,0.36844842521845633,0.0911763470478773,0.0911763470478773,0.11895322799682617,0.11895322799682617,0.11895322799682617,2.7133419513702393,2.7133419513702393,0.0,0.0,0.0,0.7246546745300293,0.7246546745300293
sub001-ses04-block4-game2_001::b0444,test/sub001/ses-04/sub001-ses04-block4-game2_001.npy,sub001,2,7,26,0,Short,1.1183578029780805,1.0220791393815511,1.1002153951135247,1.2180623691878976,1.3572721261418026,0.43955465278985517,0.5455346757117885,0.5012955986531256,0.4273119610168258,0.20017016227446194,0.0,0.28305912017822266,0.0,1.5150823593139648,0.08861267566680908,0.0,0.33374905586242676,0.0,0.0,0.0
sub001-ses04-block4-game2_001::b0445,test/sub001/ses-04/sub001-ses04-block4-game2_001.npy,sub001,2,7,26,0,Short,0.39269811460202364,1.147826603161787,1.301897329268129,1.2677176734876905,1.3390419652516088,0.8438207226090633,0.3279097642279869,0.2136273424656464,0.35494345182261633,0.3034488511242467,0.008391857147216797,1.5978635549545288,0.0,1.9652749300003052,1.8368247747421265,0.19739675521850586,0.034899115562438965,0.0,0.14606952667236328,0.3105696439743042
sub001-ses04-block4-game2_001::b0446,test/sub001/ses-04/sub001-ses04-block4-game2_001.npy,sub001,2,5,26,0,Short,0.6978282923545045,1.0298170162575495,1.0070967707507408,0.9678492419527871,0.9341758774323066,0.7054299237212439,0.569015914269494,0.5809972508668931,0.5864327513449594,0.6076516232883378,1.5553191900253296,0.0,1.7072421312332153,0.0,0.0,0.4454162120819092,0.0,0.22056269645690918,0.0,0.0
sub001-ses04-block4-game2_001::b0447,test/sub001/ses-04/sub001-ses04-block4-game2_001.npy,sub001,2,3,26,0,Short,1.080299548730833,1.080299548730833,1.179020066861181,1.2896722037215156,1.2896722037215156,0.4685801799784798,0.4685801799784798,0.3866465952596821,0.2548648379265183,0.2548648379265183,0.0,0.0,0.017297029495239258,0.0,0.0,0.0,0.0,0.5332458019256592,0.0,0.0
sub001-ses04-block4-game2_001::b0448,test/sub001/ses-04/sub001-ses04-block4-game2_001.npy,sub001,2,6,26,0,Short,1.1059892515714524,1.1404537228119953,1.3310141237151971,1.3053662362484382,1.2002831259057465,0.4493564382550663,0.39425882729327266,0.15918753476978542,0.30388338769415446,0.3935541671431342,0.25606656074523926,0.0,2.1468260288238525,0.0,0.09997355937957764,0.08081245422363281,0.0,0.5491139888763428,0.0,0.0
sub001-ses04-block4-game2_001::b0449,test/sub001/ses-04/sub001-ses04-block4-game2_001.npy,sub001,2,3,26,0,Short,1.061199254940317,0.9506477075786737,0.9506477075786737,0.9506477075786737,1.0244878075673298,0.5444813427886208,0.6246725815469357,0.6246725815469357,0.6246725815469357,0.5517157563765722,1.2771589756011963,1.4756625890731812,1.4756625890731812,1.4756625890731812,0.0,0.014916181564331055,0.0,0.0,0.0,0.0
sub001-ses04-block4-game2_001::b0450,test/sub001/ses-04/sub001-ses04-block4-game2_001.npy,sub001,2,4,26,0,Short,1.0970487357633512,1.008824534502492,1.008824534502492,1.2586716092188923,1.1700159766003788,0.48424552836733825,0.5619152337908451,0.5619152337908451,0.39957259997927763,0.4216824489898142,1.7559205293655396,0.0,0.0,0.0,0.04150831699371338,0.06782650947570801,0.0,0.0,0.0,0.0
sub001-ses04-block4-game2_001::b0451,test/sub001/ses-04/sub001-ses04-block4-game2_001.npy,sub001,2,8,26,0,Short,0.9968771424900857,1.2109741774870644,0.9723182312357833,1.1483975882250685,1.1866041388721453,0.5817496163288634,0.4259714727153812,0.5479956950372712,0.12856208480915549,0.32606857644331694,0.7700753808021545,1.394061803817749,0.0199127197265625,1.626111626625061,0.0,0.0,0.0,0.0,0.05476701259613037,0.0
sub001-ses04-block4-game2_001::b0452,test/sub001/ses-04/sub001-ses04-block4-game2_001.npy,sub001,2,6,26,0,Short,0.7334067404708764,1.0732816761873987,1.1199925750907107,1.1737441982256092,0.999247582887308,0.6744068359073452,0.5339403313380265,0.5058389879156755,0.37727662218973157,0.5554944479558661,1.955668568611145,0.0,1.5701872110366821,0.0,0.09965980052947998,0.256891131401062,0.0,0.15514767169952393,0.0,0.019244909286499023
sub001-ses04-block4-game2_001::b0453,test/sub001/ses-04/sub001-ses04-block4-game2_001.npy,sub001,2,6,26,0,Short,0.6706250571651062,0.9374587788140509,1.0460628116957518,1.0572613267577693,1.0437393358484988,0.7142949713533585,0.5975068787598294,0.5006837218753227,0.5223993932419415,0.5359855191842653,2.2850863933563232,0.0,0.39389896392822266,0.09435367584228516,0.0,0.25899386405944824,0.0,0.2008223533630371,0.04680371284484863,0.0
sub001-ses04-block4-game2_001::b0454,test/sub001/ses-04/sub001-ses04-block4-game2_001.npy,sub001,2,3,26,0,Short,0.45823013359185405,0.45823013359185405,0.865938951269086,0.998178446077001,0.998178446077001,0.8184738335163149,0.8184738335163149,0.6453228252958453,0.504101821534952,0.504101821534952,0.0,0.0,2.2698888778686523,0.010559558868408203,0.010559558868408203,0.0,0.0,0.32952094078063965,0.24889826774597168,0.24889826774597168
sub001-ses04-block4-game2_001::b0455,test/sub001/ses-04/sub001-ses04-block4-game2_001.npy,sub001,2,2,26,0,Short,1.082656934871695,1.082656934871695,1.082656934871695,1.289343025867383,1.289343025867383,0.4264792989423035,0.4264792989423035,0.4264792989423035,0.2452338566884671,0.2452338566884671,2.284916400909424,2.284916400909424,2.284916400909424,1.7312153577804565,1.7312153577804565,0.37409353256225586,0.37409353256225586,0.37409353256225586,0.29912734031677246,0.29912734031677246
sub001-ses04-block4-game2_001::b0456,test/sub001/ses-04/sub001-ses04-block4-game2_001.npy,sub001,2,2,26,0,Short,1.1659328694896085,1.1659328694896085,1.0984243463035528,1.0984243463035528,1.0984243463035528,0.42965576181272835,0.42965576181272835,0.5078658683747446,0.5078658683747446,0.5078658683747446,2.611748456954956,2.611748456954956,0.0,0.0,0.0,0.7543528079986572,0.7543528079986572,0.0,0.0,0.0
sub001-ses04-block4-game2_001::b0457,test/sub001/ses-04/sub001-ses04-block4-game2_001.npy,sub001,2,16,26,0,Short,0.6911004030872565,1.2498977984248165,1.1773599251719302,1.1624258875403268,1.1580137197720093,0.7248517217364954,0.2880132164055208,0.4528004783839704,0.48039158474331206,0.49271375396864714,0.0,0.04349029064178467,0.0,1.5082082748413086,0.0,0.0,0.005821824073791504,0.0,0.0,0.0
sub001-ses04-block4-game2_001::b0458,test/sub001/ses-04/sub001-ses04-block4-game2_001.npy,sub001,2,3,26,0,Short,1.2572720655451637,0.7136726537699642,0.7136726537699642,0.7136726537699642,1.0733583137585263,0.2419885702595188,0.7176743412985251,0.7176743412985251,0.7176743412985251,0.5692503161507758,0.0,0.0,0.0,0.0,1.8711613416671753,0.0,0.0,0.0,0.0,0.41850924491882324
sub001-ses04-block4-game2_001::b0459,test/sub001/ses-04/sub001-ses04-block4-game2_001.npy,sub001,2,10,26,0,Short,1.2300643249795797,0.9861451962957909,1.0411993382817892,1.0061132567766904,1.1975528921256564,0.3138383372980823,0.593435719239657,0.576164342526275,0.5762901228075783,0.44427957090494824,0.0,1.4727905988693237,0.0,1.646601676940918,1.648782730102539,0.0,0.0,0.0,0.1638883352279663,0.09203517436981201
sub001-ses04-block4-game2_001::b0460,test/sub001/ses-04/sub001-ses04-block4-game2_001.npy,sub001,2,4,26,0,Short,0.8663290508646581,1.1877579776981941,1.1030600669215083,1.1030600669215083,1.0619260447429146,0.6072288002523594,0.4509826244492633,0.5056901977635891,0.5056901977635891,0.5535683225953633,0.0004793405532836914,0.0,0.0,0.0,0.0,0.035791635513305664,0.0,0.0,0.0,0.0
sub001-ses04-block4-game2_001::b0461,test/sub001/ses-04/sub001-ses04-block4-game2_001.npy,sub001,2,21,26,0,Short,0.641312800715862,1.1872440414545333,0.891409630379764,1.0649409011955981,0.9951047953446696,0.6825860189601204,0.4716616638024723,0.6078918647052634,0.5254627996747888,0.5954785057509782,1.347805142402649,0.0,2.176837921142578,0.0,0.0,0.0,0.0,0.9273438453674316,0.0,0.0
sub001-ses04-block4-game2_001::b0462,test/sub001/ses-04/sub001-ses04-block4-game2_001.npy,sub001,2,50,26,1,Long,1.1509661634332087,1.2505924791617626,0.9203182794864967,1.1080229480755135,0.9432395186975406,0.4471707172373296,0.4154216784503353,0.6308379651184733,0.5168507464239039,0.6168921501311141,0.0,0.0,1.6489753723144531,1.4003753662109375,0.0,0.0,0.0,0.0,0.0,0.0
sub001-ses04-block4-game2_001::b0463,test/sub001/ses-04/sub001-ses04-block4-game2_001.npy,sub001,2,3,26,0,Short,0.9648611781880906,1.221275491264252,1.221275491264252,1.221275491264252,1.2061220846513618,0.5782177931143437,0.34291701705079747,0.34291701705079747,0.34291701705079747,0.27006677199853785,1.957380771636963,0.017644762992858887,0.017644762992858887,0.017644762992858887,2.1212167739868164,0.13534855842590332,0.0,0.0,0.0,0.28411102294921875
sub001-ses04-block4-game2_001::b0464,test/sub001/ses-04/sub001-ses04-block4-game2_001.npy,sub001,2,18,26,0,Short,1.1221734002565855,1.3176197773732348,1.1575907859797014,1.1421344957090167,1.1466488974820221,0.4751790597062827,0.127074996126197,0.4358358217453463,0.4472301675099292,0.4434095080818642,0.033490896224975586,0.25025415420532227,0.07751691341400146,1.7510590553283691,0.0,0.4017859697341919,0.6666562557220459,0.303200364112854,0.01804959774017334,0.0
sub001-ses04-block4-game2_001::b0465,test/sub001/ses-04/sub001-ses04-block4-game2_001.npy,sub001,2,2,26,0,Short,1.252286170885409,1.252286170885409,1.252286170885409,1.1854869116387816,1.1854869116387816,0.3107222788244348,0.3107222788244348,0.3107222788244348,0.3841718717427516,0.3841718717427516,1.3747564554214478,1.3747564554214478,1.3747564554214478,0.0,0.0,0.08690571784973145,0.08690571784973145,0.08690571784973145,0.0,0.0
sub001-ses04-block4-game2_001::b0466,test/sub001/ses-04/sub001-ses04-block4-game2_001.npy,sub001,2,4,26,0,Short,1.1601956070463089,1.3368926878896399,1.2157329060455362,1.2157329060455362,1.2995651701597444,0.4085102853107347,0.24182218242407583,0.3620011434421284,0.3620011434421284,0.24626625594455465,0.0,0.051859378814697266,1.6104713678359985,1.6104713678359985,1.8148183822631836,0.0,0.07894694805145264,0.0,0.0,0.23664069175720215
sub001-ses04-block4-game2_001::b0467,test/sub001/ses-04/sub001-ses04-block4-game2_001.npy,sub001,2,10,26,0,Short,1.122077294550311,1.3250408210314117,1.409325595189152,1.1623646831747327,1.0076603422798371,0.45114861106022375,0.2859983401557607,0.19671360845295283,0.4585927425053803,0.5369626451269462,0.0,1.4354673624038696,0.09369492530822754,0.0,0.23148560523986816,0.0,0.0,0.0,0.0,0.3140209913253784
sub001-ses04-block4-game2_001::b0468,test/sub001/ses-04/sub001-ses04-block4-game2_001.npy,sub001,2,4,26,0,Short,1.0803673849196245,1.1030493964836154,0.9186757123597068,0.9186757123597068,0.7791207309822109,0.375412850019457,0.440173920704093,0.6293104454847499,0.6293104454847499,0.6505401043785219,0.9161452054977417,0.021828413009643555,0.1864011287689209,0.1864011287689209,0.7883877754211426,0.05766761302947998,0.003934383392333984,0.0,0.0,0.0
sub001-ses04-block4-game2_001::b0469,test/sub001/ses-04/sub001-ses04-block4-game2_001.npy,sub001,2,29,26,1,Long,1.0999305645323958,1.1287131540170274,0.9524975077508325,0.9898032448151752,1.053949287982772,0.3968165066106104,0.5049811232693948,0.6363756507178525,0.5973036904178493,0.5249129861218665,1.1012969017028809,0.0,0.08346521854400635,0.0,1.0972037315368652,0.16765135526657104,0.0,0.0,0.0,0.11232972145080566
sub001-ses04-block4-game2_001::b0470,test/sub001/ses-04/sub001-ses04-block4-game2_001.npy,sub001,2,8,26,0,Short,0.9538053040011759,0.9457625779864005,1.05454202706237,1.043321205587093,1.0261409426917978,0.48815686755718285,0.5918301656344483,0.4555062310058211,0.5510595741883898,0.5221523853368158,0.1221088171005249,2.2756576538085938,0.0,0.0,2.6162631511688232,0.07066154479980469,0.08869791030883789,0.0,0.0,0.371488094329834
sub001-ses04-block4-game2_001::b0471,test/sub001/ses-04/sub001-ses04-block4-game2_001.npy,sub001,2,24,26,0,Short,0.32015340655621016,0.8648526110452661,0.8728019382602857,0.7992448460395021,0.823748226827173,0.889310724134131,0.63680695470341,0.6292992556028064,0.6609099268202732,0.6857080090883647,0.8344520330429077,1.0126299858093262,0.7562806606292725,0.0,0.7132480144500732,0.06705212593078613,0.17447823286056519,0.0,0.0,0.0
sub001-ses04-block4-game2_001::b0472,test/sub001/ses-04/sub001-ses04-block4-game2_001.npy,sub001,2,10,26,0,Short,1.343732443333494,0.9952598594224765,0.8262771575361312,0.9738796688895626,0.6276248729062179,0.31220614451756834,0.6004462750368976,0.6815598973147077,0.6171526146178544,0.7732678779913692,0.33425474166870117,1.008807897567749,0.9750296473503113,0.0,0.0,1.5405267477035522,0.13872307538986206,0.25200945138931274,0.0,0.0
sub001-ses04-block4-game2_001::b0473,test/sub001/ses-04/sub001-ses04-block4-game2_001.npy,sub001,2,20,26,0,Short,1.0672025224867758,0.6721382157946072,0.8007228481181367,0.9228825636198561,1.0208686623525696,0.4137028388341861,0.7065059642141739,0.6748044916168404,0.5966898250410217,0.5666212073802213,1.9130107164382935,0.026854276657104492,0.4529867470264435,0.5751983523368835,0.0,1.0456660985946655,0.3418618440628052,0.0,0.0,0.0
sub001-ses04-block4-game2_001::b0474,test/sub001/ses-04/sub001-ses04-block4-game2_001.npy,sub001,2,11,26,0,Short,0.530429085580891,1.345264251139175,1.038660294123328,0.9948468191049845,1.1814392914241851,0.7823775283043191,0.2290899173557297,0.5109988735701003,0.4924023857168944,0.43722941705007634,0.0,2.290649890899658,0.0,0.0,0.0,0.0,0.9517395496368408,0.0,0.0,0.0
sub001-ses04-block4-game2_001::b0475,test/sub001/ses-04/sub001-ses04-block4-game2_001.npy,sub001,2,200,26,1,Long,1.0758045025478171,0.763331447633802,0.6917516874948082,0.27925372244515834,0.5492371596993907,0.4956490184426502,0.706008258260641,0.7540244921959111,0.918250804710612,0.7891690911530647,0.06421232223510742,2.6852734088897705,2.5211358070373535,3.5479161739349365,3.753706693649292,0.0,0.06321120262145996,0.2565135955810547,0.3725903034210205,0.0
sub001-ses04-block4-game2_001::b0476,test/sub001/ses-04/sub001-ses04-block4-game2_001.npy,sub001,2,2,26,0,Short,1.1209041044023385,1.1209041044023385,1.1209041044023385,0.759180879122386,0.759180879122386,0.3324652570898512,0.3324652570898512,0.3324652570898512,0.6176882238189659,0.6176882238189659,0.5220041275024414,0.5220041275024414,0.5220041275024414,0.5537643432617188,0.5537643432617188,1.2295374870300293,1.2295374870300293,1.2295374870300293,1.5813212394714355,1.5813212394714355
sub001-ses04-block4-game2_001::b0477,test/sub001/ses-04/sub001-ses04-block4-game2_001.npy,sub001,2,4,26,0,Short,1.0280617994038053,0.9654575946841152,0.9654575946841152,0.8030385019565123,0.8356895272782175,0.3590330242318517,0.4520353837307555,0.4520353837307555,0.6408581260384958,0.6219111976149692,4.132004737854004,5.087337017059326,5.087337017059326,0.0,0.0,0.0,0.9780044555664062,0.9780044555664062,0.0,0.0
sub001-ses04-block4-game2_001::b0478,test/sub001/ses-04/sub001-ses04-block4-game2_001.npy,sub001,2,12,26,0,Short,0.834924631902847,0.6588927928744958,1.0664051337246936,1.188475123614531,0.8334724992107251,0.49200901535120933,0.7507565195844516,0.4663237236065142,0.33132627178026236,0.6440415850399556,4.100022792816162,4.0963287353515625,0.1104440689086914,0.13567209243774414,0.0,0.0,0.08038759231567383,0.42508506774902344,0.3485121726989746,0.0
sub001-ses04-block4-game2_001::b0479,test/sub001/ses-04/sub001-ses04-block4-game2_001.npy,sub001,2,9,26,0,Short,0.8318043687381644,0.6982314248401027,1.0473100345544657,0.8600960106541106,0.8642222883359904,0.47178291404576767,0.7021300688910946,0.49308908163036574,0.5760178436471834,0.4880856737471493,0.0,0.39411449432373047,0.0,0.0,4.3400092124938965,0.0,0.34882020950317383,0.0,0.0,0.4302210807800293
sub001-ses04-block4-game2_001::b0481,test/sub001/ses-04/sub001-ses04-block4-game2_001.npy,sub001,2,4,26,0,Short,0.8866259965426638,0.9521504662056511,0.9521504662056511,0.8862964653470151,1.060625590980737,0.3248540208422117,0.510161230616454,0.510161230616454,0.5844308604609514,0.4020468328580432,0.11514902114868164,0.7485151290893555,0.7485151290893555,3.2708845138549805,0.0,0.7337007522583008,1.7920331954956055,1.7920331954956055,0.1657085418701172,0.0
sub001-ses04-block4-game2_001::b0482,test/sub001/ses-04/sub001-ses04-block4-game2_001.npy,sub001,2,3,26,0,Short,0.8104487562949871,0.8104487562949871,0.28224459847466377,0.15361429600123355,0.15361429600123355,0.4664147012850279,0.4664147012850279,0.9136561867615643,0.9573557084173195,0.9573557084173195,0.1322839856147766,0.1322839856147766,0.0,0.012151449918746948,0.012151449918746948,0.0,0.0,0.0,0.0017705261707305908,0.0017705261707305908
sub001-ses04-block4-game2_001::b0483,test/sub001/ses-04/sub001-ses04-block4-game2_001.npy,sub001,2,158,26,1,Long,0.3362457365364986,0.15075377955329433,0.18402592193821965,0.442434871891499,0.48720170692549036,0.8403026909706889,0.9576456658718813,0.9454416056963275,0.842925612416105,0.7894987353970682,0.0,0.022203117609024048,0.04297187924385071,4.855259418487549,4.405840873718262,0.0,0.04674987494945526,0.014745071530342102,0.45926856994628906,1.2529315948486328
sub001-ses04-block4-game2_001::b0484,test/sub001/ses-04/sub001-ses04-block4-game2_001.npy,sub001,2,11,26,0,Short,0.6429448787414855,0.8514609941667316,0.8077173659005615,0.9228635978485092,0.7715368375907103,0.6351012616844925,0.5709376958672067,0.6296061671681507,0.5633831704994152,0.6072022644394129,4.292283535003662,0.0,5.201436996459961,0.0,0.0,0.0,0.0,0.46999311447143555,0.0,0.0
sub001-ses04-block4-game2_001::b0485,test/sub001/ses-04/sub001-ses04-block4-game2_001.npy,sub001,2,12,26,0,Short,0.8839136221984362,0.9987870465967861,0.9478742111465694,0.646041306849671,1.0771556051292557,0.42940726224801806,0.4075316285741072,0.4724390309264206,0.7316249357670046,0.37881708580497797,4.396109104156494,5.451557159423828,0.0,0.1767735481262207,1.2886881828308105,0.1558547019958496,1.0591583251953125,0.0,0.0,2.0344223976135254
sub001-ses04-block4-game2_001::b0486,test/sub001/ses-04/sub001-ses04-block4-game2_001.npy,sub001,2,4,26,0,Short,0.7132090140621161,0.8091242192971304,0.9955115571879297,0.9955115571879297,0.6250915618784415,0.6892503515283022,0.6126308643068957,0.47191703171877886,0.47191703171877886,0.7422889158785653,0.0,4.390535354614258,5.691768646240234,5.691768646240234,4.395565032958984,0.0,0.0,0.7690229415893555,0.7690229415893555,0.0
sub001-ses04-block4-game2_001::b0487,test/sub001/ses-04/sub001-ses04-block4-game2_001.npy,sub001,2,2,26,0,Short,0.9038556058065015,0.9038556058065015,0.9038556058065015,1.066014328605647,1.066014328605647,0.373539543924148,0.373539543924148,0.373539543924148,0.17901617184702207,0.17901617184702207,5.714178085327148,5.714178085327148,5.714178085327148,5.721498966217041,5.721498966217041,0.050498008728027344,0.050498008728027344,0.050498008728027344,0.10179615020751953,0.10179615020751953
sub001-ses04-block4-game2_001::b0488,test/sub001/ses-04/sub001-ses04-block4-game2_001.npy,sub001,2,3,26,0,Short,0.6949610889921707,0.6949610889921707,1.0755704646998276,0.9977662061819614,0.9977662061819614,0.5923857934206651,0.5923857934206651,0.1510403535042289,0.20455733104017026,0.20455733104017026,0.7708635330200195,0.7708635330200195,0.0,0.02584552764892578,0.02584552764892578,0.41965389251708984,0.41965389251708984,0.0,0.3430638313293457,0.3430638313293457
sub001-ses04-block4-game2_001::b0489,test/sub001/ses-04/sub001-ses04-block4-game2_001.npy,sub001,2,2,26,0,Short,0.7529118565499566,0.7529118565499566,0.7529118565499566,0.9409788893248995,0.9409788893248995,0.49049306602111686,0.49049306602111686,0.49049306602111686,0.21141473197002214,0.21141473197002214,0.0,0.0,0.0,6.318654537200928,6.318654537200928,0.0,0.0,0.0,0.5810885429382324,0.5810885429382324
sub001-ses04-block4-game2_001::b0490,test/sub001/ses-04/sub001-ses04-block4-game2_001.npy,sub001,2,3,26,0,Short,0.7211899166763325,0.7211899166763325,0.9413526208302161,0.9497318194120264,0.9497318194120264,0.5529670712499183,0.5529670712499183,0.2087004945828651,0.2233353918151358,0.2233353918151358,0.04921531677246094,0.04921531677246094,0.0,6.0229973793029785,6.0229973793029785,0.8473763465881348,0.8473763465881348,0.0,0.4723391532897949,0.4723391532897949
sub001-ses04-block4-game2_001::b0492,test/sub001/ses-04/sub001-ses04-block4-game2_001.npy,sub001,2,2,26,0,Short,0.8446993959132238,0.8446993959132238,0.8446993959132238,0.7952989889343287,0.7952989889343287,0.5798899433998654,0.5798899433998654,0.5798899433998654,0.5893991807234565,0.5893991807234565,0.07212495803833008,0.07212495803833008,0.07212495803833008,0.0,0.0,0.5580687522888184,0.5580687522888184,0.5580687522888184,0.0,0.0
sub001-ses04-block4-game2_001::b0493,test/sub001/ses-04/sub001-ses04-block4-game2_001.npy,sub001,2,3,26,0,Short,0.776636497255321,1.0759527860864586,1.0759527860864586,1.0759527860864586,1.0376423106999602,0.5339020521282959,0.15799346505906192,0.15799346505906192,0.15799346505906192,0.10486403707711422,0.13865184783935547,0.0,0.0,0.0,0.0,0.7354068756103516,0.0,0.0,0.0,0.0
sub001-ses04-block4-game2_001::b0494,test/sub001/ses-04/sub001-ses04-block4-game2_001.npy,sub001,2,3,26,0,Short,0.9102841841973413,0.9102841841973413,0.7897267203081103,1.088844000936749,1.088844000936749,0.47941224061781834,0.47941224061781834,0.47961046292033066,0.13605487520955473,0.13605487520955473,0.08617687225341797,0.08617687225341797,0.0,5.405990123748779,5.405990123748779,0.33269739151000977,0.33269739151000977,0.0,0.024006366729736328,0.024006366729736328
sub001-ses04-block4-game2_001::b0495,test/sub001/ses-04/sub001-ses04-block4-game2_001.npy,sub001,2,2,26,0,Short,0.7732553296104943,0.7732553296104943,0.7732553296104943,1.2788584390896955,1.2788584390896955,0.5846568536850183,0.5846568536850183,0.5846568536850183,0.3088817401909363,0.3088817401909363,0.33664464950561523,0.33664464950561523,0.33664464950561523,5.327692031860352,5.327692031860352,0.03388071060180664,0.03388071060180664,0.03388071060180664,0.9494562149047852,0.9494562149047852
sub001-ses04-block4-game2_001::b0496,test/sub001/ses-04/sub001-ses04-block4-game2_001.npy,sub001,2,2,26,0,Short,0.8630306357471683,0.8630306357471683,0.9830302277292553,0.9830302277292553,0.9830302277292553,0.47140938584526204,0.47140938584526204,0.4240582952640082,0.4240582952640082,0.4240582952640082,0.35240793228149414,0.35240793228149414,0.0,0.0,0.0,0.4118309020996094,0.4118309020996094,0.0,0.0,0.0
sub001-ses04-block4-game2_001::b0497,test/sub001/ses-04/sub001-ses04-block4-game2_001.npy,sub001,2,2,26,0,Short,0.8608485559168068,0.8608485559168068,0.8608485559168068,1.1853869566867863,1.1853869566867863,0.5043292577082589,0.5043292577082589,0.5043292577082589,0.3648860602167173,0.3648860602167173,0.0,0.0,0.0,4.5522871017456055,4.5522871017456055,0.0,0.0,0.0,0.0,0.0
sub001-ses04-block4-game2_001::b0498,test/sub001/ses-04/sub001-ses04-block4-game2_001.npy,sub001,2,2,26,0,Short,0.773777590075923,0.773777590075923,0.773777590075923,0.9498714641647207,0.9498714641647207,0.5297824156739596,0.5297824156739596,0.5297824156739596,0.5095319677488678,0.5095319677488678,4.699470520019531,4.699470520019531,4.699470520019531,0.0,0.0,0.1512432098388672,0.1512432098388672,0.1512432098388672,0.0,0.0
sub001-ses04-block4-game2_001::b0499,test/sub001/ses-04/sub001-ses04-block4-game2_001.npy,sub001,2,3,26,0,Short,1.1108778685174787,0.9167312099371351,0.9167312099371351,0.9167312099371351,1.2914082335504085,0.026974676119210894,0.4967424601148712,0.4967424601148712,0.4967424601148712,0.0771364261792627,4.921104431152344,0.0,0.0,0.0,0.0,0.6094865798950195,0.0,0.0,0.0,0.0
sub001-ses04-block4-game2_001::b0500,test/sub001/ses-04/sub001-ses04-block4-game2_001.npy,sub001,2,4,26,0,Short,0.7494497732331522,0.997038090686561,0.7931816957922018,0.7931816957922018,0.869120592504159,0.5672262479477628,0.12474746528846459,0.5253229126617244,0.5253229126617244,0.3446353887800426,5.066359043121338,0.12031269073486328,0.019666671752929688,0.019666671752929688,0.0,0.27680110931396484,1.3447694778442383,0.2843022346496582,0.2843022346496582,0.0
sub001-ses04-block4-game2_001::b0501,test/sub001/ses-04/sub001-ses04-block4-game2_001.npy,sub001,2,4,26,0,Short,0.777104007703953,1.029844690694169,0.8961537563675716,0.8961537563675716,1.0177498362597432,0.5849356522222605,0.25970295542287075,0.4356780085720221,0.4356780085720221,0.30956267349334987,4.301440715789795,0.0,4.402193546295166,4.402193546295166,4.556061267852783,0.0,0.0,0.0,0.0,0.13561582565307617
sub001-ses04-block4-game2_001::b0502,test/sub001/ses-04/sub001-ses04-block4-game2_001.npy,sub001,2,2,26,0,Short,0.8238436836181904,0.8238436836181904,0.8238436836181904,1.011374733157448,1.011374733157448,0.5487676919393425,0.5487676919393425,0.5487676919393425,0.38334900566449975,0.38334900566449975,4.958735466003418,4.958735466003418,4.958735466003418,0.5232667922973633,0.5232667922973633,0.2573542594909668,0.2573542594909668,0.2573542594909668,0.9493370056152344,0.9493370056152344
sub001-ses04-block4-game2_001::b0503,test/sub001/ses-04/sub001-ses04-block4-game2_001.npy,sub001,2,2,26,0,Short,0.5561258442940862,0.5561258442940862,0.5561258442940862,1.1347259034150756,1.1347259034150756,0.7673499779049543,0.7673499779049543,0.7673499779049543,0.30511371872406307,0.30511371872406307,3.9198877811431885,3.9198877811431885,3.9198877811431885,0.0019268989562988281,0.0019268989562988281,0.0,0.0,0.0,0.2919459342956543,0.2919459342956543
sub001-ses04-block4-game2_001::b0504,test/sub001/ses-04/sub001-ses04-block4-game2_001.npy,sub001,2,4,26,0,Short,0.9895846894942887,0.8831318123491293,0.8831318123491293,1.0787350425504287,1.2195285927356452,0.4777848486549264,0.5095794720518669,0.5095794720518669,0.47838365631121077,0.010109364310048274,4.406158924102783,4.126561641693115,4.126561641693115,4.221304416656494,4.1516876220703125,0.17946386337280273,0.31163835525512695,0.31163835525512695,0.3242831230163574,0.29715704917907715
sub001-ses04-block4-game2_001::b0505,test/sub001/ses-04/sub001-ses04-block4-game2_001.npy,sub001,2,3,26,0,Short,0.9882745759787632,0.9882745759787632,1.020709059965211,0.9145580478350709,0.9145580478350709,0.4199397222547732,0.4199397222547732,0.36014150266817807,0.4734915136687825,0.4734915136687825,4.790465354919434,4.790465354919434,4.95084285736084,0.0,0.0,1.0799808502197266,1.0799808502197266,0.9522390365600586,0.0,0.0
sub001-ses04-block4-game2_001::b0506,test/sub001/ses-04/sub001-ses04-block4-game2_001.npy,sub001,2,3,26,0,Short,1.0180386408461684,1.0180386408461684,0.9822907238098485,1.1302726794902682,1.1302726794902682,0.45338433732596134,0.45338433732596134,0.5184044658150423,0.28475876897544444,0.28475876897544444,0.0,0.0,0.0,4.292884826660156,4.292884826660156,0.0,0.0,0.0,0.0,0.0
sub001-ses04-block4-game2_001::b0507,test/sub001/ses-04/sub001-ses04-block4-game2_001.npy,sub001,2,3,26,0,Short,0.7760333253158657,0.7760333253158657,1.046755175105803,0.9479111192111689,0.9479111192111689,0.5383041792950458,0.5383041792950458,0.22258413036411473,0.4437349075654301,0.4437349075654301,0.22706079483032227,0.22706079483032227,0.09759044647216797,4.704468250274658,4.704468250274658,0.0,0.0,0.7480010986328125,0.0,0.0
sub001-ses04-block4-game2_001::b0508,test/sub001/ses-04/sub001-ses04-block4-game2_001.npy,sub001,2,4,26,0,Short,0.8471601716056544,1.1706758906972405,1.0302087353432734,1.0302087353432734,1.17180625769231,0.5141221491357432,0.3119900467103821,0.31512847437063923,0.31512847437063923,0.14335814595353014,0.0,0.25258350372314453,0.0,0.0,0.18430328369140625,0.0,1.316093921661377,0.0,0.0,1.3612055778503418
sub001-ses04-block4-game2_001::b0509,test/sub001/ses-04/sub001-ses04-block4-game2_001.npy,sub001,2,4,26,0,Short,0.7633449606841626,1.0860598875061098,0.9101926596293969,0.9101926596293969,0.8726407806537942,0.5362737357645896,0.32777431623486614,0.3980712698030723,0.3980712698030723,0.4466870595684187,4.70188045501709,0.03846025466918945,4.0216288566589355,4.0216288566589355,0.0,0.7059445381164551,0.9990339279174805,0.18876075744628906,0.18876075744628906,0.0
sub001-ses04-block4-game2_001::b0510,test/sub001/ses-04/sub001-ses04-block4-game2_001.npy,sub001,2,2,26,0,Short,0.39164743200650975,0.39164743200650975,0.9826106064948018,0.9826106064948018,0.9826106064948018,0.8603808504801765,0.8603808504801765,0.49938946233220316,0.49938946233220316,0.49938946233220316,0.38636064529418945,0.38636064529418945,0.16935205459594727,0.16935205459594727,0.16935205459594727,0.6886401176452637,0.6886401176452637,0.43036842346191406,0.43036842346191406,0.43036842346191406
sub001-ses04-block4-game2_001::b0511,test/sub001/ses-04/sub001-ses04-block4-game2_001.npy,sub001,2,5,26,0,Short,0.9852287391200114,0.9394436381327889,1.1066947853619138,0.986633661714862,1.0824441166591663,0.4019937457792645,0.5662674135076955,0.4590297102460706,0.5464342949390154,0.4435263921781719,0.31761884689331055,0.1777482032775879,0.27060651779174805,0.0,0.2816286087036133,0.7449064254760742,0.5775885581970215,0.45447301864624023,0.0,0.0
sub001-ses04-block4-game2_001::b0512,test/sub001/ses-04/sub001-ses04-block4-game2_001.npy,sub001,2,8,26,0,Short,1.0505227900333565,1.126720172224556,1.1730466557599397,1.0064902713112676,0.8485803939935116,0.4260852606353594,0.4761442524965983,0.40779058868895457,0.5570659913955783,0.5545539272297748,0.6860814094543457,0.0,4.6818623542785645,0.0,0.0,0.41258955001831055,0.0,0.4946708679199219,0.0,0.0
sub001-ses04-block4-game2_001::b0513,test/sub001/ses-04/sub001-ses04-block4-game2_001.npy,sub001,2,3,26,0,Short,0.7017422427138349,0.7017422427138349,0.9334041471810898,1.0138016053734864,1.0138016053734864,0.551306490516448,0.551306490516448,0.3788817292551781,0.30484390642850356,0.30484390642850356,0.35805702209472656,0.35805702209472656,4.941393852233887,0.31221866607666016,0.31221866607666016,0.3329939842224121,0.3329939842224121,0.02506732940673828,0.3885660171508789,0.3885660171508789
sub001-ses04-block4-game2_001::b0514,test/sub001/ses-04/sub001-ses04-block4-game2_001.npy,sub001,2,2,26,0,Short,0.9223196829384526,0.9223196829384526,0.9223196829384526,1.019166984956651,1.019166984956651,0.4396453271567644,0.4396453271567644,0.4396453271567644,0.39131474557201484,0.39131474557201484,0.0,0.0,0.0,0.0,0.0,0.0,0.0,0.0,0.0,0.0
sub001-ses04-block4-game2_001::b0515,test/sub001/ses-04/sub001-ses04-block4-game2_001.npy,sub001,2,3,26,0,Short,1.093685586104979,1.093685586104979,1.2445341384922546,1.0185472546695855,1.0185472546695855,0.36453956709082447,0.36453956709082447,0.21335259147215568,0.41119127178585135,0.41119127178585135,0.0,0.0,4.424258232116699,3.9958605766296387,3.9958605766296387,0.0,0.0,1.029759407043457,0.0,0.0
sub001-ses04-block4-game2_001::b0516,test/sub001/ses-04/sub001-ses04-block4-game2_001.npy,sub001,2,2,26,0,Short,0.8221622491968226,0.8221622491968226,0.8221622491968226,1.2073538051275334,1.2073538051275334,0.4706910114746614,0.4706910114746614,0.4706910114746614,0.3814421032485316,0.3814421032485316,4.089129447937012,4.089129447937012,4.089129447937012,4.731741905212402,4.731741905212402,0.06522035598754883,0.06522035598754883,0.06522035598754883,0.8261704444885254,0.8261704444885254
sub001-ses04-block4-game2_001::b0517,test/sub001/ses-04/sub001-ses04-block4-game2_001.npy,sub001,2,3,26,0,Short,0.329542870229366,0.8432733535037717,0.8432733535037717,0.8432733535037717,0.908976018872178,0.880111980172077,0.6065113946811437,0.6065113946811437,0.6065113946811437,0.6049278452595608,0.0,0.020116090774536133,0.020116090774536133,0.020116090774536133,3.664109945297241,0.0,0.18085861206054688,0.18085861206054688,0.18085861206054688,0.0
sub001-ses04-block4-game2_001::b0518,test/sub001/ses-04/sub001-ses04-block4-game2_001.npy,sub001,2,4,26,0,Short,0.9792063618098079,0.9618395425793619,0.8630834036424766,0.8630834036424766,0.8662707452862651,0.38192460443891796,0.5107501692814858,0.6325816097374433,0.6325816097374433,0.6256312074783213,4.130068778991699,0.0,3.8823001384735107,3.8823001384735107,4.236560821533203,0.41333723068237305,0.0,0.0,0.0,0.5096654891967773
sub001-ses04-block4-game2_001::b0519,test/sub001/ses-04/sub001-ses04-block4-game2_001.npy,sub001,2,3,26,0,Short,0.9192864214156389,1.1226645363971306,1.1226645363971306,1.1226645363971306,0.7304176253086976,0.6000938163019794,0.11791439757189259,0.11791439757189259,0.11791439757189259,0.6929173271799342,3.856985092163086,4.337467193603516,4.337467193603516,4.337467193603516,0.0,0.0,0.3237032890319824,0.3237032890319824,0.3237032890319824,0.0
sub001-ses04-block4-game2_001::b0520,test/sub001/ses-04/sub001-ses04-block4-game2_001.npy,sub001,2,2,26,0,Short,0.9404202672420388,0.9404202672420388,0.9404202672420388,0.8514590713599516,0.8514590713599516,0.40143584659673426,0.40143584659673426,0.40143584659673426,0.643290097987042,0.643290097987042,0.20048189163208008,0.20048189163208008,0.20048189163208008,4.534566402435303,4.534566402435303,1.2436141967773438,1.2436141967773438,1.2436141967773438,1.1659393310546875,1.1659393310546875
sub001-ses04-block4-game2_001::b0521,test/sub001/ses-04/sub001-ses04-block4-game2_001.npy,sub001,2,5,26,0,Short,0.4124320055145013,0.7709225370280568,1.053526685850966,0.668883001585715,0.9504740286526386,0.853528370946388,0.6230071548842274,0.30984423374868875,0.6815295149101914,0.4777539699168244,5.475558757781982,0.3901057243347168,0.1565990447998047,4.370748043060303,0.2472820281982422,0.931312084197998,0.0,0.7712416648864746,0.0,0.6930108070373535
sub001-ses04-block4-game2_001::b0523,test/sub001/ses-04/sub001-ses04-block4-game2_001.npy,sub001,2,6,26,0,Short,0.7865749966113481,1.0379054325091426,0.8232381253245897,0.8955790435221437,0.8633233657111126,0.5069146363743107,0.3831798958270741,0.5168281395818499,0.4705504172292243,0.6287637934112282,0.0,0.0,5.592572212219238,5.3595733642578125,5.58040189743042,0.0,0.0,0.5455427169799805,0.2049851417541504,1.0450773239135742
sub001-ses04-block4-game2_001::b0524,test/sub001/ses-04/sub001-ses04-block4-game2_001.npy,sub001,2,13,26,0,Short,0.7410517755946855,0.9674328230625225,1.0828296278149998,0.995439624416757,1.101360547551232,0.5475081164964711,0.2892290051215807,0.3482779811263723,0.22917071322792754,0.22892076349621726,0.3294706344604492,4.991408824920654,0.0,0.0,5.3389201164245605,1.4919919967651367,0.8694548606872559,0.0,0.0,1.0302815437316895
sub001-ses04-block4-game2_001::b0525,test/sub001/ses-04/sub001-ses04-block4-game2_001.npy,sub001,2,5,26,0,Short,0.7899663133540995,1.1069993568962357,1.0628444875540368,1.0188619783204713,1.0319566980026837,0.4981130376797195,0.11444986808378754,0.24956280952013216,0.4612698043030362,0.15621141087259927,0.0,1.4274640083312988,0.5045804977416992,2.4034266471862793,0.4190864562988281,0.0,1.8695101737976074,0.0,0.0,1.2570266723632812
sub001-ses04-block4-game2_001::b0526,test/sub001/ses-04/sub001-ses04-block4-game2_001.npy,sub001,2,4,26,0,Short,0.6794359613261924,0.5919947211736531,0.8608408502348828,0.8608408502348828,1.0498282672843253,0.7036472837885828,0.7665784228363788,0.6496345565361126,0.6496345565361126,0.49473376589150475,4.0179853439331055,3.929433822631836,0.0,0.0,4.129601001739502,0.3727898597717285,0.30455470085144043,0.0,0.0,0.6075222492218018
sub001-ses04-block4-game2_001::b0527,test/sub001/ses-04/sub001-ses04-block4-game2_001.npy,sub001,2,3,26,0,Short,0.7757916943825155,1.0913274681294494,1.0913274681294494,1.0913274681294494,0.9471470786791942,0.5417787086401233,0.1392634296195031,0.1392634296195031,0.1392634296195031,0.34731976758239386,0.0,0.1948108673095703,0.1948108673095703,0.1948108673095703,0.0,0.0,0.45195722579956055,0.45195722579956055,0.45195722579956055,0.0
sub001-ses04-block4-game2_001::b0528,test/sub001/ses-04/sub001-ses04-block4-game2_001.npy,sub001,2,2,26,0,Short,0.9329759195132685,0.9329759195132685,0.9329759195132685,1.0695286742194299,1.0695286742194299,0.503012070511474,0.503012070511474,0.503012070511474,0.028745881140405882,0.028745881140405882,0.7782831192016602,0.7782831192016602,0.7782831192016602,4.705674171447754,4.705674171447754,0.9223744869232178,0.9223744869232178,0.9223744869232178,0.3530445098876953,0.3530445098876953
sub001-ses04-block4-game2_001::b0529,test/sub001/ses-04/sub001-ses04-block4-game2_001.npy,sub001,2,2,26,0,Short,0.7178104778078027,0.7178104778078027,0.7178104778078027,0.9477793367975756,0.9477793367975756,0.628857987574994,0.628857987574994,0.628857987574994,0.3042431219329579,0.3042431219329579,0.21683835983276367,0.21683835983276367,0.21683835983276367,5.043781280517578,5.043781280517578,0.31678295135498047,0.31678295135498047,0.31678295135498047,0.605527400970459,0.605527400970459
sub001-ses04-block4-game2_001::b0530,test/sub001/ses-04/sub001-ses04-block4-game2_001.npy,sub001,2,2,26,0,Short,0.7080802326685399,0.7080802326685399,1.0890196388492728,1.0890196388492728,1.0890196388492728,0.6312284069703009,0.6312284069703009,0.041341698788992964,0.041341698788992964,0.041341698788992964,4.2847747802734375,4.2847747802734375,4.976237773895264,4.976237773895264,4.976237773895264,1.1072893142700195,1.1072893142700195,1.3716542720794678,1.3716542720794678,1.3716542720794678
sub001-ses04-block4-game2_001::b0531,test/sub001/ses-04/sub001-ses04-block4-game2_001.npy,sub001,2,3,26,0,Short,0.849428300966619,1.0146346861589661,1.0146346861589661,1.0146346861589661,1.0664623082191402,0.5584603707162981,0.3574798068718437,0.3574798068718437,0.3574798068718437,0.31416990136454925,4.550876617431641,0.04356670379638672,0.04356670379638672,0.04356670379638672,4.235545635223389,1.2371833324432373,0.8626399040222168,0.8626399040222168,0.8626399040222168,0.8674893379211426
sub001-ses04-block4-game2_001::b0532,test/sub001/ses-04/sub001-ses04-block4-game2_001.npy,sub001,2,4,26,0,Short,0.8346620275355832,0.8864815974704994,0.9653020172800143,0.9653020172800143,0.970788498521854,0.5301521999142855,0.5291060602601827,0.33382818908039674,0.33382818908039674,0.3965290643560976,4.483883380889893,0.0,3.992720603942871,3.992720603942871,4.516659736633301,0.8255941867828369,0.0,0.5996890068054199,0.5996890068054199,0.7971405982971191
sub001-ses04-block4-game2_001::b0533,test/sub001/ses-04/sub001-ses04-block4-game2_001.npy,sub001,2,4,26,0,Short,0.8759575438779607,1.3367912558532304,0.9610107913883424,0.9610107913883424,0.929750335255779,0.5019946144690024,0.19532838290321705,0.45987389607304163,0.45987389607304163,0.579371185117174,3.638882875442505,3.929166555404663,0.32779383659362793,0.32779383659362793,0.19012451171875,0.21946167945861816,0.9786574840545654,1.0302717685699463,1.0302717685699463,0.21649432182312012
sub001-ses04-block4-game2_001::b0534,test/sub001/ses-04/sub001-ses04-block4-game2_001.npy,sub001,2,3,26,0,Short,0.9373316682026591,0.9373316682026591,0.9534163654845965,1.0735219449578675,1.0735219449578675,0.458624990894262,0.458624990894262,0.4205397896912935,0.3259402398859935,0.3259402398859935,0.0,0.0,3.9391086101531982,0.04610013961791992,0.04610013961791992,0.0,0.0,0.6154508590698242,0.5731053352355957,0.5731053352355957
sub001-ses04-block4-game2_001::b0535,test/sub001/ses-04/sub001-ses04-block4-game2_001.npy,sub001,2,2,26,0,Short,0.871304715815785,0.871304715815785,0.871304715815785,1.069853351454616,1.069853351454616,0.5127396401278317,0.5127396401278317,0.5127396401278317,0.3788843518680032,0.3788843518680032,4.138472557067871,4.138472557067871,4.138472557067871,3.963602066040039,3.963602066040039,0.5578110218048096,0.5578110218048096,0.5578110218048096,0.7585411071777344,0.7585411071777344
sub001-ses04-block4-game2_001::b0536,test/sub001/ses-04/sub001-ses04-block4-game2_001.npy,sub001,2,5,26,0,Short,0.8992902654429074,1.0476649616432092,0.9961810710409231,1.1041770191326452,0.9351303689801087,0.46868216897662296,0.31691614578964755,0.5335106341838047,0.2973519216334619,0.5188228724488284,0.0,0.6350798606872559,3.7428104877471924,0.016527652740478516,0.0,0.0,0.6778998374938965,0.30633044242858887,0.5505478382110596,0.0
sub001-ses04-block4-game2_001::b0537,test/sub001/ses-04/sub001-ses04-block4-game2_001.npy,sub001,2,10,26,0,Short,0.9573237750901273,1.0887353156073951,0.9729380243530233,1.134527765407268,1.3153720363989727,0.4272578674111158,0.3892955369875384,0.47544997490182733,0.3328424738724799,0.06561102557110288,0.27062296867370605,0.0,0.07198119163513184,0.0,3.439629554748535,0.7649116516113281,0.0,0.702390193939209,0.0,0.2500007152557373
sub001-ses04-block4-game2_001::b0539,test/sub001/ses-04/sub001-ses04-block4-game2_001.npy,sub001,2,3,26,0,Short,0.2261698372075832,1.0064526591572105,1.0064526591572105,1.0064526591572105,1.2600115218508479,0.9274513020721977,0.4587757501965175,0.4587757501965175,0.4587757501965175,0.33130961884026905,3.4589903354644775,3.5875535011291504,3.5875535011291504,3.5875535011291504,0.8145451545715332,0.3863980770111084,0.5570101737976074,0.5570101737976074,0.5570101737976074,0.5617921352386475
sub001-ses04-block4-game2_001::b0540,test/sub001/ses-04/sub001-ses04-block4-game2_001.npy,sub001,2,2,26,0,Short,1.161195922463981,1.161195922463981,1.161195922463981,1.0469521942901017,1.0469521942901017,0.3194769550581635,0.3194769550581635,0.3194769550581635,0.4683175015736617,0.4683175015736617,3.3401718139648438,3.3401718139648438,3.3401718139648438,0.0,0.0,0.23864340782165527,0.23864340782165527,0.23864340782165527,0.0,0.0
sub001-ses04-block4-game2_001::b0541,test/sub001/ses-04/sub001-ses04-block4-game2_001.npy,sub001,2,2,26,0,Short,0.9562490463485028,0.9562490463485028,0.9562490463485028,1.204201804709513,1.204201804709513,0.44127489302925416,0.44127489302925416,0.44127489302925416,0.3237276046100207,0.3237276046100207,3.5739352703094482,3.5739352703094482,3.5739352703094482,0.0,0.0,0.6980621814727783,0.6980621814727783,0.6980621814727783,0.0,0.0
sub001-ses04-block4-game2_001::b0542,test/sub001/ses-04/sub001-ses04-block4-game2_001.npy,sub001,2,3,26,0,Short,0.833691860456735,0.833691860456735,1.1181455389349355,0.931845917012008,0.931845917012008,0.5109133234956267,0.5109133234956267,0.4034176948971687,0.5403417608425091,0.5403417608425091,3.273108720779419,3.273108720779419,0.0,3.5045955181121826,3.5045955181121826,0.7996826171875,0.7996826171875,0.0,0.7478060722351074,0.7478060722351074
sub001-ses04-block4-game2_001::b0543,test/sub001/ses-04/sub001-ses04-block4-game2_001.npy,sub001,2,6,26,0,Short,1.0033486465949946,1.094759921372753,0.8697057167169164,1.1101971826951904,1.1730152495458062,0.39741455325817515,0.43908101297189056,0.577707825791204,0.3814190543247284,0.18661686919263953,0.0,3.37734317779541,0.0,0.5665223598480225,0.0,0.0,0.37691330909729004,0.0,0.7776176929473877,0.0
sub001-ses04-block4-game2_001::b0544,test/sub001/ses-04/sub001-ses04-block4-game2_001.npy,sub001,2,11,26,0,Short,0.9612088334282726,1.3171170771851834,1.143914406771791,1.1481100825052595,1.3304955103180236,0.41345038798590467,0.26756495755674314,0.401014148123509,0.4292184946967662,0.17628968952922702,0.14942431449890137,2.50518798828125,3.240283966064453,0.0,0.0,0.3093068599700928,0.0,0.0,0.0,0.0
sub001-ses04-block4-game2_001::b0545,test/sub001/ses-04/sub001-ses04-block4-game2_001.npy,sub001,2,14,26,0,Short,0.8135297776747192,0.9535364822581079,1.1384526564399298,1.0263888244092638,1.0493874867304207,0.5187425639535062,0.4639204744740729,0.4331558973714984,0.46320486348511447,0.3703145709063175,0.0,0.09716415405273438,0.0,0.0,0.08218026161193848,0.0,0.14555001258850098,0.0,0.0,0.5300383567810059
sub001-ses04-block4-game2_001::b0546,test/sub001/ses-04/sub001-ses04-block4-game2_001.npy,sub001,2,28,26,1,Long,0.929319798696209,1.0797637494487313,1.2963541618965175,1.0795583963852784,1.1670556130281815,0.44889314711131334,0.41084671731702094,0.1900680411413605,0.4548814041668589,0.0010212766880003388,3.118786334991455,0.01078653335571289,0.0,3.2455835342407227,3.0146291255950928,0.01711726188659668,0.3280792236328125,0.0,0.19368195533752441,0.10652828216552734
sub001-ses04-block4-game2_001::b0547,test/sub001/ses-04/sub001-ses04-block4-game2_001.npy,sub001,2,54,26,1,Long,0.9837743360704898,0.9255417276929339,1.0875462306824004,0.9110879574739853,0.7976512839128105,0.5690608181980715,0.47078407817965273,0.3822985423425915,0.5970362446443894,0.6188313176290278,3.2810091972351074,3.261723518371582,3.1328701972961426,0.0,0.0,0.177886962890625,0.49520325660705566,0.0,0.0,0.0
sub001-ses04-block4-game2_001::b0548,test/sub001/ses-04/sub001-ses04-block4-game2_001.npy,sub001,2,16,26,0,Short,0.6572408839773783,0.7101490539050285,0.995559733044112,1.0501202354752104,1.1311382634137304,0.7093135491249938,0.708263677520707,0.5018544069562212,0.46147012968820394,0.4300273765136926,0.1276092529296875,0.0,0.0,0.0,2.6760075092315674,0.0,0.0,0.0,0.0,0.0
sub001-ses04-block4-game2_001::b0549,test/sub001/ses-04/sub001-ses04-block4-game2_001.npy,sub001,2,25,26,0,Short,0.9864596566257134,0.9467097486098944,1.0788039413039592,0.9994623080819584,0.9480925489647619,0.25786417242738613,0.5100954935401993,0.42087275307437055,0.4980875595677373,0.5444538024685559,0.3372809886932373,3.5288801193237305,3.099435329437256,2.873656988143921,3.156053304672241,0.45374178886413574,0.4709441661834717,0.0848236083984375,0.0,0.5884687900543213
sub001-ses04-block4-game2_001::b0550,test/sub001/ses-04/sub001-ses04-block4-game2_001.npy,sub001,2,6,26,0,Short,0.4449035794751317,0.9596380602272758,0.9391970638097649,1.0321057840742274,1.057693482721459,0.8351020614330129,0.524216140248441,0.48717238442838484,0.46029139264777175,0.4463567553347541,0.3729865550994873,3.3061652183532715,0.0,0.0,0.0,0.03452563285827637,0.11200332641601562,0.0,0.0,0.0
sub001-ses04-block4-game2_001::b0551,test/sub001/ses-04/sub001-ses04-block4-game2_001.npy,sub001,2,4,26,0,Short,0.9237649470974283,1.044055326810212,1.1007785164153465,1.1007785164153465,1.0170916754270498,0.4558236138297159,0.45399162726137365,0.40075557264935485,0.40075557264935485,0.4535051831489173,3.2398438453674316,0.1360926628112793,3.4688785076141357,3.4688785076141357,3.0860066413879395,0.7381296157836914,0.07465362548828125,0.6906130313873291,0.6906130313873291,0.08446574211120605
sub001-ses04-block4-game2_001::b0552,test/sub001/ses-04/sub001-ses04-block4-game2_001.npy,sub001,2,8,26,0,Short,1.0447462554874194,1.0300366014261253,0.9126404943684191,1.0691145768441341,1.0381167122749595,0.4086548872278602,0.45644034974924647,0.5249453696840448,0.38470092556076874,0.4196102228101216,0.07750201225280762,0.38242483139038086,0.0,3.0872368812561035,3.2133023738861084,0.5935609340667725,0.7436442375183105,0.0,0.4487621784210205,0.485060453414917
sub001-ses04-block4-game2_001::b0553,test/sub001/ses-04/sub001-ses04-block4-game2_001.npy,sub001,2,6,26,0,Short,0.9745933297611983,1.016604635854892,1.22108515472878,0.9700291360776072,1.0131764776871524,0.4202103395756005,0.4593717762093945,0.3757522116867148,0.5286271942058576,0.48796220549300195,0.13198256492614746,3.304534912109375,0.0,0.0,0.05597496032714844,0.2821774482727051,0.5843563079833984,0.0,0.0,0.19565677642822266
sub001-ses04-block4-game2_001::b0554,test/sub001/ses-04/sub001-ses04-block4-game2_001.npy,sub001,2,4,26,0,Short,0.46559436056574066,0.963561058428976,1.3279426074525713,1.3279426074525713,1.0872460719041135,0.7990407908008876,0.49861590508550707,0.2798674397057841,0.2798674397057841,0.48905118311991647,3.458399772644043,0.07673859596252441,0.0,0.0,0.0,0.3282172679901123,0.9948945045471191,0.0,0.0,0.0
sub001-ses04-block4-game2_001::b0555,test/sub001/ses-04/sub001-ses04-block4-game2_001.npy,sub001,2,2,26,0,Short,1.1667738505403584,1.1667738505403584,1.195446896398243,1.195446896398243,1.195446896398243,0.15671235921546067,0.15671235921546067,0.3858347806768647,0.3858347806768647,0.3858347806768647,0.07312679290771484,0.07312679290771484,0.0,0.0,0.0,0.07708072662353516,0.07708072662353516,0.0,0.0,0.0
sub001-ses04-block4-game2_001::b0556,test/sub001/ses-04/sub001-ses04-block4-game2_001.npy,sub001,2,2,26,0,Short,1.0959946215854468,1.0959946215854468,1.2688917965086701,1.2688917965086701,1.2688917965086701,0.3383936912120785,0.3383936912120785,0.30899554687758546,0.30899554687758546,0.30899554687758546,0.0,0.0,0.0,0.0,0.0,0.0,0.0,0.0,0.0,0.0
sub001-ses04-block4-game2_001::b0557,test/sub001/ses-04/sub001-ses04-block4-game2_001.npy,sub001,2,2,26,0,Short,0.9328864462897732,0.9328864462897732,1.1935319722239994,1.1935319722239994,1.1935319722239994,0.4580488643632144,0.4580488643632144,0.05300940056708486,0.05300940056708486,0.05300940056708486,3.667334794998169,3.667334794998169,0.11201047897338867,0.11201047897338867,0.11201047897338867,1.275787115097046,1.275787115097046,0.3990020751953125,0.3990020751953125,0.3990020751953125
sub001-ses04-block4-game2_001::b0558,test/sub001/ses-04/sub001-ses04-block4-game2_001.npy,sub001,2,3,26,0,Short,1.2028083090846993,1.3797903725136533,1.3797903725136533,1.3797903725136533,1.3525737827398372,0.2673515893776658,0.18387042943035953,0.18387042943035953,0.18387042943035953,0.20905916376475206,0.0,2.0903611183166504,2.0903611183166504,2.0903611183166504,0.3789699077606201,0.0,0.0,0.0,0.0,0.3914949893951416
sub001-ses04-block4-game2_001::b0559,test/sub001/ses-04/sub001-ses04-block4-game2_001.npy,sub001,2,3,26,0,Short,1.0374690504404307,1.0374690504404307,1.2327928710907021,1.2830619218997792,1.2830619218997792,0.36765929116510454,0.36765929116510454,0.17861884645980597,0.037177276604368814,0.037177276604368814,0.0,0.0,0.0,2.8669564723968506,2.8669564723968506,0.0,0.0,0.0,0.0,0.0
sub001-ses04-block4-game2_001::b0560,test/sub001/ses-04/sub001-ses04-block4-game2_001.npy,sub001,2,3,26,0,Short,0.9795282956258422,0.9795282956258422,1.283716001644931,1.4302524158984244,1.4302524158984244,0.4127043529710853,0.4127043529710853,0.32281781437779744,0.1268223942831663,0.1268223942831663,0.0,0.0,1.097656011581421,3.287446975708008,3.287446975708008,0.0,0.0,0.6672036647796631,0.7884447574615479,0.7884447574615479
sub001-ses04-block4-game2_001::b0561,test/sub001/ses-04/sub001-ses04-block4-game2_001.npy,sub001,2,3,26,0,Short,1.131661251577271,1.131661251577271,1.2357033218655662,1.4230872925886866,1.4230872925886866,0.34265513143540893,0.34265513143540893,0.3372464639737023,0.19388855937676694,0.19388855937676694,0.0,0.0,3.625868320465088,2.8324966430664062,2.8324966430664062,0.0,0.0,1.3955519199371338,0.0,0.0
sub001-ses04-block4-game2_001::b0562,test/sub001/ses-04/sub001-ses04-block4-game2_001.npy,sub001,2,12,26,0,Short,1.0184096629039638,1.3215293560883652,1.1874304003375091,1.349192282003847,1.233010993485796,0.39763039801376554,0.20260965356041682,0.41026238701057005,0.24619585988531112,0.33437132261594715,0.0,0.0,2.7764217853546143,0.23801589012145996,0.0,0.0,0.0,0.0,0.6175775527954102,0.0
sub001-ses04-block4-game2_001::b0563,test/sub001/ses-04/sub001-ses04-block4-game2_001.npy,sub001,2,21,26,0,Short,0.5239094806200763,1.1155674612014488,1.2044948945140848,1.3507226422872645,1.036385689029369,0.7372545630012745,0.34265404736629146,0.3280650780662984,0.27614268504355177,0.4612356065875459,0.0,0.0,2.380044937133789,0.0,2.85330867767334,0.0,0.0,0.0,0.0,0.08928704261779785
sub001-ses04-block4-game2_001::b0565,test/sub001/ses-04/sub001-ses04-block4-game2_001.npy,sub001,2,6,26,0,Short,0.6141683055340621,1.2929320497005408,1.236608813017435,1.2720309261437424,1.212806726723343,0.6917462561110033,0.3304184874213981,0.2969110171954551,0.30613189842453115,0.3324706100761936,2.990825891494751,0.0,0.0,0.33205270767211914,2.7027721405029297,0.009150266647338867,0.0,0.0,0.03689002990722656,0.05076861381530762
sub001-ses04-block4-game2_001::b0566,test/sub001/ses-04/sub001-ses04-block4-game2_001.npy,sub001,2,4,26,0,Short,1.2293385741010825,1.2654774679351228,1.2654774679351228,1.1177768986144079,1.2229281949293709,0.2645644228501608,0.21009317248177561,0.21009317248177561,0.30552499292597035,0.23814693594052705,0.0,3.0486583709716797,3.0486583709716797,3.3623838424682617,0.0,0.0,0.2360517978668213,0.2360517978668213,0.993553876876831,0.0
sub001-ses04-block4-game2_001::b0567,test/sub001/ses-04/sub001-ses04-block4-game2_001.npy,sub001,2,2,26,0,Short,1.008324886128922,1.008324886128922,1.3570389484602925,1.3570389484602925,1.3570389484602925,0.4198375934552072,0.4198375934552072,0.2887910340399134,0.2887910340399134,0.2887910340399134,0.11947917938232422,0.11947917938232422,0.3170342445373535,0.3170342445373535,0.3170342445373535,0.3083922863006592,0.3083922863006592,0.31969475746154785,0.31969475746154785,0.31969475746154785
sub001-ses04-block4-game2_001::b0568,test/sub001/ses-04/sub001-ses04-block4-game2_001.npy,sub001,2,2,26,0,Short,1.2885278124089938,1.2885278124089938,1.2855180527552748,1.2855180527552748,1.2855180527552748,0.23513546022191467,0.23513546022191467,0.12858415342841067,0.12858415342841067,0.12858415342841067,0.0,0.0,0.0,0.0,0.0,0.0,0.0,0.0,0.0,0.0
sub001-ses04-block4-game2_001::b0569,test/sub001/ses-04/sub001-ses04-block4-game2_001.npy,sub001,2,8,26,0,Short,1.179286093906385,1.2599572595970105,1.3015861864810432,1.314762346691571,1.3680342036872128,0.3767085296274211,0.3821468321756777,0.32184093427558913,0.250306196831762,0.2517319308198561,0.20092988014221191,0.0,0.0,0.0,0.0,0.05750393867492676,0.0,0.0,0.0,0.0
sub001-ses04-block4-game2_001::b0570,test/sub001/ses-04/sub001-ses04-block4-game2_001.npy,sub001,2,4,26,0,Short,1.032753754912963,1.3745589297393903,1.3745589297393903,1.3111492186094549,1.091060352399163,0.2974323822902562,0.18253765794910448,0.18253765794910448,0.2387980311133844,0.4548166156660163,0.0,0.0,0.0,0.10170507431030273,1.948067545890808,0.0,0.0,0.0,0.25730395317077637,0.14421892166137695
sub001-ses04-block4-game2_001::b0571,test/sub001/ses-04/sub001-ses04-block4-game2_001.npy,sub001,2,3,26,0,Short,1.266627422743911,1.266627422743911,1.1531682661535738,1.031219758330146,1.031219758330146,0.3872959808031414,0.3872959808031414,0.44289084669201767,0.5379097032396408,0.5379097032396408,1.51002037525177,1.51002037525177,1.7679548263549805,1.5052626132965088,1.5052626132965088,0.0,0.0,0.1275629997253418,0.0,0.0
sub001-ses04-block4-game2_001::b0572,test/sub001/ses-04/sub001-ses04-block4-game2_001.npy,sub001,2,21,26,0,Short,0.6462486131546956,1.112462607200787,1.236940728501874,1.1421009316399604,1.0527003186160184,0.7228433340726479,0.4245872095339604,0.3383021882462387,0.4523942199920983,0.5025199086278,0.0,0.0,0.0,2.4621195793151855,0.3080015182495117,0.0,0.0,0.0,0.315784215927124,0.325620174407959
sub001-ses04-block4-game2_001::b0573,test/sub001/ses-04/sub001-ses04-block4-game2_001.npy,sub001,2,32,26,1,Long,0.9177184670968632,1.114969841261953,1.2331395333138144,1.1969698697180056,1.1810578653288808,0.5778087307437104,0.3179440292952193,0.32900374479216177,0.3231172853739365,0.4054491870899254,0.12506794929504395,0.23843765258789062,0.0,0.0,1.7281174659729004,0.6496517658233643,0.22679495811462402,0.0,0.0,0.0
sub001-ses04-block4-game2_001::b0574,test/sub001/ses-04/sub001-ses04-block4-game2_001.npy,sub001,2,11,26,0,Short,0.6199121731347198,1.3114883987794568,1.1391984681357277,1.1597299245216919,1.2527166732711483,0.7379531285228565,0.28860620888311206,0.45413059584860704,0.46146243368895656,0.35389576041291537,0.24718832969665527,2.446173906326294,0.6000664234161377,0.0,2.2828586101531982,0.7035226821899414,0.8299078941345215,0.32676053047180176,0.0,0.3893728256225586
sub001-ses04-block4-game2_001::b0575,test/sub001/ses-04/sub001-ses04-block4-game2_001.npy,sub001,2,4,26,0,Short,1.1718942771791827,1.127793699736171,1.1859941626320596,1.1859941626320596,1.0670939751229704,0.4077657797792169,0.4445732260608529,0.4374187549556841,0.4374187549556841,0.5278948964355775,2.081855058670044,0.0,0.0,0.0,2.3327128887176514,0.10062360763549805,0.0,0.0,0.0,0.6897549629211426
sub001-ses04-block4-game2_001::b0577,test/sub001/ses-04/sub001-ses04-block4-game2_001.npy,sub001,2,4,26,0,Short,1.1684542775739275,1.1268931293493831,1.188880981617076,1.188880981617076,1.2026931604329887,0.3273044324331814,0.45028119494340013,0.4812284062024445,0.4812284062024445,0.2641248250309606,1.4998973608016968,1.4398504495620728,1.5837322473526,1.5837322473526,0.3707219362258911,0.0,0.0,0.052733421325683594,0.052733421325683594,0.16090798377990723
sub001-ses04-block4-game2_001::b0579,test/sub001/ses-04/sub001-ses04-block4-game2_001.npy,sub001,2,7,26,0,Short,1.2127891708530651,0.6794390632980164,0.9408744625662362,0.6362554247291241,1.1503792802775503,0.4274690624644591,0.7433620851385664,0.6070189198981971,0.7811445802536339,0.41311693165711083,0.0,2.222576141357422,0.0,0.0,0.016645073890686035,0.0,1.039069652557373,0.0,0.0,0.5883395671844482
sub001-ses04-block4-game2_001::b0580,test/sub001/ses-04/sub001-ses04-block4-game2_001.npy,sub001,2,10,26,0,Short,0.7025158010979333,1.1632234001255988,1.0516086809007812,0.9756546453911914,1.0616761920890085,0.6376200706450381,0.42453481431825346,0.5377146382638779,0.6152285803056747,0.5496431164494402,1.3648715019226074,0.2142937183380127,0.0,1.3826826810836792,0.0,0.16666102409362793,0.40299201011657715,0.0,0.1393754482269287,0.0
sub001-ses04-block4-game2_001::b0581,test/sub001/ses-04/sub001-ses04-block4-game2_001.npy,sub001,2,7,26,0,Short,1.209817084941745,1.0647896495625409,1.043562519871134,1.2201874813732063,1.0548207266046141,0.35944503151992974,0.5094311180010735,0.5463068932455389,0.2718889414750259,0.5276538004088769,0.0,0.0,0.0,1.5922276973724365,1.627038598060608,0.0,0.0,0.0,0.5623806715011597,0.5830066204071045
sub001-ses04-block4-game2_001::b0582,test/sub001/ses-04/sub001-ses04-block4-game2_001.npy,sub001,2,3,26,0,Short,1.3456663291511135,0.9627313691429763,0.9627313691429763,0.9627313691429763,1.06656451530577,0.23918268510058333,0.6122435584051641,0.6122435584051641,0.6122435584051641,0.5299349557743231,0.0,0.0,0.0,0.0,1.2105674743652344,0.0,0.0,0.0,0.0,0.03375840187072754
sub001-ses04-block4-game2_001::b0583,test/sub001/ses-04/sub001-ses04-block4-game2_001.npy,sub001,2,22,26,0,Short,0.43798261774287195,0.8391914242970915,1.1517715467335017,1.07939490841076,1.0455972583321382,0.8305170170869483,0.6830463376262785,0.42864842919081364,0.5062135620616285,0.4990191859494332,0.0,0.2796262502670288,0.0,0.0,0.020684003829956055,0.0,0.42117393016815186,0.0,0.0,0.381567120552063
sub001-ses04-block4-game2_001::b0584,test/sub001/ses-04/sub001-ses04-block4-game2_001.npy,sub001,2,14,26,0,Short,0.8984242870889821,1.046957275754913,1.0282952174699918,0.8847304436531516,0.9491969042185884,0.4740531773395366,0.5514496649495884,0.5819611041547008,0.6668332467056312,0.5920602216483246,0.0,0.13834631443023682,0.0,1.3361029624938965,0.0,0.0,0.3529496192932129,0.0,0.32837700843811035,0.0
sub001-ses04-block4-game2_001::b0585,test/sub001/ses-04/sub001-ses04-block4-game2_001.npy,sub001,2,7,26,0,Short,1.1588552594714976,1.0858558999659926,1.1404075816565786,1.137222173776315,1.1669962863534236,0.19201949334911889,0.43608398381773317,0.4837558157041184,0.33590704986365316,0.24467080114106138,1.0707908868789673,1.1577022075653076,1.1259902715682983,0.0,0.0,0.015104174613952637,0.10000550746917725,0.0,0.0,0.0
sub001-ses04-block4-game2_001::b0586,test/sub001/ses-04/sub001-ses04-block4-game2_001.npy,sub001,2,6,26,0,Short,0.3434900112619162,1.0229297388698924,0.8623641536380454,0.8956446173834385,0.9054827056242496,0.8736653912354172,0.4198060963636449,0.6364025798779285,0.6215974192115594,0.5615010291615976,0.0,0.0,0.0,0.0,0.0,0.0,0.0,0.0,0.0,0.0
sub001-ses04-block4-game2_001::b0587,test/sub001/ses-04/sub001-ses04-block4-game2_001.npy,sub001,2,9,26,0,Short,0.9014708768341846,0.9134048558700311,1.1510096142380606,1.0076715534475702,1.2422328978680248,0.5738369473325144,0.6483437110953342,0.4860745216146407,0.5914668131508752,0.42656524581072913,1.3067152500152588,0.0,0.0,1.2611380815505981,0.0,0.3886868953704834,0.0,0.0,0.35719096660614014,0.0
sub001-ses04-block4-game2_001::b0588,test/sub001/ses-04/sub001-ses04-block4-game2_001.npy,sub001,2,26,26,1,Long,1.3326201483883526,1.0137223690191992,1.1205867939567833,1.076496963504225,0.9214705064596765,0.3487116590995652,0.5903933618661004,0.5156157087230503,0.49226703238396685,0.5937765855194391,0.06413638591766357,0.0,0.0,0.14342546463012695,0.9775749444961548,0.0,0.0,0.0,0.15833163261413574,0.0
sub001-ses04-block4-game2_001::b0589,test/sub001/ses-04/sub001-ses04-block4-game2_001.npy,sub001,2,6,26,0,Short,0.785277262258701,0.6949159596476417,0.8838178309058081,0.7327258376419529,0.7989337802144075,0.5762777546545809,0.7435070739804779,0.657159485799542,0.7159400834947318,0.6868114735893602,0.0,1.059966802597046,0.0,0.0,1.121574878692627,0.0,0.0,0.0,0.0,0.0
sub001-ses04-block4-game2_001::b0590,test/sub001/ses-04/sub001-ses04-block4-game2_001.npy,sub001,2,9,26,0,Short,0.8843645729173272,0.9701538779599731,0.8653115540276148,1.0268674392071397,0.8766844162246019,0.5634962466022775,0.5544149210785339,0.6806478839104406,0.463357670241066,0.6521325105537453,1.3419475555419922,0.0,0.0,0.9277299046516418,1.2102781534194946,0.3966459631919861,0.0,0.0,0.0,0.4093043804168701
sub001-ses04-block4-game2_001::b0591,test/sub001/ses-04/sub001-ses04-block4-game2_001.npy,sub001,2,19,26,0,Short,0.7802336594279289,0.8690769914024101,0.957044623414378,1.079152652850515,1.0764626336002623,0.6093610811539779,0.6530734058547014,0.599221488082356,0.5134469791088395,0.5343856468829628,0.702794075012207,0.0,0.0,0.0,1.2071419954299927,0.23512470722198486,0.0,0.0,0.0,0.011073589324951172
sub001-ses04-block4-game2_001::b0592,test/sub001/ses-04/sub001-ses04-block4-game2_001.npy,sub001,2,16,26,0,Short,1.2225886362807061,0.7754920263464775,0.9380050488475634,0.7232050040265414,0.813505672943887,0.39186352717724116,0.7069131967089372,0.5615688640315902,0.684380603611439,0.6825142967382807,0.11091983318328857,0.7728232741355896,0.0,0.1602081060409546,1.153659701347351,0.3722177743911743,0.0,0.0,0.5442917943000793,0.24120593070983887
sub001-ses04-block4-game2_001::b0593,test/sub001/ses-04/sub001-ses04-block4-game2_001.npy,sub001,2,22,26,0,Short,0.2502302727047462,0.7384727200184171,0.9004736987429307,0.7096166114090371,0.6297544775413626,0.9180660780137142,0.7040413641471104,0.6111512210370337,0.7324794711885594,0.7493720581331629,1.3797101974487305,1.1961108446121216,0.0,1.0046805143356323,0.0,0.6173257827758789,0.3158329129219055,0.0,0.014533936977386475,0.0
sub001-ses04-block4-game2_001::b0594,test/sub001/ses-04/sub001-ses04-block4-game2_001.npy,sub001,2,4,26,0,Short,0.36777711457710893,1.1368606622571533,1.1368606622571533,0.6686633262537137,0.7189009918674226,0.8695954014213478,0.41347391832756875,0.41347391832756875,0.7160071924784517,0.7192805925874718,1.1375858783721924,0.8386859148740768,0.8386859148740768,1.051293969154358,0.0,0.5248221755027771,0.9313094615936279,0.9313094615936279,0.4331868886947632,0.0
sub001-ses04-block4-game2_001::b0595,test/sub001/ses-04/sub001-ses04-block4-game2_001.npy,sub001,2,21,26,0,Short,0.6793957540584368,0.7172471700541873,1.1038540728822825,1.0762047034108195,0.9451579533977287,0.6296496121293406,0.7114663626528522,0.5163570371176255,0.559182845634732,0.6380260214858139,0.0,0.7107720375061035,0.750921905040741,0.5175603628158569,0.7680094242095947,0.0,0.0,0.0,0.0,0.0
sub001-ses04-block4-game2_001::b0596,test/sub001/ses-04/sub001-ses04-block4-game2_001.npy,sub001,2,3,26,0,Short,1.3394917770594736,1.3394917770594736,0.7427631048868154,0.5589121086836937,0.5589121086836937,0.30143384286304387,0.30143384286304387,0.7153255328825705,0.7978429756235738,0.7978429756235738,0.0,0.0,0.0,0.0,0.0,0.0,0.0,0.0,0.0,0.0
sub001-ses04-block4-game2_001::b0597,test/sub001/ses-04/sub001-ses04-block4-game2_001.npy,sub001,2,12,26,0,Short,0.9917758644111458,0.642908064896641,0.7762101608073085,0.8490910587992323,0.8104697859925176,0.4441668318511942,0.751521582461681,0.6793348625751369,0.6716558234680122,0.6922811333963056,0.0,0.381879061460495,0.6396270394325256,0.0,0.10598820447921753,0.0,0.0,0.0,0.0,0.0
sub001-ses04-block4-game2_001::b0598,test/sub001/ses-04/sub001-ses04-block4-game2_001.npy,sub001,2,9,26,0,Short,0.8629956238511135,0.7324815282292102,1.2329616098015845,1.1904212329498152,1.203660179081717,0.2267560293001774,0.6869252975579605,0.37494534878692826,0.2863986632736905,0.4553956238805853,0.636090874671936,0.6218603253364563,0.0,0.0,0.05114072561264038,0.0,0.0,0.0,0.0,0.0
sub001-ses04-block4-game2_001::b0599,test/sub001/ses-04/sub001-ses04-block4-game2_001.npy,sub001,2,13,26,0,Short,1.2794912928916302,0.8053773203116884,0.9451752299823721,0.6665644213493062,0.6919837361549824,0.3611933912364843,0.7118118826238903,0.5913099359536671,0.7435677179582934,0.7505646426295376,0.0,0.0,0.0,0.0,0.0,0.0,0.0,0.0,0.0,0.0
sub001-ses04-block4-game2_001::b0600,test/sub001/ses-04/sub001-ses04-block4-game2_001.npy,sub001,2,129,26,1,Long,0.41421696399482605,0.41059714003428366,0.4590559799768329,0.33005273753469294,0.8521611588745641,0.8437977106530273,0.8733060618639101,0.8530946158472181,0.8994906016173064,0.6373397543758181,0.049835532903671265,0.0,0.04593133181333542,0.04620758444070816,0.8490650653839111,0.006467416882514954,0.0,0.0025632157921791077,0.017834000289440155,0.7371448129415512
sub001-ses04-block4-game2_001::b0601,test/sub001/ses-04/sub001-ses04-block4-game2_001.npy,sub001,2,111,26,1,Long,0.8469968752195565,0.8482910487110218,0.35031261568922395,0.49310155309137005,0.6684437375442615,0.4576935236381887,0.6601025520959621,0.8975281368309668,0.8373738653179736,0.7563386673021775,0.0,0.049376726150512695,0.0,0.0,3.2194228172302246,0.0,0.37478208541870117,0.0,0.0,0.0
sub001-ses04-block4-game2_001::b0602,test/sub001/ses-04/sub001-ses04-block4-game2_001.npy,sub001,2,4,26,0,Short,1.0939890251091908,1.099778656247502,1.099778656247502,1.3585590332777713,0.9787434787534208,0.24698802576987217,0.42349583415998204,0.42349583415998204,0.08601707716200685,0.5776792221758242,2.9254560470581055,3.3386690616607666,3.3386690616607666,4.522691249847412,1.5509872436523438,0.0,0.010933637619018555,0.010933637619018555,1.0775415897369385,1.0608081817626953
sub001-ses04-block4-game2_001::b0603,test/sub001/ses-04/sub001-ses04-block4-game2_001.npy,sub001,2,4,26,0,Short,0.8971804597010266,1.100129505398138,0.7819304535289535,0.7819304535289535,1.1592165563177603,0.41198693578958717,0.4166636020741367,0.6462392912315172,0.6462392912315172,0.4003984440910743,0.9822015762329102,5.2788987159729,0.0,0.0,4.591361999511719,0.0,1.3388848304748535,0.0,0.0,0.8340344429016113
sub001-ses04-block4-game2_001::b0604,test/sub001/ses-04/sub001-ses04-block4-game2_001.npy,sub001,2,4,26,0,Short,1.5673235418048754,0.7471078406768179,0.457678341939728,0.457678341939728,0.6405250816201086,0.030624877072801926,0.401684398784275,0.830255215941925,0.830255215941925,0.6226697390420854,0.084781713783741,0.10539545863866806,0.0,0.0,0.013794012367725372,0.0,0.04667874425649643,0.0,0.0,0.008320443332195282
sub001-ses04-block8-game2_000::b0001,test/sub001/ses-04/sub001-ses04-block8-game2_000.npy,sub001,2,15,26,0,Short,0.8312035452202376,0.8353332101725788,0.8603384217508281,0.5280364109170326,0.564627337059789,0.4165567207817131,0.6592400554539308,0.6594667775281435,0.8143216456129405,0.78704935443117,2.6501102447509766,2.6407368183135986,0.0,0.0,2.6542539596557617,0.03724789619445801,0.04275965690612793,0.0,0.0,0.21473264694213867
sub001-ses04-block8-game2_000::b0002,test/sub001/ses-04/sub001-ses04-block8-game2_000.npy,sub001,2,19,26,0,Short,0.8233761168111577,0.5614170616387253,0.34703221504140375,0.7463009138988288,0.7156361495647994,0.4213286387906161,0.7938349680454537,0.8915092128510671,0.7250601830712585,0.741290077229843,2.6837103366851807,0.0,0.0,0.42136144638061523,2.684058904647827,0.0,0.0,0.0,0.1075749397277832,0.0
sub001-ses04-block8-game2_000::b0003,test/sub001/ses-04/sub001-ses04-block8-game2_000.npy,sub001,2,12,26,0,Short,0.7903432511101389,0.7159607089493522,0.6280544711358672,0.6980772692205038,0.5291002096941547,0.3982712103044253,0.7389465392345497,0.7657265856617403,0.7285236422307425,0.8110225156881575,2.558220148086548,2.8021297454833984,0.009966611862182617,2.659289836883545,0.006815195083618164,0.0,0.09679889678955078,0.033325910568237305,0.028511762619018555,0.20046544075012207
sub001-ses04-block8-game2_000::b0004,test/sub001/ses-04/sub001-ses04-block8-game2_000.npy,sub001,2,15,26,0,Short,0.8962900269281344,0.7162530601620501,0.7274758813837437,0.6640746457290696,0.665178252042474,0.386633606304356,0.7047616060834503,0.6788849472886517,0.7185483464785568,0.7085192770859428,3.3570148944854736,0.0,4.141417980194092,3.276243209838867,3.5994508266448975,0.0,0.0,0.48447084426879883,0.0,0.0
sub001-ses04-block8-game2_000::b0005,test/sub001/ses-04/sub001-ses04-block8-game2_000.npy,sub001,2,10,26,0,Short,0.8483961808978387,0.8137959265919412,0.7382069330980113,0.8431323533903636,0.8084871057659078,0.4604031549032692,0.6167421710226617,0.6654831425957891,0.5537548127567533,0.629623959198526,0.22199296951293945,0.0,0.0,4.436132907867432,0.0,0.24360275268554688,0.0,0.0,0.5869166851043701,0.0
sub001-ses04-block8-game2_000::b0007,test/sub001/ses-04/sub001-ses04-block8-game2_000.npy,sub001,2,8,26,0,Short,0.87550889316876,0.8056155893514786,0.8258381057613898,0.9101474245636954,0.7661451826880369,0.45007486344154923,0.6517455438386826,0.557964350284961,0.5459273102783765,0.6148194815620484,0.0,0.0,0.0,0.0,3.7542037963867188,0.0,0.0,0.0,0.0,0.0
sub001-ses04-block8-game2_000::b0008,test/sub001/ses-04/sub001-ses04-block8-game2_000.npy,sub001,2,13,26,0,Short,0.5045504071784732,0.7473902555392781,0.8800210955361437,0.7332536324674561,0.7891924153709581,0.7450700608858043,0.6186465680489985,0.48608020588184064,0.6052176055061543,0.6069379602049536,0.0,4.474359512329102,4.079608917236328,4.096383094787598,4.302149295806885,0.0,0.0,0.0,0.0,0.10802268981933594
sub001-ses04-block8-game2_000::b0009,test/sub001/ses-04/sub001-ses04-block8-game2_000.npy,sub001,2,21,26,0,Short,0.8210730101636791,0.8942596308559415,0.915010826200619,0.9545861645671481,0.8311653177150773,0.4821785793614134,0.4033451019091954,0.4918065008844039,0.455403748320175,0.512085069084659,4.931643962860107,4.719821929931641,0.2853841781616211,0.0,0.0,0.5492401123046875,0.14202451705932617,0.0,0.0,0.0
sub001-ses04-block8-game2_000::b0010,test/sub001/ses-04/sub001-ses04-block8-game2_000.npy,sub001,2,8,26,0,Short,0.7557027580886299,0.941480772534013,0.9970433915541677,0.8288999812659494,0.9578448233706789,0.6437348293023433,0.415501762156103,0.3775182586141876,0.4473805703305097,0.5246715888470362,0.25694894790649414,4.417741775512695,0.0,0.0,0.032980918884277344,0.29555177688598633,0.30994749069213867,0.0,0.0,0.20885324478149414
sub001-ses04-block8-game2_000::b0011,test/sub001/ses-04/sub001-ses04-block8-game2_000.npy,sub001,2,8,26,0,Short,0.7601656669856379,0.9359500960244355,0.9495105182005661,1.0346052792610607,1.030543732207545,0.5275886360993589,0.28877286589784096,0.24231510185202582,0.08786226153240245,0.03687478314448689,4.585213661193848,4.309093952178955,0.0,4.116914749145508,0.0,0.18395423889160156,0.13971376419067383,0.0,0.6404743194580078,0.0
sub001-ses04-block8-game2_000::b0012,test/sub001/ses-04/sub001-ses04-block8-game2_000.npy,sub001,2,5,26,0,Short,0.7328092652388728,0.8998460636905316,1.0367855861288822,0.9721437695677932,0.8961675412076554,0.5873452016467581,0.35644972982255296,0.12284841795511137,0.18481817957398405,0.42457971163212305,3.719161033630371,0.0,0.0,0.0,0.0,0.17234373092651367,0.0,0.0,0.0,0.0
sub001-ses04-block8-game2_000::b0013,test/sub001/ses-04/sub001-ses04-block8-game2_000.npy,sub001,2,4,26,0,Short,0.8247123772344978,0.994428040622068,0.8498733385385047,0.8498733385385047,0.9587699446915198,0.5725628159092083,0.07953004756966453,0.2960576588400327,0.2960576588400327,0.22661481301826075,0.0,0.0,4.301661014556885,4.301661014556885,4.263096809387207,0.0,0.0,0.29981231689453125,0.29981231689453125,0.19662714004516602
sub001-ses04-block8-game2_000::b0014,test/sub001/ses-04/sub001-ses04-block8-game2_000.npy,sub001,2,10,26,0,Short,0.8281294880981319,1.0463758995886834,1.0823477214525754,0.9646454977139202,0.9186553382073267,0.5455751071854311,0.40546966664194606,0.46053244257852555,0.23989892940115148,0.3083825402082024,4.4914445877075195,0.0,3.9274871349334717,0.0,4.1156816482543945,0.625920295715332,0.0,0.1716628074645996,0.0,0.7183094024658203
sub001-ses04-block8-game2_000::b0015,test/sub001/ses-04/sub001-ses04-block8-game2_000.npy,sub001,2,2,26,0,Short,0.7614261167423542,0.7614261167423542,0.7614261167423542,1.0510354776448156,1.0510354776448156,0.5648378969843096,0.5648378969843096,0.5648378969843096,0.004917875188997334,0.004917875188997334,3.564659357070923,3.564659357070923,3.564659357070923,0.4585304260253906,0.4585304260253906,0.0,0.0,0.0,0.8316795825958252,0.8316795825958252
sub001-ses04-block8-game2_000::b0016,test/sub001/ses-04/sub001-ses04-block8-game2_000.npy,sub001,2,2,26,0,Short,1.205348493768525,1.205348493768525,1.205348493768525,1.0335938447111093,1.0335938447111093,0.07559289299440353,0.07559289299440353,0.07559289299440353,0.1640684459029183,0.1640684459029183,2.9716835021972656,2.9716835021972656,2.9716835021972656,2.9090216159820557,2.9090216159820557,0.1461162567138672,0.1461162567138672,0.1461162567138672,0.25766873359680176,0.25766873359680176
sub001-ses04-block8-game2_000::b0017,test/sub001/ses-04/sub001-ses04-block8-game2_000.npy,sub001,2,10,26,0,Short,0.8259673434051158,1.086262717283347,0.9547623871969764,0.8952234512352114,0.9759178928990431,0.5146593370752834,0.20248672943992296,0.3051541306686125,0.42685803643845566,0.4791353852016325,2.493612051010132,0.0,0.0,2.248572587966919,3.7011849880218506,0.0,0.0,0.0,0.38692736625671387,0.12822675704956055
sub001-ses04-block8-game2_000::b0018,test/sub001/ses-04/sub001-ses04-block8-game2_000.npy,sub001,2,2,26,0,Short,0.8487350712454479,0.8487350712454479,1.2334739502367855,1.2334739502367855,1.2334739502367855,0.4335919259241644,0.4335919259241644,0.1899637899656988,0.1899637899656988,0.1899637899656988,0.0,0.0,1.363693118095398,1.363693118095398,1.363693118095398,0.0,0.0,0.0,0.0,0.0
sub001-ses04-block8-game2_000::b0019,test/sub001/ses-04/sub001-ses04-block8-game2_000.npy,sub001,2,3,26,0,Short,0.9362117949850969,1.2081447650626274,1.2081447650626274,1.2081447650626274,0.9721583225449084,0.49407729036854475,0.31653885414883565,0.31653885414883565,0.31653885414883565,0.2335722762924315,4.0235137939453125,0.07459688186645508,0.07459688186645508,0.07459688186645508,0.0,0.7391095161437988,0.08665895462036133,0.08665895462036133,0.08665895462036133,0.0
sub001-ses04-block8-game2_000::b0020,test/sub001/ses-04/sub001-ses04-block8-game2_000.npy,sub001,2,142,26,1,Long,0.8916417503619305,0.401273586129274,0.37120938301612966,0.3230584458288062,0.6779584120788764,0.41182818110214847,0.8741124717584058,0.8845669061017319,0.904112714122276,0.7038366096055042,0.0011515617370605469,0.0,0.037255190312862396,0.0,4.259864807128906,0.06066446378827095,0.0,0.04735354334115982,0.05375266075134277,0.1291365623474121
sub001-ses04-block8-game2_000::b0021,test/sub001/ses-04/sub001-ses04-block8-game2_000.npy,sub001,2,10,26,0,Short,0.6322804802965744,0.6667885551124235,0.4379352230907811,0.7718112997614875,0.8684073225476416,0.6686098338513033,0.736943750309094,0.8649350070603781,0.6045268287022856,0.4895413541009401,4.354986190795898,0.0,4.044408798217773,0.0712890625,0.0,2.9414867162704468,0.0,2.838594675064087,0.1291346549987793,0.0
sub001-ses04-block8-game2_000::b0022,test/sub001/ses-04/sub001-ses04-block8-game2_000.npy,sub001,2,13,26,0,Short,0.6439025649176842,0.6742246426014717,0.840167833204585,1.0076138936534447,0.8593589649420096,0.6373601599497678,0.7395329592308071,0.5167941484446772,0.24493713179722132,0.3729175458488223,0.0,0.0,0.0,0.24077129364013672,3.7639174461364746,0.0,0.0,0.0,0.20080184936523438,0.0
sub001-ses04-block8-game2_000::b0023,test/sub001/ses-04/sub001-ses04-block8-game2_000.npy,sub001,2,9,26,0,Short,0.708598174029987,0.7252416671640267,0.8337481419678829,0.8126708535424543,0.7953260717900646,0.7010653971285417,0.579964242275136,0.5199064149775741,0.5526946361720957,0.5131773955758586,3.7858495712280273,3.9144227504730225,4.150938034057617,3.6414241790771484,0.0,0.0,0.05518960952758789,0.31264591217041016,0.0,0.0
sub001-ses04-block8-game2_000::b0024,test/sub001/ses-04/sub001-ses04-block8-game2_000.npy,sub001,2,3,26,0,Short,0.8777818470835037,0.9152583030195905,0.9152583030195905,0.9152583030195905,1.0527165835632526,0.45948000169795356,0.4570120754514003,0.4570120754514003,0.4570120754514003,0.23501214075429927,0.0,0.0,0.0,0.0,0.0,0.0,0.0,0.0,0.0,0.0
sub001-ses04-block8-game2_000::b0025,test/sub001/ses-04/sub001-ses04-block8-game2_000.npy,sub001,2,3,26,0,Short,1.1110980628363374,0.9298945893068407,0.9298945893068407,0.9298945893068407,1.1283798147812323,0.3525574505086846,0.32466196764473854,0.32466196764473854,0.32466196764473854,0.40291720076121385,0.8410992622375488,0.0,0.0,0.0,1.6448774337768555,0.37498998641967773,0.0,0.0,0.0,0.2348494529724121
sub001-ses04-block8-game2_000::b0026,test/sub001/ses-04/sub001-ses04-block8-game2_000.npy,sub001,2,2,26,0,Short,1.1334137639016044,1.1334137639016044,1.1334137639016044,0.8192769883027847,0.8192769883027847,0.19361955520163532,0.19361955520163532,0.19361955520163532,0.45156144422108346,0.45156144422108346,3.4250991344451904,3.4250991344451904,3.4250991344451904,4.854623317718506,4.854623317718506,0.0,0.0,0.0,1.132056713104248,1.132056713104248
sub001-ses04-block8-game2_000::b0027,test/sub001/ses-04/sub001-ses04-block8-game2_000.npy,sub001,2,19,26,0,Short,0.6111598629345735,0.8612040886959305,0.9875652838921503,0.9762539787973713,1.0480865867463813,0.7104754479885784,0.5809513351170733,0.4668467140642253,0.4758229641789973,0.4684862360835589,0.0,3.2144415378570557,0.0,0.3420414924621582,2.9094152450561523,0.0,0.0,0.0,0.13144516944885254,0.0
sub001-ses04-block8-game2_000::b0028,test/sub001/ses-04/sub001-ses04-block8-game2_000.npy,sub001,2,22,26,0,Short,1.0224172157269724,0.8633463009970817,0.975245813902826,0.9048705762596346,0.9014870216860715,0.41049915414726246,0.602841708535659,0.5092380939542447,0.5682244598672992,0.5761183922153271,0.5278928279876709,2.8806681632995605,2.9021878242492676,0.0,2.590144634246826,0.5260770320892334,0.0,0.0,0.0,0.0
sub001-ses04-block8-game2_000::b0029,test/sub001/ses-04/sub001-ses04-block8-game2_000.npy,sub001,2,11,26,0,Short,0.6355229987374614,0.9575829952117997,0.9214645073276755,0.918644568706241,0.9809496795211677,0.7215795001449419,0.48695401801029026,0.5657321168317633,0.5402941867815453,0.46665484926154754,2.760998487472534,3.143885374069214,3.0627825260162354,0.03679251670837402,0.021102428436279297,0.0,0.38657212257385254,0.23763179779052734,0.3234868049621582,0.0
sub001-ses04-block8-game2_000::b0030,test/sub001/ses-04/sub001-ses04-block8-game2_000.npy,sub001,2,15,26,0,Short,0.5136081585666794,1.0825791461533414,1.0132779530868832,0.9775898567915198,0.9862505607486369,0.7936304904905804,0.2785388476073099,0.44932332259145263,0.40897660088689747,0.47958454117503035,3.2377278804779053,0.0,0.0,3.5109775066375732,0.0,0.2814297676086426,0.0,0.0,0.5484600067138672,0.0
sub001-ses04-block8-game2_000::b0031,test/sub001/ses-04/sub001-ses04-block8-game2_000.npy,sub001,2,5,26,0,Short,0.8243947950621383,1.0285750315445774,0.8446885648580255,0.9433439132668301,0.909544257762866,0.5452684950752945,0.38141220988655333,0.5075889692883094,0.4699402420694827,0.466782688249623,0.06029224395751953,0.0,0.09940052032470703,3.7644155025482178,3.8263232707977295,0.1671133041381836,0.0,0.0,0.0,0.0
sub001-ses04-block8-game2_000::b0032,test/sub001/ses-04/sub001-ses04-block8-game2_000.npy,sub001,2,6,26,0,Short,0.8807456650572127,0.9757196538037474,0.9986726024771271,0.9346772144065516,0.9697296589025572,0.4858045111553799,0.3658623049794131,0.46362649696893354,0.3783457460563062,0.4983224536897126,4.006028652191162,0.0,0.0,0.0,4.120675086975098,0.23105478286743164,0.0,0.0,0.0,0.9606046676635742
sub001-ses04-block8-game2_000::b0033,test/sub001/ses-04/sub001-ses04-block8-game2_000.npy,sub001,2,7,26,0,Short,0.58654705479159,0.8302415674805957,0.8906351433862651,0.7878315719112761,0.9414300032957378,0.7572524349790337,0.5559064611687017,0.5335916002195888,0.5525064534647468,0.455955705156904,0.0,0.08884382247924805,0.0,4.459794998168945,4.144660472869873,0.0,0.49074840545654297,0.0,0.4481339454650879,0.2208857536315918
sub001-ses04-block8-game2_000::b0034,test/sub001/ses-04/sub001-ses04-block8-game2_000.npy,sub001,2,10,26,0,Short,0.8635508332722817,0.78184954907682,0.8215308869727594,0.9221237707096827,0.9293345031080061,0.4889300843238561,0.5990419361129558,0.5936231444255624,0.4920813017109845,0.48106265760263345,0.1998600959777832,0.0,0.0,0.0,4.725826263427734,0.6868796348571777,0.0,0.0,0.0,0.37319421768188477
sub001-ses04-block8-game2_000::b0035,test/sub001/ses-04/sub001-ses04-block8-game2_000.npy,sub001,2,4,26,0,Short,0.8457691992931797,0.7821350766721862,0.9920816942686597,0.9920816942686597,0.9396043602965752,0.4716680986089854,0.6267200733601377,0.47845756975539167,0.47845756975539167,0.41532216129798954,0.0014519691467285156,0.0,0.2190558910369873,0.2190558910369873,0.0,0.1734471321105957,0.0,0.0752859115600586,0.0752859115600586,0.0
sub001-ses04-block8-game2_000::b0036,test/sub001/ses-04/sub001-ses04-block8-game2_000.npy,sub001,2,11,26,0,Short,0.9669192843312368,1.0681416225323836,1.1009889941704192,1.1964767330499553,1.0426758274818786,0.4227937366734634,0.3736469595454571,0.3207149576933971,0.3994420715871492,0.2624134039130335,4.382402420043945,0.3734767436981201,0.0,4.180534362792969,4.4008870124816895,0.3063631057739258,0.0,0.0,0.10612630844116211,0.416262149810791
sub001-ses04-block8-game2_000::b0037,test/sub001/ses-04/sub001-ses04-block8-game2_000.npy,sub001,2,2,26,0,Short,0.7422873974093815,0.7422873974093815,0.7422873974093815,0.9437868956288462,0.9437868956288462,0.6530321439804999,0.6530321439804999,0.6530321439804999,0.4015823395482297,0.4015823395482297,0.0730123519897461,0.0730123519897461,0.0730123519897461,3.966134786605835,3.966134786605835,0.2151808738708496,0.2151808738708496,0.2151808738708496,0.30660200119018555,0.30660200119018555
sub001-ses04-block8-game2_000::b0038,test/sub001/ses-04/sub001-ses04-block8-game2_000.npy,sub001,2,5,26,0,Short,0.8617057391902163,0.9185583231916938,0.9572124186733852,0.9659648171223155,0.9879161376216817,0.494869259969172,0.43373329306165176,0.344801189646418,0.4020187394974322,0.1573457259960906,3.3454082012176514,4.256553649902344,0.265988826751709,0.035674095153808594,4.355298042297363,0.0,0.10877847671508789,0.0,0.16175460815429688,0.6143741607666016
sub001-ses04-block8-game2_000::b0039,test/sub001/ses-04/sub001-ses04-block8-game2_000.npy,sub001,2,3,26,0,Short,0.817211538753793,0.817211538753793,1.0700263059852335,1.2016516173326062,1.2016516173326062,0.5321653923613859,0.5321653923613859,0.19388289232887146,0.1717362396360229,0.1717362396360229,3.477565288543701,3.477565288543701,4.170441627502441,3.8517088890075684,3.8517088890075684,0.0,0.0,0.18181848526000977,0.0,0.0
sub001-ses04-block8-game2_000::b0040,test/sub001/ses-04/sub001-ses04-block8-game2_000.npy,sub001,2,3,26,0,Short,0.8079397260655906,0.8079397260655906,1.0571397060985845,1.164980226189456,1.164980226189456,0.5347705602810611,0.5347705602810611,0.11755001832090833,0.10178971801454245,0.10178971801454245,0.22459793090820312,0.22459793090820312,0.0,0.0,0.0,0.038041114807128906,0.038041114807128906,0.0,0.0,0.0
sub001-ses04-block8-game2_000::b0041,test/sub001/ses-04/sub001-ses04-block8-game2_000.npy,sub001,2,2,26,0,Short,0.8744997412546559,0.8744997412546559,0.8744997412546559,0.8749786866667664,0.8749786866667664,0.5102005303750788,0.5102005303750788,0.5102005303750788,0.4642425417645273,0.4642425417645273,3.972007989883423,3.972007989883423,3.972007989883423,0.31090569496154785,0.31090569496154785,0.404665470123291,0.404665470123291,0.404665470123291,0.0,0.0
sub001-ses04-block8-game2_000::b0042,test/sub001/ses-04/sub001-ses04-block8-game2_000.npy,sub001,2,3,26,0,Short,0.9221332578111399,1.0232743420157924,1.0232743420157924,1.0232743420157924,1.0778121522694355,0.49873768821432013,0.23389355013621033,0.23389355013621033,0.23389355013621033,0.3657466104863246,0.0,0.586158037185669,0.586158037185669,0.586158037185669,3.8462510108947754,0.0,0.36569952964782715,0.36569952964782715,0.36569952964782715,0.45920729637145996
sub001-ses04-block8-game2_000::b0043,test/sub001/ses-04/sub001-ses04-block8-game2_000.npy,sub001,2,2,26,0,Short,0.9663629502645418,0.9663629502645418,0.9663629502645418,1.0658683776337659,1.0658683776337659,0.42900460050756783,0.42900460050756783,0.42900460050756783,0.3032241551216986,0.3032241551216986,0.0,0.0,0.0,4.003538131713867,4.003538131713867,0.0,0.0,0.0,0.17984437942504883,0.17984437942504883
sub001-ses04-block8-game2_000::b0044,test/sub001/ses-04/sub001-ses04-block8-game2_000.npy,sub001,2,2,26,0,Short,0.8604255002081153,0.8604255002081153,0.8604255002081153,1.0218014959792656,1.0218014959792656,0.49998923878505336,0.49998923878505336,0.49998923878505336,0.28687525208432163,0.28687525208432163,3.750572681427002,3.750572681427002,3.750572681427002,3.9956588745117188,3.9956588745117188,0.5087215900421143,0.5087215900421143,0.5087215900421143,0.3348827362060547,0.3348827362060547
sub001-ses04-block8-game2_000::b0045,test/sub001/ses-04/sub001-ses04-block8-game2_000.npy,sub001,2,2,26,0,Short,0.8784332570171423,0.8784332570171423,0.8784332570171423,1.2243231725837092,1.2243231725837092,0.5413121786697564,0.5413121786697564,0.5413121786697564,0.22832552502789988,0.22832552502789988,3.3520610332489014,3.3520610332489014,3.3520610332489014,3.4664058685302734,3.4664058685302734,0.08031415939331055,0.08031415939331055,0.08031415939331055,0.0,0.0
sub001-ses04-block8-game2_000::b0046,test/sub001/ses-04/sub001-ses04-block8-game2_000.npy,sub001,2,2,26,0,Short,0.9712683175730471,0.9712683175730471,1.0349984705010487,1.0349984705010487,1.0349984705010487,0.40096304026034096,0.40096304026034096,0.20823676245478473,0.20823676245478473,0.20823676245478473,0.0,0.0,3.0652177333831787,3.0652177333831787,3.0652177333831787,0.0,0.0,0.0,0.0,0.0
sub001-ses04-block8-game2_000::b0047,test/sub001/ses-04/sub001-ses04-block8-game2_000.npy,sub001,2,2,26,0,Short,0.9735044495407383,0.9735044495407383,0.9735044495407383,1.0237746236723455,1.0237746236723455,0.463958615192824,0.463958615192824,0.463958615192824,0.3934224237679499,0.3934224237679499,3.7341971397399902,3.7341971397399902,3.7341971397399902,0.0,0.0,0.47963881492614746,0.47963881492614746,0.47963881492614746,0.0,0.0
sub001-ses04-block8-game2_000::b0048,test/sub001/ses-04/sub001-ses04-block8-game2_000.npy,sub001,2,2,26,0,Short,0.9730149516583981,0.9730149516583981,0.9730149516583981,0.8072067755557606,0.8072067755557606,0.45308911524249296,0.45308911524249296,0.45308911524249296,0.5815072712125167,0.5815072712125167,0.16365289688110352,0.16365289688110352,0.16365289688110352,0.0,0.0,0.2059459686279297,0.2059459686279297,0.2059459686279297,0.0,0.0
sub001-ses04-block8-game2_000::b0049,test/sub001/ses-04/sub001-ses04-block8-game2_000.npy,sub001,2,3,26,0,Short,0.8260875425139692,0.8260875425139692,1.0279014554346853,0.8535008908207022,0.8535008908207022,0.4779076993103535,0.4779076993103535,0.4437564859853228,0.4785611811602194,0.4785611811602194,0.0,0.0,0.0,3.3294925689697266,3.3294925689697266,0.0,0.0,0.0,0.0,0.0
sub001-ses04-block8-game2_000::b0050,test/sub001/ses-04/sub001-ses04-block8-game2_000.npy,sub001,2,2,26,0,Short,0.9384548958014816,0.9384548958014816,0.9384548958014816,0.9345631351048814,0.9345631351048814,0.4160039335964332,0.4160039335964332,0.4160039335964332,0.5408799351511155,0.5408799351511155,0.021379947662353516,0.021379947662353516,0.021379947662353516,0.0,0.0,0.0,0.0,0.0,0.0,0.0
sub001-ses04-block8-game2_000::b0051,test/sub001/ses-04/sub001-ses04-block8-game2_000.npy,sub001,2,2,26,0,Short,0.9008726604927898,0.9008726604927898,0.9008726604927898,1.2111565997880962,1.2111565997880962,0.460981889960144,0.460981889960144,0.460981889960144,0.351910928945265,0.351910928945265,3.723940849304199,3.723940849304199,3.723940849304199,0.2469778060913086,0.2469778060913086,0.35936927795410156,0.35936927795410156,0.35936927795410156,0.6634559631347656,0.6634559631347656
sub001-ses04-block8-game2_000::b0052,test/sub001/ses-04/sub001-ses04-block8-game2_000.npy,sub001,2,2,26,0,Short,0.8851452048693376,0.8851452048693376,0.8851452048693376,0.9244212207897485,0.9244212207897485,0.5076476649060249,0.5076476649060249,0.5076476649060249,0.5916893149730296,0.5916893149730296,0.0,0.0,0.0,4.201766014099121,4.201766014099121,0.0,0.0,0.0,0.8262219429016113,0.8262219429016113
sub001-ses04-block8-game2_000::b0053,test/sub001/ses-04/sub001-ses04-block8-game2_000.npy,sub001,2,6,26,0,Short,0.8889779559385844,1.0371339007639055,1.0129956782305136,1.0163164456890668,0.9681014150901435,0.5218180223447392,0.5184362366322317,0.43479826653091613,0.3358640365817356,0.4857404421347426,0.0,4.064432621002197,3.4628093242645264,0.45932650566101074,4.164306640625,0.0,0.5590496063232422,0.0,0.3998239040374756,0.9242420196533203
sub001-ses04-block8-game2_000::b0054,test/sub001/ses-04/sub001-ses04-block8-game2_000.npy,sub001,2,4,26,0,Short,0.873325134178027,0.9030252668574997,0.8068685486899716,0.8068685486899716,0.9176423562563633,0.5069435875649557,0.45973936140131183,0.5685707220582248,0.5685707220582248,0.5654329349541027,0.0,0.0,0.0,0.0,0.0,0.0,0.0,0.0,0.0,0.0
sub001-ses04-block8-game2_000::b0055,test/sub001/ses-04/sub001-ses04-block8-game2_000.npy,sub001,2,6,26,0,Short,0.6977890309219476,1.0608300030139226,0.9786893036584996,1.0476482757162369,0.9753625681101379,0.6962762667593166,0.37824287980236615,0.42752108054117566,0.473449223468724,0.5478305843719113,0.8888225555419922,0.0,0.0,3.836813449859619,0.0,0.9238367080688477,0.0,0.0,0.7367792129516602,0.0
sub001-ses04-block8-game2_000::b0057,test/sub001/ses-04/sub001-ses04-block8-game2_000.npy,sub001,2,14,26,0,Short,0.7333724868783138,0.9530198475868645,1.1049234142641886,1.0898763576549333,1.0137849059598774,0.5764719439694271,0.4889202082497175,0.32362734723902425,0.36099860478956597,0.41950025833184973,0.0,3.4432530403137207,0.4055366516113281,0.0,3.7127809524536133,0.0,0.0,0.2123095989227295,0.0,0.0
sub001-ses04-block8-game2_000::b0058,test/sub001/ses-04/sub001-ses04-block8-game2_000.npy,sub001,2,9,26,0,Short,0.8494652766234206,1.094894444283655,1.2346593811510547,1.3680141660450584,1.1673859973990985,0.512609816155104,0.29298544152531714,0.33253563852138823,0.005009767818873356,0.3663814472786172,3.8283298015594482,0.0,0.0,0.0,0.0,0.06129312515258789,0.0,0.0,0.0,0.0
sub001-ses04-block8-game2_000::b0059,test/sub001/ses-04/sub001-ses04-block8-game2_000.npy,sub001,2,2,26,0,Short,1.2743001042708237,1.2743001042708237,1.2743001042708237,1.209299342988118,1.209299342988118,0.16383595588648164,0.16383595588648164,0.16383595588648164,0.2514029053572638,0.2514029053572638,0.0,0.0,0.0,0.0,0.0,0.0,0.0,0.0,0.0,0.0
sub001-ses04-block8-game2_000::b0060,test/sub001/ses-04/sub001-ses04-block8-game2_000.npy,sub001,2,16,26,0,Short,1.1109107365994615,1.2610616557956633,1.3543952900453011,1.3715473230334583,1.354275835954939,0.3545706680458979,0.2511546353584102,0.2674642197723285,0.2723054963981938,0.1868914143429612,2.6499338150024414,0.1699542999267578,0.0,0.6166212558746338,2.138533115386963,0.15540146827697754,0.25695347785949707,0.0,0.2909224033355713,0.0
sub001-ses04-block8-game2_000::b0061,test/sub001/ses-04/sub001-ses04-block8-game2_000.npy,sub001,2,4,26,0,Short,0.9308739585600381,1.0008411330334817,1.0469655587191085,1.0469655587191085,1.0251582660421106,0.46682002081895907,0.44917968032394295,0.3651779048796051,0.3651779048796051,0.4396338802263717,0.0,0.0,0.0,0.0,3.0779056549072266,0.0,0.0,0.0,0.0,0.011198043823242188
sub001-ses04-block8-game2_000::b0062,test/sub001/ses-04/sub001-ses04-block8-game2_000.npy,sub001,2,18,26,0,Short,0.9509164383864843,0.97632999257576,0.9411936467203981,1.0355190204433284,1.0404552951797508,0.46951787315809895,0.5191505320812554,0.4826918996576153,0.4433898129793643,0.44120041252845615,3.113335132598877,2.844165086746216,0.0,2.9349966049194336,3.077568769454956,0.0,0.0,0.0,0.0,0.05119013786315918
sub001-ses04-block8-game2_000::b0063,test/sub001/ses-04/sub001-ses04-block8-game2_000.npy,sub001,2,13,26,0,Short,0.9353022723716475,1.0696509104444287,0.9557014671348255,1.023965302927957,1.0065070847504782,0.4898799054348737,0.36824710064443994,0.44250406570050627,0.29068617256275536,0.4273994589083432,0.0,0.0,0.0,0.0,0.0,0.0,0.0,0.0,0.0,0.0
sub001-ses04-block8-game2_000::b0064,test/sub001/ses-04/sub001-ses04-block8-game2_000.npy,sub001,2,5,26,0,Short,0.8986486933583169,0.8835408512745477,0.8666324600687481,0.9281077433648187,1.0407657044346568,0.47922081384480053,0.5076067000901814,0.43435816967152874,0.48871584640126753,0.26652505113987657,0.0,3.6566479206085205,0.056774139404296875,0.0,0.0,0.0,0.15808415412902832,0.05290722846984863,0.0,0.0
sub001-ses04-block8-game2_000::b0065,test/sub001/ses-04/sub001-ses04-block8-game2_000.npy,sub001,2,3,26,0,Short,0.8525447568571587,0.9920657258962451,0.9920657258962451,0.9920657258962451,0.949195485998484,0.5341156684479968,0.3497367898973569,0.3497367898973569,0.3497367898973569,0.4200847612979511,0.17281389236450195,0.18134188652038574,0.18134188652038574,0.18134188652038574,0.318758487701416,0.29731225967407227,0.6353282928466797,0.6353282928466797,0.6353282928466797,0.4455437660217285
sub001-ses04-block8-game2_000::b0066,test/sub001/ses-04/sub001-ses04-block8-game2_000.npy,sub001,2,8,26,0,Short,1.302745462498157,1.0805919945632447,1.0377103468068523,1.0815579302895644,1.1356806826032666,0.19968884530462602,0.1881314523658773,0.32626100005464814,0.09785076071308846,0.38009683809203276,0.0,3.4896321296691895,0.0,2.4451239109039307,3.3588144779205322,0.0,0.0,0.0,0.0,0.11067533493041992
sub001-ses04-block8-game2_000::b0067,test/sub001/ses-04/sub001-ses04-block8-game2_000.npy,sub001,2,4,26,0,Short,0.8881527387652918,0.9862626669049347,1.065032062892303,1.065032062892303,0.9935425259840459,0.4788181546863894,0.28446401214176426,0.19769418714879938,0.19769418714879938,0.15026982913951387,0.0,4.17069673538208,0.11829686164855957,0.11829686164855957,0.2591571807861328,0.0,0.3701515197753906,0.0,0.0,0.8834712505340576
sub001-ses04-block8-game2_000::b0068,test/sub001/ses-04/sub001-ses04-block8-game2_000.npy,sub001,2,3,26,0,Short,0.8169372520550542,1.0153826241294632,1.0153826241294632,1.0153826241294632,0.9756174069321407,0.5358820592031205,0.18075716432404532,0.18075716432404532,0.18075716432404532,0.2295663683244426,0.2449650764465332,3.4242987632751465,3.4242987632751465,3.4242987632751465,3.566028594970703,0.5095291137695312,0.26979923248291016,0.26979923248291016,0.26979923248291016,0.30724000930786133
sub001-ses04-block8-game2_000::b0069,test/sub001/ses-04/sub001-ses04-block8-game2_000.npy,sub001,2,3,26,0,Short,0.755174399458386,0.8637483828792628,0.8637483828792628,0.8637483828792628,1.339597571269413,0.5963247656183225,0.4900732934722355,0.4900732934722355,0.4900732934722355,0.03401882137803164,3.5976176261901855,3.3050243854522705,3.3050243854522705,3.3050243854522705,0.0,0.5441608428955078,0.08676981925964355,0.08676981925964355,0.08676981925964355,0.0
sub001-ses04-block8-game2_000::b0070,test/sub001/ses-04/sub001-ses04-block8-game2_000.npy,sub001,2,3,26,0,Short,0.8537436594876257,0.8537436594876257,1.0775085409678402,1.0055878838491379,1.0055878838491379,0.4929559648813487,0.4929559648813487,0.1452939369126955,0.17481459780586056,0.17481459780586056,3.4324417114257812,3.4324417114257812,0.0,3.601853132247925,3.601853132247925,0.23147177696228027,0.23147177696228027,0.0,0.3231940269470215,0.3231940269470215
sub001-ses04-block8-game2_000::b0071,test/sub001/ses-04/sub001-ses04-block8-game2_000.npy,sub001,2,3,26,0,Short,0.8977989863765051,0.8977989863765051,0.9483351365550606,0.9639358669002669,0.9639358669002669,0.4673844622669623,0.4673844622669623,0.31741172489390984,0.28788780268086506,0.28788780268086506,0.0,0.0,3.781658411026001,3.442061185836792,3.442061185836792,0.0,0.0,1.176393747329712,0.0,0.0
sub001-ses04-block8-game2_000::b0072,test/sub001/ses-04/sub001-ses04-block8-game2_000.npy,sub001,2,4,26,0,Short,0.877826534891381,1.0269815595514522,1.0192117098557956,1.0192117098557956,1.0532535900058084,0.47982951917473704,0.3899363752468461,0.2765910732287092,0.2765910732287092,0.1446342444454336,0.0,0.0,0.05505847930908203,0.05505847930908203,0.12211823463439941,0.0,0.0,0.029425621032714844,0.029425621032714844,0.43701839447021484
sub001-ses04-block8-game2_000::b0073,test/sub001/ses-04/sub001-ses04-block8-game2_000.npy,sub001,2,2,26,0,Short,0.8793543780826142,0.8793543780826142,0.8793543780826142,1.0812438991862803,1.0812438991862803,0.456547008614784,0.456547008614784,0.456547008614784,0.14178652323451163,0.14178652323451163,0.23922157287597656,0.23922157287597656,0.23922157287597656,0.0,0.0,0.0,0.0,0.0,0.0,0.0
sub001-ses04-block8-game2_000::b0074,test/sub001/ses-04/sub001-ses04-block8-game2_000.npy,sub001,2,2,26,0,Short,0.8684561917016883,0.8684561917016883,0.8684561917016883,0.9288861726606248,0.9288861726606248,0.46371847976988867,0.46371847976988867,0.46371847976988867,0.3568422489984695,0.3568422489984695,3.210709571838379,3.210709571838379,3.210709571838379,3.1558406352996826,3.1558406352996826,0.0,0.0,0.0,0.26299023628234863,0.26299023628234863
sub001-ses04-block8-game2_000::b0075,test/sub001/ses-04/sub001-ses04-block8-game2_000.npy,sub001,2,3,26,0,Short,1.0334629928544643,0.9506502022714213,0.9506502022714213,0.9506502022714213,1.1084446298200057,0.4411829193568471,0.47321799382110785,0.47321799382110785,0.47321799382110785,0.12299525932108002,3.1507201194763184,0.0,0.0,0.0,0.0,0.0,0.0,0.0,0.0,0.0
sub001-ses04-block8-game2_000::b0076,test/sub001/ses-04/sub001-ses04-block8-game2_000.npy,sub001,2,4,26,0,Short,0.9578744165951737,1.143287208762776,1.0089236975264346,1.0089236975264346,1.2175986674706316,0.43646243073932334,0.09299571144791668,0.29866236397689855,0.29866236397689855,0.04997913196621673,3.006302833557129,0.6837835311889648,3.1229727268218994,3.1229727268218994,2.297031879425049,0.0,0.1924600601196289,0.016597270965576172,0.016597270965576172,0.037786245346069336
sub001-ses04-block8-game2_000::b0077,test/sub001/ses-04/sub001-ses04-block8-game2_000.npy,sub001,2,7,26,0,Short,0.9177281873966436,1.0488655250811014,1.1329767463835205,1.1578984534904506,0.9827131529460392,0.4445984965024325,0.27093284458624906,0.22217757626818085,0.23734708661064052,0.38931844292404555,3.4028358459472656,0.0,0.16877055168151855,0.3210318088531494,3.2605977058410645,0.10158371925354004,0.0,0.0,0.19462347030639648,0.3587610721588135
sub001-ses04-block8-game2_000::b0078,test/sub001/ses-04/sub001-ses04-block8-game2_000.npy,sub001,2,2,26,0,Short,0.6306062976969011,0.6306062976969011,0.6306062976969011,0.8053886415773176,0.8053886415773176,0.7378533614528529,0.7378533614528529,0.7378533614528529,0.5668559975740084,0.5668559975740084,0.020118236541748047,0.020118236541748047,0.020118236541748047,4.3475165367126465,4.3475165367126465,0.062390804290771484,0.062390804290771484,0.062390804290771484,0.42228269577026367,0.42228269577026367
sub001-ses04-block8-game2_000::b0079,test/sub001/ses-04/sub001-ses04-block8-game2_000.npy,sub001,2,5,26,0,Short,0.9100911703310044,0.9912967769172254,1.0065243534937682,0.8957070494922241,1.0534795818938325,0.41168895450138965,0.428224941342239,0.4022260786925177,0.4527049551721195,0.4588922661063565,3.8941633701324463,0.05574750900268555,0.0,4.216366291046143,4.008570194244385,0.0,0.7066740989685059,0.0,0.7422053813934326,0.0
sub001-ses04-block8-game2_000::b0080,test/sub001/ses-04/sub001-ses04-block8-game2_000.npy,sub001,2,8,26,0,Short,0.9105945647355383,0.9423682295204696,0.9426760402366366,1.092853837204648,0.8679402510478718,0.47223309891828075,0.543267392047539,0.48660568797612,0.3634400451434658,0.6279477378304694,0.0,0.04634547233581543,3.0263588428497314,3.0633606910705566,2.9673213958740234,0.0,0.0,0.0,0.0,0.0
sub001-ses04-block8-game2_000::b0081,test/sub001/ses-04/sub001-ses04-block8-game2_000.npy,sub001,2,15,26,0,Short,0.6187147140833065,0.8864200515394616,0.8968199300110365,0.966477750276683,0.9933340028568017,0.6390002929895124,0.4934795143516366,0.5357892134417432,0.46078596301339836,0.44569624839514005,0.0,2.4939486980438232,0.0,3.56489634513855,0.6124517917633057,0.0,0.0,0.0,1.0130245685577393,0.5029652118682861
sub001-ses04-block8-game2_000::b0082,test/sub001/ses-04/sub001-ses04-block8-game2_000.npy,sub001,2,20,26,0,Short,0.8563760674590972,1.1532374979528506,1.4266107416701495,1.2207218261184654,1.0674546483381993,0.44097979254852526,0.35971494488606437,0.05386665406403329,0.1539457700398958,0.4242175498278922,3.422714948654175,0.07882571220397949,3.2348785400390625,0.0,2.8961291313171387,0.13108110427856445,0.04323148727416992,0.27080345153808594,0.0,0.0
sub001-ses04-block8-game2_000::b0083,test/sub001/ses-04/sub001-ses04-block8-game2_000.npy,sub001,2,12,26,0,Short,0.34298060567439304,1.0310542708241943,0.9948345322616279,1.0539375497081445,1.0594321260701727,0.8812872011053665,0.4034102313206125,0.41667866387589386,0.34879006873587104,0.27203366918143307,0.0,0.14482450485229492,3.938990831375122,0.0,0.0,0.0,0.28304433822631836,0.23941802978515625,0.0,0.0
sub001-ses04-block8-game2_000::b0084,test/sub001/ses-04/sub001-ses04-block8-game2_000.npy,sub001,2,11,26,0,Short,0.9028056015368342,1.2208997294038393,1.027502835243525,1.2422336821177766,1.1862406768974372,0.4629779531916124,0.2541556856295076,0.44927177533546914,0.3578798144673082,0.282321790717427,0.021376609802246094,0.5384552478790283,0.0,0.0,3.9535343647003174,0.19199562072753906,0.35755372047424316,0.0,0.0,0.0
sub001-ses04-block8-game2_000::b0085,test/sub001/ses-04/sub001-ses04-block8-game2_000.npy,sub001,2,5,26,0,Short,0.8765658142784505,1.0130775091964355,1.1442321648226208,1.1550529397414446,1.1789459239504216,0.4975568345140633,0.39074052179964514,0.3717666473369726,0.30747105427718574,0.23106992814511962,4.035854339599609,0.0,0.32949399948120117,0.0,3.7308006286621094,0.34763503074645996,0.0,0.4398345947265625,0.0,0.40648674964904785
sub001-ses04-block8-game2_000::b0086,test/sub001/ses-04/sub001-ses04-block8-game2_000.npy,sub001,2,17,26,0,Short,1.0051588740984225,1.126848297585996,1.260855826723521,1.192566722472657,1.0267123499260942,0.3950011595002514,0.3976323091248329,0.2984144110270892,0.32759404561159544,0.4933309202642133,0.0,0.0,0.0,2.7988312244415283,2.4511258602142334,0.0,0.0,0.0,0.502373218536377,0.3133425712585449
sub001-ses04-block8-game2_000::b0088,test/sub001/ses-04/sub001-ses04-block8-game2_000.npy,sub001,2,23,26,0,Short,1.2882882067623949,1.2865612965516233,1.0891866966329422,1.2421225405511318,1.146818094133218,0.1596144141168454,0.15081210818382024,0.2525857068651403,0.20322941849187287,0.1072242807214765,0.0,0.1480417251586914,0.0,2.617551565170288,0.2061936855316162,0.0,0.5989279747009277,0.0,0.3760855197906494,0.885977029800415
sub001-ses04-block8-game2_000::b0089,test/sub001/ses-04/sub001-ses04-block8-game2_000.npy,sub001,2,4,26,0,Short,0.9199536683605036,1.09948052520769,1.2014528272261995,1.2014528272261995,1.0602895222212856,0.5110698174143382,0.376561160881548,0.15132270051463026,0.15132270051463026,0.3135727190869848,0.0,0.0,2.6604936122894287,2.6604936122894287,2.8103597164154053,0.0,0.0,0.0,0.0,0.20972466468811035
sub001-ses04-block8-game2_000::b0090,test/sub001/ses-04/sub001-ses04-block8-game2_000.npy,sub001,2,3,26,0,Short,1.0668996935641892,1.0862729195033864,1.0862729195033864,1.0862729195033864,1.0963394869434735,0.36242614321037897,0.2739178299977312,0.2739178299977312,0.2739178299977312,0.20838473195339385,2.6653943061828613,3.421691417694092,3.421691417694092,3.421691417694092,0.0,0.11991095542907715,0.7252614498138428,0.7252614498138428,0.7252614498138428,0.0
sub001-ses04-block8-game2_000::b0091,test/sub001/ses-04/sub001-ses04-block8-game2_000.npy,sub001,2,6,26,0,Short,0.553985485966409,1.0498058381523574,1.09616306429554,1.0048427498345933,1.0166134081328229,0.7596476851808586,0.3829897550770387,0.3368860613984292,0.3837650610155508,0.4025025310257663,3.0273361206054688,3.0637569427490234,0.0749516487121582,0.008747577667236328,0.0,0.20955705642700195,0.0,0.1254570484161377,0.16139578819274902,0.0
sub001-ses04-block8-game2_000::b0092,test/sub001/ses-04/sub001-ses04-block8-game2_000.npy,sub001,2,15,26,0,Short,1.2150638689365152,1.0183796005449757,1.102786323517876,0.961598167107325,0.9211043889696171,0.02325394272742548,0.42870012440630134,0.33000221619324865,0.3493301298304453,0.4988818834339037,3.3593132495880127,2.889545202255249,2.8674240112304688,3.165800094604492,3.0028107166290283,0.0,0.0,0.0,0.0,0.0
sub001-ses04-block8-game2_000::b0093,test/sub001/ses-04/sub001-ses04-block8-game2_000.npy,sub001,2,16,26,0,Short,0.6107303461222804,0.8961576459670988,1.128701157730298,0.9418133922188853,0.912396035592607,0.7437056391960528,0.4980091386788682,0.23552527818234764,0.4571545623768365,0.4621406870124505,0.02703094482421875,0.09686684608459473,3.3006389141082764,3.7552857398986816,0.4639394283294678,0.03288745880126953,0.11854124069213867,0.10768389701843262,0.719879150390625,0.6819896697998047
sub001-ses04-block8-game2_000::b0094,test/sub001/ses-04/sub001-ses04-block8-game2_000.npy,sub001,2,14,26,0,Short,1.0081598166802346,0.8959225962461768,1.0683104226527007,1.1036407065732634,1.1003258337766666,0.3991466826048856,0.4679855762030062,0.35131822505174604,0.3061735823085075,0.1821677430889611,0.0,3.856170654296875,2.27358341217041,0.0,0.0,0.0,0.2493915557861328,0.0,0.0,0.0
sub001-ses04-block8-game2_000::b0095,test/sub001/ses-04/sub001-ses04-block8-game2_000.npy,sub001,2,4,26,0,Short,1.1768017038659644,1.141512166079255,0.886751755670153,0.886751755670153,0.9199320230308197,0.3633458122628369,0.36304477613976394,0.4629367302898464,0.4629367302898464,0.48485045428926904,0.0,0.3958280086517334,0.0,0.0,0.036833763122558594,0.0,0.13830900192260742,0.0,0.0,0.3548924922943115
sub001-ses04-block8-game2_000::b0096,test/sub001/ses-04/sub001-ses04-block8-game2_000.npy,sub001,2,9,26,0,Short,0.8908354518086763,1.0297794963172575,1.0727434174422208,1.0763819612281114,0.9490916558456541,0.5158815497195338,0.408546989763366,0.36430089149785516,0.3658188452760277,0.4685588618693463,3.070358991622925,3.1436767578125,0.0,0.0,0.0,0.0,0.0,0.0,0.0,0.0
sub001-ses04-block8-game2_000::b0097,test/sub001/ses-04/sub001-ses04-block8-game2_000.npy,sub001,2,6,26,0,Short,1.2127947238503367,1.0442509167166707,0.986851404198791,0.903189594110134,1.1448514947171993,0.15249739091044945,0.3938329562055279,0.4196394104829988,0.5469957459458975,0.22744258605237483,0.0,0.0,0.15680146217346191,3.096966505050659,0.0,0.0,0.0,1.1504557132720947,0.466076135635376,0.0
sub001-ses04-block8-game2_000::b0098,test/sub001/ses-04/sub001-ses04-block8-game2_000.npy,sub001,2,14,26,0,Short,0.9610958101604172,1.0261269387362453,1.0973824382577044,1.004512113249547,1.2730579820901002,0.4701351042096219,0.3888455045262084,0.38813454052627044,0.44764926361049096,0.279197568384726,3.014758348464966,0.2803623676300049,0.26158642768859863,2.8430747985839844,2.539856433868408,0.0,0.9429633617401123,0.3123600482940674,0.6164851188659668,0.29637670516967773
sub001-ses04-block8-game2_000::b0099,test/sub001/ses-04/sub001-ses04-block8-game2_000.npy,sub001,2,4,26,0,Short,0.8819292232362363,1.0973434969053757,1.0973434969053757,0.9588712889110644,0.8746882787014914,0.49944700167540557,0.33032885574124965,0.33032885574124965,0.383376724683739,0.5091068028666912,0.1085360050201416,0.0,0.0,0.0,3.3254454135894775,0.7967872619628906,0.0,0.0,0.0,0.23499560356140137
sub001-ses04-block8-game2_000::b0100,test/sub001/ses-04/sub001-ses04-block8-game2_000.npy,sub001,2,5,26,0,Short,0.9594337332877694,0.9760932886975846,1.1013646481021582,0.9166696643894824,1.0126188365344753,0.5069548927972962,0.4369582049685259,0.19433337293438996,0.4597696662570818,0.4352369206760601,2.821317434310913,0.0,0.0,3.373077154159546,3.067014694213867,0.0,0.0,0.0,0.650982141494751,0.07830166816711426
sub001-ses04-block8-game2_000::b0101,test/sub001/ses-04/sub001-ses04-block8-game2_000.npy,sub001,2,3,26,0,Short,0.9478399636056123,0.9478399636056123,1.0744125838266392,1.0025726095797696,1.0025726095797696,0.4983939980083676,0.4983939980083676,0.2732075796732474,0.4235675123411603,0.4235675123411603,0.0,0.0,2.6930558681488037,0.0,0.0,0.0,0.0,0.24181008338928223,0.0,0.0
sub001-ses04-block8-game2_000::b0102,test/sub001/ses-04/sub001-ses04-block8-game2_000.npy,sub001,2,4,26,0,Short,0.9636860254363571,0.9653503919515853,1.0598888468960734,1.0598888468960734,1.0830610937492986,0.4664918518637502,0.372799280190012,0.371116361418145,0.371116361418145,0.22535303165643766,3.276249885559082,3.4532954692840576,0.27595043182373047,0.27595043182373047,3.3029909133911133,0.03301644325256348,0.8027141094207764,0.6195776462554932,0.6195776462554932,0.40890073776245117
sub001-ses04-block8-game2_000::b0103,test/sub001/ses-04/sub001-ses04-block8-game2_000.npy,sub001,2,3,26,0,Short,1.0535203626487262,1.0076738350454313,1.0076738350454313,1.0076738350454313,1.101444176164726,0.4434472504139043,0.4953500146341717,0.4953500146341717,0.4953500146341717,0.4334557402600703,2.6450605392456055,0.0,0.0,0.0,2.483652353286743,0.0,0.0,0.0,0.0,0.0
sub001-ses04-block8-game2_000::b0104,test/sub001/ses-04/sub001-ses04-block8-game2_000.npy,sub001,2,2,26,0,Short,0.8714802530685252,0.8714802530685252,0.8714802530685252,1.3124505284708692,1.3124505284708692,0.5940277238969711,0.5940277238969711,0.5940277238969711,0.08452025514984252,0.08452025514984252,0.5168588161468506,0.5168588161468506,0.5168588161468506,0.0,0.0,0.5268211364746094,0.5268211364746094,0.5268211364746094,0.0,0.0
sub001-ses04-block8-game2_000::b0105,test/sub001/ses-04/sub001-ses04-block8-game2_000.npy,sub001,2,4,26,0,Short,1.202755862009806,1.1720438104359931,1.1207415718944205,1.1207415718944205,1.0285489853970724,0.12807648009594208,0.33147668255746926,0.4792759810545872,0.4792759810545872,0.4578649430417554,0.0,2.4447991847991943,0.0,0.0,2.434070110321045,0.0,0.054311513900756836,0.0,0.0,0.01107478141784668
sub001-ses04-block8-game2_000::b0106,test/sub001/ses-04/sub001-ses04-block8-game2_000.npy,sub001,2,4,26,0,Short,1.0720240647423982,1.1043303795496833,1.1563297352315436,1.1563297352315436,1.108990128432802,0.47323964371081756,0.4757632447359255,0.36414753762273677,0.36414753762273677,0.49738196173022964,2.9324262142181396,0.0,0.0,0.0,2.528221368789673,0.8174242973327637,0.0,0.0,0.0,0.09399580955505371
sub001-ses04-block8-game2_000::b0107,test/sub001/ses-04/sub001-ses04-block8-game2_000.npy,sub001,2,3,26,0,Short,1.1239877367214015,1.04487727361952,1.04487727361952,1.04487727361952,1.2341454298456602,0.4580644920029955,0.521978994944013,0.521978994944013,0.521978994944013,0.34126433361865927,0.0,0.7950993776321411,0.7950993776321411,0.7950993776321411,0.0,0.0,0.0,0.0,0.0,0.0
sub001-ses04-block8-game2_000::b0108,test/sub001/ses-04/sub001-ses04-block8-game2_000.npy,sub001,2,10,26,0,Short,0.8393824756168783,1.014392083232215,1.1183329329116616,1.135792385941494,0.9347175799009487,0.6258292360639772,0.4749183038622349,0.3877500630181615,0.41116207448402403,0.5471899950972786,2.4824302196502686,2.5810372829437256,0.0,2.4645752906799316,0.03387951850891113,0.025143146514892578,0.3942091464996338,0.0,0.0,0.0
sub001-ses04-block8-game2_000::b0109,test/sub001/ses-04/sub001-ses04-block8-game2_000.npy,sub001,2,3,26,0,Short,1.0175245089248839,1.0417082117300493,1.0417082117300493,1.0417082117300493,1.0453504360688712,0.47314677376480496,0.42242436477755907,0.42242436477755907,0.42242436477755907,0.2762341595589681,0.0,0.0,0.0,0.0,3.2165844440460205,0.0,0.0,0.0,0.0,0.6718258857727051
sub001-ses04-block8-game2_000::b0110,test/sub001/ses-04/sub001-ses04-block8-game2_000.npy,sub001,2,4,26,0,Short,1.1503441909267833,1.1070787392180148,1.0860628481737815,1.0860628481737815,1.13227507514197,0.37807593696543174,0.32918229412529604,0.3634999712217475,0.3634999712217475,0.3638709730327033,2.598822593688965,2.5793259143829346,2.7783210277557373,2.7783210277557373,2.6067962646484375,0.03630709648132324,0.05886983871459961,0.062232017517089844,0.062232017517089844,0.2397313117980957
sub001-ses04-block8-game2_000::b0111,test/sub001/ses-04/sub001-ses04-block8-game2_000.npy,sub001,2,4,26,0,Short,1.018224966053821,1.1075585090493039,1.1236665759975857,1.1236665759975857,1.1475711909124187,0.46237459248029267,0.405676725810033,0.4313197990698099,0.4313197990698099,0.458389802595611,0.2663140296936035,0.0,0.19639110565185547,0.19639110565185547,0.14470171928405762,0.2762172222137451,0.0,0.022503137588500977,0.022503137588500977,0.061975717544555664
sub001-ses04-block8-game2_000::b0112,test/sub001/ses-04/sub001-ses04-block8-game2_000.npy,sub001,2,2,26,0,Short,1.0749298937423815,1.0749298937423815,1.0749298937423815,1.1644222439855494,1.1644222439855494,0.5253697937681407,0.5253697937681407,0.5253697937681407,0.3449907035376879,0.3449907035376879,2.0580854415893555,2.0580854415893555,2.0580854415893555,0.0,0.0,0.0,0.0,0.0,0.0,0.0
sub001-ses04-block8-game2_000::b0113,test/sub001/ses-04/sub001-ses04-block8-game2_000.npy,sub001,2,4,26,0,Short,1.1520243290052,1.2974249906224058,1.1851424954384324,1.1851424954384324,1.2556116418924401,0.4226316493259399,0.14140867481440428,0.366520945985682,0.366520945985682,0.07049240647965238,0.19918131828308105,1.9896862506866455,0.0,0.0,0.0,0.0,0.0,0.0,0.0,0.0
sub001-ses04-block8-game2_000::b0114,test/sub001/ses-04/sub001-ses04-block8-game2_000.npy,sub001,2,2,26,0,Short,1.109045551240226,1.109045551240226,1.109045551240226,1.228413038383836,1.228413038383836,0.4239540523395194,0.4239540523395194,0.4239540523395194,0.245291713859771,0.245291713859771,2.071875810623169,2.071875810623169,2.071875810623169,0.0,0.0,0.0,0.0,0.0,0.0,0.0
sub001-ses04-block8-game2_000::b0115,test/sub001/ses-04/sub001-ses04-block8-game2_000.npy,sub001,2,3,26,0,Short,0.9713271476441012,1.1456720328156964,1.1456720328156964,1.1456720328156964,1.1951803726403338,0.5033712268676915,0.3953516939577806,0.3953516939577806,0.3953516939577806,0.3383157240835597,0.2561511993408203,0.0,0.0,0.0,0.07132315635681152,0.0,0.0,0.0,0.0,0.3651919364929199
sub001-ses04-block8-game2_000::b0116,test/sub001/ses-04/sub001-ses04-block8-game2_000.npy,sub001,2,4,26,0,Short,1.1254288511632409,1.0872354545081224,0.9322883517858775,0.9322883517858775,1.024954113122919,0.39667650173934565,0.4442846092378492,0.611974298007703,0.611974298007703,0.5394239718719387,0.0,2.1609838008880615,0.0,0.0,1.8612818717956543,0.0,0.10851192474365234,0.0,0.0,0.0
sub001-ses04-block8-game2_000::b0117,test/sub001/ses-04/sub001-ses04-block8-game2_000.npy,sub001,2,4,26,0,Short,1.162887147813557,1.193424924382189,1.1355021797201759,1.1355021797201759,1.1981184016593514,0.36209413066640084,0.33264694552318785,0.3632010466538492,0.3632010466538492,0.3417070878290326,0.19096755981445312,0.5489753484725952,1.9521535634994507,1.9521535634994507,0.0984799861907959,0.6861404180526733,0.5816247463226318,0.2662060260772705,0.2662060260772705,0.07766866683959961
sub001-ses04-block8-game2_000::b0118,test/sub001/ses-04/sub001-ses04-block8-game2_000.npy,sub001,2,2,26,0,Short,1.0543494244273117,1.0543494244273117,0.9893381378177633,0.9893381378177633,0.9893381378177633,0.45930933338985436,0.45930933338985436,0.530357355398257,0.530357355398257,0.530357355398257,2.004978895187378,2.004978895187378,0.0,0.0,0.0,0.06546783447265625,0.06546783447265625,0.0,0.0,0.0
sub001-ses04-block8-game2_000::b0119,test/sub001/ses-04/sub001-ses04-block8-game2_000.npy,sub001,2,2,26,0,Short,1.0390693266199904,1.0390693266199904,1.0390693266199904,1.085739865882914,1.085739865882914,0.4454033718950676,0.4454033718950676,0.4454033718950676,0.4426670347856243,0.4426670347856243,2.121964931488037,2.121964931488037,2.121964931488037,0.20934772491455078,0.20934772491455078,0.2396082878112793,0.2396082878112793,0.2396082878112793,0.4754445552825928,0.4754445552825928
sub001-ses04-block8-game2_000::b0120,test/sub001/ses-04/sub001-ses04-block8-game2_000.npy,sub001,2,5,26,0,Short,1.0866273120366348,1.0452627322460226,1.1879783001453916,1.0884568147117968,1.1913770244317485,0.39406690431068236,0.47012775843796206,0.3569650357614283,0.42466818595760847,0.3273227945475897,2.334636688232422,0.21844029426574707,2.4810986518859863,2.495478868484497,0.05249977111816406,0.4146428108215332,0.40840840339660645,0.43498897552490234,0.5172574520111084,0.5472214221954346
sub001-ses04-block8-game2_000::b0121,test/sub001/ses-04/sub001-ses04-block8-game2_000.npy,sub001,2,5,26,0,Short,1.0589987528080893,1.1844829461607413,1.1869075317060418,1.1598016301325615,1.2123481424251004,0.4435783371647993,0.33893850192800823,0.3695482692285609,0.3638838687967516,0.2834671962741672,0.0,0.0,0.0,0.18556618690490723,0.0,0.0,0.0,0.0,0.27051448822021484,0.0
sub001-ses04-block8-game2_000::b0122,test/sub001/ses-04/sub001-ses04-block8-game2_000.npy,sub001,2,6,26,0,Short,1.2062486555885592,1.2813135682224404,1.2904759981834226,1.2879678305191682,1.3236270734115558,0.3793191442478642,0.14006040181170937,0.2073065241524083,0.21428569511261336,0.21217729203211655,0.16881227493286133,0.0,1.8284498453140259,0.0,0.0,0.0,0.0,0.0,0.0,0.0
sub001-ses04-block8-game2_000::b0123,test/sub001/ses-04/sub001-ses04-block8-game2_000.npy,sub001,2,4,26,0,Short,1.2184529039921768,1.3117275907611352,1.3472092957746484,1.3472092957746484,1.2502160651735237,0.35014151782229874,0.19893009207556972,0.143506995039881,0.143506995039881,0.2697727145678568,2.240731716156006,1.5423424243927002,0.0,0.0,1.647239089012146,0.5542501211166382,0.0,0.0,0.0,0.08370435237884521
sub001-ses04-block8-game2_000::b0124,test/sub001/ses-04/sub001-ses04-block8-game2_000.npy,sub001,2,2,26,0,Short,1.2035968019203342,1.2035968019203342,1.2035968019203342,1.037855586975474,1.037855586975474,0.4084895887293699,0.4084895887293699,0.4084895887293699,0.4987127457479278,0.4987127457479278,0.01968061923980713,0.01968061923980713,0.01968061923980713,1.7568860054016113,1.7568860054016113,0.12394535541534424,0.12394535541534424,0.12394535541534424,0.13032019138336182,0.13032019138336182
sub001-ses04-block8-game2_000::b0125,test/sub001/ses-04/sub001-ses04-block8-game2_000.npy,sub001,2,45,26,1,Long,0.7552415810313284,1.0755801601468105,1.1727223063065015,1.1889790722235252,1.251251454926794,0.6593579600825968,0.49020989613316635,0.43443504118985693,0.4245130346048087,0.33938693186199276,0.021605730056762695,0.0,0.0,1.798013687133789,0.011893868446350098,0.05147385597229004,0.0,0.0,0.052201271057128906,0.0
sub001-ses04-block8-game2_000::b0127,test/sub001/ses-04/sub001-ses04-block8-game2_000.npy,sub001,2,17,26,0,Short,1.086664262984549,1.2880163442501338,1.2896602850278465,1.2689489998294554,1.1992463946650165,0.45757586797753524,0.2425974217484096,0.2827823538127212,0.15154847224460277,0.2568052013999502,1.79839289188385,0.0,1.8678648471832275,1.86404550075531,0.8514746427536011,0.0030698776245117188,0.0,0.15668797492980957,0.21861445903778076,0.8491963148117065
sub001-ses04-block8-game2_000::b0128,test/sub001/ses-04/sub001-ses04-block8-game2_000.npy,sub001,2,3,26,0,Short,1.1269327746181832,1.1269327746181832,1.2401367579579363,1.329325767659046,1.329325767659046,0.41567009902343305,0.41567009902343305,0.05728447713285251,0.22577026004105777,0.22577026004105777,0.0,0.0,0.0,1.4152792692184448,1.4152792692184448,0.0,0.0,0.0,0.0,0.0
sub001-ses04-block8-game2_000::b0129,test/sub001/ses-04/sub001-ses04-block8-game2_000.npy,sub001,2,2,26,0,Short,1.1912991766913414,1.1912991766913414,1.1912991766913414,1.3032302971968204,1.3032302971968204,0.41117556899790386,0.41117556899790386,0.41117556899790386,0.21836317775878794,0.21836317775878794,0.0,0.0,0.0,0.10418915748596191,0.10418915748596191,0.0,0.0,0.0,0.3880643844604492,0.3880643844604492
sub001-ses04-block8-game2_000::b0130,test/sub001/ses-04/sub001-ses04-block8-game2_000.npy,sub001,2,3,26,0,Short,1.267567650177984,1.267567650177984,1.3095214448169994,1.1944172706788616,1.1944172706788616,0.3841420118491381,0.3841420118491381,0.26295476875285106,0.4270877200467639,0.4270877200467639,1.3562793731689453,1.3562793731689453,0.0,0.0,0.0,0.01567709445953369,0.01567709445953369,0.0,0.0,0.0
sub001-ses04-block8-game2_000::b0131,test/sub001/ses-04/sub001-ses04-block8-game2_000.npy,sub001,2,3,26,0,Short,1.3050447424676805,1.3050447424676805,1.209807925219654,1.221175912090344,1.221175912090344,0.3679468144121363,0.3679468144121363,0.43220809548935635,0.42255787646550147,0.42255787646550147,0.0,0.0,0.0,1.2196252346038818,1.2196252346038818,0.0,0.0,0.0,0.0,0.0
sub001-ses04-block8-game2_000::b0132,test/sub001/ses-04/sub001-ses04-block8-game2_000.npy,sub001,2,36,26,1,Long,1.2396129567976542,1.2509593105834234,1.1558675289133313,1.253014726896923,1.196828198495168,0.4086002381544972,0.3469462170606028,0.48223500955919935,0.41291014613480354,0.35012053809462884,1.221688151359558,0.022641777992248535,1.3173127174377441,1.2582919597625732,0.9889663457870483,0.0,0.0,0.23967933654785156,0.2189624309539795,0.00042450428009033203
sub001-ses04-block8-game2_000::b0133,test/sub001/ses-04/sub001-ses04-block8-game2_000.npy,sub001,2,33,26,1,Long,1.028465106719578,1.3227663187090455,1.229820024499622,1.1971062604803973,1.181083111295326,0.3412284270986695,0.337943015701326,0.3819168128820297,0.44861368719793315,0.42810033616546117,1.3299362659454346,0.038228750228881836,0.0,0.0,0.0,0.4736056327819824,0.0924520492553711,0.0,0.0,0.0
sub001-ses04-block8-game2_000::b0134,test/sub001/ses-04/sub001-ses04-block8-game2_000.npy,sub001,2,27,26,1,Long,1.3259429834961234,1.1065581382153398,1.1485045826795812,1.1534769786712995,1.2872861392234696,0.17725933488448503,0.4698670894656155,0.4647267225297943,0.4261803949947077,0.25757537895059907,0.0,0.0,1.3365644216537476,0.0,1.302012324333191,0.0,0.0,0.1324838399887085,0.0,0.09722280502319336
sub001-ses04-block8-game2_000::b0135,test/sub001/ses-04/sub001-ses04-block8-game2_000.npy,sub001,2,48,26,1,Long,1.2028259529272525,1.312859438731352,1.1028357305393035,1.0796358953142144,0.9806553150633178,0.39350267344300166,0.23630298064989785,0.439514332286706,0.4254561462382991,0.525498333632168,0.05911839008331299,1.5443832874298096,0.0,1.2037843465805054,0.15287244319915771,0.010569930076599121,0.372448205947876,0.0,0.0,0.5373779535293579
sub001-ses04-block8-game2_000::b0136,test/sub001/ses-04/sub001-ses04-block8-game2_000.npy,sub001,2,3,26,0,Short,1.2838427420250897,1.2838427420250897,1.0968408393582618,1.0432133270688597,1.0432133270688597,0.2847374316307824,0.2847374316307824,0.4106942920976454,0.46173349109399,0.46173349109399,0.0,0.0,0.0044564008712768555,0.0,0.0,0.0,0.0,0.055391669273376465,0.0,0.0
sub001-ses04-block8-game2_000::b0137,test/sub001/ses-04/sub001-ses04-block8-game2_000.npy,sub001,2,2,26,0,Short,1.1718917530443047,1.1718917530443047,1.2204203934205973,1.2204203934205973,1.2204203934205973,0.41104156195817726,0.41104156195817726,0.247895829968511,0.247895829968511,0.247895829968511,1.4474378824234009,1.4474378824234009,0.12437272071838379,0.12437272071838379,0.12437272071838379,0.015772104263305664,0.015772104263305664,0.1930612325668335,0.1930612325668335,0.1930612325668335
sub001-ses04-block8-game2_000::b0138,test/sub001/ses-04/sub001-ses04-block8-game2_000.npy,sub001,2,8,26,0,Short,1.2202854576218891,1.2576505804389615,1.1507234319813069,1.1039672118909003,1.1035144537296788,0.3781275795641631,0.32388689743096183,0.3595515937774685,0.42355665562256495,0.42931425738867546,1.3973276615142822,0.0,1.4708207845687866,1.434354543685913,1.449600338935852,0.0,0.0,0.06733882427215576,0.04777181148529053,0.10311734676361084
sub001-ses04-block8-game2_000::b0139,test/sub001/ses-04/sub001-ses04-block8-game2_000.npy,sub001,2,4,26,0,Short,1.1043095623837746,1.0348324791538126,1.136175443842909,1.136175443842909,1.2655311918145848,0.48601489374627116,0.4585377952885896,0.37029259457175345,0.37029259457175345,0.3248857200435472,0.029627084732055664,0.18510770797729492,0.0036613941192626953,0.0036613941192626953,1.0759021043777466,0.1009676456451416,0.1254359483718872,0.19210350513458252,0.19210350513458252,0.0
sub001-ses04-block8-game2_000::b0140,test/sub001/ses-04/sub001-ses04-block8-game2_000.npy,sub001,2,13,26,0,Short,1.22602170092632,1.3220045284337258,1.2192029244310236,1.03124375642242,1.0785539441262486,0.38784522264395827,0.20139415066692268,0.35896267810029825,0.5159792454441932,0.4049081092573449,0.0,1.4287525415420532,0.0,0.0,0.0,0.0,0.0,0.0,0.0,0.0
sub001-ses04-block8-game2_000::b0141,test/sub001/ses-04/sub001-ses04-block8-game2_000.npy,sub001,2,8,26,0,Short,0.5081879259585621,1.0625533677867371,1.0002813239111152,1.0431840657274258,1.2269074527985642,0.7808106897556876,0.5446996933525711,0.5844389176858035,0.5461363196241573,0.376989263021664,0.02007317543029785,0.0,0.05387580394744873,0.04259979724884033,1.3541215658187866,0.1257692575454712,0.0,0.032434940338134766,0.0053757429122924805,0.0
sub001-ses04-block8-game2_000::b0142,test/sub001/ses-04/sub001-ses04-block8-game2_000.npy,sub001,2,11,26,0,Short,1.1261014206546154,1.0869972621776343,0.8857245816858818,0.9377792256928951,1.1023563766119076,0.35745271636837717,0.4386089266333233,0.5844953503076752,0.5650013728530927,0.4534874666156278,1.8775161504745483,0.0,0.09246599674224854,1.557556390762329,1.6857874393463135,0.14456093311309814,0.0,0.3013056516647339,0.0,0.08686411380767822
sub001-ses04-block8-game2_000::b0143,test/sub001/ses-04/sub001-ses04-block8-game2_000.npy,sub001,2,9,26,0,Short,1.047014247863829,1.1368200575345775,1.155421322275934,0.9500773011594968,1.1014912210104855,0.5036636649480507,0.4027561259130454,0.34956825516915674,0.5386278560800687,0.4228461451435276,1.4077457189559937,0.0,2.1372506618499756,0.014762043952941895,1.5211657285690308,0.3021848201751709,0.0,0.5070154666900635,0.27460455894470215,0.0
sub001-ses04-block8-game2_000::b0144,test/sub001/ses-04/sub001-ses04-block8-game2_000.npy,sub001,2,20,26,0,Short,0.42432229410282957,0.9941331124312044,1.2094303557789603,1.0103650763018925,1.1890779577551929,0.8432545185385326,0.575130932983098,0.3649313798968673,0.5583331853111269,0.3361916487612851,0.0,0.31251704692840576,0.14121246337890625,1.3437786102294922,0.0,0.0,0.2447659969329834,0.2763248682022095,0.0,0.0
sub001-ses04-block8-game2_000::b0145,test/sub001/ses-04/sub001-ses04-block8-game2_000.npy,sub001,2,9,26,0,Short,1.0430665211451793,0.8097019902785221,0.8189919150206361,1.048462065930839,0.9704654097774729,0.45811179526384055,0.7085584671551176,0.6712121999969135,0.5381944640151333,0.5858135221390641,1.1590362787246704,0.0,0.0,0.0,0.0,0.0,0.0,0.0,0.0,0.0
sub001-ses04-block8-game2_000::b0146,test/sub001/ses-04/sub001-ses04-block8-game2_000.npy,sub001,2,13,26,0,Short,0.9541561589254405,1.0246265180036833,0.886569051678485,0.9010106277280441,1.1541246326700478,0.5008030827991272,0.5628079423648173,0.653250434523261,0.6455351334868755,0.4815962531919701,0.09066569805145264,0.0,1.7509815692901611,0.0,0.0,0.39799797534942627,0.0,0.027104496955871582,0.0,0.0
sub001-ses04-block8-game2_000::b0147,test/sub001/ses-04/sub001-ses04-block8-game2_000.npy,sub001,2,16,26,0,Short,1.1867583570725735,1.0228099899652214,0.893074546174431,0.9624186382699935,1.0331471783315782,0.28931182570897784,0.594807756864888,0.6568271546014035,0.620563009736069,0.5841882028130131,0.013138055801391602,1.4442853927612305,0.0,0.21838855743408203,1.3021624088287354,0.17290973663330078,0.0,0.0,0.034049391746520996,0.0
sub001-ses04-block8-game2_000::b0148,test/sub001/ses-04/sub001-ses04-block8-game2_000.npy,sub001,2,7,26,0,Short,0.969592825237167,0.9255211291555396,1.1595597661667683,1.083477549424547,0.9430201612973265,0.48991644850796773,0.5980345608198714,0.4691688361350696,0.5117426835476401,0.6109423200116232,1.0882049798965454,1.1145620346069336,1.276942253112793,1.2003220319747925,1.3032137155532837,0.0,0.0,0.37510669231414795,0.0,0.0
sub001-ses04-block8-game2_000::b0149,test/sub001/ses-04/sub001-ses04-block8-game2_000.npy,sub001,2,15,26,0,Short,0.6947957205984004,1.1520935333855686,0.6460947842694853,0.9883909110259902,0.6712833360210682,0.6528612951983839,0.5048767554162973,0.7720060645272184,0.5663698830185182,0.745479442376205,0.9151962399482727,1.484502911567688,0.0,0.884728193283081,0.2861568331718445,0.05718785524368286,1.1115727424621582,0.0,0.18207019567489624,1.3406087160110474
sub001-ses04-block8-game2_000::b0150,test/sub001/ses-04/sub001-ses04-block8-game2_000.npy,sub001,2,8,26,0,Short,1.0729542628871216,0.9935142128499006,0.9074977349201278,0.8765907041390055,0.9577662813466925,0.141024398948775,0.47943274013772336,0.50120852713445,0.530631885069401,0.5515190060335329,1.0556721687316895,1.0571258068084717,0.13100123405456543,0.08156716823577881,0.0,0.0,0.003414750099182129,0.020551204681396484,0.0,0.0
sub001-ses04-block8-game2_000::b0151,test/sub001/ses-04/sub001-ses04-block8-game2_000.npy,sub001,2,44,26,1,Long,0.4646424669514584,0.842207294075336,0.6603071979448788,0.9897080384208845,0.9599386990178758,0.809752013275971,0.6392659201849367,0.7521138410692219,0.5801208979180932,0.5954348560255902,0.2015211582183838,0.0,0.0,1.4267951250076294,1.0436519384384155,0.560320258140564,0.0,0.0,0.19730103015899658,0.0
sub001-ses04-block8-game2_000::b0152,test/sub001/ses-04/sub001-ses04-block8-game2_000.npy,sub001,2,40,26,1,Long,1.2509773683803747,0.6896951140019938,0.8272755903553229,0.8093198502507551,0.7840374776061452,0.3560515849942426,0.7572907733478512,0.6867282367788643,0.6810691127519818,0.7243601975345331,0.2933872938156128,0.0,0.0,0.0,1.3506308794021606,0.010121583938598633,0.0,0.0,0.0,0.0
sub001-ses04-block8-game2_000::b0153,test/sub001/ses-04/sub001-ses04-block8-game2_000.npy,sub001,2,10,26,0,Short,1.011943177944664,0.7516825187602885,0.91493608454611,0.993844149915122,0.9357163428411492,0.4162369686372753,0.6696729011212539,0.5553936663977325,0.5839602751682775,0.6409941425943066,0.39867639541625977,3.1370410919189453,0.09828901290893555,0.07107716798782349,0.6823488473892212,1.489868402481079,1.4944140911102295,0.8195055723190308,0.0,0.0
sub001-ses04-block8-game2_000::b0154,test/sub001/ses-04/sub001-ses04-block8-game2_000.npy,sub001,2,6,26,0,Short,1.2585355629855102,1.0627845286413604,1.0022208238561097,0.8480650119921209,0.9671181502526531,0.3704104317937821,0.5770204284109056,0.5953464713404749,0.6912096185324902,0.5917479097613347,0.796440064907074,0.08413434028625488,0.0,0.7859943509101868,0.12221968173980713,1.9034101963043213,0.0,0.0,0.0,0.0
sub001-ses04-block8-game2_000::b0155,test/sub001/ses-04/sub001-ses04-block8-game2_000.npy,sub001,2,30,26,1,Long,1.3572273128245012,0.7655298748815287,0.7582107125330041,0.7147174083664537,1.0592221470456482,0.31309542242403066,0.6565017374269515,0.7000591681753868,0.7358019292871825,0.4865204751811589,0.6761642694473267,0.7698898315429688,0.1668415367603302,0.3927861750125885,0.20429331064224243,0.0071623921394348145,0.2649996876716614,0.0,0.0,0.00924837589263916
sub001-ses04-block8-game2_000::b0156,test/sub001/ses-04/sub001-ses04-block8-game2_000.npy,sub001,2,10,26,0,Short,0.8711019966029382,0.9054237912397064,0.9011626499645823,0.7993028594726308,1.0487894585008108,0.35616672094601365,0.42823998757190124,0.5367219970717074,0.591886080809199,0.4114204364735509,0.8625074625015259,0.8545966744422913,1.0327335596084595,0.0,0.0,0.20134681463241577,0.14565140008926392,0.5094800591468811,0.0,0.0
sub001-ses04-block8-game2_000::b0157,test/sub001/ses-04/sub001-ses04-block8-game2_000.npy,sub001,2,27,26,1,Long,0.2538143117449602,0.8264592829534945,0.5278311234826565,0.7583492708474655,0.573430306873223,0.9199113524506176,0.6649200662648351,0.8075471072192392,0.7231740413708114,0.8026779931041212,0.5263522267341614,1.0862412452697754,0.0,1.2443211078643799,0.0,0.5847324132919312,0.0,0.0,0.0,0.0
sub001-ses04-block8-game2_000::b0158,test/sub001/ses-04/sub001-ses04-block8-game2_000.npy,sub001,2,175,26,1,Long,1.172554088579,0.5004520130169102,0.6435269010492686,0.5919907778945129,0.712106654395374,0.3668941196271795,0.8245852007380675,0.7763403988423574,0.8042386964984599,0.7309408013525363,0.0,0.13010621070861816,0.0,0.014301061630249023,0.0,0.0,0.0018215179443359375,0.0,0.3160126209259033,0.0
sub001-ses04-block8-game2_000::b0159,test/sub001/ses-04/sub001-ses04-block8-game2_000.npy,sub001,2,12,26,0,Short,0.581131007843368,0.7414439179963931,0.6406266933337845,0.6453626764747187,0.7118298659926813,0.6444911182436464,0.6894998807793088,0.7341965326942678,0.7012938517452658,0.7030739400904543,3.3836731910705566,0.0,4.1599955558776855,3.863320827484131,0.0,0.0,0.0,0.5725741386413574,0.5452523231506348,0.0
sub001-ses04-block8-game2_000::b0160,test/sub001/ses-04/sub001-ses04-block8-game2_000.npy,sub001,2,7,26,0,Short,0.9393323251700749,0.6905393545933702,0.720835426698605,0.6229553273170446,0.6946963269520694,0.4722297094581236,0.7410772644492587,0.7222591664921892,0.7584225469050305,0.7317130157057818,3.709249258041382,0.06809687614440918,0.0,0.0,3.945301055908203,0.3226280212402344,0.5479114055633545,0.0,0.0,0.4502274990081787
sub001-ses04-block8-game2_000::b0161,test/sub001/ses-04/sub001-ses04-block8-game2_000.npy,sub001,2,10,26,0,Short,0.8096646017105423,0.7966976467481982,0.7863748869968521,0.9440670105261307,0.7309376786313962,0.29180863475584645,0.6336234535621126,0.626866895507163,0.5530518426819234,0.7016370327898188,3.3254411220550537,0.033377647399902344,0.0,0.0,0.16762399673461914,0.10718083381652832,0.2579047679901123,0.0,0.0,0.36293697357177734
sub001-ses04-block8-game2_000::b0162,test/sub001/ses-04/sub001-ses04-block8-game2_000.npy,sub001,2,16,26,0,Short,0.40335794046925566,0.6339237855897198,0.7496124319313157,0.8461493454001203,0.6845584924103844,0.8523702910911616,0.7623577426999788,0.686950434554781,0.6191111279868879,0.7419629219559122,3.803487777709961,3.7032155990600586,3.7253661155700684,0.0,0.0,0.7065620422363281,0.136430025100708,0.13062119483947754,0.0,0.0
sub001-ses04-block8-game2_000::b0163,test/sub001/ses-04/sub001-ses04-block8-game2_000.npy,sub001,2,36,26,1,Long,0.704180767264459,0.680336751774733,0.7001194664777838,0.5743839955940155,0.6985385265369122,0.5518678370627608,0.7121313220166864,0.7240638062643687,0.785812302654727,0.6874639683884676,0.2821049690246582,0.0,0.0,0.0,4.2000532150268555,0.29834842681884766,0.0,0.0,0.0,0.2700529098510742
sub001-ses04-block8-game2_000::b0164,test/sub001/ses-04/sub001-ses04-block8-game2_000.npy,sub001,2,14,26,0,Short,0.7573211994847692,0.7604777632317506,0.7698373233749888,0.9331379135543172,0.7304049722925976,0.528917163472181,0.6413163398506017,0.6411798617986588,0.5163739297107808,0.6559459948331271,3.939990997314453,0.0,0.2678518295288086,0.0,4.604343891143799,0.0,0.0,0.15639162063598633,0.0,0.4331812858581543
sub001-ses04-block8-game2_000::b0165,test/sub001/ses-04/sub001-ses04-block8-game2_000.npy,sub001,2,10,26,0,Short,0.8210233164052076,1.018539682465134,0.7465311901450927,0.9379753593440536,0.7770503188950286,0.48280491274186554,0.4218649802019869,0.6212613374070168,0.477995015914789,0.6258537463176497,0.6737477779388428,4.152929306030273,0.4593162536621094,0.0,0.0,0.0,0.0,0.4360198974609375,0.0,0.0
sub001-ses04-block8-game2_000::b0166,test/sub001/ses-04/sub001-ses04-block8-game2_000.npy,sub001,2,4,26,0,Short,0.7545601781960002,0.8386275905605011,0.8403631600466037,0.8403631600466037,1.3339702455121714,0.5184269904122558,0.5004256418343868,0.531247323514625,0.531247323514625,0.13311721068413418,0.0,0.2985811233520508,4.491189956665039,4.491189956665039,4.630263328552246,0.0,0.1347041130065918,0.3677845001220703,0.3677845001220703,0.6593294143676758
sub001-ses04-block8-game2_000::b0167,test/sub001/ses-04/sub001-ses04-block8-game2_000.npy,sub001,2,3,26,0,Short,0.8276224808532199,0.9126943749934199,0.9126943749934199,0.9126943749934199,1.0470369037135483,0.4835013987195143,0.5211997935701289,0.5211997935701289,0.5211997935701289,0.38696695088078015,4.2795586585998535,4.906843185424805,4.906843185424805,4.906843185424805,0.0,0.0,0.5867981910705566,0.5867981910705566,0.5867981910705566,0.0
sub001-ses04-block8-game2_000::b0168,test/sub001/ses-04/sub001-ses04-block8-game2_000.npy,sub001,2,5,26,0,Short,0.916208928747434,1.0222999080811572,0.9915294839690388,1.0565173192318065,1.0656066775193964,0.511308533752259,0.2765294767976888,0.31946923854338616,0.24020601665121283,0.2279943450686811,0.0,0.04174613952636719,4.327713489532471,0.0,4.356672286987305,0.0,0.14621543884277344,0.0,0.0,0.0
sub001-ses04-block8-game2_000::b0169,test/sub001/ses-04/sub001-ses04-block8-game2_000.npy,sub001,2,9,26,0,Short,0.9639828248944531,1.192522190978209,1.2242715846539487,1.1012845034721392,1.1749606716622367,0.3870202028186676,0.25536899269934255,0.2269808215781165,0.31200677645753006,0.14492361444439822,0.0,0.0,0.0,0.0,0.6410810947418213,0.0,0.0,0.0,0.0,0.42399120330810547
sub001-ses04-block8-game2_000::b0170,test/sub001/ses-04/sub001-ses04-block8-game2_000.npy,sub001,2,4,26,0,Short,0.6527438093967165,0.9374820965059233,1.1056108781435692,1.1056108781435692,0.9016361526105586,0.6992955899318404,0.46490871390879607,0.301877533301021,0.301877533301021,0.4432634344575078,4.517284393310547,0.2279529571533203,4.876736640930176,4.876736640930176,0.40155792236328125,0.10832357406616211,0.3239474296569824,0.5689387321472168,0.5689387321472168,0.4906425476074219
sub001-ses04-block8-game2_000::b0171,test/sub001/ses-04/sub001-ses04-block8-game2_000.npy,sub001,2,10,26,0,Short,0.9572049266486604,1.169043803786679,1.0579002816778273,0.9999960129123947,1.1284940525223732,0.437445268653744,0.3051243323688745,0.3700427430660482,0.4093684816508474,0.37124324690709076,4.583972930908203,0.0,4.4575958251953125,5.094955921173096,4.784193992614746,0.0,0.0,0.0,0.7096352577209473,0.9072966575622559
sub001-ses04-block8-game2_000::b0172,test/sub001/ses-04/sub001-ses04-block8-game2_000.npy,sub001,2,2,26,0,Short,0.7050234296963614,0.7050234296963614,0.7050234296963614,1.0733451796594926,1.0733451796594926,0.6345173069669441,0.6345173069669441,0.6345173069669441,0.28047545165884064,0.28047545165884064,0.0,0.0,0.0,4.390408039093018,4.390408039093018,0.0,0.0,0.0,0.3754439353942871,0.3754439353942871
sub001-ses04-block8-game2_000::b0173,test/sub001/ses-04/sub001-ses04-block8-game2_000.npy,sub001,2,4,26,0,Short,0.8070191188909546,0.9272832325647371,1.0847597680077308,1.0847597680077308,1.1105234417091145,0.4756891529657816,0.4521893168672449,0.2521322149271701,0.2521322149271701,0.19372443256389638,4.635566234588623,4.681270122528076,0.4233126640319824,0.4233126640319824,4.6491289138793945,0.4072451591491699,0.7735457420349121,0.0,0.0,0.5363168716430664
sub001-ses04-block8-game2_000::b0174,test/sub001/ses-04/sub001-ses04-block8-game2_000.npy,sub001,2,121,26,1,Long,1.2360745702596665,0.36563875319167477,0.28536711455777003,0.4077197570324074,0.7859005603183881,0.20818795539057278,0.8846885815017966,0.9118726796766493,0.8616984171940396,0.6961467616343905,0.0,0.028974749147892,0.009663276374340057,0.052857398986816406,3.6447594165802,0.0,0.07699844241142273,0.047510407865047455,0.0,0.958611011505127
sub001-ses04-block8-game2_000::b0175,test/sub001/ses-04/sub001-ses04-block8-game2_000.npy,sub001,2,12,26,0,Short,0.4079138099421383,0.710926282520764,0.796291501656226,0.8110959461670074,0.8595606788665427,0.8465914034827129,0.7164040388718408,0.6710602664466119,0.5746192881900198,0.5827333846871975,3.8692922592163086,0.1284162998199463,0.0,0.0,0.0,0.9807746410369873,0.9828462600708008,0.0,0.0,0.0
sub001-ses04-block8-game2_000::b0176,test/sub001/ses-04/sub001-ses04-block8-game2_000.npy,sub001,2,15,26,0,Short,0.32861872906024403,0.872579306493,0.8804652719835829,1.113592257290909,1.2071596906145083,0.8738910707463942,0.5160548370211343,0.520181295025066,0.33579513995843585,0.39882896795846723,3.684581756591797,3.925999402999878,0.3848700523376465,3.9265661239624023,3.603217363357544,0.8956699371337891,0.0,0.8975315093994141,0.6458849906921387,0.13035249710083008
sub001-ses04-block8-game2_000::b0177,test/sub001/ses-04/sub001-ses04-block8-game2_000.npy,sub001,2,2,26,0,Short,0.4295925625868081,0.4295925625868081,0.4295925625868081,1.039374217056205,1.039374217056205,0.8244518494117645,0.8244518494117645,0.8244518494117645,0.4159355286474038,0.4159355286474038,0.0,0.0,0.0,3.5490775108337402,3.5490775108337402,0.0,0.0,0.0,0.25394344329833984,0.25394344329833984
sub001-ses04-block8-game2_000::b0178,test/sub001/ses-04/sub001-ses04-block8-game2_000.npy,sub001,2,4,26,0,Short,0.952414560023465,0.9382040470287188,0.967673189962488,0.967673189962488,0.9796160752769052,0.47985558087256697,0.5240601208717538,0.40850973723850564,0.40850973723850564,0.47655165674166045,0.24997901916503906,3.242396116256714,0.0,0.0,0.0,1.4045820236206055,0.0,0.0,0.0,0.0
sub001-ses04-block8-game2_000::b0179,test/sub001/ses-04/sub001-ses04-block8-game2_000.npy,sub001,2,11,26,0,Short,0.3226050263772037,1.0025818794725903,0.8864794720125804,0.9253210451162309,0.9561103002616809,0.8907296264045887,0.5548406561191312,0.614298049609322,0.6048867283270523,0.5409924168312847,3.276308059692383,3.2067511081695557,3.178666114807129,0.0,0.15925312042236328,0.858180046081543,0.32876157760620117,0.0,0.0,0.451338529586792
sub001-ses04-block8-game2_000::b0180,test/sub001/ses-04/sub001-ses04-block8-game2_000.npy,sub001,2,51,26,1,Long,0.3393550565054066,0.9562148542533043,0.8335542453536327,1.1083776791749922,0.932906521329591,0.8817885791577862,0.5533598583712199,0.6429257274824571,0.3366394589739409,0.5457779453825427,0.4956934452056885,3.4400415420532227,3.4404098987579346,0.0,4.018300533294678,0.5413079261779785,0.17624831199645996,0.0,0.0,0.4437699317932129
sub001-ses04-block8-game2_000::b0181,test/sub001/ses-04/sub001-ses04-block8-game2_000.npy,sub001,2,4,26,0,Short,0.4224499460201002,1.0059181552039813,0.7970863471232353,0.7970863471232353,0.9318355036479892,0.8447224518579531,0.3634223017709304,0.5948559475289739,0.5948559475289739,0.4381600466314475,4.575291156768799,4.610750675201416,0.0,0.0,4.290682315826416,0.24292564392089844,0.0,0.0,0.0,0.0
sub001-ses04-block8-game2_000::b0182,test/sub001/ses-04/sub001-ses04-block8-game2_000.npy,sub001,2,4,26,0,Short,0.9152309440889441,1.0494476376921387,1.172620917204233,1.172620917204233,1.0028302940760403,0.49471720784172213,0.2874951695676495,0.4203674556452899,0.4203674556452899,0.3774448889778452,0.3366689682006836,0.0,4.398404121398926,4.398404121398926,0.0,0.24628114700317383,0.0,0.0,0.0,0.0
sub001-ses04-block8-game2_000::b0183,test/sub001/ses-04/sub001-ses04-block8-game2_000.npy,sub001,2,39,26,1,Long,0.26887987852315925,0.9512947434077602,0.9619757373833543,1.0129919080036174,0.8650440666384566,0.9049085314356713,0.5612217519029401,0.5241038699725977,0.4664489402968136,0.6139329435278384,0.1457655429840088,3.1709702014923096,3.1435439586639404,3.14668345451355,0.0,0.0,0.0,0.0,0.3468303680419922,0.0
sub001-ses04-block8-game2_000::b0184,test/sub001/ses-04/sub001-ses04-block8-game2_000.npy,sub001,2,13,26,0,Short,0.76723141072292,0.8170719082093266,0.7258969278133663,0.7544491223214206,0.9505125347483919,0.5598801233140456,0.64175382197009,0.6943473686689376,0.6721595712060717,0.508321500421936,0.0,0.0,0.015996932983398438,0.0,0.0,0.0,0.0,0.0,0.0,0.0
sub001-ses04-block8-game2_000::b0185,test/sub001/ses-04/sub001-ses04-block8-game2_000.npy,sub001,2,24,26,0,Short,0.9432315704714279,0.7854880290809884,0.9317572424367055,0.8694861046547456,0.8537028855225083,0.4213687671376276,0.6189337938714248,0.49918764226673773,0.4918355695157301,0.578092373901617,0.07104611396789551,0.0,0.0,0.0,3.5270609855651855,0.2748756408691406,0.0,0.0,0.0,0.038073062896728516
sub001-ses04-block8-game2_000::b0186,test/sub001/ses-04/sub001-ses04-block8-game2_000.npy,sub001,2,4,26,0,Short,0.9002123856386322,0.9913165978723896,0.7685676984636908,0.7685676984636908,0.9098899024279691,0.44793751821089595,0.5678672418878286,0.6682392825463297,0.6682392825463297,0.6027255196757757,0.0,0.0,0.0,0.0,3.6905200481414795,0.0,0.0,0.0,0.0,0.41625332832336426
sub001-ses04-block8-game2_000::b0187,test/sub001/ses-04/sub001-ses04-block8-game2_000.npy,sub001,2,4,26,0,Short,0.9130892361526665,0.8929549407068876,0.9309512519825636,0.9309512519825636,1.183070213656465,0.496473095564584,0.503210842430045,0.5056441835148915,0.5056441835148915,0.42647890922214327,0.47597813606262207,3.542879581451416,0.0,0.0,0.0,1.1992177963256836,0.5024614334106445,0.0,0.0,0.0
sub001-ses04-block8-game2_000::b0188,test/sub001/ses-04/sub001-ses04-block8-game2_000.npy,sub001,2,2,26,0,Short,0.8954955086887028,0.8954955086887028,0.8954955086887028,1.0536056541910512,1.0536056541910512,0.5090372339180919,0.5090372339180919,0.5090372339180919,0.4687656780796704,0.4687656780796704,0.0,0.0,0.0,0.0,0.0,0.0,0.0,0.0,0.0,0.0
sub001-ses04-block8-game2_000::b0189,test/sub001/ses-04/sub001-ses04-block8-game2_000.npy,sub001,2,2,26,0,Short,0.8860200119898053,0.8860200119898053,0.8860200119898053,0.7830061150796148,0.7830061150796148,0.48053599338844716,0.48053599338844716,0.48053599338844716,0.6911368944046091,0.6911368944046091,0.0046427249908447266,0.0046427249908447266,0.0046427249908447266,3.0973918437957764,3.0973918437957764,0.6541695594787598,0.6541695594787598,0.6541695594787598,0.0,0.0
sub001-ses04-block8-game2_000::b0190,test/sub001/ses-04/sub001-ses04-block8-game2_000.npy,sub001,2,2,26,0,Short,1.1906061414617803,1.1906061414617803,1.1906061414617803,1.0184838899400215,1.0184838899400215,0.02558459979712624,0.02558459979712624,0.02558459979712624,0.5355565379063154,0.5355565379063154,0.0,0.0,0.0,3.199554681777954,3.199554681777954,0.0,0.0,0.0,0.0,0.0
sub001-ses04-block8-game2_000::b0191,test/sub001/ses-04/sub001-ses04-block8-game2_000.npy,sub001,2,5,26,0,Short,0.9260496843040549,0.8815527007216265,1.0862944957881555,0.9178565522300899,1.187216888145613,0.5236552600479036,0.5255472782899867,0.4538573072892002,0.6022033894015085,0.43403341502514203,4.667381763458252,0.0,0.0,3.305004119873047,0.0,0.7667098045349121,0.0,0.0,0.0,0.0
sub001-ses04-block8-game2_000::b0192,test/sub001/ses-04/sub001-ses04-block8-game2_000.npy,sub001,2,4,26,0,Short,0.9078881992713104,1.0504215268429125,0.8644547507409498,0.8644547507409498,0.9848386186623918,0.44788901942695963,0.32924098766787446,0.5529978728004525,0.5529978728004525,0.4075625578656603,0.0,0.0,3.475907564163208,3.475907564163208,3.9943695068359375,0.0,0.0,0.0,0.0,0.5446188449859619
sub001-ses04-block8-game2_000::b0193,test/sub001/ses-04/sub001-ses04-block8-game2_000.npy,sub001,2,2,26,0,Short,0.8107164782324328,0.8107164782324328,0.8107164782324328,0.8207284698012144,0.8207284698012144,0.5481180593885565,0.5481180593885565,0.5481180593885565,0.6096741827815555,0.6096741827815555,0.007607221603393555,0.007607221603393555,0.007607221603393555,3.5726559162139893,3.5726559162139893,0.5293533802032471,0.5293533802032471,0.5293533802032471,0.0,0.0
sub001-ses04-block8-game2_000::b0194,test/sub001/ses-04/sub001-ses04-block8-game2_000.npy,sub001,2,3,26,0,Short,0.9090774040789662,0.9090774040789662,0.8463722257127828,0.8632772986353067,0.8632772986353067,0.5061657474275478,0.5061657474275478,0.5645838599108609,0.5254423089832679,0.5254423089832679,0.0,0.0,0.0,3.5129458904266357,3.5129458904266357,0.0,0.0,0.0,0.0,0.0
sub001-ses04-block8-game2_000::b0196,test/sub001/ses-04/sub001-ses04-block8-game2_000.npy,sub001,2,27,26,1,Long,0.406321201263765,0.9318742559770415,1.0044087425067083,0.8045754146150325,0.8491576852036951,0.8102608892556699,0.4570623819262992,0.3916104908707044,0.6130298121788176,0.5538331077916734,0.20715951919555664,5.113354206085205,0.0,0.0,0.0,1.0424489974975586,1.2513813972473145,0.0,0.0,0.0
sub001-ses04-block8-game2_000::b0197,test/sub001/ses-04/sub001-ses04-block8-game2_000.npy,sub001,2,4,26,0,Short,0.6472251940539292,0.8662366887116575,0.8139750350642092,0.8139750350642092,0.8370607296467227,0.7133418552169948,0.4802672840063844,0.39350491619683226,0.39350491619683226,0.39039765989680764,0.7194843292236328,5.586526870727539,0.1780233383178711,0.1780233383178711,5.3295698165893555,0.33086585998535156,0.0,0.6284880638122559,0.6284880638122559,0.12999963760375977
sub001-ses04-block8-game2_000::b0198,test/sub001/ses-04/sub001-ses04-block8-game2_000.npy,sub001,2,6,26,0,Short,0.7470704697497397,0.8786003951241792,0.7957206295590393,0.9310651923423411,0.8300397058941843,0.5023247415641279,0.4688885810433133,0.49393844379054785,0.4361107132059601,0.5339147868845073,5.113373279571533,5.602297306060791,4.79300594329834,0.024280071258544922,4.730151653289795,0.0,0.37125062942504883,0.0,0.3539156913757324,0.0
sub001-ses04-block8-game2_000::b0199,test/sub001/ses-04/sub001-ses04-block8-game2_000.npy,sub001,2,13,26,0,Short,0.9478521774222064,0.7364999915624402,0.8258567217174462,0.8369440456352284,0.9368273963485301,0.5257799230319123,0.6330540721248248,0.6354995125172123,0.6342150779264538,0.5808046146544092,0.1772603988647461,4.853489398956299,0.0,0.0,4.187317371368408,0.0,0.2653956413269043,0.0,0.0,0.0
sub001-ses04-block8-game2_000::b0200,test/sub001/ses-04/sub001-ses04-block8-game2_000.npy,sub001,2,3,26,0,Short,0.5207341408791115,0.5207341408791115,0.8832398861944568,0.8067085849626304,0.8067085849626304,0.7670770218022489,0.7670770218022489,0.45068489777257037,0.5339171085458979,0.5339171085458979,0.0,0.0,0.0,0.025408267974853516,0.025408267974853516,0.0,0.0,0.0,0.20573806762695312,0.20573806762695312
sub001-ses04-block8-game2_000::b0201,test/sub001/ses-04/sub001-ses04-block8-game2_000.npy,sub001,2,5,26,0,Short,0.8945770064641625,1.0683827943750288,1.1279035574739826,0.9053650717596908,1.0119621192457176,0.48709541541605017,0.35755835737156855,0.2604835121989878,0.41247530252308867,0.35177593332985796,0.04767131805419922,0.0,0.0,0.0,0.0,0.9249248504638672,0.0,0.0,0.0,0.0
sub001-ses04-block8-game2_000::b0202,test/sub001/ses-04/sub001-ses04-block8-game2_000.npy,sub001,2,6,26,0,Short,0.24953046911103005,0.7629160467462824,0.9681367458756689,0.948890108862407,0.8385439425405751,0.9177148215310669,0.7005923404711902,0.5452875000716458,0.5575876191224625,0.6227035954020783,0.018036842346191406,3.9410617351531982,4.267892360687256,3.747624635696411,3.896883964538574,0.13679194450378418,0.0,0.25912952423095703,0.2798166275024414,0.0
sub001-ses04-block8-game2_000::b0203,test/sub001/ses-04/sub001-ses04-block8-game2_000.npy,sub001,2,34,26,1,Long,0.17326629939657032,0.7067583965751583,0.8002691010689956,0.8832005394386918,0.8335294732026495,0.9466579118855613,0.7132164867340859,0.6574100468465747,0.6188483024717085,0.6473103770424495,3.808729410171509,0.0,0.0,0.0,0.11054611206054688,0.0,0.0,0.0,0.0,0.0
sub001-ses04-block8-game2_000::b0204,test/sub001/ses-04/sub001-ses04-block8-game2_000.npy,sub001,2,12,26,0,Short,0.4151050786699698,0.8652917137102164,0.922220872848014,0.7702268717154874,0.8584924393679498,0.8494207394570734,0.6048761032528229,0.5802142009586576,0.6798870118900513,0.5989860186389444,3.760181427001953,3.7680349349975586,3.8888769149780273,3.700779438018799,0.0,0.0,0.0,0.018697500228881836,0.0,0.0
sub001-ses04-block8-game2_000::b0205,test/sub001/ses-04/sub001-ses04-block8-game2_000.npy,sub001,2,21,26,0,Short,0.953863499315873,0.8921212178589468,0.8944483582123061,0.7463383870585902,0.8795965783744149,0.4474044931326163,0.585769227852618,0.5262618988073058,0.6728293335136388,0.5809066576629799,0.10231924057006836,4.00223970413208,0.0,0.0,3.7434704303741455,0.18783950805664062,0.2047581672668457,0.0,0.0,0.2083752155303955
sub001-ses04-block8-game2_000::b0206,test/sub001/ses-04/sub001-ses04-block8-game2_000.npy,sub001,2,12,26,0,Short,0.7434655012488092,0.830487460505654,0.8067099079827375,0.8574920923748133,0.8845005545434336,0.5890330674544638,0.6446845992502693,0.6638054580740644,0.6069957977827829,0.5573692726679553,0.0,3.7510199546813965,0.0,0.0,3.9074583053588867,0.0,0.0,0.0,0.0,0.015125274658203125
sub001-ses04-block8-game2_000::b0207,test/sub001/ses-04/sub001-ses04-block8-game2_000.npy,sub001,2,20,26,0,Short,0.4789864818852665,0.9552767507058141,0.8999278372908054,0.8082197366949225,0.8056984779302394,0.8155093823151689,0.5563307779974056,0.5287257441493791,0.6444151675639056,0.6151531844383477,0.0,0.0,0.0,0.057157039642333984,0.0,0.0,0.0,0.0,0.6254706382751465,0.0
sub001-ses04-block8-game2_000::b0208,test/sub001/ses-04/sub001-ses04-block8-game2_000.npy,sub001,2,15,26,0,Short,0.8722254342976409,0.9456803802763765,0.8983971565978026,0.8941394446496304,0.8494924416429341,0.47851649777154576,0.486829106650074,0.5317761436463714,0.5041164621759776,0.5749399581340506,0.1667184829711914,0.055210113525390625,0.0,4.1649885177612305,3.982783317565918,0.7339911460876465,0.3794827461242676,0.0,0.5990140438079834,0.9421863555908203
sub001-ses04-block8-game2_000::b0209,test/sub001/ses-04/sub001-ses04-block8-game2_000.npy,sub001,2,3,26,0,Short,0.8122522247274506,0.8122522247274506,0.9901074790668208,1.087415857784459,1.087415857784459,0.5695014181647848,0.5695014181647848,0.2407702662328587,0.12089451219399211,0.12089451219399211,0.6083967685699463,0.6083967685699463,0.0,0.0,0.0,0.0,0.0,0.0,0.0,0.0
sub001-ses04-block8-game2_000::b0210,test/sub001/ses-04/sub001-ses04-block8-game2_000.npy,sub001,2,3,26,0,Short,1.019324013146689,1.019324013146689,1.37527092663586,1.110698868287475,1.110698868287475,0.4394462516002082,0.4394462516002082,0.13880077482309228,0.19075697096193694,0.19075697096193694,0.7311275005340576,0.7311275005340576,1.1951597929000854,0.0,0.0,0.34274721145629883,0.34274721145629883,0.10708141326904297,0.0,0.0
sub001-ses04-block8-game2_000::b0211,test/sub001/ses-04/sub001-ses04-block8-game2_000.npy,sub001,2,4,26,0,Short,0.922228086397064,1.2099643845179657,1.269824566417755,1.269824566417755,1.1654482746769192,0.5360347344077675,0.05283964106007455,0.3092516393485776,0.3092516393485776,0.20851481753385875,0.0933384895324707,0.6759190559387207,0.0,0.0,2.532771348953247,0.015246152877807617,0.6188778877258301,0.0,0.0,0.3520393371582031
sub001-ses04-block8-game2_000::b0212,test/sub001/ses-04/sub001-ses04-block8-game2_000.npy,sub001,2,56,26,1,Long,0.38538785561627076,0.8553626191372676,0.7202715886414531,0.8679028116950561,0.6933897932380328,0.8591159631228539,0.618384949699767,0.7072354288307608,0.602631376575463,0.7356765735392518,0.0,0.0,3.4369561672210693,0.0,0.0,0.0,0.0,0.5771133899688721,0.0,0.0
sub001-ses04-block8-game2_000::b0213,test/sub001/ses-04/sub001-ses04-block8-game2_000.npy,sub001,2,8,26,0,Short,0.6900486680197533,0.9328153407890892,0.9404518754375006,0.9053526589970426,0.8171335840187401,0.5846281695090962,0.5370773722356466,0.5808109438149183,0.5163876562817968,0.5939372482324088,0.0,0.0,3.4790098667144775,3.5180399417877197,3.600130558013916,0.0,0.0,0.14757847785949707,0.02045416831970215,0.20429015159606934
sub001-ses04-block8-game2_000::b0214,test/sub001/ses-04/sub001-ses04-block8-game2_000.npy,sub001,2,8,26,0,Short,0.3387104014512407,0.9643869731314768,0.9102997355081496,1.032067928999533,0.9857515533836657,0.8825015368995842,0.4118108070922841,0.5169406109512409,0.4784423444420022,0.51889800557959,0.0,0.0,0.0,3.4545791149139404,4.1664628982543945,0.0,0.0,0.0,0.0,0.3726496696472168
sub001-ses04-block8-game2_000::b0215,test/sub001/ses-04/sub001-ses04-block8-game2_000.npy,sub001,2,7,26,0,Short,0.872678331571267,1.0983581301139405,1.0164109203023992,1.0315906315164256,1.0743816580620564,0.5033363100123145,0.126602482326528,0.44988937904909587,0.40660508433514914,0.33617689409362134,0.32287001609802246,0.029803752899169922,0.022915124893188477,4.118745803833008,4.170247554779053,0.15582942962646484,0.9492530822753906,0.7248544692993164,0.3500049114227295,0.2594630718231201
sub001-ses04-block8-game2_000::b0216,test/sub001/ses-04/sub001-ses04-block8-game2_000.npy,sub001,2,24,26,0,Short,0.9164982841271214,1.0249685060003937,1.0164044574391136,0.995110499882504,0.8671857870901089,0.47981072673825687,0.34345314254849046,0.25292570732298886,0.37138932268382235,0.4953538815684975,3.273637533187866,3.172645330429077,0.028858423233032227,3.30867075920105,3.315732955932617,0.11390399932861328,0.0457155704498291,0.8321366310119629,0.10135459899902344,0.11445999145507812
sub001-ses04-block8-game2_000::b0217,test/sub001/ses-04/sub001-ses04-block8-game2_000.npy,sub001,2,4,26,0,Short,0.8757754831690931,1.0835592785648067,1.036343331889465,1.036343331889465,0.9774522136216756,0.5115743188409358,0.11211055627615302,0.24382593477079673,0.24382593477079673,0.29354538220829995,4.049261093139648,0.0,3.7818260192871094,3.7818260192871094,0.0,0.43529701232910156,0.0,0.0657033920288086,0.0657033920288086,0.0
sub001-ses04-block8-game2_000::b0218,test/sub001/ses-04/sub001-ses04-block8-game2_000.npy,sub001,2,8,26,0,Short,0.8428693798427389,0.9134481249858516,1.0438140312966473,1.1286075713210468,0.9786333181505515,0.47399372000639683,0.4443015144847118,0.2498109743857066,0.2639186566130368,0.36494290683953257,3.563803195953369,0.0,3.9188590049743652,0.0,3.868598699569702,0.20776867866516113,0.0,0.4703633785247803,0.0,0.48441195487976074
sub001-ses04-block8-game2_000::b0219,test/sub001/ses-04/sub001-ses04-block8-game2_000.npy,sub001,2,10,26,0,Short,0.9845797449071924,0.9055382001434963,1.0567966262156436,1.0625333060670088,1.1011570069089178,0.4888581933608539,0.45484249857712195,0.23981522956911533,0.2732464642904524,0.2727749657423183,4.035650253295898,0.0,3.6943907737731934,0.0,0.0,0.8097343444824219,0.0,0.3095080852508545,0.0,0.0
sub001-ses04-block8-game2_000::b0220,test/sub001/ses-04/sub001-ses04-block8-game2_000.npy,sub001,2,4,26,0,Short,0.8580881305638913,1.1301158302571548,1.1755608575127028,1.1755608575127028,1.02588448150993,0.49521873703928554,0.2103246055778265,0.17903968947896493,0.17903968947896493,0.3040226916107403,3.071183681488037,0.0,2.1660289764404297,2.1660289764404297,0.3035264015197754,0.0,0.0,0.0,0.0,0.877718448638916
sub001-ses04-block8-game2_000::b0221,test/sub001/ses-04/sub001-ses04-block8-game2_000.npy,sub001,2,4,26,0,Short,0.928805647629573,1.2091643938646055,1.1467589041563517,1.1467589041563517,1.1109789339342961,0.5071273942383513,0.2029456469785514,0.13257801716199152,0.13257801716199152,0.29236041371944976,0.0,0.501917839050293,3.1906261444091797,3.1906261444091797,2.2822864055633545,0.0,0.5631735324859619,0.2965662479400635,0.2965662479400635,0.18986868858337402
sub001-ses04-block8-game2_001::b0001,test/sub001/ses-04/sub001-ses04-block8-game2_001.npy,sub001,2,18,26,0,Short,0.7874997197299274,0.5743414114576177,0.6278551015037456,0.6745302948401821,0.33315295132607237,0.1537939298742378,0.7841304351298936,0.7748919458086722,0.7330041690598761,0.8975459302999006,2.5821986198425293,0.0,2.6499569416046143,0.0,2.6147842407226562,0.11210775375366211,0.0,0.002051830291748047,0.0,0.1613907814025879
sub001-ses04-block8-game2_001::b0002,test/sub001/ses-04/sub001-ses04-block8-game2_001.npy,sub001,2,16,26,0,Short,0.8792864090370631,0.7636602205833108,0.5792300538733205,0.32254794796018393,0.6166022270411694,0.28632225246966264,0.7104841112871155,0.7992871204343382,0.9005245101350151,0.7612654618841587,0.0,2.648435115814209,0.0,0.0,0.2746763229370117,0.0,0.0020525455474853516,0.0,0.0,0.1780557632446289
sub001-ses04-block8-game2_001::b0003,test/sub001/ses-04/sub001-ses04-block8-game2_001.npy,sub001,2,24,26,0,Short,0.6875509642267389,0.6633698929277166,0.5317871792502883,0.6948754355044302,0.6567723335846034,0.5618496967632942,0.7466174857368645,0.8056103087064076,0.7077691518666538,0.7340703101693051,3.495398998260498,3.529452323913574,3.7170190811157227,0.19366931915283203,3.6754088401794434,0.0,0.3197951316833496,0.4814000129699707,0.35822319984436035,0.1829395294189453
sub001-ses04-block8-game2_001::b0004,test/sub001/ses-04/sub001-ses04-block8-game2_001.npy,sub001,2,9,26,0,Short,0.455837349726386,0.7235776160092157,0.7227725822583709,0.7508696345566269,0.7473876468598225,0.8234392934941608,0.7114344177639055,0.6961125975820182,0.6483884919869652,0.654781826904716,0.18824338912963867,3.4227192401885986,0.0,0.0,0.0,0.2858562469482422,0.04106450080871582,0.0,0.0,0.0
sub001-ses04-block8-game2_001::b0005,test/sub001/ses-04/sub001-ses04-block8-game2_001.npy,sub001,2,3,26,0,Short,0.6540152616201322,0.6540152616201322,0.6438170400501944,0.7253850577994456,0.7253850577994456,0.5868158036019959,0.5868158036019959,0.7464103491570784,0.6905530584540102,0.6905530584540102,0.0,0.0,0.049752235412597656,0.06369900703430176,0.06369900703430176,0.0,0.0,0.05404162406921387,0.030719995498657227,0.030719995498657227
sub001-ses04-block8-game2_001::b0006,test/sub001/ses-04/sub001-ses04-block8-game2_001.npy,sub001,2,16,26,0,Short,0.8465623198740538,0.6958083004935465,0.6046672077450879,0.5658744395365355,0.6374795798776881,0.4330226999908674,0.6903727274811569,0.7629362648203997,0.7823112201555026,0.7334389577542473,3.7538890838623047,0.0,0.0,0.0,3.7441518306732178,0.0,0.0,0.0,0.0,0.0
sub001-ses04-block8-game2_001::b0007,test/sub001/ses-04/sub001-ses04-block8-game2_001.npy,sub001,2,22,26,0,Short,0.6112180367368489,0.6908339079160349,0.7590917372483491,0.5714209990674259,0.6198505151803957,0.6396580338609634,0.6822208153521556,0.6616382777908926,0.7850668644739881,0.7627655864130145,0.2870204448699951,4.252607345581055,0.722236156463623,0.0912024974822998,0.0,0.6967179775238037,0.37608814239501953,1.088285207748413,0.21661901473999023,0.0
sub001-ses04-block8-game2_001::b0008,test/sub001/ses-04/sub001-ses04-block8-game2_001.npy,sub001,2,16,26,0,Short,0.9503512699945129,0.781777316852906,0.8140110946551159,0.7161645391288781,0.8282520874218082,0.15871007336394566,0.6099777269505225,0.5298889024526836,0.5964874788660985,0.5652452533966417,0.0,0.04234790802001953,0.0,5.117315292358398,0.1163325309753418,0.0,0.3895993232727051,0.0,0.5386552810668945,0.4334077835083008
sub001-ses04-block8-game2_001::b0009,test/sub001/ses-04/sub001-ses04-block8-game2_001.npy,sub001,2,12,26,0,Short,0.9183663778239726,0.776376687225191,0.7717753942001963,0.7294182853546299,0.7118732890848526,0.0054129486597951915,0.6039899227735213,0.6658369505458841,0.6240186821536791,0.6732450045015625,0.0,0.0,0.0,4.168907165527344,0.3524925708770752,0.0,0.0,0.0,0.1680746078491211,0.3702554702758789
sub001-ses04-block8-game2_001::b0010,test/sub001/ses-04/sub001-ses04-block8-game2_001.npy,sub001,2,14,26,0,Short,0.8267352869399588,0.9747932713439321,0.7880220485715482,0.8416932097966991,0.9037375560707578,0.4835358956297062,0.4220194048717063,0.6724839184668141,0.49856082820233893,0.5664303978293408,1.2325994968414307,0.0,0.0,4.804497718811035,4.884533405303955,1.0723967552185059,0.0,0.0,0.5650448799133301,0.44939279556274414
sub001-ses04-block8-game2_001::b0011,test/sub001/ses-04/sub001-ses04-block8-game2_001.npy,sub001,2,4,26,0,Short,0.8323360286317457,0.7544516736793986,0.8209981569435756,0.8209981569435756,0.8350331794831523,0.4677789119630613,0.6970717799986317,0.5304161701419243,0.5304161701419243,0.5750853428177248,0.0,3.9592173099517822,3.8684420585632324,3.8684420585632324,3.546448230743408,0.0,0.0,0.0,0.0,0.0
sub001-ses04-block8-game2_001::b0012,test/sub001/ses-04/sub001-ses04-block8-game2_001.npy,sub001,2,5,26,0,Short,0.8032441498573886,0.9971927082490151,0.9589058019511644,0.9699912245415585,1.031559431094392,0.5049662892732396,0.43322438368901217,0.4106179815364914,0.3140881139853796,0.3879755799712754,0.8016691207885742,5.085896968841553,4.787953853607178,0.0,0.743309497833252,0.12479686737060547,0.36564111709594727,0.04036998748779297,0.0,0.3056306838989258
sub001-ses04-block8-game2_001::b0013,test/sub001/ses-04/sub001-ses04-block8-game2_001.npy,sub001,2,4,26,0,Short,0.6872281864567711,0.9555444694714862,0.9555444694714862,0.9681714064326431,1.0291268180031181,0.5664382054132479,0.14483217036820267,0.14483217036820267,0.2282395416929912,0.29956610521548227,0.3257274627685547,0.11861944198608398,0.11861944198608398,1.1888434886932373,0.5815367698669434,0.443359375,0.50189208984375,0.50189208984375,0.423431396484375,0.2768440246582031
sub001-ses04-block8-game2_001::b0014,test/sub001/ses-04/sub001-ses04-block8-game2_001.npy,sub001,2,4,26,0,Short,0.8210432288397661,1.269989720107373,1.269989720107373,0.999741499844342,0.8652354786503695,0.564163999175215,0.13061749720371263,0.13061749720371263,0.2596301346214875,0.4338481762478079,0.0,0.0,0.0,4.7180891036987305,0.0,0.0,0.0,0.0,0.4812030792236328,0.0
sub001-ses04-block8-game2_001::b0015,test/sub001/ses-04/sub001-ses04-block8-game2_001.npy,sub001,2,3,26,0,Short,0.8292583925732774,0.9476684682354845,0.9476684682354845,0.9476684682354845,0.9701428277531824,0.49817621854023564,0.4235329804908248,0.4235329804908248,0.4235329804908248,0.28927948972973266,0.0,0.0,0.0,0.0,5.2374749183654785,0.0,0.0,0.0,0.0,0.6815533638000488
sub001-ses04-block8-game2_001::b0016,test/sub001/ses-04/sub001-ses04-block8-game2_001.npy,sub001,2,5,26,0,Short,0.7703285704046503,1.0857976792569795,1.0683579960848166,1.0534811562171167,0.9772243464306765,0.5320542486514132,0.3691282322600233,0.19792290606613128,0.35946141214428073,0.26198138951317856,5.290602207183838,0.0,4.25067663192749,0.10150909423828125,0.11339998245239258,0.7123689651489258,0.0,0.0,0.3614802360534668,0.0
sub001-ses04-block8-game2_001::b0017,test/sub001/ses-04/sub001-ses04-block8-game2_001.npy,sub001,2,3,26,0,Short,0.8268386167077636,1.0303670454275469,1.0303670454275469,1.0303670454275469,1.0382049712512802,0.4928865961022653,0.3157597698563028,0.3157597698563028,0.3157597698563028,0.23910808773558961,0.1268477439880371,0.6266670227050781,0.6266670227050781,0.6266670227050781,0.0,0.0,0.7687907218933105,0.7687907218933105,0.7687907218933105,0.0
sub001-ses04-block8-game2_001::b0018,test/sub001/ses-04/sub001-ses04-block8-game2_001.npy,sub001,2,3,26,0,Short,0.7995541066770833,0.7995541066770833,1.121314276179396,1.2505784359446412,1.2505784359446412,0.5343693227523475,0.5343693227523475,0.2075484948297841,0.21996607994320672,0.21996607994320672,0.5038390159606934,0.5038390159606934,0.011906147003173828,0.1844649314880371,0.1844649314880371,0.08733129501342773,0.08733129501342773,0.0,0.0,0.0
sub001-ses04-block8-game2_001::b0019,test/sub001/ses-04/sub001-ses04-block8-game2_001.npy,sub001,2,3,26,0,Short,0.8926298645903266,0.8926298645903266,1.134170636279336,1.0792872995742417,1.0792872995742417,0.48507101565249056,0.48507101565249056,0.11123506955093099,0.40840862656149346,0.40840862656149346,0.36554718017578125,0.36554718017578125,0.012683868408203125,4.96731424331665,4.96731424331665,0.0,0.0,0.5320768356323242,0.0,0.0
sub001-ses04-block8-game2_001::b0020,test/sub001/ses-04/sub001-ses04-block8-game2_001.npy,sub001,2,3,26,0,Short,0.742941670457005,0.9642694524826876,0.9642694524826876,0.9642694524826876,0.9706543604953033,0.5421315038432536,0.42715441162403633,0.42715441162403633,0.42715441162403633,0.40555639784801634,0.36266660690307617,0.06551837921142578,0.06551837921142578,0.06551837921142578,0.0,0.07081747055053711,0.4845852851867676,0.4845852851867676,0.4845852851867676,0.0
sub001-ses04-block8-game2_001::b0021,test/sub001/ses-04/sub001-ses04-block8-game2_001.npy,sub001,2,4,26,0,Short,0.7863571284203799,0.9979293051100656,0.9979293051100656,1.234957043411688,1.252830554385393,0.5293511743841033,0.40828229917938236,0.40828229917938236,0.1672751942141807,0.1285292440262289,4.458218097686768,0.0,0.0,4.872337341308594,0.3659501075744629,0.2602105140686035,0.0,0.0,0.6880917549133301,0.08148050308227539
sub001-ses04-block8-game2_001::b0022,test/sub001/ses-04/sub001-ses04-block8-game2_001.npy,sub001,2,4,26,0,Short,1.0471831650226853,1.3119146843489877,1.3119146843489877,1.127523894888944,1.3410426692408293,0.38300249347800597,0.22604036676282385,0.22604036676282385,0.13782926355798353,0.18873862165619415,0.0,0.0,0.0,4.874456405639648,4.909454822540283,0.0,0.0,0.0,0.9423251152038574,0.5347118377685547
sub001-ses04-block8-game2_001::b0023,test/sub001/ses-04/sub001-ses04-block8-game2_001.npy,sub001,2,4,26,0,Short,0.7745402108021704,1.2239246849348293,1.2239246849348293,1.1084417687722057,1.236630201147945,0.5170817203185529,0.38219544323913723,0.38219544323913723,0.1492462656286761,0.24944403265368104,4.558592319488525,3.552983283996582,3.552983283996582,0.3797190189361572,0.1326889991760254,0.49616479873657227,0.0,0.0,0.0,0.36540937423706055
sub001-ses04-block8-game2_001::b0024,test/sub001/ses-04/sub001-ses04-block8-game2_001.npy,sub001,2,3,26,0,Short,0.7999200925914485,1.1428852382964623,1.1428852382964623,1.1428852382964623,0.9852416185942392,0.5178777461228413,0.14155458627156914,0.14155458627156914,0.14155458627156914,0.2904616419897892,0.4867873191833496,4.371922969818115,4.371922969818115,4.371922969818115,0.0,0.18158388137817383,0.3115687370300293,0.3115687370300293,0.3115687370300293,0.0
sub001-ses04-block8-game2_001::b0025,test/sub001/ses-04/sub001-ses04-block8-game2_001.npy,sub001,2,4,26,0,Short,0.7791810167899872,1.0446965904550023,1.0446965904550023,1.066487805317612,1.063650890111376,0.5427746083235319,0.25598925910786713,0.25598925910786713,0.23331203338764872,0.24934636630586515,0.0020499229431152344,0.07377910614013672,0.07377910614013672,4.546081066131592,4.374322891235352,0.3798227310180664,0.0,0.0,0.523841381072998,0.005408287048339844
sub001-ses04-block8-game2_001::b0026,test/sub001/ses-04/sub001-ses04-block8-game2_001.npy,sub001,2,5,26,0,Short,0.7826003740407232,1.080747980428218,1.128167285392811,1.0543482706122569,1.0157666232383746,0.5478435012721907,0.23411846448366552,0.1356090455243702,0.21683668668025363,0.10698354185718106,4.474449634552002,0.48087310791015625,4.702739238739014,0.5345902442932129,0.3399531841278076,0.4554762840270996,0.0,0.698458194732666,0.0,0.27948975563049316
sub001-ses04-block8-game2_001::b0027,test/sub001/ses-04/sub001-ses04-block8-game2_001.npy,sub001,2,2,26,0,Short,0.9858079975688921,0.9858079975688921,0.9202539343629917,0.9202539343629917,0.9202539343629917,0.4881815747446463,0.4881815747446463,0.41252698963973994,0.41252698963973994,0.41252698963973994,0.008890151977539062,0.008890151977539062,4.566807270050049,4.566807270050049,4.566807270050049,0.4963498115539551,0.4963498115539551,0.3582296371459961,0.3582296371459961,0.3582296371459961
sub001-ses04-block8-game2_001::b0028,test/sub001/ses-04/sub001-ses04-block8-game2_001.npy,sub001,2,4,26,0,Short,0.814287817524807,0.9942090842497643,0.9942090842497643,0.9981619409517823,0.9950928991071764,0.5439023064730601,0.34991493780151794,0.34991493780151794,0.31597089734092637,0.4242485061563482,4.877616882324219,0.22990894317626953,0.22990894317626953,0.3829660415649414,0.0,0.393831729888916,0.6735787391662598,0.6735787391662598,0.0,0.0
sub001-ses04-block8-game2_001::b0029,test/sub001/ses-04/sub001-ses04-block8-game2_001.npy,sub001,2,11,26,0,Short,0.8829058338603325,0.8507103946806434,0.9293859354201449,0.9231661707506434,1.0876980859861496,0.5032790996922359,0.5165110078346853,0.47506556480293605,0.5749769191914903,0.4908281728376926,4.039845943450928,0.036757469177246094,0.0,3.320688247680664,3.4509878158569336,0.4330604076385498,0.0,0.0,0.0,0.022962093353271484
sub001-ses04-block8-game2_001::b0030,test/sub001/ses-04/sub001-ses04-block8-game2_001.npy,sub001,2,9,26,0,Short,0.8846078386695333,0.9280803969854592,1.0082839920549806,0.9303862096839234,0.9269652039486239,0.47208804807393456,0.48780759437207377,0.39763695404524696,0.48212194375936773,0.45585608113388715,0.0,0.05518031120300293,0.0,3.552635431289673,0.0,0.0,0.0,0.0,0.14868927001953125,0.0
sub001-ses04-block8-game2_001::b0031,test/sub001/ses-04/sub001-ses04-block8-game2_001.npy,sub001,2,11,26,0,Short,0.25548637737024277,0.8732717719748386,0.9377962531489601,0.7078780529087914,0.8630816854761425,0.909539649259481,0.6330213240917145,0.5305509630012941,0.7029212857313729,0.5782505296076939,0.0,0.0,0.0,0.0,3.7434041500091553,0.0,0.0,0.0,0.0,0.034691572189331055
sub001-ses04-block8-game2_001::b0032,test/sub001/ses-04/sub001-ses04-block8-game2_001.npy,sub001,2,15,26,0,Short,0.894227276621835,0.7958067924885643,0.8879429645813466,0.9378589922708891,0.7469373942301546,0.5000538560591068,0.6447211021714396,0.5647466087092043,0.528336625166602,0.6952160824010163,0.0,3.618756055831909,0.0,3.727975368499756,0.12045431137084961,0.0,0.09932374954223633,0.0,0.07085108757019043,0.0
sub001-ses04-block8-game2_001::b0033,test/sub001/ses-04/sub001-ses04-block8-game2_001.npy,sub001,2,8,26,0,Short,0.6025236372491087,0.9381726173176084,0.8095273039597783,0.7833147758153617,0.8289260408571746,0.7364235974682324,0.532716857915433,0.5810092694032218,0.6001196905067158,0.6207265344121506,0.0,4.364860534667969,4.142604827880859,4.6893391609191895,0.0,0.0,0.10223960876464844,0.0,0.7153525352478027,0.0
sub001-ses04-block8-game2_001::b0034,test/sub001/ses-04/sub001-ses04-block8-game2_001.npy,sub001,2,18,26,0,Short,0.4932279101100695,0.8454114058006919,1.0022157288023277,1.0049394325244143,0.9145736411386011,0.7632476318381317,0.5649131430544949,0.4472901706045561,0.4529524361140498,0.4349713931572802,0.5892601013183594,3.8000922203063965,0.0,4.543381214141846,0.0,0.42733335494995117,0.0,0.0,0.3282175064086914,0.0
sub001-ses04-block8-game2_001::b0035,test/sub001/ses-04/sub001-ses04-block8-game2_001.npy,sub001,2,16,26,0,Short,0.6138922064868305,0.8332081356326198,0.8002833174213271,0.8254884870513425,0.9642616209110926,0.6747874458224785,0.5761507490356785,0.5831386989019735,0.5986713228102347,0.3804788799067678,0.0,0.0,0.0,3.765435218811035,0.0,0.0,0.0,0.0,0.0,0.0
sub001-ses04-block8-game2_001::b0036,test/sub001/ses-04/sub001-ses04-block8-game2_001.npy,sub001,2,13,26,0,Short,0.745294048948682,0.8778972682928573,0.8705220508784787,1.1150348210807577,1.0744724905369056,0.5440778981011432,0.5203421404939303,0.4971966138576956,0.2872069718296345,0.4069887021569903,0.12252664566040039,3.0511162281036377,4.78140926361084,0.0,0.6296670436859131,0.03653287887573242,0.0,0.0,0.0,0.0
sub001-ses04-block8-game2_001::b0037,test/sub001/ses-04/sub001-ses04-block8-game2_001.npy,sub001,2,4,26,0,Short,0.9275140337565422,0.9151304061922678,0.9151304061922678,1.0257668703598688,0.7829920329534834,0.38377155009425523,0.4474999256346853,0.4474999256346853,0.3555289835812708,0.5871505471308962,0.0,5.1581950187683105,5.1581950187683105,0.5140852928161621,0.0,0.0,0.06012392044067383,0.06012392044067383,0.0,0.0
sub001-ses04-block8-game2_001::b0038,test/sub001/ses-04/sub001-ses04-block8-game2_001.npy,sub001,2,2,26,0,Short,0.7384772039976036,0.7384772039976036,0.940498257267354,0.940498257267354,0.940498257267354,0.5366631439678546,0.5366631439678546,0.40080151008280357,0.40080151008280357,0.40080151008280357,4.874077796936035,4.874077796936035,0.07506561279296875,0.07506561279296875,0.07506561279296875,0.27520132064819336,0.27520132064819336,0.36972475051879883,0.36972475051879883,0.36972475051879883
sub001-ses04-block8-game2_001::b0039,test/sub001/ses-04/sub001-ses04-block8-game2_001.npy,sub001,2,5,26,0,Short,0.7994702088397887,0.9456380426166299,0.8596819193508752,0.9182261874339697,0.8480602303247404,0.4296376121683429,0.2787900247818661,0.4590893664808744,0.35010590109166195,0.447789309836216,0.0,5.446249008178711,5.418440818786621,0.0,5.226436138153076,0.0,0.4557642936706543,0.08856964111328125,0.0,0.43254566192626953
sub001-ses04-block8-game2_001::b0040,test/sub001/ses-04/sub001-ses04-block8-game2_001.npy,sub001,2,4,26,0,Short,0.673619052795288,0.8559378348242855,0.8559378348242855,0.8368898920060838,0.9489599023812408,0.5636746141476635,0.4265249550833939,0.4265249550833939,0.4184169614237316,0.31629682113621843,0.024749279022216797,5.6883769035339355,5.6883769035339355,4.910948276519775,0.0,0.44103050231933594,0.6503353118896484,0.6503353118896484,0.0,0.0
sub001-ses04-block8-game2_001::b0041,test/sub001/ses-04/sub001-ses04-block8-game2_001.npy,sub001,2,3,26,0,Short,0.6969860344696405,0.6969860344696405,1.067321135107996,0.9698562008004827,0.9698562008004827,0.5156941576797573,0.5156941576797573,0.439121668525548,0.4806540726643068,0.4806540726643068,5.6546783447265625,5.6546783447265625,0.0,5.2521514892578125,5.2521514892578125,0.2684788703918457,0.2684788703918457,0.0,0.0,0.0
sub001-ses04-block8-game2_001::b0042,test/sub001/ses-04/sub001-ses04-block8-game2_001.npy,sub001,2,4,26,0,Short,0.7870654170197904,0.9287942689364755,0.9292272522326361,0.9292272522326361,0.9378488789023173,0.4784571397170402,0.41143576544701727,0.2784756989519418,0.2784756989519418,0.4053877011853911,0.12101364135742188,0.6188244819641113,0.01532745361328125,0.01532745361328125,0.13154888153076172,0.0,0.4122791290283203,0.07421398162841797,0.07421398162841797,0.735964298248291
sub001-ses04-block8-game2_001::b0043,test/sub001/ses-04/sub001-ses04-block8-game2_001.npy,sub001,2,3,26,0,Short,1.0282884968802577,0.9149508480789319,0.9149508480789319,0.9149508480789319,0.9137795106653305,0.40088583309928316,0.36802792788328975,0.36802792788328975,0.36802792788328975,0.39041766148141016,0.0,0.6056656837463379,0.6056656837463379,0.6056656837463379,5.444903373718262,0.0,0.05039215087890625,0.05039215087890625,0.05039215087890625,0.1490154266357422
sub001-ses04-block8-game2_001::b0044,test/sub001/ses-04/sub001-ses04-block8-game2_001.npy,sub001,2,4,26,0,Short,0.8673154624395029,0.7561530697179216,0.7561530697179216,1.1139855163358803,1.1771968490989706,0.48942289015568274,0.5372611612817626,0.5372611612817626,0.059735342464787344,0.39224056840892546,0.0,4.657700538635254,4.657700538635254,0.0,4.851030349731445,0.0,0.0,0.0,0.0,0.0
sub001-ses04-block8-game2_001::b0045,test/sub001/ses-04/sub001-ses04-block8-game2_001.npy,sub001,2,4,26,0,Short,0.8066415274739542,0.9648816246806495,0.9648816246806495,0.9723942912181138,0.8344531665487224,0.45328140164730246,0.3294047818003095,0.3294047818003095,0.3199594694883099,0.40374640574696996,5.389967918395996,5.211844444274902,5.211844444274902,5.568471431732178,5.121685981750488,0.4180121421813965,0.0,0.0,0.5958685874938965,0.029581546783447266
sub001-ses04-block8-game2_001::b0047,test/sub001/ses-04/sub001-ses04-block8-game2_001.npy,sub001,2,4,26,0,Short,0.7066409080263908,0.9728451506587772,0.9728451506587772,0.9820216150274927,0.9946435515224991,0.5629016271803359,0.2352508216938845,0.2352508216938845,0.1429928256799219,0.25139881837822853,5.257627010345459,0.1147918701171875,0.1147918701171875,5.773778438568115,0.0,0.0,0.5565023422241211,0.5565023422241211,0.20426368713378906,0.0
sub001-ses04-block8-game2_001::b0048,test/sub001/ses-04/sub001-ses04-block8-game2_001.npy,sub001,2,2,26,0,Short,1.0234901452730116,1.0234901452730116,0.9938088069685481,0.9938088069685481,0.9938088069685481,0.438985193662631,0.438985193662631,0.07744613732175215,0.07744613732175215,0.07744613732175215,4.523706912994385,4.523706912994385,4.571074485778809,4.571074485778809,4.571074485778809,0.4279623031616211,0.4279623031616211,0.3782181739807129,0.3782181739807129,0.3782181739807129
sub001-ses04-block8-game2_001::b0049,test/sub001/ses-04/sub001-ses04-block8-game2_001.npy,sub001,2,6,26,0,Short,0.7892067619320171,0.9641467550589494,1.0247534624062977,1.0469965925882274,1.047285405303007,0.5521168006025992,0.30710638851477917,0.4109312164181268,0.2714589382636546,0.33404754936184683,4.377781391143799,0.0,0.0,0.015569925308227539,4.314114570617676,0.2785358428955078,0.0,0.0,0.0,0.10757970809936523
sub001-ses04-block8-game2_001::b0050,test/sub001/ses-04/sub001-ses04-block8-game2_001.npy,sub001,2,26,26,1,Long,0.9389078223652131,0.9935681087629541,1.0184047924432988,1.1029772245281748,1.0001372537454776,0.507711224345844,0.3312912801482125,0.20953468979553763,0.29611305339911237,0.2579604801784171,3.8344943523406982,0.0,0.34909963607788086,3.2737221717834473,0.0,0.2444159984588623,0.0,0.5715041160583496,0.0,0.0
sub001-ses04-block8-game2_001::b0051,test/sub001/ses-04/sub001-ses04-block8-game2_001.npy,sub001,2,24,26,0,Short,1.0015308183266936,1.0342032347669878,0.9132014715300161,1.1413634639703587,0.9566208746214471,0.45531973508471557,0.24190432076525425,0.5142747792496992,0.19453253194563608,0.48581112740534116,0.03694605827331543,3.255742073059082,2.922926902770996,2.8330535888671875,1.769338607788086,0.0,0.4219982624053955,0.0,0.0,0.0
sub001-ses04-block8-game2_001::b0052,test/sub001/ses-04/sub001-ses04-block8-game2_001.npy,sub001,2,9,26,0,Short,0.4887306595271042,0.8491811817472407,0.823876475547893,0.8686947224876911,0.8889590257148295,0.8118396823181466,0.6242477846831761,0.6411583435932957,0.6149300696810283,0.6005468194800467,0.10099411010742188,4.094430446624756,0.2037975788116455,3.7989325523376465,0.0,0.35486841201782227,0.15077710151672363,0.22256827354431152,0.20389986038208008,0.0
sub001-ses04-block8-game2_001::b0053,test/sub001/ses-04/sub001-ses04-block8-game2_001.npy,sub001,2,21,26,0,Short,0.7785072463764257,0.9049020844943709,0.9032710932216063,0.9085463854668703,0.86072197385778,0.5740858942980319,0.5065068522215901,0.47473813593366176,0.46039629729646087,0.5539655918235514,0.0,4.31244421005249,0.0,0.43553996086120605,3.969954013824463,0.0,0.15180635452270508,0.0,0.1457052230834961,0.17147111892700195
sub001-ses04-block8-game2_001::b0054,test/sub001/ses-04/sub001-ses04-block8-game2_001.npy,sub001,2,4,26,0,Short,0.9458326437771225,0.8907226215896279,0.8907226215896279,0.8623833008545106,0.9381705853270087,0.42849533790943245,0.29790565915204975,0.29790565915204975,0.2805702076809491,0.3623691583478338,0.0,4.096715927124023,4.096715927124023,0.0,4.267468452453613,0.0,0.0,0.0,0.0,0.11608505249023438
sub001-ses04-block8-game2_001::b0055,test/sub001/ses-04/sub001-ses04-block8-game2_001.npy,sub001,2,10,26,0,Short,0.817097048001538,0.9247967133070526,0.9215611938440523,1.0483275907168184,0.9917991120181777,0.4781180518192971,0.41513646709179003,0.3304631481148728,0.328027696120029,0.34310552189612026,4.089969158172607,4.040848255157471,3.9188015460968018,0.0,0.4031648635864258,0.0,0.0,0.0,0.0,0.0
sub001-ses04-block8-game2_001::b0056,test/sub001/ses-04/sub001-ses04-block8-game2_001.npy,sub001,2,4,26,0,Short,0.7167984841852018,0.8877059578774394,0.8877059578774394,0.8207485078699583,1.0605721263482901,0.6292423407402348,0.2908514983974425,0.2908514983974425,0.34335313760429376,0.22981102855160912,3.6343283653259277,0.3622574806213379,0.3622574806213379,0.09646439552307129,0.19077253341674805,0.0,0.03544425964355469,0.03544425964355469,0.0,0.0
sub001-ses04-block8-game2_001::b0057,test/sub001/ses-04/sub001-ses04-block8-game2_001.npy,sub001,2,3,26,0,Short,0.7463574587652427,0.8500164979870216,0.8500164979870216,0.8500164979870216,0.999739678209627,0.5781259995486638,0.3495319668977124,0.3495319668977124,0.3495319668977124,0.326145998310829,0.10358476638793945,0.03244733810424805,0.03244733810424805,0.03244733810424805,0.5752191543579102,0.0,0.37960338592529297,0.37960338592529297,0.37960338592529297,0.15189504623413086
sub001-ses04-block8-game2_001::b0058,test/sub001/ses-04/sub001-ses04-block8-game2_001.npy,sub001,2,4,26,0,Short,0.8669536865786516,0.9745480362830301,0.9745480362830301,0.9242771232503442,0.9755867870888592,0.4894478550018735,0.234750611221762,0.234750611221762,0.26766054129759337,0.19342846727363733,0.0,0.0,0.0,0.0,4.617470741271973,0.0,0.0,0.0,0.0,0.4200277328491211
sub001-ses04-block8-game2_001::b0059,test/sub001/ses-04/sub001-ses04-block8-game2_001.npy,sub001,2,6,26,0,Short,0.7835155537344136,1.0121822604040152,1.0175490607299549,0.928714208447498,1.007837085596105,0.5515328231923278,0.1757566210206628,0.06649495994760785,0.08636426106516859,0.22369355333625307,4.629613876342773,0.3390235900878906,4.8568267822265625,4.8229660987854,0.0,0.0,0.5805225372314453,0.49730920791625977,0.06818199157714844,0.0
sub001-ses04-block8-game2_001::b0060,test/sub001/ses-04/sub001-ses04-block8-game2_001.npy,sub001,2,8,26,0,Short,0.5510777789430275,0.9865395687234078,0.8258966829323429,0.8760703898087948,0.8369651035925567,0.777508234775278,0.5710741184504741,0.6696224448082182,0.5954915564221188,0.6248869511894792,3.8749420642852783,0.2141106128692627,0.1662750244140625,0.0,3.934074878692627,0.07445526123046875,0.10214853286743164,0.4559779167175293,0.0,0.0
sub001-ses04-block8-game2_001::b0061,test/sub001/ses-04/sub001-ses04-block8-game2_001.npy,sub001,2,16,26,0,Short,0.8893962635974537,0.8781750156811738,1.0528296639091121,0.93116382368747,0.986732375950774,0.5280418038575492,0.49852768923718255,0.4318090575221096,0.5217138856457625,0.43637439918874943,0.0,0.0,0.09793853759765625,0.0,0.0,0.0,0.0,0.22268390655517578,0.0,0.0
sub001-ses04-block8-game2_001::b0062,test/sub001/ses-04/sub001-ses04-block8-game2_001.npy,sub001,2,2,26,0,Short,1.1972957945208877,1.1972957945208877,0.9827451298194645,0.9827451298194645,0.9827451298194645,0.3027640782450148,0.3027640782450148,0.13771914935656338,0.13771914935656338,0.13771914935656338,0.023419857025146484,0.023419857025146484,0.0,0.0,0.0,0.7083783149719238,0.7083783149719238,0.0,0.0,0.0
sub001-ses04-block8-game2_001::b0063,test/sub001/ses-04/sub001-ses04-block8-game2_001.npy,sub001,2,3,26,0,Short,0.7953500626864326,0.7953500626864326,0.9807503735678638,0.963590584366123,0.963590584366123,0.5778428947808485,0.5778428947808485,0.03011861938803584,0.014737188907570253,0.014737188907570253,0.0,0.0,0.0,0.0,0.0,0.0,0.0,0.0,0.0,0.0
sub001-ses04-block8-game2_001::b0064,test/sub001/ses-04/sub001-ses04-block8-game2_001.npy,sub001,2,4,26,0,Short,0.8119283359298161,1.0297995136854323,1.0297995136854323,1.0335254065256543,1.1163869780558373,0.5686986984324172,0.1509388102700301,0.1509388102700301,0.08818741629436644,0.05165033978482253,0.03709840774536133,1.554938554763794,1.554938554763794,3.7443764209747314,0.0,0.2649412155151367,0.5526800155639648,0.5526800155639648,0.07848358154296875,0.0
sub001-ses04-block8-game2_001::b0065,test/sub001/ses-04/sub001-ses04-block8-game2_001.npy,sub001,2,3,26,0,Short,0.8792473886088759,1.1641395464580317,1.1641395464580317,1.1641395464580317,1.0126780376591193,0.5511190087182741,0.10164982853292837,0.10164982853292837,0.10164982853292837,0.0553474257367606,0.09205150604248047,4.399184226989746,4.399184226989746,4.399184226989746,4.507144927978516,0.18802213668823242,0.34902000427246094,0.34902000427246094,0.34902000427246094,0.30251646041870117
sub001-ses04-block8-game2_001::b0066,test/sub001/ses-04/sub001-ses04-block8-game2_001.npy,sub001,2,5,26,0,Short,0.7344360370070552,1.0112605547875975,1.041337949421496,1.2644981648254352,1.0842245660861785,0.5949721510281558,0.05354428301939573,0.06945366971068428,0.2909244949746036,0.027050326744252395,4.591930866241455,4.281455039978027,4.01359224319458,0.0,3.944711208343506,0.49578428268432617,0.14372682571411133,0.0,0.0,0.0
sub001-ses04-block8-game2_001::b0067,test/sub001/ses-04/sub001-ses04-block8-game2_001.npy,sub001,2,2,26,0,Short,0.7543233036739126,0.7543233036739126,1.041272066906491,1.041272066906491,1.041272066906491,0.6109950640933758,0.6109950640933758,0.02020405355337923,0.02020405355337923,0.02020405355337923,0.20288801193237305,0.20288801193237305,4.414623260498047,4.414623260498047,4.414623260498047,0.7966532707214355,0.7966532707214355,0.032392024993896484,0.032392024993896484,0.032392024993896484
sub001-ses04-block8-game2_001::b0068,test/sub001/ses-04/sub001-ses04-block8-game2_001.npy,sub001,2,3,26,0,Short,0.7826752751255515,1.0709109896090832,1.0709109896090832,1.0709109896090832,1.119464902000001,0.5310758746518764,0.05649277472851161,0.05649277472851161,0.05649277472851161,0.028203732208865295,0.5311069488525391,4.359360218048096,4.359360218048096,4.359360218048096,0.02900218963623047,0.47173643112182617,0.5673465728759766,0.5673465728759766,0.5673465728759766,0.6156001091003418
sub001-ses04-block8-game2_001::b0069,test/sub001/ses-04/sub001-ses04-block8-game2_001.npy,sub001,2,4,26,0,Short,0.8071153279426746,1.0897527108704055,1.0897527108704055,1.011890538779593,1.01833673940759,0.5825135639438299,0.04380744519271301,0.04380744519271301,0.020940918756802207,0.020004156736321943,0.0,0.0,0.0,0.08407783508300781,0.0,0.0,0.0,0.0,0.0,0.0
sub001-ses04-block8-game2_001::b0070,test/sub001/ses-04/sub001-ses04-block8-game2_001.npy,sub001,2,4,26,0,Short,0.8077093439310811,1.116563760144969,1.1689489860035935,1.1689489860035935,1.1370872396124487,0.5961714044117192,0.09651248444469873,0.05490172455069248,0.05490172455069248,0.13184469716220798,4.387433052062988,0.0,0.0,0.0,2.804976463317871,0.536651611328125,0.0,0.0,0.0,0.0
sub001-ses04-block8-game2_001::b0071,test/sub001/ses-04/sub001-ses04-block8-game2_001.npy,sub001,2,2,26,0,Short,0.7651353296082647,0.7651353296082647,1.1561788951481409,1.1561788951481409,1.1561788951481409,0.5724832580900969,0.5724832580900969,0.05290258279640381,0.05290258279640381,0.05290258279640381,0.18387365341186523,0.18387365341186523,0.0,0.0,0.0,0.5098187923431396,0.5098187923431396,0.0,0.0,0.0
sub001-ses04-block8-game2_001::b0072,test/sub001/ses-04/sub001-ses04-block8-game2_001.npy,sub001,2,3,26,0,Short,0.7344394793974249,0.9786507126472741,0.9786507126472741,0.9786507126472741,1.035321314809145,0.6001911017645039,0.0015529419979204429,0.0015529419979204429,0.0015529419979204429,0.06120384405730295,3.5574960708618164,0.28322887420654297,0.28322887420654297,0.28322887420654297,0.0,0.0,0.6005799770355225,0.6005799770355225,0.6005799770355225,0.0
sub001-ses04-block8-game2_001::b0073,test/sub001/ses-04/sub001-ses04-block8-game2_001.npy,sub001,2,3,26,0,Short,0.8447844634013364,0.8447844634013364,0.9096214476946676,1.303937473492848,1.303937473492848,0.5635872839377227,0.5635872839377227,0.4660277303298227,0.19703479799851753,0.19703479799851753,3.4381890296936035,3.4381890296936035,3.447770595550537,3.50117564201355,3.50117564201355,0.44362378120422363,0.44362378120422363,0.3937528133392334,0.2071831226348877,0.2071831226348877
sub001-ses04-block8-game2_001::b0074,test/sub001/ses-04/sub001-ses04-block8-game2_001.npy,sub001,2,4,26,0,Short,0.9063602145449252,1.1683088338427412,1.0861123083388216,1.0861123083388216,1.1522489818696895,0.4750520284182006,0.0769258602297126,0.28540797590072287,0.28540797590072287,0.18151606333139986,3.372659206390381,3.413895845413208,0.2490835189819336,0.2490835189819336,1.3682875633239746,0.13618922233581543,0.167633056640625,0.1932237148284912,0.1932237148284912,0.2152550220489502
sub001-ses04-block8-game2_001::b0075,test/sub001/ses-04/sub001-ses04-block8-game2_001.npy,sub001,2,2,26,0,Short,0.8454807465228532,0.8454807465228532,1.094503236194346,1.094503236194346,1.094503236194346,0.5371684046770555,0.5371684046770555,0.0544498771156669,0.0544498771156669,0.0544498771156669,3.2645740509033203,3.2645740509033203,3.1417393684387207,3.1417393684387207,3.1417393684387207,0.24800634384155273,0.24800634384155273,0.06584787368774414,0.06584787368774414,0.06584787368774414
sub001-ses04-block8-game2_001::b0076,test/sub001/ses-04/sub001-ses04-block8-game2_001.npy,sub001,2,2,26,0,Short,0.8490436255556002,0.8490436255556002,1.2000923893955628,1.2000923893955628,1.2000923893955628,0.5713503047892484,0.5713503047892484,0.2264233290550552,0.2264233290550552,0.2264233290550552,0.0,0.0,0.0,0.0,0.0,0.0,0.0,0.0,0.0,0.0
sub001-ses04-block8-game2_001::b0077,test/sub001/ses-04/sub001-ses04-block8-game2_001.npy,sub001,2,5,26,0,Short,0.7991662284718976,1.3103964349154416,1.2431126739717366,1.2463002185897154,1.3767541526958242,0.5979034048602648,0.20718691923484184,0.04100839833366976,0.16520454116255673,0.20791092157117827,0.6157004833221436,0.0,0.0,0.13177895545959473,3.2583796977996826,0.9603493213653564,0.0,0.0,0.08106207847595215,0.3018174171447754
sub001-ses04-block8-game2_001::b0078,test/sub001/ses-04/sub001-ses04-block8-game2_001.npy,sub001,2,8,26,0,Short,0.8983730883965843,1.0845540705572132,1.192104218957017,1.11785998185467,1.0837291989837439,0.4545296727447735,0.15891011243250885,0.10296201419982998,0.15499228881047122,0.19458358522486707,3.8148937225341797,0.0,0.0,0.10009217262268066,0.0,0.49391746520996094,0.0,0.0,0.0,0.0
sub001-ses04-block8-game2_001::b0079,test/sub001/ses-04/sub001-ses04-block8-game2_001.npy,sub001,2,8,26,0,Short,0.6093468933332906,1.0661381727502484,0.8829738488758874,0.9186279127200422,0.9007451775593368,0.7444809252609688,0.5009177731650863,0.5812900637661349,0.5498868985258861,0.5722187501904792,0.1398482322692871,0.3345005512237549,3.6460635662078857,3.7146642208099365,0.004502534866333008,0.40670299530029297,0.3290989398956299,0.7048230171203613,0.6148681640625,0.24512100219726562
sub001-ses04-block8-game2_001::b0080,test/sub001/ses-04/sub001-ses04-block8-game2_001.npy,sub001,2,14,26,0,Short,0.9391393849954521,0.8844768330770989,0.8627815113155792,0.9554853414405553,0.8959756792904088,0.4521615820865545,0.5186324074670005,0.5487012356348806,0.4751030433133129,0.4789356980708459,3.653712272644043,0.009525060653686523,3.7426562309265137,3.6004984378814697,4.0279669761657715,0.08263278007507324,0.33661699295043945,0.08316516876220703,0.004201412200927734,0.3456144332885742
sub001-ses04-block8-game2_001::b0082,test/sub001/ses-04/sub001-ses04-block8-game2_001.npy,sub001,2,4,26,0,Short,0.8487321523453513,0.7366523450024918,0.7366523450024918,0.9432800585363511,0.8654554482990613,0.5287414030491675,0.6434067677979315,0.6434067677979315,0.41940534676652613,0.5211796311990806,0.018826007843017578,3.856137275695801,3.856137275695801,0.31254053115844727,3.654082775115967,0.1002199649810791,0.5927956104278564,0.5927956104278564,0.6016430854797363,0.9541597366333008
sub001-ses04-block8-game2_001::b0083,test/sub001/ses-04/sub001-ses04-block8-game2_001.npy,sub001,2,8,26,0,Short,0.6651362961275108,1.000594647977799,0.8581149649048492,0.9594740645882917,0.8534536644297069,0.6906657966640685,0.44904844882053113,0.5309476369762356,0.5318748990721293,0.5417563297490684,0.1412367820739746,0.0,0.0,3.652294397354126,0.09762859344482422,0.08538532257080078,0.0,0.0,0.0,0.448486328125
sub001-ses04-block8-game2_001::b0084,test/sub001/ses-04/sub001-ses04-block8-game2_001.npy,sub001,2,2,26,0,Short,0.9453957618641351,0.9453957618641351,1.0824641020220127,1.0824641020220127,1.0824641020220127,0.3861903231604136,0.3861903231604136,0.33036358441263,0.33036358441263,0.33036358441263,0.0,0.0,0.20985054969787598,0.20985054969787598,0.20985054969787598,0.0,0.0,0.0408015251159668,0.0408015251159668,0.0408015251159668
sub001-ses04-block8-game2_001::b0085,test/sub001/ses-04/sub001-ses04-block8-game2_001.npy,sub001,2,4,26,0,Short,0.8982991712279332,1.1014394154110883,1.1014394154110883,0.9727711987188398,0.9303187108803608,0.4329312666558641,0.2702445791663797,0.2702445791663797,0.4322314722147558,0.4306842268586737,0.1989879608154297,0.0,0.0,3.6501147747039795,0.3073561191558838,0.3145561218261719,0.0,0.0,0.060698509216308594,0.20662879943847656
sub001-ses04-block8-game2_001::b0086,test/sub001/ses-04/sub001-ses04-block8-game2_001.npy,sub001,2,6,26,0,Short,0.8453707755286264,1.061607007773126,1.0979121778890115,1.0728365752064055,1.0561863154356728,0.5225202751522475,0.2757914534890305,0.1692914303103366,0.28970457826105317,0.3324121801617917,0.03327584266662598,3.5818874835968018,0.0,0.0,0.0,0.4014763832092285,0.0,0.0,0.0,0.0
sub001-ses04-block8-game2_001::b0087,test/sub001/ses-04/sub001-ses04-block8-game2_001.npy,sub001,2,4,26,0,Short,0.9020919375376834,1.0860122521655513,1.0860122521655513,0.996951993981013,1.0474362622967925,0.47477786019198576,0.19570114942293082,0.19570114942293082,0.33582128022709745,0.2763141657645979,0.0,3.499440908432007,3.499440908432007,3.3131070137023926,0.0,0.0,0.24994564056396484,0.24994564056396484,0.0,0.0
sub001-ses04-block8-game2_001::b0088,test/sub001/ses-04/sub001-ses04-block8-game2_001.npy,sub001,2,3,26,0,Short,0.8585582942077634,0.9812258672817029,0.9812258672817029,0.9812258672817029,1.0256627485451852,0.5383100649577054,0.3467655711502715,0.3467655711502715,0.3467655711502715,0.3214161672601519,4.032382011413574,0.12897396087646484,0.12897396087646484,0.12897396087646484,0.0045185089111328125,0.4475395679473877,0.172255277633667,0.172255277633667,0.172255277633667,0.9172735214233398
sub001-ses04-block8-game2_001::b0089,test/sub001/ses-04/sub001-ses04-block8-game2_001.npy,sub001,2,2,26,0,Short,0.8592513710235659,0.8592513710235659,1.0503125237533961,1.0503125237533961,1.0503125237533961,0.5197179546702396,0.5197179546702396,0.3071732227221508,0.3071732227221508,0.3071732227221508,3.1856322288513184,3.1856322288513184,3.847029447555542,3.847029447555542,3.847029447555542,0.0,0.0,0.5696680545806885,0.5696680545806885,0.5696680545806885
sub001-ses04-block8-game2_001::b0090,test/sub001/ses-04/sub001-ses04-block8-game2_001.npy,sub001,2,4,26,0,Short,1.167896190835066,1.4075124505050924,1.4075124505050924,0.9558944780036646,1.4475072729262646,0.24848434805793185,0.17955302080554142,0.17955302080554142,0.47846905018250946,0.07997156436369618,0.0,0.08667469024658203,0.08667469024658203,0.0,0.11632823944091797,0.0,0.7793858051300049,0.7793858051300049,0.0,0.16436338424682617
sub001-ses04-block8-game2_001::b0091,test/sub001/ses-04/sub001-ses04-block8-game2_001.npy,sub001,2,3,26,0,Short,0.9762948299014583,0.9762948299014583,1.2199932050841977,1.0877025981670494,1.0877025981670494,0.45096425625733283,0.45096425625733283,0.10299953468780282,0.37517991775753845,0.37517991775753845,3.733952760696411,3.733952760696411,3.7200074195861816,3.0620810985565186,3.0620810985565186,0.6338889598846436,0.6338889598846436,0.5824878215789795,0.0,0.0
sub001-ses04-block8-game2_001::b0092,test/sub001/ses-04/sub001-ses04-block8-game2_001.npy,sub001,2,19,26,0,Short,0.8796333620504129,1.1436633829140639,1.0957162338589075,1.2340741863850875,1.0142966206830812,0.5024752287282458,0.10327569926386049,0.21931183701331658,0.11897555463130366,0.22916890032272935,0.0,0.0,2.862910509109497,0.0,0.26209354400634766,0.0,0.0,0.1998274326324463,0.0,0.1826770305633545
sub001-ses04-block8-game2_001::b0093,test/sub001/ses-04/sub001-ses04-block8-game2_001.npy,sub001,2,8,26,0,Short,0.485878947802951,0.9295740197592974,1.0854110434490865,1.048248862270172,1.0660240263249823,0.8144125157775531,0.4403040812149218,0.4068939844729198,0.32078457160427315,0.2683325334145556,0.0,3.3956048488616943,0.0,0.0,0.0,0.0,0.0833597183227539,0.0,0.0,0.0
sub001-ses04-block8-game2_001::b0094,test/sub001/ses-04/sub001-ses04-block8-game2_001.npy,sub001,2,28,26,1,Long,1.1287974251536954,1.0820724941794746,1.0802504957287062,1.0680862796681583,1.0273431879238646,0.32779101402750155,0.2075324057754429,0.15182313644075096,0.2584165184920032,0.2275061062744484,2.8680217266082764,3.3013954162597656,3.144780158996582,0.2804994583129883,0.0,0.0,0.49039578437805176,0.5279839038848877,0.4551856517791748,0.0
sub001-ses04-block8-game2_001::b0095,test/sub001/ses-04/sub001-ses04-block8-game2_001.npy,sub001,2,4,26,0,Short,0.9867206078636934,1.043490538116615,1.043490538116615,1.054791834468515,1.1060745648792945,0.4214379619239381,0.1172972595925561,0.1172972595925561,0.2406240450586868,0.055077792856934926,0.2854654788970947,2.9762179851531982,2.9762179851531982,2.8475067615509033,3.0794544219970703,0.0417935848236084,0.030585050582885742,0.030585050582885742,0.0,0.3901810646057129
sub001-ses04-block8-game2_001::b0096,test/sub001/ses-04/sub001-ses04-block8-game2_001.npy,sub001,2,2,26,0,Short,0.9776344256642135,0.9776344256642135,1.0702539158374254,1.0702539158374254,1.0702539158374254,0.3956316257797829,0.3956316257797829,0.024652540025191627,0.024652540025191627,0.024652540025191627,2.8298020362854004,2.8298020362854004,3.2847068309783936,3.2847068309783936,3.2847068309783936,0.0,0.0,0.8545048236846924,0.8545048236846924,0.8545048236846924
sub001-ses04-block8-game2_001::b0097,test/sub001/ses-04/sub001-ses04-block8-game2_001.npy,sub001,2,13,26,0,Short,0.8801445643294805,1.260409060076239,1.0685399591160603,1.0513879008383455,0.8901323774344987,0.5236198571960814,0.12577049143837837,0.19821874748787316,0.24708187323225078,0.4299408153306434,3.1916604042053223,3.2109973430633545,0.0,2.878486156463623,3.0089075565338135,0.4761929512023926,0.4279916286468506,0.0,0.24133062362670898,0.05797386169433594
sub001-ses04-block8-game2_001::b0098,test/sub001/ses-04/sub001-ses04-block8-game2_001.npy,sub001,2,4,26,0,Short,0.8984585844676615,0.957405496673235,0.957405496673235,0.9371262097981228,0.9229593001367399,0.49260682112407017,0.30625764834874425,0.30625764834874425,0.32048957506756953,0.32842120143269987,0.0,0.02150440216064453,0.02150440216064453,0.0783696174621582,3.2263293266296387,0.0,0.6569149494171143,0.6569149494171143,0.22583913803100586,0.20104265213012695
sub001-ses04-block8-game2_001::b0099,test/sub001/ses-04/sub001-ses04-block8-game2_001.npy,sub001,2,3,26,0,Short,0.9174896939744105,0.9174896939744105,1.006185608147369,1.0328495678884602,1.0328495678884602,0.4348307439604047,0.4348307439604047,0.2769097342034492,0.1742013896251125,0.1742013896251125,0.0,0.0,3.109842538833618,0.03268313407897949,0.03268313407897949,0.0,0.0,0.1265125274658203,0.37307167053222656,0.37307167053222656
sub001-ses04-block8-game2_001::b0100,test/sub001/ses-04/sub001-ses04-block8-game2_001.npy,sub001,2,10,26,0,Short,0.8250578849125529,0.9860875137321692,1.1500075667538185,1.037043180887156,1.082755796259715,0.5396645409303948,0.1510914967808984,0.2312754837628918,0.12225718564611482,0.1123226394165392,3.4627845287323,0.0,0.0,3.4393584728240967,0.17631125450134277,0.19254136085510254,0.0,0.0,0.06236624717712402,0.0925593376159668
sub001-ses04-block8-game2_001::b0101,test/sub001/ses-04/sub001-ses04-block8-game2_001.npy,sub001,2,12,26,0,Short,0.570639368660254,1.126454731105773,1.0864135330774636,1.0894615564768353,1.123079578961939,0.6962681342080697,0.4183127706016183,0.3937651232635516,0.3186036112472981,0.3589435550822233,0.0,0.030364036560058594,3.193798303604126,4.029599666595459,0.027167081832885742,0.0,0.0,0.02095651626586914,0.9903473854064941,0.12116217613220215
sub001-ses04-block8-game2_001::b0102,test/sub001/ses-04/sub001-ses04-block8-game2_001.npy,sub001,2,5,26,0,Short,0.6524654829623859,1.1644681284207885,1.1386187957387548,1.1734982777610985,1.1162139457413185,0.7085539877834675,0.24268901867453602,0.3431383353651295,0.1423236055502265,0.13699996552295923,0.04823017120361328,0.6163403987884521,0.3011510372161865,3.529454469680786,3.7210187911987305,0.6284403800964355,0.3842329978942871,0.6250896453857422,0.12225794792175293,0.6762480735778809
sub001-ses04-block8-game2_001::b0103,test/sub001/ses-04/sub001-ses04-block8-game2_001.npy,sub001,2,3,26,0,Short,1.1096316179010917,1.1096316179010917,1.2016740911245516,1.1457310354546797,1.1457310354546797,0.36000836653542856,0.36000836653542856,0.11536959045336531,0.24303378356015193,0.24303378356015193,0.3957679271697998,0.3957679271697998,4.032392501831055,3.546503782272339,3.546503782272339,0.27628326416015625,0.27628326416015625,0.7706799507141113,0.0,0.0
sub001-ses04-block8-game2_001::b0104,test/sub001/ses-04/sub001-ses04-block8-game2_001.npy,sub001,2,7,26,0,Short,0.8967294406914589,1.1922725343548826,1.2764739693420135,1.269609247411585,1.130012139600566,0.4785360728707025,0.23035508462741416,0.0883372678496428,0.2635497458724798,0.24870290123403588,3.355576992034912,0.0,0.0,0.6325571537017822,0.09409022331237793,0.31015706062316895,0.0,0.0,0.11990237236022949,0.9352152347564697
sub001-ses04-block8-game2_001::b0105,test/sub001/ses-04/sub001-ses04-block8-game2_001.npy,sub001,2,9,26,0,Short,0.9477280053684165,1.1800431103800324,1.161969666100624,1.0367556997450738,1.2270886866499526,0.4638186933709709,0.16516234946145886,0.14380900424377252,0.2692677522046149,0.13525093684183243,3.2033138275146484,0.0,0.579993486404419,0.46431732177734375,2.6658823490142822,0.0,0.0,0.31275033950805664,0.39726877212524414,0.0
sub001-ses04-block8-game2_001::b0106,test/sub001/ses-04/sub001-ses04-block8-game2_001.npy,sub001,2,6,26,0,Short,0.9508396423919991,1.026159532261125,1.1516606891264232,1.1013821924820004,1.095889019866378,0.4664065868470755,0.367007913519172,0.34263259544520486,0.39738275374678134,0.3409564953083492,2.4653217792510986,0.25662875175476074,2.476043701171875,0.0,2.741696357727051,0.0,0.4506032466888428,0.0,0.0,0.0
sub001-ses04-block8-game2_001::b0107,test/sub001/ses-04/sub001-ses04-block8-game2_001.npy,sub001,2,29,26,1,Long,1.2611653977834314,1.2260182792273449,1.2120593862553037,1.1404083267270577,1.2221266488560296,0.04587742376106552,0.33809672784763356,0.15693533407043136,0.26016868341975175,0.3302141948905425,0.3810298442840576,0.2958049774169922,2.8136260509490967,3.4155452251434326,0.0,0.49311375617980957,0.002290487289428711,0.0,0.4276885986328125,0.0
sub001-ses04-block8-game2_001::b0108,test/sub001/ses-04/sub001-ses04-block8-game2_001.npy,sub001,2,16,26,0,Short,0.9385601083752408,1.0631392291318298,1.0702582588610265,0.9432135538276125,1.0728051026432448,0.44461144351344845,0.17753266010633978,0.3270640754489861,0.42888926605195143,0.4078382393806419,3.626220703125,3.5083556175231934,3.423612594604492,0.0,0.0,0.7099528312683105,0.7876160144805908,0.20273995399475098,0.0,0.0
sub001-ses04-block8-game2_001::b0109,test/sub001/ses-04/sub001-ses04-block8-game2_001.npy,sub001,2,4,26,0,Short,0.9162476564738801,1.167393517076809,1.0637968001254068,1.0637968001254068,1.0336126503613021,0.4826381178776671,0.1706501135973162,0.3370155384002257,0.3370155384002257,0.21965053884374885,0.07706665992736816,0.0,3.4905385971069336,3.4905385971069336,3.3462984561920166,0.5066883563995361,0.0,0.30599117279052734,0.30599117279052734,0.3413233757019043
sub001-ses04-block8-game2_001::b0110,test/sub001/ses-04/sub001-ses04-block8-game2_001.npy,sub001,2,3,26,0,Short,0.9064497206906084,1.0720784651645212,1.0720784651645212,1.0720784651645212,1.1123553094628063,0.49520240488404965,0.2765136011295001,0.2765136011295001,0.2765136011295001,0.2504748692912102,3.354916572570801,0.48668599128723145,0.48668599128723145,0.48668599128723145,3.462946891784668,0.2714719772338867,0.8001837730407715,0.8001837730407715,0.8001837730407715,0.3885185718536377
sub001-ses04-block8-game2_001::b0111,test/sub001/ses-04/sub001-ses04-block8-game2_001.npy,sub001,2,10,26,0,Short,0.9939479695953783,0.9783576151838289,1.0250578645190316,1.1209206383080317,1.069354447532372,0.4525691460628336,0.47518430644431336,0.36955675049729336,0.28688185959765616,0.2631519894707446,0.038980722427368164,0.14349365234375,0.04520726203918457,3.317964792251587,0.0,0.3369114398956299,0.4566924571990967,0.48827409744262695,0.27234554290771484,0.0
sub001-ses04-block8-game2_001::b0112,test/sub001/ses-04/sub001-ses04-block8-game2_001.npy,sub001,2,4,26,0,Short,0.9394400925981657,0.9471383193136206,0.9471383193136206,0.8591287613107239,1.0107311510009311,0.460286954696304,0.4927367564946146,0.4927367564946146,0.5582411630630895,0.38856781913480104,0.0,3.3692092895507812,3.3692092895507812,3.2994320392608643,0.0,0.0,0.33721446990966797,0.33721446990966797,0.22363615036010742,0.0
sub001-ses04-block8-game2_001::b0113,test/sub001/ses-04/sub001-ses04-block8-game2_001.npy,sub001,2,4,26,0,Short,0.9347890322921364,1.0178784275267576,1.0224753330546743,1.0224753330546743,1.0755805541097148,0.4769080548771361,0.3250729978694979,0.36057927953398716,0.36057927953398716,0.29904906273106724,0.0029473304748535156,3.2399725914001465,0.33007049560546875,0.33007049560546875,3.699420690536499,0.0,0.0,0.2540774345397949,0.2540774345397949,0.3539276123046875
sub001-ses04-block8-game2_001::b0114,test/sub001/ses-04/sub001-ses04-block8-game2_001.npy,sub001,2,3,26,0,Short,0.9458214292865058,0.9458214292865058,0.8072793551703726,1.3455900553438067,1.3455900553438067,0.47067662461273985,0.47067662461273985,0.6087289984724321,0.08175693768286729,0.08175693768286729,0.10675954818725586,0.10675954818725586,0.38848352432250977,0.015012741088867188,0.015012741088867188,0.3849010467529297,0.3849010467529297,0.4650900363922119,0.4215402603149414,0.4215402603149414
sub001-ses04-block8-game2_001::b0115,test/sub001/ses-04/sub001-ses04-block8-game2_001.npy,sub001,2,4,26,0,Short,1.0280837605720068,1.1431395529976003,1.1431395529976003,1.0483072673644136,0.9840312841169708,0.42191225053095044,0.33468658702227794,0.33468658702227794,0.34604238233215884,0.43867066136072363,3.202275276184082,2.886841058731079,2.886841058731079,0.0,3.042492628097534,0.310809850692749,0.27471208572387695,0.27471208572387695,0.0,0.0
sub001-ses04-block8-game2_001::b0116,test/sub001/ses-04/sub001-ses04-block8-game2_001.npy,sub001,2,2,26,0,Short,0.9758634221030352,0.9758634221030352,1.0668714545384512,1.0668714545384512,1.0668714545384512,0.4317367856319966,0.4317367856319966,0.4226596435163419,0.4226596435163419,0.4226596435163419,0.0,0.0,2.9299814701080322,2.9299814701080322,2.9299814701080322,0.0,0.0,0.4544985294342041,0.4544985294342041,0.4544985294342041
sub001-ses04-block8-game2_001::b0117,test/sub001/ses-04/sub001-ses04-block8-game2_001.npy,sub001,2,3,26,0,Short,1.2403372277025044,1.1714049809859068,1.1714049809859068,1.1714049809859068,1.0440991165537854,0.022854620030231865,0.34310582028884695,0.34310582028884695,0.34310582028884695,0.2630398434462655,3.3144614696502686,2.8619320392608643,2.8619320392608643,2.8619320392608643,0.0,0.6446080207824707,0.0,0.0,0.0,0.0
sub001-ses04-block8-game2_001::b0118,test/sub001/ses-04/sub001-ses04-block8-game2_001.npy,sub001,2,8,26,0,Short,0.9666393137815184,1.4130423139434243,1.2007998785016758,1.1198990853267685,0.9350558573041763,0.42854755595449745,0.03147064738510941,0.21593168364092985,0.4656231710930391,0.5383539711670728,0.0,0.0,0.0,2.4648115634918213,0.0,0.0,0.0,0.0,0.0,0.0
sub001-ses04-block8-game2_001::b0119,test/sub001/ses-04/sub001-ses04-block8-game2_001.npy,sub001,2,9,26,0,Short,0.8736544794217946,1.0878626342626208,1.1937469872272437,1.1381585475981084,1.203191721519849,0.5413541627137666,0.44584524192443253,0.35152326086340413,0.2906325862072284,0.32984042484401543,0.0,0.0,0.0,0.0,2.886702060699463,0.0,0.0,0.0,0.0,0.5880701541900635
sub001-ses04-block8-game2_001::b0120,test/sub001/ses-04/sub001-ses04-block8-game2_001.npy,sub001,2,28,26,1,Long,1.0402971529290352,1.1140414980965017,1.177125539550142,1.065557211204571,1.1654275950512816,0.5080305223776925,0.4469559589189478,0.36052697267226236,0.4368940089592482,0.3062019585260283,0.0,2.945617914199829,2.303478240966797,0.013374567031860352,2.8055944442749023,0.0,0.3524637222290039,0.0,0.0,0.43431854248046875
sub001-ses04-block8-game2_001::b0121,test/sub001/ses-04/sub001-ses04-block8-game2_001.npy,sub001,2,6,26,0,Short,0.7562592769949125,1.025368527386296,1.2043600380911286,1.0048418033668498,1.1741527843706503,0.5824994168194468,0.43036399599512454,0.28830886366135355,0.4793831458031993,0.3047262547730545,0.048720598220825195,0.048371315002441406,2.3320157527923584,0.0,0.0,0.043200016021728516,0.5640316009521484,0.0,0.0,0.0
sub001-ses04-block8-game2_001::b0122,test/sub001/ses-04/sub001-ses04-block8-game2_001.npy,sub001,2,10,26,0,Short,1.1180810402328265,1.1575444194876003,1.0278890256800248,1.1145915184606532,1.0811392503929007,0.4008279463966393,0.415953800203824,0.43973101422492533,0.3932488067613662,0.480302745588198,2.5869202613830566,0.0,2.86529278755188,0.0,0.10939812660217285,0.0,0.0,0.38625454902648926,0.0,0.36008524894714355
sub001-ses04-block8-game2_001::b0123,test/sub001/ses-04/sub001-ses04-block8-game2_001.npy,sub001,2,8,26,0,Short,0.6905413878051601,0.9955854012179008,0.967447457162856,1.0132683093152366,1.1420398464858892,0.7192677267084686,0.527893982190965,0.5604407430481243,0.5549694183563887,0.41167312120563815,2.229985237121582,0.0,0.4554133415222168,0.0,0.0,0.0,0.0,0.6261262893676758,0.0,0.0
sub001-ses04-block8-game2_001::b0124,test/sub001/ses-04/sub001-ses04-block8-game2_001.npy,sub001,2,43,26,1,Long,0.9920046447999189,1.025559804232295,1.1535979015336855,1.1695219513814796,1.1714873769814087,0.4880536246949112,0.44771596400278696,0.28933523418079027,0.2595951104904725,0.41294957052926096,3.230055570602417,0.0,0.0,2.440258264541626,0.0,0.1358809471130371,0.0,0.0,0.44715285301208496,0.0
sub001-ses04-block8-game2_001::b0125,test/sub001/ses-04/sub001-ses04-block8-game2_001.npy,sub001,2,4,26,0,Short,1.1885895525536454,1.189180500653037,1.189180500653037,1.2357435386261868,1.1315252329461771,0.3992108346633524,0.3925043881105386,0.3925043881105386,0.3274685733929008,0.5076489025512014,0.0,0.0,0.0,2.319464921951294,0.0,0.0,0.0,0.0,0.27417516708374023,0.0
sub001-ses04-block8-game2_001::b0126,test/sub001/ses-04/sub001-ses04-block8-game2_001.npy,sub001,2,21,26,0,Short,1.1724355949460805,1.2049191950910718,1.2516655839873334,1.0167279728128813,0.9174678271096984,0.3700231558904674,0.38112539857647576,0.4240350077214593,0.5084072005787607,0.63013038990762,2.1757678985595703,0.14084064960479736,2.0770514011383057,0.1413872241973877,0.0,0.2546412944793701,0.009267091751098633,0.0,0.16448330879211426,0.0
sub001-ses04-block8-game2_001::b0127,test/sub001/ses-04/sub001-ses04-block8-game2_001.npy,sub001,2,16,26,0,Short,1.0883998224216718,1.0853177226985555,1.0274662128988172,1.1695034073461337,1.2345661143337203,0.4231694427600783,0.45097903791589006,0.47098820466082536,0.36546871736808295,0.2654349776088023,0.0,0.0,0.0,0.0,0.0,0.0,0.0,0.0,0.0,0.0
sub001-ses04-block8-game2_001::b0128,test/sub001/ses-04/sub001-ses04-block8-game2_001.npy,sub001,2,7,26,0,Short,1.0652275066356391,1.1283738204739198,1.2062232441291056,1.1617028488819834,1.148721671979432,0.43812191401909883,0.43794931265634895,0.3205299434204437,0.4044375848055489,0.31347528388276413,2.373321533203125,0.029221296310424805,2.4057064056396484,0.0,2.6229050159454346,0.13386201858520508,0.17543625831604004,0.0,0.0,0.3661210536956787
sub001-ses04-block8-game2_001::b0129,test/sub001/ses-04/sub001-ses04-block8-game2_001.npy,sub001,2,26,26,1,Long,1.005758786685818,1.0533653594890113,1.0255679057596112,1.044282232256927,1.0479654874751438,0.42222782269567005,0.5482749778108718,0.5781892692052404,0.5687268127435685,0.538057084150182,2.0490634441375732,0.0,0.050935983657836914,1.7322534322738647,1.5907326936721802,0.263683557510376,0.0,0.3541717529296875,0.21618008613586426,0.0
sub001-ses04-block8-game2_001::b0130,test/sub001/ses-04/sub001-ses04-block8-game2_001.npy,sub001,2,14,26,0,Short,1.2676270155075193,0.9383793116765327,0.8389188700428235,1.0263535048570898,0.8316761620767829,0.35734435058510594,0.6331779101028248,0.6738051911312415,0.5714522944610985,0.6436376600467404,0.0,0.0,0.0,0.0,1.6524326801300049,0.0,0.0,0.0,0.0,0.0
sub001-ses04-block8-game2_001::b0131,test/sub001/ses-04/sub001-ses04-block8-game2_001.npy,sub001,2,4,26,0,Short,1.129092176659739,1.0364808740328164,1.0364808740328164,1.0581350216718088,1.1248802906463293,0.42589359158754575,0.5656139947909862,0.5656139947909862,0.48438671441547276,0.5157314546197818,1.8961589336395264,2.1309216022491455,2.1309216022491455,2.411085844039917,1.9331029653549194,0.20123934745788574,0.08943057060241699,0.08943057060241699,0.7494082450866699,0.0
sub001-ses04-block8-game2_001::b0132,test/sub001/ses-04/sub001-ses04-block8-game2_001.npy,sub001,2,2,26,0,Short,1.163977169536727,1.163977169536727,1.163977169536727,0.9349348257604309,0.9349348257604309,0.42668073763025494,0.42668073763025494,0.42668073763025494,0.6234342656499005,0.6234342656499005,1.393440842628479,1.393440842628479,1.393440842628479,1.8342273235321045,1.8342273235321045,0.0,0.0,0.0,0.34494125843048096,0.34494125843048096
sub001-ses04-block8-game2_001::b0133,test/sub001/ses-04/sub001-ses04-block8-game2_001.npy,sub001,2,3,26,0,Short,1.2432046033426305,1.4163177091750245,1.4163177091750245,1.4163177091750245,1.0830118942145013,0.18166184988543532,0.19403330663033125,0.19403330663033125,0.19403330663033125,0.5409090560187761,0.0,0.0,0.0,0.0,1.3429596424102783,0.0,0.0,0.0,0.0,0.0
sub001-ses04-block8-game2_001::b0134,test/sub001/ses-04/sub001-ses04-block8-game2_001.npy,sub001,2,11,26,0,Short,1.1774331864560574,1.2584994259049234,1.176176458844097,1.2000638439907394,1.0038634205608274,0.3409778634309787,0.37144374352803167,0.4576512679599971,0.44900682204718695,0.5801630474555827,1.7091602087020874,1.8324624300003052,0.07551121711730957,0.0,0.03683197498321533,0.044448137283325195,0.27943313121795654,0.31459569931030273,0.0,0.0
sub001-ses04-block8-game2_001::b0135,test/sub001/ses-04/sub001-ses04-block8-game2_001.npy,sub001,2,11,26,0,Short,1.0682073688423412,1.26793887137096,1.237856771489399,1.3151843719194816,1.3045001731461368,0.4481857159401914,0.1127637546716127,0.08111952278561085,0.19225421361130568,0.05419518295944742,0.0,0.0,0.0,0.0,0.17197084426879883,0.0,0.0,0.0,0.0,0.1214761734008789
sub001-ses04-block8-game2_001::b0136,test/sub001/ses-04/sub001-ses04-block8-game2_001.npy,sub001,2,3,26,0,Short,1.1379670466366714,1.1379670466366714,1.1621847195087827,1.1971076093235136,1.1971076093235136,0.28085621889511264,0.28085621889511264,0.35616017508552594,0.3161509371232428,0.3161509371232428,1.9110894203186035,1.9110894203186035,0.0,0.0,0.0,0.4238685369491577,0.4238685369491577,0.0,0.0,0.0
sub001-ses04-block8-game2_001::b0137,test/sub001/ses-04/sub001-ses04-block8-game2_001.npy,sub001,2,3,26,0,Short,1.2413671164382614,1.2285628733409684,1.2285628733409684,1.2285628733409684,1.1790704085260215,0.36637392798718926,0.25437621857444304,0.25437621857444304,0.25437621857444304,0.3555555823348002,1.4862339496612549,0.0,0.0,0.0,0.011692643165588379,0.0350109338760376,0.0,0.0,0.0,0.47831034660339355
sub001-ses04-block8-game2_001::b0138,test/sub001/ses-04/sub001-ses04-block8-game2_001.npy,sub001,2,4,26,0,Short,1.2292607216186562,1.237810824887933,1.237810824887933,1.0955563781006932,1.263135947517489,0.36535614016459506,0.16095709283191884,0.16095709283191884,0.49389118023368306,0.18588692878221147,0.0,0.0,0.0,0.0,1.5563448667526245,0.0,0.0,0.0,0.0,0.2905571460723877
sub001-ses04-block8-game2_001::b0139,test/sub001/ses-04/sub001-ses04-block8-game2_001.npy,sub001,2,2,26,0,Short,1.166885177000635,1.166885177000635,1.272498856311925,1.272498856311925,1.272498856311925,0.41446736937142414,0.41446736937142414,0.21146451985990006,0.21146451985990006,0.21146451985990006,0.0,0.0,1.3755569458007812,1.3755569458007812,1.3755569458007812,0.0,0.0,0.3294020891189575,0.3294020891189575,0.3294020891189575
sub001-ses04-block8-game2_001::b0140,test/sub001/ses-04/sub001-ses04-block8-game2_001.npy,sub001,2,10,26,0,Short,1.1367470512899835,1.1146077097419567,1.2410889025906742,1.1021662335403757,1.167729752814875,0.3265963299142183,0.4756785764748911,0.22613401052776932,0.366772460920479,0.1571942773871201,0.2069002389907837,0.0,1.7258390188217163,1.728265404701233,1.7526674270629883,0.31696808338165283,0.0,0.6675094366073608,0.3864997625350952,0.4818078279495239
sub001-ses04-block8-game2_001::b0141,test/sub001/ses-04/sub001-ses04-block8-game2_001.npy,sub001,2,4,26,0,Short,1.2299782371581678,1.1076242334395803,1.3045637385986022,1.3045637385986022,1.1193411727145757,0.42521323549558215,0.4003470734918628,0.3578313413144628,0.3578313413144628,0.4146633634131861,1.4326574802398682,0.0,0.0,0.0,1.2367286682128906,0.46920984983444214,0.0,0.0,0.0,0.09329414367675781
sub001-ses04-block8-game2_001::b0142,test/sub001/ses-04/sub001-ses04-block8-game2_001.npy,sub001,2,19,26,0,Short,1.2667377460812093,1.2861273156384114,1.2330534371363444,1.2274591957066774,1.0913930575840074,0.42718644406255035,0.3487136423076142,0.39218224440022775,0.2674504314238303,0.4970880957715386,1.4372729063034058,1.1292452812194824,0.0,0.0,1.003210186958313,0.18603932857513428,0.3667517900466919,0.0,0.0,0.0
sub001-ses04-block8-game2_001::b0143,test/sub001/ses-04/sub001-ses04-block8-game2_001.npy,sub001,2,5,26,0,Short,1.259999842382786,1.0642189925472443,1.2045007047032175,1.27403405061119,1.1283332067728573,0.11333885445670949,0.46346793486107213,0.3264151279341134,0.3862069155417187,0.32827168228042614,0.0,1.0354911088943481,0.9537914395332336,0.0,0.0,0.0,0.14746487140655518,0.1820545196533203,0.0,0.0
sub001-ses04-block8-game2_001::b0144,test/sub001/ses-04/sub001-ses04-block8-game2_001.npy,sub001,2,3,26,0,Short,1.3356054735017833,1.3356054735017833,1.4002978166914295,1.2514254932494266,1.2514254932494266,0.3215551442805165,0.3215551442805165,0.19526706848401815,0.34577669969679514,0.34577669969679514,0.9938588663935661,0.9938588663935661,0.8140819668769836,0.6693794131278992,0.6693794131278992,0.007773637771606445,0.007773637771606445,0.08148837089538574,0.0,0.0
sub001-ses04-block8-game2_001::b0145,test/sub001/ses-04/sub001-ses04-block8-game2_001.npy,sub001,2,7,26,0,Short,0.4617775467444838,1.2730158414447583,1.1846655586398107,1.3096860314812762,1.0971841243610585,0.8251369067701201,0.32815849872643665,0.4493568217767878,0.3390180825238371,0.48835470356802,0.21743571758270264,0.31292903423309326,0.0,0.011188685894012451,0.818932831287384,0.0,0.22316962480545044,0.0,0.3366987705230713,0.0
sub001-ses04-block8-game2_001::b0146,test/sub001/ses-04/sub001-ses04-block8-game2_001.npy,sub001,2,3,26,0,Short,1.2118296790799419,1.175410759268653,1.175410759268653,1.175410759268653,1.1552728192152912,0.4070705352502024,0.38675422098926737,0.38675422098926737,0.38675422098926737,0.4790205832734926,0.0,0.0,0.0,0.0,1.2896019220352173,0.0,0.0,0.0,0.0,0.07987463474273682
sub001-ses04-block8-game2_001::b0147,test/sub001/ses-04/sub001-ses04-block8-game2_001.npy,sub001,2,2,26,0,Short,1.1016384989831076,1.1016384989831076,1.1016384989831076,1.0972863317701642,1.0972863317701642,0.44932450715152705,0.44932450715152705,0.44932450715152705,0.4867184862655273,0.4867184862655273,1.803817868232727,1.803817868232727,1.803817868232727,0.0,0.0,0.6012729406356812,0.6012729406356812,0.6012729406356812,0.0,0.0
sub001-ses04-block8-game2_001::b0148,test/sub001/ses-04/sub001-ses04-block8-game2_001.npy,sub001,2,8,26,0,Short,1.0544944847980895,1.1276866022509058,1.1106080494306956,1.1498659053392586,1.0377183566875177,0.41300143488939256,0.44975439640627446,0.44231614279264186,0.38274015350076235,0.4773104156659701,0.8088186383247375,0.7158185839653015,0.0,0.7977024912834167,0.7344157695770264,0.3655461072921753,0.0,0.0,0.1417437195777893,0.0
sub001-ses04-block8-game2_001::b0149,test/sub001/ses-04/sub001-ses04-block8-game2_001.npy,sub001,2,5,26,0,Short,1.1817471636896903,1.4231195604355096,1.3602689698559454,1.0988986822213225,1.1934849852535934,0.2576018571028972,0.3099378929632055,0.33202741369998173,0.5019179442737915,0.41198943282091616,0.0,0.6550158262252808,0.0,0.04126107692718506,0.10411253571510315,0.0,0.0,0.0,0.0,0.0
sub001-ses04-block8-game2_001::b0150,test/sub001/ses-04/sub001-ses04-block8-game2_001.npy,sub001,2,7,26,0,Short,1.3642645282385049,0.8839516012509213,1.0780486173188382,1.1858035321770606,1.174574660276634,0.3034346679877139,0.6553549953197373,0.5222968487803257,0.42771718538564024,0.4129315388191679,0.0,0.0,0.7728361487388611,0.0,0.0,0.0,0.0,0.3503780961036682,0.0,0.0
sub001-ses04-block8-game2_001::b0151,test/sub001/ses-04/sub001-ses04-block8-game2_001.npy,sub001,2,23,26,0,Short,1.3023187842992774,1.0544856871785295,0.7874747589405566,1.061088292253673,1.0634671321118014,0.3904778966693568,0.5447545994200442,0.729135890789083,0.5110434072488861,0.5455963119329482,0.0,0.0,0.0,0.01773202419281006,0.0006794929504394531,0.0,0.0,0.0,0.23455172777175903,0.5562710762023926
sub001-ses04-block8-game2_001::b0152,test/sub001/ses-04/sub001-ses04-block8-game2_001.npy,sub001,2,3,26,0,Short,1.1768071228641328,0.963466473245277,0.963466473245277,0.963466473245277,0.9809564966702594,0.43580612872456487,0.6207929058278818,0.6207929058278818,0.6207929058278818,0.5676981309175224,1.0781763792037964,1.1060032844543457,1.1060032844543457,1.1060032844543457,0.062474966049194336,0.22463035583496094,0.24733346700668335,0.24733346700668335,0.24733346700668335,0.21521860361099243
sub001-ses04-block8-game2_001::b0153,test/sub001/ses-04/sub001-ses04-block8-game2_001.npy,sub001,2,3,26,0,Short,1.2922268587397594,1.093874207430707,1.093874207430707,1.093874207430707,1.000883249856309,0.33071811182171296,0.443956346103411,0.443956346103411,0.443956346103411,0.5769560586447933,1.0497610569000244,1.001416563987732,1.001416563987732,1.001416563987732,0.0,0.05463266372680664,0.0,0.0,0.0,0.0
sub001-ses04-block8-game2_001::b0154,test/sub001/ses-04/sub001-ses04-block8-game2_001.npy,sub001,2,2,26,0,Short,1.2197140566122429,1.2197140566122429,1.1384927730471617,1.1384927730471617,1.1384927730471617,0.34056250333256816,0.34056250333256816,0.47808491365354855,0.47808491365354855,0.47808491365354855,0.8637789487838745,0.8637789487838745,0.0,0.0,0.0,0.0,0.0,0.0,0.0,0.0
sub001-ses04-block8-game2_001::b0156,test/sub001/ses-04/sub001-ses04-block8-game2_001.npy,sub001,2,16,26,0,Short,1.1311192950243343,1.102688112432594,0.950482980791437,1.2668621474532535,1.0769820690659258,0.4256331215495023,0.49775250960761835,0.6350951443761252,0.3841161744508729,0.5358261335287096,1.179344654083252,0.06868070363998413,0.7872475385665894,0.0,0.7149767279624939,0.0,0.0,0.15831053256988525,0.0,0.0
sub001-ses04-block8-game2_001::b0157,test/sub001/ses-04/sub001-ses04-block8-game2_001.npy,sub001,2,3,26,0,Short,0.3065043219354125,0.3065043219354125,1.0505618614197638,1.0737660775738793,1.0737660775738793,0.8931332650471794,0.8931332650471794,0.339002775259449,0.3308759453262219,0.3308759453262219,0.8349881172180176,0.8349881172180176,0.011896967887878418,0.017287850379943848,0.017287850379943848,0.0,0.0,0.1192774772644043,0.13777923583984375,0.13777923583984375
sub001-ses04-block8-game2_001::b0158,test/sub001/ses-04/sub001-ses04-block8-game2_001.npy,sub001,2,5,26,0,Short,0.9559496659437713,1.1371365339004356,1.1130609880723226,0.9411463364548023,0.9722928153453051,0.45755316595710716,0.3851723397626465,0.3755915212616058,0.5538092000907775,0.5239033455644861,0.007160604000091553,0.012453973293304443,0.0,0.0,0.9535923004150391,0.11016315221786499,0.13506066799163818,0.0,0.0,0.1091008186340332
sub001-ses04-block8-game2_001::b0159,test/sub001/ses-04/sub001-ses04-block8-game2_001.npy,sub001,2,4,26,0,Short,0.4068743067433268,0.8973417850984323,0.8973417850984323,0.8943245000049554,1.1588957603135734,0.8510856321216,0.6420381635910717,0.6420381635910717,0.6637312894258975,0.47170644060949873,0.3551957607269287,0.0,0.0,0.09364187717437744,0.9117812514305115,0.0,0.0,0.0,0.3635540008544922,0.0
sub001-ses04-block8-game2_001::b0160,test/sub001/ses-04/sub001-ses04-block8-game2_001.npy,sub001,2,24,26,0,Short,1.3552507466421493,0.9436609017834792,0.8459719104546811,0.8635170309558207,0.8746712124570329,0.35723745667827056,0.5272625101316489,0.5619206526053291,0.585931103647199,0.6119766292062166,0.8067142367362976,0.7601719498634338,0.0,0.16453415155410767,0.0,0.017096102237701416,0.0,0.0,0.09376060962677002,0.0
sub001-ses04-block8-game2_001::b0161,test/sub001/ses-04/sub001-ses04-block8-game2_001.npy,sub001,2,8,26,0,Short,1.1238912421107745,1.013589681341655,1.129976465131945,1.1324721487420577,0.8826655544385378,0.17983255741150833,0.40638933732243526,0.5057131562289776,0.4191814241484141,0.535718126535552,0.0066814422607421875,0.7166136503219604,0.11878252029418945,0.8241519331932068,0.7714786529541016,0.0,0.0,0.0027895569801330566,0.1464112401008606,0.11623471975326538
sub001-ses04-block8-game2_001::b0162,test/sub001/ses-04/sub001-ses04-block8-game2_001.npy,sub001,2,3,26,0,Short,1.312354551235365,1.312354551235365,0.9784404667708371,1.088407921625538,1.088407921625538,0.3888681659690899,0.3888681659690899,0.5591602903465387,0.5342691318629617,0.5342691318629617,0.6202992796897888,0.6202992796897888,0.12969374656677246,0.0,0.0,0.0,0.0,0.014335453510284424,0.0,0.0
sub001-ses04-block8-game2_001::b0163,test/sub001/ses-04/sub001-ses04-block8-game2_001.npy,sub001,2,2,26,0,Short,1.3378051162313005,1.3378051162313005,1.0859611723611617,1.0859611723611617,1.0859611723611617,0.3784924326233532,0.3784924326233532,0.4895107534002674,0.4895107534002674,0.4895107534002674,0.9251079559326172,0.9251079559326172,0.6667249202728271,0.6667249202728271,0.6667249202728271,0.17365384101867676,0.17365384101867676,0.0,0.0,0.0
sub001-ses04-block8-game2_001::b0164,test/sub001/ses-04/sub001-ses04-block8-game2_001.npy,sub001,2,2,26,0,Short,1.2605349124077376,1.2605349124077376,1.2554786113647063,1.2554786113647063,1.2554786113647063,0.43639611110481785,0.43639611110481785,0.3164960610843224,0.3164960610843224,0.3164960610843224,0.07029581069946289,0.07029581069946289,0.5536680221557617,0.5536680221557617,0.5536680221557617,0.1601061224937439,0.1601061224937439,0.08551573753356934,0.08551573753356934,0.08551573753356934
sub001-ses04-block8-game2_001::b0165,test/sub001/ses-04/sub001-ses04-block8-game2_001.npy,sub001,2,2,26,0,Short,1.4200066991350513,1.4200066991350513,1.1857789295571695,1.1857789295571695,1.1857789295571695,0.33759005973823686,0.33759005973823686,0.40222281982151403,0.40222281982151403,0.40222281982151403,0.5931701064109802,0.5931701064109802,0.0,0.0,0.0,0.1504693627357483,0.1504693627357483,0.0,0.0,0.0
sub001-ses04-block8-game2_001::b0166,test/sub001/ses-04/sub001-ses04-block8-game2_001.npy,sub001,2,3,26,0,Short,1.3243953531086068,1.485302547410805,1.485302547410805,1.485302547410805,1.0028400062877667,0.30408156712312273,0.24635119574937986,0.24635119574937986,0.24635119574937986,0.5323020753377716,0.0,0.21604864299297333,0.21604864299297333,0.21604864299297333,0.10396870970726013,0.0,0.0,0.0,0.0,0.0
sub001-ses04-block8-game2_001::b0167,test/sub001/ses-04/sub001-ses04-block8-game2_001.npy,sub001,2,32,26,1,Long,1.2175731126002447,0.763823468781802,0.9146837450906462,0.9806592935158025,0.759921760207257,0.4183875801922722,0.7000431083001246,0.518108817074442,0.3328578405266973,0.5997627953964979,0.1160622239112854,0.0,0.8539996147155762,0.0,1.1385440826416016,0.16298043727874756,0.0,0.07559257745742798,0.0,0.12304282188415527
sub001-ses04-block8-game2_001::b0168,test/sub001/ses-04/sub001-ses04-block8-game2_001.npy,sub001,2,6,26,0,Short,0.8224798055763276,1.167905426604888,1.2916530171082112,1.1675367681639284,1.3052532341592245,0.5464558722782441,0.4020905264885124,0.35989734819887775,0.49721444514324775,0.33888952172303966,0.0,0.0,0.0,2.7426254749298096,0.0,0.0,0.0,0.0,0.6813044548034668,0.0
sub001-ses04-block8-game2_001::b0169,test/sub001/ses-04/sub001-ses04-block8-game2_001.npy,sub001,2,12,26,0,Short,0.9939044184767555,1.23923071863962,1.3513527721670695,1.3533928460626405,1.2393845341502172,0.5160140396282714,0.3046398697759274,0.3005272190496744,0.34190742994940215,0.44282013481317506,0.6095826029777527,1.3423014879226685,1.554872989654541,0.7840814590454102,1.378635287284851,0.6280668377876282,0.14060449600219727,0.28491485118865967,0.0,0.2996875047683716
sub001-ses04-block8-game2_001::b0170,test/sub001/ses-04/sub001-ses04-block8-game2_001.npy,sub001,2,3,26,0,Short,1.2372376507294143,1.2372376507294143,1.0027908799156264,1.330020890811455,1.330020890811455,0.26835765142086443,0.26835765142086443,0.5113516158368577,0.20352201153368982,0.20352201153368982,0.0,0.0,0.0,0.0,0.0,0.0,0.0,0.0,0.0,0.0
sub001-ses04-block8-game2_001::b0171,test/sub001/ses-04/sub001-ses04-block8-game2_001.npy,sub001,2,4,26,0,Short,1.249816873415091,1.1106594627058861,1.1106594627058861,1.0796188062935923,1.2821408365405003,0.3151860468377338,0.535716059175307,0.535716059175307,0.5349789930957981,0.3133835277083885,0.0,0.0,0.0,0.0,0.0,0.0,0.0,0.0,0.0,0.0
sub001-ses04-block8-game2_001::b0172,test/sub001/ses-04/sub001-ses04-block8-game2_001.npy,sub001,2,6,26,0,Short,1.0776407323778185,1.1481080239441537,0.9936640155998739,1.3230867260733483,1.2395616066280626,0.2278443370753016,0.5343237348619916,0.611628427497432,0.2683170394442536,0.44858640085391654,0.15341222286224365,0.0852439645677805,0.0,0.0,0.12712346017360687,0.0,0.0,0.0,0.0,0.0
sub001-ses04-block8-game2_001::b0173,test/sub001/ses-04/sub001-ses04-block8-game2_001.npy,sub001,2,7,26,0,Short,1.418215666173035,0.8489498231168701,1.1992950701121377,0.9896999585299927,0.8228190237088954,0.21396188140064265,0.6840201869233526,0.4817488275831947,0.6356903660724821,0.6899405980858029,0.25714603066444397,0.0,0.26139023900032043,0.010502785444259644,0.0,0.004847347736358643,0.0,0.2557941824197769,0.0,0.0
sub001-ses04-block8-game2_001::b0174,test/sub001/ses-04/sub001-ses04-block8-game2_001.npy,sub001,2,5,26,0,Short,1.5038767421071402,0.3842519080071337,0.5231566469067507,0.4198150586239618,0.36964455308804534,0.1805348174019074,0.881263165830506,0.8339322659642282,0.873185909002,0.8943148489632484,0.0,0.09712367132306099,0.01558774709701538,0.16823561489582062,0.0,0.0,0.0,0.0,0.19783024489879608,0.0
sub001-ses04-block8-game2_002::b0001,test/sub001/ses-04/sub001-ses04-block8-game2_002.npy,sub001,2,33,26,1,Long,0.7869170439133916,0.808677151509996,0.5273900307281244,0.7311175246526863,0.5660568952045794,0.2783690668521733,0.6897677618645799,0.8049857836848706,0.7310857391097589,0.7958575460551868,2.6020519733428955,2.7415177822113037,2.6453847885131836,2.8021302223205566,0.0029184818267822266,0.17537665367126465,0.036186933517456055,0.19120001792907715,0.09679937362670898,0.21312689781188965
sub001-ses04-block8-game2_002::b0002,test/sub001/ses-04/sub001-ses04-block8-game2_002.npy,sub001,2,10,26,0,Short,0.8143096755199637,0.5948349127665296,0.497195990840948,0.5076065522433367,0.5607037921039304,0.3878527367669877,0.785742402207415,0.8387715254204331,0.8202524834160945,0.7890555776993727,0.0,0.01778388023376465,0.0,0.0,2.6129016876220703,0.0,0.042758941650390625,0.0,0.0,0.14281082153320312
sub001-ses04-block8-game2_002::b0003,test/sub001/ses-04/sub001-ses04-block8-game2_002.npy,sub001,2,18,26,0,Short,0.8246420399539081,0.5919228364280017,0.6874804802395673,0.6645347350808711,0.7676515342059679,0.3998124316127039,0.7643187233012493,0.7538155717478752,0.7602132633168216,0.7130895581789612,0.0,2.629143238067627,0.0,0.006716251373291016,0.0,0.0,0.23070383071899414,0.0,0.06370210647583008,0.0
sub001-ses04-block8-game2_002::b0004,test/sub001/ses-04/sub001-ses04-block8-game2_002.npy,sub001,2,13,26,0,Short,0.7867128298924693,0.6484942199855019,0.7173362960858557,0.5934198948183884,0.5439106505746275,0.46705009755584653,0.7624233648024437,0.701599732703579,0.7906672795175382,0.7938041158192165,2.684123992919922,2.6969456672668457,0.0,0.0,2.6398370265960693,0.03201603889465332,0.06370234489440918,0.0,0.0,0.2194221019744873
sub001-ses04-block8-game2_002::b0005,test/sub001/ses-04/sub001-ses04-block8-game2_002.npy,sub001,2,25,26,0,Short,0.7116059271721613,0.6051054600549778,0.6988904633670769,0.6120846579713426,0.7879028974332809,0.547418684013899,0.7767314952710337,0.6960933397521629,0.7540146138829471,0.6596429884522423,3.4352335929870605,0.0,0.0,3.9259753227233887,0.0,0.0,0.0,0.0,0.3363668918609619,0.0
sub001-ses04-block8-game2_002::b0006,test/sub001/ses-04/sub001-ses04-block8-game2_002.npy,sub001,2,8,26,0,Short,0.5499146936355839,0.7188680135686945,0.7680558615809051,0.7628364368803037,0.710072975714238,0.7634866639819808,0.714106035412293,0.6514464501958702,0.6575034091600969,0.6935762290096151,3.50185489654541,3.427473783493042,0.0,3.559582233428955,3.4587743282318115,0.07648420333862305,0.02108597755432129,0.0,0.455655574798584,0.02333855628967285
sub001-ses04-block8-game2_002::b0007,test/sub001/ses-04/sub001-ses04-block8-game2_002.npy,sub001,2,4,26,0,Short,0.7058771146158174,0.6656120676078819,0.6656120676078819,0.7634405290227878,0.8456386578898646,0.5580045991302529,0.732757422210575,0.732757422210575,0.6392802039079173,0.5900574465487638,3.7600903511047363,0.2003035545349121,0.2003035545349121,0.0,0.0,0.6388959884643555,0.14470362663269043,0.14470362663269043,0.0,0.0
sub001-ses04-block8-game2_002::b0008,test/sub001/ses-04/sub001-ses04-block8-game2_002.npy,sub001,2,19,26,0,Short,0.9113493296847289,0.7481014810502764,0.6726337548032064,0.8733465499613411,0.7179106573463416,0.41154801269496716,0.6911386362090719,0.7377138907732854,0.5357449466096262,0.7045493425444294,3.6284639835357666,0.0,3.6994385719299316,3.8437092304229736,0.0,0.0,0.0,0.0,0.14899969100952148,0.0
sub001-ses04-block8-game2_002::b0009,test/sub001/ses-04/sub001-ses04-block8-game2_002.npy,sub001,2,20,26,0,Short,0.7660429863298064,0.7852527143549138,0.7424163192734317,0.909869776021198,0.9019358271339449,0.4742413955744763,0.5499898460756721,0.6050718158720111,0.49798036542751356,0.4890858759799746,0.0,3.969139814376831,0.0,0.0,0.32640838623046875,0.0,0.2927885055541992,0.0,0.0,0.0
sub001-ses04-block8-game2_002::b0010,test/sub001/ses-04/sub001-ses04-block8-game2_002.npy,sub001,2,11,26,0,Short,0.8342442751662628,1.0208243634898297,0.9863202150522623,0.8898653976266777,0.9769319308635387,0.46375357647253873,0.46036553411260983,0.39122190382156485,0.4274720582110497,0.3960262932357478,0.39933061599731445,0.0,0.45145463943481445,0.037158966064453125,4.10513973236084,0.42894697189331055,0.0,0.20038700103759766,0.0,0.0
sub001-ses04-block8-game2_002::b0011,test/sub001/ses-04/sub001-ses04-block8-game2_002.npy,sub001,2,6,26,0,Short,0.8123705517363725,0.9690361010470663,0.8508693896878515,0.9320134445639392,0.9901778724431548,0.47482915552288063,0.3753502023953743,0.48918113241643907,0.423295898180603,0.3808611149004402,4.439959526062012,4.408608436584473,4.339846611022949,0.0,0.40844106674194336,0.23395109176635742,0.709650993347168,0.27701902389526367,0.0,0.4525461196899414
sub001-ses04-block8-game2_002::b0012,test/sub001/ses-04/sub001-ses04-block8-game2_002.npy,sub001,2,6,26,0,Short,0.9817617441076618,1.0093970975892275,0.7991885818167219,1.2789994566897498,0.9212871952330284,0.33586018683030217,0.14067011529420304,0.5773819225811639,0.1733007001416858,0.4831872834640534,0.17996597290039062,4.449761390686035,4.038225173950195,0.0,3.7469873428344727,0.23052549362182617,0.35936737060546875,0.0,0.0,0.0
sub001-ses04-block8-game2_002::b0013,test/sub001/ses-04/sub001-ses04-block8-game2_002.npy,sub001,2,4,26,0,Short,0.7334708750496032,0.9269413090446841,0.9269413090446841,0.9997707209619984,0.9791946176819716,0.5556765073196704,0.505742670361974,0.505742670361974,0.31366725089083564,0.4486769075379318,0.10722637176513672,0.0,0.0,5.113824844360352,0.06429481506347656,0.486236572265625,0.0,0.0,0.6075572967529297,0.37352800369262695
sub001-ses04-block8-game2_002::b0014,test/sub001/ses-04/sub001-ses04-block8-game2_002.npy,sub001,2,3,26,0,Short,0.8226188229771016,0.8226188229771016,0.9809761844035545,1.134089453232085,1.134089453232085,0.4789652093754799,0.4789652093754799,0.2865789093693476,0.3312520363718242,0.3312520363718242,4.329659461975098,4.329659461975098,5.201751232147217,0.0,0.0,0.0,0.0,0.7674298286437988,0.0,0.0
sub001-ses04-block8-game2_002::b0015,test/sub001/ses-04/sub001-ses04-block8-game2_002.npy,sub001,2,3,26,0,Short,0.7812201691590642,1.0744272654598235,1.0744272654598235,1.0744272654598235,0.974819666657346,0.5060841631681972,0.3599791213123092,0.3599791213123092,0.3599791213123092,0.27234634219505954,0.0,3.8647186756134033,3.8647186756134033,3.8647186756134033,0.0,0.0,0.0,0.0,0.0,0.0
sub001-ses04-block8-game2_002::b0016,test/sub001/ses-04/sub001-ses04-block8-game2_002.npy,sub001,2,3,26,0,Short,0.7642967607839652,0.9274230676683337,0.9274230676683337,0.9274230676683337,0.7977338835564873,0.5338401467873404,0.4272490234584896,0.4272490234584896,0.4272490234584896,0.5650147465797914,0.0,0.32106542587280273,0.32106542587280273,0.32106542587280273,0.0,0.0,0.1511859893798828,0.1511859893798828,0.1511859893798828,0.0
sub001-ses04-block8-game2_002::b0017,test/sub001/ses-04/sub001-ses04-block8-game2_002.npy,sub001,2,2,26,0,Short,0.7589213536320413,0.7589213536320413,0.8831824985660727,0.8831824985660727,0.8831824985660727,0.5502240610911716,0.5502240610911716,0.4185230924634014,0.4185230924634014,0.4185230924634014,0.2679252624511719,0.2679252624511719,0.0,0.0,0.0,0.649683952331543,0.649683952331543,0.0,0.0,0.0
sub001-ses04-block8-game2_002::b0018,test/sub001/ses-04/sub001-ses04-block8-game2_002.npy,sub001,2,2,26,0,Short,0.7488180219312889,0.7488180219312889,0.779101227236402,0.779101227236402,0.779101227236402,0.5181315227614736,0.5181315227614736,0.5748022690854465,0.5748022690854465,0.5748022690854465,0.0,0.0,0.0,0.0,0.0,0.0,0.0,0.0,0.0,0.0
sub001-ses04-block8-game2_002::b0019,test/sub001/ses-04/sub001-ses04-block8-game2_002.npy,sub001,2,2,26,0,Short,0.7966911926948832,0.7966911926948832,0.7966911926948832,1.3237044981298973,1.3237044981298973,0.5542431623953454,0.5542431623953454,0.5542431623953454,0.20213555621143756,0.20213555621143756,4.6899189949035645,4.6899189949035645,4.6899189949035645,0.03832674026489258,0.03832674026489258,0.04147005081176758,0.04147005081176758,0.04147005081176758,0.5627274513244629,0.5627274513244629
sub001-ses04-block8-game2_002::b0020,test/sub001/ses-04/sub001-ses04-block8-game2_002.npy,sub001,2,3,26,0,Short,0.9246596085370842,1.1323683113581589,1.1323683113581589,1.1323683113581589,1.3175870991819878,0.4010801446036055,0.13126379794952653,0.13126379794952653,0.13126379794952653,0.2832065014386016,0.0,0.0,0.0,0.0,0.2340536117553711,0.0,0.0,0.0,0.0,0.9875988960266113
sub001-ses04-block8-game2_002::b0021,test/sub001/ses-04/sub001-ses04-block8-game2_002.npy,sub001,2,2,26,0,Short,0.8674843569287072,0.8674843569287072,0.9527024771200647,0.9527024771200647,0.9527024771200647,0.5202752884686318,0.5202752884686318,0.3675371414272613,0.3675371414272613,0.3675371414272613,3.786020278930664,3.786020278930664,0.0,0.0,0.0,0.0,0.0,0.0,0.0,0.0
sub001-ses04-block8-game2_002::b0022,test/sub001/ses-04/sub001-ses04-block8-game2_002.npy,sub001,2,2,26,0,Short,0.7399865524484821,0.7399865524484821,1.1900292037272817,1.1900292037272817,1.1900292037272817,0.5836874499951774,0.5836874499951774,0.15051902750305257,0.15051902750305257,0.15051902750305257,4.684659004211426,4.684659004211426,4.455296516418457,4.455296516418457,4.455296516418457,0.0,0.0,0.0,0.0,0.0
sub001-ses04-block8-game2_002::b0023,test/sub001/ses-04/sub001-ses04-block8-game2_002.npy,sub001,2,5,26,0,Short,0.8007967035979029,1.106417298182201,1.1179260805972213,1.1352131283410296,1.252943760215966,0.5306543281419983,0.15757105456450882,0.06826044580869628,0.15072381421312048,0.07898569070678751,0.0,0.0,0.025177955627441406,4.506888389587402,0.767509937286377,0.0,0.0,0.6623420715332031,0.0,0.05222129821777344
sub001-ses04-block8-game2_002::b0024,test/sub001/ses-04/sub001-ses04-block8-game2_002.npy,sub001,2,3,26,0,Short,0.9056769012538248,1.2002524534890102,1.2002524534890102,1.2002524534890102,0.9386491374380032,0.4663597232090209,0.10792964238193681,0.10792964238193681,0.10792964238193681,0.12438269897543958,3.442746877670288,0.3117508888244629,0.3117508888244629,0.3117508888244629,0.0,0.0,0.6350326538085938,0.6350326538085938,0.6350326538085938,0.0
sub001-ses04-block8-game2_002::b0025,test/sub001/ses-04/sub001-ses04-block8-game2_002.npy,sub001,2,3,26,0,Short,0.8196010317498204,1.2162476731871494,1.2162476731871494,1.2162476731871494,0.9216181433461351,0.5217143417331133,0.18276218267633149,0.18276218267633149,0.18276218267633149,0.4182564824554494,3.8594460487365723,3.9684054851531982,3.9684054851531982,3.9684054851531982,0.0,0.0,0.0,0.0,0.0,0.0
sub001-ses04-block8-game2_002::b0026,test/sub001/ses-04/sub001-ses04-block8-game2_002.npy,sub001,2,5,26,0,Short,0.7438400279855514,1.0751312142192158,1.0289191288969126,1.2340143001326298,1.0979939046663885,0.573085929684327,0.2695882369243686,0.03423388691404933,0.2741145228892376,0.03927153517829046,4.566389560699463,3.806462049484253,0.0,0.3913447856903076,3.7327308654785156,0.5673956871032715,0.0,0.0,0.0,0.0
sub001-ses04-block8-game2_002::b0027,test/sub001/ses-04/sub001-ses04-block8-game2_002.npy,sub001,2,3,26,0,Short,0.8118120271773344,1.1614500581153924,1.1614500581153924,1.1614500581153924,0.9952682111030821,0.5459000787837484,0.002380776974730159,0.002380776974730159,0.002380776974730159,0.20639603811206164,0.05138826370239258,0.2674422264099121,0.2674422264099121,0.2674422264099121,4.0369648933410645,0.5533661842346191,0.0,0.0,0.0,0.0
sub001-ses04-block8-game2_002::b0028,test/sub001/ses-04/sub001-ses04-block8-game2_002.npy,sub001,2,3,26,0,Short,0.786539250721029,0.786539250721029,1.2383763776286294,0.8685333274916182,0.8685333274916182,0.5519319454029095,0.5519319454029095,0.03518129723972524,0.457182454693343,0.457182454693343,3.944467782974243,3.944467782974243,0.008372068405151367,0.0,0.0,0.4932694435119629,0.4932694435119629,0.4217963218688965,0.0,0.0
sub001-ses04-block8-game2_002::b0029,test/sub001/ses-04/sub001-ses04-block8-game2_002.npy,sub001,2,4,26,0,Short,0.7334093656224516,1.0939853806316675,1.0939853806316675,1.1393706723107189,1.1051985196371166,0.5922908535111464,0.1823833890338193,0.1823833890338193,0.3058364305598479,0.29616227625828206,0.0,0.05540204048156738,0.05540204048156738,3.9876134395599365,3.779829263687134,0.0,0.0,0.0,0.0,0.0
sub001-ses04-block8-game2_002::b0030,test/sub001/ses-04/sub001-ses04-block8-game2_002.npy,sub001,2,4,26,0,Short,0.800878228178664,1.2544549696189606,1.2544549696189606,1.0549497199551625,1.124046190739149,0.5576440831830177,0.2960948671509567,0.2960948671509567,0.12647178136294046,0.234360051474804,0.041069984436035156,3.918217420578003,3.918217420578003,4.402508735656738,0.08532047271728516,0.2943115234375,0.0,0.0,0.35516929626464844,0.0
sub001-ses04-block8-game2_002::b0031,test/sub001/ses-04/sub001-ses04-block8-game2_002.npy,sub001,2,4,26,0,Short,0.8283707900144981,1.006784835773214,1.006784835773214,0.9983986906319544,1.1162899774498893,0.561098176601901,0.41615701741785033,0.41615701741785033,0.1799947936275451,0.2021477050090747,0.03197336196899414,0.14978623390197754,0.14978623390197754,0.10536861419677734,0.06459426879882812,1.158998727798462,0.0,0.0,0.6714358329772949,0.0
sub001-ses04-block8-game2_002::b0032,test/sub001/ses-04/sub001-ses04-block8-game2_002.npy,sub001,2,3,26,0,Short,0.8493891148360583,1.1205184940957829,1.1205184940957829,1.1205184940957829,0.9919094737817213,0.5252947942584504,0.2568907155430014,0.2568907155430014,0.2568907155430014,0.05431101957815959,0.07168054580688477,0.8648571968078613,0.8648571968078613,0.8648571968078613,4.2744550704956055,1.238431692123413,0.41602087020874023,0.41602087020874023,0.41602087020874023,1.2113261222839355
sub001-ses04-block8-game2_002::b0033,test/sub001/ses-04/sub001-ses04-block8-game2_002.npy,sub001,2,4,26,0,Short,0.8641615733575493,1.0468729938773804,1.0468729938773804,1.0746643723240255,0.9841720564397175,0.5524305015619813,0.31254402924153907,0.31254402924153907,0.20677825758941915,0.30727081460709993,0.0,0.0,0.0,3.397130250930786,0.6978297233581543,0.0,0.0,0.0,0.08510804176330566,0.5615940093994141
sub001-ses04-block8-game2_002::b0034,test/sub001/ses-04/sub001-ses04-block8-game2_002.npy,sub001,2,12,26,0,Short,0.979184927718776,0.9168306598643519,0.8991857156542722,0.9395424104912837,0.9878951986300233,0.4871858632276459,0.46917424221518356,0.5567021206058501,0.48435630396202534,0.4381128816187806,3.284463882446289,0.0,3.198009490966797,0.0,3.044020175933838,0.33283162117004395,0.0,0.028436660766601562,0.0,0.0
sub001-ses04-block8-game2_002::b0035,test/sub001/ses-04/sub001-ses04-block8-game2_002.npy,sub001,2,8,26,0,Short,0.8451915095026034,0.8264467184287067,0.9464952184449346,0.9053083686088758,0.8894253900755577,0.5517106862879377,0.5556568702973969,0.4310781882864786,0.47029723207246704,0.46090869525146266,0.24116015434265137,3.9366719722747803,0.008241415023803711,0.6089036464691162,3.3586971759796143,1.0955734252929688,0.9409234523773193,0.0,0.34487390518188477,0.07527017593383789
sub001-ses04-block8-game2_002::b0036,test/sub001/ses-04/sub001-ses04-block8-game2_002.npy,sub001,2,26,26,1,Long,1.0016905218871464,1.0597768161916834,0.8410153175033904,1.065375277509659,1.0088193924853575,0.4759782689994173,0.3036602830682278,0.5327149444083301,0.3559285969088505,0.4993726283012962,3.457289457321167,0.0,0.0,0.0,3.870966911315918,0.8297479152679443,0.0,0.0,0.0,0.574509859085083
sub001-ses04-block8-game2_002::b0037,test/sub001/ses-04/sub001-ses04-block8-game2_002.npy,sub001,2,12,26,0,Short,0.4947463045875502,1.084421930799494,0.9588355759594154,1.0206892567733494,0.8748539505995053,0.7889494232857125,0.412279439717135,0.4778093648363941,0.4419770113858438,0.5131417231048081,0.05120658874511719,4.79036283493042,0.037480831146240234,0.0,0.0,0.0,0.5451626777648926,0.2878074645996094,0.0,0.0
sub001-ses04-block8-game2_002::b0038,test/sub001/ses-04/sub001-ses04-block8-game2_002.npy,sub001,2,4,26,0,Short,0.6355834659124061,1.225422950392685,1.225422950392685,0.8520157899040007,1.1880561746188332,0.7033223390528174,0.2917888557316124,0.2917888557316124,0.59804044530483,0.30943812326035425,0.0,0.13984203338623047,0.13984203338623047,0.0,0.0,0.0,0.8157505989074707,0.8157505989074707,0.0,0.0
sub001-ses04-block8-game2_002::b0039,test/sub001/ses-04/sub001-ses04-block8-game2_002.npy,sub001,2,6,26,0,Short,0.8942734585755193,0.9723236090962011,0.9593307901043101,0.8946815220735481,0.9363096162858408,0.3865484654546722,0.5206022437544376,0.5207097877886537,0.5365545811174512,0.5808805391159066,0.0,4.0042314529418945,0.0,0.0,0.0,0.0,0.014960765838623047,0.0,0.0,0.0
sub001-ses04-block8-game2_002::b0040,test/sub001/ses-04/sub001-ses04-block8-game2_002.npy,sub001,2,5,26,0,Short,0.42366255724866586,0.9239326867340943,0.9064737383886162,0.9495007339066606,0.9591804906830262,0.8178434247648456,0.3737664840109415,0.4271268423961101,0.44221195627796106,0.2545468624765846,4.342329025268555,0.23479604721069336,0.38666582107543945,0.0,4.702145099639893,0.28680419921875,0.1505446434020996,0.10039281845092773,0.0,0.5814089775085449
sub001-ses04-block8-game2_002::b0041,test/sub001/ses-04/sub001-ses04-block8-game2_002.npy,sub001,2,4,26,0,Short,0.8327842183116082,0.9626387113929828,0.7556433601443836,0.7556433601443836,0.880446716854657,0.4884948887332219,0.507759626202182,0.6280294775378017,0.6280294775378017,0.4868578948878991,0.11310482025146484,0.789574146270752,0.0,0.0,4.610490322113037,0.0,0.3960599899291992,0.0,0.0,0.1844639778137207
sub001-ses04-block8-game2_002::b0042,test/sub001/ses-04/sub001-ses04-block8-game2_002.npy,sub001,2,6,26,0,Short,1.0171368063343134,0.9505608878676721,1.0379637137890685,0.8976613175037398,1.0404234901195581,0.38004425991720747,0.03148565921603397,0.055484148516093346,0.23492009722247315,0.0425881333771741,4.098733425140381,0.3072643280029297,0.06720924377441406,4.333527088165283,0.15262269973754883,0.11364459991455078,0.6634182929992676,0.29667234420776367,0.2468886375427246,0.3245506286621094
sub001-ses04-block8-game2_002::b0043,test/sub001/ses-04/sub001-ses04-block8-game2_002.npy,sub001,2,6,26,0,Short,0.7074186158129014,0.9766263954569531,1.0239422529013542,1.0472965403929835,1.1231120752580221,0.680554309537841,0.2570724461589541,0.15330260585654581,0.04771695956138633,0.026317251584407286,0.0,0.25794124603271484,0.0,0.0,0.0,0.0,1.1009368896484375,0.0,0.0,0.0
sub001-ses04-block8-game2_002::b0044,test/sub001/ses-04/sub001-ses04-block8-game2_002.npy,sub001,2,3,26,0,Short,0.7854807474821641,0.9631013585538927,0.9631013585538927,0.9631013585538927,1.073928828245272,0.5762211238255128,0.09240399384781611,0.09240399384781611,0.09240399384781611,0.04061180191140934,0.5552582740783691,5.10175895690918,5.10175895690918,5.10175895690918,0.0,0.6568808555603027,0.563286304473877,0.563286304473877,0.563286304473877,0.0
sub001-ses04-block8-game2_002::b0045,test/sub001/ses-04/sub001-ses04-block8-game2_002.npy,sub001,2,2,26,0,Short,0.7403426199670432,0.7403426199670432,0.7403426199670432,0.92580713349695,0.92580713349695,0.5637773208178145,0.5637773208178145,0.5637773208178145,0.19406425742121175,0.19406425742121175,0.03803682327270508,0.03803682327270508,0.03803682327270508,0.0,0.0,0.5487208366394043,0.5487208366394043,0.5487208366394043,0.0,0.0
sub001-ses04-block8-game2_002::b0046,test/sub001/ses-04/sub001-ses04-block8-game2_002.npy,sub001,2,2,26,0,Short,0.7458955649418372,0.7458955649418372,0.7458955649418372,0.9557512037504179,0.9557512037504179,0.5524016074332034,0.5524016074332034,0.5524016074332034,0.2705644629438825,0.2705644629438825,0.6104249954223633,0.6104249954223633,0.6104249954223633,4.868657112121582,4.868657112121582,0.2869992256164551,0.2869992256164551,0.2869992256164551,0.0,0.0
sub001-ses04-block8-game2_002::b0047,test/sub001/ses-04/sub001-ses04-block8-game2_002.npy,sub001,2,2,26,0,Short,0.7115351262565102,0.7115351262565102,0.8586822635971765,0.8586822635971765,0.8586822635971765,0.5461485418108015,0.5461485418108015,0.38586995047127987,0.38586995047127987,0.38586995047127987,0.3105893135070801,0.3105893135070801,0.7934937477111816,0.7934937477111816,0.7934937477111816,0.5768918991088867,0.5768918991088867,0.4864063262939453,0.4864063262939453,0.4864063262939453
sub001-ses04-block8-game2_002::b0048,test/sub001/ses-04/sub001-ses04-block8-game2_002.npy,sub001,2,4,26,0,Short,0.8535641871658992,0.9021336779492787,0.9021336779492787,0.8469682718533991,0.9740864723448539,0.5362302007491188,0.4122444327732347,0.4122444327732347,0.3372139921927505,0.164472601869805,0.0,5.078181266784668,5.078181266784668,4.554004669189453,0.3954930305480957,0.0,0.6448688507080078,0.6448688507080078,0.0,0.15777301788330078
sub001-ses04-block8-game2_002::b0049,test/sub001/ses-04/sub001-ses04-block8-game2_002.npy,sub001,2,3,26,0,Short,0.8492503532644745,0.9224016647306224,0.9224016647306224,0.9224016647306224,0.9644977323572234,0.5445875538334011,0.4387044749500823,0.4387044749500823,0.4387044749500823,0.37370781803195846,0.46286487579345703,0.4045991897583008,0.4045991897583008,0.4045991897583008,5.011695861816406,0.5478625297546387,0.47044944763183594,0.47044944763183594,0.47044944763183594,0.7324118614196777
sub001-ses04-block8-game2_002::b0050,test/sub001/ses-04/sub001-ses04-block8-game2_002.npy,sub001,2,4,26,0,Short,0.8194815467284784,0.9775361557186221,0.9775361557186221,0.9342230352551443,0.9293172576443572,0.49597472459778424,0.374322303232695,0.374322303232695,0.16019275872470756,0.3944634984623894,0.16284418106079102,0.3982119560241699,0.3982119560241699,0.029077529907226562,0.0,0.8987188339233398,0.5470027923583984,0.5470027923583984,1.0111279487609863,0.0
sub001-ses04-block8-game2_002::b0051,test/sub001/ses-04/sub001-ses04-block8-game2_002.npy,sub001,2,2,26,0,Short,0.8460272277184073,0.8460272277184073,1.0772327194821203,1.0772327194821203,1.0772327194821203,0.5059358866641773,0.5059358866641773,0.2059831524813196,0.2059831524813196,0.2059831524813196,4.997518539428711,4.997518539428711,5.001486301422119,5.001486301422119,5.001486301422119,0.6970376968383789,0.6970376968383789,0.43081092834472656,0.43081092834472656,0.43081092834472656
sub001-ses04-block8-game2_002::b0052,test/sub001/ses-04/sub001-ses04-block8-game2_002.npy,sub001,2,4,26,0,Short,0.9547407321584047,0.9184216435196914,0.9184216435196914,0.9601903145178575,1.1912659778693586,0.43123042860799454,0.4567298170562636,0.4567298170562636,0.41871758998200526,0.3455834048287225,0.0,4.937225818634033,4.937225818634033,4.82705020904541,0.45433902740478516,0.0,0.5950984954833984,0.5950984954833984,0.6051845550537109,0.6119170188903809
sub001-ses04-block8-game2_002::b0053,test/sub001/ses-04/sub001-ses04-block8-game2_002.npy,sub001,2,3,26,0,Short,0.8081268937261298,0.8081268937261298,1.3515666890015947,1.2421595102740595,1.2421595102740595,0.5400124933404811,0.5400124933404811,0.04637376744321381,0.0870493482787621,0.0870493482787621,0.20519065856933594,0.20519065856933594,0.0,0.7844412326812744,0.7844412326812744,0.5793828964233398,0.5793828964233398,0.0,0.10906457901000977,0.10906457901000977
sub001-ses04-block8-game2_002::b0054,test/sub001/ses-04/sub001-ses04-block8-game2_002.npy,sub001,2,4,26,0,Short,0.8275630747363804,1.0750270748217907,1.0750270748217907,0.9542633581164128,1.032633183759692,0.5111318125894404,0.29875885897622584,0.29875885897622584,0.41787452921935897,0.3143275579755048,0.1665635108947754,0.0,0.0,4.384223937988281,4.266906261444092,0.6419272422790527,0.0,0.0,0.024603843688964844,0.0
sub001-ses04-block8-game2_002::b0055,test/sub001/ses-04/sub001-ses04-block8-game2_002.npy,sub001,2,3,26,0,Short,0.771659047401281,0.771659047401281,1.1323136563947442,1.1156848962075139,1.1156848962075139,0.5680423922782033,0.5680423922782033,0.27223946680013655,0.4323146972626236,0.4323146972626236,0.0,0.0,0.0,0.21366453170776367,0.21366453170776367,0.0,0.0,0.0,0.056052207946777344,0.056052207946777344
sub001-ses04-block8-game2_002::b0056,test/sub001/ses-04/sub001-ses04-block8-game2_002.npy,sub001,2,4,26,0,Short,0.9201208450719058,0.9832672798840676,0.9832672798840676,1.0511175613227282,1.2844062527492768,0.5083954090741605,0.5279426321611271,0.5279426321611271,0.4691296929587492,0.06395431720272488,4.6526899337768555,4.702045440673828,4.702045440673828,0.3963932991027832,0.20729541778564453,0.7103323936462402,1.1504249572753906,1.1504249572753906,1.1283445358276367,0.5048427581787109
sub001-ses04-block8-game2_002::b0057,test/sub001/ses-04/sub001-ses04-block8-game2_002.npy,sub001,2,3,26,0,Short,1.046370712577315,1.046370712577315,1.0289566689728753,1.300799972066265,1.300799972066265,0.3748528333213736,0.3748528333213736,0.444782763240116,0.18581190967921946,0.18581190967921946,4.352044105529785,4.352044105529785,0.0,4.210048198699951,4.210048198699951,0.5702557563781738,0.5702557563781738,0.0,1.0952730178833008,1.0952730178833008
sub001-ses04-block8-game2_002::b0058,test/sub001/ses-04/sub001-ses04-block8-game2_002.npy,sub001,2,4,26,0,Short,0.9023739653547254,1.1954077820282931,1.1954077820282931,0.909047793226165,1.1561990148077377,0.45457701092382985,0.38526979140017614,0.38526979140017614,0.5130764837080416,0.3055099794440375,3.918238639831543,0.0,0.0,4.409322261810303,0.8489589691162109,0.2282397747039795,0.0,0.0,1.3631136417388916,1.4073781967163086
sub001-ses04-block8-game2_002::b0059,test/sub001/ses-04/sub001-ses04-block8-game2_002.npy,sub001,2,49,26,1,Long,0.818601264592007,1.0968610628949234,1.3695129799888177,1.1384270533761178,0.8327192571565641,0.5066150855974687,0.3217592787870462,0.11976245818790587,0.30768877232096226,0.549532203985682,0.5268981456756592,4.0771026611328125,1.3009707927703857,1.6750907897949219,3.72210693359375,0.30153989791870117,0.2378983497619629,1.7790560722351074,0.9806394577026367,0.23101520538330078
sub001-ses04-block8-game2_002::b0060,test/sub001/ses-04/sub001-ses04-block8-game2_002.npy,sub001,2,4,26,0,Short,0.21104593596235866,1.1215578678828848,1.1215578678828848,1.0996506550823872,1.1055337178510272,0.9354431314763185,0.4511534739880178,0.4511534739880178,0.4094778485856817,0.39487982791095927,4.445146083831787,0.0,0.0,0.0,0.0,0.5831468105316162,0.0,0.0,0.0,0.0
sub001-ses04-block8-game2_002::b0061,test/sub001/ses-04/sub001-ses04-block8-game2_002.npy,sub001,2,6,26,0,Short,0.7375734483951851,0.920721549924675,0.9392621654464718,0.9453739540465445,0.8135580265649964,0.6665438360589326,0.34444583781089294,0.3584243691315712,0.4189198034630885,0.4382601832580931,0.0,0.0,0.29614877700805664,4.182200908660889,4.076413154602051,0.0,0.0,0.32315635681152344,0.0,0.35713958740234375
sub001-ses04-block8-game2_002::b0062,test/sub001/ses-04/sub001-ses04-block8-game2_002.npy,sub001,2,21,26,0,Short,0.33311955554477135,0.8814493481139469,0.792982943843915,0.8577179197296436,0.7488605976303658,0.8854694466594578,0.6151037098705684,0.6451504270747374,0.6032201721460335,0.7047270922186678,0.0,0.0,3.9821133613586426,0.0,0.08161807060241699,0.0,0.0,0.10604333877563477,0.0,0.2450118064880371
sub001-ses04-block8-game2_002::b0063,test/sub001/ses-04/sub001-ses04-block8-game2_002.npy,sub001,2,4,26,0,Short,0.8917036174938441,0.9655510158780914,0.9655510158780914,1.1008876354502468,0.9619085654723014,0.5638115729991461,0.26091570179617574,0.26091570179617574,0.15631718864166466,0.02068404740470925,0.005389213562011719,0.6241450309753418,0.6241450309753418,5.378647804260254,0.46657800674438477,0.6649904251098633,0.7647595405578613,0.7647595405578613,0.7537155151367188,0.8825159072875977
sub001-ses04-block8-game2_002::b0064,test/sub001/ses-04/sub001-ses04-block8-game2_002.npy,sub001,2,2,26,0,Short,0.8192465244595234,0.8192465244595234,1.0052321104986843,1.0052321104986843,1.0052321104986843,0.5188818695666781,0.5188818695666781,0.03239688634707266,0.03239688634707266,0.03239688634707266,4.539315700531006,4.539315700531006,4.659455299377441,4.659455299377441,4.659455299377441,0.5389204025268555,0.5389204025268555,0.22794866561889648,0.22794866561889648,0.22794866561889648
sub001-ses04-block8-game2_002::b0065,test/sub001/ses-04/sub001-ses04-block8-game2_002.npy,sub001,2,6,26,0,Short,0.6955699192626914,0.9594807103023631,1.0027327839382512,0.9128129035091788,0.9779882796573633,0.599039346365323,0.07532628843224959,0.055357755187308455,0.18022010099277402,0.08255013942653039,4.334662914276123,4.468393802642822,4.571362018585205,0.09008407592773438,4.245474815368652,0.13779926300048828,0.3005824089050293,0.5657591819763184,0.7167792320251465,0.16341733932495117
sub001-ses04-block8-game2_002::b0066,test/sub001/ses-04/sub001-ses04-block8-game2_002.npy,sub001,2,4,26,0,Short,0.7902131649660699,1.070421455687026,1.070421455687026,1.0945626982596115,1.0073048163053533,0.5666823818053304,0.07239489350597578,0.07239489350597578,0.28971433674378005,0.1790012302831281,0.0,4.370505332946777,4.370505332946777,4.440592288970947,4.449740409851074,0.0,0.24747657775878906,0.24747657775878906,0.43692779541015625,0.4397883415222168
sub001-ses04-block8-game2_002::b0067,test/sub001/ses-04/sub001-ses04-block8-game2_002.npy,sub001,2,4,26,0,Short,0.783051487931403,1.0149456980059717,1.0149456980059717,1.0767930695618395,0.9963668261291815,0.573420881600532,0.11896297407001993,0.11896297407001993,0.06080634539202273,0.2659437633406901,4.649360656738281,4.435792922973633,4.435792922973633,0.0,0.0,0.6978590488433838,0.274538516998291,0.274538516998291,0.0,0.0
sub001-ses04-block8-game2_002::b0068,test/sub001/ses-04/sub001-ses04-block8-game2_002.npy,sub001,2,4,26,0,Short,0.7863743450221883,0.9930840846143686,0.9930840846143686,1.118121695986629,0.9652258393812951,0.5774920428198747,0.24569330705052211,0.24569330705052211,0.04279708509044572,0.12496974349300549,0.0,0.0,0.0,4.501721382141113,0.0,0.0,0.0,0.0,0.5025527477264404,0.0
sub001-ses04-block8-game2_002::b0069,test/sub001/ses-04/sub001-ses04-block8-game2_002.npy,sub001,2,4,26,0,Short,0.7952733076857343,1.100490545491741,1.100490545491741,1.0079082851320464,1.1175950439093238,0.5450199118746504,0.026197473715164954,0.026197473715164954,0.2878087023571462,0.28699674657673546,3.9780986309051514,3.9092071056365967,3.9092071056365967,3.9942820072174072,0.0,0.0,0.0,0.0,0.32656240463256836,0.0
sub001-ses04-block8-game2_002::b0070,test/sub001/ses-04/sub001-ses04-block8-game2_002.npy,sub001,2,3,26,0,Short,0.8058336785800662,1.21008820903839,1.21008820903839,1.21008820903839,1.1604802194815953,0.5294012903486108,0.2893809885111669,0.2893809885111669,0.2893809885111669,0.3642795074300641,0.0,3.671128511428833,3.671128511428833,3.671128511428833,0.3190021514892578,0.0,0.09600162506103516,0.09600162506103516,0.09600162506103516,0.4530208110809326
sub001-ses04-block8-game2_002::b0071,test/sub001/ses-04/sub001-ses04-block8-game2_002.npy,sub001,2,2,26,0,Short,0.8994360780334616,0.8994360780334616,0.9678876834060862,0.9678876834060862,0.9678876834060862,0.4919040057002122,0.4919040057002122,0.4873276219645264,0.4873276219645264,0.4873276219645264,2.901353120803833,2.901353120803833,3.169739246368408,3.169739246368408,3.169739246368408,0.0,0.0,0.0,0.0,0.0
sub001-ses04-block8-game2_002::b0072,test/sub001/ses-04/sub001-ses04-block8-game2_002.npy,sub001,2,4,26,0,Short,0.9337417288900972,1.1081712989434986,1.1081712989434986,1.2551966463902238,1.1818629054572534,0.4616035526752109,0.25373418511224183,0.25373418511224183,0.3085705597278857,0.25638426558585053,0.14484167098999023,0.0,0.0,0.0,2.918973445892334,0.0,0.0,0.0,0.0,0.0
sub001-ses04-block8-game2_002::b0073,test/sub001/ses-04/sub001-ses04-block8-game2_002.npy,sub001,2,5,26,0,Short,0.41777028970691593,1.044585998580065,1.0975791319389214,1.0762884414689686,1.3263867995119787,0.8357283657754031,0.460844546412016,0.3974585048282213,0.4522323131833119,0.2575088189734849,0.0,3.4326412677764893,0.0,2.8820126056671143,2.933389186859131,0.0,0.8526537418365479,0.0,0.31815600395202637,0.10806608200073242
sub001-ses04-block8-game2_002::b0074,test/sub001/ses-04/sub001-ses04-block8-game2_002.npy,sub001,2,23,26,0,Short,1.0216805253897516,1.2187989963829913,1.1962113607927745,1.0815171303126272,1.0383644332005066,0.38001131152963313,0.3214568807911208,0.3606016478749291,0.41921242091781585,0.4095208503482672,2.8534741401672363,0.0,0.1676952838897705,3.699618101119995,0.5372440814971924,0.11872267723083496,0.0,0.7656259536743164,1.3201959133148193,1.0362513065338135
sub001-ses04-block8-game2_002::b0075,test/sub001/ses-04/sub001-ses04-block8-game2_002.npy,sub001,2,12,26,0,Short,1.2564484532811497,1.0203980420597758,1.0892333548667523,1.0391081595540836,1.0648853312184894,0.14527570276745422,0.3895019386128814,0.33520308124670534,0.40914564414873783,0.32717071829719785,0.0,2.661241292953491,0.1756908893585205,0.0,0.0,0.0,0.5535879135131836,1.0844206809997559,0.0,0.0
sub001-ses04-block8-game2_002::b0076,test/sub001/ses-04/sub001-ses04-block8-game2_002.npy,sub001,2,15,26,0,Short,0.47684803965439754,0.9646638752681832,0.803648916115075,0.7054823748072221,1.0050753040690839,0.7669293148719715,0.364022897636283,0.5774089827451979,0.632682667529497,0.3237687598161539,0.0,4.140892028808594,4.871841907501221,4.825806617736816,0.0,0.0,0.3304448127746582,0.570976734161377,0.5474801063537598,0.0
sub001-ses04-block8-game2_002::b0077,test/sub001/ses-04/sub001-ses04-block8-game2_002.npy,sub001,2,16,26,0,Short,0.753647248900662,0.961754732233649,0.885433002940676,0.938147621862745,0.9589269550665609,0.5882133887886959,0.18726982761539174,0.3544946630634443,0.2622874867276085,0.2382405881692241,0.0,5.051079273223877,0.21477031707763672,5.689344882965088,0.5238461494445801,0.0,0.045511722564697266,0.0,0.24078130722045898,0.059958457946777344
sub001-ses04-block8-game2_002::b0078,test/sub001/ses-04/sub001-ses04-block8-game2_002.npy,sub001,2,2,26,0,Short,0.7782182181990922,0.7782182181990922,0.8966425000691958,0.8966425000691958,0.8966425000691958,0.5556003463482089,0.5556003463482089,0.30063515704119365,0.30063515704119365,0.30063515704119365,5.832383155822754,5.832383155822754,0.0,0.0,0.0,0.7979998588562012,0.7979998588562012,0.0,0.0,0.0
sub001-ses04-block8-game2_002::b0081,test/sub001/ses-04/sub001-ses04-block8-game2_002.npy,sub001,2,4,26,0,Short,1.050376967020138,0.9138313790788122,0.9138313790788122,1.0303530331520145,0.8469172791309106,0.43022402139806404,0.4877758463078834,0.4877758463078834,0.4361942691261268,0.5222823319270053,4.482994079589844,0.0,0.0,0.0,0.0,0.052229881286621094,0.0,0.0,0.0,0.0
sub001-ses04-block8-game2_002::b0082,test/sub001/ses-04/sub001-ses04-block8-game2_002.npy,sub001,2,6,26,0,Short,0.8047732254403545,0.8371012722193105,0.8206325177132674,1.1779186317567423,1.0389446454291216,0.5161918461349356,0.5382608603221328,0.5903856209237538,0.37070364472807427,0.511659653069956,0.0,4.523001194000244,4.473694801330566,0.09372282028198242,4.202170372009277,0.0,0.22483348846435547,0.11389493942260742,0.5147271156311035,0.0
sub001-ses04-block8-game2_002::b0083,test/sub001/ses-04/sub001-ses04-block8-game2_002.npy,sub001,2,2,26,0,Short,0.9564964854153513,0.9564964854153513,0.9606725709925374,0.9606725709925374,0.9606725709925374,0.49327562742506964,0.49327562742506964,0.3961477141112035,0.3961477141112035,0.3961477141112035,4.582591533660889,4.582591533660889,4.031401634216309,4.031401634216309,4.031401634216309,0.16158628463745117,0.16158628463745117,0.0,0.0,0.0
sub001-ses04-block8-game2_002::b0084,test/sub001/ses-04/sub001-ses04-block8-game2_002.npy,sub001,2,3,26,0,Short,0.987503907366302,1.003606332564316,1.003606332564316,1.003606332564316,1.1342818206627758,0.47440299644814926,0.31661747892284015,0.31661747892284015,0.31661747892284015,0.24965512952052943,4.933176040649414,0.0,0.0,0.0,4.616332054138184,0.793337345123291,0.0,0.0,0.0,0.5371971130371094
sub001-ses04-block8-game2_002::b0085,test/sub001/ses-04/sub001-ses04-block8-game2_002.npy,sub001,2,2,26,0,Short,0.8958103359926984,0.8958103359926984,0.9407033551659603,0.9407033551659603,0.9407033551659603,0.4905543620885654,0.4905543620885654,0.25400978298395643,0.25400978298395643,0.25400978298395643,0.0,0.0,4.445876121520996,4.445876121520996,4.445876121520996,0.0,0.0,0.6261048316955566,0.6261048316955566,0.6261048316955566
sub001-ses04-block8-game2_002::b0086,test/sub001/ses-04/sub001-ses04-block8-game2_002.npy,sub001,2,2,26,0,Short,1.1114836721725636,1.1114836721725636,1.0160335152596252,1.0160335152596252,1.0160335152596252,0.33883967720429964,0.33883967720429964,0.40310003816268125,0.40310003816268125,0.40310003816268125,3.6236190795898438,3.6236190795898438,3.4705610275268555,3.4705610275268555,3.4705610275268555,0.0,0.0,0.0,0.0,0.0
sub001-ses04-block8-game2_002::b0087,test/sub001/ses-04/sub001-ses04-block8-game2_002.npy,sub001,2,2,26,0,Short,0.8441933038913089,0.8441933038913089,0.9276665442579951,0.9276665442579951,0.9276665442579951,0.4906627602440813,0.4906627602440813,0.40320974297849316,0.40320974297849316,0.40320974297849316,0.03496360778808594,0.03496360778808594,0.09551334381103516,0.09551334381103516,0.09551334381103516,0.8269345760345459,0.8269345760345459,0.3059964179992676,0.3059964179992676,0.3059964179992676
sub001-ses04-block8-game2_002::b0088,test/sub001/ses-04/sub001-ses04-block8-game2_002.npy,sub001,2,2,26,0,Short,0.9245662915813457,0.9245662915813457,1.02201063957758,1.02201063957758,1.02201063957758,0.4558164878434263,0.4558164878434263,0.22397056942435145,0.22397056942435145,0.22397056942435145,3.827667474746704,3.827667474746704,3.7624454498291016,3.7624454498291016,3.7624454498291016,0.2477428913116455,0.2477428913116455,0.0,0.0,0.0
sub001-ses04-block8-game2_002::b0089,test/sub001/ses-04/sub001-ses04-block8-game2_002.npy,sub001,2,3,26,0,Short,0.9238427846674541,1.0128728325791183,1.0128728325791183,1.0128728325791183,1.0547003613355634,0.4748417984959119,0.32456286807115486,0.32456286807115486,0.32456286807115486,0.1824375633824286,3.603661060333252,3.6465952396392822,3.6465952396392822,3.6465952396392822,0.0,0.0,0.0,0.0,0.0,0.0
sub001-ses04-block8-game2_002::b0090,test/sub001/ses-04/sub001-ses04-block8-game2_002.npy,sub001,2,8,26,0,Short,1.0433085602557997,1.2775011936019705,1.399170920412891,1.1391726927920953,0.9951088159254367,0.39584326147172033,0.2207317683105525,0.02743417891757982,0.32336596935311973,0.4420157866255673,0.0,0.13976192474365234,0.0,0.0,0.0,0.0,0.6244590282440186,0.0,0.0,0.0
sub001-ses04-block8-game2_002::b0091,test/sub001/ses-04/sub001-ses04-block8-game2_002.npy,sub001,2,4,26,0,Short,0.9063352440753631,1.0750147996462922,1.0750147996462922,0.9428010401675413,1.0551901127690517,0.48916232201066,0.33623949636041006,0.33623949636041006,0.4485135043070928,0.3670219054644831,0.0,0.0,0.0,0.0,3.4784345626831055,0.0,0.0,0.0,0.0,0.5282847881317139
sub001-ses04-block8-game2_002::b0092,test/sub001/ses-04/sub001-ses04-block8-game2_002.npy,sub001,2,2,26,0,Short,0.8758135430738825,0.8758135430738825,1.1191288277544278,1.1191288277544278,1.1191288277544278,0.48301139299435464,0.48301139299435464,0.30517045065698345,0.30517045065698345,0.30517045065698345,0.0,0.0,0.0,0.0,0.0,0.0,0.0,0.0,0.0,0.0
sub001-ses04-block8-game2_002::b0093,test/sub001/ses-04/sub001-ses04-block8-game2_002.npy,sub001,2,22,26,0,Short,1.0190565437193864,1.1837237126359952,1.1009902120522603,1.0678332304371745,0.9831131669970041,0.4147834722481638,0.3900249901129995,0.4400752469215633,0.4561659658673668,0.5319794563422285,2.516244649887085,2.6039910316467285,0.0,0.0,2.8073318004608154,0.0,0.0,0.0,0.0,0.4386935234069824
sub001-ses04-block8-game2_002::b0094,test/sub001/ses-04/sub001-ses04-block8-game2_002.npy,sub001,2,28,26,1,Long,0.6197471249640621,1.0324248038043324,0.934271070115969,0.9598758916113341,0.9618447685324354,0.729923434218815,0.48474634322477533,0.5530835282957527,0.5041280392263395,0.5105669557232411,2.653343677520752,0.0,0.0,2.7464487552642822,2.8423030376434326,0.0,0.0,0.0,0.0,0.0
sub001-ses04-block8-game2_002::b0095,test/sub001/ses-04/sub001-ses04-block8-game2_002.npy,sub001,2,9,26,0,Short,0.888493545371603,1.0534879944384943,1.2079949042641673,1.0756705932391988,1.0947351883448393,0.4530785144691642,0.4280189564263357,0.25618153035976876,0.4371174028690642,0.413673734055101,3.2094533443450928,3.0403709411621094,0.06283164024353027,0.0,3.089184284210205,0.3544631004333496,0.15282845497131348,0.1544344425201416,0.0,0.2043018341064453
sub001-ses04-block8-game2_002::b0096,test/sub001/ses-04/sub001-ses04-block8-game2_002.npy,sub001,2,2,26,0,Short,0.9774428505416962,0.9774428505416962,1.0411144707240345,1.0411144707240345,1.0411144707240345,0.436172873478621,0.436172873478621,0.3903612477972291,0.3903612477972291,0.3903612477972291,2.807533025741577,2.807533025741577,3.05545973777771,3.05545973777771,3.05545973777771,0.01665496826171875,0.01665496826171875,0.23354625701904297,0.23354625701904297,0.23354625701904297
sub001-ses04-block8-game2_002::b0097,test/sub001/ses-04/sub001-ses04-block8-game2_002.npy,sub001,2,6,26,0,Short,0.57986378879149,1.1016962405795743,1.0840829904557139,1.0099296800456576,1.0556523538588096,0.7670784143286725,0.2981989080380439,0.34226580987209737,0.46109269915870915,0.400115976658864,0.06373834609985352,0.0,3.0843939781188965,0.0,3.190011501312256,0.24588656425476074,0.0,0.23189711570739746,0.0,0.2614407539367676
sub001-ses04-block8-game2_002::b0098,test/sub001/ses-04/sub001-ses04-block8-game2_002.npy,sub001,2,2,26,0,Short,0.9734483885439182,0.9734483885439182,0.9734483885439182,1.2153373628333208,1.2153373628333208,0.43255380088590073,0.43255380088590073,0.43255380088590073,0.24639233955015954,0.24639233955015954,0.0,0.0,0.0,0.0,0.0,0.0,0.0,0.0,0.0,0.0
sub001-ses04-block8-game2_002::b0099,test/sub001/ses-04/sub001-ses04-block8-game2_002.npy,sub001,2,3,26,0,Short,1.0741497532407753,1.0741497532407753,1.331740468946379,1.1354086681569382,1.1354086681569382,0.3652368462126669,0.3652368462126669,0.2749104676166826,0.40464913824740223,0.40464913824740223,2.4478096961975098,2.4478096961975098,3.1088640689849854,0.11768364906311035,0.11768364906311035,0.0,0.0,0.2965259552001953,0.0,0.0
sub001-ses04-block8-game2_002::b0100,test/sub001/ses-04/sub001-ses04-block8-game2_002.npy,sub001,2,3,26,0,Short,1.0971875357773873,1.0971875357773873,1.2900685168068862,1.2278345740083243,1.2278345740083243,0.36101657477622767,0.36101657477622767,0.28049826478818435,0.1926752412754511,0.1926752412754511,0.02999734878540039,0.02999734878540039,3.0249032974243164,0.25882411003112793,0.25882411003112793,0.0,0.0,0.21660089492797852,0.0,0.0
sub001-ses04-block8-game2_002::b0101,test/sub001/ses-04/sub001-ses04-block8-game2_002.npy,sub001,2,2,26,0,Short,0.9724524038221503,0.9724524038221503,1.0517910795939112,1.0517910795939112,1.0517910795939112,0.4856954717442023,0.4856954717442023,0.49558535838616147,0.49558535838616147,0.49558535838616147,0.255540132522583,0.255540132522583,2.577482223510742,2.577482223510742,2.577482223510742,0.332977294921875,0.332977294921875,0.004546642303466797,0.004546642303466797,0.004546642303466797
sub001-ses04-block8-game2_002::b0103,test/sub001/ses-04/sub001-ses04-block8-game2_002.npy,sub001,2,2,26,0,Short,1.2165327583216026,1.2165327583216026,1.2165327583216026,1.3684312382577304,1.3684312382577304,0.20864177329248607,0.20864177329248607,0.20864177329248607,0.2779406333320087,0.2779406333320087,2.9576752185821533,2.9576752185821533,2.9576752185821533,0.0,0.0,0.4170267581939697,0.4170267581939697,0.4170267581939697,0.0,0.0
sub001-ses04-block8-game2_002::b0104,test/sub001/ses-04/sub001-ses04-block8-game2_002.npy,sub001,2,4,26,0,Short,0.9408439135972972,1.3099139615094384,1.3099139615094384,1.359656181230947,1.3490791679907543,0.47872750141067355,0.2488419205764451,0.2488419205764451,0.20122914320097274,0.2744597809680368,0.0,0.0,0.0,2.659822463989258,0.5616869926452637,0.0,0.0,0.0,0.530778169631958,0.0
sub001-ses04-block8-game2_002::b0105,test/sub001/ses-04/sub001-ses04-block8-game2_002.npy,sub001,2,4,26,0,Short,0.9907168586611814,1.298294211630846,1.298294211630846,1.292065836424703,1.4065048265264015,0.4565629662417917,0.25018206811921617,0.25018206811921617,0.2642335680830156,0.19462330904770506,0.0,0.0,0.0,0.0,0.49814391136169434,0.0,0.0,0.0,0.0,0.0
sub001-ses04-block8-game2_002::b0106,test/sub001/ses-04/sub001-ses04-block8-game2_002.npy,sub001,2,3,26,0,Short,1.0437782541716727,1.290313143902012,1.290313143902012,1.290313143902012,1.3220375349245321,0.3890781315766306,0.2068078048498605,0.2068078048498605,0.2068078048498605,0.17996800452554557,0.0,0.0,0.0,0.0,0.0,0.0,0.0,0.0,0.0,0.0
sub001-ses04-block8-game2_002::b0107,test/sub001/ses-04/sub001-ses04-block8-game2_002.npy,sub001,2,6,26,0,Short,1.1728130653349835,1.2211965441186823,1.2975287525361145,1.2535806245709196,1.3454534070330983,0.3380344762362426,0.3074521428792001,0.24819397734929122,0.37324524793206665,0.2882360588439778,0.0,0.0,2.4768054485321045,0.2465670108795166,0.1714468002319336,0.0,0.0,0.06332850456237793,0.1074225902557373,0.09387683868408203
sub001-ses04-block8-game2_002::b0108,test/sub001/ses-04/sub001-ses04-block8-game2_002.npy,sub001,2,6,26,0,Short,1.1123757003568269,1.2885651391094348,1.1592230660424385,1.1854926790728422,1.183908322423586,0.4272045786638783,0.3311977726616485,0.4232619479840879,0.42924123987616486,0.38466138027426033,2.3256866931915283,0.0,0.0,2.236710786819458,0.0,0.0,0.0,0.0,0.0,0.0
sub001-ses04-block8-game2_002::b0109,test/sub001/ses-04/sub001-ses04-block8-game2_002.npy,sub001,2,6,26,0,Short,1.0797898399276151,0.8806903486160251,0.8952203853480104,1.014627030599651,0.9381115756247557,0.44617653694382775,0.5456256083377173,0.5328109370885721,0.42604013116548006,0.5117590635849182,0.13367986679077148,0.00992441177368164,3.223315715789795,2.6472067832946777,3.2305755615234375,0.29798054695129395,0.5897781848907471,0.5657267570495605,0.1237177848815918,0.777780294418335
sub001-ses04-block8-game2_002::b0110,test/sub001/ses-04/sub001-ses04-block8-game2_002.npy,sub001,2,2,26,0,Short,1.072302369433943,1.072302369433943,1.1834863271036182,1.1834863271036182,1.1834863271036182,0.47118977033471676,0.47118977033471676,0.21872214813100377,0.21872214813100377,0.21872214813100377,0.03308367729187012,0.03308367729187012,0.0,0.0,0.0,0.10614514350891113,0.10614514350891113,0.0,0.0,0.0
sub001-ses04-block8-game2_002::b0111,test/sub001/ses-04/sub001-ses04-block8-game2_002.npy,sub001,2,4,26,0,Short,1.060544353089095,1.0726006565995272,1.0726006565995272,1.3336320112893554,1.123917496928485,0.4767509319706569,0.372191173351409,0.372191173351409,0.1741677478880762,0.3297492825274707,0.0,0.24653935432434082,0.24653935432434082,0.0,2.5543339252471924,0.0,0.006521940231323242,0.006521940231323242,0.0,0.26309943199157715
sub001-ses04-block8-game2_002::b0112,test/sub001/ses-04/sub001-ses04-block8-game2_002.npy,sub001,2,2,26,0,Short,1.0323739124910416,1.0323739124910416,1.1637334011454623,1.1637334011454623,1.1637334011454623,0.5124187584852735,0.5124187584852735,0.2824382801319058,0.2824382801319058,0.2824382801319058,0.12120568752288818,0.12120568752288818,2.3621368408203125,2.3621368408203125,2.3621368408203125,0.0,0.0,0.0,0.0,0.0
sub001-ses04-block8-game2_002::b0113,test/sub001/ses-04/sub001-ses04-block8-game2_002.npy,sub001,2,4,26,0,Short,1.0224273144733669,1.0349919638865877,1.0349919638865877,1.0927909523186534,0.9789517892127108,0.5064268620113703,0.43970302965423563,0.43970302965423563,0.29299251357425404,0.5141663408082671,1.9924310445785522,0.2074415683746338,0.2074415683746338,2.200572967529297,0.0,0.0,0.032305002212524414,0.032305002212524414,0.0,0.0
sub001-ses04-block8-game2_002::b0114,test/sub001/ses-04/sub001-ses04-block8-game2_002.npy,sub001,2,4,26,0,Short,1.0524154997257322,1.1026518447041733,1.1026518447041733,1.089015522485422,1.146491091704073,0.45152611161721523,0.354315044093455,0.354315044093455,0.33592897028137864,0.35106716009027317,0.0,2.414438247680664,2.414438247680664,2.4792556762695312,2.18757963180542,0.0,0.18014287948608398,0.18014287948608398,0.04936861991882324,0.15056061744689941
sub001-ses04-block8-game2_002::b0115,test/sub001/ses-04/sub001-ses04-block8-game2_002.npy,sub001,2,2,26,0,Short,0.9979006526860497,0.9979006526860497,1.1113247035473544,1.1113247035473544,1.1113247035473544,0.4953662987656635,0.4953662987656635,0.255360496500267,0.255360496500267,0.255360496500267,2.432255506515503,2.432255506515503,0.0,0.0,0.0,0.2846713066101074,0.2846713066101074,0.0,0.0,0.0
sub001-ses04-block8-game2_002::b0116,test/sub001/ses-04/sub001-ses04-block8-game2_002.npy,sub001,2,3,26,0,Short,1.1920132221810984,1.0114523548744194,1.0114523548744194,1.0114523548744194,0.9716229272755627,0.39811990052277935,0.4012775799874203,0.4012775799874203,0.4012775799874203,0.4912565775354891,0.0,2.0763401985168457,2.0763401985168457,2.0763401985168457,0.0,0.0,0.0,0.0,0.0,0.0
sub001-ses04-block8-game2_002::b0117,test/sub001/ses-04/sub001-ses04-block8-game2_002.npy,sub001,2,2,26,0,Short,1.0770973275435545,1.0770973275435545,1.034366785695688,1.034366785695688,1.034366785695688,0.47258650056377755,0.47258650056377755,0.420150879911228,0.420150879911228,0.420150879911228,1.9607820510864258,1.9607820510864258,0.06833696365356445,0.06833696365356445,0.06833696365356445,0.0,0.0,0.4068329334259033,0.4068329334259033,0.4068329334259033
sub001-ses04-block8-game2_002::b0118,test/sub001/ses-04/sub001-ses04-block8-game2_002.npy,sub001,2,3,26,0,Short,1.1462966859108865,1.0931440661229321,1.0931440661229321,1.0931440661229321,1.1288195193896842,0.43205556821482843,0.341719627029962,0.341719627029962,0.341719627029962,0.337721825638227,0.0,0.0,0.0,0.0,1.8797886371612549,0.0,0.0,0.0,0.0,0.0
sub001-ses04-block8-game2_002::b0119,test/sub001/ses-04/sub001-ses04-block8-game2_002.npy,sub001,2,3,26,0,Short,1.0777803097889878,1.1759890699546787,1.1759890699546787,1.1759890699546787,1.2500286168530081,0.020402619599175165,0.3501012166498959,0.3501012166498959,0.3501012166498959,0.0802652812946994,0.0,0.0,0.0,0.0,0.3540306091308594,0.0,0.0,0.0,0.0,0.8967914581298828
sub001-ses04-block8-game2_002::b0120,test/sub001/ses-04/sub001-ses04-block8-game2_002.npy,sub001,2,4,26,0,Short,1.0797167369313834,1.2668649862231047,1.2668649862231047,1.2274428949326253,1.1849184544666131,0.42046907167909775,0.2141790415828419,0.2141790415828419,8.78140110150416e-05,0.22610629001239607,2.000917911529541,1.8397537469863892,1.8397537469863892,0.0,1.85377836227417,0.5660085678100586,0.0,0.0,0.0,0.0
sub001-ses04-block8-game2_002::b0121,test/sub001/ses-04/sub001-ses04-block8-game2_002.npy,sub001,2,8,26,0,Short,0.9629854720805482,1.2328376493749738,1.1315107043713004,1.2409682139970433,1.1485639130063576,0.4369817471772963,0.16174519986201252,0.30380504114280205,0.20525470136464008,0.3346114034396624,3.1976370811462402,0.0,0.13620448112487793,3.093676805496216,2.510075569152832,0.5079329013824463,0.0,0.22757697105407715,0.0,0.0
sub001-ses04-block8-game2_002::b0122,test/sub001/ses-04/sub001-ses04-block8-game2_002.npy,sub001,2,3,26,0,Short,1.224698556391873,1.224698556391873,1.3941026215084475,1.3117332496437202,1.3117332496437202,0.25037544823194235,0.25037544823194235,0.20649657014468556,0.23457627456316255,0.23457627456316255,0.03426027297973633,0.03426027297973633,3.3377647399902344,0.0,0.0,0.4278860092163086,0.4278860092163086,0.5963497161865234,0.0,0.0
sub001-ses04-block8-game2_002::b0123,test/sub001/ses-04/sub001-ses04-block8-game2_002.npy,sub001,2,4,26,0,Short,1.0402478983762447,1.2310523171565062,1.2310523171565062,1.277290976232481,1.2463921918560132,0.4213809340543986,0.3158111923717623,0.3158111923717623,0.14412602541942948,0.19322546772774613,0.0,0.0,0.0,1.9944050312042236,0.00042510032653808594,0.0,0.0,0.0,0.0,0.0
sub001-ses04-block8-game2_002::b0124,test/sub001/ses-04/sub001-ses04-block8-game2_002.npy,sub001,2,3,26,0,Short,1.0556543225138912,1.0556543225138912,1.2193223423559105,1.178178973423102,1.178178973423102,0.4046651818315185,0.4046651818315185,0.2299868659755664,0.3117071841135053,0.3117071841135053,1.8579025268554688,1.8579025268554688,2.6411519050598145,0.0,0.0,0.0,0.0,0.29279184341430664,0.0,0.0
sub001-ses04-block8-game2_002::b0125,test/sub001/ses-04/sub001-ses04-block8-game2_002.npy,sub001,2,2,26,0,Short,1.0949476656470145,1.0949476656470145,1.223370624360184,1.223370624360184,1.223370624360184,0.38428449622916727,0.38428449622916727,0.3408366795290294,0.3408366795290294,0.3408366795290294,0.0,0.0,0.0,0.0,0.0,0.0,0.0,0.0,0.0,0.0
sub001-ses04-block8-game2_002::b0126,test/sub001/ses-04/sub001-ses04-block8-game2_002.npy,sub001,2,5,26,0,Short,1.1277944970150378,1.0945081001387533,1.0871974206252588,1.195307546696772,1.065519655517956,0.4306811768686199,0.44916244050487275,0.44595096736870316,0.3326026474591719,0.47644216304689074,0.0,0.0,0.0,2.363090991973877,0.0,0.0,0.0,0.0,0.5699034929275513,0.0
sub001-ses04-block8-game2_002::b0127,test/sub001/ses-04/sub001-ses04-block8-game2_002.npy,sub001,2,4,26,0,Short,1.0985917999403776,1.3027261984095877,1.3027261984095877,1.1075300575272218,1.3067562951398504,0.4088696242100145,0.19216353886601623,0.19216353886601623,0.40893833986569506,0.2277247661692533,0.0,2.0466320514678955,2.0466320514678955,0.022371649742126465,0.31812119483947754,0.0,0.2396230697631836,0.2396230697631836,0.2243196964263916,0.9290415048599243
sub001-ses04-block8-game2_002::b0128,test/sub001/ses-04/sub001-ses04-block8-game2_002.npy,sub001,2,6,26,0,Short,1.1488969500851547,1.1417187273515763,1.2707590324745188,1.1530543127124915,1.2975837710604785,0.4382538639767556,0.37149843608557753,0.2862744882332515,0.31402488135475515,0.25756850934923337,1.6327790021896362,2.0872244834899902,0.1215447187423706,2.0992298126220703,0.10029864311218262,0.0,0.0,0.25800418853759766,0.2704916000366211,0.05040621757507324
sub001-ses04-block8-game2_002::b0129,test/sub001/ses-04/sub001-ses04-block8-game2_002.npy,sub001,2,2,26,0,Short,1.1427216835379035,1.1427216835379035,1.189654422951519,1.189654422951519,1.189654422951519,0.4420029123671307,0.4420029123671307,0.36069435762373936,0.36069435762373936,0.36069435762373936,0.21271872520446777,0.21271872520446777,0.0,0.0,0.0,0.5000078678131104,0.5000078678131104,0.0,0.0,0.0
sub001-ses04-block8-game2_002::b0130,test/sub001/ses-04/sub001-ses04-block8-game2_002.npy,sub001,2,5,26,0,Short,1.3001616829050318,1.3231498710458236,1.274037622998228,1.2462913147530137,1.1179698591529785,0.13294169850768917,0.20539670981803082,0.2717411701317704,0.30828115578846416,0.37055722240802413,1.833849310874939,0.015523791313171387,0.0,0.0,0.0,0.03606247901916504,0.11410057544708252,0.0,0.0,0.0
sub001-ses04-block8-game2_002::b0131,test/sub001/ses-04/sub001-ses04-block8-game2_002.npy,sub001,2,6,26,0,Short,1.1179347859595543,1.2768146144361525,1.2053707566400595,1.2253800350501172,1.1730524317962536,0.4421608074235413,0.2040773994322841,0.38573618055442377,0.3817371832153673,0.33425148084294,1.9477370977401733,0.0,0.0,0.0,0.12466228008270264,0.177254319190979,0.0,0.0,0.0,0.0
sub001-ses04-block8-game2_002::b0132,test/sub001/ses-04/sub001-ses04-block8-game2_002.npy,sub001,2,6,26,0,Short,0.4458121334972515,1.1787296621918457,1.2082494064598952,1.3780070307673082,1.334503010162865,0.8362270101753366,0.4135762814561481,0.4009382983965192,0.22021577734239553,0.2750246888901451,0.3237341642379761,1.714630365371704,1.842652678489685,1.4404195547103882,0.0,0.11261272430419922,0.0,0.0,0.0,0.0
sub001-ses04-block8-game2_002::b0133,test/sub001/ses-04/sub001-ses04-block8-game2_002.npy,sub001,2,6,26,0,Short,1.1754365524881052,1.1789266287583313,1.3046331278819725,1.0716459273752985,1.1976011943013585,0.4545532809322808,0.45318438581539267,0.2982199051905974,0.5167807513270932,0.318731006398837,1.878352403640747,0.0,0.12873220443725586,1.546782374382019,2.262829542160034,0.4571959972381592,0.0,0.09970486164093018,0.0,0.5235241651535034
sub001-ses04-block8-game2_002::b0134,test/sub001/ses-04/sub001-ses04-block8-game2_002.npy,sub001,2,2,26,0,Short,1.2737598889255493,1.2737598889255493,1.2737598889255493,1.2386947891427071,1.2386947891427071,0.08639568577573709,0.08639568577573709,0.08639568577573709,0.35854283722300995,0.35854283722300995,0.13476073741912842,0.13476073741912842,0.13476073741912842,0.027304530143737793,0.027304530143737793,0.061277031898498535,0.061277031898498535,0.061277031898498535,0.0,0.0
sub001-ses04-block8-game2_002::b0135,test/sub001/ses-04/sub001-ses04-block8-game2_002.npy,sub001,2,2,26,0,Short,1.32972240636916,1.32972240636916,1.328298767564753,1.328298767564753,1.328298767564753,0.2958961087396712,0.2958961087396712,0.30909647731196555,0.30909647731196555,0.30909647731196555,1.4137405157089233,1.4137405157089233,0.0,0.0,0.0,0.07233631610870361,0.07233631610870361,0.0,0.0,0.0
sub001-ses04-block8-game2_002::b0136,test/sub001/ses-04/sub001-ses04-block8-game2_002.npy,sub001,2,4,26,0,Short,1.3288524887796935,1.2148428389624788,1.292042804678731,1.292042804678731,1.2296060949888983,0.31244946703331566,0.4168906876057975,0.32055075752069995,0.32055075752069995,0.3817333500246323,0.05357861518859863,0.0,1.3956453800201416,1.3956453800201416,1.4713541269302368,0.0,0.0,0.0,0.0,0.04973304271697998
sub001-ses04-block8-game2_002::b0137,test/sub001/ses-04/sub001-ses04-block8-game2_002.npy,sub001,2,3,26,0,Short,1.2934444623878414,1.2892087050346477,1.2892087050346477,1.2892087050346477,1.2494096057289492,0.2842420078075701,0.266526416868571,0.266526416868571,0.266526416868571,0.38097578282992106,1.4250949621200562,1.3233630657196045,1.3233630657196045,1.3233630657196045,0.8751047849655151,0.02553236484527588,0.0,0.0,0.0,0.0
sub001-ses04-block8-game2_002::b0138,test/sub001/ses-04/sub001-ses04-block8-game2_002.npy,sub001,2,3,26,0,Short,1.1006923420783379,1.1006923420783379,1.1520358539810602,1.3573888782396226,1.3573888782396226,0.4935880112834652,0.4935880112834652,0.4391497803931469,0.24608970210176775,0.24608970210176775,0.0,0.0,0.0,0.17445647716522217,0.17445647716522217,0.0,0.0,0.0,0.18046748638153076,0.18046748638153076
sub001-ses04-block8-game2_002::b0139,test/sub001/ses-04/sub001-ses04-block8-game2_002.npy,sub001,2,10,26,0,Short,1.2550508198581207,1.2741502958918742,1.0517609242659456,1.2545049348830979,1.2215296603942916,0.34292448190252456,0.3269558348963859,0.4635896775977483,0.2911668674608731,0.2448633218589768,0.0,0.0,0.0,1.8701075315475464,0.0,0.0,0.0,0.0,0.4445911645889282,0.0
sub001-ses04-block8-game2_002::b0140,test/sub001/ses-04/sub001-ses04-block8-game2_002.npy,sub001,2,158,26,1,Long,1.042385105770085,0.31926964544327385,0.35162941529653646,0.37751164707250257,0.7852657233089069,0.33689440160287526,0.9020821565003514,0.8942228603602046,0.8835373798533288,0.6957506906960407,1.6658767461776733,0.06354090571403503,0.012011838145554066,0.0018316296627745032,0.010404586791992188,0.058727264404296875,0.0002956986427307129,0.0,0.0,1.4378231763839722
sub001-ses04-block8-game2_002::b0141,test/sub001/ses-04/sub001-ses04-block8-game2_002.npy,sub001,2,4,26,0,Short,1.1823886846351344,0.9579812815527528,0.9579812815527528,1.039116555825563,0.9300713823940898,0.45036363849373706,0.6145765584068461,0.6145765584068461,0.5290422154516251,0.6245116237843618,0.17617106437683105,1.834634780883789,1.834634780883789,1.829135537147522,2.127415418624878,0.3953089714050293,0.25230872631073,0.25230872631073,0.2523108720779419,0.41864824295043945
sub001-ses04-block8-game2_002::b0142,test/sub001/ses-04/sub001-ses04-block8-game2_002.npy,sub001,2,4,26,0,Short,1.3385178637755673,0.8914970977703186,0.8914970977703186,1.1322669414626536,1.215268883919546,0.24295922319402619,0.6325713069279545,0.6325713069279545,0.4879379994862294,0.3904260035115791,0.10518324375152588,0.05435502529144287,0.05435502529144287,1.6767263412475586,0.07284414768218994,1.4821547269821167,1.4600417613983154,1.4600417613983154,1.2417097091674805,0.10658836364746094
sub001-ses04-block8-game2_002::b0143,test/sub001/ses-04/sub001-ses04-block8-game2_002.npy,sub001,2,16,26,0,Short,1.1491930944468516,1.0183951390535801,0.7615920284878832,0.9760518730563321,1.1557499530400013,0.46447143533094326,0.5645244802289493,0.7194496782757077,0.5913286074491068,0.4369778905546551,0.17770445346832275,0.04891037940979004,1.7270793914794922,1.5382416248321533,0.06130564212799072,0.3961031436920166,1.488290786743164,1.3424180746078491,0.13833022117614746,0.06482458114624023
sub001-ses04-block8-game2_002::b0144,test/sub001/ses-04/sub001-ses04-block8-game2_002.npy,sub001,2,24,26,0,Short,1.1652443338661722,1.014174288007551,1.025381426234173,1.019769777886967,0.8609141481314367,0.4476929904928051,0.5935098338971546,0.5777696200041565,0.5634484758303643,0.6784643328463188,0.04083812236785889,1.116073727607727,1.6040650606155396,1.7420207262039185,1.6031394004821777,0.1831042766571045,0.0,0.06262624263763428,0.23533225059509277,0.3558231592178345
sub001-ses04-block8-game2_002::b0145,test/sub001/ses-04/sub001-ses04-block8-game2_002.npy,sub001,2,11,26,0,Short,1.3905028995426005,1.1138724693355961,1.0342270030156442,0.9766732648887502,0.911004828799953,0.28049743798024773,0.5256083411660878,0.5785355086590629,0.6023119834897044,0.6421273370128648,0.0,0.07199430465698242,0.018655061721801758,1.8665968179702759,1.5078500509262085,0.0,0.23171782493591309,0.08739757537841797,0.8125902414321899,0.0
sub001-ses04-block8-game2_002::b0146,test/sub001/ses-04/sub001-ses04-block8-game2_002.npy,sub001,2,11,26,0,Short,0.9065069514190811,1.1069450077632403,1.373971538630033,1.348596503737225,1.2416739758234543,0.5292381740826286,0.4730549339722121,0.2390934645953144,0.25207332267565186,0.23541448300587642,0.0,0.07944822311401367,1.7062208652496338,0.19902575016021729,0.0,0.0,0.0,0.7381869554519653,0.0,0.0
sub001-ses04-block8-game2_002::b0147,test/sub001/ses-04/sub001-ses04-block8-game2_002.npy,sub001,2,3,26,0,Short,1.260264997687422,1.260264997687422,1.2266910217961284,1.265052578893792,1.265052578893792,0.3916862980559048,0.3916862980559048,0.3698925821554723,0.3952596844177672,0.3952596844177672,1.181213617324829,1.181213617324829,1.6889739036560059,0.0,0.0,0.0,0.0,0.8370274305343628,0.0,0.0
sub001-ses04-block8-game2_002::b0148,test/sub001/ses-04/sub001-ses04-block8-game2_002.npy,sub001,2,2,26,0,Short,1.2222761006192442,1.2222761006192442,1.1141140894614427,1.1141140894614427,1.1141140894614427,0.36667197260278983,0.36667197260278983,0.4157609699429903,0.4157609699429903,0.4157609699429903,0.0,0.0,0.6070339679718018,0.6070339679718018,0.6070339679718018,0.0,0.0,0.3318215608596802,0.3318215608596802,0.3318215608596802
sub001-ses04-block8-game2_002::b0149,test/sub001/ses-04/sub001-ses04-block8-game2_002.npy,sub001,2,2,26,0,Short,1.207412342443773,1.207412342443773,1.3041937217651,1.3041937217651,1.3041937217651,0.40017748915121254,0.40017748915121254,0.28806165754721696,0.28806165754721696,0.28806165754721696,0.09774017333984375,0.09774017333984375,0.252274751663208,0.252274751663208,0.252274751663208,0.5987457036972046,0.5987457036972046,0.0,0.0,0.0
sub001-ses04-block8-game2_002::b0150,test/sub001/ses-04/sub001-ses04-block8-game2_002.npy,sub001,2,49,26,1,Long,0.4266856769821966,1.0459433057937308,1.2062939291870391,1.1004102508763745,1.3632822591049436,0.8334733790413265,0.47662355866597594,0.3959676886638469,0.40850852404382576,0.27122869942297767,0.7576367855072021,0.0,0.2280508279800415,0.0915687084197998,1.720718264579773,0.0,0.0,0.16882753372192383,0.17687678337097168,0.543117880821228
sub001-ses04-block8-game2_002::b0151,test/sub001/ses-04/sub001-ses04-block8-game2_002.npy,sub001,2,4,26,0,Short,0.9026865715452239,1.0316045967030516,1.0316045967030516,0.9196883843589287,0.8061649648859962,0.4395525469764428,0.5783291846965637,0.5783291846965637,0.6183675360031474,0.6708696711989266,1.7435041666030884,1.5080398321151733,1.5080398321151733,1.5213428735733032,1.4198880195617676,0.1888875961303711,0.24288642406463623,0.24288642406463623,0.0,0.20085740089416504
sub001-ses04-block8-game2_002::b0152,test/sub001/ses-04/sub001-ses04-block8-game2_002.npy,sub001,2,3,26,0,Short,0.7055935852047902,1.1706732311694548,1.1706732311694548,1.1706732311694548,1.240761570880763,0.7033485414875926,0.5020263742432693,0.5020263742432693,0.5020263742432693,0.4479881633083816,0.0,1.702909231185913,1.702909231185913,1.702909231185913,1.810704231262207,0.0,0.28606879711151123,0.28606879711151123,0.28606879711151123,0.14092028141021729
sub001-ses04-block8-game2_002::b0153,test/sub001/ses-04/sub001-ses04-block8-game2_002.npy,sub001,2,2,26,0,Short,1.1714723895783483,1.1714723895783483,1.161470660976049,1.161470660976049,1.161470660976049,0.4175957874939906,0.4175957874939906,0.4931069815912681,0.4931069815912681,0.4931069815912681,0.5168628692626953,0.5168628692626953,0.2024599313735962,0.2024599313735962,0.2024599313735962,0.7464847564697266,0.7464847564697266,0.0,0.0,0.0
sub001-ses04-block8-game2_002::b0154,test/sub001/ses-04/sub001-ses04-block8-game2_002.npy,sub001,2,3,26,0,Short,1.2862818698376186,1.1464116314624835,1.1464116314624835,1.1464116314624835,1.265880050281089,0.13773517464431845,0.4601638130356512,0.4601638130356512,0.4601638130356512,0.3372944417833289,1.388556957244873,0.0,0.0,0.0,1.4721996784210205,0.0,0.0,0.0,0.0,0.0
sub001-ses04-block8-game2_002::b0155,test/sub001/ses-04/sub001-ses04-block8-game2_002.npy,sub001,2,2,26,0,Short,1.1518066095856172,1.1518066095856172,1.2210583367829848,1.2210583367829848,1.2210583367829848,0.3816055043236262,0.3816055043236262,0.36536752820301377,0.36536752820301377,0.36536752820301377,0.4182170629501343,0.4182170629501343,0.0,0.0,0.0,0.5831927061080933,0.5831927061080933,0.0,0.0,0.0
sub001-ses04-block8-game2_002::b0156,test/sub001/ses-04/sub001-ses04-block8-game2_002.npy,sub001,2,2,26,0,Short,1.2921221637569609,1.2921221637569609,1.0137763587661617,1.0137763587661617,1.0137763587661617,0.2682887532169266,0.2682887532169266,0.38381107135475756,0.38381107135475756,0.38381107135475756,0.6620967388153076,0.6620967388153076,1.0426785945892334,1.0426785945892334,1.0426785945892334,0.0,0.0,0.17812824249267578,0.17812824249267578,0.17812824249267578
sub001-ses04-block8-game2_002::b0157,test/sub001/ses-04/sub001-ses04-block8-game2_002.npy,sub001,2,10,26,0,Short,1.399237653810566,0.8242103297559098,0.778311507156334,0.9879196156820248,0.7426156643293464,0.3218191534804995,0.6758333629894435,0.7088198814767293,0.5998254975756057,0.7164633195080873,0.0,0.0,0.7248486280441284,0.0,0.538633406162262,0.0,0.0,0.18942594528198242,0.0,0.0
sub001-ses04-block8-game2_002::b0158,test/sub001/ses-04/sub001-ses04-block8-game2_002.npy,sub001,2,2,26,0,Short,0.7726087960229788,0.7726087960229788,1.3408995140549995,1.3408995140549995,1.3408995140549995,0.591057290060692,0.591057290060692,0.4209920217111078,0.4209920217111078,0.4209920217111078,0.095592200756073,0.095592200756073,0.00031770020723342896,0.00031770020723342896,0.00031770020723342896,0.09920984506607056,0.09920984506607056,0.0,0.0,0.0
sub001-ses04-block8-game2_002::b0159,test/sub001/ses-04/sub001-ses04-block8-game2_002.npy,sub001,2,6,26,0,Short,1.5017739004128663,1.1648352947199636,1.1362065643312798,0.8936749263953683,1.0193773698545965,0.20853589668585887,0.49871159148320554,0.5157096034551376,0.6273085070575706,0.5855605000693151,0.0,0.7437581419944763,0.7067630290985107,0.7406444549560547,0.0,0.0,0.16069895029067993,0.04602783918380737,0.0,0.0
sub001-ses04-block8-game2_002::b0161,test/sub001/ses-04/sub001-ses04-block8-game2_002.npy,sub001,2,3,26,0,Short,1.525920041956197,1.525920041956197,1.0404734666836808,0.9721225933516974,0.9721225933516974,0.1682720872623989,0.1682720872623989,0.5690015644382073,0.5684672993779207,0.5684672993779207,0.29954060912132263,0.29954060912132263,0.36483487486839294,0.3355441987514496,0.3355441987514496,0.0,0.0,0.2482317090034485,0.0,0.0
sub001-ses04-block8-game2_002::b0162,test/sub001/ses-04/sub001-ses04-block8-game2_002.npy,sub001,2,3,26,0,Short,1.4526876064965952,1.0697344673972418,1.0697344673972418,1.0697344673972418,0.9698916742017933,0.2550506498859227,0.555353578084282,0.555353578084282,0.555353578084282,0.5633188580855721,0.3307614326477051,0.2829713523387909,0.2829713523387909,0.2829713523387909,0.0006813108921051025,0.0,0.0,0.0,0.0,0.08677330613136292
sub001-ses04-block8-game2_002::b0163,test/sub001/ses-04/sub001-ses04-block8-game2_002.npy,sub001,2,2,26,0,Short,1.506072824455987,1.506072824455987,0.991216674922672,0.991216674922672,0.991216674922672,0.22024056942328485,0.22024056942328485,0.5537982163935089,0.5537982163935089,0.5537982163935089,0.30156978964805603,0.30156978964805603,0.011087894439697266,0.011087894439697266,0.011087894439697266,0.001679837703704834,0.001679837703704834,0.022002428770065308,0.022002428770065308,0.022002428770065308
sub001-ses04-block8-game2_002::b0164,test/sub001/ses-04/sub001-ses04-block8-game2_002.npy,sub001,2,6,26,0,Short,0.7930860805047987,1.0166776490698266,0.9759244395678734,0.9454798369731873,0.9744211636434432,0.6153179079658008,0.5423946966451197,0.5812591623797612,0.6018318699905527,0.5600784940259969,0.3206257224082947,0.20114929974079132,0.2718369960784912,0.0,0.0,0.09912660717964172,0.0,0.0,0.0,0.0
sub001-ses04-block8-game2_002::b0165,test/sub001/ses-04/sub001-ses04-block8-game2_002.npy,sub001,2,4,26,0,Short,0.5253088100210312,0.3585529560293781,0.3585529560293781,0.4110201063527286,0.34101436054534173,0.7942995357882523,0.8879052021846889,0.8879052021846889,0.8736368212659389,0.8963658350943087,0.06095420941710472,0.06362353265285492,0.06362353265285492,0.05139999836683273,0.02100393921136856,0.03339153528213501,0.04820673167705536,0.04820673167705536,0.06811781227588654,0.0
