event_id,file,subject,game,bout_length,cross2,is_long,bout_class,n_changes,change_rate,n_unique_cur_actions,dominant_action_fraction,final_cur_action,modal_cur_action,mean_imag_nonnoop_fraction,commit_action,commit_search_final_action,commit_search_modal_action,commit_matches_final_cur_action,commit_matches_modal_cur_action,commit_matches_commit_search_final,commit_matches_commit_search_modal
sub001-ses04-block2-game2_000::b0001,test/sub001/ses-04/sub001-ses04-block2-game2_000.npy,sub001,2,9,26,0,Short,6,0.75,4,0.3333333333333333,4,1,0.8759690514382392,3,4,3,0,0,0,1
sub001-ses04-block2-game2_000::b0002,test/sub001/ses-04/sub001-ses04-block2-game2_000.npy,sub001,2,16,26,0,Short,14,0.9333333333333333,4,0.375,3,5,0.8966135050024916,1,5,1,0,0,0,1
sub001-ses04-block2-game2_000::b0003,test/sub001/ses-04/sub001-ses04-block2-game2_000.npy,sub001,2,20,26,0,Short,15,0.7894736842105263,5,0.3,3,1,0.8447081917965213,2,2,1,0,0,1,0
sub001-ses04-block2-game2_000::b0004,test/sub001/ses-04/sub001-ses04-block2-game2_000.npy,sub001,2,13,26,0,Short,11,0.9166666666666666,5,0.38461538461538464,3,4,0.8554030498704234,2,4,1,0,0,0,0
sub001-ses04-block2-game2_000::b0005,test/sub001/ses-04/sub001-ses04-block2-game2_000.npy,sub001,2,6,26,0,Short,5,1.0,4,0.3333333333333333,5,3,0.8940168008821372,3,2,1,0,1,0,0
sub001-ses04-block2-game2_000::b0006,test/sub001/ses-04/sub001-ses04-block2-game2_000.npy,sub001,2,3,26,0,Short,2,1.0,3,0.3333333333333333,3,1,0.8894195976262845,2,4,0,0,0,0,0
sub001-ses04-block2-game2_000::b0007,test/sub001/ses-04/sub001-ses04-block2-game2_000.npy,sub001,2,5,26,0,Short,4,1.0,5,0.2,1,0,0.8819815837699713,2,0,2,0,0,0,1
sub001-ses04-block2-game2_000::b0008,test/sub001/ses-04/sub001-ses04-block2-game2_000.npy,sub001,2,7,26,0,Short,2,0.3333333333333333,3,0.42857142857142855,4,1,0.8684716916476376,3,1,5,0,0,0,0
sub001-ses04-block2-game2_000::b0009,test/sub001/ses-04/sub001-ses04-block2-game2_000.npy,sub001,2,9,26,0,Short,8,1.0,6,0.2222222222222222,3,1,0.8256807112734165,1,5,5,0,1,0,0
sub001-ses04-block2-game2_000::b0010,test/sub001/ses-04/sub001-ses04-block2-game2_000.npy,sub001,2,7,26,0,Short,6,1.0,6,0.2857142857142857,0,1,0.8478226640052177,1,4,1,0,1,0,1
sub001-ses04-block2-game2_000::b0011,test/sub001/ses-04/sub001-ses04-block2-game2_000.npy,sub001,2,3,26,0,Short,2,1.0,3,0.3333333333333333,2,0,0.7819018671298306,1,4,5,0,0,0,0
sub001-ses04-block2-game2_000::b0012,test/sub001/ses-04/sub001-ses04-block2-game2_000.npy,sub001,2,3,26,0,Short,2,1.0,3,0.3333333333333333,5,2,0.8871166928309785,1,3,3,0,0,0,0
sub001-ses04-block2-game2_000::b0013,test/sub001/ses-04/sub001-ses04-block2-game2_000.npy,sub001,2,3,26,0,Short,2,1.0,3,0.3333333333333333,2,1,0.8150434702182761,3,1,1,0,0,0,0
sub001-ses04-block2-game2_000::b0014,test/sub001/ses-04/sub001-ses04-block2-game2_000.npy,sub001,2,16,26,0,Short,13,0.8666666666666667,6,0.3125,4,3,0.8685736573070935,2,3,5,0,0,0,0
sub001-ses04-block2-game2_000::b0015,test/sub001/ses-04/sub001-ses04-block2-game2_000.npy,sub001,2,10,26,0,Short,8,0.8888888888888888,5,0.3,3,4,0.8708182573431099,1,4,4,0,0,0,0
sub001-ses04-block2-game2_000::b0016,test/sub001/ses-04/sub001-ses04-block2-game2_000.npy,sub001,2,3,26,0,Short,1,0.5,2,0.6666666666666666,1,1,0.8265499932166599,1,1,3,1,1,1,0
sub001-ses04-block2-game2_000::b0017,test/sub001/ses-04/sub001-ses04-block2-game2_000.npy,sub001,2,3,26,0,Short,2,1.0,3,0.3333333333333333,1,1,0.8875816993464052,1,1,3,1,1,1,0
sub001-ses04-block2-game2_000::b0018,test/sub001/ses-04/sub001-ses04-block2-game2_000.npy,sub001,2,1,26,0,Short,0,0.0,1,1.0,2,2,0.8727272727272727,1,1,0,0,0,1,0
sub001-ses04-block2-game2_000::b0019,test/sub001/ses-04/sub001-ses04-block2-game2_000.npy,sub001,2,2,26,0,Short,0,0.0,1,1.0,4,4,0.8747667039940277,1,4,5,0,0,0,0
sub001-ses04-block2-game2_000::b0020,test/sub001/ses-04/sub001-ses04-block2-game2_000.npy,sub001,2,3,26,0,Short,2,1.0,3,0.3333333333333333,4,0,0.8725551057130004,1,4,5,0,0,0,0
sub001-ses04-block2-game2_000::b0021,test/sub001/ses-04/sub001-ses04-block2-game2_000.npy,sub001,2,2,26,0,Short,1,1.0,2,0.5,1,1,0.8567924528301887,1,3,0,1,1,0,0
sub001-ses04-block2-game2_000::b0022,test/sub001/ses-04/sub001-ses04-block2-game2_000.npy,sub001,2,2,26,0,Short,0,0.0,1,1.0,5,5,0.8887362637362637,1,4,5,0,0,0,0
sub001-ses04-block2-game2_000::b0023,test/sub001/ses-04/sub001-ses04-block2-game2_000.npy,sub001,2,2,26,0,Short,1,1.0,2,0.5,2,0,0.8133962264150943,1,4,4,0,0,0,0
sub001-ses04-block2-game2_000::b0024,test/sub001/ses-04/sub001-ses04-block2-game2_000.npy,sub001,2,3,26,0,Short,2,1.0,3,0.3333333333333333,0,0,0.8449493004749069,1,5,4,0,0,0,0
sub001-ses04-block2-game2_000::b0025,test/sub001/ses-04/sub001-ses04-block2-game2_000.npy,sub001,2,2,26,0,Short,0,0.0,1,1.0,3,3,0.9087009803921569,3,1,1,1,1,0,0
sub001-ses04-block2-game2_000::b0026,test/sub001/ses-04/sub001-ses04-block2-game2_000.npy,sub001,2,3,26,0,Short,2,1.0,3,0.3333333333333333,1,1,0.9096437214716784,1,0,1,1,1,0,1
sub001-ses04-block2-game2_000::b0027,test/sub001/ses-04/sub001-ses04-block2-game2_000.npy,sub001,2,4,26,0,Short,2,0.6666666666666666,3,0.5,2,3,0.8541676589664206,1,3,4,0,0,0,0
sub001-ses04-block2-game2_000::b0028,test/sub001/ses-04/sub001-ses04-block2-game2_000.npy,sub001,2,3,26,0,Short,2,1.0,3,0.3333333333333333,3,2,0.849512131896784,1,0,0,0,0,0,0
sub001-ses04-block2-game2_000::b0029,test/sub001/ses-04/sub001-ses04-block2-game2_000.npy,sub001,2,4,26,0,Short,3,1.0,4,0.25,3,2,0.8581668331668332,1,2,1,0,0,0,1
sub001-ses04-block2-game2_000::b0030,test/sub001/ses-04/sub001-ses04-block2-game2_000.npy,sub001,2,3,26,0,Short,2,1.0,2,0.6666666666666666,4,4,0.789835474419653,1,1,1,0,0,1,1
sub001-ses04-block2-game2_000::b0031,test/sub001/ses-04/sub001-ses04-block2-game2_000.npy,sub001,2,4,26,0,Short,2,0.6666666666666666,3,0.5,0,3,0.8557763105242097,1,5,5,0,0,0,0
sub001-ses04-block2-game2_000::b0032,test/sub001/ses-04/sub001-ses04-block2-game2_000.npy,sub001,2,3,26,0,Short,1,0.5,2,0.6666666666666666,1,1,0.8286111111111111,1,4,5,1,1,0,0
sub001-ses04-block2-game2_000::b0033,test/sub001/ses-04/sub001-ses04-block2-game2_000.npy,sub001,2,3,26,0,Short,2,1.0,3,0.3333333333333333,4,0,0.7964324618736383,1,3,1,0,0,0,1
sub001-ses04-block2-game2_000::b0034,test/sub001/ses-04/sub001-ses04-block2-game2_000.npy,sub001,2,3,26,0,Short,1,0.5,2,0.6666666666666666,3,1,0.7972999222999224,1,4,1,0,1,0,1
sub001-ses04-block2-game2_000::b0035,test/sub001/ses-04/sub001-ses04-block2-game2_000.npy,sub001,2,2,26,0,Short,1,1.0,2,0.5,1,1,0.8619028502609394,1,2,0,1,1,0,0
sub001-ses04-block2-game2_000::b0036,test/sub001/ses-04/sub001-ses04-block2-game2_000.npy,sub001,2,3,26,0,Short,2,1.0,3,0.3333333333333333,0,0,0.8018077601410935,1,1,3,0,0,1,0
sub001-ses04-block2-game2_000::b0037,test/sub001/ses-04/sub001-ses04-block2-game2_000.npy,sub001,2,3,26,0,Short,2,1.0,2,0.6666666666666666,2,2,0.840841997176229,1,1,1,0,0,1,1
sub001-ses04-block2-game2_000::b0038,test/sub001/ses-04/sub001-ses04-block2-game2_000.npy,sub001,2,4,26,0,Short,1,0.3333333333333333,2,0.75,1,3,0.8330203619909502,1,5,1,1,0,0,1
sub001-ses04-block2-game2_000::b0039,test/sub001/ses-04/sub001-ses04-block2-game2_000.npy,sub001,2,4,26,0,Short,2,0.6666666666666666,3,0.5,1,4,0.8839713857571001,1,5,5,1,0,0,0
sub001-ses04-block2-game2_000::b0040,test/sub001/ses-04/sub001-ses04-block2-game2_000.npy,sub001,2,4,26,0,Short,2,0.6666666666666666,3,0.5,1,5,0.8675915649278578,4,1,1,0,0,0,0
sub001-ses04-block2-game2_000::b0041,test/sub001/ses-04/sub001-ses04-block2-game2_000.npy,sub001,2,4,26,0,Short,3,1.0,3,0.5,0,0,0.8796939828563004,2,3,1,0,0,0,0
sub001-ses04-block2-game2_000::b0042,test/sub001/ses-04/sub001-ses04-block2-game2_000.npy,sub001,2,7,26,0,Short,6,1.0,5,0.2857142857142857,2,1,0.8731190319793686,2,0,2,1,0,0,1
sub001-ses04-block2-game2_000::b0043,test/sub001/ses-04/sub001-ses04-block2-game2_000.npy,sub001,2,5,26,0,Short,4,1.0,4,0.4,3,0,0.8344012066365007,2,1,4,0,0,0,0
sub001-ses04-block2-game2_000::b0044,test/sub001/ses-04/sub001-ses04-block2-game2_000.npy,sub001,2,4,26,0,Short,3,1.0,3,0.5,3,3,0.8848039215686275,2,5,1,0,0,0,0
sub001-ses04-block2-game2_000::b0045,test/sub001/ses-04/sub001-ses04-block2-game2_000.npy,sub001,2,22,26,0,Short,18,0.8571428571428571,6,0.2727272727272727,4,2,0.8527831567830227,1,5,1,0,0,0,1
sub001-ses04-block2-game2_000::b0046,test/sub001/ses-04/sub001-ses04-block2-game2_000.npy,sub001,2,23,26,0,Short,17,0.7727272727272727,5,0.30434782608695654,3,1,0.8420851712648829,3,5,5,1,0,0,0
sub001-ses04-block2-game2_000::b0047,test/sub001/ses-04/sub001-ses04-block2-game2_000.npy,sub001,2,10,26,0,Short,8,0.8888888888888888,6,0.3,0,4,0.8487699828620933,2,0,3,0,0,0,0
sub001-ses04-block2-game2_000::b0048,test/sub001/ses-04/sub001-ses04-block2-game2_000.npy,sub001,2,17,26,0,Short,11,0.6875,5,0.4117647058823529,1,1,0.8315281246774565,2,1,1,0,0,0,0
sub001-ses04-block2-game2_000::b0049,test/sub001/ses-04/sub001-ses04-block2-game2_000.npy,sub001,2,14,26,0,Short,10,0.7692307692307693,5,0.35714285714285715,1,3,0.8583165014895368,2,0,0,0,0,0,0
sub001-ses04-block2-game2_000::b0050,test/sub001/ses-04/sub001-ses04-block2-game2_000.npy,sub001,2,12,26,0,Short,9,0.8181818181818182,6,0.3333333333333333,2,1,0.8573221232937621,1,3,5,0,1,0,0
sub001-ses04-block2-game2_000::b0051,test/sub001/ses-04/sub001-ses04-block2-game2_000.npy,sub001,2,37,26,1,Long,29,0.8055555555555556,6,0.2702702702702703,5,1,0.8251930986114877,1,1,5,0,1,1,0
sub001-ses04-block2-game2_000::b0052,test/sub001/ses-04/sub001-ses04-block2-game2_000.npy,sub001,2,7,26,0,Short,6,1.0,3,0.42857142857142855,2,2,0.8135457962754283,3,4,5,0,0,0,0
sub001-ses04-block2-game2_000::b0053,test/sub001/ses-04/sub001-ses04-block2-game2_000.npy,sub001,2,12,26,0,Short,10,0.9090909090909091,6,0.25,1,1,0.8807939029510048,3,4,5,0,0,0,0
sub001-ses04-block2-game2_000::b0054,test/sub001/ses-04/sub001-ses04-block2-game2_000.npy,sub001,2,41,26,1,Long,34,0.85,6,0.21951219512195122,2,4,0.8480906201435024,3,4,5,0,0,0,0
sub001-ses04-block2-game2_000::b0055,test/sub001/ses-04/sub001-ses04-block2-game2_000.npy,sub001,2,5,26,0,Short,3,0.75,3,0.4,1,1,0.8488397301566325,1,4,4,1,1,0,0
sub001-ses04-block2-game2_000::b0056,test/sub001/ses-04/sub001-ses04-block2-game2_000.npy,sub001,2,4,26,0,Short,3,1.0,4,0.25,0,0,0.8712236073674753,3,1,1,0,0,0,0
sub001-ses04-block2-game2_000::b0057,test/sub001/ses-04/sub001-ses04-block2-game2_000.npy,sub001,2,13,26,0,Short,7,0.5833333333333334,5,0.46153846153846156,0,4,0.8448741650110494,2,0,0,0,0,0,0
sub001-ses04-block2-game2_000::b0058,test/sub001/ses-04/sub001-ses04-block2-game2_000.npy,sub001,2,8,26,0,Short,6,0.8571428571428571,5,0.375,3,1,0.8378875012848186,2,1,4,0,0,0,0
sub001-ses04-block2-game2_000::b0059,test/sub001/ses-04/sub001-ses04-block2-game2_000.npy,sub001,2,3,26,0,Short,2,1.0,3,0.3333333333333333,4,1,0.8447222222222223,1,3,3,0,1,0,0
sub001-ses04-block2-game2_000::b0060,test/sub001/ses-04/sub001-ses04-block2-game2_000.npy,sub001,2,4,26,0,Short,2,0.6666666666666666,3,0.5,0,1,0.8612774102711791,1,3,0,0,1,0,0
sub001-ses04-block2-game2_000::b0061,test/sub001/ses-04/sub001-ses04-block2-game2_000.npy,sub001,2,6,26,0,Short,4,0.8,3,0.3333333333333333,5,1,0.8344557823129252,3,1,1,0,0,0,0
sub001-ses04-block2-game2_000::b0062,test/sub001/ses-04/sub001-ses04-block2-game2_000.npy,sub001,2,8,26,0,Short,6,0.8571428571428571,6,0.25,4,1,0.8448425402769804,2,5,4,0,0,0,0
sub001-ses04-block2-game2_000::b0063,test/sub001/ses-04/sub001-ses04-block2-game2_000.npy,sub001,2,1,26,0,Short,0,0.0,1,1.0,0,0,0.7021276595744681,3,3,5,0,0,1,0
sub001-ses04-block2-game2_000::b0064,test/sub001/ses-04/sub001-ses04-block2-game2_000.npy,sub001,2,7,26,0,Short,6,1.0,4,0.42857142857142855,5,5,0.872351111354113,2,5,1,0,0,0,0
sub001-ses04-block2-game2_000::b0065,test/sub001/ses-04/sub001-ses04-block2-game2_000.npy,sub001,2,3,26,0,Short,2,1.0,3,0.3333333333333333,4,1,0.8242835595776773,1,2,5,0,1,0,0
sub001-ses04-block2-game2_000::b0066,test/sub001/ses-04/sub001-ses04-block2-game2_000.npy,sub001,2,3,26,0,Short,2,1.0,2,0.6666666666666666,1,1,0.8775824853530682,1,3,1,1,1,0,1
sub001-ses04-block2-game2_000::b0067,test/sub001/ses-04/sub001-ses04-block2-game2_000.npy,sub001,2,2,26,0,Short,0,0.0,1,1.0,0,0,0.853154305200341,1,3,1,0,0,0,1
sub001-ses04-block2-game2_000::b0068,test/sub001/ses-04/sub001-ses04-block2-game2_000.npy,sub001,2,1,26,0,Short,0,0.0,1,1.0,4,4,0.875,3,1,1,0,0,0,0
sub001-ses04-block2-game2_000::b0069,test/sub001/ses-04/sub001-ses04-block2-game2_000.npy,sub001,2,17,26,0,Short,15,0.9375,6,0.29411764705882354,5,5,0.8407679568969566,3,0,2,0,0,0,0
sub001-ses04-block2-game2_000::b0070,test/sub001/ses-04/sub001-ses04-block2-game2_000.npy,sub001,2,8,26,0,Short,7,1.0,5,0.375,0,0,0.8426510373653007,1,2,3,0,0,0,0
sub001-ses04-block2-game2_000::b0071,test/sub001/ses-04/sub001-ses04-block2-game2_000.npy,sub001,2,1,26,0,Short,0,0.0,1,1.0,2,2,0.8269230769230769,3,5,5,0,0,0,0
sub001-ses04-block2-game2_000::b0072,test/sub001/ses-04/sub001-ses04-block2-game2_000.npy,sub001,2,4,26,0,Short,3,1.0,3,0.5,4,4,0.8508490815382582,1,3,1,0,0,0,1
sub001-ses04-block2-game2_000::b0073,test/sub001/ses-04/sub001-ses04-block2-game2_000.npy,sub001,2,8,26,0,Short,6,0.8571428571428571,4,0.375,0,5,0.8488762095747391,2,5,4,0,0,0,0
sub001-ses04-block2-game2_000::b0074,test/sub001/ses-04/sub001-ses04-block2-game2_000.npy,sub001,2,1,26,0,Short,0,0.0,1,1.0,5,5,0.9090909090909091,1,1,1,0,0,1,1
sub001-ses04-block2-game2_000::b0075,test/sub001/ses-04/sub001-ses04-block2-game2_000.npy,sub001,2,2,26,0,Short,1,1.0,2,0.5,3,0,0.7546933667083855,3,2,1,1,0,0,0
sub001-ses04-block2-game2_000::b0076,test/sub001/ses-04/sub001-ses04-block2-game2_000.npy,sub001,2,5,26,0,Short,3,0.75,4,0.4,2,1,0.8701596527939239,1,1,3,0,1,1,0
sub001-ses04-block2-game2_000::b0077,test/sub001/ses-04/sub001-ses04-block2-game2_000.npy,sub001,2,27,26,1,Long,23,0.8846153846153846,6,0.2222222222222222,1,2,0.8601445486656202,3,5,0,0,0,0,0
sub001-ses04-block2-game2_000::b0078,test/sub001/ses-04/sub001-ses04-block2-game2_000.npy,sub001,2,32,26,1,Long,28,0.9032258064516129,6,0.25,5,1,0.8424977939268318,2,0,3,0,0,0,0
sub001-ses04-block2-game2_000::b0079,test/sub001/ses-04/sub001-ses04-block2-game2_000.npy,sub001,2,6,26,0,Short,1,0.2,2,0.5,1,1,0.8342931578225695,2,3,4,0,0,0,0
sub001-ses04-block2-game2_000::b0080,test/sub001/ses-04/sub001-ses04-block2-game2_000.npy,sub001,2,20,26,0,Short,15,0.7894736842105263,6,0.3,1,1,0.8565707898165444,3,5,2,0,0,0,0
sub001-ses04-block2-game2_000::b0081,test/sub001/ses-04/sub001-ses04-block2-game2_000.npy,sub001,2,14,26,0,Short,12,0.9230769230769231,6,0.42857142857142855,5,5,0.8485457969737453,3,4,4,0,0,0,0
sub001-ses04-block2-game2_000::b0082,test/sub001/ses-04/sub001-ses04-block2-game2_000.npy,sub001,2,19,26,0,Short,13,0.7222222222222222,6,0.2631578947368421,3,1,0.8366025312076216,1,4,5,0,1,0,0
sub001-ses04-block2-game2_000::b0083,test/sub001/ses-04/sub001-ses04-block2-game2_000.npy,sub001,2,3,26,0,Short,2,1.0,3,0.3333333333333333,1,0,0.8416586034510564,1,0,5,1,0,0,0
sub001-ses04-block2-game2_000::b0084,test/sub001/ses-04/sub001-ses04-block2-game2_000.npy,sub001,2,2,26,0,Short,1,1.0,2,0.5,1,1,0.8192959001782532,1,1,1,1,1,1,1
sub001-ses04-block2-game2_000::b0085,test/sub001/ses-04/sub001-ses04-block2-game2_000.npy,sub001,2,2,26,0,Short,1,1.0,2,0.5,5,1,0.8905562224889956,1,5,4,0,1,0,0
sub001-ses04-block2-game2_000::b0086,test/sub001/ses-04/sub001-ses04-block2-game2_000.npy,sub001,2,3,26,0,Short,1,0.5,2,0.6666666666666666,0,1,0.8405129782409416,1,3,2,0,1,0,0
sub001-ses04-block2-game2_000::b0087,test/sub001/ses-04/sub001-ses04-block2-game2_000.npy,sub001,2,4,26,0,Short,3,1.0,4,0.25,1,0,0.875484297943661,1,3,0,1,0,0,0
sub001-ses04-block2-game2_000::b0088,test/sub001/ses-04/sub001-ses04-block2-game2_000.npy,sub001,2,3,26,0,Short,2,1.0,3,0.3333333333333333,1,0,0.8020000520846896,1,2,1,1,0,0,1
sub001-ses04-block2-game2_000::b0089,test/sub001/ses-04/sub001-ses04-block2-game2_000.npy,sub001,2,14,26,0,Short,11,0.8461538461538461,6,0.35714285714285715,3,1,0.8601336918787444,3,3,2,1,0,1,0
sub001-ses04-block2-game2_000::b0090,test/sub001/ses-04/sub001-ses04-block2-game2_000.npy,sub001,2,5,26,0,Short,4,1.0,4,0.4,5,3,0.8878269670495396,2,3,4,0,0,0,0
sub001-ses04-block2-game2_000::b0091,test/sub001/ses-04/sub001-ses04-block2-game2_000.npy,sub001,2,6,26,0,Short,4,0.8,4,0.3333333333333333,1,1,0.8899849267872524,2,5,0,0,0,0,0
sub001-ses04-block2-game2_000::b0092,test/sub001/ses-04/sub001-ses04-block2-game2_000.npy,sub001,2,2,26,0,Short,1,1.0,2,0.5,5,1,0.8507936507936508,2,2,3,0,0,1,0
sub001-ses04-block2-game2_000::b0093,test/sub001/ses-04/sub001-ses04-block2-game2_000.npy,sub001,2,3,26,0,Short,1,0.5,2,0.6666666666666666,4,5,0.8396877269426289,1,1,5,0,0,1,0
sub001-ses04-block2-game2_000::b0094,test/sub001/ses-04/sub001-ses04-block2-game2_000.npy,sub001,2,28,26,1,Long,21,0.7777777777777778,6,0.25,1,0,0.8511295290430828,1,1,1,1,0,1,1
sub001-ses04-block2-game2_000::b0095,test/sub001/ses-04/sub001-ses04-block2-game2_000.npy,sub001,2,4,26,0,Short,3,1.0,3,0.5,2,2,0.8472932415298442,3,0,0,0,0,0,0
sub001-ses04-block2-game2_000::b0096,test/sub001/ses-04/sub001-ses04-block2-game2_000.npy,sub001,2,23,26,0,Short,21,0.9545454545454546,6,0.2608695652173913,0,0,0.8493900747303099,2,4,2,0,0,0,1
sub001-ses04-block2-game2_000::b0097,test/sub001/ses-04/sub001-ses04-block2-game2_000.npy,sub001,2,15,26,0,Short,13,0.9285714285714286,6,0.2,4,3,0.8516621190138621,1,0,5,0,0,0,0
sub001-ses04-block2-game2_000::b0098,test/sub001/ses-04/sub001-ses04-block2-game2_000.npy,sub001,2,5,26,0,Short,3,0.75,3,0.6,3,3,0.8683507414571243,3,2,0,1,1,0,0
sub001-ses04-block2-game2_000::b0099,test/sub001/ses-04/sub001-ses04-block2-game2_000.npy,sub001,2,9,26,0,Short,8,1.0,5,0.3333333333333333,3,1,0.8606032401169226,2,4,4,0,0,0,0
sub001-ses04-block2-game2_000::b0100,test/sub001/ses-04/sub001-ses04-block2-game2_000.npy,sub001,2,7,26,0,Short,4,0.6666666666666666,4,0.5714285714285714,0,0,0.8178428188556198,1,3,5,0,0,0,0
sub001-ses04-block2-game2_000::b0101,test/sub001/ses-04/sub001-ses04-block2-game2_000.npy,sub001,2,4,26,0,Short,2,0.6666666666666666,3,0.5,3,2,0.8828257583226526,1,4,2,0,0,0,0
sub001-ses04-block2-game2_000::b0102,test/sub001/ses-04/sub001-ses04-block2-game2_000.npy,sub001,2,16,26,0,Short,10,0.6666666666666666,4,0.5,5,1,0.8376704988386042,3,2,2,0,0,0,0
sub001-ses04-block2-game2_000::b0103,test/sub001/ses-04/sub001-ses04-block2-game2_000.npy,sub001,2,14,26,0,Short,11,0.8461538461538461,6,0.35714285714285715,2,1,0.8755510660126722,2,5,2,1,0,0,1
sub001-ses04-block2-game2_000::b0104,test/sub001/ses-04/sub001-ses04-block2-game2_000.npy,sub001,2,6,26,0,Short,4,0.8,5,0.3333333333333333,5,1,0.9095989964398846,3,4,4,0,0,0,0
sub001-ses04-block2-game2_000::b0105,test/sub001/ses-04/sub001-ses04-block2-game2_000.npy,sub001,2,9,26,0,Short,7,0.875,5,0.4444444444444444,1,1,0.8598927616513462,2,4,2,0,0,0,1
sub001-ses04-block2-game2_000::b0106,test/sub001/ses-04/sub001-ses04-block2-game2_000.npy,sub001,2,3,26,0,Short,2,1.0,3,0.3333333333333333,3,3,0.8320035460992908,1,1,3,0,0,1,0
sub001-ses04-block2-game2_000::b0107,test/sub001/ses-04/sub001-ses04-block2-game2_000.npy,sub001,2,2,26,0,Short,1,1.0,2,0.5,1,1,0.7984601449275363,1,3,2,1,1,0,0
sub001-ses04-block2-game2_000::b0108,test/sub001/ses-04/sub001-ses04-block2-game2_000.npy,sub001,2,2,26,0,Short,1,1.0,2,0.5,2,2,0.8468085106382979,1,2,5,0,0,0,0
sub001-ses04-block2-game2_000::b0109,test/sub001/ses-04/sub001-ses04-block2-game2_000.npy,sub001,2,4,26,0,Short,3,1.0,4,0.25,4,0,0.8465697507032415,1,2,2,0,0,0,0
sub001-ses04-block2-game2_000::b0110,test/sub001/ses-04/sub001-ses04-block2-game2_000.npy,sub001,2,2,26,0,Short,1,1.0,2,0.5,0,0,0.7445833333333334,3,4,5,0,0,0,0
sub001-ses04-block2-game2_000::b0111,test/sub001/ses-04/sub001-ses04-block2-game2_000.npy,sub001,2,14,26,0,Short,13,1.0,6,0.2857142857142857,2,1,0.8553491406996719,1,5,5,0,1,0,0
sub001-ses04-block2-game2_000::b0112,test/sub001/ses-04/sub001-ses04-block2-game2_000.npy,sub001,2,23,26,0,Short,21,0.9545454545454546,6,0.34782608695652173,3,3,0.8642094572270852,1,1,5,0,0,1,0
sub001-ses04-block2-game2_000::b0113,test/sub001/ses-04/sub001-ses04-block2-game2_000.npy,sub001,2,4,26,0,Short,2,0.6666666666666666,3,0.5,3,1,0.8859697810669134,1,0,1,0,1,0,1
sub001-ses04-block2-game2_000::b0114,test/sub001/ses-04/sub001-ses04-block2-game2_000.npy,sub001,2,5,26,0,Short,3,0.75,3,0.6,1,1,0.8252437332190159,1,3,5,1,1,0,0
sub001-ses04-block2-game2_000::b0115,test/sub001/ses-04/sub001-ses04-block2-game2_000.npy,sub001,2,2,26,0,Short,0,0.0,1,1.0,5,5,0.7988021295474712,1,1,1,0,0,1,1
sub001-ses04-block2-game2_000::b0116,test/sub001/ses-04/sub001-ses04-block2-game2_000.npy,sub001,2,3,26,0,Short,1,0.5,2,0.6666666666666666,0,3,0.8406795888022421,1,0,0,0,0,0,0
sub001-ses04-block2-game2_000::b0117,test/sub001/ses-04/sub001-ses04-block2-game2_000.npy,sub001,2,2,26,0,Short,1,1.0,2,0.5,5,1,0.9110576923076923,1,5,5,0,1,0,0
sub001-ses04-block2-game2_000::b0118,test/sub001/ses-04/sub001-ses04-block2-game2_000.npy,sub001,2,2,26,0,Short,1,1.0,2,0.5,0,0,0.857919621749409,1,1,5,0,0,1,0
sub001-ses04-block2-game2_000::b0119,test/sub001/ses-04/sub001-ses04-block2-game2_000.npy,sub001,2,15,26,0,Short,12,0.8571428571428571,5,0.3333333333333333,5,5,0.8558049167034893,3,3,3,0,0,1,1
sub001-ses04-block2-game2_000::b0120,test/sub001/ses-04/sub001-ses04-block2-game2_000.npy,sub001,2,11,26,0,Short,8,0.8,4,0.36363636363636365,4,3,0.8430916149929047,2,4,4,0,0,0,0
sub001-ses04-block2-game2_000::b0121,test/sub001/ses-04/sub001-ses04-block2-game2_000.npy,sub001,2,60,26,1,Long,48,0.8135593220338984,6,0.2833333333333333,5,1,0.8718547260947164,2,5,3,0,0,0,0
sub001-ses04-block2-game2_000::b0122,test/sub001/ses-04/sub001-ses04-block2-game2_000.npy,sub001,2,5,26,0,Short,3,0.75,3,0.6,4,4,0.8877696933846002,1,5,5,0,0,0,0
sub001-ses04-block2-game2_000::b0123,test/sub001/ses-04/sub001-ses04-block2-game2_000.npy,sub001,2,17,26,0,Short,15,0.9375,6,0.23529411764705882,0,4,0.8657852258674201,2,2,1,0,0,1,0
sub001-ses04-block2-game2_000::b0124,test/sub001/ses-04/sub001-ses04-block2-game2_000.npy,sub001,2,21,26,0,Short,14,0.7,6,0.23809523809523808,0,1,0.8375063780009125,3,5,0,0,0,0,0
sub001-ses04-block2-game2_000::b0125,test/sub001/ses-04/sub001-ses04-block2-game2_000.npy,sub001,2,3,26,0,Short,2,1.0,3,0.3333333333333333,1,1,0.8621497584541062,2,1,0,0,0,0,0
sub001-ses04-block2-game2_000::b0126,test/sub001/ses-04/sub001-ses04-block2-game2_000.npy,sub001,2,4,26,0,Short,3,1.0,4,0.25,3,1,0.8586965371254885,1,2,1,0,1,0,1
sub001-ses04-block2-game2_000::b0127,test/sub001/ses-04/sub001-ses04-block2-game2_000.npy,sub001,2,5,26,0,Short,4,1.0,5,0.2,4,1,0.7871159420289855,1,3,1,0,1,0,1
sub001-ses04-block2-game2_000::b0128,test/sub001/ses-04/sub001-ses04-block2-game2_000.npy,sub001,2,2,26,0,Short,0,0.0,1,1.0,5,5,0.9383647798742139,1,1,5,0,0,1,0
sub001-ses04-block2-game2_000::b0129,test/sub001/ses-04/sub001-ses04-block2-game2_000.npy,sub001,2,3,26,0,Short,1,0.5,2,0.6666666666666666,1,1,0.8122447883086181,1,4,5,1,1,0,0
sub001-ses04-block2-game2_000::b0130,test/sub001/ses-04/sub001-ses04-block2-game2_000.npy,sub001,2,2,26,0,Short,1,1.0,2,0.5,3,3,0.8225377107364684,1,0,0,0,0,0,0
sub001-ses04-block2-game2_000::b0131,test/sub001/ses-04/sub001-ses04-block2-game2_000.npy,sub001,2,2,26,0,Short,1,1.0,2,0.5,3,2,0.9213108320251178,1,0,5,0,0,0,0
sub001-ses04-block2-game2_000::b0132,test/sub001/ses-04/sub001-ses04-block2-game2_000.npy,sub001,2,2,26,0,Short,1,1.0,2,0.5,5,3,0.8348936170212766,1,3,0,0,0,0,0
sub001-ses04-block2-game2_000::b0133,test/sub001/ses-04/sub001-ses04-block2-game2_000.npy,sub001,2,4,26,0,Short,2,0.6666666666666666,3,0.5,3,1,0.8501387604070305,1,3,4,0,1,0,0
sub001-ses04-block2-game2_000::b0134,test/sub001/ses-04/sub001-ses04-block2-game2_000.npy,sub001,2,4,26,0,Short,3,1.0,3,0.5,0,0,0.8852242478018876,1,0,2,0,0,0,0
sub001-ses04-block2-game2_000::b0135,test/sub001/ses-04/sub001-ses04-block2-game2_000.npy,sub001,2,1,26,0,Short,0,0.0,1,1.0,5,5,0.8367346938775511,1,1,5,0,0,1,0
sub001-ses04-block2-game2_000::b0136,test/sub001/ses-04/sub001-ses04-block2-game2_000.npy,sub001,2,8,26,0,Short,6,0.8571428571428571,5,0.375,3,0,0.8677252313440927,1,5,5,0,0,0,0
sub001-ses04-block2-game2_000::b0137,test/sub001/ses-04/sub001-ses04-block2-game2_000.npy,sub001,2,4,26,0,Short,2,0.6666666666666666,3,0.5,3,0,0.8108574635617645,1,5,5,0,0,0,0
sub001-ses04-block2-game2_000::b0138,test/sub001/ses-04/sub001-ses04-block2-game2_000.npy,sub001,2,2,26,0,Short,1,1.0,2,0.5,4,1,0.8346228239845261,1,1,5,0,1,1,0
sub001-ses04-block2-game2_000::b0139,test/sub001/ses-04/sub001-ses04-block2-game2_000.npy,sub001,2,12,26,0,Short,8,0.7272727272727273,5,0.25,4,0,0.8558804078148935,3,2,1,0,0,0,0
sub001-ses04-block2-game2_000::b0140,test/sub001/ses-04/sub001-ses04-block2-game2_000.npy,sub001,2,5,26,0,Short,4,1.0,4,0.4,1,1,0.8559700653955973,1,3,2,1,1,0,0
sub001-ses04-block2-game2_000::b0141,test/sub001/ses-04/sub001-ses04-block2-game2_000.npy,sub001,2,3,26,0,Short,2,1.0,2,0.6666666666666666,1,1,0.7435897435897436,2,0,1,0,0,0,0
sub001-ses04-block2-game2_000::b0142,test/sub001/ses-04/sub001-ses04-block2-game2_000.npy,sub001,2,11,26,0,Short,9,0.9,6,0.2727272727272727,5,0,0.8616715432130452,1,0,2,0,0,0,0
sub001-ses04-block2-game2_000::b0143,test/sub001/ses-04/sub001-ses04-block2-game2_000.npy,sub001,2,4,26,0,Short,3,1.0,2,0.5,0,0,0.9099984582176996,1,2,1,0,0,0,1
sub001-ses04-block2-game2_000::b0144,test/sub001/ses-04/sub001-ses04-block2-game2_000.npy,sub001,2,3,26,0,Short,2,1.0,3,0.3333333333333333,3,1,0.8311898050270145,1,1,5,0,1,1,0
sub001-ses04-block2-game2_000::b0145,test/sub001/ses-04/sub001-ses04-block2-game2_000.npy,sub001,2,4,26,0,Short,3,1.0,4,0.25,5,2,0.8313805759457933,3,1,0,0,0,0,0
sub001-ses04-block2-game2_000::b0146,test/sub001/ses-04/sub001-ses04-block2-game2_000.npy,sub001,2,3,26,0,Short,1,0.5,2,0.6666666666666666,4,3,0.8382740447957838,1,0,3,0,0,0,0
sub001-ses04-block2-game2_000::b0147,test/sub001/ses-04/sub001-ses04-block2-game2_000.npy,sub001,2,1,26,0,Short,0,0.0,1,1.0,1,1,0.8444444444444444,1,2,5,1,1,0,0
sub001-ses04-block2-game2_000::b0148,test/sub001/ses-04/sub001-ses04-block2-game2_000.npy,sub001,2,3,26,0,Short,2,1.0,3,0.3333333333333333,4,3,0.7909726716860973,1,3,5,0,0,0,0
sub001-ses04-block2-game2_000::b0149,test/sub001/ses-04/sub001-ses04-block2-game2_000.npy,sub001,2,3,26,0,Short,1,0.5,2,0.6666666666666666,0,1,0.8070736434108526,1,0,0,0,1,0,0
sub001-ses04-block2-game2_000::b0150,test/sub001/ses-04/sub001-ses04-block2-game2_000.npy,sub001,2,2,26,0,Short,1,1.0,2,0.5,1,1,0.7977272727272727,1,3,1,1,1,0,1
sub001-ses04-block2-game2_000::b0151,test/sub001/ses-04/sub001-ses04-block2-game2_000.npy,sub001,2,1,26,0,Short,0,0.0,1,1.0,4,4,0.7555555555555555,1,3,2,0,0,0,0
sub001-ses04-block2-game2_000::b0152,test/sub001/ses-04/sub001-ses04-block2-game2_000.npy,sub001,2,3,26,0,Short,2,1.0,3,0.3333333333333333,1,1,0.7989205783323431,1,3,1,1,1,0,1
sub001-ses04-block2-game2_000::b0153,test/sub001/ses-04/sub001-ses04-block2-game2_000.npy,sub001,2,4,26,0,Short,3,1.0,3,0.5,3,3,0.8576086956521739,1,0,1,0,0,0,1
sub001-ses04-block2-game2_000::b0154,test/sub001/ses-04/sub001-ses04-block2-game2_000.npy,sub001,2,1,26,0,Short,0,0.0,1,1.0,5,5,0.88,3,1,1,0,0,0,0
sub001-ses04-block2-game2_000::b0155,test/sub001/ses-04/sub001-ses04-block2-game2_000.npy,sub001,2,14,26,0,Short,8,0.6153846153846154,6,0.2857142857142857,1,3,0.8411264436394353,2,1,2,0,0,0,1
sub001-ses04-block2-game2_000::b0156,test/sub001/ses-04/sub001-ses04-block2-game2_000.npy,sub001,2,6,26,0,Short,3,0.6,3,0.5,0,2,0.8228350323275366,3,3,5,0,0,1,0
sub001-ses04-block2-game2_000::b0157,test/sub001/ses-04/sub001-ses04-block2-game2_000.npy,sub001,2,13,26,0,Short,12,1.0,6,0.23076923076923078,4,0,0.8499200340668058,2,1,4,0,0,0,0
sub001-ses04-block2-game2_000::b0158,test/sub001/ses-04/sub001-ses04-block2-game2_000.npy,sub001,2,11,26,0,Short,8,0.8,5,0.36363636363636365,2,0,0.8386992817413802,3,5,1,0,0,0,0
sub001-ses04-block2-game2_000::b0159,test/sub001/ses-04/sub001-ses04-block2-game2_000.npy,sub001,2,12,26,0,Short,10,0.9090909090909091,6,0.25,2,3,0.8234566129874706,2,3,1,1,0,0,0
sub001-ses04-block2-game2_000::b0160,test/sub001/ses-04/sub001-ses04-block2-game2_000.npy,sub001,2,12,26,0,Short,9,0.8181818181818182,6,0.25,2,0,0.8460233899892978,2,4,2,1,0,0,1
sub001-ses04-block2-game2_000::b0161,test/sub001/ses-04/sub001-ses04-block2-game2_000.npy,sub001,2,27,26,1,Long,20,0.7692307692307693,6,0.3333333333333333,3,3,0.8171650977376516,1,4,5,0,0,0,0
sub001-ses04-block2-game2_000::b0162,test/sub001/ses-04/sub001-ses04-block2-game2_000.npy,sub001,2,1,26,0,Short,0,0.0,1,1.0,1,1,0.8695652173913043,3,3,0,0,0,1,0
sub001-ses04-block2-game2_000::b0163,test/sub001/ses-04/sub001-ses04-block2-game2_000.npy,sub001,2,1,26,0,Short,0,0.0,1,1.0,2,2,0.8867924528301887,1,2,1,0,0,0,1
sub001-ses04-block2-game2_000::b0164,test/sub001/ses-04/sub001-ses04-block2-game2_000.npy,sub001,2,2,26,0,Short,0,0.0,1,1.0,0,0,0.8496317512274959,1,0,0,0,0,0,0
sub001-ses04-block2-game2_000::b0165,test/sub001/ses-04/sub001-ses04-block2-game2_000.npy,sub001,2,4,26,0,Short,2,0.6666666666666666,2,0.75,1,1,0.7983518651508512,1,0,3,1,1,0,0
sub001-ses04-block2-game2_000::b0166,test/sub001/ses-04/sub001-ses04-block2-game2_000.npy,sub001,2,11,26,0,Short,8,0.8,6,0.18181818181818182,2,0,0.830868050389327,3,0,0,0,0,0,0
sub001-ses04-block2-game2_000::b0167,test/sub001/ses-04/sub001-ses04-block2-game2_000.npy,sub001,2,4,26,0,Short,3,1.0,3,0.5,0,0,0.8044673477580515,2,1,3,0,0,0,0
sub001-ses04-block2-game2_000::b0168,test/sub001/ses-04/sub001-ses04-block2-game2_000.npy,sub001,2,20,26,0,Short,18,0.9473684210526315,6,0.25,1,1,0.8088209260976479,4,1,0,0,0,0,0
sub001-ses04-block2-game2_000::b0169,test/sub001/ses-04/sub001-ses04-block2-game2_000.npy,sub001,2,1,26,0,Short,0,0.0,1,1.0,1,1,0.8043478260869565,1,4,5,1,1,0,0
sub001-ses04-block2-game2_000::b0170,test/sub001/ses-04/sub001-ses04-block2-game2_000.npy,sub001,2,13,26,0,Short,11,0.9166666666666666,5,0.3076923076923077,3,3,0.8077490848421252,2,0,0,0,0,0,0
sub001-ses04-block2-game2_000::b0171,test/sub001/ses-04/sub001-ses04-block2-game2_000.npy,sub001,2,10,26,0,Short,7,0.7777777777777778,4,0.5,4,3,0.8112305793996027,1,1,2,0,0,1,0
sub001-ses04-block2-game2_000::b0172,test/sub001/ses-04/sub001-ses04-block2-game2_000.npy,sub001,2,2,26,0,Short,0,0.0,1,1.0,4,4,0.8616310160427807,1,4,5,0,0,0,0
sub001-ses04-block2-game2_000::b0173,test/sub001/ses-04/sub001-ses04-block2-game2_000.npy,sub001,2,19,26,0,Short,13,0.7222222222222222,5,0.3157894736842105,3,1,0.8212852459189667,3,0,3,1,0,0,1
sub001-ses04-block2-game2_001::b0001,test/sub001/ses-04/sub001-ses04-block2-game2_001.npy,sub001,2,16,26,0,Short,13,0.8666666666666667,6,0.25,4,0,0.8493769054841517,2,5,1,0,0,0,0
sub001-ses04-block2-game2_001::b0002,test/sub001/ses-04/sub001-ses04-block2-game2_001.npy,sub001,2,27,26,1,Long,21,0.8076923076923077,6,0.25925925925925924,3,3,0.864950802066938,2,2,3,0,0,1,0
sub001-ses04-block2-game2_001::b0003,test/sub001/ses-04/sub001-ses04-block2-game2_001.npy,sub001,2,20,26,0,Short,18,0.9473684210526315,6,0.25,5,3,0.8573216406429138,1,1,2,0,0,1,0
sub001-ses04-block2-game2_001::b0004,test/sub001/ses-04/sub001-ses04-block2-game2_001.npy,sub001,2,22,26,0,Short,19,0.9047619047619048,6,0.22727272727272727,3,1,0.8429966091976642,3,2,4,1,0,0,0
sub001-ses04-block2-game2_001::b0005,test/sub001/ses-04/sub001-ses04-block2-game2_001.npy,sub001,2,10,26,0,Short,5,0.5555555555555556,4,0.6,1,1,0.8528152039928468,2,0,5,0,0,0,0
sub001-ses04-block2-game2_001::b0006,test/sub001/ses-04/sub001-ses04-block2-game2_001.npy,sub001,2,17,26,0,Short,14,0.875,6,0.29411764705882354,4,5,0.87296351872728,3,1,3,0,0,0,1
sub001-ses04-block2-game2_001::b0007,test/sub001/ses-04/sub001-ses04-block2-game2_001.npy,sub001,2,11,26,0,Short,7,0.7,5,0.36363636363636365,5,3,0.8791852386436401,3,5,1,0,1,0,0
sub001-ses04-block2-game2_001::b0008,test/sub001/ses-04/sub001-ses04-block2-game2_001.npy,sub001,2,7,26,0,Short,5,0.8333333333333334,4,0.42857142857142855,0,3,0.8226489103500462,2,4,5,0,0,0,0
sub001-ses04-block2-game2_001::b0009,test/sub001/ses-04/sub001-ses04-block2-game2_001.npy,sub001,2,19,26,0,Short,12,0.6666666666666666,6,0.2631578947368421,2,1,0.8750327330466904,1,2,1,0,1,0,1
sub001-ses04-block2-game2_001::b0010,test/sub001/ses-04/sub001-ses04-block2-game2_001.npy,sub001,2,8,26,0,Short,6,0.8571428571428571,6,0.375,4,5,0.8742551286062706,3,2,5,0,0,0,0
sub001-ses04-block2-game2_001::b0011,test/sub001/ses-04/sub001-ses04-block2-game2_001.npy,sub001,2,1,26,0,Short,0,0.0,1,1.0,0,0,0.9090909090909091,1,0,0,0,0,0,0
sub001-ses04-block2-game2_001::b0012,test/sub001/ses-04/sub001-ses04-block2-game2_001.npy,sub001,2,4,26,0,Short,1,0.3333333333333333,2,0.75,0,0,0.8246925227113906,1,0,5,0,0,0,0
sub001-ses04-block2-game2_001::b0013,test/sub001/ses-04/sub001-ses04-block2-game2_001.npy,sub001,2,4,26,0,Short,3,1.0,3,0.5,1,5,0.886525721399671,1,4,1,1,0,0,1
sub001-ses04-block2-game2_001::b0014,test/sub001/ses-04/sub001-ses04-block2-game2_001.npy,sub001,2,2,26,0,Short,0,0.0,1,1.0,3,3,0.8763736263736264,1,1,1,0,0,1,1
sub001-ses04-block2-game2_001::b0015,test/sub001/ses-04/sub001-ses04-block2-game2_001.npy,sub001,2,2,26,0,Short,1,1.0,2,0.5,5,1,0.8089046493301812,1,4,5,0,1,0,0
sub001-ses04-block2-game2_001::b0016,test/sub001/ses-04/sub001-ses04-block2-game2_001.npy,sub001,2,3,26,0,Short,2,1.0,3,0.3333333333333333,5,0,0.8453693590610426,1,2,0,0,0,0,0
sub001-ses04-block2-game2_001::b0017,test/sub001/ses-04/sub001-ses04-block2-game2_001.npy,sub001,2,4,26,0,Short,3,1.0,4,0.25,5,0,0.8593641384081394,1,2,5,0,0,0,0
sub001-ses04-block2-game2_001::b0018,test/sub001/ses-04/sub001-ses04-block2-game2_001.npy,sub001,2,2,26,0,Short,0,0.0,1,1.0,2,2,0.9319381598793364,1,1,1,0,0,1,1
sub001-ses04-block2-game2_001::b0019,test/sub001/ses-04/sub001-ses04-block2-game2_001.npy,sub001,2,2,26,0,Short,0,0.0,1,1.0,1,1,0.9343116701607268,1,5,1,1,1,0,1
sub001-ses04-block2-game2_001::b0020,test/sub001/ses-04/sub001-ses04-block2-game2_001.npy,sub001,2,3,26,0,Short,2,1.0,3,0.3333333333333333,1,1,0.8313954423376915,1,0,5,1,1,0,0
sub001-ses04-block2-game2_001::b0021,test/sub001/ses-04/sub001-ses04-block2-game2_001.npy,sub001,2,2,26,0,Short,0,0.0,1,1.0,3,3,0.8161340007701194,1,3,2,0,0,0,0
sub001-ses04-block2-game2_001::b0022,test/sub001/ses-04/sub001-ses04-block2-game2_001.npy,sub001,2,3,26,0,Short,1,0.5,2,0.6666666666666666,4,1,0.8075980392156863,1,3,1,0,1,0,1
sub001-ses04-block2-game2_001::b0023,test/sub001/ses-04/sub001-ses04-block2-game2_001.npy,sub001,2,2,26,0,Short,1,1.0,2,0.5,2,2,0.8482905982905983,2,2,4,1,1,1,0
sub001-ses04-block2-game2_001::b0024,test/sub001/ses-04/sub001-ses04-block2-game2_001.npy,sub001,2,19,26,0,Short,15,0.8333333333333334,5,0.3157894736842105,1,1,0.8589199626289623,2,1,5,0,0,0,0
sub001-ses04-block2-game2_001::b0025,test/sub001/ses-04/sub001-ses04-block2-game2_001.npy,sub001,2,1,26,0,Short,0,0.0,1,1.0,0,0,0.8043478260869565,1,2,1,0,0,0,1
sub001-ses04-block2-game2_001::b0026,test/sub001/ses-04/sub001-ses04-block2-game2_001.npy,sub001,2,13,26,0,Short,10,0.8333333333333334,5,0.38461538461538464,1,1,0.8410107015403633,2,5,1,0,0,0,0
sub001-ses04-block2-game2_001::b0027,test/sub001/ses-04/sub001-ses04-block2-game2_001.npy,sub001,2,1,26,0,Short,0,0.0,1,1.0,1,1,0.7551020408163265,1,1,5,1,1,1,0
sub001-ses04-block2-game2_001::b0028,test/sub001/ses-04/sub001-ses04-block2-game2_001.npy,sub001,2,9,26,0,Short,6,0.75,5,0.3333333333333333,4,4,0.9016594565328102,2,4,2,0,0,0,1
sub001-ses04-block2-game2_001::b0029,test/sub001/ses-04/sub001-ses04-block2-game2_001.npy,sub001,2,3,26,0,Short,1,0.5,2,0.6666666666666666,1,1,0.8988461538461539,1,0,1,1,1,0,1
sub001-ses04-block2-game2_001::b0030,test/sub001/ses-04/sub001-ses04-block2-game2_001.npy,sub001,2,1,26,0,Short,0,0.0,1,1.0,4,4,0.9230769230769231,2,3,1,0,0,0,0
sub001-ses04-block2-game2_001::b0031,test/sub001/ses-04/sub001-ses04-block2-game2_001.npy,sub001,2,11,26,0,Short,9,0.9,6,0.2727272727272727,0,5,0.8668887000971325,1,1,1,0,0,1,1
sub001-ses04-block2-game2_001::b0032,test/sub001/ses-04/sub001-ses04-block2-game2_001.npy,sub001,2,6,26,0,Short,5,1.0,4,0.3333333333333333,0,0,0.9123279746681282,3,4,0,0,0,0,0
sub001-ses04-block2-game2_001::b0033,test/sub001/ses-04/sub001-ses04-block2-game2_001.npy,sub001,2,46,26,1,Long,35,0.7777777777777778,6,0.21739130434782608,0,4,0.8616838946539692,1,4,5,0,0,0,0
sub001-ses04-block2-game2_001::b0034,test/sub001/ses-04/sub001-ses04-block2-game2_001.npy,sub001,2,7,26,0,Short,6,1.0,5,0.2857142857142857,1,1,0.8637243981150414,1,0,2,1,1,0,0
sub001-ses04-block2-game2_001::b0035,test/sub001/ses-04/sub001-ses04-block2-game2_001.npy,sub001,2,5,26,0,Short,3,0.75,3,0.4,5,1,0.8879654197486019,1,5,5,0,1,0,0
sub001-ses04-block2-game2_001::b0036,test/sub001/ses-04/sub001-ses04-block2-game2_001.npy,sub001,2,6,26,0,Short,4,0.8,4,0.3333333333333333,1,0,0.8448498714918963,1,0,0,1,0,0,0
sub001-ses04-block2-game2_001::b0037,test/sub001/ses-04/sub001-ses04-block2-game2_001.npy,sub001,2,5,26,0,Short,4,1.0,5,0.2,0,0,0.8452458977872539,1,3,3,0,0,0,0
sub001-ses04-block2-game2_001::b0038,test/sub001/ses-04/sub001-ses04-block2-game2_001.npy,sub001,2,2,26,0,Short,1,1.0,2,0.5,4,4,0.8504709576138147,1,5,1,0,0,0,1
sub001-ses04-block2-game2_001::b0039,test/sub001/ses-04/sub001-ses04-block2-game2_001.npy,sub001,2,2,26,0,Short,1,1.0,2,0.5,0,0,0.8619230769230769,1,2,5,0,0,0,0
sub001-ses04-block2-game2_001::b0040,test/sub001/ses-04/sub001-ses04-block2-game2_001.npy,sub001,2,2,26,0,Short,1,1.0,2,0.5,1,1,0.9177295918367347,1,1,3,1,1,1,0
sub001-ses04-block2-game2_001::b0041,test/sub001/ses-04/sub001-ses04-block2-game2_001.npy,sub001,2,2,26,0,Short,1,1.0,2,0.5,4,1,0.86625,1,4,1,0,1,0,1
sub001-ses04-block2-game2_001::b0042,test/sub001/ses-04/sub001-ses04-block2-game2_001.npy,sub001,2,3,26,0,Short,1,0.5,2,0.6666666666666666,1,1,0.8640967498110355,1,4,5,1,1,0,0
sub001-ses04-block2-game2_001::b0043,test/sub001/ses-04/sub001-ses04-block2-game2_001.npy,sub001,2,2,26,0,Short,1,1.0,2,0.5,3,2,0.8546380090497737,1,0,1,0,0,0,1
sub001-ses04-block2-game2_001::b0044,test/sub001/ses-04/sub001-ses04-block2-game2_001.npy,sub001,2,19,26,0,Short,15,0.8333333333333334,6,0.3684210526315789,1,1,0.8367641785241813,1,1,5,1,1,1,0
sub001-ses04-block2-game2_001::b0045,test/sub001/ses-04/sub001-ses04-block2-game2_001.npy,sub001,2,18,26,0,Short,13,0.7647058823529411,6,0.2777777777777778,5,3,0.8361111079578326,3,1,1,0,1,0,0
sub001-ses04-block2-game2_001::b0046,test/sub001/ses-04/sub001-ses04-block2-game2_001.npy,sub001,2,16,26,0,Short,11,0.7333333333333333,6,0.375,2,4,0.8515011049138284,2,0,2,1,0,0,1
sub001-ses04-block2-game2_001::b0047,test/sub001/ses-04/sub001-ses04-block2-game2_001.npy,sub001,2,21,26,0,Short,19,0.95,6,0.23809523809523808,2,2,0.853513354424756,3,1,5,0,0,0,0
sub001-ses04-block2-game2_001::b0048,test/sub001/ses-04/sub001-ses04-block2-game2_001.npy,sub001,2,5,26,0,Short,4,1.0,5,0.2,5,0,0.8411873638344225,2,5,3,0,0,0,0
sub001-ses04-block2-game2_001::b0049,test/sub001/ses-04/sub001-ses04-block2-game2_001.npy,sub001,2,4,26,0,Short,2,0.6666666666666666,3,0.5,4,4,0.8735795454545454,1,5,2,0,0,0,0
sub001-ses04-block2-game2_001::b0050,test/sub001/ses-04/sub001-ses04-block2-game2_001.npy,sub001,2,4,26,0,Short,2,0.6666666666666666,3,0.5,5,2,0.8477951180472189,1,0,2,0,0,0,0
sub001-ses04-block2-game2_001::b0051,test/sub001/ses-04/sub001-ses04-block2-game2_001.npy,sub001,2,5,26,0,Short,3,0.75,3,0.4,1,1,0.828458605664488,1,0,0,1,1,0,0
sub001-ses04-block2-game2_001::b0052,test/sub001/ses-04/sub001-ses04-block2-game2_001.npy,sub001,2,3,26,0,Short,2,1.0,3,0.3333333333333333,3,1,0.7696886446886447,1,1,1,0,1,1,1
sub001-ses04-block2-game2_001::b0053,test/sub001/ses-04/sub001-ses04-block2-game2_001.npy,sub001,2,5,26,0,Short,4,1.0,4,0.4,0,0,0.8195619384877698,2,0,4,0,0,0,0
sub001-ses04-block2-game2_001::b0054,test/sub001/ses-04/sub001-ses04-block2-game2_001.npy,sub001,2,2,26,0,Short,1,1.0,2,0.5,0,0,0.7959183673469388,1,0,1,0,0,0,1
sub001-ses04-block2-game2_001::b0055,test/sub001/ses-04/sub001-ses04-block2-game2_001.npy,sub001,2,3,26,0,Short,2,1.0,2,0.6666666666666666,3,3,0.7832210898543814,1,4,3,0,0,0,0
sub001-ses04-block2-game2_001::b0056,test/sub001/ses-04/sub001-ses04-block2-game2_001.npy,sub001,2,2,26,0,Short,0,0.0,1,1.0,1,1,0.8288128930817611,5,3,0,0,0,0,0
sub001-ses04-block2-game2_001::b0057,test/sub001/ses-04/sub001-ses04-block2-game2_001.npy,sub001,2,3,26,0,Short,2,1.0,2,0.6666666666666666,1,1,0.8486032710956724,2,2,5,0,0,1,0
sub001-ses04-block2-game2_001::b0058,test/sub001/ses-04/sub001-ses04-block2-game2_001.npy,sub001,2,6,26,0,Short,4,0.8,3,0.5,1,3,0.8712413423772328,1,4,1,1,0,0,1
sub001-ses04-block2-game2_001::b0059,test/sub001/ses-04/sub001-ses04-block2-game2_001.npy,sub001,2,2,26,0,Short,1,1.0,2,0.5,4,4,0.8430434782608696,1,1,5,0,0,1,0
sub001-ses04-block2-game2_001::b0060,test/sub001/ses-04/sub001-ses04-block2-game2_001.npy,sub001,2,3,26,0,Short,1,0.5,2,0.6666666666666666,3,0,0.8059889676910954,1,1,5,0,0,1,0
sub001-ses04-block2-game2_001::b0061,test/sub001/ses-04/sub001-ses04-block2-game2_001.npy,sub001,2,3,26,0,Short,2,1.0,2,0.6666666666666666,5,5,0.7901767676767677,1,0,3,0,0,0,0
sub001-ses04-block2-game2_001::b0062,test/sub001/ses-04/sub001-ses04-block2-game2_001.npy,sub001,2,4,26,0,Short,3,1.0,3,0.5,3,3,0.8014485481065168,1,1,5,0,0,1,0
sub001-ses04-block2-game2_001::b0063,test/sub001/ses-04/sub001-ses04-block2-game2_001.npy,sub001,2,2,26,0,Short,1,1.0,2,0.5,1,1,0.8645833333333333,1,3,5,1,1,0,0
sub001-ses04-block2-game2_001::b0064,test/sub001/ses-04/sub001-ses04-block2-game2_001.npy,sub001,2,2,26,0,Short,1,1.0,2,0.5,3,0,0.856280193236715,1,1,5,0,0,1,0
sub001-ses04-block2-game2_001::b0065,test/sub001/ses-04/sub001-ses04-block2-game2_001.npy,sub001,2,2,26,0,Short,1,1.0,2,0.5,0,0,0.8132850241545894,1,3,5,0,0,0,0
sub001-ses04-block2-game2_001::b0066,test/sub001/ses-04/sub001-ses04-block2-game2_001.npy,sub001,2,2,26,0,Short,1,1.0,2,0.5,3,3,0.9220540098199672,1,5,5,0,0,0,0
sub001-ses04-block2-game2_001::b0067,test/sub001/ses-04/sub001-ses04-block2-game2_001.npy,sub001,2,2,26,0,Short,1,1.0,2,0.5,0,0,0.9062927496580027,3,1,5,0,0,0,0
sub001-ses04-block2-game2_001::b0068,test/sub001/ses-04/sub001-ses04-block2-game2_001.npy,sub001,2,5,26,0,Short,2,0.5,2,0.6,4,1,0.8641434233267775,1,2,5,0,1,0,0
sub001-ses04-block2-game2_001::b0069,test/sub001/ses-04/sub001-ses04-block2-game2_001.npy,sub001,2,2,26,0,Short,0,0.0,1,1.0,1,1,0.8443877551020409,3,5,3,0,0,0,1
sub001-ses04-block2-game2_001::b0070,test/sub001/ses-04/sub001-ses04-block2-game2_001.npy,sub001,2,4,26,0,Short,2,0.6666666666666666,3,0.5,0,0,0.8449907313784969,1,1,2,0,0,1,0
sub001-ses04-block2-game2_001::b0071,test/sub001/ses-04/sub001-ses04-block2-game2_001.npy,sub001,2,3,26,0,Short,2,1.0,3,0.3333333333333333,1,1,0.8902720508493251,3,1,3,0,0,0,1
sub001-ses04-block2-game2_001::b0072,test/sub001/ses-04/sub001-ses04-block2-game2_001.npy,sub001,2,5,26,0,Short,4,1.0,4,0.4,3,1,0.8661042844598121,1,1,1,0,1,1,1
sub001-ses04-block2-game2_001::b0073,test/sub001/ses-04/sub001-ses04-block2-game2_001.npy,sub001,2,2,26,0,Short,1,1.0,2,0.5,5,4,0.8718297101449275,3,1,1,0,0,0,0
sub001-ses04-block2-game2_001::b0074,test/sub001/ses-04/sub001-ses04-block2-game2_001.npy,sub001,2,3,26,0,Short,1,0.5,2,0.6666666666666666,2,2,0.8353623188405797,1,3,1,0,0,0,1
sub001-ses04-block2-game2_001::b0075,test/sub001/ses-04/sub001-ses04-block2-game2_001.npy,sub001,2,3,26,0,Short,1,0.5,2,0.6666666666666666,4,4,0.880752300920368,1,5,2,0,0,0,0
sub001-ses04-block2-game2_001::b0076,test/sub001/ses-04/sub001-ses04-block2-game2_001.npy,sub001,2,12,26,0,Short,10,0.9090909090909091,5,0.4166666666666667,0,1,0.8602977207769397,3,2,1,0,0,0,0
sub001-ses04-block2-game2_001::b0077,test/sub001/ses-04/sub001-ses04-block2-game2_001.npy,sub001,2,8,26,0,Short,6,0.8571428571428571,5,0.25,4,1,0.8814820835827393,2,1,1,0,0,0,0
sub001-ses04-block2-game2_001::b0078,test/sub001/ses-04/sub001-ses04-block2-game2_001.npy,sub001,2,16,26,0,Short,15,1.0,6,0.25,1,1,0.8483033691349054,2,1,1,0,0,0,0
sub001-ses04-block2-game2_001::b0079,test/sub001/ses-04/sub001-ses04-block2-game2_001.npy,sub001,2,37,26,1,Long,29,0.8055555555555556,6,0.2702702702702703,1,1,0.8487044286485359,3,4,0,0,0,0,0
sub001-ses04-block2-game2_001::b0080,test/sub001/ses-04/sub001-ses04-block2-game2_001.npy,sub001,2,5,26,0,Short,3,0.75,3,0.4,4,4,0.8678916010848784,1,1,4,0,0,1,0
sub001-ses04-block2-game2_001::b0081,test/sub001/ses-04/sub001-ses04-block2-game2_001.npy,sub001,2,3,26,0,Short,2,1.0,3,0.3333333333333333,4,2,0.8672792600097564,1,0,1,0,0,0,1
sub001-ses04-block2-game2_001::b0082,test/sub001/ses-04/sub001-ses04-block2-game2_001.npy,sub001,2,2,26,0,Short,1,1.0,2,0.5,3,1,0.8922630560928433,1,2,1,0,1,0,1
sub001-ses04-block2-game2_001::b0083,test/sub001/ses-04/sub001-ses04-block2-game2_001.npy,sub001,2,2,26,0,Short,1,1.0,2,0.5,3,0,0.8462264150943397,1,3,1,0,0,0,1
sub001-ses04-block2-game2_001::b0084,test/sub001/ses-04/sub001-ses04-block2-game2_001.npy,sub001,2,2,26,0,Short,1,1.0,2,0.5,1,0,0.788888888888889,2,4,3,0,0,0,0
sub001-ses04-block2-game2_001::b0085,test/sub001/ses-04/sub001-ses04-block2-game2_001.npy,sub001,2,1,26,0,Short,0,0.0,1,1.0,0,0,0.7391304347826086,1,0,1,0,0,0,1
sub001-ses04-block2-game2_001::b0086,test/sub001/ses-04/sub001-ses04-block2-game2_001.npy,sub001,2,2,26,0,Short,1,1.0,2,0.5,1,1,0.8430308293530178,1,3,4,1,1,0,0
sub001-ses04-block2-game2_001::b0087,test/sub001/ses-04/sub001-ses04-block2-game2_001.npy,sub001,2,2,26,0,Short,0,0.0,1,1.0,0,0,0.8266666666666667,3,0,5,0,0,0,0
sub001-ses04-block2-game2_001::b0088,test/sub001/ses-04/sub001-ses04-block2-game2_001.npy,sub001,2,1,26,0,Short,0,0.0,1,1.0,3,3,0.8113207547169812,1,1,3,0,0,1,0
sub001-ses04-block2-game2_001::b0089,test/sub001/ses-04/sub001-ses04-block2-game2_001.npy,sub001,2,5,26,0,Short,2,0.5,3,0.4,0,0,0.7937316334062267,1,1,4,0,0,1,0
sub001-ses04-block2-game2_001::b0090,test/sub001/ses-04/sub001-ses04-block2-game2_001.npy,sub001,2,6,26,0,Short,5,1.0,4,0.3333333333333333,1,0,0.8558637293135772,1,3,0,1,0,0,0
sub001-ses04-block2-game2_001::b0091,test/sub001/ses-04/sub001-ses04-block2-game2_001.npy,sub001,2,4,26,0,Short,3,1.0,4,0.25,0,0,0.8455786323963548,1,3,4,0,0,0,0
sub001-ses04-block2-game2_001::b0092,test/sub001/ses-04/sub001-ses04-block2-game2_001.npy,sub001,2,2,26,0,Short,0,0.0,1,1.0,1,1,0.8061224489795917,1,1,3,1,1,1,0
sub001-ses04-block2-game2_001::b0093,test/sub001/ses-04/sub001-ses04-block2-game2_001.npy,sub001,2,3,26,0,Short,1,0.5,2,0.6666666666666666,3,2,0.8063569367140796,1,3,1,0,0,0,1
sub001-ses04-block2-game2_001::b0094,test/sub001/ses-04/sub001-ses04-block2-game2_001.npy,sub001,2,3,26,0,Short,1,0.5,2,0.6666666666666666,3,1,0.7924745034889962,1,3,0,0,1,0,0
sub001-ses04-block2-game2_001::b0095,test/sub001/ses-04/sub001-ses04-block2-game2_001.npy,sub001,2,2,26,0,Short,0,0.0,1,1.0,4,4,0.8934766214177978,1,2,1,0,0,0,1
sub001-ses04-block2-game2_001::b0096,test/sub001/ses-04/sub001-ses04-block2-game2_001.npy,sub001,2,4,26,0,Short,3,1.0,4,0.25,4,0,0.8024108328443937,1,4,1,0,0,0,1
sub001-ses04-block2-game2_001::b0097,test/sub001/ses-04/sub001-ses04-block2-game2_001.npy,sub001,2,2,26,0,Short,1,1.0,2,0.5,3,1,0.9116954474097332,1,1,2,0,1,1,0
sub001-ses04-block2-game2_001::b0098,test/sub001/ses-04/sub001-ses04-block2-game2_001.npy,sub001,2,8,26,0,Short,4,0.5714285714285714,3,0.375,4,1,0.8687063525563756,2,0,0,0,0,0,0
sub001-ses04-block2-game2_001::b0099,test/sub001/ses-04/sub001-ses04-block2-game2_001.npy,sub001,2,11,26,0,Short,8,0.8,6,0.36363636363636365,0,5,0.8289420542008034,2,4,3,0,0,0,0
sub001-ses04-block2-game2_001::b0100,test/sub001/ses-04/sub001-ses04-block2-game2_001.npy,sub001,2,4,26,0,Short,3,1.0,4,0.25,1,0,0.8590082449553169,1,3,3,1,0,0,0
sub001-ses04-block2-game2_001::b0101,test/sub001/ses-04/sub001-ses04-block2-game2_001.npy,sub001,2,1,26,0,Short,0,0.0,1,1.0,3,3,0.72,3,1,0,1,1,0,0
sub001-ses04-block2-game2_001::b0102,test/sub001/ses-04/sub001-ses04-block2-game2_001.npy,sub001,2,7,26,0,Short,6,1.0,5,0.42857142857142855,3,1,0.8599748197151201,1,5,3,0,1,0,0
sub001-ses04-block2-game2_001::b0103,test/sub001/ses-04/sub001-ses04-block2-game2_001.npy,sub001,2,19,26,0,Short,13,0.7222222222222222,5,0.42105263157894735,3,3,0.8578845835963173,2,1,1,0,0,0,0
sub001-ses04-block2-game2_001::b0104,test/sub001/ses-04/sub001-ses04-block2-game2_001.npy,sub001,2,10,26,0,Short,8,0.8888888888888888,5,0.3,5,0,0.814393512595238,2,3,1,0,0,0,0
sub001-ses04-block2-game2_001::b0105,test/sub001/ses-04/sub001-ses04-block2-game2_001.npy,sub001,2,2,26,0,Short,1,1.0,2,0.5,4,2,0.8616516373991456,1,1,0,0,0,1,0
sub001-ses04-block2-game2_001::b0106,test/sub001/ses-04/sub001-ses04-block2-game2_001.npy,sub001,2,3,26,0,Short,2,1.0,3,0.3333333333333333,3,2,0.8809921962095876,1,1,2,0,0,1,0
sub001-ses04-block2-game2_001::b0107,test/sub001/ses-04/sub001-ses04-block2-game2_001.npy,sub001,2,12,26,0,Short,9,0.8181818181818182,6,0.3333333333333333,3,3,0.8292422259844995,2,5,5,0,0,0,0
sub001-ses04-block2-game2_001::b0108,test/sub001/ses-04/sub001-ses04-block2-game2_001.npy,sub001,2,14,26,0,Short,12,0.9230769230769231,6,0.2857142857142857,0,3,0.8626407835347722,1,4,2,0,0,0,0
sub001-ses04-block2-game2_001::b0109,test/sub001/ses-04/sub001-ses04-block2-game2_001.npy,sub001,2,8,26,0,Short,5,0.7142857142857143,3,0.625,1,1,0.839664902136674,2,0,3,0,0,0,0
sub001-ses04-block2-game2_001::b0110,test/sub001/ses-04/sub001-ses04-block2-game2_001.npy,sub001,2,39,26,1,Long,30,0.7894736842105263,6,0.20512820512820512,1,0,0.8535770966458651,3,2,1,0,0,0,0
sub001-ses04-block2-game2_001::b0111,test/sub001/ses-04/sub001-ses04-block2-game2_001.npy,sub001,2,13,26,0,Short,9,0.75,6,0.46153846153846156,1,4,0.8598799060863468,1,2,0,1,0,0,0
sub001-ses04-block2-game2_001::b0112,test/sub001/ses-04/sub001-ses04-block2-game2_001.npy,sub001,2,5,26,0,Short,3,0.75,3,0.6,4,5,0.8256126730412445,2,3,4,0,0,0,0
sub001-ses04-block2-game2_001::b0113,test/sub001/ses-04/sub001-ses04-block2-game2_001.npy,sub001,2,8,26,0,Short,6,0.8571428571428571,4,0.5,0,1,0.8532841223107759,2,0,1,0,0,0,0
sub001-ses04-block2-game2_001::b0114,test/sub001/ses-04/sub001-ses04-block2-game2_001.npy,sub001,2,25,26,0,Short,21,0.875,6,0.28,1,1,0.8352125314998201,3,3,5,0,0,1,0
sub001-ses04-block2-game2_001::b0115,test/sub001/ses-04/sub001-ses04-block2-game2_001.npy,sub001,2,31,26,1,Long,30,1.0,6,0.2903225806451613,1,3,0.8449844123892063,1,2,5,1,0,0,0
sub001-ses04-block2-game2_001::b0116,test/sub001/ses-04/sub001-ses04-block2-game2_001.npy,sub001,2,3,26,0,Short,2,1.0,2,0.6666666666666666,5,5,0.8095279031449244,1,5,5,0,0,0,0
sub001-ses04-block2-game2_001::b0117,test/sub001/ses-04/sub001-ses04-block2-game2_001.npy,sub001,2,2,26,0,Short,1,1.0,2,0.5,3,2,0.8102968460111317,1,2,1,0,0,0,1
sub001-ses04-block2-game2_001::b0118,test/sub001/ses-04/sub001-ses04-block2-game2_001.npy,sub001,2,4,26,0,Short,0,0.0,1,1.0,0,0,0.8409653601229689,1,3,5,0,0,0,0
sub001-ses04-block2-game2_001::b0119,test/sub001/ses-04/sub001-ses04-block2-game2_001.npy,sub001,2,2,26,0,Short,0,0.0,1,1.0,5,5,0.7951388888888888,2,2,5,0,0,1,0
sub001-ses04-block2-game2_001::b0120,test/sub001/ses-04/sub001-ses04-block2-game2_001.npy,sub001,2,4,26,0,Short,3,1.0,3,0.5,5,5,0.7496433355951077,1,3,3,0,0,0,0
sub001-ses04-block2-game2_001::b0121,test/sub001/ses-04/sub001-ses04-block2-game2_001.npy,sub001,2,5,26,0,Short,3,0.75,4,0.4,5,3,0.832781837804502,3,1,5,0,1,0,0
sub001-ses04-block2-game2_001::b0122,test/sub001/ses-04/sub001-ses04-block2-game2_001.npy,sub001,2,18,26,0,Short,13,0.7647058823529411,6,0.2222222222222222,1,3,0.8489824366597417,3,0,5,0,1,0,0
sub001-ses04-block2-game2_001::b0123,test/sub001/ses-04/sub001-ses04-block2-game2_001.npy,sub001,2,4,26,0,Short,3,1.0,4,0.25,0,0,0.8485995477438585,1,4,2,0,0,0,0
sub001-ses04-block2-game2_001::b0124,test/sub001/ses-04/sub001-ses04-block2-game2_001.npy,sub001,2,18,26,0,Short,16,0.9411764705882353,6,0.3888888888888889,3,1,0.8299537090328616,1,4,1,0,1,0,1
sub001-ses04-block2-game2_001::b0125,test/sub001/ses-04/sub001-ses04-block2-game2_001.npy,sub001,2,3,26,0,Short,2,1.0,2,0.6666666666666666,1,1,0.877689180120791,1,5,5,1,1,0,0
sub001-ses04-block2-game2_001::b0126,test/sub001/ses-04/sub001-ses04-block2-game2_001.npy,sub001,2,4,26,0,Short,2,0.6666666666666666,2,0.75,3,3,0.8056421722853435,1,1,0,0,0,1,0
sub001-ses04-block2-game2_001::b0127,test/sub001/ses-04/sub001-ses04-block2-game2_001.npy,sub001,2,2,26,0,Short,1,1.0,2,0.5,0,0,0.8530434782608696,1,1,1,0,0,1,1
sub001-ses04-block2-game2_001::b0128,test/sub001/ses-04/sub001-ses04-block2-game2_001.npy,sub001,2,4,26,0,Short,2,0.6666666666666666,3,0.5,5,5,0.8093637454981992,2,4,1,0,0,0,0
sub001-ses04-block2-game2_001::b0129,test/sub001/ses-04/sub001-ses04-block2-game2_001.npy,sub001,2,10,26,0,Short,6,0.6666666666666666,4,0.3,3,3,0.8582681687057143,3,3,1,1,1,1,0
sub001-ses04-block2-game2_001::b0130,test/sub001/ses-04/sub001-ses04-block2-game2_001.npy,sub001,2,6,26,0,Short,5,1.0,5,0.3333333333333333,4,3,0.8417780050143193,2,1,1,0,0,0,0
sub001-ses04-block2-game2_001::b0131,test/sub001/ses-04/sub001-ses04-block2-game2_001.npy,sub001,2,2,26,0,Short,1,1.0,2,0.5,4,0,0.8307453416149069,1,0,3,0,0,0,0
sub001-ses04-block2-game2_001::b0132,test/sub001/ses-04/sub001-ses04-block2-game2_001.npy,sub001,2,1,26,0,Short,0,0.0,1,1.0,3,3,0.8076923076923077,2,1,0,0,0,0,0
sub001-ses04-block2-game2_001::b0133,test/sub001/ses-04/sub001-ses04-block2-game2_001.npy,sub001,2,8,26,0,Short,6,0.8571428571428571,5,0.375,5,2,0.8410870134064348,2,0,3,0,1,0,0
sub001-ses04-block2-game2_001::b0134,test/sub001/ses-04/sub001-ses04-block2-game2_001.npy,sub001,2,2,26,0,Short,1,1.0,2,0.5,0,0,0.8148936170212766,1,5,5,0,0,0,0
sub001-ses04-block2-game2_001::b0135,test/sub001/ses-04/sub001-ses04-block2-game2_001.npy,sub001,2,10,26,0,Short,8,0.8888888888888888,6,0.3,3,3,0.8617278796935992,3,5,5,1,1,0,0
sub001-ses04-block2-game2_001::b0136,test/sub001/ses-04/sub001-ses04-block2-game2_001.npy,sub001,2,5,26,0,Short,4,1.0,3,0.4,0,0,0.8081538789428816,2,3,3,0,0,0,0
sub001-ses04-block2-game2_001::b0137,test/sub001/ses-04/sub001-ses04-block2-game2_001.npy,sub001,2,3,26,0,Short,2,1.0,2,0.6666666666666666,1,1,0.8506456956304981,1,3,3,1,1,0,0
sub001-ses04-block2-game2_001::b0138,test/sub001/ses-04/sub001-ses04-block2-game2_001.npy,sub001,2,4,26,0,Short,3,1.0,3,0.5,3,3,0.8454807692307693,1,3,5,0,0,0,0
sub001-ses04-block2-game2_001::b0139,test/sub001/ses-04/sub001-ses04-block2-game2_001.npy,sub001,2,50,26,1,Long,42,0.8571428571428571,6,0.24,3,3,0.8111107583728133,3,0,0,1,1,0,0
sub001-ses04-block2-game2_001::b0140,test/sub001/ses-04/sub001-ses04-block2-game2_001.npy,sub001,2,6,26,0,Short,5,1.0,3,0.5,5,5,0.8474175824175822,2,1,2,0,0,0,1
sub001-ses04-block2-game2_001::b0141,test/sub001/ses-04/sub001-ses04-block2-game2_001.npy,sub001,2,9,26,0,Short,7,0.875,6,0.3333333333333333,4,0,0.8438733372647271,3,0,2,0,0,0,0
sub001-ses04-block2-game2_001::b0142,test/sub001/ses-04/sub001-ses04-block2-game2_001.npy,sub001,2,12,26,0,Short,10,0.9090909090909091,6,0.3333333333333333,0,3,0.8635073995405596,2,0,5,0,0,0,0
sub001-ses04-block2-game2_001::b0143,test/sub001/ses-04/sub001-ses04-block2-game2_001.npy,sub001,2,11,26,0,Short,8,0.8,6,0.36363636363636365,4,3,0.8511796896921425,2,3,4,0,0,0,0
sub001-ses04-block2-game2_001::b0144,test/sub001/ses-04/sub001-ses04-block2-game2_001.npy,sub001,2,17,26,0,Short,13,0.8125,6,0.35294117647058826,3,1,0.8425905938053646,3,1,1,1,0,0,0
sub001-ses04-block2-game2_001::b0145,test/sub001/ses-04/sub001-ses04-block2-game2_001.npy,sub001,2,5,26,0,Short,4,1.0,4,0.4,5,2,0.7991489697328207,2,3,5,0,1,0,0
sub001-ses04-block2-game2_001::b0146,test/sub001/ses-04/sub001-ses04-block2-game2_001.npy,sub001,2,3,26,0,Short,1,0.5,2,0.6666666666666666,3,3,0.8531184486373166,3,3,3,1,1,1,1
sub001-ses04-block2-game2_001::b0147,test/sub001/ses-04/sub001-ses04-block2-game2_001.npy,sub001,2,4,26,0,Short,2,0.6666666666666666,3,0.5,2,2,0.8424523589617929,1,5,0,0,0,0,0
sub001-ses04-block2-game2_001::b0148,test/sub001/ses-04/sub001-ses04-block2-game2_001.npy,sub001,2,2,26,0,Short,1,1.0,2,0.5,2,1,0.9157955865272939,1,0,0,0,1,0,0
sub001-ses04-block2-game2_001::b0149,test/sub001/ses-04/sub001-ses04-block2-game2_001.npy,sub001,2,7,26,0,Short,4,0.6666666666666666,4,0.5714285714285714,0,1,0.8478301134167026,2,3,1,0,0,0,0
sub001-ses04-block2-game2_001::b0150,test/sub001/ses-04/sub001-ses04-block2-game2_001.npy,sub001,2,9,26,0,Short,7,0.875,5,0.3333333333333333,4,5,0.8064275330285424,1,4,3,0,0,0,0
sub001-ses04-block2-game2_001::b0151,test/sub001/ses-04/sub001-ses04-block2-game2_001.npy,sub001,2,4,26,0,Short,1,0.3333333333333333,2,0.75,2,2,0.8123387206764867,1,5,5,0,0,0,0
sub001-ses04-block2-game2_001::b0152,test/sub001/ses-04/sub001-ses04-block2-game2_001.npy,sub001,2,11,26,0,Short,9,0.9,6,0.36363636363636365,1,2,0.8065526244688865,2,3,0,0,1,0,0
sub001-ses04-block2-game2_001::b0153,test/sub001/ses-04/sub001-ses04-block2-game2_001.npy,sub001,2,7,26,0,Short,5,0.8333333333333334,4,0.42857142857142855,5,0,0.8063608371413408,3,3,1,0,0,1,0
sub001-ses04-block2-game2_001::b0154,test/sub001/ses-04/sub001-ses04-block2-game2_001.npy,sub001,2,6,26,0,Short,3,0.6,3,0.3333333333333333,3,0,0.8412585444805941,2,4,2,0,0,0,1
sub001-ses04-block2-game2_001::b0155,test/sub001/ses-04/sub001-ses04-block2-game2_001.npy,sub001,2,23,26,0,Short,19,0.8636363636363636,5,0.2608695652173913,1,1,0.8525766184693729,3,1,1,0,0,0,0
sub001-ses04-block2-game2_001::b0156,test/sub001/ses-04/sub001-ses04-block2-game2_001.npy,sub001,2,8,26,0,Short,4,0.5714285714285714,3,0.375,1,0,0.8200469118269712,2,0,0,0,0,0,0
sub001-ses04-block2-game2_001::b0157,test/sub001/ses-04/sub001-ses04-block2-game2_001.npy,sub001,2,10,26,0,Short,9,1.0,4,0.4,5,5,0.8081313793551548,2,5,0,0,0,0,0
sub001-ses04-block2-game2_001::b0158,test/sub001/ses-04/sub001-ses04-block2-game2_001.npy,sub001,2,5,26,0,Short,4,1.0,3,0.4,3,0,0.8284223243327837,3,2,1,1,0,0,0
sub001-ses04-block2-game2_001::b0159,test/sub001/ses-04/sub001-ses04-block2-game2_001.npy,sub001,2,6,26,0,Short,5,1.0,5,0.3333333333333333,1,3,0.8584166874768608,2,2,1,0,0,1,0
sub001-ses04-block2-game2_001::b0160,test/sub001/ses-04/sub001-ses04-block2-game2_001.npy,sub001,2,8,26,0,Short,7,1.0,4,0.5,5,5,0.8469291436947624,3,5,5,0,0,0,0
sub001-ses04-block2-game2_001::b0161,test/sub001/ses-04/sub001-ses04-block2-game2_001.npy,sub001,2,3,26,0,Short,1,0.5,2,0.6666666666666666,3,3,0.8439188395583744,2,1,1,0,0,0,0
sub001-ses04-block2-game2_001::b0162,test/sub001/ses-04/sub001-ses04-block2-game2_001.npy,sub001,2,22,26,0,Short,15,0.7142857142857143,6,0.36363636363636365,3,5,0.817088208125294,2,5,3,0,0,0,0
sub001-ses04-block2-game2_001::b0163,test/sub001/ses-04/sub001-ses04-block2-game2_001.npy,sub001,2,4,26,0,Short,3,1.0,3,0.5,3,3,0.8532095474461501,3,2,3,1,1,0,1
sub001-ses04-block2-game2_001::b0164,test/sub001/ses-04/sub001-ses04-block2-game2_001.npy,sub001,2,35,26,1,Long,23,0.6764705882352942,6,0.2571428571428571,2,5,0.7837082792896708,2,3,3,1,0,0,0
sub001-ses04-block2-game2_001::b0165,test/sub001/ses-04/sub001-ses04-block2-game2_001.npy,sub001,2,123,26,1,Long,102,0.8360655737704918,6,0.21951219512195122,0,1,0.8103924428186191,2,4,4,0,0,0,0
sub001-ses04-block2-game2_001::b0166,test/sub001/ses-04/sub001-ses04-block2-game2_001.npy,sub001,2,8,26,0,Short,7,1.0,4,0.375,2,3,0.8139777229175627,1,4,0,0,0,0,0
sub001-ses04-block2-game2_001::b0167,test/sub001/ses-04/sub001-ses04-block2-game2_001.npy,sub001,2,15,26,0,Short,10,0.7142857142857143,5,0.3333333333333333,1,3,0.8396305638615191,1,1,5,1,0,1,0
sub001-ses04-block2-game2_001::b0168,test/sub001/ses-04/sub001-ses04-block2-game2_001.npy,sub001,2,8,26,0,Short,5,0.7142857142857143,6,0.25,5,1,0.8326354817127564,3,3,0,0,0,1,0
sub001-ses04-block2-game2_002::b0001,test/sub001/ses-04/sub001-ses04-block2-game2_002.npy,sub001,2,47,26,1,Long,36,0.782608695652174,6,0.2553191489361702,1,3,0.8830942508896111,2,1,5,0,0,0,0
sub001-ses04-block2-game2_002::b0002,test/sub001/ses-04/sub001-ses04-block2-game2_002.npy,sub001,2,15,26,0,Short,11,0.7857142857142857,5,0.4,4,5,0.851304225297384,2,1,5,0,0,0,0
sub001-ses04-block2-game2_002::b0003,test/sub001/ses-04/sub001-ses04-block2-game2_002.npy,sub001,2,18,26,0,Short,10,0.5882352941176471,5,0.3888888888888889,5,3,0.8696442454757577,2,0,0,0,0,0,0
sub001-ses04-block2-game2_002::b0004,test/sub001/ses-04/sub001-ses04-block2-game2_002.npy,sub001,2,21,26,0,Short,18,0.9,6,0.2857142857142857,2,1,0.852356255123784,2,3,3,1,0,0,0
sub001-ses04-block2-game2_002::b0005,test/sub001/ses-04/sub001-ses04-block2-game2_002.npy,sub001,2,6,26,0,Short,5,1.0,5,0.3333333333333333,2,5,0.8145628385302297,1,3,5,0,0,0,0
sub001-ses04-block2-game2_002::b0006,test/sub001/ses-04/sub001-ses04-block2-game2_002.npy,sub001,2,12,26,0,Short,10,0.9090909090909091,6,0.25,1,1,0.8636567507223537,2,4,3,0,0,0,0
sub001-ses04-block2-game2_002::b0007,test/sub001/ses-04/sub001-ses04-block2-game2_002.npy,sub001,2,15,26,0,Short,14,1.0,5,0.26666666666666666,2,2,0.8442174261979994,3,4,5,0,0,0,0
sub001-ses04-block2-game2_002::b0008,test/sub001/ses-04/sub001-ses04-block2-game2_002.npy,sub001,2,15,26,0,Short,12,0.8571428571428571,5,0.3333333333333333,1,5,0.8525855503858462,1,4,0,1,0,0,0
sub001-ses04-block2-game2_002::b0009,test/sub001/ses-04/sub001-ses04-block2-game2_002.npy,sub001,2,4,26,0,Short,1,0.3333333333333333,2,0.5,1,0,0.8663679985782411,1,3,4,1,0,0,0
sub001-ses04-block2-game2_002::b0010,test/sub001/ses-04/sub001-ses04-block2-game2_002.npy,sub001,2,4,26,0,Short,3,1.0,3,0.5,2,2,0.866412037037037,1,5,1,0,0,0,1
sub001-ses04-block2-game2_002::b0011,test/sub001/ses-04/sub001-ses04-block2-game2_002.npy,sub001,2,4,26,0,Short,3,1.0,4,0.25,2,2,0.8814471440750213,1,4,5,0,0,0,0
sub001-ses04-block2-game2_002::b0012,test/sub001/ses-04/sub001-ses04-block2-game2_002.npy,sub001,2,5,26,0,Short,3,0.75,3,0.4,0,1,0.8700272503776546,1,4,5,0,1,0,0
sub001-ses04-block2-game2_002::b0013,test/sub001/ses-04/sub001-ses04-block2-game2_002.npy,sub001,2,3,26,0,Short,1,0.5,2,0.6666666666666666,4,1,0.847317007895089,1,0,3,0,1,0,0
sub001-ses04-block2-game2_002::b0014,test/sub001/ses-04/sub001-ses04-block2-game2_002.npy,sub001,2,2,26,0,Short,1,1.0,2,0.5,3,2,0.9068181818181817,1,4,3,0,0,0,0
sub001-ses04-block2-game2_002::b0015,test/sub001/ses-04/sub001-ses04-block2-game2_002.npy,sub001,2,2,26,0,Short,1,1.0,2,0.5,3,1,0.8675595238095238,1,5,5,0,1,0,0
sub001-ses04-block2-game2_002::b0016,test/sub001/ses-04/sub001-ses04-block2-game2_002.npy,sub001,2,2,26,0,Short,0,0.0,1,1.0,4,4,0.9156184486373166,1,4,1,0,0,0,1
sub001-ses04-block2-game2_002::b0017,test/sub001/ses-04/sub001-ses04-block2-game2_002.npy,sub001,2,3,26,0,Short,2,1.0,3,0.3333333333333333,4,0,0.8092774146695715,1,4,5,0,0,0,0
sub001-ses04-block2-game2_002::b0018,test/sub001/ses-04/sub001-ses04-block2-game2_002.npy,sub001,2,3,26,0,Short,2,1.0,3,0.3333333333333333,1,0,0.8613650588440503,1,3,3,1,0,0,0
sub001-ses04-block2-game2_002::b0019,test/sub001/ses-04/sub001-ses04-block2-game2_002.npy,sub001,2,2,26,0,Short,1,1.0,2,0.5,3,2,0.8318120351588911,1,1,5,0,0,1,0
sub001-ses04-block2-game2_002::b0020,test/sub001/ses-04/sub001-ses04-block2-game2_002.npy,sub001,2,1,26,0,Short,0,0.0,1,1.0,4,4,0.875,1,5,5,0,0,0,0
sub001-ses04-block2-game2_002::b0021,test/sub001/ses-04/sub001-ses04-block2-game2_002.npy,sub001,2,3,26,0,Short,1,0.5,2,0.6666666666666666,3,4,0.8779953379953379,1,1,5,0,0,1,0
sub001-ses04-block2-game2_002::b0022,test/sub001/ses-04/sub001-ses04-block2-game2_002.npy,sub001,2,1,26,0,Short,0,0.0,1,1.0,4,4,0.7678571428571429,1,3,3,0,0,0,0
sub001-ses04-block2-game2_002::b0023,test/sub001/ses-04/sub001-ses04-block2-game2_002.npy,sub001,2,2,26,0,Short,1,1.0,2,0.5,4,2,0.8878205128205128,1,3,5,0,0,0,0
sub001-ses04-block2-game2_002::b0024,test/sub001/ses-04/sub001-ses04-block2-game2_002.npy,sub001,2,3,26,0,Short,2,1.0,3,0.3333333333333333,3,1,0.8264481550195836,1,4,2,0,1,0,0
sub001-ses04-block2-game2_002::b0025,test/sub001/ses-04/sub001-ses04-block2-game2_002.npy,sub001,2,1,26,0,Short,0,0.0,1,1.0,3,3,0.9230769230769231,1,1,3,0,0,1,0
sub001-ses04-block2-game2_002::b0026,test/sub001/ses-04/sub001-ses04-block2-game2_002.npy,sub001,2,2,26,0,Short,1,1.0,2,0.5,3,3,0.8594761171032357,1,3,4,0,0,0,0
sub001-ses04-block2-game2_002::b0027,test/sub001/ses-04/sub001-ses04-block2-game2_002.npy,sub001,2,2,26,0,Short,0,0.0,1,1.0,5,5,0.8161234991423671,1,3,0,0,0,0,0
sub001-ses04-block2-game2_002::b0028,test/sub001/ses-04/sub001-ses04-block2-game2_002.npy,sub001,2,2,26,0,Short,0,0.0,1,1.0,2,2,0.8994795055302538,1,1,2,0,0,1,0
sub001-ses04-block2-game2_002::b0029,test/sub001/ses-04/sub001-ses04-block2-game2_002.npy,sub001,2,20,26,0,Short,15,0.7894736842105263,6,0.3,4,4,0.8680549426456272,3,1,2,0,0,0,0
sub001-ses04-block2-game2_002::b0030,test/sub001/ses-04/sub001-ses04-block2-game2_002.npy,sub001,2,4,26,0,Short,2,0.6666666666666666,2,0.75,3,3,0.8324779185867895,1,4,4,0,0,0,0
sub001-ses04-block2-game2_002::b0031,test/sub001/ses-04/sub001-ses04-block2-game2_002.npy,sub001,2,3,26,0,Short,1,0.5,2,0.6666666666666666,2,4,0.8309343434343434,1,3,3,0,0,0,0
sub001-ses04-block2-game2_002::b0032,test/sub001/ses-04/sub001-ses04-block2-game2_002.npy,sub001,2,2,26,0,Short,1,1.0,2,0.5,5,0,0.8562264150943397,1,0,1,0,0,0,1
sub001-ses04-block2-game2_002::b0033,test/sub001/ses-04/sub001-ses04-block2-game2_002.npy,sub001,2,1,26,0,Short,0,0.0,1,1.0,1,1,0.8679245283018868,2,3,0,0,0,0,0
sub001-ses04-block2-game2_002::b0034,test/sub001/ses-04/sub001-ses04-block2-game2_002.npy,sub001,2,7,26,0,Short,6,1.0,4,0.42857142857142855,1,1,0.8710778597153147,2,0,4,0,0,0,0
sub001-ses04-block2-game2_002::b0035,test/sub001/ses-04/sub001-ses04-block2-game2_002.npy,sub001,2,12,26,0,Short,9,0.8181818181818182,6,0.3333333333333333,1,2,0.8480272953828321,2,4,4,0,1,0,0
sub001-ses04-block2-game2_002::b0036,test/sub001/ses-04/sub001-ses04-block2-game2_002.npy,sub001,2,1,26,0,Short,0,0.0,1,1.0,4,4,0.8666666666666667,1,5,4,0,0,0,0
sub001-ses04-block2-game2_002::b0037,test/sub001/ses-04/sub001-ses04-block2-game2_002.npy,sub001,2,3,26,0,Short,2,1.0,3,0.3333333333333333,1,1,0.7957900141188551,1,4,1,1,1,0,1
sub001-ses04-block2-game2_002::b0038,test/sub001/ses-04/sub001-ses04-block2-game2_002.npy,sub001,2,9,26,0,Short,8,1.0,5,0.3333333333333333,1,5,0.8368622751501079,3,1,2,0,0,0,0
sub001-ses04-block2-game2_002::b0039,test/sub001/ses-04/sub001-ses04-block2-game2_002.npy,sub001,2,25,26,0,Short,22,0.9166666666666666,6,0.44,5,1,0.8551345342464343,1,5,1,0,1,0,1
sub001-ses04-block2-game2_002::b0040,test/sub001/ses-04/sub001-ses04-block2-game2_002.npy,sub001,2,4,26,0,Short,3,1.0,4,0.25,2,1,0.8557798704588219,1,5,5,0,1,0,0
sub001-ses04-block2-game2_002::b0041,test/sub001/ses-04/sub001-ses04-block2-game2_002.npy,sub001,2,4,26,0,Short,3,1.0,3,0.5,2,2,0.8188833059885152,1,3,5,0,0,0,0
sub001-ses04-block2-game2_002::b0042,test/sub001/ses-04/sub001-ses04-block2-game2_002.npy,sub001,2,3,26,0,Short,1,0.5,2,0.6666666666666666,5,5,0.8125,1,3,5,0,0,0,0
sub001-ses04-block2-game2_002::b0043,test/sub001/ses-04/sub001-ses04-block2-game2_002.npy,sub001,2,3,26,0,Short,2,1.0,3,0.3333333333333333,2,1,0.7990257181746543,1,3,5,0,1,0,0
sub001-ses04-block2-game2_002::b0044,test/sub001/ses-04/sub001-ses04-block2-game2_002.npy,sub001,2,2,26,0,Short,0,0.0,1,1.0,3,3,0.7748936170212766,1,5,5,0,0,0,0
sub001-ses04-block2-game2_002::b0045,test/sub001/ses-04/sub001-ses04-block2-game2_002.npy,sub001,2,2,26,0,Short,1,1.0,2,0.5,2,0,0.8068917668825162,1,1,5,0,0,1,0
sub001-ses04-block2-game2_002::b0046,test/sub001/ses-04/sub001-ses04-block2-game2_002.npy,sub001,2,2,26,0,Short,1,1.0,2,0.5,3,0,0.8273322422258592,1,4,1,0,0,0,1
sub001-ses04-block2-game2_002::b0047,test/sub001/ses-04/sub001-ses04-block2-game2_002.npy,sub001,2,2,26,0,Short,1,1.0,2,0.5,1,1,0.8245862884160756,1,1,5,1,1,1,0
sub001-ses04-block2-game2_002::b0048,test/sub001/ses-04/sub001-ses04-block2-game2_002.npy,sub001,2,2,26,0,Short,1,1.0,2,0.5,2,2,0.8947826086956522,1,5,1,0,0,0,1
sub001-ses04-block2-game2_002::b0049,test/sub001/ses-04/sub001-ses04-block2-game2_002.npy,sub001,2,3,26,0,Short,2,1.0,3,0.3333333333333333,1,1,0.8560700876095119,1,5,5,1,1,0,0
sub001-ses04-block2-game2_002::b0050,test/sub001/ses-04/sub001-ses04-block2-game2_002.npy,sub001,2,4,26,0,Short,3,1.0,3,0.5,1,1,0.8507202881152461,1,3,5,1,1,0,0
sub001-ses04-block2-game2_002::b0051,test/sub001/ses-04/sub001-ses04-block2-game2_002.npy,sub001,2,4,26,0,Short,2,0.6666666666666666,3,0.5,1,1,0.8131100266193434,1,5,5,1,1,0,0
sub001-ses04-block2-game2_002::b0052,test/sub001/ses-04/sub001-ses04-block2-game2_002.npy,sub001,2,4,26,0,Short,3,1.0,4,0.25,0,0,0.855333828405637,1,3,3,0,0,0,0
sub001-ses04-block2-game2_002::b0053,test/sub001/ses-04/sub001-ses04-block2-game2_002.npy,sub001,2,3,26,0,Short,1,0.5,2,0.6666666666666666,0,0,0.8263701707097934,1,3,4,0,0,0,0
sub001-ses04-block2-game2_002::b0054,test/sub001/ses-04/sub001-ses04-block2-game2_002.npy,sub001,2,4,26,0,Short,2,0.6666666666666666,3,0.5,0,5,0.8659805735430157,1,3,5,0,0,0,0
sub001-ses04-block2-game2_002::b0055,test/sub001/ses-04/sub001-ses04-block2-game2_002.npy,sub001,2,3,26,0,Short,2,1.0,3,0.3333333333333333,2,0,0.8813817980022197,1,3,1,0,0,0,1
sub001-ses04-block2-game2_002::b0056,test/sub001/ses-04/sub001-ses04-block2-game2_002.npy,sub001,2,3,26,0,Short,2,1.0,3,0.3333333333333333,1,1,0.8399919710959454,1,4,5,1,1,0,0
sub001-ses04-block2-game2_002::b0057,test/sub001/ses-04/sub001-ses04-block2-game2_002.npy,sub001,2,4,26,0,Short,2,0.6666666666666666,3,0.5,2,2,0.8613732993197278,1,5,2,0,0,0,0
sub001-ses04-block2-game2_002::b0058,test/sub001/ses-04/sub001-ses04-block2-game2_002.npy,sub001,2,1,26,0,Short,0,0.0,1,1.0,5,5,0.8775510204081632,3,0,0,0,0,0,0
sub001-ses04-block2-game2_002::b0059,test/sub001/ses-04/sub001-ses04-block2-game2_002.npy,sub001,2,38,26,1,Long,28,0.7567567567567568,6,0.39473684210526316,1,1,0.8520499826985766,2,1,4,0,0,0,0
sub001-ses04-block2-game2_002::b0060,test/sub001/ses-04/sub001-ses04-block2-game2_002.npy,sub001,2,22,26,0,Short,17,0.8095238095238095,6,0.3181818181818182,5,5,0.8598729175440479,2,1,3,0,0,0,0
sub001-ses04-block2-game2_002::b0061,test/sub001/ses-04/sub001-ses04-block2-game2_002.npy,sub001,2,12,26,0,Short,11,1.0,5,0.3333333333333333,1,1,0.8183913761053812,3,3,5,0,0,1,0
sub001-ses04-block2-game2_002::b0062,test/sub001/ses-04/sub001-ses04-block2-game2_002.npy,sub001,2,16,26,0,Short,14,0.9333333333333333,6,0.25,5,3,0.8342391992297444,3,1,1,0,1,0,0
sub001-ses04-block2-game2_002::b0063,test/sub001/ses-04/sub001-ses04-block2-game2_002.npy,sub001,2,4,26,0,Short,2,0.6666666666666666,3,0.5,3,2,0.8412214424636785,2,5,5,0,1,0,0
sub001-ses04-block2-game2_002::b0064,test/sub001/ses-04/sub001-ses04-block2-game2_002.npy,sub001,2,27,26,1,Long,22,0.8461538461538461,6,0.37037037037037035,1,1,0.8497617039960225,2,2,2,0,0,1,1
sub001-ses04-block2-game2_002::b0065,test/sub001/ses-04/sub001-ses04-block2-game2_002.npy,sub001,2,3,26,0,Short,2,1.0,3,0.3333333333333333,3,1,0.8263317634746207,1,2,1,0,1,0,1
sub001-ses04-block2-game2_002::b0066,test/sub001/ses-04/sub001-ses04-block2-game2_002.npy,sub001,2,3,26,0,Short,2,1.0,2,0.6666666666666666,0,0,0.8538900535755882,1,3,4,0,0,0,0
sub001-ses04-block2-game2_002::b0067,test/sub001/ses-04/sub001-ses04-block2-game2_002.npy,sub001,2,2,26,0,Short,1,1.0,2,0.5,1,1,0.8656100738167607,1,3,4,1,1,0,0
sub001-ses04-block2-game2_002::b0068,test/sub001/ses-04/sub001-ses04-block2-game2_002.npy,sub001,2,3,26,0,Short,1,0.5,2,0.6666666666666666,5,5,0.829030974708724,1,1,3,0,0,1,0
sub001-ses04-block2-game2_002::b0069,test/sub001/ses-04/sub001-ses04-block2-game2_002.npy,sub001,2,4,26,0,Short,3,1.0,3,0.5,3,5,0.883811524609844,1,5,5,0,0,0,0
sub001-ses04-block2-game2_002::b0070,test/sub001/ses-04/sub001-ses04-block2-game2_002.npy,sub001,2,3,26,0,Short,1,0.5,2,0.6666666666666666,1,2,0.8582199546485261,1,0,5,1,0,0,0
sub001-ses04-block2-game2_002::b0071,test/sub001/ses-04/sub001-ses04-block2-game2_002.npy,sub001,2,2,26,0,Short,1,1.0,2,0.5,3,1,0.8330062794348508,1,3,5,0,1,0,0
sub001-ses04-block2-game2_002::b0072,test/sub001/ses-04/sub001-ses04-block2-game2_002.npy,sub001,2,3,26,0,Short,2,1.0,3,0.3333333333333333,4,2,0.8656914893617021,1,5,5,0,0,0,0
sub001-ses04-block2-game2_002::b0073,test/sub001/ses-04/sub001-ses04-block2-game2_002.npy,sub001,2,3,26,0,Short,2,1.0,3,0.3333333333333333,5,1,0.8520005352602702,1,0,5,0,1,0,0
sub001-ses04-block2-game2_002::b0074,test/sub001/ses-04/sub001-ses04-block2-game2_002.npy,sub001,2,3,26,0,Short,2,1.0,2,0.6666666666666666,3,3,0.8383252818035426,1,2,5,0,0,0,0
sub001-ses04-block2-game2_002::b0075,test/sub001/ses-04/sub001-ses04-block2-game2_002.npy,sub001,2,4,26,0,Short,3,1.0,3,0.5,3,3,0.8581424055129298,1,1,5,0,0,1,0
sub001-ses04-block2-game2_002::b0076,test/sub001/ses-04/sub001-ses04-block2-game2_002.npy,sub001,2,4,26,0,Short,3,1.0,4,0.25,2,0,0.8723615756224452,1,0,5,0,0,0,0
sub001-ses04-block2-game2_002::b0077,test/sub001/ses-04/sub001-ses04-block2-game2_002.npy,sub001,2,3,26,0,Short,1,0.5,2,0.6666666666666666,3,1,0.8919210607462227,1,3,5,0,1,0,0
sub001-ses04-block2-game2_002::b0078,test/sub001/ses-04/sub001-ses04-block2-game2_002.npy,sub001,2,2,26,0,Short,1,1.0,2,0.5,5,0,0.8924606845513413,5,5,5,1,0,1,1
sub001-ses04-block2-game2_002::b0079,test/sub001/ses-04/sub001-ses04-block2-game2_002.npy,sub001,2,3,26,0,Short,0,0.0,1,1.0,2,2,0.8509881422924902,1,1,5,0,0,1,0
sub001-ses04-block2-game2_002::b0080,test/sub001/ses-04/sub001-ses04-block2-game2_002.npy,sub001,2,8,26,0,Short,6,0.8571428571428571,5,0.25,3,0,0.8322626526516591,3,0,1,1,0,0,0
sub001-ses04-block2-game2_002::b0081,test/sub001/ses-04/sub001-ses04-block2-game2_002.npy,sub001,2,2,26,0,Short,0,0.0,1,1.0,4,4,0.8862670068027211,1,1,1,0,0,1,1
sub001-ses04-block2-game2_002::b0082,test/sub001/ses-04/sub001-ses04-block2-game2_002.npy,sub001,2,3,26,0,Short,2,1.0,3,0.3333333333333333,0,0,0.8852871785721366,1,4,3,0,0,0,0
sub001-ses04-block2-game2_002::b0083,test/sub001/ses-04/sub001-ses04-block2-game2_002.npy,sub001,2,10,26,0,Short,9,1.0,5,0.3,2,2,0.8700805440753376,1,1,1,0,0,1,1
sub001-ses04-block2-game2_002::b0084,test/sub001/ses-04/sub001-ses04-block2-game2_002.npy,sub001,2,8,26,0,Short,7,1.0,5,0.25,5,1,0.8865678723095602,2,2,5,0,0,1,0
sub001-ses04-block2-game2_002::b0085,test/sub001/ses-04/sub001-ses04-block2-game2_002.npy,sub001,2,12,26,0,Short,9,0.8181818181818182,5,0.3333333333333333,4,3,0.8932882040320248,3,4,4,0,1,0,0
sub001-ses04-block2-game2_002::b0086,test/sub001/ses-04/sub001-ses04-block2-game2_002.npy,sub001,2,7,26,0,Short,3,0.5,4,0.42857142857142855,4,0,0.8148212203902275,3,1,0,0,0,0,0
sub001-ses04-block2-game2_002::b0087,test/sub001/ses-04/sub001-ses04-block2-game2_002.npy,sub001,2,94,26,1,Long,67,0.7204301075268817,6,0.2978723404255319,1,0,0.8065734636227125,2,0,2,0,0,0,1
sub001-ses04-block2-game2_002::b0088,test/sub001/ses-04/sub001-ses04-block2-game2_002.npy,sub001,2,12,26,0,Short,10,0.9090909090909091,5,0.3333333333333333,1,1,0.8649512368101017,2,1,1,0,0,0,0
sub001-ses04-block2-game2_002::b0089,test/sub001/ses-04/sub001-ses04-block2-game2_002.npy,sub001,2,24,26,0,Short,23,1.0,6,0.25,4,1,0.8390125870417338,2,2,5,0,0,1,0
sub001-ses04-block2-game2_002::b0090,test/sub001/ses-04/sub001-ses04-block2-game2_002.npy,sub001,2,8,26,0,Short,4,0.5714285714285714,3,0.5,3,1,0.8441992659045419,2,1,5,0,0,0,0
sub001-ses04-block2-game2_002::b0091,test/sub001/ses-04/sub001-ses04-block2-game2_002.npy,sub001,2,18,26,0,Short,16,0.9411764705882353,6,0.2777777777777778,5,1,0.8400181665230675,1,1,5,0,1,1,0
sub001-ses04-block2-game2_002::b0092,test/sub001/ses-04/sub001-ses04-block2-game2_002.npy,sub001,2,15,26,0,Short,11,0.7857142857142857,5,0.3333333333333333,5,1,0.8233205656093036,3,5,5,0,0,0,0
sub001-ses04-block2-game2_002::b0093,test/sub001/ses-04/sub001-ses04-block2-game2_002.npy,sub001,2,29,26,1,Long,23,0.8214285714285714,6,0.20689655172413793,5,0,0.8481985595600944,2,3,3,0,0,0,0
sub001-ses04-block2-game2_002::b0094,test/sub001/ses-04/sub001-ses04-block2-game2_002.npy,sub001,2,15,26,0,Short,13,0.9285714285714286,6,0.2,3,1,0.8212780082259091,3,3,5,1,0,1,0
sub001-ses04-block2-game2_002::b0095,test/sub001/ses-04/sub001-ses04-block2-game2_002.npy,sub001,2,9,26,0,Short,8,1.0,5,0.2222222222222222,1,0,0.8745453304123951,1,1,3,1,0,1,0
sub001-ses04-block2-game2_002::b0096,test/sub001/ses-04/sub001-ses04-block2-game2_002.npy,sub001,2,5,26,0,Short,3,0.75,3,0.4,5,3,0.871873840445269,1,1,5,0,0,1,0
sub001-ses04-block2-game2_002::b0097,test/sub001/ses-04/sub001-ses04-block2-game2_002.npy,sub001,2,7,26,0,Short,3,0.5,4,0.42857142857142855,0,2,0.8800544030988099,3,4,1,0,0,0,0
sub001-ses04-block2-game2_002::b0098,test/sub001/ses-04/sub001-ses04-block2-game2_002.npy,sub001,2,8,26,0,Short,6,0.8571428571428571,5,0.375,1,5,0.8567618353343759,2,1,5,0,0,0,0
sub001-ses04-block2-game2_002::b0099,test/sub001/ses-04/sub001-ses04-block2-game2_002.npy,sub001,2,6,26,0,Short,4,0.8,4,0.3333333333333333,0,0,0.8467943305709262,2,1,3,0,0,0,0
sub001-ses04-block2-game2_002::b0100,test/sub001/ses-04/sub001-ses04-block2-game2_002.npy,sub001,2,5,26,0,Short,3,0.75,4,0.4,3,5,0.821234772978959,1,1,5,0,0,1,0
sub001-ses04-block2-game2_002::b0101,test/sub001/ses-04/sub001-ses04-block2-game2_002.npy,sub001,2,22,26,0,Short,19,0.9047619047619048,6,0.36363636363636365,1,5,0.8511234857448696,2,3,1,0,0,0,0
sub001-ses04-block2-game2_002::b0102,test/sub001/ses-04/sub001-ses04-block2-game2_002.npy,sub001,2,4,26,0,Short,2,0.6666666666666666,3,0.5,2,1,0.8548968747578083,1,5,4,0,1,0,0
sub001-ses04-block2-game2_002::b0103,test/sub001/ses-04/sub001-ses04-block2-game2_002.npy,sub001,2,21,26,0,Short,15,0.75,6,0.3333333333333333,4,5,0.8751766346769203,3,5,0,0,0,0,0
sub001-ses04-block2-game2_002::b0104,test/sub001/ses-04/sub001-ses04-block2-game2_002.npy,sub001,2,14,26,0,Short,11,0.8461538461538461,6,0.2857142857142857,0,5,0.8479821752176809,2,2,2,0,0,1,1
sub001-ses04-block2-game2_002::b0105,test/sub001/ses-04/sub001-ses04-block2-game2_002.npy,sub001,2,2,26,0,Short,0,0.0,1,1.0,2,2,0.8055555555555556,1,3,2,0,0,0,0
sub001-ses04-block2-game2_002::b0106,test/sub001/ses-04/sub001-ses04-block2-game2_002.npy,sub001,2,3,26,0,Short,2,1.0,3,0.3333333333333333,5,0,0.8343478260869565,1,1,4,0,0,1,0
sub001-ses04-block2-game2_002::b0107,test/sub001/ses-04/sub001-ses04-block2-game2_002.npy,sub001,2,3,26,0,Short,2,1.0,3,0.3333333333333333,4,0,0.8420327304048234,1,2,5,0,0,0,0
sub001-ses04-block2-game2_002::b0108,test/sub001/ses-04/sub001-ses04-block2-game2_002.npy,sub001,2,3,26,0,Short,2,1.0,3,0.3333333333333333,5,0,0.8082624113475178,1,3,1,0,0,0,1
sub001-ses04-block2-game2_002::b0109,test/sub001/ses-04/sub001-ses04-block2-game2_002.npy,sub001,2,2,26,0,Short,1,1.0,2,0.5,2,1,0.87,1,4,2,0,1,0,0
sub001-ses04-block2-game2_002::b0110,test/sub001/ses-04/sub001-ses04-block2-game2_002.npy,sub001,2,2,26,0,Short,1,1.0,2,0.5,1,1,0.8390909090909091,1,0,5,1,1,0,0
sub001-ses04-block2-game2_002::b0111,test/sub001/ses-04/sub001-ses04-block2-game2_002.npy,sub001,2,2,26,0,Short,1,1.0,2,0.5,5,4,0.8003875968992249,1,5,5,0,0,0,0
sub001-ses04-block2-game2_002::b0112,test/sub001/ses-04/sub001-ses04-block2-game2_002.npy,sub001,2,2,26,0,Short,0,0.0,1,1.0,1,1,0.9130434782608696,1,5,5,1,1,0,0
sub001-ses04-block2-game2_002::b0113,test/sub001/ses-04/sub001-ses04-block2-game2_002.npy,sub001,2,3,26,0,Short,1,0.5,2,0.6666666666666666,4,5,0.8661263086795001,1,5,5,0,0,0,0
sub001-ses04-block2-game2_002::b0114,test/sub001/ses-04/sub001-ses04-block2-game2_002.npy,sub001,2,2,26,0,Short,1,1.0,2,0.5,0,0,0.8535353535353536,1,5,0,0,0,0,0
sub001-ses04-block2-game2_002::b0115,test/sub001/ses-04/sub001-ses04-block2-game2_002.npy,sub001,2,2,26,0,Short,0,0.0,1,1.0,1,1,0.8871173469387755,1,4,5,1,1,0,0
sub001-ses04-block2-game2_002::b0116,test/sub001/ses-04/sub001-ses04-block2-game2_002.npy,sub001,2,2,26,0,Short,1,1.0,2,0.5,1,1,0.875,3,2,5,0,0,0,0
sub001-ses04-block2-game2_002::b0117,test/sub001/ses-04/sub001-ses04-block2-game2_002.npy,sub001,2,2,26,0,Short,1,1.0,2,0.5,0,0,0.8313131313131313,1,5,1,0,0,0,1
sub001-ses04-block2-game2_002::b0118,test/sub001/ses-04/sub001-ses04-block2-game2_002.npy,sub001,2,10,26,0,Short,6,0.6666666666666666,5,0.3,2,1,0.8379870170252947,3,5,3,0,0,0,1
sub001-ses04-block2-game2_002::b0119,test/sub001/ses-04/sub001-ses04-block2-game2_002.npy,sub001,2,4,26,0,Short,3,1.0,3,0.5,3,3,0.818263888888889,1,2,2,0,0,0,0
sub001-ses04-block2-game2_002::b0120,test/sub001/ses-04/sub001-ses04-block2-game2_002.npy,sub001,2,2,26,0,Short,1,1.0,2,0.5,1,0,0.859338061465721,1,3,0,1,0,0,0
sub001-ses04-block2-game2_002::b0121,test/sub001/ses-04/sub001-ses04-block2-game2_002.npy,sub001,2,2,26,0,Short,1,1.0,2,0.5,0,0,0.811456400742115,1,2,3,0,0,0,0
sub001-ses04-block2-game2_002::b0122,test/sub001/ses-04/sub001-ses04-block2-game2_002.npy,sub001,2,2,26,0,Short,1,1.0,2,0.5,0,0,0.8596014492753623,1,5,2,0,0,0,0
sub001-ses04-block2-game2_002::b0123,test/sub001/ses-04/sub001-ses04-block2-game2_002.npy,sub001,2,2,26,0,Short,1,1.0,2,0.5,0,0,0.8553220035778175,2,3,5,0,0,0,0
sub001-ses04-block2-game2_002::b0124,test/sub001/ses-04/sub001-ses04-block2-game2_002.npy,sub001,2,38,26,1,Long,31,0.8378378378378378,6,0.21052631578947367,4,5,0.8506107655595815,3,1,0,0,0,0,0
sub001-ses04-block2-game2_002::b0125,test/sub001/ses-04/sub001-ses04-block2-game2_002.npy,sub001,2,4,26,0,Short,2,0.6666666666666666,3,0.5,1,4,0.8149167693833387,1,1,1,1,0,1,1
sub001-ses04-block2-game2_002::b0126,test/sub001/ses-04/sub001-ses04-block2-game2_002.npy,sub001,2,5,26,0,Short,3,0.75,3,0.4,5,0,0.8789131523953779,2,4,1,0,0,0,0
sub001-ses04-block2-game2_002::b0127,test/sub001/ses-04/sub001-ses04-block2-game2_002.npy,sub001,2,12,26,0,Short,8,0.7272727272727273,5,0.4166666666666667,1,2,0.8311938975662213,1,0,5,1,0,0,0
sub001-ses04-block2-game2_002::b0128,test/sub001/ses-04/sub001-ses04-block2-game2_002.npy,sub001,2,6,26,0,Short,3,0.6,4,0.3333333333333333,1,0,0.8294391731051395,1,2,3,1,0,0,0
sub001-ses04-block2-game2_002::b0129,test/sub001/ses-04/sub001-ses04-block2-game2_002.npy,sub001,2,4,26,0,Short,3,1.0,3,0.5,1,1,0.8505527210884354,1,4,1,1,1,0,1
sub001-ses04-block2-game2_002::b0130,test/sub001/ses-04/sub001-ses04-block2-game2_002.npy,sub001,2,2,26,0,Short,1,1.0,2,0.5,5,1,0.8501602564102564,1,2,3,0,1,0,0
sub001-ses04-block2-game2_002::b0131,test/sub001/ses-04/sub001-ses04-block2-game2_002.npy,sub001,2,3,26,0,Short,1,0.5,2,0.6666666666666666,1,1,0.8030730022505456,1,3,4,1,1,0,0
sub001-ses04-block2-game2_002::b0132,test/sub001/ses-04/sub001-ses04-block2-game2_002.npy,sub001,2,1,26,0,Short,0,0.0,1,1.0,3,3,0.9387755102040817,1,0,2,0,0,0,0
sub001-ses04-block2-game2_002::b0133,test/sub001/ses-04/sub001-ses04-block2-game2_002.npy,sub001,2,2,26,0,Short,1,1.0,2,0.5,0,0,0.8638549759526453,1,1,3,0,0,1,0
sub001-ses04-block2-game2_002::b0134,test/sub001/ses-04/sub001-ses04-block2-game2_002.npy,sub001,2,3,26,0,Short,2,1.0,2,0.6666666666666666,2,2,0.8949357520786091,1,0,0,0,0,0,0
sub001-ses04-block2-game2_002::b0135,test/sub001/ses-04/sub001-ses04-block2-game2_002.npy,sub001,2,4,26,0,Short,1,0.3333333333333333,2,0.75,1,0,0.8564986763936344,1,0,2,1,0,0,0
sub001-ses04-block2-game2_002::b0136,test/sub001/ses-04/sub001-ses04-block2-game2_002.npy,sub001,2,5,26,0,Short,4,1.0,4,0.4,0,0,0.8727738038359156,1,5,2,0,0,0,0
sub001-ses04-block2-game2_002::b0137,test/sub001/ses-04/sub001-ses04-block2-game2_002.npy,sub001,2,4,26,0,Short,2,0.6666666666666666,2,0.5,3,3,0.9096938775510205,1,3,2,0,0,0,0
sub001-ses04-block2-game2_002::b0138,test/sub001/ses-04/sub001-ses04-block2-game2_002.npy,sub001,2,37,26,1,Long,30,0.8333333333333334,6,0.2702702702702703,1,5,0.8657491008091525,2,5,4,0,0,0,0
sub001-ses04-block2-game2_002::b0139,test/sub001/ses-04/sub001-ses04-block2-game2_002.npy,sub001,2,22,26,0,Short,15,0.7142857142857143,6,0.3181818181818182,3,3,0.8592407545833608,3,1,5,1,1,0,0
sub001-ses04-block2-game2_002::b0140,test/sub001/ses-04/sub001-ses04-block2-game2_002.npy,sub001,2,2,26,0,Short,1,1.0,2,0.5,1,1,0.8283744557329463,2,5,2,0,0,0,1
sub001-ses04-block2-game2_002::b0141,test/sub001/ses-04/sub001-ses04-block2-game2_002.npy,sub001,2,2,26,0,Short,1,1.0,2,0.5,2,2,0.8350340136054422,1,2,0,0,0,0,0
sub001-ses04-block2-game2_002::b0142,test/sub001/ses-04/sub001-ses04-block2-game2_002.npy,sub001,2,2,26,0,Short,1,1.0,2,0.5,4,4,0.8801418439716312,1,0,2,0,0,0,0
sub001-ses04-block2-game2_002::b0143,test/sub001/ses-04/sub001-ses04-block2-game2_002.npy,sub001,2,3,26,0,Short,2,1.0,3,0.3333333333333333,5,1,0.8939776217639315,1,1,1,0,1,1,1
sub001-ses04-block2-game2_002::b0144,test/sub001/ses-04/sub001-ses04-block2-game2_002.npy,sub001,2,9,26,0,Short,8,1.0,5,0.3333333333333333,1,1,0.81258017442767,2,0,0,0,0,0,0
sub001-ses04-block2-game2_002::b0145,test/sub001/ses-04/sub001-ses04-block2-game2_002.npy,sub001,2,4,26,0,Short,3,1.0,3,0.5,0,0,0.8198073112223613,1,3,5,0,0,0,0
sub001-ses04-block2-game2_002::b0146,test/sub001/ses-04/sub001-ses04-block2-game2_002.npy,sub001,2,3,26,0,Short,2,1.0,2,0.6666666666666666,3,3,0.8109500805152979,1,5,5,0,0,0,0
sub001-ses04-block2-game2_002::b0147,test/sub001/ses-04/sub001-ses04-block2-game2_002.npy,sub001,2,4,26,0,Short,3,1.0,4,0.25,4,0,0.8349433512224209,1,3,5,0,0,0,0
sub001-ses04-block2-game2_002::b0148,test/sub001/ses-04/sub001-ses04-block2-game2_002.npy,sub001,2,5,26,0,Short,4,1.0,4,0.4,1,3,0.792424168825535,1,4,2,1,0,0,0
sub001-ses04-block2-game2_002::b0149,test/sub001/ses-04/sub001-ses04-block2-game2_002.npy,sub001,2,9,26,0,Short,7,0.875,5,0.2222222222222222,4,0,0.8470329714377334,1,3,0,0,0,0,0
sub001-ses04-block2-game2_002::b0150,test/sub001/ses-04/sub001-ses04-block2-game2_002.npy,sub001,2,4,26,0,Short,3,1.0,4,0.25,4,0,0.8148738662131518,1,1,0,0,0,1,0
sub001-ses04-block2-game2_002::b0151,test/sub001/ses-04/sub001-ses04-block2-game2_002.npy,sub001,2,1,26,0,Short,0,0.0,1,1.0,3,3,0.8,1,3,1,0,0,0,1
sub001-ses04-block2-game2_002::b0152,test/sub001/ses-04/sub001-ses04-block2-game2_002.npy,sub001,2,5,26,0,Short,3,0.75,3,0.4,3,3,0.8354663891458527,1,1,1,0,0,1,1
sub001-ses04-block2-game2_002::b0153,test/sub001/ses-04/sub001-ses04-block2-game2_002.npy,sub001,2,7,26,0,Short,4,0.6666666666666666,4,0.42857142857142855,4,2,0.8405560985436357,3,5,5,0,0,0,0
sub001-ses04-block2-game2_002::b0154,test/sub001/ses-04/sub001-ses04-block2-game2_002.npy,sub001,2,5,26,0,Short,3,0.75,4,0.4,3,1,0.8419444444444444,1,4,0,0,1,0,0
sub001-ses04-block2-game2_002::b0155,test/sub001/ses-04/sub001-ses04-block2-game2_002.npy,sub001,2,2,26,0,Short,0,0.0,1,1.0,5,5,0.7920696324951644,2,3,3,0,0,0,0
sub001-ses04-block2-game2_002::b0156,test/sub001/ses-04/sub001-ses04-block2-game2_002.npy,sub001,2,11,26,0,Short,8,0.8,5,0.36363636363636365,0,0,0.8331961326574704,3,5,5,0,0,0,0
sub001-ses04-block2-game2_002::b0157,test/sub001/ses-04/sub001-ses04-block2-game2_002.npy,sub001,2,12,26,0,Short,8,0.7272727272727273,6,0.3333333333333333,3,3,0.817881761478691,3,0,5,1,1,0,0
sub001-ses04-block2-game2_002::b0158,test/sub001/ses-04/sub001-ses04-block2-game2_002.npy,sub001,2,8,26,0,Short,7,1.0,5,0.25,0,0,0.8039562354004197,3,2,5,0,0,0,0
sub001-ses04-block2-game2_002::b0159,test/sub001/ses-04/sub001-ses04-block2-game2_002.npy,sub001,2,5,26,0,Short,4,1.0,3,0.4,1,0,0.8271972065874504,2,1,1,0,0,0,0
sub001-ses04-block2-game2_002::b0160,test/sub001/ses-04/sub001-ses04-block2-game2_002.npy,sub001,2,22,26,0,Short,19,0.9047619047619048,6,0.22727272727272727,3,0,0.8098420690234068,3,1,1,1,0,0,0
sub001-ses04-block2-game2_002::b0161,test/sub001/ses-04/sub001-ses04-block2-game2_002.npy,sub001,2,18,26,0,Short,15,0.8823529411764706,6,0.3333333333333333,0,1,0.8302697205871302,3,5,1,0,0,0,0
sub001-ses04-block2-game2_002::b0162,test/sub001/ses-04/sub001-ses04-block2-game2_002.npy,sub001,2,3,26,0,Short,2,1.0,3,0.3333333333333333,3,3,0.7994141227258712,2,4,3,0,0,0,0
sub001-ses04-block2-game2_002::b0163,test/sub001/ses-04/sub001-ses04-block2-game2_002.npy,sub001,2,89,26,1,Long,68,0.7727272727272727,6,0.2808988764044944,3,3,0.8197466380107808,1,2,3,0,0,0,0
sub001-ses04-block2-game2_002::b0164,test/sub001/ses-04/sub001-ses04-block2-game2_002.npy,sub001,2,40,26,1,Long,32,0.8205128205128205,6,0.45,3,3,0.8061656564436342,2,3,1,0,0,0,0
sub001-ses04-block2-game2_002::b0165,test/sub001/ses-04/sub001-ses04-block2-game2_002.npy,sub001,2,19,26,0,Short,16,0.8888888888888888,6,0.21052631578947367,2,2,0.8665448173192566,1,5,0,0,0,0,0
sub001-ses04-block2-game2_002::b0166,test/sub001/ses-04/sub001-ses04-block2-game2_002.npy,sub001,2,57,26,1,Long,46,0.8214285714285714,6,0.2631578947368421,4,3,0.8303753286085863,3,1,3,0,1,0,1
sub001-ses04-block2-game2_002::b0167,test/sub001/ses-04/sub001-ses04-block2-game2_002.npy,sub001,2,28,26,1,Long,22,0.8148148148148148,6,0.32142857142857145,4,5,0.8463753993271377,2,4,1,0,0,0,0
sub001-ses04-block2-game2_002::b0168,test/sub001/ses-04/sub001-ses04-block2-game2_002.npy,sub001,2,61,26,1,Long,50,0.8333333333333334,6,0.26229508196721313,3,3,0.8730505168888931,1,1,4,0,0,1,0
sub001-ses04-block2-game2_002::b0169,test/sub001/ses-04/sub001-ses04-block2-game2_002.npy,sub001,2,19,26,0,Short,16,0.8888888888888888,6,0.47368421052631576,5,5,0.8644365265281527,3,1,1,0,0,0,0
sub001-ses04-block2-game2_002::b0170,test/sub001/ses-04/sub001-ses04-block2-game2_002.npy,sub001,2,2,26,0,Short,0,0.0,1,1.0,5,5,0.8734485815602837,1,3,0,0,0,0,0
sub001-ses04-block2-game2_002::b0171,test/sub001/ses-04/sub001-ses04-block2-game2_002.npy,sub001,2,3,26,0,Short,1,0.5,2,0.6666666666666666,5,0,0.8607629718554088,1,1,1,0,0,1,1
sub001-ses04-block2-game2_002::b0172,test/sub001/ses-04/sub001-ses04-block2-game2_002.npy,sub001,2,3,26,0,Short,1,0.5,2,0.6666666666666666,5,5,0.817987567987568,1,5,5,0,0,0,0
sub001-ses04-block2-game2_002::b0173,test/sub001/ses-04/sub001-ses04-block2-game2_002.npy,sub001,2,4,26,0,Short,3,1.0,4,0.25,4,1,0.8380197943365346,1,5,5,0,1,0,0
sub001-ses04-block2-game2_002::b0174,test/sub001/ses-04/sub001-ses04-block2-game2_002.npy,sub001,2,13,26,0,Short,10,0.8333333333333334,5,0.23076923076923078,0,0,0.8417959196771998,1,5,5,0,0,0,0
sub001-ses04-block2-game2_002::b0175,test/sub001/ses-04/sub001-ses04-block2-game2_002.npy,sub001,2,2,26,0,Short,1,1.0,2,0.5,3,3,0.8863463005339436,1,5,5,0,0,0,0
sub001-ses04-block2-game2_002::b0176,test/sub001/ses-04/sub001-ses04-block2-game2_002.npy,sub001,2,2,26,0,Short,1,1.0,2,0.5,5,3,0.8476052249637156,1,2,1,0,0,0,1
sub001-ses04-block2-game2_002::b0177,test/sub001/ses-04/sub001-ses04-block2-game2_002.npy,sub001,2,2,26,0,Short,1,1.0,2,0.5,1,1,0.7738205365402404,1,2,4,1,1,0,0
sub001-ses04-block2-game2_002::b0178,test/sub001/ses-04/sub001-ses04-block2-game2_002.npy,sub001,2,3,26,0,Short,2,1.0,3,0.3333333333333333,0,0,0.8770386452453321,1,3,3,0,0,0,0
sub001-ses04-block2-game2_002::b0179,test/sub001/ses-04/sub001-ses04-block2-game2_002.npy,sub001,2,4,26,0,Short,2,0.6666666666666666,3,0.5,4,3,0.8402168584825234,1,2,5,0,0,0,0
sub001-ses04-block2-game2_002::b0180,test/sub001/ses-04/sub001-ses04-block2-game2_002.npy,sub001,2,4,26,0,Short,1,0.3333333333333333,2,0.75,4,5,0.8849734338179716,1,1,1,0,0,1,1
sub001-ses04-block2-game2_002::b0181,test/sub001/ses-04/sub001-ses04-block2-game2_002.npy,sub001,2,2,26,0,Short,1,1.0,2,0.5,5,1,0.8551554828150574,3,4,0,0,0,0,0
sub001-ses04-block2-game2_002::b0182,test/sub001/ses-04/sub001-ses04-block2-game2_002.npy,sub001,2,3,26,0,Short,1,0.5,2,0.6666666666666666,3,5,0.8423385958156847,1,5,2,0,0,0,0
sub001-ses04-block2-game2_002::b0183,test/sub001/ses-04/sub001-ses04-block2-game2_002.npy,sub001,2,3,26,0,Short,2,1.0,3,0.3333333333333333,5,2,0.8379920801304449,1,0,5,0,0,0,0
sub001-ses04-block2-game2_002::b0184,test/sub001/ses-04/sub001-ses04-block2-game2_002.npy,sub001,2,8,26,0,Short,5,0.7142857142857143,5,0.5,5,5,0.8375320726116533,1,2,5,0,0,0,0
sub001-ses04-block2-game2_002::b0185,test/sub001/ses-04/sub001-ses04-block2-game2_002.npy,sub001,2,3,26,0,Short,2,1.0,3,0.3333333333333333,5,2,0.7616892911010558,1,3,1,0,0,0,1
sub001-ses04-block2-game2_002::b0186,test/sub001/ses-04/sub001-ses04-block2-game2_002.npy,sub001,2,2,26,0,Short,1,1.0,2,0.5,5,4,0.8257918552036199,1,2,0,0,0,0,0
sub001-ses04-block2-game2_002::b0187,test/sub001/ses-04/sub001-ses04-block2-game2_002.npy,sub001,2,4,26,0,Short,1,0.3333333333333333,2,0.75,2,5,0.8336078666267346,1,1,3,0,0,1,0
sub001-ses04-block2-game2_002::b0188,test/sub001/ses-04/sub001-ses04-block2-game2_002.npy,sub001,2,3,26,0,Short,1,0.5,2,0.6666666666666666,5,3,0.8061525892408246,1,5,4,0,0,0,0
sub001-ses04-block2-game2_002::b0189,test/sub001/ses-04/sub001-ses04-block2-game2_002.npy,sub001,2,3,26,0,Short,2,1.0,3,0.3333333333333333,2,0,0.8870629370629369,1,1,2,0,0,1,0
sub001-ses04-block2-game2_002::b0190,test/sub001/ses-04/sub001-ses04-block2-game2_002.npy,sub001,2,3,26,0,Short,2,1.0,3,0.3333333333333333,4,1,0.8419932075394261,1,0,1,0,1,0,1
sub001-ses04-block2-game2_002::b0191,test/sub001/ses-04/sub001-ses04-block2-game2_002.npy,sub001,2,4,26,0,Short,3,1.0,4,0.25,1,1,0.802793216577411,1,1,1,1,1,1,1
sub001-ses04-block2-game2_002::b0192,test/sub001/ses-04/sub001-ses04-block2-game2_002.npy,sub001,2,4,26,0,Short,3,1.0,3,0.5,0,0,0.8207843137254902,1,3,1,0,0,0,1
sub001-ses04-block2-game2_002::b0193,test/sub001/ses-04/sub001-ses04-block2-game2_002.npy,sub001,2,3,26,0,Short,2,1.0,3,0.3333333333333333,4,0,0.855656108597285,1,1,4,0,0,1,0
sub001-ses04-block2-game2_002::b0194,test/sub001/ses-04/sub001-ses04-block2-game2_002.npy,sub001,2,3,26,0,Short,2,1.0,3,0.3333333333333333,2,0,0.8184768160137619,1,2,4,0,0,0,0
sub001-ses04-block2-game2_002::b0195,test/sub001/ses-04/sub001-ses04-block2-game2_002.npy,sub001,2,3,26,0,Short,0,0.0,1,1.0,1,1,0.8813651757047983,1,2,4,1,1,0,0
sub001-ses04-block2-game2_002::b0196,test/sub001/ses-04/sub001-ses04-block2-game2_002.npy,sub001,2,4,26,0,Short,2,0.6666666666666666,3,0.5,0,0,0.7988684640522876,1,3,0,0,0,0,0
sub001-ses04-block2-game2_002::b0197,test/sub001/ses-04/sub001-ses04-block2-game2_002.npy,sub001,2,1,26,0,Short,0,0.0,1,1.0,5,5,0.9454545454545454,1,4,2,0,0,0,0
sub001-ses04-block2-game2_002::b0198,test/sub001/ses-04/sub001-ses04-block2-game2_002.npy,sub001,2,7,26,0,Short,5,0.8333333333333334,5,0.42857142857142855,1,1,0.8656830518733012,2,2,1,0,0,1,0
sub001-ses04-block2-game2_002::b0199,test/sub001/ses-04/sub001-ses04-block2-game2_002.npy,sub001,2,11,26,0,Short,10,1.0,5,0.2727272727272727,1,0,0.8460318733834611,2,0,0,0,0,0,0
sub001-ses04-block2-game2_002::b0200,test/sub001/ses-04/sub001-ses04-block2-game2_002.npy,sub001,2,22,26,0,Short,19,0.9047619047619048,6,0.2727272727272727,5,1,0.8369956868931002,2,0,0,0,0,0,0
sub001-ses04-block2-game2_002::b0201,test/sub001/ses-04/sub001-ses04-block2-game2_002.npy,sub001,2,6,26,0,Short,5,1.0,5,0.3333333333333333,3,3,0.8303766399915177,3,4,4,1,1,0,0
sub001-ses04-block2-game2_002::b0202,test/sub001/ses-04/sub001-ses04-block2-game2_002.npy,sub001,2,6,26,0,Short,5,1.0,5,0.3333333333333333,3,2,0.8567815404265912,1,1,5,0,0,1,0
sub001-ses04-block2-game2_002::b0203,test/sub001/ses-04/sub001-ses04-block2-game2_002.npy,sub001,2,3,26,0,Short,2,1.0,3,0.3333333333333333,2,1,0.8214479905437352,1,4,1,0,1,0,1
sub001-ses04-block2-game2_002::b0204,test/sub001/ses-04/sub001-ses04-block2-game2_002.npy,sub001,2,4,26,0,Short,2,0.6666666666666666,3,0.5,0,0,0.8869992441421013,1,5,1,0,0,0,1
sub001-ses04-block2-game2_002::b0205,test/sub001/ses-04/sub001-ses04-block2-game2_002.npy,sub001,2,4,26,0,Short,3,1.0,4,0.25,0,0,0.8555131754366871,1,0,4,0,0,0,0
sub001-ses04-block2-game2_002::b0206,test/sub001/ses-04/sub001-ses04-block2-game2_002.npy,sub001,2,3,26,0,Short,2,1.0,2,0.6666666666666666,0,0,0.8246031746031747,1,0,5,0,0,0,0
sub001-ses04-block2-game2_002::b0207,test/sub001/ses-04/sub001-ses04-block2-game2_002.npy,sub001,2,2,26,0,Short,0,0.0,1,1.0,0,0,0.8662587412587412,1,4,1,0,0,0,1
sub001-ses04-block2-game2_002::b0208,test/sub001/ses-04/sub001-ses04-block2-game2_002.npy,sub001,2,3,26,0,Short,1,0.5,2,0.6666666666666666,5,5,0.8377476313522824,1,0,0,0,0,0,0
sub001-ses04-block2-game2_002::b0209,test/sub001/ses-04/sub001-ses04-block2-game2_002.npy,sub001,2,4,26,0,Short,2,0.6666666666666666,3,0.5,4,0,0.8666028911564626,1,1,2,0,0,1,0
sub001-ses04-block2-game2_002::b0210,test/sub001/ses-04/sub001-ses04-block2-game2_002.npy,sub001,2,2,26,0,Short,1,1.0,2,0.5,3,3,0.8547826086956521,1,2,5,0,0,0,0
sub001-ses04-block2-game2_002::b0211,test/sub001/ses-04/sub001-ses04-block2-game2_002.npy,sub001,2,4,26,0,Short,3,1.0,4,0.25,2,0,0.8190026595744682,1,2,5,0,0,0,0
sub001-ses04-block2-game2_002::b0212,test/sub001/ses-04/sub001-ses04-block2-game2_002.npy,sub001,2,2,26,0,Short,1,1.0,2,0.5,0,0,0.8714153561517113,1,4,1,0,0,0,1
sub001-ses04-block2-game2_002::b0213,test/sub001/ses-04/sub001-ses04-block2-game2_002.npy,sub001,2,4,26,0,Short,2,0.6666666666666666,3,0.5,2,1,0.8454001842302208,1,5,5,0,1,0,0
sub001-ses04-block2-game2_002::b0214,test/sub001/ses-04/sub001-ses04-block2-game2_002.npy,sub001,2,3,26,0,Short,2,1.0,2,0.6666666666666666,1,1,0.8814814814814814,1,5,0,1,1,0,0
sub001-ses04-block2-game2_002::b0215,test/sub001/ses-04/sub001-ses04-block2-game2_002.npy,sub001,2,3,26,0,Short,2,1.0,3,0.3333333333333333,5,0,0.8649158249158249,1,2,5,0,0,0,0
sub001-ses04-block2-game2_002::b0216,test/sub001/ses-04/sub001-ses04-block2-game2_002.npy,sub001,2,4,26,0,Short,3,1.0,4,0.25,0,0,0.8406410256410257,1,0,1,0,0,0,1
sub001-ses04-block2-game2_002::b0217,test/sub001/ses-04/sub001-ses04-block2-game2_002.npy,sub001,2,2,26,0,Short,0,0.0,1,1.0,3,3,0.7866082603254068,1,5,3,0,0,0,0
sub001-ses04-block2-game2_002::b0218,test/sub001/ses-04/sub001-ses04-block2-game2_002.npy,sub001,2,2,26,0,Short,1,1.0,2,0.5,5,2,0.8390909090909091,1,0,1,0,0,0,1
sub001-ses04-block2-game2_002::b0219,test/sub001/ses-04/sub001-ses04-block2-game2_002.npy,sub001,2,2,26,0,Short,1,1.0,2,0.5,2,0,0.8855555555555555,1,1,5,0,0,1,0
sub001-ses04-block2-game2_002::b0220,test/sub001/ses-04/sub001-ses04-block2-game2_002.npy,sub001,2,3,26,0,Short,2,1.0,3,0.3333333333333333,5,1,0.8446376811594202,1,0,1,0,1,0,1
sub001-ses04-block2-game2_002::b0221,test/sub001/ses-04/sub001-ses04-block2-game2_002.npy,sub001,2,3,26,0,Short,2,1.0,3,0.3333333333333333,5,1,0.87876280535855,1,1,2,0,1,1,0
sub001-ses04-block2-game2_002::b0222,test/sub001/ses-04/sub001-ses04-block2-game2_002.npy,sub001,2,3,26,0,Short,2,1.0,3,0.3333333333333333,1,0,0.8031985624438455,1,1,5,1,0,1,0
sub001-ses04-block2-game2_002::b0223,test/sub001/ses-04/sub001-ses04-block2-game2_002.npy,sub001,2,3,26,0,Short,2,1.0,3,0.3333333333333333,2,2,0.8965130682521987,1,1,3,0,0,1,0
sub001-ses04-block2-game2_002::b0224,test/sub001/ses-04/sub001-ses04-block2-game2_002.npy,sub001,2,3,26,0,Short,2,1.0,2,0.6666666666666666,1,1,0.857516339869281,1,5,5,1,1,0,0
sub001-ses04-block2-game2_002::b0225,test/sub001/ses-04/sub001-ses04-block2-game2_002.npy,sub001,2,2,26,0,Short,1,1.0,2,0.5,4,4,0.8900966183574879,1,4,1,0,0,0,1
sub001-ses04-block2-game2_002::b0226,test/sub001/ses-04/sub001-ses04-block2-game2_002.npy,sub001,2,22,26,0,Short,16,0.7619047619047619,6,0.3181818181818182,2,3,0.8428316461418478,3,5,1,0,1,0,0
sub001-ses04-block2-game2_002::b0227,test/sub001/ses-04/sub001-ses04-block2-game2_002.npy,sub001,2,43,26,1,Long,33,0.7857142857142857,6,0.2558139534883721,2,1,0.8581251496860604,3,5,1,0,0,0,0
sub001-ses04-block2-game2_002::b0228,test/sub001/ses-04/sub001-ses04-block2-game2_002.npy,sub001,2,1,26,0,Short,0,0.0,1,1.0,1,1,0.9130434782608695,1,0,1,1,1,0,1
sub001-ses04-block2-game2_002::b0229,test/sub001/ses-04/sub001-ses04-block2-game2_002.npy,sub001,2,7,26,0,Short,4,0.6666666666666666,4,0.42857142857142855,1,1,0.8616759308454451,3,1,5,0,0,0,0
sub001-ses04-block2-game2_002::b0230,test/sub001/ses-04/sub001-ses04-block2-game2_002.npy,sub001,2,1,26,0,Short,0,0.0,1,1.0,5,5,0.9782608695652174,1,1,1,0,0,1,1
sub001-ses04-block2-game2_002::b0231,test/sub001/ses-04/sub001-ses04-block2-game2_002.npy,sub001,2,6,26,0,Short,3,0.6,3,0.5,3,5,0.8128321256038648,5,4,4,0,1,0,0
sub001-ses04-block2-game2_002::b0232,test/sub001/ses-04/sub001-ses04-block2-game2_002.npy,sub001,2,9,26,0,Short,8,1.0,5,0.3333333333333333,2,1,0.8657632247664625,1,1,5,0,1,1,0
sub001-ses04-block2-game2_002::b0233,test/sub001/ses-04/sub001-ses04-block2-game2_002.npy,sub001,2,9,26,0,Short,7,0.875,6,0.3333333333333333,3,2,0.8435998918128796,2,0,5,0,1,0,0
sub001-ses04-block2-game2_002::b0234,test/sub001/ses-04/sub001-ses04-block2-game2_002.npy,sub001,2,21,26,0,Short,18,0.9,6,0.2857142857142857,0,2,0.8644913986265512,3,0,1,0,0,0,0
sub001-ses04-block2-game2_002::b0235,test/sub001/ses-04/sub001-ses04-block2-game2_002.npy,sub001,2,9,26,0,Short,6,0.75,5,0.4444444444444444,0,3,0.8450498509610443,2,4,2,0,0,0,1
sub001-ses04-block2-game2_002::b0236,test/sub001/ses-04/sub001-ses04-block2-game2_002.npy,sub001,2,1,26,0,Short,0,0.0,1,1.0,2,2,0.9180327868852459,3,5,2,0,0,0,0
sub001-ses04-block2-game2_002::b0237,test/sub001/ses-04/sub001-ses04-block2-game2_002.npy,sub001,2,113,26,1,Long,90,0.8035714285714286,6,0.25663716814159293,2,2,0.8243703312107534,2,3,4,1,1,0,0
sub001-ses04-block2-game2_002::b0238,test/sub001/ses-04/sub001-ses04-block2-game2_002.npy,sub001,2,5,26,0,Short,4,1.0,4,0.4,0,0,0.8782682701202591,1,2,0,0,0,0,0
sub001-ses04-block2-game2_002::b0239,test/sub001/ses-04/sub001-ses04-block2-game2_002.npy,sub001,2,30,26,1,Long,24,0.8275862068965517,6,0.3,1,1,0.8500974038920831,1,5,1,1,1,0,1
sub001-ses04-block2-game2_002::b0240,test/sub001/ses-04/sub001-ses04-block2-game2_002.npy,sub001,2,3,26,0,Short,2,1.0,2,0.6666666666666666,1,1,0.8955669224211423,1,2,2,1,1,0,0
sub001-ses04-block2-game2_002::b0241,test/sub001/ses-04/sub001-ses04-block2-game2_002.npy,sub001,2,5,26,0,Short,4,1.0,5,0.2,4,0,0.859492942709697,2,1,2,0,0,0,1
sub001-ses04-block2-game2_002::b0242,test/sub001/ses-04/sub001-ses04-block2-game2_002.npy,sub001,2,37,26,1,Long,30,0.8333333333333334,6,0.2972972972972973,0,5,0.8713716631850519,2,5,5,0,0,0,0
sub001-ses04-block2-game2_002::b0243,test/sub001/ses-04/sub001-ses04-block2-game2_002.npy,sub001,2,12,26,0,Short,10,0.9090909090909091,5,0.25,1,2,0.8530233600532413,2,3,5,0,1,0,0
sub001-ses04-block2-game2_002::b0244,test/sub001/ses-04/sub001-ses04-block2-game2_002.npy,sub001,2,7,26,0,Short,4,0.6666666666666666,4,0.5714285714285714,3,1,0.8888781951023017,1,3,2,0,1,0,0
sub001-ses04-block2-game2_002::b0245,test/sub001/ses-04/sub001-ses04-block2-game2_002.npy,sub001,2,3,26,0,Short,2,1.0,3,0.3333333333333333,1,0,0.8329204870353939,1,1,1,1,0,1,1
sub001-ses04-block2-game2_002::b0246,test/sub001/ses-04/sub001-ses04-block2-game2_002.npy,sub001,2,4,26,0,Short,2,0.6666666666666666,3,0.5,4,4,0.8903273503614623,1,1,5,0,0,1,0
sub001-ses04-block2-game2_002::b0247,test/sub001/ses-04/sub001-ses04-block2-game2_002.npy,sub001,2,2,26,0,Short,1,1.0,2,0.5,4,2,0.8838652482269503,3,3,5,0,0,1,0
sub001-ses04-block2-game2_002::b0248,test/sub001/ses-04/sub001-ses04-block2-game2_002.npy,sub001,2,6,26,0,Short,5,1.0,5,0.3333333333333333,2,0,0.8708503279791439,1,1,1,0,0,1,1
sub001-ses04-block2-game2_002::b0249,test/sub001/ses-04/sub001-ses04-block2-game2_002.npy,sub001,2,4,26,0,Short,3,1.0,3,0.5,1,1,0.8333394832998374,1,3,1,1,1,0,1
sub001-ses04-block2-game2_002::b0250,test/sub001/ses-04/sub001-ses04-block2-game2_002.npy,sub001,2,5,26,0,Short,4,1.0,4,0.4,1,5,0.8594233979858867,1,1,1,1,0,1,1
sub001-ses04-block2-game2_002::b0251,test/sub001/ses-04/sub001-ses04-block2-game2_002.npy,sub001,2,4,26,0,Short,3,1.0,4,0.25,5,1,0.9267383107088989,1,3,2,0,1,0,0
sub001-ses04-block2-game2_002::b0252,test/sub001/ses-04/sub001-ses04-block2-game2_002.npy,sub001,2,3,26,0,Short,2,1.0,3,0.3333333333333333,4,1,0.9159278959810875,1,3,5,0,1,0,0
sub001-ses04-block2-game2_002::b0253,test/sub001/ses-04/sub001-ses04-block2-game2_002.npy,sub001,2,4,26,0,Short,2,0.6666666666666666,3,0.5,2,1,0.9022804774083547,1,2,5,0,1,0,0
sub001-ses04-block2-game2_002::b0254,test/sub001/ses-04/sub001-ses04-block2-game2_002.npy,sub001,2,3,26,0,Short,2,1.0,3,0.3333333333333333,1,1,0.8166296101864147,1,1,1,1,1,1,1
sub001-ses04-block2-game2_002::b0255,test/sub001/ses-04/sub001-ses04-block2-game2_002.npy,sub001,2,10,26,0,Short,8,0.8888888888888888,5,0.3,5,0,0.8484274202566484,1,1,5,0,0,1,0
sub001-ses04-block2-game2_002::b0256,test/sub001/ses-04/sub001-ses04-block2-game2_002.npy,sub001,2,4,26,0,Short,2,0.6666666666666666,3,0.5,1,1,0.8630904284790839,3,3,4,0,0,1,0
sub001-ses04-block2-game2_002::b0257,test/sub001/ses-04/sub001-ses04-block2-game2_002.npy,sub001,2,3,26,0,Short,2,1.0,3,0.3333333333333333,0,0,0.8132799786581298,1,2,5,0,0,0,0
sub001-ses04-block2-game2_002::b0258,test/sub001/ses-04/sub001-ses04-block2-game2_002.npy,sub001,2,3,26,0,Short,2,1.0,3,0.3333333333333333,4,3,0.8446170921198668,1,3,3,0,0,0,0
sub001-ses04-block2-game2_002::b0259,test/sub001/ses-04/sub001-ses04-block2-game2_002.npy,sub001,2,4,26,0,Short,2,0.6666666666666666,3,0.5,0,5,0.8456695156695156,1,4,0,0,0,0,0
sub001-ses04-block2-game2_002::b0260,test/sub001/ses-04/sub001-ses04-block2-game2_002.npy,sub001,2,3,26,0,Short,1,0.5,2,0.6666666666666666,3,3,0.8632238982549542,1,2,0,0,0,0,0
sub001-ses04-block2-game2_002::b0261,test/sub001/ses-04/sub001-ses04-block2-game2_002.npy,sub001,2,12,26,0,Short,8,0.7272727272727273,5,0.4166666666666667,1,1,0.823389353332214,3,3,1,0,0,1,0
sub001-ses04-block2-game2_002::b0262,test/sub001/ses-04/sub001-ses04-block2-game2_002.npy,sub001,2,14,26,0,Short,11,0.8461538461538461,5,0.35714285714285715,2,1,0.8406680765595926,2,5,4,1,0,0,0
sub001-ses04-block2-game2_002::b0263,test/sub001/ses-04/sub001-ses04-block2-game2_002.npy,sub001,2,3,26,0,Short,2,1.0,3,0.3333333333333333,4,1,0.8318135764944276,1,1,4,0,1,1,0
sub001-ses04-block2-game2_002::b0264,test/sub001/ses-04/sub001-ses04-block2-game2_002.npy,sub001,2,4,26,0,Short,3,1.0,4,0.25,4,0,0.890163738264562,1,0,2,0,0,0,0
sub001-ses04-block2-game2_002::b0265,test/sub001/ses-04/sub001-ses04-block2-game2_002.npy,sub001,2,3,26,0,Short,2,1.0,3,0.3333333333333333,4,0,0.8372098145456147,1,3,3,0,0,0,0
sub001-ses04-block2-game2_002::b0266,test/sub001/ses-04/sub001-ses04-block2-game2_002.npy,sub001,2,1,26,0,Short,0,0.0,1,1.0,4,4,0.9347826086956522,3,4,0,0,0,0,0
sub001-ses04-block2-game2_002::b0267,test/sub001/ses-04/sub001-ses04-block2-game2_002.npy,sub001,2,2,26,0,Short,1,1.0,2,0.5,5,0,0.7779591836734694,1,4,2,0,0,0,0
sub001-ses04-block2-game2_002::b0268,test/sub001/ses-04/sub001-ses04-block2-game2_002.npy,sub001,2,3,26,0,Short,1,0.5,2,0.6666666666666666,3,3,0.8716750926862149,1,5,2,0,0,0,0
sub001-ses04-block2-game2_002::b0269,test/sub001/ses-04/sub001-ses04-block2-game2_002.npy,sub001,2,4,26,0,Short,3,1.0,4,0.25,3,0,0.8788041118390002,1,4,2,0,0,0,0
sub001-ses04-block2-game2_002::b0270,test/sub001/ses-04/sub001-ses04-block2-game2_002.npy,sub001,2,12,26,0,Short,9,0.8181818181818182,5,0.3333333333333333,4,1,0.8830057608235332,1,3,1,0,1,0,1
sub001-ses04-block2-game2_002::b0271,test/sub001/ses-04/sub001-ses04-block2-game2_002.npy,sub001,2,3,26,0,Short,2,1.0,3,0.3333333333333333,2,1,0.8874650237453472,2,1,0,1,0,0,0
sub001-ses04-block2-game2_002::b0272,test/sub001/ses-04/sub001-ses04-block2-game2_002.npy,sub001,2,4,26,0,Short,3,1.0,3,0.5,5,5,0.8474713197027192,1,3,4,0,0,0,0
sub001-ses04-block2-game2_002::b0273,test/sub001/ses-04/sub001-ses04-block2-game2_002.npy,sub001,2,3,26,0,Short,1,0.5,2,0.6666666666666666,4,4,0.8718322084032847,1,1,1,0,0,1,1
sub001-ses04-block2-game2_002::b0274,test/sub001/ses-04/sub001-ses04-block2-game2_002.npy,sub001,2,3,26,0,Short,1,0.5,2,0.6666666666666666,4,4,0.8738231659364116,1,4,5,0,0,0,0
sub001-ses04-block2-game2_002::b0275,test/sub001/ses-04/sub001-ses04-block2-game2_002.npy,sub001,2,2,26,0,Short,1,1.0,2,0.5,3,3,0.8903381642512077,1,5,1,0,0,0,1
sub001-ses04-block2-game2_002::b0276,test/sub001/ses-04/sub001-ses04-block2-game2_002.npy,sub001,2,12,26,0,Short,8,0.7272727272727273,6,0.25,2,5,0.8318938912033104,1,2,2,0,0,0,0
sub001-ses04-block2-game2_002::b0277,test/sub001/ses-04/sub001-ses04-block2-game2_002.npy,sub001,2,4,26,0,Short,3,1.0,3,0.5,3,3,0.8957522933243732,1,5,1,0,0,0,1
sub001-ses04-block2-game2_002::b0278,test/sub001/ses-04/sub001-ses04-block2-game2_002.npy,sub001,2,4,26,0,Short,2,0.6666666666666666,3,0.5,3,1,0.8126377590043109,1,1,2,0,1,1,0
sub001-ses04-block2-game2_002::b0279,test/sub001/ses-04/sub001-ses04-block2-game2_002.npy,sub001,2,3,26,0,Short,2,1.0,3,0.3333333333333333,2,2,0.8888636363636363,1,5,1,0,0,0,1
sub001-ses04-block2-game2_002::b0280,test/sub001/ses-04/sub001-ses04-block2-game2_002.npy,sub001,2,2,26,0,Short,1,1.0,2,0.5,5,0,0.7998670212765957,1,1,1,0,0,1,1
sub001-ses04-block2-game2_002::b0281,test/sub001/ses-04/sub001-ses04-block2-game2_002.npy,sub001,2,3,26,0,Short,2,1.0,3,0.3333333333333333,3,3,0.8172619047619047,1,1,2,0,0,1,0
sub001-ses04-block2-game2_002::b0282,test/sub001/ses-04/sub001-ses04-block2-game2_002.npy,sub001,2,1,26,0,Short,0,0.0,1,1.0,0,0,0.8431372549019608,2,3,2,0,0,0,1
sub001-ses04-block2-game2_002::b0283,test/sub001/ses-04/sub001-ses04-block2-game2_002.npy,sub001,2,10,26,0,Short,6,0.6666666666666666,3,0.5,5,5,0.8349870781392521,1,1,2,0,0,1,0
sub001-ses04-block2-game2_002::b0284,test/sub001/ses-04/sub001-ses04-block2-game2_002.npy,sub001,2,4,26,0,Short,3,1.0,3,0.5,1,4,0.8324443413729128,1,5,5,1,0,0,0
sub001-ses04-block2-game2_002::b0285,test/sub001/ses-04/sub001-ses04-block2-game2_002.npy,sub001,2,4,26,0,Short,3,1.0,3,0.5,1,1,0.8444346307188253,1,1,5,1,1,1,0
sub001-ses04-block2-game2_002::b0286,test/sub001/ses-04/sub001-ses04-block2-game2_002.npy,sub001,2,3,26,0,Short,2,1.0,2,0.6666666666666666,4,4,0.828774062816616,1,5,5,0,0,0,0
sub001-ses04-block2-game2_002::b0287,test/sub001/ses-04/sub001-ses04-block2-game2_002.npy,sub001,2,4,26,0,Short,3,1.0,3,0.5,5,5,0.8055163043478261,1,1,1,0,0,1,1
sub001-ses04-block2-game2_002::b0288,test/sub001/ses-04/sub001-ses04-block2-game2_002.npy,sub001,2,4,26,0,Short,1,0.3333333333333333,2,0.75,1,1,0.8554193647856922,1,4,1,1,1,0,1
sub001-ses04-block2-game2_002::b0289,test/sub001/ses-04/sub001-ses04-block2-game2_002.npy,sub001,2,3,26,0,Short,2,1.0,3,0.3333333333333333,0,0,0.8870585701981052,1,3,1,0,0,0,1
sub001-ses04-block2-game2_002::b0290,test/sub001/ses-04/sub001-ses04-block2-game2_002.npy,sub001,2,3,26,0,Short,2,1.0,3,0.3333333333333333,0,0,0.8364950316169829,1,1,1,0,0,1,1
sub001-ses04-block2-game2_002::b0291,test/sub001/ses-04/sub001-ses04-block2-game2_002.npy,sub001,2,4,26,0,Short,2,0.6666666666666666,3,0.5,0,5,0.8788277641811076,1,5,5,0,0,0,0
sub001-ses04-block2-game2_002::b0292,test/sub001/ses-04/sub001-ses04-block2-game2_002.npy,sub001,2,4,26,0,Short,3,1.0,3,0.5,5,1,0.8772472088845817,1,2,5,0,1,0,0
sub001-ses04-block2-game2_002::b0293,test/sub001/ses-04/sub001-ses04-block2-game2_002.npy,sub001,2,3,26,0,Short,2,1.0,3,0.3333333333333333,3,1,0.9181920522346054,1,2,2,0,1,0,0
sub001-ses04-block2-game2_002::b0294,test/sub001/ses-04/sub001-ses04-block2-game2_002.npy,sub001,2,14,26,0,Short,9,0.6923076923076923,3,0.42857142857142855,5,3,0.8689268364978214,3,5,1,0,1,0,0
sub001-ses04-block2-game2_002::b0295,test/sub001/ses-04/sub001-ses04-block2-game2_002.npy,sub001,2,3,26,0,Short,2,1.0,3,0.3333333333333333,0,0,0.8682801418439716,1,4,5,0,0,0,0
sub001-ses04-block2-game2_002::b0296,test/sub001/ses-04/sub001-ses04-block2-game2_002.npy,sub001,2,2,26,0,Short,1,1.0,2,0.5,2,1,0.8875,1,5,2,0,1,0,0
sub001-ses04-block2-game2_002::b0297,test/sub001/ses-04/sub001-ses04-block2-game2_002.npy,sub001,2,16,26,0,Short,13,0.8666666666666667,6,0.25,2,2,0.8331840897564018,1,0,2,0,0,0,0
sub001-ses04-block2-game2_002::b0298,test/sub001/ses-04/sub001-ses04-block2-game2_002.npy,sub001,2,8,26,0,Short,5,0.7142857142857143,5,0.5,3,3,0.8325887955643391,3,1,2,1,1,0,0
sub001-ses04-block2-game2_002::b0299,test/sub001/ses-04/sub001-ses04-block2-game2_002.npy,sub001,2,6,26,0,Short,5,1.0,5,0.3333333333333333,2,3,0.9039875256322625,2,2,5,1,0,1,0
sub001-ses04-block2-game2_002::b0300,test/sub001/ses-04/sub001-ses04-block2-game2_002.npy,sub001,2,3,26,0,Short,2,1.0,3,0.3333333333333333,2,0,0.8657252069106173,1,3,2,0,0,0,0
sub001-ses04-block2-game2_002::b0301,test/sub001/ses-04/sub001-ses04-block2-game2_002.npy,sub001,2,2,26,0,Short,1,1.0,2,0.5,4,1,0.8877551020408163,1,3,3,0,1,0,0
sub001-ses04-block2-game2_002::b0302,test/sub001/ses-04/sub001-ses04-block2-game2_002.npy,sub001,2,4,26,0,Short,2,0.6666666666666666,3,0.5,4,1,0.823125,1,1,0,0,1,1,0
sub001-ses04-block2-game2_002::b0303,test/sub001/ses-04/sub001-ses04-block2-game2_002.npy,sub001,2,4,26,0,Short,2,0.6666666666666666,3,0.5,4,0,0.8582803149011686,1,1,5,0,0,1,0
sub001-ses04-block2-game2_002::b0304,test/sub001/ses-04/sub001-ses04-block2-game2_002.npy,sub001,2,4,26,0,Short,3,1.0,4,0.25,0,0,0.83914844021227,1,0,5,0,0,0,0
sub001-ses04-block2-game2_002::b0305,test/sub001/ses-04/sub001-ses04-block2-game2_002.npy,sub001,2,4,26,0,Short,3,1.0,3,0.5,3,5,0.8432025193798449,1,5,5,0,0,0,0
sub001-ses04-block2-game2_002::b0306,test/sub001/ses-04/sub001-ses04-block2-game2_002.npy,sub001,2,14,26,0,Short,12,0.9230769230769231,6,0.2857142857142857,1,0,0.8287570693273215,3,1,0,0,0,0,0
sub001-ses04-block2-game2_002::b0307,test/sub001/ses-04/sub001-ses04-block2-game2_002.npy,sub001,2,7,26,0,Short,4,0.6666666666666666,4,0.5714285714285714,2,0,0.7908265057631166,1,2,2,0,0,0,0
sub001-ses04-block2-game2_002::b0308,test/sub001/ses-04/sub001-ses04-block2-game2_002.npy,sub001,2,22,26,0,Short,17,0.8095238095238095,5,0.4090909090909091,3,3,0.8370949874568644,2,0,1,0,0,0,0
sub001-ses04-block2-game2_002::b0309,test/sub001/ses-04/sub001-ses04-block2-game2_002.npy,sub001,2,5,26,0,Short,2,0.5,3,0.6,3,2,0.8067810238541947,3,0,1,1,0,0,0
sub001-ses04-block2-game2_002::b0310,test/sub001/ses-04/sub001-ses04-block2-game2_002.npy,sub001,2,4,26,0,Short,3,1.0,3,0.5,5,5,0.7906279414599848,2,2,5,0,0,1,0
sub001-ses04-block2-game2_002::b0311,test/sub001/ses-04/sub001-ses04-block2-game2_002.npy,sub001,2,6,26,0,Short,4,0.8,3,0.5,2,5,0.7856922602528522,1,3,5,0,0,0,0
sub001-ses04-block2-game2_002::b0312,test/sub001/ses-04/sub001-ses04-block2-game2_002.npy,sub001,2,6,26,0,Short,4,0.8,3,0.5,4,5,0.877116052552099,3,4,3,0,0,0,1
sub001-ses04-block2-game2_002::b0313,test/sub001/ses-04/sub001-ses04-block2-game2_002.npy,sub001,2,9,26,0,Short,7,0.875,4,0.3333333333333333,0,0,0.851309984916434,1,5,5,0,0,0,0
sub001-ses04-block2-game2_002::b0314,test/sub001/ses-04/sub001-ses04-block2-game2_002.npy,sub001,2,14,26,0,Short,11,0.8461538461538461,5,0.35714285714285715,3,3,0.8305693258895602,2,2,1,0,0,1,0
sub001-ses04-block2-game2_002::b0315,test/sub001/ses-04/sub001-ses04-block2-game2_002.npy,sub001,2,6,26,0,Short,5,1.0,4,0.3333333333333333,3,0,0.8399911816578483,1,5,5,0,0,0,0
sub001-ses04-block2-game2_002::b0316,test/sub001/ses-04/sub001-ses04-block2-game2_002.npy,sub001,2,2,26,0,Short,1,1.0,2,0.5,2,0,0.7653488372093022,1,1,5,0,0,1,0
sub001-ses04-block2-game2_002::b0317,test/sub001/ses-04/sub001-ses04-block2-game2_002.npy,sub001,2,4,26,0,Short,3,1.0,4,0.25,1,1,0.8309289705566301,2,1,1,0,0,0,0
sub001-ses04-block2-game2_002::b0318,test/sub001/ses-04/sub001-ses04-block2-game2_002.npy,sub001,2,16,26,0,Short,11,0.7333333333333333,4,0.3125,5,0,0.8000897390692809,3,0,5,0,0,0,0
sub001-ses04-block2-game2_002::b0319,test/sub001/ses-04/sub001-ses04-block2-game2_002.npy,sub001,2,27,26,1,Long,25,0.9615384615384616,6,0.25925925925925924,0,3,0.8277848628742371,1,2,1,0,0,0,1
sub001-ses04-block2-game2_002::b0320,test/sub001/ses-04/sub001-ses04-block2-game2_002.npy,sub001,2,124,26,1,Long,107,0.8699186991869918,6,0.22580645161290322,5,2,0.8601581889868984,2,3,4,0,1,0,0
sub001-ses04-block2-game2_002::b0321,test/sub001/ses-04/sub001-ses04-block2-game2_002.npy,sub001,2,8,26,0,Short,6,0.8571428571428571,4,0.5,3,1,0.8633474649717051,1,5,1,0,1,0,1
sub001-ses04-block2-game2_002::b0322,test/sub001/ses-04/sub001-ses04-block2-game2_002.npy,sub001,2,6,26,0,Short,3,0.6,3,0.6666666666666666,4,1,0.8157018874283787,2,4,1,0,0,0,0
sub001-ses04-block2-game2_002::b0323,test/sub001/ses-04/sub001-ses04-block2-game2_002.npy,sub001,2,6,26,0,Short,5,1.0,5,0.3333333333333333,3,3,0.8317640053012393,3,4,5,1,1,0,0
sub001-ses04-block2-game2_002::b0324,test/sub001/ses-04/sub001-ses04-block2-game2_002.npy,sub001,2,5,26,0,Short,3,0.75,3,0.6,0,0,0.8639533716662736,2,3,1,0,0,0,0
sub001-ses04-block2-game2_002::b0325,test/sub001/ses-04/sub001-ses04-block2-game2_002.npy,sub001,2,7,26,0,Short,4,0.6666666666666666,5,0.2857142857142857,2,1,0.8738559660682036,3,4,4,0,0,0,0
sub001-ses04-block2-game2_002::b0326,test/sub001/ses-04/sub001-ses04-block2-game2_002.npy,sub001,2,8,26,0,Short,5,0.7142857142857143,5,0.375,5,5,0.8833894472886179,3,5,1,0,0,0,0
sub001-ses04-block2-game2_002::b0327,test/sub001/ses-04/sub001-ses04-block2-game2_002.npy,sub001,2,3,26,0,Short,0,0.0,1,1.0,4,4,0.8423349699945445,1,1,3,0,0,1,0
sub001-ses04-block2-game2_002::b0328,test/sub001/ses-04/sub001-ses04-block2-game2_002.npy,sub001,2,5,26,0,Short,4,1.0,4,0.4,4,2,0.8256455976208226,3,4,0,0,0,0,0
sub001-ses04-block2-game2_002::b0329,test/sub001/ses-04/sub001-ses04-block2-game2_002.npy,sub001,2,4,26,0,Short,2,0.6666666666666666,2,0.75,1,1,0.8144786892152408,2,4,3,0,0,0,0
sub001-ses04-block2-game2_002::b0330,test/sub001/ses-04/sub001-ses04-block2-game2_002.npy,sub001,2,5,26,0,Short,4,1.0,3,0.4,3,0,0.8589033564309776,3,1,1,1,0,0,0
sub001-ses04-block2-game2_002::b0331,test/sub001/ses-04/sub001-ses04-block2-game2_002.npy,sub001,2,2,26,0,Short,1,1.0,2,0.5,0,0,0.8329629629629629,1,4,1,0,0,0,1
sub001-ses04-block2-game2_002::b0332,test/sub001/ses-04/sub001-ses04-block2-game2_002.npy,sub001,2,3,26,0,Short,0,0.0,1,1.0,1,1,0.8422360248447204,1,2,2,1,1,0,0
sub001-ses04-block2-game2_002::b0333,test/sub001/ses-04/sub001-ses04-block2-game2_002.npy,sub001,2,4,26,0,Short,3,1.0,3,0.5,0,2,0.8612837587865335,1,3,3,0,0,0,0
sub001-ses04-block2-game2_002::b0334,test/sub001/ses-04/sub001-ses04-block2-game2_002.npy,sub001,2,4,26,0,Short,2,0.6666666666666666,3,0.5,3,3,0.8531009091670857,1,4,2,0,0,0,0
sub001-ses04-block2-game2_002::b0335,test/sub001/ses-04/sub001-ses04-block2-game2_002.npy,sub001,2,3,26,0,Short,1,0.5,2,0.6666666666666666,3,3,0.8456850688993546,1,3,1,0,0,0,1
sub001-ses04-block2-game2_002::b0336,test/sub001/ses-04/sub001-ses04-block2-game2_002.npy,sub001,2,3,26,0,Short,2,1.0,3,0.3333333333333333,4,1,0.8545556520480533,1,0,1,0,1,0,1
sub001-ses04-block2-game2_002::b0337,test/sub001/ses-04/sub001-ses04-block2-game2_002.npy,sub001,2,3,26,0,Short,2,1.0,3,0.3333333333333333,3,2,0.841292270531401,1,4,4,0,0,0,0
sub001-ses04-block2-game2_002::b0338,test/sub001/ses-04/sub001-ses04-block2-game2_002.npy,sub001,2,2,26,0,Short,1,1.0,2,0.5,1,1,0.8909803921568628,1,0,2,1,1,0,0
sub001-ses04-block2-game2_002::b0339,test/sub001/ses-04/sub001-ses04-block2-game2_002.npy,sub001,2,3,26,0,Short,1,0.5,2,0.6666666666666666,3,3,0.8011764705882353,1,0,0,0,0,0,0
sub001-ses04-block2-game2_002::b0340,test/sub001/ses-04/sub001-ses04-block2-game2_002.npy,sub001,2,3,26,0,Short,1,0.5,2,0.6666666666666666,5,0,0.7977862208713272,1,4,1,0,0,0,1
sub001-ses04-block2-game2_002::b0341,test/sub001/ses-04/sub001-ses04-block2-game2_002.npy,sub001,2,3,26,0,Short,2,1.0,2,0.6666666666666666,4,4,0.7936159079016223,1,0,4,0,0,0,0
sub001-ses04-block2-game2_002::b0342,test/sub001/ses-04/sub001-ses04-block2-game2_002.npy,sub001,2,3,26,0,Short,2,1.0,2,0.6666666666666666,5,5,0.783035483035483,2,4,4,0,0,0,0
sub001-ses04-block2-game2_002::b0343,test/sub001/ses-04/sub001-ses04-block2-game2_002.npy,sub001,2,13,26,0,Short,10,0.8333333333333334,4,0.3076923076923077,3,1,0.8437541391653138,2,5,5,0,0,0,0
sub001-ses04-block2-game2_002::b0344,test/sub001/ses-04/sub001-ses04-block2-game2_002.npy,sub001,2,3,26,0,Short,1,0.5,2,0.6666666666666666,4,0,0.8775133043057571,1,0,1,0,0,0,1
sub001-ses04-block2-game2_002::b0345,test/sub001/ses-04/sub001-ses04-block2-game2_002.npy,sub001,2,2,26,0,Short,1,1.0,2,0.5,2,2,0.8811764705882352,2,2,3,1,1,1,0
sub001-ses04-block2-game2_002::b0346,test/sub001/ses-04/sub001-ses04-block2-game2_002.npy,sub001,2,7,26,0,Short,6,1.0,4,0.2857142857142857,2,2,0.9146947714453557,2,1,1,1,1,0,0
sub001-ses04-block2-game2_002::b0347,test/sub001/ses-04/sub001-ses04-block2-game2_002.npy,sub001,2,15,26,0,Short,14,1.0,6,0.2,5,0,0.8642488435760569,3,1,4,0,0,0,0
sub001-ses04-block2-game2_002::b0348,test/sub001/ses-04/sub001-ses04-block2-game2_002.npy,sub001,2,6,26,0,Short,3,0.6,4,0.5,4,4,0.8635800604546476,2,1,1,0,0,0,0
sub001-ses04-block2-game2_002::b0349,test/sub001/ses-04/sub001-ses04-block2-game2_002.npy,sub001,2,14,26,0,Short,11,0.8461538461538461,6,0.35714285714285715,4,1,0.8732996624750007,2,5,1,0,0,0,0
sub001-ses04-block2-game2_002::b0350,test/sub001/ses-04/sub001-ses04-block2-game2_002.npy,sub001,2,8,26,0,Short,6,0.8571428571428571,5,0.25,0,0,0.8497326659064168,1,5,4,0,0,0,0
sub001-ses04-block2-game2_002::b0351,test/sub001/ses-04/sub001-ses04-block2-game2_002.npy,sub001,2,4,26,0,Short,1,0.3333333333333333,2,0.5,5,2,0.8195956235042261,3,5,3,0,0,0,1
sub001-ses04-block2-game2_002::b0352,test/sub001/ses-04/sub001-ses04-block2-game2_002.npy,sub001,2,16,26,0,Short,10,0.6666666666666666,6,0.375,2,1,0.8265756005536344,1,3,0,0,1,0,0
sub001-ses04-block2-game2_002::b0353,test/sub001/ses-04/sub001-ses04-block2-game2_002.npy,sub001,2,9,26,0,Short,7,0.875,5,0.3333333333333333,4,1,0.8448437962912578,1,4,5,0,1,0,0
sub001-ses04-block2-game2_002::b0354,test/sub001/ses-04/sub001-ses04-block2-game2_002.npy,sub001,2,3,26,0,Short,2,1.0,3,0.3333333333333333,4,1,0.8635947132476179,1,0,0,0,1,0,0
sub001-ses04-block2-game2_002::b0355,test/sub001/ses-04/sub001-ses04-block2-game2_002.npy,sub001,2,2,26,0,Short,1,1.0,2,0.5,2,2,0.8297318927571029,1,3,1,0,0,0,1
sub001-ses04-block2-game2_002::b0356,test/sub001/ses-04/sub001-ses04-block2-game2_002.npy,sub001,2,3,26,0,Short,1,0.5,2,0.6666666666666666,5,5,0.8341293964394269,1,4,2,0,0,0,0
sub001-ses04-block2-game2_002::b0357,test/sub001/ses-04/sub001-ses04-block2-game2_002.npy,sub001,2,3,26,0,Short,1,0.5,2,0.6666666666666666,1,1,0.8404695211417902,1,1,1,1,1,1,1
sub001-ses04-block2-game2_002::b0358,test/sub001/ses-04/sub001-ses04-block2-game2_002.npy,sub001,2,3,26,0,Short,2,1.0,3,0.3333333333333333,0,0,0.8535936113575865,1,4,4,0,0,0,0
sub001-ses04-block2-game2_002::b0359,test/sub001/ses-04/sub001-ses04-block2-game2_002.npy,sub001,2,3,26,0,Short,1,0.5,2,0.6666666666666666,1,1,0.8525641025641026,1,1,5,1,1,1,0
sub001-ses04-block2-game2_002::b0360,test/sub001/ses-04/sub001-ses04-block2-game2_002.npy,sub001,2,1,26,0,Short,0,0.0,1,1.0,1,1,0.9433962264150944,3,0,1,0,0,0,0
sub001-ses04-block2-game2_002::b0361,test/sub001/ses-04/sub001-ses04-block2-game2_002.npy,sub001,2,16,26,0,Short,14,0.9333333333333333,5,0.3125,5,5,0.8424930286673299,2,1,5,0,0,0,0
sub001-ses04-block2-game2_002::b0362,test/sub001/ses-04/sub001-ses04-block2-game2_002.npy,sub001,2,6,26,0,Short,4,0.8,3,0.5,1,1,0.8473957775808989,3,1,0,0,0,0,0
sub001-ses04-block2-game2_002::b0363,test/sub001/ses-04/sub001-ses04-block2-game2_002.npy,sub001,2,8,26,0,Short,6,0.8571428571428571,5,0.375,4,0,0.8642002289675405,2,3,1,0,0,0,0
sub001-ses04-block2-game2_002::b0364,test/sub001/ses-04/sub001-ses04-block2-game2_002.npy,sub001,2,1,26,0,Short,0,0.0,1,1.0,5,5,0.8409090909090909,1,1,5,0,0,1,0
sub001-ses04-block2-game2_002::b0365,test/sub001/ses-04/sub001-ses04-block2-game2_002.npy,sub001,2,1,26,0,Short,0,0.0,1,1.0,4,4,0.8043478260869565,3,4,5,0,0,0,0
sub001-ses04-block2-game2_002::b0366,test/sub001/ses-04/sub001-ses04-block2-game2_002.npy,sub001,2,11,26,0,Short,7,0.7,5,0.36363636363636365,2,2,0.8772516906906239,2,4,2,1,1,0,1
sub001-ses04-block2-game2_002::b0367,test/sub001/ses-04/sub001-ses04-block2-game2_002.npy,sub001,2,13,26,0,Short,11,0.9166666666666666,6,0.3076923076923077,3,1,0.8446816135807805,1,1,1,0,1,1,1
sub001-ses04-block2-game2_002::b0368,test/sub001/ses-04/sub001-ses04-block2-game2_002.npy,sub001,2,2,26,0,Short,1,1.0,2,0.5,1,0,0.9239130434782609,1,0,1,1,0,0,1
sub001-ses04-block2-game2_002::b0369,test/sub001/ses-04/sub001-ses04-block2-game2_002.npy,sub001,2,2,26,0,Short,1,1.0,2,0.5,2,1,0.91,1,0,1,0,1,0,1
sub001-ses04-block2-game2_002::b0370,test/sub001/ses-04/sub001-ses04-block2-game2_002.npy,sub001,2,2,26,0,Short,1,1.0,2,0.5,3,0,0.8076923076923077,1,3,4,0,0,0,0
sub001-ses04-block2-game2_002::b0371,test/sub001/ses-04/sub001-ses04-block2-game2_002.npy,sub001,2,2,26,0,Short,0,0.0,1,1.0,1,1,0.8083240014930944,1,0,4,1,1,0,0
sub001-ses04-block2-game2_002::b0372,test/sub001/ses-04/sub001-ses04-block2-game2_002.npy,sub001,2,4,26,0,Short,3,1.0,4,0.25,1,1,0.8632390918902252,2,4,4,0,0,0,0
sub001-ses04-block2-game2_002::b0373,test/sub001/ses-04/sub001-ses04-block2-game2_002.npy,sub001,2,2,26,0,Short,1,1.0,2,0.5,0,0,0.8350301659125188,1,0,1,0,0,0,1
sub001-ses04-block2-game2_002::b0374,test/sub001/ses-04/sub001-ses04-block2-game2_002.npy,sub001,2,3,26,0,Short,2,1.0,3,0.3333333333333333,3,1,0.8479562037580989,3,3,3,1,0,1,1
sub001-ses04-block2-game2_002::b0375,test/sub001/ses-04/sub001-ses04-block2-game2_002.npy,sub001,2,10,26,0,Short,7,0.7777777777777778,4,0.3,0,0,0.8341609552950905,2,3,5,0,0,0,0
sub001-ses04-block2-game2_002::b0376,test/sub001/ses-04/sub001-ses04-block2-game2_002.npy,sub001,2,3,26,0,Short,2,1.0,3,0.3333333333333333,4,0,0.8386999244142102,3,2,5,0,0,0,0
sub001-ses04-block2-game2_002::b0377,test/sub001/ses-04/sub001-ses04-block2-game2_002.npy,sub001,2,10,26,0,Short,8,0.8888888888888888,6,0.2,2,0,0.8309792159374247,3,1,1,0,0,0,0
sub001-ses04-block2-game2_002::b0378,test/sub001/ses-04/sub001-ses04-block2-game2_002.npy,sub001,2,6,26,0,Short,5,1.0,4,0.5,2,2,0.8557947034390804,2,3,5,1,1,0,0
sub001-ses04-block2-game2_002::b0379,test/sub001/ses-04/sub001-ses04-block2-game2_002.npy,sub001,2,22,26,0,Short,15,0.7142857142857143,6,0.2727272727272727,4,5,0.8553325749500483,2,1,1,0,0,0,0
sub001-ses04-block2-game2_002::b0380,test/sub001/ses-04/sub001-ses04-block2-game2_002.npy,sub001,2,10,26,0,Short,5,0.5555555555555556,3,0.4,1,1,0.8684532462383657,3,1,2,0,0,0,0
sub001-ses04-block2-game2_002::b0381,test/sub001/ses-04/sub001-ses04-block2-game2_002.npy,sub001,2,20,26,0,Short,17,0.8947368421052632,6,0.25,4,1,0.8846738430339759,2,3,5,0,0,0,0
sub001-ses04-block2-game2_002::b0382,test/sub001/ses-04/sub001-ses04-block2-game2_002.npy,sub001,2,13,26,0,Short,12,1.0,6,0.23076923076923078,4,0,0.8716630617273082,2,5,4,0,0,0,0
sub001-ses04-block2-game2_002::b0383,test/sub001/ses-04/sub001-ses04-block2-game2_002.npy,sub001,2,3,26,0,Short,2,1.0,3,0.3333333333333333,2,1,0.8630952380952381,1,1,1,0,1,1,1
sub001-ses04-block2-game2_002::b0384,test/sub001/ses-04/sub001-ses04-block2-game2_002.npy,sub001,2,1,26,0,Short,0,0.0,1,1.0,3,3,0.8723404255319149,1,5,5,0,0,0,0
sub001-ses04-block2-game2_002::b0385,test/sub001/ses-04/sub001-ses04-block2-game2_002.npy,sub001,2,2,26,0,Short,1,1.0,2,0.5,1,1,0.8246376811594203,1,3,2,1,1,0,0
sub001-ses04-block2-game2_002::b0386,test/sub001/ses-04/sub001-ses04-block2-game2_002.npy,sub001,2,2,26,0,Short,0,0.0,1,1.0,1,1,0.8289795918367346,1,4,5,1,1,0,0
sub001-ses04-block2-game2_002::b0387,test/sub001/ses-04/sub001-ses04-block2-game2_002.npy,sub001,2,2,26,0,Short,1,1.0,2,0.5,1,1,0.8545325106786901,1,0,5,1,1,0,0
sub001-ses04-block2-game2_002::b0388,test/sub001/ses-04/sub001-ses04-block2-game2_002.npy,sub001,2,2,26,0,Short,1,1.0,2,0.5,3,3,0.8416149068322981,1,1,5,0,0,1,0
sub001-ses04-block2-game2_002::b0389,test/sub001/ses-04/sub001-ses04-block2-game2_002.npy,sub001,2,4,26,0,Short,2,0.6666666666666666,3,0.5,1,1,0.852073166223011,1,2,2,1,1,0,0
sub001-ses04-block2-game2_002::b0390,test/sub001/ses-04/sub001-ses04-block2-game2_002.npy,sub001,2,4,26,0,Short,3,1.0,4,0.25,4,0,0.809906462585034,1,5,0,0,0,0,0
sub001-ses04-block2-game2_002::b0391,test/sub001/ses-04/sub001-ses04-block2-game2_002.npy,sub001,2,3,26,0,Short,1,0.5,2,0.6666666666666666,1,1,0.9296192112367612,1,1,1,1,1,1,1
sub001-ses04-block2-game2_002::b0392,test/sub001/ses-04/sub001-ses04-block2-game2_002.npy,sub001,2,3,26,0,Short,1,0.5,2,0.6666666666666666,0,0,0.8118112384069831,5,2,1,0,0,0,0
sub001-ses04-block2-game2_002::b0393,test/sub001/ses-04/sub001-ses04-block2-game2_002.npy,sub001,2,2,26,0,Short,1,1.0,2,0.5,5,1,0.8404255319148937,1,1,1,0,1,1,1
sub001-ses04-block2-game2_002::b0394,test/sub001/ses-04/sub001-ses04-block2-game2_002.npy,sub001,2,4,26,0,Short,1,0.3333333333333333,2,0.75,5,1,0.8766985068072024,1,3,3,0,1,0,0
sub001-ses04-block2-game2_002::b0395,test/sub001/ses-04/sub001-ses04-block2-game2_002.npy,sub001,2,2,26,0,Short,1,1.0,2,0.5,4,2,0.8656100738167607,4,3,1,1,0,0,0
sub001-ses04-block2-game2_002::b0396,test/sub001/ses-04/sub001-ses04-block2-game2_002.npy,sub001,2,4,26,0,Short,0,0.0,1,1.0,1,1,0.8375115843438824,1,4,4,1,1,0,0
sub001-ses04-block2-game2_002::b0397,test/sub001/ses-04/sub001-ses04-block2-game2_002.npy,sub001,2,3,26,0,Short,2,1.0,3,0.3333333333333333,0,0,0.8694444444444445,1,5,1,0,0,0,1
sub001-ses04-block2-game2_002::b0398,test/sub001/ses-04/sub001-ses04-block2-game2_002.npy,sub001,2,2,26,0,Short,1,1.0,2,0.5,4,4,0.8774509803921569,1,1,5,0,0,1,0
sub001-ses04-block2-game2_002::b0399,test/sub001/ses-04/sub001-ses04-block2-game2_002.npy,sub001,2,3,26,0,Short,2,1.0,2,0.6666666666666666,1,1,0.8692434988179669,1,2,5,1,1,0,0
sub001-ses04-block2-game2_002::b0400,test/sub001/ses-04/sub001-ses04-block2-game2_002.npy,sub001,2,5,26,0,Short,3,0.75,3,0.6,1,5,0.8313279406808224,1,0,1,1,0,0,1
sub001-ses04-block2-game2_002::b0401,test/sub001/ses-04/sub001-ses04-block2-game2_002.npy,sub001,2,2,26,0,Short,0,0.0,1,1.0,5,5,0.910392798690671,1,1,0,0,0,1,0
sub001-ses04-block2-game2_002::b0402,test/sub001/ses-04/sub001-ses04-block2-game2_002.npy,sub001,2,4,26,0,Short,1,0.3333333333333333,2,0.75,1,5,0.8599244298502091,1,5,5,1,0,0,0
sub001-ses04-block2-game2_002::b0403,test/sub001/ses-04/sub001-ses04-block2-game2_002.npy,sub001,2,3,26,0,Short,2,1.0,3,0.3333333333333333,5,0,0.8521977041574971,1,1,1,0,0,1,1
sub001-ses04-block2-game2_002::b0404,test/sub001/ses-04/sub001-ses04-block2-game2_002.npy,sub001,2,4,26,0,Short,3,1.0,3,0.5,0,0,0.783538583102066,1,0,1,0,0,0,1
sub001-ses04-block2-game2_002::b0405,test/sub001/ses-04/sub001-ses04-block2-game2_002.npy,sub001,2,3,26,0,Short,2,1.0,2,0.6666666666666666,3,3,0.7961833879965239,1,1,2,0,0,1,0
sub001-ses04-block2-game2_002::b0406,test/sub001/ses-04/sub001-ses04-block2-game2_002.npy,sub001,2,3,26,0,Short,2,1.0,3,0.3333333333333333,4,0,0.8287640901771337,3,5,5,0,0,0,0
sub001-ses04-block2-game2_002::b0407,test/sub001/ses-04/sub001-ses04-block2-game2_002.npy,sub001,2,7,26,0,Short,3,0.5,3,0.42857142857142855,5,5,0.8810125905546812,2,1,5,0,0,0,0
sub001-ses04-block2-game2_002::b0408,test/sub001/ses-04/sub001-ses04-block2-game2_002.npy,sub001,2,13,26,0,Short,10,0.8333333333333334,5,0.3076923076923077,1,3,0.8428311615406897,3,0,3,0,1,0,1
sub001-ses04-block2-game2_002::b0409,test/sub001/ses-04/sub001-ses04-block2-game2_002.npy,sub001,2,2,26,0,Short,1,1.0,2,0.5,3,3,0.7294117647058823,1,0,0,0,0,0,0
sub001-ses04-block2-game2_002::b0410,test/sub001/ses-04/sub001-ses04-block2-game2_002.npy,sub001,2,10,26,0,Short,7,0.7777777777777778,5,0.4,0,0,0.8195744680851064,3,3,5,0,0,1,0
sub001-ses04-block2-game2_002::b0411,test/sub001/ses-04/sub001-ses04-block2-game2_002.npy,sub001,2,3,26,0,Short,2,1.0,2,0.6666666666666666,1,1,0.8124507486209613,1,4,1,1,1,0,1
sub001-ses04-block2-game2_002::b0412,test/sub001/ses-04/sub001-ses04-block2-game2_002.npy,sub001,2,2,26,0,Short,1,1.0,2,0.5,2,2,0.7831039392501187,1,4,5,0,0,0,0
sub001-ses04-block2-game2_002::b0413,test/sub001/ses-04/sub001-ses04-block2-game2_002.npy,sub001,2,5,26,0,Short,4,1.0,3,0.4,0,3,0.8542391389061139,2,0,0,0,0,0,0
sub001-ses04-block2-game2_002::b0414,test/sub001/ses-04/sub001-ses04-block2-game2_002.npy,sub001,2,1,26,0,Short,0,0.0,1,1.0,3,3,0.9347826086956522,1,1,1,0,0,1,1
sub001-ses04-block2-game2_002::b0415,test/sub001/ses-04/sub001-ses04-block2-game2_002.npy,sub001,2,4,26,0,Short,3,1.0,4,0.25,5,2,0.8228662959381045,1,2,1,0,0,0,1
sub001-ses04-block2-game2_002::b0416,test/sub001/ses-04/sub001-ses04-block2-game2_002.npy,sub001,2,14,26,0,Short,10,0.7692307692307693,6,0.2857142857142857,0,0,0.8487213935605846,2,2,4,0,0,1,0
sub001-ses04-block2-game2_002::b0417,test/sub001/ses-04/sub001-ses04-block2-game2_002.npy,sub001,2,3,26,0,Short,1,0.5,2,0.6666666666666666,4,4,0.8484085380477611,1,5,1,0,0,0,1
sub001-ses04-block2-game2_002::b0418,test/sub001/ses-04/sub001-ses04-block2-game2_002.npy,sub001,2,19,26,0,Short,15,0.8333333333333334,6,0.3684210526315789,0,4,0.8461621245341415,2,0,3,0,0,0,0
sub001-ses04-block2-game2_002::b0419,test/sub001/ses-04/sub001-ses04-block2-game2_002.npy,sub001,2,2,26,0,Short,1,1.0,2,0.5,4,2,0.8876793666501732,1,2,2,0,0,0,0
sub001-ses04-block2-game2_002::b0420,test/sub001/ses-04/sub001-ses04-block2-game2_002.npy,sub001,2,1,26,0,Short,0,0.0,1,1.0,4,4,0.851063829787234,3,3,1,0,0,1,0
sub001-ses04-block2-game2_002::b0421,test/sub001/ses-04/sub001-ses04-block2-game2_002.npy,sub001,2,19,26,0,Short,17,0.9444444444444444,6,0.21052631578947367,2,2,0.8322026026620059,3,3,1,0,0,1,0
sub001-ses04-block2-game2_002::b0422,test/sub001/ses-04/sub001-ses04-block2-game2_002.npy,sub001,2,3,26,0,Short,2,1.0,3,0.3333333333333333,2,1,0.8209405501330966,1,0,0,0,1,0,0
sub001-ses04-block2-game2_002::b0423,test/sub001/ses-04/sub001-ses04-block2-game2_002.npy,sub001,2,4,26,0,Short,2,0.6666666666666666,3,0.5,5,1,0.8350061019133967,1,3,3,0,1,0,0
sub001-ses04-block2-game2_002::b0424,test/sub001/ses-04/sub001-ses04-block2-game2_002.npy,sub001,2,2,26,0,Short,1,1.0,2,0.5,0,0,0.8489395758303322,1,4,2,0,0,0,0
sub001-ses04-block2-game2_002::b0425,test/sub001/ses-04/sub001-ses04-block2-game2_002.npy,sub001,2,2,26,0,Short,0,0.0,1,1.0,1,1,0.8654336734693877,2,3,5,0,0,0,0
sub001-ses04-block2-game2_002::b0426,test/sub001/ses-04/sub001-ses04-block2-game2_002.npy,sub001,2,2,26,0,Short,1,1.0,2,0.5,1,1,0.8971861471861472,1,4,4,1,1,0,0
sub001-ses04-block2-game2_002::b0427,test/sub001/ses-04/sub001-ses04-block2-game2_002.npy,sub001,2,3,26,0,Short,1,0.5,2,0.6666666666666666,4,1,0.8128555316144924,1,5,2,0,1,0,0
sub001-ses04-block2-game2_002::b0428,test/sub001/ses-04/sub001-ses04-block2-game2_002.npy,sub001,2,4,26,0,Short,2,0.6666666666666666,2,0.75,1,1,0.8524312333629104,1,5,3,1,1,0,0
sub001-ses04-block2-game2_002::b0429,test/sub001/ses-04/sub001-ses04-block2-game2_002.npy,sub001,2,9,26,0,Short,6,0.75,5,0.3333333333333333,1,0,0.815791358400054,3,1,1,0,0,0,0
sub001-ses04-block2-game2_002::b0430,test/sub001/ses-04/sub001-ses04-block2-game2_002.npy,sub001,2,4,26,0,Short,2,0.6666666666666666,2,0.75,3,3,0.8848450316502384,1,1,3,0,0,1,0
sub001-ses04-block2-game2_002::b0431,test/sub001/ses-04/sub001-ses04-block2-game2_002.npy,sub001,2,3,26,0,Short,2,1.0,3,0.3333333333333333,2,1,0.855781306233185,1,1,3,0,1,1,0
sub001-ses04-block2-game2_002::b0432,test/sub001/ses-04/sub001-ses04-block2-game2_002.npy,sub001,2,3,26,0,Short,2,1.0,2,0.6666666666666666,5,5,0.8529618878675483,1,3,3,0,0,0,0
sub001-ses04-block2-game2_002::b0433,test/sub001/ses-04/sub001-ses04-block2-game2_002.npy,sub001,2,1,26,0,Short,0,0.0,1,1.0,5,5,0.9090909090909091,2,1,1,0,0,0,0
sub001-ses04-block2-game2_002::b0434,test/sub001/ses-04/sub001-ses04-block2-game2_002.npy,sub001,2,2,26,0,Short,0,0.0,1,1.0,2,2,0.8297318927571029,1,5,4,0,0,0,0
sub001-ses04-block2-game2_002::b0435,test/sub001/ses-04/sub001-ses04-block2-game2_002.npy,sub001,2,4,26,0,Short,2,0.6666666666666666,3,0.5,0,0,0.8709762721555174,1,5,1,0,0,0,1
sub001-ses04-block2-game2_002::b0436,test/sub001/ses-04/sub001-ses04-block2-game2_002.npy,sub001,2,4,26,0,Short,2,0.6666666666666666,3,0.5,3,0,0.874469787915166,1,5,2,0,0,0,0
sub001-ses04-block2-game2_002::b0437,test/sub001/ses-04/sub001-ses04-block2-game2_002.npy,sub001,2,1,26,0,Short,0,0.0,1,1.0,5,5,0.96,2,2,4,0,0,1,0
sub001-ses04-block2-game2_002::b0438,test/sub001/ses-04/sub001-ses04-block2-game2_002.npy,sub001,2,4,26,0,Short,2,0.6666666666666666,3,0.5,5,5,0.8545887644499791,1,1,4,0,0,1,0
sub001-ses04-block2-game2_002::b0439,test/sub001/ses-04/sub001-ses04-block2-game2_002.npy,sub001,2,2,26,0,Short,1,1.0,2,0.5,4,1,0.7670833333333333,1,4,1,0,1,0,1
sub001-ses04-block2-game2_002::b0440,test/sub001/ses-04/sub001-ses04-block2-game2_002.npy,sub001,2,3,26,0,Short,2,1.0,3,0.3333333333333333,0,0,0.842965322815135,3,5,4,0,0,0,0
sub001-ses04-block2-game2_002::b0441,test/sub001/ses-04/sub001-ses04-block2-game2_002.npy,sub001,2,7,26,0,Short,5,0.8333333333333334,4,0.2857142857142857,4,0,0.878321516465487,1,1,4,0,0,1,0
sub001-ses04-block2-game2_002::b0442,test/sub001/ses-04/sub001-ses04-block2-game2_002.npy,sub001,2,6,26,0,Short,5,1.0,3,0.5,3,3,0.8538669622690565,2,2,1,0,0,1,0
sub001-ses04-block2-game2_002::b0443,test/sub001/ses-04/sub001-ses04-block2-game2_002.npy,sub001,2,1,26,0,Short,0,0.0,1,1.0,0,0,0.8979591836734694,1,5,2,0,0,0,0
sub001-ses04-block2-game2_002::b0444,test/sub001/ses-04/sub001-ses04-block2-game2_002.npy,sub001,2,4,26,0,Short,3,1.0,3,0.5,0,0,0.797895467160037,1,1,4,0,0,1,0
sub001-ses04-block2-game2_002::b0445,test/sub001/ses-04/sub001-ses04-block2-game2_002.npy,sub001,2,2,26,0,Short,1,1.0,2,0.5,2,0,0.846938775510204,1,0,1,0,0,0,1
sub001-ses04-block2-game2_002::b0446,test/sub001/ses-04/sub001-ses04-block2-game2_002.npy,sub001,2,10,26,0,Short,8,0.8888888888888888,5,0.3,3,1,0.8569075673037538,2,2,4,0,0,1,0
sub001-ses04-block2-game2_002::b0447,test/sub001/ses-04/sub001-ses04-block2-game2_002.npy,sub001,2,6,26,0,Short,2,0.4,3,0.3333333333333333,5,1,0.8152389382154799,1,3,1,0,1,0,1
sub001-ses04-block2-game2_002::b0448,test/sub001/ses-04/sub001-ses04-block2-game2_002.npy,sub001,2,3,26,0,Short,1,0.5,2,0.6666666666666666,0,1,0.8416005291005292,1,3,3,0,1,0,0
sub001-ses04-block2-game2_002::b0449,test/sub001/ses-04/sub001-ses04-block2-game2_002.npy,sub001,2,3,26,0,Short,2,1.0,2,0.6666666666666666,3,3,0.8360195141886542,1,3,1,0,0,0,1
sub001-ses04-block2-game2_002::b0450,test/sub001/ses-04/sub001-ses04-block2-game2_002.npy,sub001,2,2,26,0,Short,1,1.0,2,0.5,1,1,0.9411764705882353,1,2,5,1,1,0,0
sub001-ses04-block2-game2_002::b0451,test/sub001/ses-04/sub001-ses04-block2-game2_002.npy,sub001,2,4,26,0,Short,3,1.0,4,0.25,0,0,0.8425023365770521,1,1,0,0,0,1,0
sub001-ses04-block2-game2_002::b0452,test/sub001/ses-04/sub001-ses04-block2-game2_002.npy,sub001,2,9,26,0,Short,8,1.0,4,0.3333333333333333,3,3,0.8502686519840402,2,4,5,0,0,0,0
sub001-ses04-block2-game2_002::b0453,test/sub001/ses-04/sub001-ses04-block2-game2_002.npy,sub001,2,2,26,0,Short,0,0.0,1,1.0,1,1,0.8486997635933806,1,1,5,1,1,1,0
sub001-ses04-block2-game2_002::b0454,test/sub001/ses-04/sub001-ses04-block2-game2_002.npy,sub001,2,6,26,0,Short,4,0.8,4,0.3333333333333333,4,0,0.8448644452108084,2,3,0,0,0,0,0
sub001-ses04-block2-game2_002::b0455,test/sub001/ses-04/sub001-ses04-block2-game2_002.npy,sub001,2,5,26,0,Short,3,0.75,3,0.4,5,3,0.8571617068400839,1,5,2,0,0,0,0
sub001-ses04-block2-game2_002::b0456,test/sub001/ses-04/sub001-ses04-block2-game2_002.npy,sub001,2,14,26,0,Short,11,0.8461538461538461,5,0.35714285714285715,1,3,0.8195417662483415,3,0,5,0,1,0,0
sub001-ses04-block2-game2_002::b0457,test/sub001/ses-04/sub001-ses04-block2-game2_002.npy,sub001,2,8,26,0,Short,6,0.8571428571428571,4,0.5,3,4,0.8474148737410546,1,0,5,0,0,0,0
sub001-ses04-block2-game2_002::b0458,test/sub001/ses-04/sub001-ses04-block2-game2_002.npy,sub001,2,4,26,0,Short,2,0.6666666666666666,3,0.5,5,5,0.8132525083612039,1,0,5,0,0,0,0
sub001-ses04-block2-game2_002::b0459,test/sub001/ses-04/sub001-ses04-block2-game2_002.npy,sub001,2,4,26,0,Short,3,1.0,3,0.5,5,0,0.8577515940653309,1,5,1,0,0,0,1
sub001-ses04-block2-game2_002::b0460,test/sub001/ses-04/sub001-ses04-block2-game2_002.npy,sub001,2,2,26,0,Short,1,1.0,2,0.5,3,2,0.7879591836734694,1,5,0,0,0,0,0
sub001-ses04-block2-game2_002::b0461,test/sub001/ses-04/sub001-ses04-block2-game2_002.npy,sub001,2,3,26,0,Short,2,1.0,3,0.3333333333333333,3,0,0.8348583877995642,1,0,0,0,0,0,0
sub001-ses04-block2-game2_002::b0462,test/sub001/ses-04/sub001-ses04-block2-game2_002.npy,sub001,2,25,26,0,Short,19,0.7916666666666666,6,0.36,0,3,0.8057816150737667,3,5,0,0,1,0,0
sub001-ses04-block2-game2_002::b0463,test/sub001/ses-04/sub001-ses04-block2-game2_002.npy,sub001,2,4,26,0,Short,3,1.0,4,0.25,5,1,0.8458145282613367,2,4,5,0,0,0,0
sub001-ses04-block2-game2_002::b0464,test/sub001/ses-04/sub001-ses04-block2-game2_002.npy,sub001,2,3,26,0,Short,2,1.0,3,0.3333333333333333,4,0,0.8779066022544283,1,1,3,0,0,1,0
sub001-ses04-block2-game2_002::b0465,test/sub001/ses-04/sub001-ses04-block2-game2_002.npy,sub001,2,5,26,0,Short,3,0.75,3,0.6,3,3,0.8050936171688157,1,0,0,0,0,0,0
sub001-ses04-block2-game2_002::b0466,test/sub001/ses-04/sub001-ses04-block2-game2_002.npy,sub001,2,10,26,0,Short,7,0.7777777777777778,4,0.3,2,0,0.8113727771864923,3,5,0,0,0,0,0
sub001-ses04-block2-game2_002::b0467,test/sub001/ses-04/sub001-ses04-block2-game2_002.npy,sub001,2,21,26,0,Short,15,0.75,6,0.23809523809523808,3,2,0.8116960975305137,3,2,5,1,0,0,0
sub001-ses04-block2-game2_002::b0468,test/sub001/ses-04/sub001-ses04-block2-game2_002.npy,sub001,2,24,26,0,Short,18,0.782608695652174,6,0.3333333333333333,4,3,0.8195496217529289,1,5,1,0,0,0,1
sub001-ses04-block2-game2_002::b0469,test/sub001/ses-04/sub001-ses04-block2-game2_002.npy,sub001,2,26,26,1,Long,19,0.76,6,0.23076923076923078,3,3,0.8028394950036508,2,4,0,0,0,0,0
sub001-ses04-block2-game2_002::b0470,test/sub001/ses-04/sub001-ses04-block2-game2_002.npy,sub001,2,8,26,0,Short,5,0.7142857142857143,4,0.375,5,2,0.8196870628958703,2,3,5,0,1,0,0
sub001-ses04-block2-game2_002::b0471,test/sub001/ses-04/sub001-ses04-block2-game2_002.npy,sub001,2,3,26,0,Short,2,1.0,2,0.6666666666666666,5,5,0.8720068906115417,1,2,1,0,0,0,1
sub001-ses04-block2-game2_002::b0472,test/sub001/ses-04/sub001-ses04-block2-game2_002.npy,sub001,2,11,26,0,Short,10,1.0,5,0.36363636363636365,5,5,0.8043773262114502,2,1,1,0,0,0,0
sub001-ses04-block2-game2_002::b0473,test/sub001/ses-04/sub001-ses04-block2-game2_002.npy,sub001,2,8,26,0,Short,6,0.8571428571428571,3,0.375,0,0,0.839705945330766,3,0,1,0,0,0,0
sub001-ses04-block2-game2_002::b0474,test/sub001/ses-04/sub001-ses04-block2-game2_002.npy,sub001,2,5,26,0,Short,4,1.0,3,0.4,2,2,0.7914231027617793,2,3,5,1,1,0,0
sub001-ses04-block2-game2_002::b0475,test/sub001/ses-04/sub001-ses04-block2-game2_002.npy,sub001,2,6,26,0,Short,5,1.0,3,0.3333333333333333,0,0,0.7993862035465379,3,1,0,0,0,0,0
sub001-ses04-block2-game2_002::b0476,test/sub001/ses-04/sub001-ses04-block2-game2_002.npy,sub001,2,75,26,1,Long,65,0.8783783783783784,6,0.21333333333333335,4,0,0.8029426242764962,1,0,1,0,0,0,1
sub001-ses04-block2-game2_002::b0477,test/sub001/ses-04/sub001-ses04-block2-game2_002.npy,sub001,2,10,26,0,Short,8,0.8888888888888888,5,0.3,5,0,0.8290370560870863,2,5,1,0,0,0,0
sub001-ses04-block2-game2_002::b0478,test/sub001/ses-04/sub001-ses04-block2-game2_002.npy,sub001,2,6,26,0,Short,5,1.0,4,0.3333333333333333,3,2,0.8357865120650901,3,1,0,1,0,0,0
sub001-ses04-block2-game2_002::b0479,test/sub001/ses-04/sub001-ses04-block2-game2_002.npy,sub001,2,4,26,0,Short,3,1.0,2,0.5,1,0,0.8443660877471308,1,0,1,1,0,0,1
sub001-ses04-block4-game2_000::b0001,test/sub001/ses-04/sub001-ses04-block4-game2_000.npy,sub001,2,12,26,0,Short,10,0.9090909090909091,6,0.4166666666666667,5,5,0.85248431352598,2,4,5,0,0,0,0
sub001-ses04-block4-game2_000::b0002,test/sub001/ses-04/sub001-ses04-block4-game2_000.npy,sub001,2,13,26,0,Short,10,0.8333333333333334,6,0.3076923076923077,4,3,0.8602671177882786,2,4,5,0,0,0,0
sub001-ses04-block4-game2_000::b0003,test/sub001/ses-04/sub001-ses04-block4-game2_000.npy,sub001,2,19,26,0,Short,15,0.8333333333333334,6,0.42105263157894735,5,5,0.8628660528443153,2,2,0,0,0,1,0
sub001-ses04-block4-game2_000::b0004,test/sub001/ses-04/sub001-ses04-block4-game2_000.npy,sub001,2,17,26,0,Short,12,0.75,6,0.4117647058823529,2,3,0.8426485770085197,2,5,5,1,0,0,0
sub001-ses04-block4-game2_000::b0005,test/sub001/ses-04/sub001-ses04-block4-game2_000.npy,sub001,2,21,26,0,Short,18,0.9,6,0.2857142857142857,2,1,0.84134825825771,1,4,1,0,1,0,1
sub001-ses04-block4-game2_000::b0006,test/sub001/ses-04/sub001-ses04-block4-game2_000.npy,sub001,2,6,26,0,Short,3,0.6,4,0.5,4,2,0.8681942774960834,1,1,1,0,0,1,1
sub001-ses04-block4-game2_000::b0007,test/sub001/ses-04/sub001-ses04-block4-game2_000.npy,sub001,2,3,26,0,Short,2,1.0,3,0.3333333333333333,4,3,0.8847722846316541,1,3,3,0,0,0,0
sub001-ses04-block4-game2_000::b0008,test/sub001/ses-04/sub001-ses04-block4-game2_000.npy,sub001,2,6,26,0,Short,4,0.8,3,0.5,2,2,0.8431300101435778,1,0,5,0,0,0,0
sub001-ses04-block4-game2_000::b0009,test/sub001/ses-04/sub001-ses04-block4-game2_000.npy,sub001,2,26,26,1,Long,22,0.88,6,0.2692307692307692,1,1,0.8506046884894833,3,4,5,0,0,0,0
sub001-ses04-block4-game2_000::b0010,test/sub001/ses-04/sub001-ses04-block4-game2_000.npy,sub001,2,12,26,0,Short,10,0.9090909090909091,6,0.25,1,1,0.8815515115264073,2,2,4,0,0,1,0
sub001-ses04-block4-game2_000::b0011,test/sub001/ses-04/sub001-ses04-block4-game2_000.npy,sub001,2,7,26,0,Short,6,1.0,4,0.2857142857142857,4,2,0.9009964368211482,1,2,3,0,0,0,0
sub001-ses04-block4-game2_000::b0012,test/sub001/ses-04/sub001-ses04-block4-game2_000.npy,sub001,2,3,26,0,Short,2,1.0,3,0.3333333333333333,2,1,0.8241495413909207,1,0,5,0,1,0,0
sub001-ses04-block4-game2_000::b0013,test/sub001/ses-04/sub001-ses04-block4-game2_000.npy,sub001,2,8,26,0,Short,5,0.7142857142857143,4,0.375,5,4,0.839685337356162,1,1,5,0,0,1,0
sub001-ses04-block4-game2_000::b0014,test/sub001/ses-04/sub001-ses04-block4-game2_000.npy,sub001,2,3,26,0,Short,2,1.0,3,0.3333333333333333,5,2,0.8818449749484233,1,2,5,0,0,0,0
sub001-ses04-block4-game2_000::b0015,test/sub001/ses-04/sub001-ses04-block4-game2_000.npy,sub001,2,3,26,0,Short,2,1.0,3,0.3333333333333333,3,0,0.8291503267973855,1,2,1,0,0,0,1
sub001-ses04-block4-game2_000::b0016,test/sub001/ses-04/sub001-ses04-block4-game2_000.npy,sub001,2,2,26,0,Short,1,1.0,2,0.5,2,0,0.8633962264150943,1,4,5,0,0,0,0
sub001-ses04-block4-game2_000::b0017,test/sub001/ses-04/sub001-ses04-block4-game2_000.npy,sub001,2,2,26,0,Short,1,1.0,2,0.5,2,2,0.9166304819800261,1,4,3,0,0,0,0
sub001-ses04-block4-game2_000::b0018,test/sub001/ses-04/sub001-ses04-block4-game2_000.npy,sub001,2,4,26,0,Short,3,1.0,4,0.25,0,0,0.837566844919786,3,2,4,0,0,0,0
sub001-ses04-block4-game2_000::b0019,test/sub001/ses-04/sub001-ses04-block4-game2_000.npy,sub001,2,3,26,0,Short,2,1.0,2,0.6666666666666666,2,2,0.8506456563732105,1,0,5,0,0,0,0
sub001-ses04-block4-game2_000::b0020,test/sub001/ses-04/sub001-ses04-block4-game2_000.npy,sub001,2,3,26,0,Short,0,0.0,1,1.0,3,3,0.855846042120552,1,1,5,0,0,1,0
sub001-ses04-block4-game2_000::b0021,test/sub001/ses-04/sub001-ses04-block4-game2_000.npy,sub001,2,2,26,0,Short,1,1.0,2,0.5,3,3,0.7875816993464052,1,3,3,0,0,0,0
sub001-ses04-block4-game2_000::b0022,test/sub001/ses-04/sub001-ses04-block4-game2_000.npy,sub001,2,3,26,0,Short,2,1.0,3,0.3333333333333333,1,1,0.8428205128205128,1,0,5,1,1,0,0
sub001-ses04-block4-game2_000::b0023,test/sub001/ses-04/sub001-ses04-block4-game2_000.npy,sub001,2,4,26,0,Short,1,0.3333333333333333,2,0.75,5,5,0.8964668174962293,1,1,0,0,0,1,0
sub001-ses04-block4-game2_000::b0024,test/sub001/ses-04/sub001-ses04-block4-game2_000.npy,sub001,2,3,26,0,Short,2,1.0,3,0.3333333333333333,0,0,0.7594373219373219,1,3,3,0,0,0,0
sub001-ses04-block4-game2_000::b0025,test/sub001/ses-04/sub001-ses04-block4-game2_000.npy,sub001,2,4,26,0,Short,2,0.6666666666666666,3,0.5,4,4,0.8441959682307286,1,0,5,0,0,0,0
sub001-ses04-block4-game2_000::b0026,test/sub001/ses-04/sub001-ses04-block4-game2_000.npy,sub001,2,3,26,0,Short,2,1.0,3,0.3333333333333333,5,1,0.8447001989201478,1,0,0,0,1,0,0
sub001-ses04-block4-game2_000::b0027,test/sub001/ses-04/sub001-ses04-block4-game2_000.npy,sub001,2,3,26,0,Short,1,0.5,2,0.6666666666666666,3,2,0.767104290991759,1,2,1,0,0,0,1
sub001-ses04-block4-game2_000::b0028,test/sub001/ses-04/sub001-ses04-block4-game2_000.npy,sub001,2,3,26,0,Short,2,1.0,3,0.3333333333333333,1,0,0.8628663003663003,1,4,0,1,0,0,0
sub001-ses04-block4-game2_000::b0029,test/sub001/ses-04/sub001-ses04-block4-game2_000.npy,sub001,2,4,26,0,Short,3,1.0,4,0.25,2,1,0.83779225692263,1,3,1,0,1,0,1
sub001-ses04-block4-game2_000::b0030,test/sub001/ses-04/sub001-ses04-block4-game2_000.npy,sub001,2,3,26,0,Short,2,1.0,3,0.3333333333333333,3,1,0.8129137702747435,1,1,1,0,1,1,1
sub001-ses04-block4-game2_000::b0031,test/sub001/ses-04/sub001-ses04-block4-game2_000.npy,sub001,2,2,26,0,Short,0,0.0,1,1.0,1,1,0.7902757619738752,1,0,1,1,1,0,1
sub001-ses04-block4-game2_000::b0032,test/sub001/ses-04/sub001-ses04-block4-game2_000.npy,sub001,2,4,26,0,Short,0,0.0,1,1.0,5,5,0.8177494162933047,1,4,2,0,0,0,0
sub001-ses04-block4-game2_000::b0033,test/sub001/ses-04/sub001-ses04-block4-game2_000.npy,sub001,2,3,26,0,Short,1,0.5,2,0.6666666666666666,0,5,0.842135823114084,1,4,2,0,0,0,0
sub001-ses04-block4-game2_000::b0034,test/sub001/ses-04/sub001-ses04-block4-game2_000.npy,sub001,2,72,26,1,Long,60,0.8450704225352113,6,0.2361111111111111,5,4,0.8346397489490045,2,4,4,0,0,0,0
sub001-ses04-block4-game2_000::b0035,test/sub001/ses-04/sub001-ses04-block4-game2_000.npy,sub001,2,10,26,0,Short,8,0.8888888888888888,5,0.3,3,5,0.8484047978165625,2,1,1,0,0,0,0
sub001-ses04-block4-game2_000::b0036,test/sub001/ses-04/sub001-ses04-block4-game2_000.npy,sub001,2,5,26,0,Short,4,1.0,4,0.4,0,0,0.8518907719205261,1,5,5,0,0,0,0
sub001-ses04-block4-game2_000::b0037,test/sub001/ses-04/sub001-ses04-block4-game2_000.npy,sub001,2,29,26,1,Long,24,0.8571428571428571,6,0.3103448275862069,2,3,0.8503757202606264,2,0,2,1,0,0,1
sub001-ses04-block4-game2_000::b0038,test/sub001/ses-04/sub001-ses04-block4-game2_000.npy,sub001,2,17,26,0,Short,15,0.9375,6,0.29411764705882354,0,5,0.8680639468206399,2,4,4,0,0,0,0
sub001-ses04-block4-game2_000::b0039,test/sub001/ses-04/sub001-ses04-block4-game2_000.npy,sub001,2,1,26,0,Short,0,0.0,1,1.0,3,3,0.8367346938775511,1,1,4,0,0,1,0
sub001-ses04-block4-game2_000::b0040,test/sub001/ses-04/sub001-ses04-block4-game2_000.npy,sub001,2,16,26,0,Short,11,0.7333333333333333,6,0.3125,1,3,0.8430239353766439,3,0,4,0,1,0,0
sub001-ses04-block4-game2_000::b0041,test/sub001/ses-04/sub001-ses04-block4-game2_000.npy,sub001,2,28,26,1,Long,23,0.8518518518518519,6,0.35714285714285715,1,1,0.8646406931687632,3,1,1,0,0,0,0
sub001-ses04-block4-game2_000::b0042,test/sub001/ses-04/sub001-ses04-block4-game2_000.npy,sub001,2,10,26,0,Short,7,0.7777777777777778,5,0.3,4,1,0.8400983854637548,1,3,5,0,1,0,0
sub001-ses04-block4-game2_000::b0043,test/sub001/ses-04/sub001-ses04-block4-game2_000.npy,sub001,2,9,26,0,Short,5,0.625,3,0.4444444444444444,2,2,0.8571441712945412,2,3,1,1,1,0,0
sub001-ses04-block4-game2_000::b0044,test/sub001/ses-04/sub001-ses04-block4-game2_000.npy,sub001,2,5,26,0,Short,3,0.75,3,0.6,0,0,0.8186134028079316,1,3,3,0,0,0,0
sub001-ses04-block4-game2_000::b0045,test/sub001/ses-04/sub001-ses04-block4-game2_000.npy,sub001,2,21,26,0,Short,12,0.6,6,0.3333333333333333,1,1,0.8228393302804973,1,3,3,1,1,0,0
sub001-ses04-block4-game2_000::b0046,test/sub001/ses-04/sub001-ses04-block4-game2_000.npy,sub001,2,6,26,0,Short,4,0.8,3,0.5,1,1,0.8347862478324664,1,5,1,1,1,0,1
sub001-ses04-block4-game2_000::b0047,test/sub001/ses-04/sub001-ses04-block4-game2_000.npy,sub001,2,6,26,0,Short,3,0.6,4,0.3333333333333333,0,0,0.8213019599533969,1,2,5,0,0,0,0
sub001-ses04-block4-game2_000::b0048,test/sub001/ses-04/sub001-ses04-block4-game2_000.npy,sub001,2,4,26,0,Short,2,0.6666666666666666,3,0.5,5,1,0.8524506774886713,1,5,1,0,1,0,1
sub001-ses04-block4-game2_000::b0049,test/sub001/ses-04/sub001-ses04-block4-game2_000.npy,sub001,2,2,26,0,Short,1,1.0,2,0.5,1,1,0.8381944444444445,1,2,5,1,1,0,0
sub001-ses04-block4-game2_000::b0050,test/sub001/ses-04/sub001-ses04-block4-game2_000.npy,sub001,2,1,26,0,Short,0,0.0,1,1.0,2,2,0.88,3,1,5,0,0,0,0
sub001-ses04-block4-game2_000::b0051,test/sub001/ses-04/sub001-ses04-block4-game2_000.npy,sub001,2,1,26,0,Short,0,0.0,1,1.0,2,2,0.7735849056603774,1,1,1,0,0,1,1
sub001-ses04-block4-game2_000::b0052,test/sub001/ses-04/sub001-ses04-block4-game2_000.npy,sub001,2,10,26,0,Short,8,0.8888888888888888,4,0.5,5,5,0.8529354419224717,2,4,1,0,0,0,0
sub001-ses04-block4-game2_000::b0053,test/sub001/ses-04/sub001-ses04-block4-game2_000.npy,sub001,2,8,26,0,Short,6,0.8571428571428571,4,0.5,4,1,0.8886672537253604,2,0,5,0,0,0,0
sub001-ses04-block4-game2_000::b0054,test/sub001/ses-04/sub001-ses04-block4-game2_000.npy,sub001,2,30,26,1,Long,25,0.8620689655172413,6,0.3,3,1,0.853057585344699,2,5,5,0,0,0,0
sub001-ses04-block4-game2_000::b0055,test/sub001/ses-04/sub001-ses04-block4-game2_000.npy,sub001,2,11,26,0,Short,9,0.9,6,0.2727272727272727,2,1,0.852958248830671,1,1,4,0,1,1,0
sub001-ses04-block4-game2_000::b0056,test/sub001/ses-04/sub001-ses04-block4-game2_000.npy,sub001,2,4,26,0,Short,3,1.0,3,0.5,0,0,0.8450738628784847,1,0,1,0,0,0,1
sub001-ses04-block4-game2_000::b0057,test/sub001/ses-04/sub001-ses04-block4-game2_000.npy,sub001,2,3,26,0,Short,2,1.0,3,0.3333333333333333,4,1,0.852905982905983,1,3,3,0,1,0,0
sub001-ses04-block4-game2_000::b0058,test/sub001/ses-04/sub001-ses04-block4-game2_000.npy,sub001,2,4,26,0,Short,2,0.6666666666666666,3,0.5,3,3,0.8315602836879432,1,0,1,0,0,0,1
sub001-ses04-block4-game2_000::b0059,test/sub001/ses-04/sub001-ses04-block4-game2_000.npy,sub001,2,3,26,0,Short,2,1.0,3,0.3333333333333333,3,1,0.8485351587443488,1,4,2,0,1,0,0
sub001-ses04-block4-game2_000::b0060,test/sub001/ses-04/sub001-ses04-block4-game2_000.npy,sub001,2,3,26,0,Short,1,0.5,2,0.6666666666666666,5,1,0.8810350806989463,1,3,3,0,1,0,0
sub001-ses04-block4-game2_000::b0061,test/sub001/ses-04/sub001-ses04-block4-game2_000.npy,sub001,2,3,26,0,Short,2,1.0,3,0.3333333333333333,1,1,0.8738624338624339,1,5,5,1,1,0,0
sub001-ses04-block4-game2_000::b0062,test/sub001/ses-04/sub001-ses04-block4-game2_000.npy,sub001,2,3,26,0,Short,2,1.0,2,0.6666666666666666,1,1,0.82557010365521,1,3,5,1,1,0,0
sub001-ses04-block4-game2_000::b0063,test/sub001/ses-04/sub001-ses04-block4-game2_000.npy,sub001,2,3,26,0,Short,2,1.0,2,0.6666666666666666,2,2,0.8893965423615019,1,1,1,0,0,1,1
sub001-ses04-block4-game2_000::b0064,test/sub001/ses-04/sub001-ses04-block4-game2_000.npy,sub001,2,2,26,0,Short,1,1.0,2,0.5,0,0,0.7741666666666667,1,1,2,0,0,1,0
sub001-ses04-block4-game2_000::b0065,test/sub001/ses-04/sub001-ses04-block4-game2_000.npy,sub001,2,3,26,0,Short,2,1.0,3,0.3333333333333333,0,0,0.8390598290598291,1,3,5,0,0,0,0
sub001-ses04-block4-game2_000::b0066,test/sub001/ses-04/sub001-ses04-block4-game2_000.npy,sub001,2,3,26,0,Short,2,1.0,3,0.3333333333333333,3,0,0.7773752012882448,1,4,2,0,0,0,0
sub001-ses04-block4-game2_000::b0067,test/sub001/ses-04/sub001-ses04-block4-game2_000.npy,sub001,2,3,26,0,Short,1,0.5,2,0.6666666666666666,0,5,0.8461192447993691,1,5,0,0,0,0,0
sub001-ses04-block4-game2_000::b0068,test/sub001/ses-04/sub001-ses04-block4-game2_000.npy,sub001,2,1,26,0,Short,0,0.0,1,1.0,3,3,0.8846153846153846,1,5,3,0,0,0,0
sub001-ses04-block4-game2_000::b0069,test/sub001/ses-04/sub001-ses04-block4-game2_000.npy,sub001,2,2,26,0,Short,0,0.0,1,1.0,3,3,0.7523148148148149,1,3,5,0,0,0,0
sub001-ses04-block4-game2_000::b0070,test/sub001/ses-04/sub001-ses04-block4-game2_000.npy,sub001,2,1,26,0,Short,0,0.0,1,1.0,4,4,0.8235294117647058,3,3,5,0,0,1,0
sub001-ses04-block4-game2_000::b0071,test/sub001/ses-04/sub001-ses04-block4-game2_000.npy,sub001,2,23,26,0,Short,20,0.9090909090909091,6,0.2608695652173913,4,5,0.8655325189159255,2,1,5,0,0,0,0
sub001-ses04-block4-game2_000::b0072,test/sub001/ses-04/sub001-ses04-block4-game2_000.npy,sub001,2,9,26,0,Short,7,0.875,5,0.3333333333333333,2,0,0.812372133090245,3,1,1,0,0,0,0
sub001-ses04-block4-game2_000::b0073,test/sub001/ses-04/sub001-ses04-block4-game2_000.npy,sub001,2,13,26,0,Short,11,0.9166666666666666,6,0.3076923076923077,1,1,0.8710605351422251,3,3,5,0,0,1,0
sub001-ses04-block4-game2_000::b0074,test/sub001/ses-04/sub001-ses04-block4-game2_000.npy,sub001,2,6,26,0,Short,5,1.0,5,0.3333333333333333,3,3,0.7958899880805586,2,0,4,0,0,0,0
sub001-ses04-block4-game2_000::b0075,test/sub001/ses-04/sub001-ses04-block4-game2_000.npy,sub001,2,6,26,0,Short,5,1.0,4,0.3333333333333333,1,1,0.8251172104953325,2,1,4,0,0,0,0
sub001-ses04-block4-game2_000::b0076,test/sub001/ses-04/sub001-ses04-block4-game2_000.npy,sub001,2,18,26,0,Short,14,0.8235294117647058,6,0.3333333333333333,2,5,0.8798534988132046,2,1,1,1,0,0,0
sub001-ses04-block4-game2_000::b0077,test/sub001/ses-04/sub001-ses04-block4-game2_000.npy,sub001,2,2,26,0,Short,1,1.0,2,0.5,3,2,0.8796690307328605,1,0,1,0,0,0,1
sub001-ses04-block4-game2_000::b0078,test/sub001/ses-04/sub001-ses04-block4-game2_000.npy,sub001,2,6,26,0,Short,4,0.8,4,0.5,0,4,0.8214863853342754,1,1,4,0,0,1,0
sub001-ses04-block4-game2_000::b0079,test/sub001/ses-04/sub001-ses04-block4-game2_000.npy,sub001,2,6,26,0,Short,5,1.0,5,0.3333333333333333,2,2,0.8760038838230328,1,5,4,0,0,0,0
sub001-ses04-block4-game2_000::b0080,test/sub001/ses-04/sub001-ses04-block4-game2_000.npy,sub001,2,6,26,0,Short,5,1.0,4,0.3333333333333333,2,2,0.8653321256038646,4,3,2,0,0,0,0
sub001-ses04-block4-game2_000::b0081,test/sub001/ses-04/sub001-ses04-block4-game2_000.npy,sub001,2,8,26,0,Short,5,0.7142857142857143,4,0.5,4,5,0.8998201533506426,2,1,2,0,0,0,1
sub001-ses04-block4-game2_000::b0082,test/sub001/ses-04/sub001-ses04-block4-game2_000.npy,sub001,2,5,26,0,Short,3,0.75,4,0.4,0,4,0.8392896423559753,1,1,2,0,0,1,0
sub001-ses04-block4-game2_000::b0083,test/sub001/ses-04/sub001-ses04-block4-game2_000.npy,sub001,2,23,26,0,Short,19,0.8636363636363636,6,0.30434782608695654,0,1,0.8567168379411589,2,3,2,0,0,0,1
sub001-ses04-block4-game2_000::b0084,test/sub001/ses-04/sub001-ses04-block4-game2_000.npy,sub001,2,1,26,0,Short,0,0.0,1,1.0,5,5,0.8125,1,5,1,0,0,0,1
sub001-ses04-block4-game2_000::b0085,test/sub001/ses-04/sub001-ses04-block4-game2_000.npy,sub001,2,3,26,0,Short,2,1.0,3,0.3333333333333333,4,0,0.8397731043636966,1,2,1,0,0,0,1
sub001-ses04-block4-game2_000::b0086,test/sub001/ses-04/sub001-ses04-block4-game2_000.npy,sub001,2,8,26,0,Short,5,0.7142857142857143,5,0.375,5,0,0.855957808655377,1,3,3,0,0,0,0
sub001-ses04-block4-game2_000::b0087,test/sub001/ses-04/sub001-ses04-block4-game2_000.npy,sub001,2,3,26,0,Short,1,0.5,2,0.6666666666666666,0,0,0.8559712391866082,1,1,5,0,0,1,0
sub001-ses04-block4-game2_000::b0088,test/sub001/ses-04/sub001-ses04-block4-game2_000.npy,sub001,2,1,26,0,Short,0,0.0,1,1.0,1,1,0.8979591836734694,1,5,2,1,1,0,0
sub001-ses04-block4-game2_000::b0089,test/sub001/ses-04/sub001-ses04-block4-game2_000.npy,sub001,2,3,26,0,Short,2,1.0,3,0.3333333333333333,4,0,0.8792365255280856,1,5,0,0,0,0,0
sub001-ses04-block4-game2_000::b0090,test/sub001/ses-04/sub001-ses04-block4-game2_000.npy,sub001,2,2,26,0,Short,1,1.0,2,0.5,1,1,0.9027122641509434,1,2,3,1,1,0,0
sub001-ses04-block4-game2_000::b0091,test/sub001/ses-04/sub001-ses04-block4-game2_000.npy,sub001,2,2,26,0,Short,0,0.0,1,1.0,3,3,0.9183673469387755,1,5,1,0,0,0,1
sub001-ses04-block4-game2_000::b0092,test/sub001/ses-04/sub001-ses04-block4-game2_000.npy,sub001,2,2,26,0,Short,1,1.0,2,0.5,1,0,0.8277058279370952,1,1,1,1,0,1,1
sub001-ses04-block4-game2_000::b0093,test/sub001/ses-04/sub001-ses04-block4-game2_000.npy,sub001,2,2,26,0,Short,1,1.0,2,0.5,2,1,0.876051459673429,1,4,5,0,1,0,0
sub001-ses04-block4-game2_000::b0094,test/sub001/ses-04/sub001-ses04-block4-game2_000.npy,sub001,2,3,26,0,Short,2,1.0,2,0.6666666666666666,3,3,0.8137882447665056,1,5,5,0,0,0,0
sub001-ses04-block4-game2_000::b0095,test/sub001/ses-04/sub001-ses04-block4-game2_000.npy,sub001,2,3,26,0,Short,0,0.0,1,1.0,1,1,0.8559975331483195,1,1,2,1,1,1,0
sub001-ses04-block4-game2_000::b0096,test/sub001/ses-04/sub001-ses04-block4-game2_000.npy,sub001,2,4,26,0,Short,2,0.6666666666666666,3,0.5,2,1,0.8458768336196644,1,1,2,0,1,1,0
sub001-ses04-block4-game2_000::b0097,test/sub001/ses-04/sub001-ses04-block4-game2_000.npy,sub001,2,2,26,0,Short,1,1.0,2,0.5,1,1,0.8723404255319149,1,5,5,1,1,0,0
sub001-ses04-block4-game2_000::b0098,test/sub001/ses-04/sub001-ses04-block4-game2_000.npy,sub001,2,3,26,0,Short,2,1.0,3,0.3333333333333333,2,2,0.926241134751773,1,1,5,0,0,1,0
sub001-ses04-block4-game2_000::b0099,test/sub001/ses-04/sub001-ses04-block4-game2_000.npy,sub001,2,2,26,0,Short,1,1.0,2,0.5,5,2,0.8666666666666667,5,3,5,1,0,0,1
sub001-ses04-block4-game2_000::b0100,test/sub001/ses-04/sub001-ses04-block4-game2_000.npy,sub001,2,4,26,0,Short,2,0.6666666666666666,3,0.5,1,1,0.8453478584292538,2,1,5,0,0,0,0
sub001-ses04-block4-game2_000::b0101,test/sub001/ses-04/sub001-ses04-block4-game2_000.npy,sub001,2,2,26,0,Short,1,1.0,2,0.5,0,0,0.8718181818181818,2,5,5,0,0,0,0
sub001-ses04-block4-game2_000::b0102,test/sub001/ses-04/sub001-ses04-block4-game2_000.npy,sub001,2,3,26,0,Short,1,0.5,2,0.6666666666666666,1,3,0.8508812615955473,3,3,1,0,1,1,0
sub001-ses04-block4-game2_000::b0103,test/sub001/ses-04/sub001-ses04-block4-game2_000.npy,sub001,2,3,26,0,Short,1,0.5,2,0.6666666666666666,1,1,0.8693592685301071,2,0,5,0,0,0,0
sub001-ses04-block4-game2_000::b0104,test/sub001/ses-04/sub001-ses04-block4-game2_000.npy,sub001,2,9,26,0,Short,6,0.75,5,0.4444444444444444,1,5,0.8402923036110352,2,2,2,0,0,1,1
sub001-ses04-block4-game2_000::b0105,test/sub001/ses-04/sub001-ses04-block4-game2_000.npy,sub001,2,4,26,0,Short,2,0.6666666666666666,2,0.75,5,5,0.8663247863247863,1,0,5,0,0,0,0
sub001-ses04-block4-game2_000::b0106,test/sub001/ses-04/sub001-ses04-block4-game2_000.npy,sub001,2,2,26,0,Short,1,1.0,2,0.5,2,0,0.8390379278445883,1,3,4,0,0,0,0
sub001-ses04-block4-game2_000::b0107,test/sub001/ses-04/sub001-ses04-block4-game2_000.npy,sub001,2,2,26,0,Short,1,1.0,2,0.5,1,1,0.8279598308668076,1,3,5,1,1,0,0
sub001-ses04-block4-game2_000::b0108,test/sub001/ses-04/sub001-ses04-block4-game2_000.npy,sub001,2,2,26,0,Short,1,1.0,2,0.5,0,0,0.9196428571428572,1,3,1,0,0,0,1
sub001-ses04-block4-game2_000::b0109,test/sub001/ses-04/sub001-ses04-block4-game2_000.npy,sub001,2,3,26,0,Short,2,1.0,3,0.3333333333333333,3,3,0.8523148148148149,1,1,5,0,0,1,0
sub001-ses04-block4-game2_000::b0110,test/sub001/ses-04/sub001-ses04-block4-game2_000.npy,sub001,2,3,26,0,Short,2,1.0,3,0.3333333333333333,5,1,0.8686993970714901,1,1,3,0,1,1,0
sub001-ses04-block4-game2_000::b0111,test/sub001/ses-04/sub001-ses04-block4-game2_000.npy,sub001,2,2,26,0,Short,1,1.0,2,0.5,5,2,0.9114157119476269,1,4,5,0,0,0,0
sub001-ses04-block4-game2_000::b0112,test/sub001/ses-04/sub001-ses04-block4-game2_000.npy,sub001,2,3,26,0,Short,2,1.0,3,0.3333333333333333,5,0,0.8228061224489797,1,3,3,0,0,0,0
sub001-ses04-block4-game2_000::b0113,test/sub001/ses-04/sub001-ses04-block4-game2_000.npy,sub001,2,3,26,0,Short,2,1.0,3,0.3333333333333333,0,0,0.7942028985507247,1,5,5,0,0,0,0
sub001-ses04-block4-game2_000::b0114,test/sub001/ses-04/sub001-ses04-block4-game2_000.npy,sub001,2,5,26,0,Short,4,1.0,4,0.4,5,0,0.8625908334348231,1,3,1,0,0,0,1
sub001-ses04-block4-game2_000::b0115,test/sub001/ses-04/sub001-ses04-block4-game2_000.npy,sub001,2,10,26,0,Short,8,0.8888888888888888,6,0.3,1,5,0.8584538589130043,1,4,5,1,0,0,0
sub001-ses04-block4-game2_000::b0116,test/sub001/ses-04/sub001-ses04-block4-game2_000.npy,sub001,2,11,26,0,Short,9,0.9,6,0.2727272727272727,4,1,0.8685286705717523,2,5,1,0,0,0,0
sub001-ses04-block4-game2_000::b0117,test/sub001/ses-04/sub001-ses04-block4-game2_000.npy,sub001,2,6,26,0,Short,4,0.8,4,0.3333333333333333,2,1,0.8428263978160949,1,5,1,0,1,0,1
sub001-ses04-block4-game2_000::b0118,test/sub001/ses-04/sub001-ses04-block4-game2_000.npy,sub001,2,5,26,0,Short,4,1.0,4,0.4,2,2,0.846409226780444,1,5,5,0,0,0,0
sub001-ses04-block4-game2_000::b0119,test/sub001/ses-04/sub001-ses04-block4-game2_000.npy,sub001,2,1,26,0,Short,0,0.0,1,1.0,0,0,0.7954545454545454,3,0,3,0,0,0,1
sub001-ses04-block4-game2_000::b0120,test/sub001/ses-04/sub001-ses04-block4-game2_000.npy,sub001,2,2,26,0,Short,1,1.0,2,0.5,1,1,0.8518181818181818,1,0,2,1,1,0,0
sub001-ses04-block4-game2_000::b0121,test/sub001/ses-04/sub001-ses04-block4-game2_000.npy,sub001,2,1,26,0,Short,0,0.0,1,1.0,0,0,0.7843137254901961,3,5,1,0,0,0,0
sub001-ses04-block4-game2_000::b0122,test/sub001/ses-04/sub001-ses04-block4-game2_000.npy,sub001,2,6,26,0,Short,3,0.6,4,0.3333333333333333,1,1,0.8265364696603279,1,3,2,1,1,0,0
sub001-ses04-block4-game2_000::b0123,test/sub001/ses-04/sub001-ses04-block4-game2_000.npy,sub001,2,14,26,0,Short,11,0.8461538461538461,5,0.42857142857142855,4,4,0.8435005716608399,3,5,0,0,0,0,0
sub001-ses04-block4-game2_000::b0124,test/sub001/ses-04/sub001-ses04-block4-game2_000.npy,sub001,2,8,26,0,Short,6,0.8571428571428571,5,0.25,2,1,0.8380763316602187,3,1,1,0,0,0,0
sub001-ses04-block4-game2_000::b0125,test/sub001/ses-04/sub001-ses04-block4-game2_000.npy,sub001,2,8,26,0,Short,6,0.8571428571428571,5,0.375,3,0,0.8385338382718042,1,1,3,0,0,1,0
sub001-ses04-block4-game2_000::b0126,test/sub001/ses-04/sub001-ses04-block4-game2_000.npy,sub001,2,2,26,0,Short,0,0.0,1,1.0,2,2,0.8536821705426356,1,3,5,0,0,0,0
sub001-ses04-block4-game2_000::b0127,test/sub001/ses-04/sub001-ses04-block4-game2_000.npy,sub001,2,3,26,0,Short,2,1.0,3,0.3333333333333333,5,1,0.8662439613526569,1,2,2,0,1,0,0
sub001-ses04-block4-game2_000::b0128,test/sub001/ses-04/sub001-ses04-block4-game2_000.npy,sub001,2,3,26,0,Short,1,0.5,2,0.6666666666666666,5,1,0.8282061799289036,1,0,1,0,1,0,1
sub001-ses04-block4-game2_000::b0129,test/sub001/ses-04/sub001-ses04-block4-game2_000.npy,sub001,2,2,26,0,Short,0,0.0,1,1.0,1,1,0.8907801418439716,1,1,1,1,1,1,1
sub001-ses04-block4-game2_000::b0130,test/sub001/ses-04/sub001-ses04-block4-game2_000.npy,sub001,2,2,26,0,Short,1,1.0,2,0.5,4,1,0.8125,1,2,5,0,1,0,0
sub001-ses04-block4-game2_000::b0131,test/sub001/ses-04/sub001-ses04-block4-game2_000.npy,sub001,2,13,26,0,Short,10,0.8333333333333334,5,0.38461538461538464,3,1,0.8305639863894265,3,0,3,1,0,0,1
sub001-ses04-block4-game2_000::b0132,test/sub001/ses-04/sub001-ses04-block4-game2_000.npy,sub001,2,10,26,0,Short,8,0.8888888888888888,4,0.3,4,1,0.8462660237671071,1,0,0,0,1,0,0
sub001-ses04-block4-game2_000::b0133,test/sub001/ses-04/sub001-ses04-block4-game2_000.npy,sub001,2,4,26,0,Short,3,1.0,4,0.25,4,0,0.8471199896449065,1,3,3,0,0,0,0
sub001-ses04-block4-game2_000::b0134,test/sub001/ses-04/sub001-ses04-block4-game2_000.npy,sub001,2,4,26,0,Short,1,0.3333333333333333,2,0.75,5,1,0.8456132075471698,1,2,1,0,1,0,1
sub001-ses04-block4-game2_000::b0135,test/sub001/ses-04/sub001-ses04-block4-game2_000.npy,sub001,2,3,26,0,Short,1,0.5,2,0.6666666666666666,5,5,0.8770370370370371,1,2,2,0,0,0,0
sub001-ses04-block4-game2_000::b0136,test/sub001/ses-04/sub001-ses04-block4-game2_000.npy,sub001,2,2,26,0,Short,1,1.0,2,0.5,3,3,0.8685714285714285,1,4,0,0,0,0,0
sub001-ses04-block4-game2_000::b0137,test/sub001/ses-04/sub001-ses04-block4-game2_000.npy,sub001,2,3,26,0,Short,2,1.0,3,0.3333333333333333,3,1,0.8966422842038101,1,5,5,0,1,0,0
sub001-ses04-block4-game2_000::b0138,test/sub001/ses-04/sub001-ses04-block4-game2_000.npy,sub001,2,2,26,0,Short,0,0.0,1,1.0,1,1,0.8945035460992907,1,3,1,1,1,0,1
sub001-ses04-block4-game2_000::b0139,test/sub001/ses-04/sub001-ses04-block4-game2_000.npy,sub001,2,2,26,0,Short,1,1.0,2,0.5,1,1,0.8310185185185185,1,5,4,1,1,0,0
sub001-ses04-block4-game2_000::b0140,test/sub001/ses-04/sub001-ses04-block4-game2_000.npy,sub001,2,3,26,0,Short,2,1.0,2,0.6666666666666666,3,3,0.8461161102234183,1,3,4,0,0,0,0
sub001-ses04-block4-game2_000::b0141,test/sub001/ses-04/sub001-ses04-block4-game2_000.npy,sub001,2,1,26,0,Short,0,0.0,1,1.0,0,0,0.7592592592592593,3,5,4,0,0,0,0
sub001-ses04-block4-game2_000::b0142,test/sub001/ses-04/sub001-ses04-block4-game2_000.npy,sub001,2,3,26,0,Short,1,0.5,2,0.6666666666666666,0,0,0.8525648643295701,1,3,0,0,0,0,0
sub001-ses04-block4-game2_000::b0143,test/sub001/ses-04/sub001-ses04-block4-game2_000.npy,sub001,2,3,26,0,Short,2,1.0,3,0.3333333333333333,0,0,0.8675550220088035,1,3,3,0,0,0,0
sub001-ses04-block4-game2_000::b0144,test/sub001/ses-04/sub001-ses04-block4-game2_000.npy,sub001,2,12,26,0,Short,10,0.9090909090909091,6,0.3333333333333333,3,3,0.8575922437491587,2,2,4,0,0,1,0
sub001-ses04-block4-game2_000::b0145,test/sub001/ses-04/sub001-ses04-block4-game2_000.npy,sub001,2,5,26,0,Short,3,0.75,4,0.4,0,4,0.8457827913774205,2,3,1,0,0,0,0
sub001-ses04-block4-game2_000::b0146,test/sub001/ses-04/sub001-ses04-block4-game2_000.npy,sub001,2,8,26,0,Short,6,0.8571428571428571,4,0.375,4,4,0.7850669901111939,1,4,3,0,0,0,0
sub001-ses04-block4-game2_000::b0147,test/sub001/ses-04/sub001-ses04-block4-game2_000.npy,sub001,2,133,26,1,Long,107,0.8106060606060606,6,0.2556390977443609,4,3,0.8116766523138507,2,1,0,0,0,0,0
sub001-ses04-block4-game2_000::b0148,test/sub001/ses-04/sub001-ses04-block4-game2_000.npy,sub001,2,3,26,0,Short,1,0.5,2,0.6666666666666666,3,5,0.8579060303366631,1,5,0,0,0,0,0
sub001-ses04-block4-game2_000::b0149,test/sub001/ses-04/sub001-ses04-block4-game2_000.npy,sub001,2,7,26,0,Short,5,0.8333333333333334,3,0.5714285714285714,5,5,0.8478835669763877,2,2,1,0,0,1,0
sub001-ses04-block4-game2_000::b0150,test/sub001/ses-04/sub001-ses04-block4-game2_000.npy,sub001,2,8,26,0,Short,6,0.8571428571428571,5,0.375,3,3,0.8470582567593437,2,2,1,0,0,1,0
sub001-ses04-block4-game2_000::b0151,test/sub001/ses-04/sub001-ses04-block4-game2_000.npy,sub001,2,8,26,0,Short,7,1.0,4,0.375,1,1,0.829546869721819,2,5,1,0,0,0,0
sub001-ses04-block4-game2_000::b0152,test/sub001/ses-04/sub001-ses04-block4-game2_000.npy,sub001,2,8,26,0,Short,7,1.0,6,0.375,2,2,0.8483178119457748,1,4,3,0,0,0,0
sub001-ses04-block4-game2_000::b0153,test/sub001/ses-04/sub001-ses04-block4-game2_000.npy,sub001,2,7,26,0,Short,4,0.6666666666666666,4,0.42857142857142855,0,0,0.8188764050094431,2,1,1,0,0,0,0
sub001-ses04-block4-game2_000::b0154,test/sub001/ses-04/sub001-ses04-block4-game2_000.npy,sub001,2,2,26,0,Short,1,1.0,2,0.5,0,0,0.753930817610063,1,0,3,0,0,0,0
sub001-ses04-block4-game2_000::b0155,test/sub001/ses-04/sub001-ses04-block4-game2_000.npy,sub001,2,2,26,0,Short,1,1.0,2,0.5,2,2,0.9199679871948779,1,3,1,0,0,0,1
sub001-ses04-block4-game2_000::b0156,test/sub001/ses-04/sub001-ses04-block4-game2_000.npy,sub001,2,3,26,0,Short,1,0.5,2,0.6666666666666666,1,2,0.8628117913832201,1,3,2,1,0,0,0
sub001-ses04-block4-game2_000::b0157,test/sub001/ses-04/sub001-ses04-block4-game2_000.npy,sub001,2,2,26,0,Short,1,1.0,2,0.5,0,0,0.9128745837957825,1,5,2,0,0,0,0
sub001-ses04-block4-game2_000::b0158,test/sub001/ses-04/sub001-ses04-block4-game2_000.npy,sub001,2,2,26,0,Short,0,0.0,1,1.0,5,5,0.8934766214177978,1,0,2,0,0,0,0
sub001-ses04-block4-game2_000::b0159,test/sub001/ses-04/sub001-ses04-block4-game2_000.npy,sub001,2,3,26,0,Short,1,0.5,2,0.6666666666666666,3,3,0.8261965811965811,1,0,5,0,0,0,0
sub001-ses04-block4-game2_000::b0160,test/sub001/ses-04/sub001-ses04-block4-game2_000.npy,sub001,2,6,26,0,Short,5,1.0,4,0.3333333333333333,3,1,0.8779638164337368,1,3,3,0,1,0,0
sub001-ses04-block4-game2_000::b0161,test/sub001/ses-04/sub001-ses04-block4-game2_000.npy,sub001,2,5,26,0,Short,4,1.0,3,0.4,5,3,0.8413335187502897,1,5,0,0,0,0,0
sub001-ses04-block4-game2_000::b0162,test/sub001/ses-04/sub001-ses04-block4-game2_000.npy,sub001,2,26,26,1,Long,20,0.8,6,0.23076923076923078,4,0,0.8431539674358943,3,0,1,0,0,0,0
sub001-ses04-block4-game2_000::b0163,test/sub001/ses-04/sub001-ses04-block4-game2_000.npy,sub001,2,8,26,0,Short,5,0.7142857142857143,3,0.375,2,0,0.8267414619966917,2,1,1,1,0,0,0
sub001-ses04-block4-game2_000::b0164,test/sub001/ses-04/sub001-ses04-block4-game2_000.npy,sub001,2,6,26,0,Short,4,0.8,3,0.6666666666666666,2,2,0.8376771766951244,2,3,2,1,1,0,1
sub001-ses04-block4-game2_000::b0165,test/sub001/ses-04/sub001-ses04-block4-game2_000.npy,sub001,2,8,26,0,Short,7,1.0,5,0.25,3,1,0.8207264180726253,1,0,0,0,1,0,0
sub001-ses04-block4-game2_000::b0166,test/sub001/ses-04/sub001-ses04-block4-game2_000.npy,sub001,2,6,26,0,Short,4,0.8,5,0.3333333333333333,1,1,0.8428699171480328,1,2,2,1,1,0,0
sub001-ses04-block4-game2_000::b0167,test/sub001/ses-04/sub001-ses04-block4-game2_000.npy,sub001,2,3,26,0,Short,2,1.0,3,0.3333333333333333,3,2,0.9142512077294686,1,5,0,0,0,0,0
sub001-ses04-block4-game2_000::b0168,test/sub001/ses-04/sub001-ses04-block4-game2_000.npy,sub001,2,3,26,0,Short,1,0.5,2,0.6666666666666666,0,0,0.834147488782747,1,1,1,0,0,1,1
sub001-ses04-block4-game2_000::b0169,test/sub001/ses-04/sub001-ses04-block4-game2_000.npy,sub001,2,3,26,0,Short,2,1.0,3,0.3333333333333333,1,1,0.8676825802784882,1,4,4,1,1,0,0
sub001-ses04-block4-game2_000::b0170,test/sub001/ses-04/sub001-ses04-block4-game2_000.npy,sub001,2,5,26,0,Short,4,1.0,4,0.4,1,4,0.8069164133738601,1,4,3,1,0,0,0
sub001-ses04-block4-game2_000::b0171,test/sub001/ses-04/sub001-ses04-block4-game2_000.npy,sub001,2,2,26,0,Short,1,1.0,2,0.5,1,1,0.85625,2,1,2,0,0,0,1
sub001-ses04-block4-game2_000::b0172,test/sub001/ses-04/sub001-ses04-block4-game2_000.npy,sub001,2,21,26,0,Short,18,0.9,6,0.19047619047619047,4,0,0.8568271610784767,2,3,1,0,0,0,0
sub001-ses04-block4-game2_000::b0173,test/sub001/ses-04/sub001-ses04-block4-game2_000.npy,sub001,2,2,26,0,Short,1,1.0,2,0.5,5,3,0.8694852941176471,1,2,2,0,0,0,0
sub001-ses04-block4-game2_000::b0174,test/sub001/ses-04/sub001-ses04-block4-game2_000.npy,sub001,2,18,26,0,Short,13,0.7647058823529411,6,0.2777777777777778,5,5,0.8770423964070719,2,4,3,0,0,0,0
sub001-ses04-block4-game2_000::b0175,test/sub001/ses-04/sub001-ses04-block4-game2_000.npy,sub001,2,22,26,0,Short,17,0.8095238095238095,5,0.2727272727272727,2,5,0.8520136827223478,3,1,2,0,0,0,0
sub001-ses04-block4-game2_000::b0176,test/sub001/ses-04/sub001-ses04-block4-game2_000.npy,sub001,2,3,26,0,Short,1,0.5,2,0.6666666666666666,3,5,0.8633979377914688,1,5,5,0,0,0,0
sub001-ses04-block4-game2_000::b0177,test/sub001/ses-04/sub001-ses04-block4-game2_000.npy,sub001,2,2,26,0,Short,0,0.0,1,1.0,5,5,0.8541666666666667,1,3,0,0,0,0,0
sub001-ses04-block4-game2_000::b0178,test/sub001/ses-04/sub001-ses04-block4-game2_000.npy,sub001,2,40,26,1,Long,31,0.7948717948717948,6,0.3,4,5,0.8290697510202112,2,5,5,0,0,0,0
sub001-ses04-block4-game2_000::b0179,test/sub001/ses-04/sub001-ses04-block4-game2_000.npy,sub001,2,124,26,1,Long,103,0.8373983739837398,6,0.28225806451612906,2,5,0.8392981083695595,1,0,1,0,0,0,1
sub001-ses04-block4-game2_000::b0180,test/sub001/ses-04/sub001-ses04-block4-game2_000.npy,sub001,2,17,26,0,Short,11,0.6875,5,0.35294117647058826,5,3,0.8450322350656803,1,1,5,0,0,1,0
sub001-ses04-block4-game2_000::b0181,test/sub001/ses-04/sub001-ses04-block4-game2_000.npy,sub001,2,3,26,0,Short,0,0.0,1,1.0,5,5,0.8324183006535947,1,3,1,0,0,0,1
sub001-ses04-block4-game2_000::b0182,test/sub001/ses-04/sub001-ses04-block4-game2_000.npy,sub001,2,4,26,0,Short,3,1.0,2,0.5,3,2,0.857183257918552,1,5,5,0,0,0,0
sub001-ses04-block4-game2_000::b0183,test/sub001/ses-04/sub001-ses04-block4-game2_000.npy,sub001,2,3,26,0,Short,1,0.5,2,0.6666666666666666,5,5,0.8288737717309146,1,3,4,0,0,0,0
sub001-ses04-block4-game2_000::b0184,test/sub001/ses-04/sub001-ses04-block4-game2_000.npy,sub001,2,2,26,0,Short,1,1.0,2,0.5,1,0,0.8623150105708246,1,0,3,1,0,0,0
sub001-ses04-block4-game2_000::b0185,test/sub001/ses-04/sub001-ses04-block4-game2_000.npy,sub001,2,3,26,0,Short,2,1.0,3,0.3333333333333333,3,1,0.8483124650826515,1,5,1,0,1,0,1
sub001-ses04-block4-game2_000::b0186,test/sub001/ses-04/sub001-ses04-block4-game2_000.npy,sub001,2,5,26,0,Short,4,1.0,5,0.2,5,0,0.8322776671360332,3,0,2,0,0,0,0
sub001-ses04-block4-game2_000::b0187,test/sub001/ses-04/sub001-ses04-block4-game2_000.npy,sub001,2,9,26,0,Short,7,0.875,4,0.3333333333333333,2,2,0.830124965908519,1,3,2,0,0,0,0
sub001-ses04-block4-game2_000::b0188,test/sub001/ses-04/sub001-ses04-block4-game2_000.npy,sub001,2,14,26,0,Short,10,0.7692307692307693,5,0.5,5,5,0.8528635045785279,3,1,1,0,0,0,0
sub001-ses04-block4-game2_000::b0189,test/sub001/ses-04/sub001-ses04-block4-game2_000.npy,sub001,2,14,26,0,Short,11,0.8461538461538461,6,0.21428571428571427,2,0,0.8280413115410709,1,4,3,0,0,0,0
sub001-ses04-block4-game2_000::b0190,test/sub001/ses-04/sub001-ses04-block4-game2_000.npy,sub001,2,4,26,0,Short,2,0.6666666666666666,3,0.5,3,3,0.8391121675943104,1,1,0,0,0,1,0
sub001-ses04-block4-game2_000::b0191,test/sub001/ses-04/sub001-ses04-block4-game2_000.npy,sub001,2,26,26,1,Long,20,0.8,6,0.3076923076923077,2,2,0.8239668036968392,2,0,0,1,1,0,0
sub001-ses04-block4-game2_000::b0192,test/sub001/ses-04/sub001-ses04-block4-game2_000.npy,sub001,2,3,26,0,Short,2,1.0,3,0.3333333333333333,0,0,0.7612755461592671,1,1,0,0,0,1,0
sub001-ses04-block4-game2_000::b0193,test/sub001/ses-04/sub001-ses04-block4-game2_000.npy,sub001,2,3,26,0,Short,1,0.5,2,0.6666666666666666,5,5,0.7663048198002604,5,3,3,1,1,0,0
sub001-ses04-block4-game2_000::b0194,test/sub001/ses-04/sub001-ses04-block4-game2_000.npy,sub001,2,4,26,0,Short,3,1.0,3,0.5,3,3,0.8350694444444444,1,4,0,0,0,0,0
sub001-ses04-block4-game2_000::b0195,test/sub001/ses-04/sub001-ses04-block4-game2_000.npy,sub001,2,6,26,0,Short,5,1.0,5,0.3333333333333333,5,5,0.7976574977817213,2,5,5,0,0,0,0
sub001-ses04-block4-game2_000::b0196,test/sub001/ses-04/sub001-ses04-block4-game2_000.npy,sub001,2,26,26,1,Long,24,0.96,6,0.23076923076923078,0,0,0.82560451515053,3,5,5,0,0,0,0
sub001-ses04-block4-game2_000::b0197,test/sub001/ses-04/sub001-ses04-block4-game2_000.npy,sub001,2,4,26,0,Short,3,1.0,3,0.5,1,1,0.8085234864837085,2,3,3,0,0,0,0
sub001-ses04-block4-game2_000::b0198,test/sub001/ses-04/sub001-ses04-block4-game2_000.npy,sub001,2,7,26,0,Short,4,0.6666666666666666,3,0.42857142857142855,3,3,0.8205671162783043,3,2,5,1,1,0,0
sub001-ses04-block4-game2_000::b0199,test/sub001/ses-04/sub001-ses04-block4-game2_000.npy,sub001,2,44,26,1,Long,38,0.8837209302325582,6,0.25,0,0,0.8162081414287529,3,5,0,0,0,0,0
sub001-ses04-block4-game2_000::b0200,test/sub001/ses-04/sub001-ses04-block4-game2_000.npy,sub001,2,5,26,0,Short,4,1.0,4,0.4,1,1,0.8396484736355226,2,2,5,0,0,1,0
sub001-ses04-block4-game2_000::b0201,test/sub001/ses-04/sub001-ses04-block4-game2_000.npy,sub001,2,4,26,0,Short,3,1.0,3,0.5,0,0,0.8198412698412698,1,2,3,0,0,0,0
sub001-ses04-block4-game2_000::b0202,test/sub001/ses-04/sub001-ses04-block4-game2_000.npy,sub001,2,45,26,1,Long,34,0.7727272727272727,6,0.3111111111111111,0,3,0.79847619821768,2,1,0,0,0,0,0
sub001-ses04-block4-game2_000::b0203,test/sub001/ses-04/sub001-ses04-block4-game2_000.npy,sub001,2,11,26,0,Short,9,0.9,4,0.36363636363636365,1,3,0.8177826869273536,3,3,1,0,1,1,0
sub001-ses04-block4-game2_000::b0204,test/sub001/ses-04/sub001-ses04-block4-game2_000.npy,sub001,2,10,26,0,Short,8,0.8888888888888888,5,0.4,5,0,0.7991312210807096,2,3,5,0,0,0,0
sub001-ses04-block4-game2_000::b0205,test/sub001/ses-04/sub001-ses04-block4-game2_000.npy,sub001,2,26,26,1,Long,20,0.8,6,0.3076923076923077,2,2,0.8114678167493131,1,5,0,0,0,0,0
sub001-ses04-block4-game2_000::b0206,test/sub001/ses-04/sub001-ses04-block4-game2_000.npy,sub001,2,33,26,1,Long,30,0.9375,6,0.3333333333333333,2,1,0.7963574861659035,3,3,0,0,0,1,0
sub001-ses04-block4-game2_000::b0207,test/sub001/ses-04/sub001-ses04-block4-game2_000.npy,sub001,2,20,26,0,Short,14,0.7368421052631579,6,0.3,3,0,0.8021251517530097,2,3,1,0,0,0,0
sub001-ses04-block4-game2_000::b0208,test/sub001/ses-04/sub001-ses04-block4-game2_000.npy,sub001,2,3,26,0,Short,2,1.0,3,0.3333333333333333,2,2,0.802533239911249,3,0,5,0,0,0,0
sub001-ses04-block4-game2_000::b0209,test/sub001/ses-04/sub001-ses04-block4-game2_000.npy,sub001,2,104,26,1,Long,88,0.8543689320388349,6,0.2692307692307692,3,3,0.7850741208321315,2,2,3,0,0,1,0
sub001-ses04-block4-game2_001::b0001,test/sub001/ses-04/sub001-ses04-block4-game2_001.npy,sub001,2,29,26,1,Long,24,0.8571428571428571,6,0.3103448275862069,1,5,0.8929550719378337,2,4,3,0,0,0,0
sub001-ses04-block4-game2_001::b0002,test/sub001/ses-04/sub001-ses04-block4-game2_001.npy,sub001,2,25,26,0,Short,18,0.75,6,0.32,0,5,0.8678072978227084,2,1,1,0,0,0,0
sub001-ses04-block4-game2_001::b0003,test/sub001/ses-04/sub001-ses04-block4-game2_001.npy,sub001,2,15,26,0,Short,9,0.6428571428571429,6,0.26666666666666666,0,4,0.87419001673023,1,1,1,0,0,1,1
sub001-ses04-block4-game2_001::b0004,test/sub001/ses-04/sub001-ses04-block4-game2_001.npy,sub001,2,15,26,0,Short,11,0.7857142857142857,6,0.26666666666666666,0,1,0.8458415420269176,2,5,2,0,0,0,1
sub001-ses04-block4-game2_001::b0005,test/sub001/ses-04/sub001-ses04-block4-game2_001.npy,sub001,2,32,26,1,Long,27,0.8709677419354839,6,0.25,0,3,0.8528185250898732,1,1,5,0,0,1,0
sub001-ses04-block4-game2_001::b0006,test/sub001/ses-04/sub001-ses04-block4-game2_001.npy,sub001,2,12,26,0,Short,8,0.7272727272727273,4,0.4166666666666667,5,2,0.8643345663828857,1,5,1,0,0,0,1
sub001-ses04-block4-game2_001::b0007,test/sub001/ses-04/sub001-ses04-block4-game2_001.npy,sub001,2,7,26,0,Short,4,0.6666666666666666,3,0.42857142857142855,3,1,0.8409306678929005,1,4,5,0,1,0,0
sub001-ses04-block4-game2_001::b0008,test/sub001/ses-04/sub001-ses04-block4-game2_001.npy,sub001,2,4,26,0,Short,3,1.0,3,0.5,1,3,0.8359300562330196,1,1,1,1,0,1,1
sub001-ses04-block4-game2_001::b0009,test/sub001/ses-04/sub001-ses04-block4-game2_001.npy,sub001,2,5,26,0,Short,4,1.0,4,0.4,4,4,0.8838289577371323,1,0,5,0,0,0,0
sub001-ses04-block4-game2_001::b0010,test/sub001/ses-04/sub001-ses04-block4-game2_001.npy,sub001,2,5,26,0,Short,4,1.0,4,0.4,3,2,0.8749717842888973,1,2,3,0,0,0,0
sub001-ses04-block4-game2_001::b0011,test/sub001/ses-04/sub001-ses04-block4-game2_001.npy,sub001,2,3,26,0,Short,2,1.0,3,0.3333333333333333,3,3,0.8473722822462318,1,3,1,0,0,0,1
sub001-ses04-block4-game2_001::b0012,test/sub001/ses-04/sub001-ses04-block4-game2_001.npy,sub001,2,3,26,0,Short,2,1.0,3,0.3333333333333333,4,2,0.9261968938518804,1,5,5,0,0,0,0
sub001-ses04-block4-game2_001::b0013,test/sub001/ses-04/sub001-ses04-block4-game2_001.npy,sub001,2,2,26,0,Short,1,1.0,2,0.5,1,1,0.9072802197802198,1,4,3,1,1,0,0
sub001-ses04-block4-game2_001::b0014,test/sub001/ses-04/sub001-ses04-block4-game2_001.npy,sub001,2,8,26,0,Short,6,0.8571428571428571,5,0.25,5,1,0.8396940815907987,1,2,5,0,1,0,0
sub001-ses04-block4-game2_001::b0015,test/sub001/ses-04/sub001-ses04-block4-game2_001.npy,sub001,2,3,26,0,Short,2,1.0,3,0.3333333333333333,0,0,0.8884034335849105,1,4,1,0,0,0,1
sub001-ses04-block4-game2_001::b0016,test/sub001/ses-04/sub001-ses04-block4-game2_001.npy,sub001,2,3,26,0,Short,2,1.0,3,0.3333333333333333,0,0,0.8348135550516503,1,2,1,0,0,0,1
sub001-ses04-block4-game2_001::b0017,test/sub001/ses-04/sub001-ses04-block4-game2_001.npy,sub001,2,4,26,0,Short,1,0.3333333333333333,2,0.75,0,1,0.7851169786096256,1,0,5,0,1,0,0
sub001-ses04-block4-game2_001::b0018,test/sub001/ses-04/sub001-ses04-block4-game2_001.npy,sub001,2,6,26,0,Short,4,0.8,4,0.3333333333333333,1,1,0.834767161850495,3,5,1,0,0,0,0
sub001-ses04-block4-game2_001::b0019,test/sub001/ses-04/sub001-ses04-block4-game2_001.npy,sub001,2,6,26,0,Short,3,0.6,3,0.5,3,3,0.8142189799697467,1,1,1,0,0,1,1
sub001-ses04-block4-game2_001::b0020,test/sub001/ses-04/sub001-ses04-block4-game2_001.npy,sub001,2,4,26,0,Short,3,1.0,4,0.25,4,1,0.8101362393374363,1,5,3,0,1,0,0
sub001-ses04-block4-game2_001::b0021,test/sub001/ses-04/sub001-ses04-block4-game2_001.npy,sub001,2,2,26,0,Short,1,1.0,2,0.5,1,0,0.857843137254902,1,4,5,1,0,0,0
sub001-ses04-block4-game2_001::b0022,test/sub001/ses-04/sub001-ses04-block4-game2_001.npy,sub001,2,3,26,0,Short,2,1.0,3,0.3333333333333333,0,0,0.829743357860265,1,2,3,0,0,0,0
sub001-ses04-block4-game2_001::b0023,test/sub001/ses-04/sub001-ses04-block4-game2_001.npy,sub001,2,4,26,0,Short,3,1.0,4,0.25,2,0,0.8266025641025642,1,3,1,0,0,0,1
sub001-ses04-block4-game2_001::b0024,test/sub001/ses-04/sub001-ses04-block4-game2_001.npy,sub001,2,4,26,0,Short,2,0.6666666666666666,3,0.5,5,5,0.8511295822676898,1,4,4,0,0,0,0
sub001-ses04-block4-game2_001::b0025,test/sub001/ses-04/sub001-ses04-block4-game2_001.npy,sub001,2,4,26,0,Short,3,1.0,4,0.25,1,0,0.8304539206987143,1,3,1,1,0,0,1
sub001-ses04-block4-game2_001::b0026,test/sub001/ses-04/sub001-ses04-block4-game2_001.npy,sub001,2,3,26,0,Short,2,1.0,2,0.6666666666666666,4,4,0.8663719259463941,1,3,1,0,0,0,1
sub001-ses04-block4-game2_001::b0027,test/sub001/ses-04/sub001-ses04-block4-game2_001.npy,sub001,2,3,26,0,Short,1,0.5,2,0.6666666666666666,1,1,0.7980025343470721,1,2,0,1,1,0,0
sub001-ses04-block4-game2_001::b0028,test/sub001/ses-04/sub001-ses04-block4-game2_001.npy,sub001,2,4,26,0,Short,1,0.3333333333333333,2,0.5,4,2,0.8631818181818182,1,5,1,0,0,0,1
sub001-ses04-block4-game2_001::b0029,test/sub001/ses-04/sub001-ses04-block4-game2_001.npy,sub001,2,4,26,0,Short,3,1.0,3,0.5,4,4,0.8314872757613684,1,2,0,0,0,0,0
sub001-ses04-block4-game2_001::b0030,test/sub001/ses-04/sub001-ses04-block4-game2_001.npy,sub001,2,3,26,0,Short,2,1.0,3,0.3333333333333333,3,0,0.8106686777275013,1,4,5,0,0,0,0
sub001-ses04-block4-game2_001::b0031,test/sub001/ses-04/sub001-ses04-block4-game2_001.npy,sub001,2,3,26,0,Short,2,1.0,3,0.3333333333333333,3,0,0.8056212240609404,1,4,5,0,0,0,0
sub001-ses04-block4-game2_001::b0032,test/sub001/ses-04/sub001-ses04-block4-game2_001.npy,sub001,2,3,26,0,Short,1,0.5,2,0.6666666666666666,0,0,0.8215686274509802,1,0,0,0,0,0,0
sub001-ses04-block4-game2_001::b0033,test/sub001/ses-04/sub001-ses04-block4-game2_001.npy,sub001,2,47,26,1,Long,36,0.782608695652174,6,0.3404255319148936,4,1,0.8590263440249843,2,4,5,0,0,0,0
sub001-ses04-block4-game2_001::b0034,test/sub001/ses-04/sub001-ses04-block4-game2_001.npy,sub001,2,6,26,0,Short,5,1.0,5,0.3333333333333333,1,1,0.8694907834354347,1,4,1,1,1,0,1
sub001-ses04-block4-game2_001::b0035,test/sub001/ses-04/sub001-ses04-block4-game2_001.npy,sub001,2,10,26,0,Short,7,0.7777777777777778,6,0.3,3,4,0.8873014457770754,2,1,1,0,0,0,0
sub001-ses04-block4-game2_001::b0036,test/sub001/ses-04/sub001-ses04-block4-game2_001.npy,sub001,2,12,26,0,Short,10,0.9090909090909091,6,0.25,3,5,0.8798245232353716,2,3,2,0,0,0,1
sub001-ses04-block4-game2_001::b0037,test/sub001/ses-04/sub001-ses04-block4-game2_001.npy,sub001,2,16,26,0,Short,13,0.8666666666666667,6,0.25,2,1,0.8607634919555779,1,2,2,0,1,0,0
sub001-ses04-block4-game2_001::b0038,test/sub001/ses-04/sub001-ses04-block4-game2_001.npy,sub001,2,21,26,0,Short,17,0.85,6,0.2857142857142857,2,1,0.8551322480043692,2,1,2,1,0,0,1
sub001-ses04-block4-game2_001::b0039,test/sub001/ses-04/sub001-ses04-block4-game2_001.npy,sub001,2,58,26,1,Long,49,0.8596491228070176,6,0.20689655172413793,5,3,0.8406530676884604,1,1,0,0,0,1,0
sub001-ses04-block4-game2_001::b0040,test/sub001/ses-04/sub001-ses04-block4-game2_001.npy,sub001,2,4,26,0,Short,3,1.0,4,0.25,0,0,0.8225692060076168,1,1,1,0,0,1,1
sub001-ses04-block4-game2_001::b0041,test/sub001/ses-04/sub001-ses04-block4-game2_001.npy,sub001,2,8,26,0,Short,7,1.0,4,0.375,5,1,0.8733852160797217,1,3,3,0,1,0,0
sub001-ses04-block4-game2_001::b0042,test/sub001/ses-04/sub001-ses04-block4-game2_001.npy,sub001,2,5,26,0,Short,4,1.0,4,0.4,3,3,0.8604830917874396,1,4,3,0,0,0,0
sub001-ses04-block4-game2_001::b0043,test/sub001/ses-04/sub001-ses04-block4-game2_001.npy,sub001,2,4,26,0,Short,2,0.6666666666666666,2,0.5,5,0,0.8131938020351526,1,2,5,0,0,0,0
sub001-ses04-block4-game2_001::b0044,test/sub001/ses-04/sub001-ses04-block4-game2_001.npy,sub001,2,3,26,0,Short,2,1.0,2,0.6666666666666666,2,2,0.8075269963057687,1,4,1,0,0,0,1
sub001-ses04-block4-game2_001::b0045,test/sub001/ses-04/sub001-ses04-block4-game2_001.npy,sub001,2,6,26,0,Short,3,0.6,4,0.5,2,1,0.8643307143678248,1,4,4,0,1,0,0
sub001-ses04-block4-game2_001::b0046,test/sub001/ses-04/sub001-ses04-block4-game2_001.npy,sub001,2,4,26,0,Short,3,1.0,3,0.5,1,1,0.8178418803418803,1,1,3,1,1,1,0
sub001-ses04-block4-game2_001::b0047,test/sub001/ses-04/sub001-ses04-block4-game2_001.npy,sub001,2,13,26,0,Short,8,0.6666666666666666,6,0.3076923076923077,2,3,0.8415806682781706,1,5,2,0,0,0,0
sub001-ses04-block4-game2_001::b0048,test/sub001/ses-04/sub001-ses04-block4-game2_001.npy,sub001,2,5,26,0,Short,3,0.75,3,0.4,1,3,0.831139165743817,3,4,5,0,1,0,0
sub001-ses04-block4-game2_001::b0049,test/sub001/ses-04/sub001-ses04-block4-game2_001.npy,sub001,2,26,26,1,Long,19,0.76,6,0.5,1,1,0.8492321919822547,2,1,5,0,0,0,0
sub001-ses04-block4-game2_001::b0050,test/sub001/ses-04/sub001-ses04-block4-game2_001.npy,sub001,2,6,26,0,Short,5,1.0,4,0.3333333333333333,1,1,0.8300793758928992,3,5,1,0,0,0,0
sub001-ses04-block4-game2_001::b0051,test/sub001/ses-04/sub001-ses04-block4-game2_001.npy,sub001,2,16,26,0,Short,12,0.8,6,0.375,5,1,0.8562383254514674,2,5,1,0,0,0,0
sub001-ses04-block4-game2_001::b0052,test/sub001/ses-04/sub001-ses04-block4-game2_001.npy,sub001,2,12,26,0,Short,9,0.8181818181818182,5,0.3333333333333333,1,1,0.8388613279107512,2,1,4,0,0,0,0
sub001-ses04-block4-game2_001::b0053,test/sub001/ses-04/sub001-ses04-block4-game2_001.npy,sub001,2,1,26,0,Short,0,0.0,1,1.0,4,4,0.8679245283018868,1,1,0,0,0,1,0
sub001-ses04-block4-game2_001::b0054,test/sub001/ses-04/sub001-ses04-block4-game2_001.npy,sub001,2,4,26,0,Short,3,1.0,4,0.25,3,0,0.7367050079036761,1,1,3,0,0,1,0
sub001-ses04-block4-game2_001::b0055,test/sub001/ses-04/sub001-ses04-block4-game2_001.npy,sub001,2,4,26,0,Short,2,0.6666666666666666,3,0.5,1,1,0.8812375859434682,1,3,2,1,1,0,0
sub001-ses04-block4-game2_001::b0056,test/sub001/ses-04/sub001-ses04-block4-game2_001.npy,sub001,2,6,26,0,Short,5,1.0,4,0.3333333333333333,4,1,0.8602982248391436,1,3,5,0,1,0,0
sub001-ses04-block4-game2_001::b0057,test/sub001/ses-04/sub001-ses04-block4-game2_001.npy,sub001,2,5,26,0,Short,4,1.0,4,0.4,0,0,0.8362327909887359,1,0,5,0,0,0,0
sub001-ses04-block4-game2_001::b0058,test/sub001/ses-04/sub001-ses04-block4-game2_001.npy,sub001,2,3,26,0,Short,2,1.0,3,0.3333333333333333,5,1,0.8505574136008919,1,4,1,0,1,0,1
sub001-ses04-block4-game2_001::b0059,test/sub001/ses-04/sub001-ses04-block4-game2_001.npy,sub001,2,5,26,0,Short,3,0.75,3,0.4,3,1,0.8202071772105068,1,5,5,0,1,0,0
sub001-ses04-block4-game2_001::b0060,test/sub001/ses-04/sub001-ses04-block4-game2_001.npy,sub001,2,4,26,0,Short,3,1.0,3,0.5,2,2,0.846152443855479,1,0,3,0,0,0,0
sub001-ses04-block4-game2_001::b0061,test/sub001/ses-04/sub001-ses04-block4-game2_001.npy,sub001,2,3,26,0,Short,2,1.0,3,0.3333333333333333,1,0,0.8558942913442641,1,0,5,1,0,0,0
sub001-ses04-block4-game2_001::b0062,test/sub001/ses-04/sub001-ses04-block4-game2_001.npy,sub001,2,9,26,0,Short,6,0.75,4,0.5555555555555556,3,3,0.8329591516672297,1,1,3,0,0,1,0
sub001-ses04-block4-game2_001::b0063,test/sub001/ses-04/sub001-ses04-block4-game2_001.npy,sub001,2,4,26,0,Short,3,1.0,3,0.5,1,5,0.8808901432913592,1,5,1,1,0,0,1
sub001-ses04-block4-game2_001::b0064,test/sub001/ses-04/sub001-ses04-block4-game2_001.npy,sub001,2,3,26,0,Short,2,1.0,3,0.3333333333333333,2,1,0.8742612293144209,1,0,5,0,1,0,0
sub001-ses04-block4-game2_001::b0065,test/sub001/ses-04/sub001-ses04-block4-game2_001.npy,sub001,2,3,26,0,Short,1,0.5,2,0.6666666666666666,4,3,0.8552513848866433,1,2,3,0,0,0,0
sub001-ses04-block4-game2_001::b0066,test/sub001/ses-04/sub001-ses04-block4-game2_001.npy,sub001,2,3,26,0,Short,1,0.5,2,0.6666666666666666,1,1,0.8094043637521898,1,5,5,1,1,0,0
sub001-ses04-block4-game2_001::b0067,test/sub001/ses-04/sub001-ses04-block4-game2_001.npy,sub001,2,3,26,0,Short,2,1.0,3,0.3333333333333333,3,1,0.8884242984890535,1,3,5,0,1,0,0
sub001-ses04-block4-game2_001::b0068,test/sub001/ses-04/sub001-ses04-block4-game2_001.npy,sub001,2,4,26,0,Short,3,1.0,4,0.25,2,1,0.8379347965601336,1,0,5,0,1,0,0
sub001-ses04-block4-game2_001::b0069,test/sub001/ses-04/sub001-ses04-block4-game2_001.npy,sub001,2,2,26,0,Short,1,1.0,2,0.5,0,0,0.8430308293530178,3,5,5,0,0,0,0
sub001-ses04-block4-game2_001::b0070,test/sub001/ses-04/sub001-ses04-block4-game2_001.npy,sub001,2,4,26,0,Short,2,0.6666666666666666,3,0.5,5,5,0.8441399286987522,1,4,5,0,0,0,0
sub001-ses04-block4-game2_001::b0071,test/sub001/ses-04/sub001-ses04-block4-game2_001.npy,sub001,2,5,26,0,Short,3,0.75,4,0.4,1,1,0.8549586288416077,1,4,5,1,1,0,0
sub001-ses04-block4-game2_001::b0072,test/sub001/ses-04/sub001-ses04-block4-game2_001.npy,sub001,2,2,26,0,Short,0,0.0,1,1.0,1,1,0.7846513605442177,3,1,3,0,0,0,1
sub001-ses04-block4-game2_001::b0073,test/sub001/ses-04/sub001-ses04-block4-game2_001.npy,sub001,2,4,26,0,Short,3,1.0,2,0.5,4,2,0.8808355265996461,1,2,1,0,0,0,1
sub001-ses04-block4-game2_001::b0074,test/sub001/ses-04/sub001-ses04-block4-game2_001.npy,sub001,2,8,26,0,Short,5,0.7142857142857143,4,0.5,1,1,0.7738816796481438,1,2,1,1,1,0,1
sub001-ses04-block4-game2_001::b0075,test/sub001/ses-04/sub001-ses04-block4-game2_001.npy,sub001,2,5,26,0,Short,3,0.75,3,0.4,3,3,0.8638446287605952,1,2,1,0,0,0,1
sub001-ses04-block4-game2_001::b0076,test/sub001/ses-04/sub001-ses04-block4-game2_001.npy,sub001,2,4,26,0,Short,2,0.6666666666666666,3,0.5,4,3,0.810787951544254,1,2,1,0,0,0,1
sub001-ses04-block4-game2_001::b0077,test/sub001/ses-04/sub001-ses04-block4-game2_001.npy,sub001,2,3,26,0,Short,2,1.0,3,0.3333333333333333,3,0,0.84107027724049,1,1,1,0,0,1,1
sub001-ses04-block4-game2_001::b0078,test/sub001/ses-04/sub001-ses04-block4-game2_001.npy,sub001,2,2,26,0,Short,0,0.0,1,1.0,3,3,0.8404761904761905,3,3,2,1,1,1,0
sub001-ses04-block4-game2_001::b0079,test/sub001/ses-04/sub001-ses04-block4-game2_001.npy,sub001,2,20,26,0,Short,14,0.7368421052631579,6,0.35,2,2,0.8427283832858038,1,2,4,0,0,0,0
sub001-ses04-block4-game2_001::b0080,test/sub001/ses-04/sub001-ses04-block4-game2_001.npy,sub001,2,3,26,0,Short,2,1.0,2,0.6666666666666666,5,5,0.8228883238919368,1,5,3,0,0,0,0
sub001-ses04-block4-game2_001::b0081,test/sub001/ses-04/sub001-ses04-block4-game2_001.npy,sub001,2,3,26,0,Short,2,1.0,3,0.3333333333333333,3,2,0.8722837886310861,1,1,0,0,0,1,0
sub001-ses04-block4-game2_001::b0082,test/sub001/ses-04/sub001-ses04-block4-game2_001.npy,sub001,2,4,26,0,Short,1,0.3333333333333333,2,0.75,2,2,0.8680113377274801,1,0,0,0,0,0,0
sub001-ses04-block4-game2_001::b0083,test/sub001/ses-04/sub001-ses04-block4-game2_001.npy,sub001,2,3,26,0,Short,2,1.0,2,0.6666666666666666,4,4,0.8909884111747465,1,1,5,0,0,1,0
sub001-ses04-block4-game2_001::b0084,test/sub001/ses-04/sub001-ses04-block4-game2_001.npy,sub001,2,2,26,0,Short,1,1.0,2,0.5,5,1,0.9099999999999999,1,3,2,0,1,0,0
sub001-ses04-block4-game2_001::b0085,test/sub001/ses-04/sub001-ses04-block4-game2_001.npy,sub001,2,4,26,0,Short,2,0.6666666666666666,3,0.5,1,2,0.798815083725798,1,2,5,1,0,0,0
sub001-ses04-block4-game2_001::b0086,test/sub001/ses-04/sub001-ses04-block4-game2_001.npy,sub001,2,2,26,0,Short,1,1.0,2,0.5,0,0,0.9233962264150943,1,3,3,0,0,0,0
sub001-ses04-block4-game2_001::b0087,test/sub001/ses-04/sub001-ses04-block4-game2_001.npy,sub001,2,34,26,1,Long,29,0.8787878787878788,6,0.20588235294117646,3,2,0.8496514933209216,3,4,5,1,0,0,0
sub001-ses04-block4-game2_001::b0088,test/sub001/ses-04/sub001-ses04-block4-game2_001.npy,sub001,2,3,26,0,Short,2,1.0,3,0.3333333333333333,1,0,0.8388543823326432,1,3,5,1,0,0,0
sub001-ses04-block4-game2_001::b0089,test/sub001/ses-04/sub001-ses04-block4-game2_001.npy,sub001,2,4,26,0,Short,1,0.3333333333333333,2,0.75,0,0,0.8465277777777778,1,1,5,0,0,1,0
sub001-ses04-block4-game2_001::b0090,test/sub001/ses-04/sub001-ses04-block4-game2_001.npy,sub001,2,6,26,0,Short,5,1.0,4,0.3333333333333333,5,3,0.8283363463588745,1,4,5,0,0,0,0
sub001-ses04-block4-game2_001::b0091,test/sub001/ses-04/sub001-ses04-block4-game2_001.npy,sub001,2,7,26,0,Short,4,0.6666666666666666,5,0.42857142857142855,0,3,0.8765348754364527,1,3,4,0,0,0,0
sub001-ses04-block4-game2_001::b0092,test/sub001/ses-04/sub001-ses04-block4-game2_001.npy,sub001,2,10,26,0,Short,9,1.0,4,0.4,4,4,0.8437498273357678,2,1,2,0,0,0,1
sub001-ses04-block4-game2_001::b0093,test/sub001/ses-04/sub001-ses04-block4-game2_001.npy,sub001,2,16,26,0,Short,14,0.9333333333333333,6,0.25,0,2,0.8367814779126267,1,3,4,0,0,0,0
sub001-ses04-block4-game2_001::b0094,test/sub001/ses-04/sub001-ses04-block4-game2_001.npy,sub001,2,8,26,0,Short,7,1.0,6,0.25,1,1,0.868330378250591,2,1,1,0,0,0,0
sub001-ses04-block4-game2_001::b0095,test/sub001/ses-04/sub001-ses04-block4-game2_001.npy,sub001,2,6,26,0,Short,5,1.0,4,0.5,5,5,0.8587040734981111,1,5,5,0,0,0,0
sub001-ses04-block4-game2_001::b0096,test/sub001/ses-04/sub001-ses04-block4-game2_001.npy,sub001,2,4,26,0,Short,3,1.0,4,0.25,5,0,0.8435011504601841,1,4,4,0,0,0,0
sub001-ses04-block4-game2_001::b0097,test/sub001/ses-04/sub001-ses04-block4-game2_001.npy,sub001,2,4,26,0,Short,3,1.0,3,0.5,0,1,0.8661788386852326,2,4,2,0,0,0,1
sub001-ses04-block4-game2_001::b0098,test/sub001/ses-04/sub001-ses04-block4-game2_001.npy,sub001,2,13,26,0,Short,10,0.8333333333333334,5,0.38461538461538464,5,0,0.860483217832196,1,2,2,0,0,0,0
sub001-ses04-block4-game2_001::b0099,test/sub001/ses-04/sub001-ses04-block4-game2_001.npy,sub001,2,4,26,0,Short,3,1.0,3,0.5,1,1,0.8780505209076638,2,1,5,0,0,0,0
sub001-ses04-block4-game2_001::b0100,test/sub001/ses-04/sub001-ses04-block4-game2_001.npy,sub001,2,1,26,0,Short,0,0.0,1,1.0,5,5,0.8936170212765957,1,5,1,0,0,0,1
sub001-ses04-block4-game2_001::b0101,test/sub001/ses-04/sub001-ses04-block4-game2_001.npy,sub001,2,4,26,0,Short,2,0.6666666666666666,3,0.5,2,4,0.8828634352291642,1,5,2,0,0,0,0
sub001-ses04-block4-game2_001::b0102,test/sub001/ses-04/sub001-ses04-block4-game2_001.npy,sub001,2,3,26,0,Short,2,1.0,3,0.3333333333333333,5,0,0.8394847300622376,3,0,1,0,0,0,0
sub001-ses04-block4-game2_001::b0103,test/sub001/ses-04/sub001-ses04-block4-game2_001.npy,sub001,2,15,26,0,Short,12,0.8571428571428571,6,0.2,2,0,0.8644396005442424,1,0,5,0,0,0,0
sub001-ses04-block4-game2_001::b0104,test/sub001/ses-04/sub001-ses04-block4-game2_001.npy,sub001,2,7,26,0,Short,5,0.8333333333333334,4,0.42857142857142855,5,3,0.8519942106921755,1,4,5,0,0,0,0
sub001-ses04-block4-game2_001::b0105,test/sub001/ses-04/sub001-ses04-block4-game2_001.npy,sub001,2,5,26,0,Short,2,0.5,3,0.6,1,5,0.8287003636075523,2,3,5,0,0,0,0
sub001-ses04-block4-game2_001::b0106,test/sub001/ses-04/sub001-ses04-block4-game2_001.npy,sub001,2,11,26,0,Short,9,0.9,4,0.2727272727272727,2,0,0.8555043390765786,1,2,5,0,0,0,0
sub001-ses04-block4-game2_001::b0107,test/sub001/ses-04/sub001-ses04-block4-game2_001.npy,sub001,2,4,26,0,Short,1,0.3333333333333333,2,0.75,2,2,0.8636073813583405,1,3,4,0,0,0,0
sub001-ses04-block4-game2_001::b0108,test/sub001/ses-04/sub001-ses04-block4-game2_001.npy,sub001,2,7,26,0,Short,5,0.8333333333333334,4,0.42857142857142855,4,3,0.8384834354500684,1,3,4,0,0,0,0
sub001-ses04-block4-game2_001::b0109,test/sub001/ses-04/sub001-ses04-block4-game2_001.npy,sub001,2,3,26,0,Short,2,1.0,3,0.3333333333333333,5,1,0.8607513518227804,1,3,2,0,1,0,0
sub001-ses04-block4-game2_001::b0110,test/sub001/ses-04/sub001-ses04-block4-game2_001.npy,sub001,2,3,26,0,Short,1,0.5,2,0.6666666666666666,2,5,0.848892748588797,1,5,3,0,0,0,0
sub001-ses04-block4-game2_001::b0111,test/sub001/ses-04/sub001-ses04-block4-game2_001.npy,sub001,2,6,26,0,Short,5,1.0,4,0.3333333333333333,5,1,0.8224296589671809,3,3,1,0,0,1,0
sub001-ses04-block4-game2_001::b0112,test/sub001/ses-04/sub001-ses04-block4-game2_001.npy,sub001,2,7,26,0,Short,4,0.6666666666666666,3,0.42857142857142855,2,2,0.8929455735754999,1,3,4,0,0,0,0
sub001-ses04-block4-game2_001::b0113,test/sub001/ses-04/sub001-ses04-block4-game2_001.npy,sub001,2,4,26,0,Short,3,1.0,4,0.25,2,0,0.8872506393861892,1,5,2,0,0,0,0
sub001-ses04-block4-game2_001::b0114,test/sub001/ses-04/sub001-ses04-block4-game2_001.npy,sub001,2,10,26,0,Short,8,0.8888888888888888,5,0.4,3,3,0.8408403266024264,1,5,3,0,0,0,0
sub001-ses04-block4-game2_001::b0115,test/sub001/ses-04/sub001-ses04-block4-game2_001.npy,sub001,2,4,26,0,Short,2,0.6666666666666666,3,0.5,1,1,0.8187887384923891,1,5,2,1,1,0,0
sub001-ses04-block4-game2_001::b0116,test/sub001/ses-04/sub001-ses04-block4-game2_001.npy,sub001,2,4,26,0,Short,2,0.6666666666666666,2,0.75,2,2,0.8376551418439717,1,2,0,0,0,0,0
sub001-ses04-block4-game2_001::b0117,test/sub001/ses-04/sub001-ses04-block4-game2_001.npy,sub001,2,12,26,0,Short,6,0.5454545454545454,5,0.4166666666666667,1,5,0.8644500259760601,1,0,1,1,0,0,1
sub001-ses04-block4-game2_001::b0118,test/sub001/ses-04/sub001-ses04-block4-game2_001.npy,sub001,2,4,26,0,Short,3,1.0,3,0.5,1,1,0.8247909698996656,1,0,3,1,1,0,0
sub001-ses04-block4-game2_001::b0119,test/sub001/ses-04/sub001-ses04-block4-game2_001.npy,sub001,2,2,26,0,Short,0,0.0,1,1.0,3,3,0.7675814751286449,1,3,1,0,0,0,1
sub001-ses04-block4-game2_001::b0120,test/sub001/ses-04/sub001-ses04-block4-game2_001.npy,sub001,2,17,26,0,Short,15,0.9375,6,0.23529411764705882,1,4,0.8362283962973341,3,2,2,0,0,0,0
sub001-ses04-block4-game2_001::b0121,test/sub001/ses-04/sub001-ses04-block4-game2_001.npy,sub001,2,6,26,0,Short,5,1.0,4,0.3333333333333333,1,1,0.8671426181244136,1,4,0,1,1,0,0
sub001-ses04-block4-game2_001::b0122,test/sub001/ses-04/sub001-ses04-block4-game2_001.npy,sub001,2,26,26,1,Long,20,0.8,5,0.38461538461538464,5,3,0.8612837529529933,1,3,3,0,0,0,0
sub001-ses04-block4-game2_001::b0123,test/sub001/ses-04/sub001-ses04-block4-game2_001.npy,sub001,2,5,26,0,Short,3,0.75,3,0.4,5,3,0.8830501846128523,1,3,1,0,0,0,1
sub001-ses04-block4-game2_001::b0124,test/sub001/ses-04/sub001-ses04-block4-game2_001.npy,sub001,2,4,26,0,Short,3,1.0,4,0.25,0,0,0.8732371794871795,2,0,3,0,0,0,0
sub001-ses04-block4-game2_001::b0125,test/sub001/ses-04/sub001-ses04-block4-game2_001.npy,sub001,2,5,26,0,Short,3,0.75,4,0.4,2,2,0.8187839418838767,1,2,2,0,0,0,0
sub001-ses04-block4-game2_001::b0126,test/sub001/ses-04/sub001-ses04-block4-game2_001.npy,sub001,2,4,26,0,Short,3,1.0,3,0.5,5,5,0.8639350138760407,1,1,5,0,0,1,0
sub001-ses04-block4-game2_001::b0127,test/sub001/ses-04/sub001-ses04-block4-game2_001.npy,sub001,2,3,26,0,Short,1,0.5,2,0.6666666666666666,3,3,0.8214474195475292,1,2,1,0,0,0,1
sub001-ses04-block4-game2_001::b0128,test/sub001/ses-04/sub001-ses04-block4-game2_001.npy,sub001,2,4,26,0,Short,3,1.0,3,0.5,5,5,0.8307728988449519,1,4,3,0,0,0,0
sub001-ses04-block4-game2_001::b0129,test/sub001/ses-04/sub001-ses04-block4-game2_001.npy,sub001,2,4,26,0,Short,3,1.0,3,0.5,0,0,0.8528127585255997,1,5,5,0,0,0,0
sub001-ses04-block4-game2_001::b0130,test/sub001/ses-04/sub001-ses04-block4-game2_001.npy,sub001,2,3,26,0,Short,1,0.5,2,0.6666666666666666,3,3,0.8444750703241518,1,5,5,0,0,0,0
sub001-ses04-block4-game2_001::b0131,test/sub001/ses-04/sub001-ses04-block4-game2_001.npy,sub001,2,2,26,0,Short,1,1.0,2,0.5,1,0,0.8388888888888889,1,3,0,1,0,0,0
sub001-ses04-block4-game2_001::b0132,test/sub001/ses-04/sub001-ses04-block4-game2_001.npy,sub001,2,4,26,0,Short,3,1.0,4,0.25,4,0,0.8471612755774247,3,2,5,0,0,0,0
sub001-ses04-block4-game2_001::b0133,test/sub001/ses-04/sub001-ses04-block4-game2_001.npy,sub001,2,8,26,0,Short,3,0.42857142857142855,4,0.5,5,5,0.8571710181493617,1,3,4,0,0,0,0
sub001-ses04-block4-game2_001::b0134,test/sub001/ses-04/sub001-ses04-block4-game2_001.npy,sub001,2,5,26,0,Short,2,0.5,2,0.8,3,3,0.8757844639832217,1,2,5,0,0,0,0
sub001-ses04-block4-game2_001::b0135,test/sub001/ses-04/sub001-ses04-block4-game2_001.npy,sub001,2,5,26,0,Short,3,0.75,3,0.4,0,0,0.8375941831277964,1,4,5,0,0,0,0
sub001-ses04-block4-game2_001::b0136,test/sub001/ses-04/sub001-ses04-block4-game2_001.npy,sub001,2,3,26,0,Short,2,1.0,3,0.3333333333333333,2,2,0.8351611949127477,1,4,0,0,0,0,0
sub001-ses04-block4-game2_001::b0137,test/sub001/ses-04/sub001-ses04-block4-game2_001.npy,sub001,2,24,26,0,Short,20,0.8695652173913043,6,0.2916666666666667,5,5,0.8307386412737475,3,4,2,0,0,0,0
sub001-ses04-block4-game2_001::b0138,test/sub001/ses-04/sub001-ses04-block4-game2_001.npy,sub001,2,1,26,0,Short,0,0.0,1,1.0,5,5,0.8235294117647058,1,5,0,0,0,0,0
sub001-ses04-block4-game2_001::b0139,test/sub001/ses-04/sub001-ses04-block4-game2_001.npy,sub001,2,7,26,0,Short,4,0.6666666666666666,4,0.42857142857142855,5,2,0.837697813333701,2,1,5,0,1,0,0
sub001-ses04-block4-game2_001::b0140,test/sub001/ses-04/sub001-ses04-block4-game2_001.npy,sub001,2,19,26,0,Short,13,0.7222222222222222,6,0.3157894736842105,0,0,0.8199328676560574,2,2,3,0,0,1,0
sub001-ses04-block4-game2_001::b0141,test/sub001/ses-04/sub001-ses04-block4-game2_001.npy,sub001,2,5,26,0,Short,4,1.0,5,0.2,0,0,0.839584056605333,1,1,2,0,0,1,0
sub001-ses04-block4-game2_001::b0142,test/sub001/ses-04/sub001-ses04-block4-game2_001.npy,sub001,2,3,26,0,Short,1,0.5,2,0.6666666666666666,1,1,0.8653381642512077,2,5,0,0,0,0,0
sub001-ses04-block4-game2_001::b0143,test/sub001/ses-04/sub001-ses04-block4-game2_001.npy,sub001,2,17,26,0,Short,14,0.875,6,0.23529411764705882,1,1,0.8245048317253555,3,3,1,0,0,1,0
sub001-ses04-block4-game2_001::b0144,test/sub001/ses-04/sub001-ses04-block4-game2_001.npy,sub001,2,9,26,0,Short,6,0.75,4,0.3333333333333333,5,4,0.8051436246307099,2,1,3,0,0,0,0
sub001-ses04-block4-game2_001::b0145,test/sub001/ses-04/sub001-ses04-block4-game2_001.npy,sub001,2,6,26,0,Short,5,1.0,4,0.3333333333333333,3,1,0.7540995095116162,3,1,1,1,0,0,0
sub001-ses04-block4-game2_001::b0146,test/sub001/ses-04/sub001-ses04-block4-game2_001.npy,sub001,2,4,26,0,Short,2,0.6666666666666666,3,0.5,1,3,0.8544466403162055,2,3,3,0,0,0,0
sub001-ses04-block4-game2_001::b0147,test/sub001/ses-04/sub001-ses04-block4-game2_001.npy,sub001,2,6,26,0,Short,4,0.8,4,0.3333333333333333,0,0,0.8193434680269412,3,1,0,0,0,0,0
sub001-ses04-block4-game2_001::b0148,test/sub001/ses-04/sub001-ses04-block4-game2_001.npy,sub001,2,29,26,1,Long,22,0.7857142857142857,6,0.27586206896551724,5,2,0.8518824246812686,3,2,0,0,0,0,0
sub001-ses04-block4-game2_001::b0149,test/sub001/ses-04/sub001-ses04-block4-game2_001.npy,sub001,2,7,26,0,Short,4,0.6666666666666666,5,0.42857142857142855,1,4,0.8330761485421545,2,3,3,0,0,0,0
sub001-ses04-block4-game2_001::b0150,test/sub001/ses-04/sub001-ses04-block4-game2_001.npy,sub001,2,11,26,0,Short,7,0.7,5,0.2727272727272727,3,0,0.8459591318233208,3,0,0,1,0,0,0
sub001-ses04-block4-game2_001::b0151,test/sub001/ses-04/sub001-ses04-block4-game2_001.npy,sub001,2,5,26,0,Short,3,0.75,4,0.4,2,3,0.8315482540058812,2,3,3,1,0,0,0
sub001-ses04-block4-game2_001::b0152,test/sub001/ses-04/sub001-ses04-block4-game2_001.npy,sub001,2,7,26,0,Short,5,0.8333333333333334,5,0.2857142857142857,4,1,0.7980463074228537,3,0,0,0,0,0,0
sub001-ses04-block4-game2_001::b0153,test/sub001/ses-04/sub001-ses04-block4-game2_001.npy,sub001,2,5,26,0,Short,4,1.0,3,0.4,1,0,0.8066489361702127,3,5,3,0,0,0,1
sub001-ses04-block4-game2_001::b0154,test/sub001/ses-04/sub001-ses04-block4-game2_001.npy,sub001,2,5,26,0,Short,4,1.0,4,0.4,1,2,0.8278890744608762,1,4,1,1,0,0,1
sub001-ses04-block4-game2_001::b0155,test/sub001/ses-04/sub001-ses04-block4-game2_001.npy,sub001,2,3,26,0,Short,1,0.5,2,0.6666666666666666,2,2,0.7956445556946182,4,1,0,0,0,0,0
sub001-ses04-block4-game2_001::b0156,test/sub001/ses-04/sub001-ses04-block4-game2_001.npy,sub001,2,6,26,0,Short,3,0.6,2,0.5,3,1,0.8686054642964579,2,4,4,0,0,0,0
sub001-ses04-block4-game2_001::b0157,test/sub001/ses-04/sub001-ses04-block4-game2_001.npy,sub001,2,15,26,0,Short,12,0.8571428571428571,6,0.26666666666666666,1,2,0.8481793495246176,2,2,3,0,1,1,0
sub001-ses04-block4-game2_001::b0158,test/sub001/ses-04/sub001-ses04-block4-game2_001.npy,sub001,2,26,26,1,Long,22,0.88,6,0.38461538461538464,1,3,0.8504934020847892,1,1,1,1,0,1,1
sub001-ses04-block4-game2_001::b0159,test/sub001/ses-04/sub001-ses04-block4-game2_001.npy,sub001,2,3,26,0,Short,2,1.0,3,0.3333333333333333,5,1,0.7933036450602012,1,1,1,0,1,1,1
sub001-ses04-block4-game2_001::b0160,test/sub001/ses-04/sub001-ses04-block4-game2_001.npy,sub001,2,11,26,0,Short,4,0.4,4,0.45454545454545453,3,3,0.8361105006857216,2,4,1,0,0,0,0
sub001-ses04-block4-game2_001::b0161,test/sub001/ses-04/sub001-ses04-block4-game2_001.npy,sub001,2,4,26,0,Short,2,0.6666666666666666,3,0.5,5,3,0.7997288842230522,3,2,3,0,1,0,1
sub001-ses04-block4-game2_001::b0162,test/sub001/ses-04/sub001-ses04-block4-game2_001.npy,sub001,2,4,26,0,Short,3,1.0,3,0.5,1,3,0.8207139328063241,2,1,1,0,0,0,0
sub001-ses04-block4-game2_001::b0163,test/sub001/ses-04/sub001-ses04-block4-game2_001.npy,sub001,2,18,26,0,Short,13,0.7647058823529411,6,0.2777777777777778,3,3,0.806313347986518,2,5,5,0,0,0,0
sub001-ses04-block4-game2_001::b0164,test/sub001/ses-04/sub001-ses04-block4-game2_001.npy,sub001,2,6,26,0,Short,5,1.0,5,0.3333333333333333,1,5,0.8132427147798359,1,3,1,1,0,0,1
sub001-ses04-block4-game2_001::b0165,test/sub001/ses-04/sub001-ses04-block4-game2_001.npy,sub001,2,19,26,0,Short,14,0.7777777777777778,6,0.3157894736842105,3,2,0.8079705580026645,3,5,3,1,0,0,1
sub001-ses04-block4-game2_001::b0166,test/sub001/ses-04/sub001-ses04-block4-game2_001.npy,sub001,2,5,26,0,Short,3,0.75,3,0.6,3,3,0.7777636524965719,2,4,1,0,0,0,0
sub001-ses04-block4-game2_001::b0167,test/sub001/ses-04/sub001-ses04-block4-game2_001.npy,sub001,2,24,26,0,Short,21,0.9130434782608695,6,0.25,4,3,0.8010152017821466,1,3,1,0,0,0,1
sub001-ses04-block4-game2_001::b0168,test/sub001/ses-04/sub001-ses04-block4-game2_001.npy,sub001,2,29,26,1,Long,25,0.8928571428571429,6,0.3103448275862069,1,3,0.8246229785401735,2,3,0,0,0,0,0
sub001-ses04-block4-game2_001::b0169,test/sub001/ses-04/sub001-ses04-block4-game2_001.npy,sub001,2,73,26,1,Long,56,0.7777777777777778,6,0.2876712328767123,5,5,0.8370177774662677,2,4,1,0,0,0,0
sub001-ses04-block4-game2_001::b0170,test/sub001/ses-04/sub001-ses04-block4-game2_001.npy,sub001,2,14,26,0,Short,11,0.8461538461538461,6,0.2857142857142857,2,3,0.8735996527448838,2,3,4,1,0,0,0
sub001-ses04-block4-game2_001::b0171,test/sub001/ses-04/sub001-ses04-block4-game2_001.npy,sub001,2,12,26,0,Short,9,0.8181818181818182,6,0.4166666666666667,5,5,0.8565061748472736,2,0,1,0,0,0,0
sub001-ses04-block4-game2_001::b0172,test/sub001/ses-04/sub001-ses04-block4-game2_001.npy,sub001,2,13,26,0,Short,8,0.6666666666666666,4,0.38461538461538464,1,1,0.8616884889472398,1,1,1,1,1,1,1
sub001-ses04-block4-game2_001::b0173,test/sub001/ses-04/sub001-ses04-block4-game2_001.npy,sub001,2,6,26,0,Short,5,1.0,4,0.3333333333333333,4,4,0.8524811736288718,2,1,3,0,0,0,0
sub001-ses04-block4-game2_001::b0174,test/sub001/ses-04/sub001-ses04-block4-game2_001.npy,sub001,2,8,26,0,Short,5,0.7142857142857143,4,0.5,5,4,0.8553696524418491,3,1,1,0,0,0,0
sub001-ses04-block4-game2_001::b0175,test/sub001/ses-04/sub001-ses04-block4-game2_001.npy,sub001,2,4,26,0,Short,3,1.0,4,0.25,5,0,0.8572699217181855,1,1,4,0,0,1,0
sub001-ses04-block4-game2_001::b0176,test/sub001/ses-04/sub001-ses04-block4-game2_001.npy,sub001,2,5,26,0,Short,3,0.75,4,0.4,5,2,0.8033343337334934,2,3,5,0,1,0,0
sub001-ses04-block4-game2_001::b0177,test/sub001/ses-04/sub001-ses04-block4-game2_001.npy,sub001,2,10,26,0,Short,8,0.8888888888888888,4,0.4,5,1,0.8939057651102342,1,1,1,0,1,1,1
sub001-ses04-block4-game2_001::b0178,test/sub001/ses-04/sub001-ses04-block4-game2_001.npy,sub001,2,2,26,0,Short,1,1.0,2,0.5,4,0,0.8225017470300489,1,3,5,0,0,0,0
sub001-ses04-block4-game2_001::b0179,test/sub001/ses-04/sub001-ses04-block4-game2_001.npy,sub001,2,2,26,0,Short,1,1.0,2,0.5,2,2,0.8343183609141056,1,1,1,0,0,1,1
sub001-ses04-block4-game2_001::b0180,test/sub001/ses-04/sub001-ses04-block4-game2_001.npy,sub001,2,2,26,0,Short,1,1.0,2,0.5,5,0,0.8481494920174166,1,0,1,0,0,0,1
sub001-ses04-block4-game2_001::b0181,test/sub001/ses-04/sub001-ses04-block4-game2_001.npy,sub001,2,2,26,0,Short,1,1.0,2,0.5,5,1,0.8563869992441421,1,1,1,0,1,1,1
sub001-ses04-block4-game2_001::b0182,test/sub001/ses-04/sub001-ses04-block4-game2_001.npy,sub001,2,2,26,0,Short,1,1.0,2,0.5,0,0,0.877454991816694,1,5,1,0,0,0,1
sub001-ses04-block4-game2_001::b0183,test/sub001/ses-04/sub001-ses04-block4-game2_001.npy,sub001,2,2,26,0,Short,1,1.0,2,0.5,1,1,0.9209183673469388,1,2,4,1,1,0,0
sub001-ses04-block4-game2_001::b0184,test/sub001/ses-04/sub001-ses04-block4-game2_001.npy,sub001,2,4,26,0,Short,1,0.3333333333333333,2,0.75,1,3,0.8430530253741053,1,5,0,1,0,0,0
sub001-ses04-block4-game2_001::b0185,test/sub001/ses-04/sub001-ses04-block4-game2_001.npy,sub001,2,3,26,0,Short,2,1.0,3,0.3333333333333333,4,1,0.826710239651416,1,5,1,0,1,0,1
sub001-ses04-block4-game2_001::b0186,test/sub001/ses-04/sub001-ses04-block4-game2_001.npy,sub001,2,3,26,0,Short,2,1.0,2,0.6666666666666666,5,5,0.8284710133297118,1,0,1,0,0,0,1
sub001-ses04-block4-game2_001::b0187,test/sub001/ses-04/sub001-ses04-block4-game2_001.npy,sub001,2,18,26,0,Short,14,0.8235294117647058,6,0.2222222222222222,1,2,0.8519969064404522,3,5,3,0,0,0,1
sub001-ses04-block4-game2_001::b0188,test/sub001/ses-04/sub001-ses04-block4-game2_001.npy,sub001,2,9,26,0,Short,7,0.875,6,0.3333333333333333,0,1,0.8534708918493853,2,4,4,0,0,0,0
sub001-ses04-block4-game2_001::b0189,test/sub001/ses-04/sub001-ses04-block4-game2_001.npy,sub001,2,15,26,0,Short,14,1.0,6,0.3333333333333333,1,5,0.8528533107560653,2,5,5,0,0,0,0
sub001-ses04-block4-game2_001::b0190,test/sub001/ses-04/sub001-ses04-block4-game2_001.npy,sub001,2,1,26,0,Short,0,0.0,1,1.0,1,1,0.8958333333333334,1,4,5,1,1,0,0
sub001-ses04-block4-game2_001::b0191,test/sub001/ses-04/sub001-ses04-block4-game2_001.npy,sub001,2,4,26,0,Short,3,1.0,4,0.25,1,1,0.8402394419306184,1,0,0,1,1,0,0
sub001-ses04-block4-game2_001::b0192,test/sub001/ses-04/sub001-ses04-block4-game2_001.npy,sub001,2,14,26,0,Short,9,0.6923076923076923,5,0.35714285714285715,3,4,0.8787336128044858,2,0,2,0,0,0,1
sub001-ses04-block4-game2_001::b0193,test/sub001/ses-04/sub001-ses04-block4-game2_001.npy,sub001,2,6,26,0,Short,5,1.0,4,0.3333333333333333,5,1,0.8773772917389939,1,2,2,0,1,0,0
sub001-ses04-block4-game2_001::b0194,test/sub001/ses-04/sub001-ses04-block4-game2_001.npy,sub001,2,4,26,0,Short,3,1.0,3,0.5,1,5,0.845110294117647,1,1,1,1,0,1,1
sub001-ses04-block4-game2_001::b0195,test/sub001/ses-04/sub001-ses04-block4-game2_001.npy,sub001,2,10,26,0,Short,7,0.7777777777777778,5,0.3,2,3,0.864730728021771,1,3,3,0,0,0,0
sub001-ses04-block4-game2_001::b0196,test/sub001/ses-04/sub001-ses04-block4-game2_001.npy,sub001,2,2,26,0,Short,1,1.0,2,0.5,4,1,0.8319607843137256,1,5,1,0,1,0,1
sub001-ses04-block4-game2_001::b0197,test/sub001/ses-04/sub001-ses04-block4-game2_001.npy,sub001,2,8,26,0,Short,6,0.8571428571428571,4,0.375,4,4,0.8424359182772884,3,4,3,0,0,0,1
sub001-ses04-block4-game2_001::b0198,test/sub001/ses-04/sub001-ses04-block4-game2_001.npy,sub001,2,24,26,0,Short,22,0.9565217391304348,5,0.2916666666666667,3,0,0.8417691853272196,1,0,3,0,0,0,0
sub001-ses04-block4-game2_001::b0199,test/sub001/ses-04/sub001-ses04-block4-game2_001.npy,sub001,2,30,26,1,Long,25,0.8620689655172413,6,0.3333333333333333,4,1,0.8643516279342115,3,3,4,0,0,1,0
sub001-ses04-block4-game2_001::b0200,test/sub001/ses-04/sub001-ses04-block4-game2_001.npy,sub001,2,5,26,0,Short,3,0.75,3,0.4,0,0,0.847539079461572,1,2,0,0,0,0,0
sub001-ses04-block4-game2_001::b0201,test/sub001/ses-04/sub001-ses04-block4-game2_001.npy,sub001,2,4,26,0,Short,2,0.6666666666666666,3,0.5,3,2,0.8719193262411348,1,1,0,0,0,1,0
sub001-ses04-block4-game2_001::b0202,test/sub001/ses-04/sub001-ses04-block4-game2_001.npy,sub001,2,4,26,0,Short,1,0.3333333333333333,2,0.75,1,5,0.8648149550853685,1,3,1,1,0,0,1
sub001-ses04-block4-game2_001::b0203,test/sub001/ses-04/sub001-ses04-block4-game2_001.npy,sub001,2,3,26,0,Short,2,1.0,3,0.3333333333333333,4,2,0.8057568438003221,1,3,5,0,0,0,0
sub001-ses04-block4-game2_001::b0204,test/sub001/ses-04/sub001-ses04-block4-game2_001.npy,sub001,2,4,26,0,Short,3,1.0,3,0.5,5,5,0.8716414348063284,1,1,5,0,0,1,0
sub001-ses04-block4-game2_001::b0205,test/sub001/ses-04/sub001-ses04-block4-game2_001.npy,sub001,2,2,26,0,Short,1,1.0,2,0.5,5,0,0.9153368794326242,1,5,5,0,0,0,0
sub001-ses04-block4-game2_001::b0206,test/sub001/ses-04/sub001-ses04-block4-game2_001.npy,sub001,2,2,26,0,Short,0,0.0,1,1.0,1,1,0.8404255319148937,1,0,0,1,1,0,0
sub001-ses04-block4-game2_001::b0207,test/sub001/ses-04/sub001-ses04-block4-game2_001.npy,sub001,2,2,26,0,Short,1,1.0,2,0.5,0,0,0.8088888888888889,1,4,1,0,0,0,1
sub001-ses04-block4-game2_001::b0208,test/sub001/ses-04/sub001-ses04-block4-game2_001.npy,sub001,2,3,26,0,Short,2,1.0,2,0.6666666666666666,1,1,0.8722542008256294,1,1,1,1,1,1,1
sub001-ses04-block4-game2_001::b0209,test/sub001/ses-04/sub001-ses04-block4-game2_001.npy,sub001,2,3,26,0,Short,2,1.0,2,0.6666666666666666,5,5,0.8593954248366013,1,3,5,0,0,0,0
sub001-ses04-block4-game2_001::b0210,test/sub001/ses-04/sub001-ses04-block4-game2_001.npy,sub001,2,3,26,0,Short,2,1.0,3,0.3333333333333333,2,1,0.8529589371980677,1,1,5,0,1,1,0
sub001-ses04-block4-game2_001::b0211,test/sub001/ses-04/sub001-ses04-block4-game2_001.npy,sub001,2,3,26,0,Short,2,1.0,3,0.3333333333333333,1,0,0.837735094037615,1,1,5,1,0,1,0
sub001-ses04-block4-game2_001::b0212,test/sub001/ses-04/sub001-ses04-block4-game2_001.npy,sub001,2,2,26,0,Short,0,0.0,1,1.0,1,1,0.86,1,1,0,1,1,1,0
sub001-ses04-block4-game2_001::b0213,test/sub001/ses-04/sub001-ses04-block4-game2_001.npy,sub001,2,4,26,0,Short,3,1.0,4,0.25,2,0,0.848465909090909,1,4,1,0,0,0,1
sub001-ses04-block4-game2_001::b0214,test/sub001/ses-04/sub001-ses04-block4-game2_001.npy,sub001,2,7,26,0,Short,6,1.0,5,0.2857142857142857,0,1,0.849467338438246,3,5,3,0,0,0,1
sub001-ses04-block4-game2_001::b0215,test/sub001/ses-04/sub001-ses04-block4-game2_001.npy,sub001,2,4,26,0,Short,2,0.6666666666666666,3,0.5,4,5,0.8851195927088784,1,3,3,0,0,0,0
sub001-ses04-block4-game2_001::b0216,test/sub001/ses-04/sub001-ses04-block4-game2_001.npy,sub001,2,2,26,0,Short,1,1.0,2,0.5,3,2,0.8798613785136696,2,1,3,0,1,0,0
sub001-ses04-block4-game2_001::b0217,test/sub001/ses-04/sub001-ses04-block4-game2_001.npy,sub001,2,10,26,0,Short,8,0.8888888888888888,6,0.2,4,0,0.8440611910885467,2,4,5,0,0,0,0
sub001-ses04-block4-game2_001::b0218,test/sub001/ses-04/sub001-ses04-block4-game2_001.npy,sub001,2,10,26,0,Short,9,1.0,5,0.3,3,2,0.8589495027405352,2,3,5,0,1,0,0
sub001-ses04-block4-game2_001::b0219,test/sub001/ses-04/sub001-ses04-block4-game2_001.npy,sub001,2,6,26,0,Short,4,0.8,4,0.3333333333333333,1,1,0.8698226941193692,3,4,2,0,0,0,0
sub001-ses04-block4-game2_001::b0220,test/sub001/ses-04/sub001-ses04-block4-game2_001.npy,sub001,2,3,26,0,Short,2,1.0,3,0.3333333333333333,2,1,0.9129013924410344,1,4,0,0,1,0,0
sub001-ses04-block4-game2_001::b0221,test/sub001/ses-04/sub001-ses04-block4-game2_001.npy,sub001,2,6,26,0,Short,3,0.6,3,0.5,2,4,0.8579914077387123,1,2,3,0,0,0,0
sub001-ses04-block4-game2_001::b0222,test/sub001/ses-04/sub001-ses04-block4-game2_001.npy,sub001,2,4,26,0,Short,3,1.0,3,0.5,3,3,0.8618259803921569,1,2,5,0,0,0,0
sub001-ses04-block4-game2_001::b0223,test/sub001/ses-04/sub001-ses04-block4-game2_001.npy,sub001,2,3,26,0,Short,2,1.0,2,0.6666666666666666,1,1,0.8584267040149394,1,1,5,1,1,1,0
sub001-ses04-block4-game2_001::b0224,test/sub001/ses-04/sub001-ses04-block4-game2_001.npy,sub001,2,4,26,0,Short,2,0.6666666666666666,3,0.5,5,5,0.7683983753075699,1,1,5,0,0,1,0
sub001-ses04-block4-game2_001::b0225,test/sub001/ses-04/sub001-ses04-block4-game2_001.npy,sub001,2,2,26,0,Short,0,0.0,1,1.0,0,0,0.8395358143257303,1,0,5,0,0,0,0
sub001-ses04-block4-game2_001::b0226,test/sub001/ses-04/sub001-ses04-block4-game2_001.npy,sub001,2,16,26,0,Short,15,1.0,6,0.25,1,1,0.8463930852147877,2,0,5,0,0,0,0
sub001-ses04-block4-game2_001::b0227,test/sub001/ses-04/sub001-ses04-block4-game2_001.npy,sub001,2,14,26,0,Short,12,0.9230769230769231,6,0.2857142857142857,5,1,0.8660821556472439,2,1,5,0,0,0,0
sub001-ses04-block4-game2_001::b0228,test/sub001/ses-04/sub001-ses04-block4-game2_001.npy,sub001,2,4,26,0,Short,2,0.6666666666666666,2,0.5,2,0,0.8490570746294344,1,0,1,0,0,0,1
sub001-ses04-block4-game2_001::b0229,test/sub001/ses-04/sub001-ses04-block4-game2_001.npy,sub001,2,3,26,0,Short,2,1.0,3,0.3333333333333333,2,0,0.8442774479080764,1,5,2,0,0,0,0
sub001-ses04-block4-game2_001::b0230,test/sub001/ses-04/sub001-ses04-block4-game2_001.npy,sub001,2,4,26,0,Short,3,1.0,3,0.5,3,3,0.8947904490769625,1,0,2,0,0,0,0
sub001-ses04-block4-game2_001::b0231,test/sub001/ses-04/sub001-ses04-block4-game2_001.npy,sub001,2,3,26,0,Short,0,0.0,1,1.0,1,1,0.9191982534373838,1,1,5,1,1,1,0
sub001-ses04-block4-game2_001::b0232,test/sub001/ses-04/sub001-ses04-block4-game2_001.npy,sub001,2,2,26,0,Short,1,1.0,2,0.5,2,1,0.8592300556586271,1,3,1,0,1,0,1
sub001-ses04-block4-game2_001::b0233,test/sub001/ses-04/sub001-ses04-block4-game2_001.npy,sub001,2,4,26,0,Short,2,0.6666666666666666,3,0.5,5,3,0.8822695035460992,1,5,5,0,0,0,0
sub001-ses04-block4-game2_001::b0234,test/sub001/ses-04/sub001-ses04-block4-game2_001.npy,sub001,2,2,26,0,Short,1,1.0,2,0.5,3,3,0.8819573283858998,1,1,0,0,0,1,0
sub001-ses04-block4-game2_001::b0235,test/sub001/ses-04/sub001-ses04-block4-game2_001.npy,sub001,2,3,26,0,Short,2,1.0,3,0.3333333333333333,1,0,0.8945941686367217,1,0,0,1,0,0,0
sub001-ses04-block4-game2_001::b0236,test/sub001/ses-04/sub001-ses04-block4-game2_001.npy,sub001,2,2,26,0,Short,1,1.0,2,0.5,1,1,0.8687755102040816,1,5,0,1,1,0,0
sub001-ses04-block4-game2_001::b0237,test/sub001/ses-04/sub001-ses04-block4-game2_001.npy,sub001,2,2,26,0,Short,1,1.0,2,0.5,5,2,0.8425966131133305,1,0,2,0,0,0,0
sub001-ses04-block4-game2_001::b0238,test/sub001/ses-04/sub001-ses04-block4-game2_001.npy,sub001,2,2,26,0,Short,1,1.0,2,0.5,2,0,0.8546380090497737,1,4,4,0,0,0,0
sub001-ses04-block4-game2_001::b0239,test/sub001/ses-04/sub001-ses04-block4-game2_001.npy,sub001,2,2,26,0,Short,0,0.0,1,1.0,4,4,0.9221196306704136,1,1,5,0,0,1,0
sub001-ses04-block4-game2_001::b0240,test/sub001/ses-04/sub001-ses04-block4-game2_001.npy,sub001,2,4,26,0,Short,2,0.6666666666666666,3,0.5,3,5,0.83469190384084,1,4,3,0,0,0,0
sub001-ses04-block4-game2_001::b0241,test/sub001/ses-04/sub001-ses04-block4-game2_001.npy,sub001,2,2,26,0,Short,0,0.0,1,1.0,1,1,0.8310090237899919,1,1,1,1,1,1,1
sub001-ses04-block4-game2_001::b0242,test/sub001/ses-04/sub001-ses04-block4-game2_001.npy,sub001,2,27,26,1,Long,20,0.7692307692307693,6,0.2962962962962963,4,1,0.8601957841286505,3,0,2,0,0,0,0
sub001-ses04-block4-game2_001::b0243,test/sub001/ses-04/sub001-ses04-block4-game2_001.npy,sub001,2,10,26,0,Short,8,0.8888888888888888,5,0.3,1,2,0.8222290593073842,2,5,5,0,1,0,0
sub001-ses04-block4-game2_001::b0244,test/sub001/ses-04/sub001-ses04-block4-game2_001.npy,sub001,2,22,26,0,Short,16,0.7619047619047619,6,0.22727272727272727,0,3,0.8508855987831905,1,1,2,0,0,1,0
sub001-ses04-block4-game2_001::b0245,test/sub001/ses-04/sub001-ses04-block4-game2_001.npy,sub001,2,30,26,1,Long,24,0.8275862068965517,5,0.26666666666666666,0,5,0.8506263300481895,1,5,0,0,0,0,0
sub001-ses04-block4-game2_001::b0246,test/sub001/ses-04/sub001-ses04-block4-game2_001.npy,sub001,2,7,26,0,Short,5,0.8333333333333334,5,0.42857142857142855,0,3,0.8534792081866911,1,1,5,0,0,1,0
sub001-ses04-block4-game2_001::b0247,test/sub001/ses-04/sub001-ses04-block4-game2_001.npy,sub001,2,4,26,0,Short,2,0.6666666666666666,2,0.75,3,3,0.8599819076566796,1,0,5,0,0,0,0
sub001-ses04-block4-game2_001::b0248,test/sub001/ses-04/sub001-ses04-block4-game2_001.npy,sub001,2,12,26,0,Short,9,0.8181818181818182,5,0.4166666666666667,2,2,0.8468640064978609,1,5,5,0,0,0,0
sub001-ses04-block4-game2_001::b0249,test/sub001/ses-04/sub001-ses04-block4-game2_001.npy,sub001,2,4,26,0,Short,3,1.0,4,0.25,0,0,0.8275269230097917,1,1,1,0,0,1,1
sub001-ses04-block4-game2_001::b0250,test/sub001/ses-04/sub001-ses04-block4-game2_001.npy,sub001,2,2,26,0,Short,1,1.0,2,0.5,3,2,0.8486111111111111,1,1,5,0,0,1,0
sub001-ses04-block4-game2_001::b0251,test/sub001/ses-04/sub001-ses04-block4-game2_001.npy,sub001,2,4,26,0,Short,3,1.0,4,0.25,1,1,0.8416373010038778,1,3,2,1,1,0,0
sub001-ses04-block4-game2_001::b0252,test/sub001/ses-04/sub001-ses04-block4-game2_001.npy,sub001,2,3,26,0,Short,2,1.0,3,0.3333333333333333,1,1,0.8042383620114713,1,4,5,1,1,0,0
sub001-ses04-block4-game2_001::b0253,test/sub001/ses-04/sub001-ses04-block4-game2_001.npy,sub001,2,4,26,0,Short,3,1.0,3,0.5,2,2,0.8804631455849755,1,0,5,0,0,0,0
sub001-ses04-block4-game2_001::b0254,test/sub001/ses-04/sub001-ses04-block4-game2_001.npy,sub001,2,2,26,0,Short,1,1.0,2,0.5,1,1,0.903921568627451,1,2,5,1,1,0,0
sub001-ses04-block4-game2_001::b0255,test/sub001/ses-04/sub001-ses04-block4-game2_001.npy,sub001,2,2,26,0,Short,1,1.0,2,0.5,1,1,0.8389423076923077,1,2,5,1,1,0,0
sub001-ses04-block4-game2_001::b0256,test/sub001/ses-04/sub001-ses04-block4-game2_001.npy,sub001,2,2,26,0,Short,1,1.0,2,0.5,4,3,0.8482905982905983,1,5,1,0,0,0,1
sub001-ses04-block4-game2_001::b0257,test/sub001/ses-04/sub001-ses04-block4-game2_001.npy,sub001,2,3,26,0,Short,2,1.0,3,0.3333333333333333,1,1,0.8582978723404255,1,3,5,1,1,0,0
sub001-ses04-block4-game2_001::b0258,test/sub001/ses-04/sub001-ses04-block4-game2_001.npy,sub001,2,5,26,0,Short,4,1.0,3,0.4,2,2,0.8303075974079656,1,5,1,0,0,0,1
sub001-ses04-block4-game2_001::b0259,test/sub001/ses-04/sub001-ses04-block4-game2_001.npy,sub001,2,3,26,0,Short,2,1.0,2,0.6666666666666666,5,5,0.8212943387361992,1,1,1,0,0,1,1
sub001-ses04-block4-game2_001::b0260,test/sub001/ses-04/sub001-ses04-block4-game2_001.npy,sub001,2,3,26,0,Short,2,1.0,3,0.3333333333333333,4,0,0.8002463396706201,1,1,2,0,0,1,0
sub001-ses04-block4-game2_001::b0261,test/sub001/ses-04/sub001-ses04-block4-game2_001.npy,sub001,2,2,26,0,Short,1,1.0,2,0.5,3,3,0.8273322422258592,1,5,3,0,0,0,0
sub001-ses04-block4-game2_001::b0262,test/sub001/ses-04/sub001-ses04-block4-game2_001.npy,sub001,2,2,26,0,Short,1,1.0,2,0.5,4,3,0.8417553191489362,1,1,0,0,0,1,0
sub001-ses04-block4-game2_001::b0263,test/sub001/ses-04/sub001-ses04-block4-game2_001.npy,sub001,2,2,26,0,Short,1,1.0,2,0.5,4,4,0.9163708961845608,1,0,5,0,0,0,0
sub001-ses04-block4-game2_001::b0264,test/sub001/ses-04/sub001-ses04-block4-game2_001.npy,sub001,2,2,26,0,Short,1,1.0,2,0.5,3,0,0.8639937106918238,1,0,1,0,0,0,1
sub001-ses04-block4-game2_001::b0265,test/sub001/ses-04/sub001-ses04-block4-game2_001.npy,sub001,2,2,26,0,Short,0,0.0,1,1.0,1,1,0.8365384615384615,1,1,5,1,1,1,0
sub001-ses04-block4-game2_001::b0266,test/sub001/ses-04/sub001-ses04-block4-game2_001.npy,sub001,2,2,26,0,Short,1,1.0,2,0.5,2,2,0.8035426731078905,1,4,5,0,0,0,0
sub001-ses04-block4-game2_001::b0267,test/sub001/ses-04/sub001-ses04-block4-game2_001.npy,sub001,2,2,26,0,Short,1,1.0,2,0.5,0,0,0.8471005423445974,1,5,1,0,0,0,1
sub001-ses04-block4-game2_001::b0268,test/sub001/ses-04/sub001-ses04-block4-game2_001.npy,sub001,2,4,26,0,Short,3,1.0,4,0.25,4,0,0.8680682726374547,1,5,4,0,0,0,0
sub001-ses04-block4-game2_001::b0269,test/sub001/ses-04/sub001-ses04-block4-game2_001.npy,sub001,2,3,26,0,Short,2,1.0,2,0.6666666666666666,2,2,0.8067080378250591,1,1,1,0,0,1,1
sub001-ses04-block4-game2_001::b0270,test/sub001/ses-04/sub001-ses04-block4-game2_001.npy,sub001,2,2,26,0,Short,1,1.0,2,0.5,2,1,0.857919621749409,3,3,4,0,0,1,0
sub001-ses04-block4-game2_001::b0271,test/sub001/ses-04/sub001-ses04-block4-game2_001.npy,sub001,2,3,26,0,Short,1,0.5,2,0.6666666666666666,4,3,0.8921296296296296,1,4,0,0,0,0,0
sub001-ses04-block4-game2_001::b0272,test/sub001/ses-04/sub001-ses04-block4-game2_001.npy,sub001,2,2,26,0,Short,1,1.0,2,0.5,0,0,0.8683673469387756,1,0,1,0,0,0,1
sub001-ses04-block4-game2_001::b0273,test/sub001/ses-04/sub001-ses04-block4-game2_001.npy,sub001,2,10,26,0,Short,9,1.0,4,0.3,1,0,0.8375826527998719,1,3,1,1,0,0,1
sub001-ses04-block4-game2_001::b0274,test/sub001/ses-04/sub001-ses04-block4-game2_001.npy,sub001,2,3,26,0,Short,1,0.5,2,0.6666666666666666,1,1,0.8833043057571359,1,0,5,1,1,0,0
sub001-ses04-block4-game2_001::b0275,test/sub001/ses-04/sub001-ses04-block4-game2_001.npy,sub001,2,5,26,0,Short,3,0.75,4,0.4,5,5,0.8882536470175226,2,0,0,0,0,0,0
sub001-ses04-block4-game2_001::b0276,test/sub001/ses-04/sub001-ses04-block4-game2_001.npy,sub001,2,7,26,0,Short,5,0.8333333333333334,5,0.42857142857142855,0,0,0.8844096347406414,2,2,1,0,0,1,0
sub001-ses04-block4-game2_001::b0277,test/sub001/ses-04/sub001-ses04-block4-game2_001.npy,sub001,2,5,26,0,Short,3,0.75,3,0.6,1,1,0.8189878419452887,1,5,3,1,1,0,0
sub001-ses04-block4-game2_001::b0278,test/sub001/ses-04/sub001-ses04-block4-game2_001.npy,sub001,2,6,26,0,Short,3,0.6,3,0.5,4,4,0.8723324483727811,1,0,2,0,0,0,0
sub001-ses04-block4-game2_001::b0279,test/sub001/ses-04/sub001-ses04-block4-game2_001.npy,sub001,2,3,26,0,Short,2,1.0,3,0.3333333333333333,5,1,0.8422222222222221,2,2,1,0,0,1,0
sub001-ses04-block4-game2_001::b0280,test/sub001/ses-04/sub001-ses04-block4-game2_001.npy,sub001,2,11,26,0,Short,10,1.0,6,0.2727272727272727,1,3,0.8349738942173196,1,5,5,1,0,0,0
sub001-ses04-block4-game2_001::b0281,test/sub001/ses-04/sub001-ses04-block4-game2_001.npy,sub001,2,14,26,0,Short,12,0.9230769230769231,5,0.2857142857142857,3,1,0.8299941367831273,3,4,4,1,0,0,0
sub001-ses04-block4-game2_001::b0282,test/sub001/ses-04/sub001-ses04-block4-game2_001.npy,sub001,2,12,26,0,Short,10,0.9090909090909091,4,0.3333333333333333,1,4,0.8070951787588007,2,4,4,0,0,0,0
sub001-ses04-block4-game2_001::b0283,test/sub001/ses-04/sub001-ses04-block4-game2_001.npy,sub001,2,38,26,1,Long,33,0.8918918918918919,6,0.2631578947368421,2,0,0.8356903702532419,1,4,2,0,0,0,0
sub001-ses04-block4-game2_001::b0284,test/sub001/ses-04/sub001-ses04-block4-game2_001.npy,sub001,2,3,26,0,Short,2,1.0,3,0.3333333333333333,5,1,0.8395478625010823,1,2,0,0,1,0,0
sub001-ses04-block4-game2_001::b0285,test/sub001/ses-04/sub001-ses04-block4-game2_001.npy,sub001,2,3,26,0,Short,2,1.0,3,0.3333333333333333,4,0,0.825944870701904,1,5,2,0,0,0,0
sub001-ses04-block4-game2_001::b0286,test/sub001/ses-04/sub001-ses04-block4-game2_001.npy,sub001,2,4,26,0,Short,2,0.6666666666666666,3,0.5,5,3,0.8589904472427269,1,1,5,0,0,1,0
sub001-ses04-block4-game2_001::b0287,test/sub001/ses-04/sub001-ses04-block4-game2_001.npy,sub001,2,4,26,0,Short,3,1.0,4,0.25,3,0,0.8318459655845674,1,4,5,0,0,0,0
sub001-ses04-block4-game2_001::b0288,test/sub001/ses-04/sub001-ses04-block4-game2_001.npy,sub001,2,4,26,0,Short,3,1.0,4,0.25,2,2,0.8231538069773363,1,1,1,0,0,1,1
sub001-ses04-block4-game2_001::b0289,test/sub001/ses-04/sub001-ses04-block4-game2_001.npy,sub001,2,3,26,0,Short,1,0.5,2,0.6666666666666666,3,4,0.8315240990013026,1,5,1,0,0,0,1
sub001-ses04-block4-game2_001::b0290,test/sub001/ses-04/sub001-ses04-block4-game2_001.npy,sub001,2,2,26,0,Short,1,1.0,2,0.5,0,0,0.8578753076292043,1,1,4,0,0,1,0
sub001-ses04-block4-game2_001::b0291,test/sub001/ses-04/sub001-ses04-block4-game2_001.npy,sub001,2,20,26,0,Short,17,0.8947368421052632,6,0.35,1,5,0.8191506070786196,3,4,5,0,0,0,0
sub001-ses04-block4-game2_001::b0292,test/sub001/ses-04/sub001-ses04-block4-game2_001.npy,sub001,2,13,26,0,Short,12,1.0,6,0.23076923076923078,2,2,0.8347179306870066,2,4,0,1,1,0,0
sub001-ses04-block4-game2_001::b0293,test/sub001/ses-04/sub001-ses04-block4-game2_001.npy,sub001,2,17,26,0,Short,15,0.9375,6,0.29411764705882354,2,3,0.8315089735936892,1,0,0,0,0,0,0
sub001-ses04-block4-game2_001::b0294,test/sub001/ses-04/sub001-ses04-block4-game2_001.npy,sub001,2,6,26,0,Short,5,1.0,3,0.5,3,1,0.8884728142464716,1,1,1,0,1,1,1
sub001-ses04-block4-game2_001::b0295,test/sub001/ses-04/sub001-ses04-block4-game2_001.npy,sub001,2,6,26,0,Short,4,0.8,4,0.5,3,3,0.8218994184325848,1,3,3,0,0,0,0
sub001-ses04-block4-game2_001::b0296,test/sub001/ses-04/sub001-ses04-block4-game2_001.npy,sub001,2,3,26,0,Short,2,1.0,2,0.6666666666666666,3,3,0.8734903381642511,1,0,1,0,0,0,1
sub001-ses04-block4-game2_001::b0297,test/sub001/ses-04/sub001-ses04-block4-game2_001.npy,sub001,2,2,26,0,Short,1,1.0,2,0.5,5,1,0.8602700490998363,1,1,1,0,1,1,1
sub001-ses04-block4-game2_001::b0298,test/sub001/ses-04/sub001-ses04-block4-game2_001.npy,sub001,2,4,26,0,Short,2,0.6666666666666666,3,0.5,5,4,0.8205649032167979,1,3,3,0,0,0,0
sub001-ses04-block4-game2_001::b0299,test/sub001/ses-04/sub001-ses04-block4-game2_001.npy,sub001,2,2,26,0,Short,1,1.0,2,0.5,3,1,0.9041666666666667,1,3,5,0,1,0,0
sub001-ses04-block4-game2_001::b0300,test/sub001/ses-04/sub001-ses04-block4-game2_001.npy,sub001,2,3,26,0,Short,2,1.0,2,0.6666666666666666,1,1,0.8224678760393046,1,2,1,1,1,0,1
sub001-ses04-block4-game2_001::b0301,test/sub001/ses-04/sub001-ses04-block4-game2_001.npy,sub001,2,4,26,0,Short,3,1.0,3,0.5,0,0,0.856892006802721,2,4,3,0,0,0,0
sub001-ses04-block4-game2_001::b0302,test/sub001/ses-04/sub001-ses04-block4-game2_001.npy,sub001,2,26,26,1,Long,20,0.8,6,0.38461538461538464,0,2,0.8675777587094943,2,0,2,0,1,0,1
sub001-ses04-block4-game2_001::b0303,test/sub001/ses-04/sub001-ses04-block4-game2_001.npy,sub001,2,3,26,0,Short,2,1.0,3,0.3333333333333333,0,0,0.8673047233077628,1,1,4,0,0,1,0
sub001-ses04-block4-game2_001::b0304,test/sub001/ses-04/sub001-ses04-block4-game2_001.npy,sub001,2,3,26,0,Short,2,1.0,3,0.3333333333333333,3,0,0.8771479500891265,1,0,1,0,0,0,1
sub001-ses04-block4-game2_001::b0305,test/sub001/ses-04/sub001-ses04-block4-game2_001.npy,sub001,2,3,26,0,Short,2,1.0,3,0.3333333333333333,4,3,0.8322990543735225,1,2,2,0,0,0,0
sub001-ses04-block4-game2_001::b0306,test/sub001/ses-04/sub001-ses04-block4-game2_001.npy,sub001,2,2,26,0,Short,1,1.0,2,0.5,3,1,0.9018140589569161,1,4,4,0,1,0,0
sub001-ses04-block4-game2_001::b0307,test/sub001/ses-04/sub001-ses04-block4-game2_001.npy,sub001,2,1,26,0,Short,0,0.0,1,1.0,0,0,0.8,2,1,1,0,0,0,0
sub001-ses04-block4-game2_001::b0308,test/sub001/ses-04/sub001-ses04-block4-game2_001.npy,sub001,2,6,26,0,Short,4,0.8,4,0.5,1,5,0.8298734952918365,1,2,2,1,0,0,0
sub001-ses04-block4-game2_001::b0309,test/sub001/ses-04/sub001-ses04-block4-game2_001.npy,sub001,2,4,26,0,Short,2,0.6666666666666666,2,0.5,5,2,0.9017868044653758,1,5,1,0,0,0,1
sub001-ses04-block4-game2_001::b0310,test/sub001/ses-04/sub001-ses04-block4-game2_001.npy,sub001,2,4,26,0,Short,3,1.0,4,0.25,5,0,0.8391162262006252,1,0,2,0,0,0,0
sub001-ses04-block4-game2_001::b0311,test/sub001/ses-04/sub001-ses04-block4-game2_001.npy,sub001,2,10,26,0,Short,5,0.5555555555555556,4,0.4,0,1,0.8395158174278036,2,3,4,0,0,0,0
sub001-ses04-block4-game2_001::b0312,test/sub001/ses-04/sub001-ses04-block4-game2_001.npy,sub001,2,3,26,0,Short,2,1.0,2,0.6666666666666666,3,3,0.7994071146245059,1,3,5,0,0,0,0
sub001-ses04-block4-game2_001::b0313,test/sub001/ses-04/sub001-ses04-block4-game2_001.npy,sub001,2,4,26,0,Short,3,1.0,3,0.5,5,3,0.8726135730211817,1,4,4,0,0,0,0
sub001-ses04-block4-game2_001::b0314,test/sub001/ses-04/sub001-ses04-block4-game2_001.npy,sub001,2,7,26,0,Short,6,1.0,5,0.2857142857142857,0,0,0.848604415275487,1,3,3,0,0,0,0
sub001-ses04-block4-game2_001::b0315,test/sub001/ses-04/sub001-ses04-block4-game2_001.npy,sub001,2,4,26,0,Short,2,0.6666666666666666,3,0.5,0,3,0.8039772727272728,1,5,1,0,0,0,1
sub001-ses04-block4-game2_001::b0316,test/sub001/ses-04/sub001-ses04-block4-game2_001.npy,sub001,2,28,26,1,Long,25,0.9259259259259259,6,0.2857142857142857,3,3,0.8300091278873104,3,5,2,1,1,0,0
sub001-ses04-block4-game2_001::b0317,test/sub001/ses-04/sub001-ses04-block4-game2_001.npy,sub001,2,4,26,0,Short,2,0.6666666666666666,3,0.5,3,3,0.8080046247748112,1,0,1,0,0,0,1
sub001-ses04-block4-game2_001::b0318,test/sub001/ses-04/sub001-ses04-block4-game2_001.npy,sub001,2,9,26,0,Short,7,0.875,4,0.4444444444444444,4,3,0.8234359144038232,1,5,5,0,0,0,0
sub001-ses04-block4-game2_001::b0319,test/sub001/ses-04/sub001-ses04-block4-game2_001.npy,sub001,2,6,26,0,Short,4,0.8,3,0.5,5,5,0.8452567417935133,1,5,0,0,0,0,0
sub001-ses04-block4-game2_001::b0320,test/sub001/ses-04/sub001-ses04-block4-game2_001.npy,sub001,2,53,26,1,Long,42,0.8076923076923077,6,0.24528301886792453,4,1,0.8062849695285806,1,5,2,0,1,0,0
sub001-ses04-block4-game2_001::b0321,test/sub001/ses-04/sub001-ses04-block4-game2_001.npy,sub001,2,3,26,0,Short,2,1.0,3,0.3333333333333333,3,1,0.7557899971582835,1,3,3,0,1,0,0
sub001-ses04-block4-game2_001::b0322,test/sub001/ses-04/sub001-ses04-block4-game2_001.npy,sub001,2,4,26,0,Short,1,0.3333333333333333,2,0.75,0,0,0.7676994054577642,1,3,0,0,0,0,0
sub001-ses04-block4-game2_001::b0323,test/sub001/ses-04/sub001-ses04-block4-game2_001.npy,sub001,2,25,26,0,Short,16,0.6666666666666666,6,0.36,2,3,0.8277282307681013,3,5,5,0,1,0,0
sub001-ses04-block4-game2_001::b0324,test/sub001/ses-04/sub001-ses04-block4-game2_001.npy,sub001,2,3,26,0,Short,2,1.0,3,0.3333333333333333,4,2,0.9031884057971014,1,0,2,0,0,0,0
sub001-ses04-block4-game2_001::b0325,test/sub001/ses-04/sub001-ses04-block4-game2_001.npy,sub001,2,2,26,0,Short,1,1.0,2,0.5,2,1,0.83195831524099,1,5,5,0,1,0,0
sub001-ses04-block4-game2_001::b0326,test/sub001/ses-04/sub001-ses04-block4-game2_001.npy,sub001,2,1,26,0,Short,0,0.0,1,1.0,2,2,0.8163265306122449,2,2,4,1,1,1,0
sub001-ses04-block4-game2_001::b0327,test/sub001/ses-04/sub001-ses04-block4-game2_001.npy,sub001,2,26,26,1,Long,20,0.8,6,0.2692307692307692,3,3,0.829652380850334,3,5,3,1,1,0,1
sub001-ses04-block4-game2_001::b0328,test/sub001/ses-04/sub001-ses04-block4-game2_001.npy,sub001,2,24,26,0,Short,21,0.9130434782608695,6,0.25,1,5,0.8325105076355324,1,3,5,1,0,0,0
sub001-ses04-block4-game2_001::b0329,test/sub001/ses-04/sub001-ses04-block4-game2_001.npy,sub001,2,44,26,1,Long,39,0.9069767441860465,6,0.3181818181818182,1,3,0.8059188543447203,3,0,2,0,1,0,0
sub001-ses04-block4-game2_001::b0330,test/sub001/ses-04/sub001-ses04-block4-game2_001.npy,sub001,2,10,26,0,Short,8,0.8888888888888888,6,0.3,5,4,0.8241343589893214,1,5,0,0,0,0,0
sub001-ses04-block4-game2_001::b0331,test/sub001/ses-04/sub001-ses04-block4-game2_001.npy,sub001,2,22,26,0,Short,15,0.7142857142857143,5,0.4090909090909091,3,5,0.8176911881671132,3,4,1,1,0,0,0
sub001-ses04-block4-game2_001::b0332,test/sub001/ses-04/sub001-ses04-block4-game2_001.npy,sub001,2,4,26,0,Short,3,1.0,3,0.5,3,3,0.8068435652745813,2,1,1,0,0,0,0
sub001-ses04-block4-game2_001::b0333,test/sub001/ses-04/sub001-ses04-block4-game2_001.npy,sub001,2,6,26,0,Short,4,0.8,3,0.5,2,3,0.8104283250624714,1,2,1,0,0,0,1
sub001-ses04-block4-game2_001::b0334,test/sub001/ses-04/sub001-ses04-block4-game2_001.npy,sub001,2,5,26,0,Short,3,0.75,3,0.4,1,1,0.8090051065717543,2,1,1,0,0,0,0
sub001-ses04-block4-game2_001::b0335,test/sub001/ses-04/sub001-ses04-block4-game2_001.npy,sub001,2,10,26,0,Short,7,0.7777777777777778,6,0.3,0,0,0.8373517077214128,2,0,5,0,0,0,0
sub001-ses04-block4-game2_001::b0336,test/sub001/ses-04/sub001-ses04-block4-game2_001.npy,sub001,2,2,26,0,Short,1,1.0,2,0.5,3,1,0.8206521739130435,1,4,4,0,1,0,0
sub001-ses04-block4-game2_001::b0337,test/sub001/ses-04/sub001-ses04-block4-game2_001.npy,sub001,2,28,26,1,Long,23,0.8518518518518519,6,0.2857142857142857,0,5,0.8274591074039829,1,3,2,0,0,0,0
sub001-ses04-block4-game2_001::b0338,test/sub001/ses-04/sub001-ses04-block4-game2_001.npy,sub001,2,7,26,0,Short,5,0.8333333333333334,4,0.42857142857142855,1,5,0.8164183026969586,1,3,2,1,0,0,0
sub001-ses04-block4-game2_001::b0339,test/sub001/ses-04/sub001-ses04-block4-game2_001.npy,sub001,2,30,26,1,Long,20,0.6896551724137931,6,0.26666666666666666,2,3,0.8245197642559055,1,5,1,0,0,0,1
sub001-ses04-block4-game2_001::b0340,test/sub001/ses-04/sub001-ses04-block4-game2_001.npy,sub001,2,2,26,0,Short,1,1.0,2,0.5,2,2,0.8315190499752598,1,2,5,0,0,0,0
sub001-ses04-block4-game2_001::b0341,test/sub001/ses-04/sub001-ses04-block4-game2_001.npy,sub001,2,43,26,1,Long,34,0.8095238095238095,6,0.2558139534883721,4,3,0.8067638086120027,3,0,0,0,1,0,0
sub001-ses04-block4-game2_001::b0342,test/sub001/ses-04/sub001-ses04-block4-game2_001.npy,sub001,2,48,26,1,Long,42,0.8936170212765957,6,0.22916666666666666,5,1,0.8007782236633192,1,0,0,0,1,0,0
sub001-ses04-block4-game2_001::b0343,test/sub001/ses-04/sub001-ses04-block4-game2_001.npy,sub001,2,199,26,1,Long,175,0.8838383838383839,6,0.22613065326633167,4,0,0.8414221029753699,2,1,1,0,0,0,0
sub001-ses04-block4-game2_001::b0344,test/sub001/ses-04/sub001-ses04-block4-game2_001.npy,sub001,2,25,26,0,Short,18,0.75,5,0.48,3,1,0.8671181881968668,2,4,0,0,0,0,0
sub001-ses04-block4-game2_001::b0345,test/sub001/ses-04/sub001-ses04-block4-game2_001.npy,sub001,2,6,26,0,Short,3,0.6,3,0.5,5,0,0.8401072742933208,1,5,5,0,0,0,0
sub001-ses04-block4-game2_001::b0346,test/sub001/ses-04/sub001-ses04-block4-game2_001.npy,sub001,2,18,26,0,Short,13,0.7647058823529411,6,0.2777777777777778,1,0,0.8672951036661759,1,5,5,1,0,0,0
sub001-ses04-block4-game2_001::b0347,test/sub001/ses-04/sub001-ses04-block4-game2_001.npy,sub001,2,3,26,0,Short,2,1.0,3,0.3333333333333333,4,1,0.8845538215286114,1,3,0,0,1,0,0
sub001-ses04-block4-game2_001::b0348,test/sub001/ses-04/sub001-ses04-block4-game2_001.npy,sub001,2,3,26,0,Short,2,1.0,3,0.3333333333333333,1,0,0.8049514755397108,1,1,5,1,0,1,0
sub001-ses04-block4-game2_001::b0349,test/sub001/ses-04/sub001-ses04-block4-game2_001.npy,sub001,2,2,26,0,Short,1,1.0,2,0.5,1,1,0.9109848484848485,1,3,1,1,1,0,1
sub001-ses04-block4-game2_001::b0350,test/sub001/ses-04/sub001-ses04-block4-game2_001.npy,sub001,2,6,26,0,Short,3,0.6,3,0.5,0,0,0.8678127039140806,1,5,1,0,0,0,1
sub001-ses04-block4-game2_001::b0351,test/sub001/ses-04/sub001-ses04-block4-game2_001.npy,sub001,2,2,26,0,Short,0,0.0,1,1.0,0,0,0.7781818181818181,1,3,2,0,0,0,0
sub001-ses04-block4-game2_001::b0352,test/sub001/ses-04/sub001-ses04-block4-game2_001.npy,sub001,2,2,26,0,Short,1,1.0,2,0.5,1,1,0.8720238095238095,1,2,3,1,1,0,0
sub001-ses04-block4-game2_001::b0353,test/sub001/ses-04/sub001-ses04-block4-game2_001.npy,sub001,2,8,26,0,Short,6,0.8571428571428571,5,0.25,4,1,0.8331890360635809,1,3,3,0,1,0,0
sub001-ses04-block4-game2_001::b0354,test/sub001/ses-04/sub001-ses04-block4-game2_001.npy,sub001,2,5,26,0,Short,3,0.75,2,0.6,4,4,0.8631071858691289,1,3,1,0,0,0,1
sub001-ses04-block4-game2_001::b0355,test/sub001/ses-04/sub001-ses04-block4-game2_001.npy,sub001,2,4,26,0,Short,3,1.0,4,0.25,3,0,0.8479716024340771,1,2,1,0,0,0,1
sub001-ses04-block4-game2_001::b0356,test/sub001/ses-04/sub001-ses04-block4-game2_001.npy,sub001,2,4,26,0,Short,2,0.6666666666666666,3,0.5,0,1,0.815067681644501,1,3,5,0,1,0,0
sub001-ses04-block4-game2_001::b0357,test/sub001/ses-04/sub001-ses04-block4-game2_001.npy,sub001,2,4,26,0,Short,2,0.6666666666666666,2,0.75,4,4,0.8904958521870286,1,1,1,0,0,1,1
sub001-ses04-block4-game2_001::b0358,test/sub001/ses-04/sub001-ses04-block4-game2_001.npy,sub001,2,3,26,0,Short,2,1.0,3,0.3333333333333333,0,0,0.8206215819661198,1,4,5,0,0,0,0
sub001-ses04-block4-game2_001::b0359,test/sub001/ses-04/sub001-ses04-block4-game2_001.npy,sub001,2,3,26,0,Short,2,1.0,3,0.3333333333333333,2,1,0.8255972156304382,1,3,1,0,1,0,1
sub001-ses04-block4-game2_001::b0360,test/sub001/ses-04/sub001-ses04-block4-game2_001.npy,sub001,2,3,26,0,Short,2,1.0,3,0.3333333333333333,1,1,0.8753086419753086,1,5,5,1,1,0,0
sub001-ses04-block4-game2_001::b0361,test/sub001/ses-04/sub001-ses04-block4-game2_001.npy,sub001,2,4,26,0,Short,3,1.0,3,0.5,3,1,0.8575645857325354,1,2,1,0,1,0,1
sub001-ses04-block4-game2_001::b0362,test/sub001/ses-04/sub001-ses04-block4-game2_001.npy,sub001,2,2,26,0,Short,1,1.0,2,0.5,3,3,0.8845283018867924,1,1,5,0,0,1,0
sub001-ses04-block4-game2_001::b0363,test/sub001/ses-04/sub001-ses04-block4-game2_001.npy,sub001,2,2,26,0,Short,1,1.0,2,0.5,5,1,0.8605882352941177,1,5,5,0,1,0,0
sub001-ses04-block4-game2_001::b0364,test/sub001/ses-04/sub001-ses04-block4-game2_001.npy,sub001,2,2,26,0,Short,1,1.0,2,0.5,4,0,0.8318181818181818,1,4,4,0,0,0,0
sub001-ses04-block4-game2_001::b0365,test/sub001/ses-04/sub001-ses04-block4-game2_001.npy,sub001,2,2,26,0,Short,1,1.0,2,0.5,5,0,0.8404961565338924,1,4,0,0,0,0,0
sub001-ses04-block4-game2_001::b0366,test/sub001/ses-04/sub001-ses04-block4-game2_001.npy,sub001,2,1,26,0,Short,0,0.0,1,1.0,3,3,0.8620689655172413,1,0,0,0,0,0,0
sub001-ses04-block4-game2_001::b0367,test/sub001/ses-04/sub001-ses04-block4-game2_001.npy,sub001,2,1,26,0,Short,0,0.0,1,1.0,2,2,0.875,2,0,1,1,1,0,0
sub001-ses04-block4-game2_001::b0368,test/sub001/ses-04/sub001-ses04-block4-game2_001.npy,sub001,2,14,26,0,Short,10,0.7692307692307693,6,0.2857142857142857,1,1,0.8539594908408799,3,1,1,0,0,0,0
sub001-ses04-block4-game2_001::b0369,test/sub001/ses-04/sub001-ses04-block4-game2_001.npy,sub001,2,3,26,0,Short,2,1.0,3,0.3333333333333333,0,0,0.8622910702742635,1,0,5,0,0,0,0
sub001-ses04-block4-game2_001::b0370,test/sub001/ses-04/sub001-ses04-block4-game2_001.npy,sub001,2,3,26,0,Short,1,0.5,2,0.6666666666666666,1,0,0.8410186976144423,1,2,1,1,0,0,1
sub001-ses04-block4-game2_001::b0371,test/sub001/ses-04/sub001-ses04-block4-game2_001.npy,sub001,2,3,26,0,Short,1,0.5,2,0.6666666666666666,1,4,0.8172789115646258,1,3,1,1,0,0,1
sub001-ses04-block4-game2_001::b0372,test/sub001/ses-04/sub001-ses04-block4-game2_001.npy,sub001,2,3,26,0,Short,2,1.0,3,0.3333333333333333,5,0,0.8102836879432624,1,3,1,0,0,0,1
sub001-ses04-block4-game2_001::b0373,test/sub001/ses-04/sub001-ses04-block4-game2_001.npy,sub001,2,3,26,0,Short,2,1.0,3,0.3333333333333333,1,0,0.8092325974678917,1,2,4,1,0,0,0
sub001-ses04-block4-game2_001::b0374,test/sub001/ses-04/sub001-ses04-block4-game2_001.npy,sub001,2,2,26,0,Short,0,0.0,1,1.0,2,2,0.8238851095993953,1,1,2,0,0,1,0
sub001-ses04-block4-game2_001::b0375,test/sub001/ses-04/sub001-ses04-block4-game2_001.npy,sub001,2,2,26,0,Short,1,1.0,2,0.5,0,0,0.861357586512866,1,0,1,0,0,0,1
sub001-ses04-block4-game2_001::b0376,test/sub001/ses-04/sub001-ses04-block4-game2_001.npy,sub001,2,3,26,0,Short,2,1.0,2,0.6666666666666666,5,5,0.7881109366823652,1,2,0,0,0,0,0
sub001-ses04-block4-game2_001::b0377,test/sub001/ses-04/sub001-ses04-block4-game2_001.npy,sub001,2,4,26,0,Short,3,1.0,4,0.25,3,0,0.8169640930473436,1,0,1,0,0,0,1
sub001-ses04-block4-game2_001::b0378,test/sub001/ses-04/sub001-ses04-block4-game2_001.npy,sub001,2,3,26,0,Short,2,1.0,3,0.3333333333333333,1,1,0.8526621715880026,1,3,2,1,1,0,0
sub001-ses04-block4-game2_001::b0379,test/sub001/ses-04/sub001-ses04-block4-game2_001.npy,sub001,2,9,26,0,Short,7,0.875,5,0.3333333333333333,0,0,0.8608246655647691,2,3,1,0,0,0,0
sub001-ses04-block4-game2_001::b0380,test/sub001/ses-04/sub001-ses04-block4-game2_001.npy,sub001,2,26,26,1,Long,16,0.64,6,0.34615384615384615,1,1,0.8503081228136325,2,4,2,0,0,0,1
sub001-ses04-block4-game2_001::b0381,test/sub001/ses-04/sub001-ses04-block4-game2_001.npy,sub001,2,11,26,0,Short,5,0.5,4,0.5454545454545454,2,1,0.860455373481667,2,0,2,1,0,0,1
sub001-ses04-block4-game2_001::b0382,test/sub001/ses-04/sub001-ses04-block4-game2_001.npy,sub001,2,8,26,0,Short,7,1.0,4,0.375,1,1,0.8761611588390056,2,5,2,0,0,0,1
sub001-ses04-block4-game2_001::b0383,test/sub001/ses-04/sub001-ses04-block4-game2_001.npy,sub001,2,7,26,0,Short,5,0.8333333333333334,3,0.42857142857142855,5,0,0.855487087283426,2,1,0,0,0,0,0
sub001-ses04-block4-game2_001::b0384,test/sub001/ses-04/sub001-ses04-block4-game2_001.npy,sub001,2,4,26,0,Short,2,0.6666666666666666,2,0.75,1,1,0.9005993701828557,1,1,2,1,1,1,0
sub001-ses04-block4-game2_001::b0385,test/sub001/ses-04/sub001-ses04-block4-game2_001.npy,sub001,2,4,26,0,Short,2,0.6666666666666666,3,0.5,0,3,0.8254246466028272,1,1,5,0,0,1,0
sub001-ses04-block4-game2_001::b0386,test/sub001/ses-04/sub001-ses04-block4-game2_001.npy,sub001,2,7,26,0,Short,4,0.6666666666666666,3,0.5714285714285714,1,1,0.8325865665415101,2,5,5,0,0,0,0
sub001-ses04-block4-game2_001::b0387,test/sub001/ses-04/sub001-ses04-block4-game2_001.npy,sub001,2,8,26,0,Short,4,0.5714285714285714,4,0.5,2,0,0.8467347318205728,3,1,1,0,0,0,0
sub001-ses04-block4-game2_001::b0388,test/sub001/ses-04/sub001-ses04-block4-game2_001.npy,sub001,2,1,26,0,Short,0,0.0,1,1.0,0,0,0.78,1,1,1,0,0,1,1
sub001-ses04-block4-game2_001::b0389,test/sub001/ses-04/sub001-ses04-block4-game2_001.npy,sub001,2,8,26,0,Short,6,0.8571428571428571,6,0.25,1,1,0.862533577483153,2,4,1,0,0,0,0
sub001-ses04-block4-game2_001::b0390,test/sub001/ses-04/sub001-ses04-block4-game2_001.npy,sub001,2,5,26,0,Short,3,0.75,3,0.4,5,0,0.8318480316579299,1,3,1,0,0,0,1
sub001-ses04-block4-game2_001::b0391,test/sub001/ses-04/sub001-ses04-block4-game2_001.npy,sub001,2,2,26,0,Short,1,1.0,2,0.5,2,2,0.7821969696969697,1,4,5,0,0,0,0
sub001-ses04-block4-game2_001::b0392,test/sub001/ses-04/sub001-ses04-block4-game2_001.npy,sub001,2,2,26,0,Short,1,1.0,2,0.5,0,0,0.8649665551839465,1,5,0,0,0,0,0
sub001-ses04-block4-game2_001::b0393,test/sub001/ses-04/sub001-ses04-block4-game2_001.npy,sub001,2,4,26,0,Short,3,1.0,3,0.5,1,1,0.8719199346405229,1,5,5,1,1,0,0
sub001-ses04-block4-game2_001::b0394,test/sub001/ses-04/sub001-ses04-block4-game2_001.npy,sub001,2,3,26,0,Short,2,1.0,3,0.3333333333333333,2,0,0.8204663693794129,1,0,4,0,0,0,0
sub001-ses04-block4-game2_001::b0395,test/sub001/ses-04/sub001-ses04-block4-game2_001.npy,sub001,2,3,26,0,Short,2,1.0,3,0.3333333333333333,5,2,0.8400455927051672,1,1,1,0,0,1,1
sub001-ses04-block4-game2_001::b0396,test/sub001/ses-04/sub001-ses04-block4-game2_001.npy,sub001,2,3,26,0,Short,2,1.0,3,0.3333333333333333,5,0,0.8068146777674993,1,2,5,0,0,0,0
sub001-ses04-block4-game2_001::b0397,test/sub001/ses-04/sub001-ses04-block4-game2_001.npy,sub001,2,3,26,0,Short,1,0.5,2,0.6666666666666666,2,2,0.822157848646705,1,5,0,0,0,0,0
sub001-ses04-block4-game2_001::b0398,test/sub001/ses-04/sub001-ses04-block4-game2_001.npy,sub001,2,3,26,0,Short,2,1.0,3,0.3333333333333333,0,0,0.817966903073286,1,3,5,0,0,0,0
sub001-ses04-block4-game2_001::b0399,test/sub001/ses-04/sub001-ses04-block4-game2_001.npy,sub001,2,10,26,0,Short,8,0.8888888888888888,6,0.3,3,5,0.8066920030873519,1,1,1,0,0,1,1
sub001-ses04-block4-game2_001::b0400,test/sub001/ses-04/sub001-ses04-block4-game2_001.npy,sub001,2,4,26,0,Short,2,0.6666666666666666,2,0.5,1,1,0.8095408291985534,3,1,1,0,0,0,0
sub001-ses04-block4-game2_001::b0401,test/sub001/ses-04/sub001-ses04-block4-game2_001.npy,sub001,2,5,26,0,Short,3,0.75,3,0.4,5,3,0.8141347517730498,1,1,2,0,0,1,0
sub001-ses04-block4-game2_001::b0402,test/sub001/ses-04/sub001-ses04-block4-game2_001.npy,sub001,2,4,26,0,Short,2,0.6666666666666666,3,0.5,5,4,0.8453287589739453,1,5,1,0,0,0,1
sub001-ses04-block4-game2_001::b0403,test/sub001/ses-04/sub001-ses04-block4-game2_001.npy,sub001,2,2,26,0,Short,1,1.0,2,0.5,2,1,0.8436113575865128,1,5,0,0,1,0,0
sub001-ses04-block4-game2_001::b0404,test/sub001/ses-04/sub001-ses04-block4-game2_001.npy,sub001,2,3,26,0,Short,2,1.0,3,0.3333333333333333,1,0,0.8142138364779875,3,1,5,0,0,0,0
sub001-ses04-block4-game2_001::b0405,test/sub001/ses-04/sub001-ses04-block4-game2_001.npy,sub001,2,17,26,0,Short,13,0.8125,5,0.29411764705882354,4,1,0.8345689215857284,3,1,1,0,0,0,0
sub001-ses04-block4-game2_001::b0406,test/sub001/ses-04/sub001-ses04-block4-game2_001.npy,sub001,2,18,26,0,Short,12,0.7058823529411765,6,0.3888888888888889,0,4,0.8813361817702139,2,5,1,0,0,0,0
sub001-ses04-block4-game2_001::b0407,test/sub001/ses-04/sub001-ses04-block4-game2_001.npy,sub001,2,4,26,0,Short,2,0.6666666666666666,2,0.5,0,0,0.780877774707562,1,3,1,0,0,0,1
sub001-ses04-block4-game2_001::b0408,test/sub001/ses-04/sub001-ses04-block4-game2_001.npy,sub001,2,3,26,0,Short,2,1.0,2,0.6666666666666666,3,3,0.8816089091297231,1,4,1,0,0,0,1
sub001-ses04-block4-game2_001::b0409,test/sub001/ses-04/sub001-ses04-block4-game2_001.npy,sub001,2,3,26,0,Short,2,1.0,3,0.3333333333333333,2,1,0.8017391304347825,1,4,1,0,1,0,1
sub001-ses04-block4-game2_001::b0410,test/sub001/ses-04/sub001-ses04-block4-game2_001.npy,sub001,2,3,26,0,Short,1,0.5,2,0.6666666666666666,3,1,0.8083018804903302,1,1,1,0,1,1,1
sub001-ses04-block4-game2_001::b0411,test/sub001/ses-04/sub001-ses04-block4-game2_001.npy,sub001,2,2,26,0,Short,1,1.0,2,0.5,1,1,0.9006289308176101,1,2,0,1,1,0,0
sub001-ses04-block4-game2_001::b0412,test/sub001/ses-04/sub001-ses04-block4-game2_001.npy,sub001,2,2,26,0,Short,1,1.0,2,0.5,1,1,0.9027777777777777,2,3,5,0,0,0,0
sub001-ses04-block4-game2_001::b0413,test/sub001/ses-04/sub001-ses04-block4-game2_001.npy,sub001,2,1,26,0,Short,0,0.0,1,1.0,3,3,0.8823529411764706,1,5,5,0,0,0,0
sub001-ses04-block4-game2_001::b0414,test/sub001/ses-04/sub001-ses04-block4-game2_001.npy,sub001,2,3,26,0,Short,2,1.0,3,0.3333333333333333,2,0,0.8073428597744706,1,3,5,0,0,0,0
sub001-ses04-block4-game2_001::b0415,test/sub001/ses-04/sub001-ses04-block4-game2_001.npy,sub001,2,1,26,0,Short,0,0.0,1,1.0,2,2,0.9183673469387755,2,0,5,1,1,0,0
sub001-ses04-block4-game2_001::b0416,test/sub001/ses-04/sub001-ses04-block4-game2_001.npy,sub001,2,4,26,0,Short,1,0.3333333333333333,2,0.75,0,0,0.7920363797692991,1,3,1,0,0,0,1
sub001-ses04-block4-game2_001::b0417,test/sub001/ses-04/sub001-ses04-block4-game2_001.npy,sub001,2,3,26,0,Short,2,1.0,3,0.3333333333333333,1,1,0.8415538362346874,1,5,1,1,1,0,1
sub001-ses04-block4-game2_001::b0418,test/sub001/ses-04/sub001-ses04-block4-game2_001.npy,sub001,2,5,26,0,Short,3,0.75,4,0.4,4,4,0.8565556586270873,1,0,5,0,0,0,0
sub001-ses04-block4-game2_001::b0419,test/sub001/ses-04/sub001-ses04-block4-game2_001.npy,sub001,2,1,26,0,Short,0,0.0,1,1.0,3,3,0.7142857142857143,3,1,5,1,1,0,0
sub001-ses04-block4-game2_001::b0420,test/sub001/ses-04/sub001-ses04-block4-game2_001.npy,sub001,2,3,26,0,Short,2,1.0,3,0.3333333333333333,0,0,0.8189399390139446,1,0,0,0,0,0,0
sub001-ses04-block4-game2_001::b0421,test/sub001/ses-04/sub001-ses04-block4-game2_001.npy,sub001,2,12,26,0,Short,10,0.9090909090909091,4,0.3333333333333333,1,0,0.8297089606219711,1,1,0,1,0,1,0
sub001-ses04-block4-game2_001::b0422,test/sub001/ses-04/sub001-ses04-block4-game2_001.npy,sub001,2,4,26,0,Short,3,1.0,3,0.5,2,2,0.8213315217391304,1,1,1,0,0,1,1
sub001-ses04-block4-game2_001::b0423,test/sub001/ses-04/sub001-ses04-block4-game2_001.npy,sub001,2,4,26,0,Short,2,0.6666666666666666,3,0.5,3,5,0.8308981563639949,1,2,2,0,0,0,0
sub001-ses04-block4-game2_001::b0424,test/sub001/ses-04/sub001-ses04-block4-game2_001.npy,sub001,2,3,26,0,Short,2,1.0,3,0.3333333333333333,0,0,0.8041301539152904,1,1,3,0,0,1,0
sub001-ses04-block4-game2_001::b0425,test/sub001/ses-04/sub001-ses04-block4-game2_001.npy,sub001,2,2,26,0,Short,1,1.0,2,0.5,0,0,0.8594075928243639,1,3,0,0,0,0,0
sub001-ses04-block4-game2_001::b0426,test/sub001/ses-04/sub001-ses04-block4-game2_001.npy,sub001,2,2,26,0,Short,1,1.0,2,0.5,5,3,0.8622222222222222,1,3,5,0,0,0,0
sub001-ses04-block4-game2_001::b0427,test/sub001/ses-04/sub001-ses04-block4-game2_001.npy,sub001,2,3,26,0,Short,2,1.0,3,0.3333333333333333,2,0,0.7928778467908902,3,0,5,0,0,0,0
sub001-ses04-block4-game2_001::b0428,test/sub001/ses-04/sub001-ses04-block4-game2_001.npy,sub001,2,4,26,0,Short,3,1.0,2,0.5,3,1,0.8756238908606921,1,1,1,0,1,1,1
sub001-ses04-block4-game2_001::b0429,test/sub001/ses-04/sub001-ses04-block4-game2_001.npy,sub001,2,3,26,0,Short,2,1.0,3,0.3333333333333333,0,0,0.8223105535910431,1,1,2,0,0,1,0
sub001-ses04-block4-game2_001::b0430,test/sub001/ses-04/sub001-ses04-block4-game2_001.npy,sub001,2,3,26,0,Short,2,1.0,3,0.3333333333333333,4,0,0.8580274844980726,1,5,1,0,0,0,1
sub001-ses04-block4-game2_001::b0431,test/sub001/ses-04/sub001-ses04-block4-game2_001.npy,sub001,2,3,26,0,Short,1,0.5,2,0.6666666666666666,1,3,0.8518783562855266,1,3,5,1,0,0,0
sub001-ses04-block4-game2_001::b0432,test/sub001/ses-04/sub001-ses04-block4-game2_001.npy,sub001,2,2,26,0,Short,1,1.0,2,0.5,3,1,0.8457357859531773,2,1,1,0,0,0,0
sub001-ses04-block4-game2_001::b0433,test/sub001/ses-04/sub001-ses04-block4-game2_001.npy,sub001,2,5,26,0,Short,3,0.75,4,0.4,1,0,0.8648601398601399,1,1,4,1,0,1,0
sub001-ses04-block4-game2_001::b0434,test/sub001/ses-04/sub001-ses04-block4-game2_001.npy,sub001,2,3,26,0,Short,1,0.5,2,0.6666666666666666,3,3,0.8528595527017467,1,5,5,0,0,0,0
sub001-ses04-block4-game2_001::b0435,test/sub001/ses-04/sub001-ses04-block4-game2_001.npy,sub001,2,4,26,0,Short,3,1.0,4,0.25,1,0,0.8755039468617636,1,5,5,1,0,0,0
sub001-ses04-block4-game2_001::b0436,test/sub001/ses-04/sub001-ses04-block4-game2_001.npy,sub001,2,2,26,0,Short,1,1.0,2,0.5,4,0,0.8702947845804989,1,5,5,0,0,0,0
sub001-ses04-block4-game2_001::b0437,test/sub001/ses-04/sub001-ses04-block4-game2_001.npy,sub001,2,4,26,0,Short,3,1.0,3,0.5,3,3,0.8433935999128677,1,0,5,0,0,0,0
sub001-ses04-block4-game2_001::b0438,test/sub001/ses-04/sub001-ses04-block4-game2_001.npy,sub001,2,3,26,0,Short,1,0.5,2,0.6666666666666666,2,2,0.8469806384092098,1,2,5,0,0,0,0
sub001-ses04-block4-game2_001::b0439,test/sub001/ses-04/sub001-ses04-block4-game2_001.npy,sub001,2,4,26,0,Short,3,1.0,3,0.5,5,5,0.8949626091571381,1,1,0,0,0,1,0
sub001-ses04-block4-game2_001::b0440,test/sub001/ses-04/sub001-ses04-block4-game2_001.npy,sub001,2,3,26,0,Short,2,1.0,3,0.3333333333333333,5,1,0.8976610072354753,1,1,1,0,1,1,1
sub001-ses04-block4-game2_001::b0441,test/sub001/ses-04/sub001-ses04-block4-game2_001.npy,sub001,2,4,26,0,Short,2,0.6666666666666666,3,0.5,3,1,0.8399242424242425,1,3,3,0,1,0,0
sub001-ses04-block4-game2_001::b0442,test/sub001/ses-04/sub001-ses04-block4-game2_001.npy,sub001,2,2,26,0,Short,1,1.0,2,0.5,0,0,0.8371212121212122,1,1,5,0,0,1,0
sub001-ses04-block4-game2_001::b0443,test/sub001/ses-04/sub001-ses04-block4-game2_001.npy,sub001,2,2,26,0,Short,1,1.0,2,0.5,2,0,0.8336192109777016,1,3,5,0,0,0,0
sub001-ses04-block4-game2_001::b0444,test/sub001/ses-04/sub001-ses04-block4-game2_001.npy,sub001,2,7,26,0,Short,6,1.0,4,0.2857142857142857,4,1,0.8730418602727725,1,1,2,0,1,1,0
sub001-ses04-block4-game2_001::b0445,test/sub001/ses-04/sub001-ses04-block4-game2_001.npy,sub001,2,7,26,0,Short,6,1.0,5,0.42857142857142855,4,3,0.8641663831416329,2,2,0,0,0,1,0
sub001-ses04-block4-game2_001::b0446,test/sub001/ses-04/sub001-ses04-block4-game2_001.npy,sub001,2,5,26,0,Short,3,0.75,4,0.4,5,3,0.8554319815244884,3,3,2,0,1,1,0
sub001-ses04-block4-game2_001::b0447,test/sub001/ses-04/sub001-ses04-block4-game2_001.npy,sub001,2,3,26,0,Short,2,1.0,3,0.3333333333333333,5,2,0.7793367346938775,1,0,1,0,0,0,1
sub001-ses04-block4-game2_001::b0448,test/sub001/ses-04/sub001-ses04-block4-game2_001.npy,sub001,2,6,26,0,Short,4,0.8,5,0.3333333333333333,3,1,0.8485461998361634,3,1,1,1,0,0,0
sub001-ses04-block4-game2_001::b0449,test/sub001/ses-04/sub001-ses04-block4-game2_001.npy,sub001,2,3,26,0,Short,2,1.0,3,0.3333333333333333,5,0,0.8092753623188406,1,3,0,0,0,0,0
sub001-ses04-block4-game2_001::b0450,test/sub001/ses-04/sub001-ses04-block4-game2_001.npy,sub001,2,4,26,0,Short,3,1.0,3,0.5,0,4,0.8500915750915752,1,3,3,0,0,0,0
sub001-ses04-block4-game2_001::b0451,test/sub001/ses-04/sub001-ses04-block4-game2_001.npy,sub001,2,8,26,0,Short,6,0.8571428571428571,5,0.375,2,3,0.8492178225805372,2,5,3,1,0,0,0
sub001-ses04-block4-game2_001::b0452,test/sub001/ses-04/sub001-ses04-block4-game2_001.npy,sub001,2,6,26,0,Short,3,0.6,2,0.5,0,0,0.8627280248658679,2,0,0,0,0,0,0
sub001-ses04-block4-game2_001::b0453,test/sub001/ses-04/sub001-ses04-block4-game2_001.npy,sub001,2,6,26,0,Short,5,1.0,2,0.5,0,0,0.8096103535462905,3,1,0,0,0,0,0
sub001-ses04-block4-game2_001::b0454,test/sub001/ses-04/sub001-ses04-block4-game2_001.npy,sub001,2,3,26,0,Short,2,1.0,3,0.3333333333333333,3,2,0.7946988093897923,1,3,0,0,0,0,0
sub001-ses04-block4-game2_001::b0455,test/sub001/ses-04/sub001-ses04-block4-game2_001.npy,sub001,2,2,26,0,Short,1,1.0,2,0.5,4,2,0.8538154392191659,1,1,1,0,0,1,1
sub001-ses04-block4-game2_001::b0456,test/sub001/ses-04/sub001-ses04-block4-game2_001.npy,sub001,2,2,26,0,Short,1,1.0,2,0.5,4,1,0.8438461538461539,1,2,0,0,1,0,0
sub001-ses04-block4-game2_001::b0457,test/sub001/ses-04/sub001-ses04-block4-game2_001.npy,sub001,2,16,26,0,Short,11,0.7333333333333333,6,0.375,4,5,0.8853487191566778,3,1,5,0,0,0,0
sub001-ses04-block4-game2_001::b0458,test/sub001/ses-04/sub001-ses04-block4-game2_001.npy,sub001,2,3,26,0,Short,2,1.0,3,0.3333333333333333,5,2,0.8922105976071681,1,3,3,0,0,0,0
sub001-ses04-block4-game2_001::b0459,test/sub001/ses-04/sub001-ses04-block4-game2_001.npy,sub001,2,10,26,0,Short,4,0.4444444444444444,4,0.5,0,0,0.8036732801353658,2,0,0,0,0,0,0
sub001-ses04-block4-game2_001::b0460,test/sub001/ses-04/sub001-ses04-block4-game2_001.npy,sub001,2,4,26,0,Short,3,1.0,3,0.5,5,5,0.904524648961098,3,1,1,0,0,0,0
sub001-ses04-block4-game2_001::b0461,test/sub001/ses-04/sub001-ses04-block4-game2_001.npy,sub001,2,21,26,0,Short,20,1.0,6,0.2857142857142857,1,5,0.8570897565644492,1,2,1,1,0,0,1
sub001-ses04-block4-game2_001::b0462,test/sub001/ses-04/sub001-ses04-block4-game2_001.npy,sub001,2,50,26,1,Long,41,0.8367346938775511,6,0.3,4,1,0.850942650478218,1,4,4,0,1,0,0
sub001-ses04-block4-game2_001::b0463,test/sub001/ses-04/sub001-ses04-block4-game2_001.npy,sub001,2,3,26,0,Short,2,1.0,3,0.3333333333333333,0,0,0.8242775124234091,1,5,1,0,0,0,1
sub001-ses04-block4-game2_001::b0464,test/sub001/ses-04/sub001-ses04-block4-game2_001.npy,sub001,2,18,26,0,Short,15,0.8823529411764706,6,0.2777777777777778,5,2,0.8390772057144299,2,2,5,0,1,1,0
sub001-ses04-block4-game2_001::b0465,test/sub001/ses-04/sub001-ses04-block4-game2_001.npy,sub001,2,2,26,0,Short,1,1.0,2,0.5,1,1,0.8731501057082452,1,5,0,1,1,0,0
sub001-ses04-block4-game2_001::b0466,test/sub001/ses-04/sub001-ses04-block4-game2_001.npy,sub001,2,4,26,0,Short,3,1.0,4,0.25,0,0,0.8218434343434343,1,3,3,0,0,0,0
sub001-ses04-block4-game2_001::b0467,test/sub001/ses-04/sub001-ses04-block4-game2_001.npy,sub001,2,10,26,0,Short,8,0.8888888888888888,5,0.4,5,5,0.7639202532080575,2,3,3,0,0,0,0
sub001-ses04-block4-game2_001::b0468,test/sub001/ses-04/sub001-ses04-block4-game2_001.npy,sub001,2,4,26,0,Short,0,0.0,1,1.0,2,2,0.859858756830713,3,4,0,0,0,0,0
sub001-ses04-block4-game2_001::b0469,test/sub001/ses-04/sub001-ses04-block4-game2_001.npy,sub001,2,29,26,1,Long,27,0.9642857142857143,6,0.20689655172413793,1,3,0.8047441819132191,2,5,1,0,0,0,0
sub001-ses04-block4-game2_001::b0470,test/sub001/ses-04/sub001-ses04-block4-game2_001.npy,sub001,2,8,26,0,Short,6,0.8571428571428571,4,0.375,1,2,0.8609426014855526,3,5,5,0,0,0,0
sub001-ses04-block4-game2_001::b0471,test/sub001/ses-04/sub001-ses04-block4-game2_001.npy,sub001,2,24,26,0,Short,17,0.7391304347826086,6,0.3333333333333333,4,2,0.819952155650158,1,0,1,0,0,0,1
sub001-ses04-block4-game2_001::b0472,test/sub001/ses-04/sub001-ses04-block4-game2_001.npy,sub001,2,10,26,0,Short,8,0.8888888888888888,4,0.3,3,1,0.7957760494276456,2,1,1,0,0,0,0
sub001-ses04-block4-game2_001::b0473,test/sub001/ses-04/sub001-ses04-block4-game2_001.npy,sub001,2,20,26,0,Short,18,0.9473684210526315,5,0.35,4,4,0.8052924070094963,2,5,1,0,0,0,0
sub001-ses04-block4-game2_001::b0474,test/sub001/ses-04/sub001-ses04-block4-game2_001.npy,sub001,2,11,26,0,Short,8,0.8,6,0.2727272727272727,1,1,0.8518655361480725,1,1,0,1,1,1,0
sub001-ses04-block4-game2_001::b0475,test/sub001/ses-04/sub001-ses04-block4-game2_001.npy,sub001,2,200,26,1,Long,156,0.7839195979899497,6,0.25,3,1,0.8403354816646896,2,5,1,0,0,0,0
sub001-ses04-block4-game2_001::b0476,test/sub001/ses-04/sub001-ses04-block4-game2_001.npy,sub001,2,2,26,0,Short,1,1.0,2,0.5,1,1,0.8770833333333333,1,1,1,1,1,1,1
sub001-ses04-block4-game2_001::b0477,test/sub001/ses-04/sub001-ses04-block4-game2_001.npy,sub001,2,4,26,0,Short,2,0.6666666666666666,2,0.75,1,1,0.8431456110027539,2,1,1,0,0,0,0
sub001-ses04-block4-game2_001::b0478,test/sub001/ses-04/sub001-ses04-block4-game2_001.npy,sub001,2,12,26,0,Short,10,0.9090909090909091,6,0.3333333333333333,5,5,0.8687550109144334,2,1,1,0,0,0,0
sub001-ses04-block4-game2_001::b0479,test/sub001/ses-04/sub001-ses04-block4-game2_001.npy,sub001,2,9,26,0,Short,8,1.0,5,0.4444444444444444,4,4,0.8818010598081317,2,3,5,0,0,0,0
sub001-ses04-block4-game2_001::b0480,test/sub001/ses-04/sub001-ses04-block4-game2_001.npy,sub001,2,1,26,0,Short,0,0.0,1,1.0,0,0,0.8269230769230769,1,4,1,0,0,0,1
sub001-ses04-block4-game2_001::b0481,test/sub001/ses-04/sub001-ses04-block4-game2_001.npy,sub001,2,4,26,0,Short,3,1.0,3,0.5,1,1,0.8615548421033538,2,5,1,0,0,0,0
sub001-ses04-block4-game2_001::b0482,test/sub001/ses-04/sub001-ses04-block4-game2_001.npy,sub001,2,3,26,0,Short,2,1.0,3,0.3333333333333333,4,2,0.8264276706899659,3,2,1,0,0,0,0
sub001-ses04-block4-game2_001::b0483,test/sub001/ses-04/sub001-ses04-block4-game2_001.npy,sub001,2,158,26,1,Long,121,0.7707006369426752,6,0.2468354430379747,1,1,0.836210022472853,2,3,3,0,0,0,0
sub001-ses04-block4-game2_001::b0484,test/sub001/ses-04/sub001-ses04-block4-game2_001.npy,sub001,2,11,26,0,Short,9,0.9,5,0.36363636363636365,0,2,0.8996468283090845,1,3,1,0,0,0,1
sub001-ses04-block4-game2_001::b0485,test/sub001/ses-04/sub001-ses04-block4-game2_001.npy,sub001,2,12,26,0,Short,10,0.9090909090909091,5,0.25,1,1,0.8277490745772483,2,1,0,0,0,0,0
sub001-ses04-block4-game2_001::b0486,test/sub001/ses-04/sub001-ses04-block4-game2_001.npy,sub001,2,4,26,0,Short,3,1.0,3,0.5,4,5,0.8113423691872155,3,1,0,0,0,0,0
sub001-ses04-block4-game2_001::b0487,test/sub001/ses-04/sub001-ses04-block4-game2_001.npy,sub001,2,2,26,0,Short,1,1.0,2,0.5,2,1,0.8815526210484194,1,3,1,0,1,0,1
sub001-ses04-block4-game2_001::b0488,test/sub001/ses-04/sub001-ses04-block4-game2_001.npy,sub001,2,3,26,0,Short,2,1.0,3,0.3333333333333333,1,0,0.8399691358024691,1,1,1,1,0,1,1
sub001-ses04-block4-game2_001::b0489,test/sub001/ses-04/sub001-ses04-block4-game2_001.npy,sub001,2,2,26,0,Short,1,1.0,2,0.5,4,1,0.7944297082228117,1,4,0,0,1,0,0
sub001-ses04-block4-game2_001::b0490,test/sub001/ses-04/sub001-ses04-block4-game2_001.npy,sub001,2,3,26,0,Short,2,1.0,2,0.6666666666666666,1,1,0.7689400546543403,1,4,0,1,1,0,0
sub001-ses04-block4-game2_001::b0491,test/sub001/ses-04/sub001-ses04-block4-game2_001.npy,sub001,2,1,26,0,Short,0,0.0,1,1.0,1,1,0.7916666666666666,1,1,1,1,1,1,1
sub001-ses04-block4-game2_001::b0492,test/sub001/ses-04/sub001-ses04-block4-game2_001.npy,sub001,2,2,26,0,Short,1,1.0,2,0.5,1,1,0.793675751222921,1,1,0,1,1,1,0
sub001-ses04-block4-game2_001::b0493,test/sub001/ses-04/sub001-ses04-block4-game2_001.npy,sub001,2,3,26,0,Short,2,1.0,3,0.3333333333333333,3,0,0.8176289034132171,1,2,1,0,0,0,1
sub001-ses04-block4-game2_001::b0494,test/sub001/ses-04/sub001-ses04-block4-game2_001.npy,sub001,2,3,26,0,Short,2,1.0,3,0.3333333333333333,1,1,0.8235713404858799,1,1,1,1,1,1,1
sub001-ses04-block4-game2_001::b0495,test/sub001/ses-04/sub001-ses04-block4-game2_001.npy,sub001,2,2,26,0,Short,1,1.0,2,0.5,4,1,0.8229166666666667,1,1,1,0,1,1,1
sub001-ses04-block4-game2_001::b0496,test/sub001/ses-04/sub001-ses04-block4-game2_001.npy,sub001,2,2,26,0,Short,1,1.0,2,0.5,3,0,0.8480392156862746,1,3,3,0,0,0,0
sub001-ses04-block4-game2_001::b0497,test/sub001/ses-04/sub001-ses04-block4-game2_001.npy,sub001,2,2,26,0,Short,1,1.0,2,0.5,3,3,0.8668085106382979,1,2,0,0,0,0,0
sub001-ses04-block4-game2_001::b0498,test/sub001/ses-04/sub001-ses04-block4-game2_001.npy,sub001,2,2,26,0,Short,0,0.0,1,1.0,1,1,0.8303471444568868,1,1,1,1,1,1,1
sub001-ses04-block4-game2_001::b0499,test/sub001/ses-04/sub001-ses04-block4-game2_001.npy,sub001,2,3,26,0,Short,2,1.0,3,0.3333333333333333,0,0,0.8314691783701958,1,3,1,0,0,0,1
sub001-ses04-block4-game2_001::b0500,test/sub001/ses-04/sub001-ses04-block4-game2_001.npy,sub001,2,4,26,0,Short,3,1.0,4,0.25,4,0,0.8328913383535232,1,0,2,0,0,0,0
sub001-ses04-block4-game2_001::b0501,test/sub001/ses-04/sub001-ses04-block4-game2_001.npy,sub001,2,4,26,0,Short,3,1.0,2,0.5,1,1,0.8576801952868838,1,1,4,1,1,1,0
sub001-ses04-block4-game2_001::b0502,test/sub001/ses-04/sub001-ses04-block4-game2_001.npy,sub001,2,2,26,0,Short,1,1.0,2,0.5,1,1,0.8838652482269503,2,5,1,0,0,0,0
sub001-ses04-block4-game2_001::b0503,test/sub001/ses-04/sub001-ses04-block4-game2_001.npy,sub001,2,2,26,0,Short,1,1.0,2,0.5,5,4,0.9265217391304348,1,3,3,0,0,0,0
sub001-ses04-block4-game2_001::b0504,test/sub001/ses-04/sub001-ses04-block4-game2_001.npy,sub001,2,4,26,0,Short,1,0.3333333333333333,2,0.5,4,2,0.8849964985994397,1,3,1,0,0,0,1
sub001-ses04-block4-game2_001::b0505,test/sub001/ses-04/sub001-ses04-block4-game2_001.npy,sub001,2,3,26,0,Short,1,0.5,2,0.6666666666666666,3,1,0.8664862756569646,1,3,4,0,1,0,0
sub001-ses04-block4-game2_001::b0506,test/sub001/ses-04/sub001-ses04-block4-game2_001.npy,sub001,2,3,26,0,Short,1,0.5,2,0.6666666666666666,1,1,0.8304284676833696,1,4,1,1,1,0,1
sub001-ses04-block4-game2_001::b0507,test/sub001/ses-04/sub001-ses04-block4-game2_001.npy,sub001,2,3,26,0,Short,2,1.0,3,0.3333333333333333,1,1,0.8583481877599525,1,0,0,1,1,0,0
sub001-ses04-block4-game2_001::b0508,test/sub001/ses-04/sub001-ses04-block4-game2_001.npy,sub001,2,4,26,0,Short,3,1.0,3,0.5,1,1,0.8302280534855452,1,5,3,1,1,0,0
sub001-ses04-block4-game2_001::b0509,test/sub001/ses-04/sub001-ses04-block4-game2_001.npy,sub001,2,4,26,0,Short,3,1.0,3,0.5,5,5,0.8144699546485261,1,1,4,0,0,1,0
sub001-ses04-block4-game2_001::b0510,test/sub001/ses-04/sub001-ses04-block4-game2_001.npy,sub001,2,2,26,0,Short,1,1.0,2,0.5,4,2,0.8235294117647058,1,1,0,0,0,1,0
sub001-ses04-block4-game2_001::b0511,test/sub001/ses-04/sub001-ses04-block4-game2_001.npy,sub001,2,5,26,0,Short,2,0.5,3,0.4,5,1,0.7861931532519767,1,3,2,0,1,0,0
sub001-ses04-block4-game2_001::b0512,test/sub001/ses-04/sub001-ses04-block4-game2_001.npy,sub001,2,8,26,0,Short,5,0.7142857142857143,5,0.25,1,0,0.8481057278537418,2,3,2,0,0,0,1
sub001-ses04-block4-game2_001::b0513,test/sub001/ses-04/sub001-ses04-block4-game2_001.npy,sub001,2,3,26,0,Short,1,0.5,2,0.6666666666666666,2,2,0.8247863247863249,2,5,1,1,1,0,0
sub001-ses04-block4-game2_001::b0514,test/sub001/ses-04/sub001-ses04-block4-game2_001.npy,sub001,2,2,26,0,Short,1,1.0,2,0.5,1,1,0.8654040404040404,1,5,0,1,1,0,0
sub001-ses04-block4-game2_001::b0515,test/sub001/ses-04/sub001-ses04-block4-game2_001.npy,sub001,2,3,26,0,Short,2,1.0,3,0.3333333333333333,5,2,0.8982905982905983,1,5,5,0,0,0,0
sub001-ses04-block4-game2_001::b0516,test/sub001/ses-04/sub001-ses04-block4-game2_001.npy,sub001,2,2,26,0,Short,1,1.0,2,0.5,1,1,0.8345283018867924,2,1,1,0,0,0,0
sub001-ses04-block4-game2_001::b0517,test/sub001/ses-04/sub001-ses04-block4-game2_001.npy,sub001,2,3,26,0,Short,2,1.0,2,0.6666666666666666,0,0,0.8457084961644231,1,0,2,0,0,0,0
sub001-ses04-block4-game2_001::b0518,test/sub001/ses-04/sub001-ses04-block4-game2_001.npy,sub001,2,4,26,0,Short,1,0.3333333333333333,2,0.75,1,5,0.8566184807256235,1,4,4,1,0,0,0
sub001-ses04-block4-game2_001::b0519,test/sub001/ses-04/sub001-ses04-block4-game2_001.npy,sub001,2,3,26,0,Short,2,1.0,2,0.6666666666666666,1,1,0.8719183285849952,1,2,2,1,1,0,0
sub001-ses04-block4-game2_001::b0520,test/sub001/ses-04/sub001-ses04-block4-game2_001.npy,sub001,2,2,26,0,Short,1,1.0,2,0.5,4,3,0.9027777777777777,2,4,1,0,0,0,0
sub001-ses04-block4-game2_001::b0521,test/sub001/ses-04/sub001-ses04-block4-game2_001.npy,sub001,2,5,26,0,Short,2,0.5,3,0.4,1,1,0.8745016608041819,3,5,3,0,0,0,1
sub001-ses04-block4-game2_001::b0522,test/sub001/ses-04/sub001-ses04-block4-game2_001.npy,sub001,2,1,26,0,Short,0,0.0,1,1.0,1,1,0.8936170212765957,1,3,4,1,1,0,0
sub001-ses04-block4-game2_001::b0523,test/sub001/ses-04/sub001-ses04-block4-game2_001.npy,sub001,2,6,26,0,Short,3,0.6,3,0.5,1,1,0.8720263077360263,2,5,4,0,0,0,0
sub001-ses04-block4-game2_001::b0524,test/sub001/ses-04/sub001-ses04-block4-game2_001.npy,sub001,2,13,26,0,Short,9,0.75,6,0.3076923076923077,1,0,0.8073903320684993,2,1,5,0,0,0,0
sub001-ses04-block4-game2_001::b0525,test/sub001/ses-04/sub001-ses04-block4-game2_001.npy,sub001,2,5,26,0,Short,2,0.5,3,0.6,1,1,0.8564637681159419,3,4,1,0,0,0,0
sub001-ses04-block4-game2_001::b0526,test/sub001/ses-04/sub001-ses04-block4-game2_001.npy,sub001,2,4,26,0,Short,2,0.6666666666666666,2,0.5,5,2,0.8700363866476825,2,5,4,0,1,0,0
sub001-ses04-block4-game2_001::b0527,test/sub001/ses-04/sub001-ses04-block4-game2_001.npy,sub001,2,3,26,0,Short,2,1.0,2,0.6666666666666666,1,1,0.8560862642929513,1,0,5,1,1,0,0
sub001-ses04-block4-game2_001::b0528,test/sub001/ses-04/sub001-ses04-block4-game2_001.npy,sub001,2,2,26,0,Short,1,1.0,2,0.5,0,0,0.851312551271534,1,4,0,0,0,0,0
sub001-ses04-block4-game2_001::b0529,test/sub001/ses-04/sub001-ses04-block4-game2_001.npy,sub001,2,2,26,0,Short,1,1.0,2,0.5,1,0,0.8230434782608695,1,5,5,1,0,0,0
sub001-ses04-block4-game2_001::b0530,test/sub001/ses-04/sub001-ses04-block4-game2_001.npy,sub001,2,2,26,0,Short,1,1.0,2,0.5,1,1,0.9277950310559007,1,1,5,1,1,1,0
sub001-ses04-block4-game2_001::b0531,test/sub001/ses-04/sub001-ses04-block4-game2_001.npy,sub001,2,3,26,0,Short,2,1.0,3,0.3333333333333333,1,1,0.832512863301349,1,2,1,1,1,0,1
sub001-ses04-block4-game2_001::b0532,test/sub001/ses-04/sub001-ses04-block4-game2_001.npy,sub001,2,4,26,0,Short,2,0.6666666666666666,3,0.5,4,1,0.8700592885375494,1,3,1,0,1,0,1
sub001-ses04-block4-game2_001::b0533,test/sub001/ses-04/sub001-ses04-block4-game2_001.npy,sub001,2,4,26,0,Short,2,0.6666666666666666,3,0.5,5,1,0.8572407686478847,1,1,5,0,1,1,0
sub001-ses04-block4-game2_001::b0534,test/sub001/ses-04/sub001-ses04-block4-game2_001.npy,sub001,2,3,26,0,Short,2,1.0,2,0.6666666666666666,1,1,0.844286154794943,1,3,5,1,1,0,0
sub001-ses04-block4-game2_001::b0535,test/sub001/ses-04/sub001-ses04-block4-game2_001.npy,sub001,2,2,26,0,Short,1,1.0,2,0.5,2,2,0.7571892393320965,1,0,5,0,0,0,0
sub001-ses04-block4-game2_001::b0536,test/sub001/ses-04/sub001-ses04-block4-game2_001.npy,sub001,2,5,26,0,Short,3,0.75,3,0.4,3,3,0.825455465907293,1,1,5,0,0,1,0
sub001-ses04-block4-game2_001::b0537,test/sub001/ses-04/sub001-ses04-block4-game2_001.npy,sub001,2,10,26,0,Short,8,0.8888888888888888,5,0.4,5,5,0.8456462397197828,1,0,5,0,0,0,0
sub001-ses04-block4-game2_001::b0538,test/sub001/ses-04/sub001-ses04-block4-game2_001.npy,sub001,2,1,26,0,Short,0,0.0,1,1.0,5,5,0.8571428571428571,3,1,5,0,0,0,0
sub001-ses04-block4-game2_001::b0539,test/sub001/ses-04/sub001-ses04-block4-game2_001.npy,sub001,2,3,26,0,Short,2,1.0,3,0.3333333333333333,2,2,0.8971002542431115,1,5,5,0,0,0,0
sub001-ses04-block4-game2_001::b0540,test/sub001/ses-04/sub001-ses04-block4-game2_001.npy,sub001,2,2,26,0,Short,1,1.0,2,0.5,0,0,0.7831632653061225,1,2,1,0,0,0,1
sub001-ses04-block4-game2_001::b0541,test/sub001/ses-04/sub001-ses04-block4-game2_001.npy,sub001,2,2,26,0,Short,1,1.0,2,0.5,4,4,0.8843085106382979,3,3,5,0,0,1,0
sub001-ses04-block4-game2_001::b0542,test/sub001/ses-04/sub001-ses04-block4-game2_001.npy,sub001,2,3,26,0,Short,2,1.0,3,0.3333333333333333,3,1,0.8745969498910675,1,0,3,0,1,0,0
sub001-ses04-block4-game2_001::b0543,test/sub001/ses-04/sub001-ses04-block4-game2_001.npy,sub001,2,6,26,0,Short,4,0.8,4,0.5,1,1,0.8565865368143353,1,3,5,1,1,0,0
sub001-ses04-block4-game2_001::b0544,test/sub001/ses-04/sub001-ses04-block4-game2_001.npy,sub001,2,11,26,0,Short,9,0.9,5,0.36363636363636365,2,2,0.8484102211520642,3,3,5,0,0,1,0
sub001-ses04-block4-game2_001::b0545,test/sub001/ses-04/sub001-ses04-block4-game2_001.npy,sub001,2,14,26,0,Short,10,0.7692307692307693,5,0.2857142857142857,5,3,0.8581491039545844,3,0,5,0,1,0,0
sub001-ses04-block4-game2_001::b0546,test/sub001/ses-04/sub001-ses04-block4-game2_001.npy,sub001,2,28,26,1,Long,20,0.7407407407407407,6,0.21428571428571427,4,0,0.8353975871281117,3,4,5,0,0,0,0
sub001-ses04-block4-game2_001::b0547,test/sub001/ses-04/sub001-ses04-block4-game2_001.npy,sub001,2,54,26,1,Long,44,0.8301886792452831,6,0.24074074074074073,0,1,0.836205796455102,1,5,3,0,1,0,0
sub001-ses04-block4-game2_001::b0548,test/sub001/ses-04/sub001-ses04-block4-game2_001.npy,sub001,2,16,26,0,Short,14,0.9333333333333333,6,0.25,2,0,0.8527943194920538,2,4,2,1,0,0,1
sub001-ses04-block4-game2_001::b0549,test/sub001/ses-04/sub001-ses04-block4-game2_001.npy,sub001,2,25,26,0,Short,19,0.7916666666666666,6,0.28,1,1,0.8429764079000686,3,1,1,0,0,0,0
sub001-ses04-block4-game2_001::b0550,test/sub001/ses-04/sub001-ses04-block4-game2_001.npy,sub001,2,6,26,0,Short,3,0.6,2,0.6666666666666666,5,3,0.8890368721021863,1,3,0,0,0,0,0
sub001-ses04-block4-game2_001::b0551,test/sub001/ses-04/sub001-ses04-block4-game2_001.npy,sub001,2,4,26,0,Short,3,1.0,4,0.25,1,0,0.7993761102119765,1,3,3,1,0,0,0
sub001-ses04-block4-game2_001::b0552,test/sub001/ses-04/sub001-ses04-block4-game2_001.npy,sub001,2,8,26,0,Short,7,1.0,6,0.25,5,1,0.8689599216433528,1,2,1,0,1,0,1
sub001-ses04-block4-game2_001::b0553,test/sub001/ses-04/sub001-ses04-block4-game2_001.npy,sub001,2,6,26,0,Short,5,1.0,4,0.3333333333333333,4,1,0.8474421679523546,3,0,5,0,0,0,0
sub001-ses04-block4-game2_001::b0554,test/sub001/ses-04/sub001-ses04-block4-game2_001.npy,sub001,2,4,26,0,Short,3,1.0,4,0.25,5,0,0.8079919181923141,1,1,0,0,0,1,0
sub001-ses04-block4-game2_001::b0555,test/sub001/ses-04/sub001-ses04-block4-game2_001.npy,sub001,2,2,26,0,Short,1,1.0,2,0.5,1,1,0.8072562358276645,1,2,4,1,1,0,0
sub001-ses04-block4-game2_001::b0556,test/sub001/ses-04/sub001-ses04-block4-game2_001.npy,sub001,2,2,26,0,Short,1,1.0,2,0.5,5,1,0.9081632653061225,1,3,5,0,1,0,0
sub001-ses04-block4-game2_001::b0557,test/sub001/ses-04/sub001-ses04-block4-game2_001.npy,sub001,2,2,26,0,Short,1,1.0,2,0.5,3,0,0.8738918439716312,1,3,3,0,0,0,0
sub001-ses04-block4-game2_001::b0558,test/sub001/ses-04/sub001-ses04-block4-game2_001.npy,sub001,2,3,26,0,Short,1,0.5,2,0.6666666666666666,0,0,0.8525604686318973,1,0,3,0,0,0,0
sub001-ses04-block4-game2_001::b0559,test/sub001/ses-04/sub001-ses04-block4-game2_001.npy,sub001,2,3,26,0,Short,2,1.0,3,0.3333333333333333,1,1,0.8229851113572044,1,2,5,1,1,0,0
sub001-ses04-block4-game2_001::b0560,test/sub001/ses-04/sub001-ses04-block4-game2_001.npy,sub001,2,3,26,0,Short,1,0.5,2,0.6666666666666666,3,3,0.8458051099227569,1,1,5,0,0,1,0
sub001-ses04-block4-game2_001::b0561,test/sub001/ses-04/sub001-ses04-block4-game2_001.npy,sub001,2,3,26,0,Short,2,1.0,2,0.6666666666666666,4,4,0.837121212121212,1,5,5,0,0,0,0
sub001-ses04-block4-game2_001::b0562,test/sub001/ses-04/sub001-ses04-block4-game2_001.npy,sub001,2,12,26,0,Short,10,0.9090909090909091,5,0.3333333333333333,4,1,0.8039973153409785,3,1,3,0,0,0,1
sub001-ses04-block4-game2_001::b0563,test/sub001/ses-04/sub001-ses04-block4-game2_001.npy,sub001,2,21,26,0,Short,16,0.8,5,0.2857142857142857,3,1,0.8308935739104393,1,1,3,0,1,1,0
sub001-ses04-block4-game2_001::b0564,test/sub001/ses-04/sub001-ses04-block4-game2_001.npy,sub001,2,1,26,0,Short,0,0.0,1,1.0,1,1,0.7659574468085106,3,3,2,0,0,1,0
sub001-ses04-block4-game2_001::b0565,test/sub001/ses-04/sub001-ses04-block4-game2_001.npy,sub001,2,6,26,0,Short,4,0.8,4,0.5,3,1,0.811068754925138,1,0,2,0,1,0,0
sub001-ses04-block4-game2_001::b0566,test/sub001/ses-04/sub001-ses04-block4-game2_001.npy,sub001,2,4,26,0,Short,2,0.6666666666666666,3,0.5,1,1,0.8482737819919828,1,1,1,1,1,1,1
sub001-ses04-block4-game2_001::b0567,test/sub001/ses-04/sub001-ses04-block4-game2_001.npy,sub001,2,2,26,0,Short,0,0.0,1,1.0,3,3,0.8656462585034014,1,5,3,0,0,0,0
sub001-ses04-block4-game2_001::b0568,test/sub001/ses-04/sub001-ses04-block4-game2_001.npy,sub001,2,2,26,0,Short,1,1.0,2,0.5,3,2,0.865424430641822,1,4,4,0,0,0,0
sub001-ses04-block4-game2_001::b0569,test/sub001/ses-04/sub001-ses04-block4-game2_001.npy,sub001,2,8,26,0,Short,6,0.8571428571428571,4,0.5,3,3,0.8540578909219058,3,3,3,1,1,1,1
sub001-ses04-block4-game2_001::b0570,test/sub001/ses-04/sub001-ses04-block4-game2_001.npy,sub001,2,4,26,0,Short,3,1.0,2,0.5,5,0,0.7765549516908212,2,0,5,0,0,0,0
sub001-ses04-block4-game2_001::b0571,test/sub001/ses-04/sub001-ses04-block4-game2_001.npy,sub001,2,3,26,0,Short,2,1.0,3,0.3333333333333333,2,0,0.7760118188689616,3,4,5,0,0,0,0
sub001-ses04-block4-game2_001::b0572,test/sub001/ses-04/sub001-ses04-block4-game2_001.npy,sub001,2,21,26,0,Short,20,1.0,5,0.2857142857142857,0,4,0.8404927946327694,2,3,1,0,0,0,0
sub001-ses04-block4-game2_001::b0573,test/sub001/ses-04/sub001-ses04-block4-game2_001.npy,sub001,2,32,26,1,Long,25,0.8064516129032258,6,0.21875,1,0,0.8385898053735933,3,1,5,0,0,0,0
sub001-ses04-block4-game2_001::b0574,test/sub001/ses-04/sub001-ses04-block4-game2_001.npy,sub001,2,11,26,0,Short,10,1.0,6,0.2727272727272727,5,3,0.8117345758138987,1,1,1,0,0,1,1
sub001-ses04-block4-game2_001::b0575,test/sub001/ses-04/sub001-ses04-block4-game2_001.npy,sub001,2,4,26,0,Short,3,1.0,4,0.25,1,0,0.8655495169082126,1,0,5,1,0,0,0
sub001-ses04-block4-game2_001::b0576,test/sub001/ses-04/sub001-ses04-block4-game2_001.npy,sub001,2,1,26,0,Short,0,0.0,1,1.0,0,0,0.803921568627451,3,2,0,0,0,0,0
sub001-ses04-block4-game2_001::b0577,test/sub001/ses-04/sub001-ses04-block4-game2_001.npy,sub001,2,4,26,0,Short,2,0.6666666666666666,3,0.5,2,3,0.8182065217391304,1,5,3,0,0,0,0
sub001-ses04-block4-game2_001::b0578,test/sub001/ses-04/sub001-ses04-block4-game2_001.npy,sub001,2,1,26,0,Short,0,0.0,1,1.0,0,0,0.75,1,4,0,0,0,0,0
sub001-ses04-block4-game2_001::b0579,test/sub001/ses-04/sub001-ses04-block4-game2_001.npy,sub001,2,7,26,0,Short,6,1.0,5,0.2857142857142857,4,4,0.84888626974918,3,4,3,0,0,0,1
sub001-ses04-block4-game2_001::b0580,test/sub001/ses-04/sub001-ses04-block4-game2_001.npy,sub001,2,10,26,0,Short,7,0.7777777777777778,6,0.3,3,1,0.7919429155814951,2,0,0,0,0,0,0
sub001-ses04-block4-game2_001::b0581,test/sub001/ses-04/sub001-ses04-block4-game2_001.npy,sub001,2,7,26,0,Short,6,1.0,5,0.2857142857142857,3,3,0.8370921952443691,1,3,5,0,0,0,0
sub001-ses04-block4-game2_001::b0582,test/sub001/ses-04/sub001-ses04-block4-game2_001.npy,sub001,2,3,26,0,Short,2,1.0,3,0.3333333333333333,0,0,0.8754741876958602,5,5,0,0,0,1,0
sub001-ses04-block4-game2_001::b0583,test/sub001/ses-04/sub001-ses04-block4-game2_001.npy,sub001,2,22,26,0,Short,19,0.9047619047619048,6,0.2727272727272727,4,5,0.8266860402011681,2,1,5,0,0,0,0
sub001-ses04-block4-game2_001::b0584,test/sub001/ses-04/sub001-ses04-block4-game2_001.npy,sub001,2,14,26,0,Short,11,0.8461538461538461,6,0.21428571428571427,3,1,0.8256969612874885,2,4,3,0,0,0,0
sub001-ses04-block4-game2_001::b0585,test/sub001/ses-04/sub001-ses04-block4-game2_001.npy,sub001,2,7,26,0,Short,5,0.8333333333333334,4,0.42857142857142855,1,1,0.8489956927623298,3,0,1,0,0,0,0
sub001-ses04-block4-game2_001::b0586,test/sub001/ses-04/sub001-ses04-block4-game2_001.npy,sub001,2,6,26,0,Short,4,0.8,5,0.3333333333333333,1,1,0.8521730166584199,2,0,5,0,0,0,0
sub001-ses04-block4-game2_001::b0587,test/sub001/ses-04/sub001-ses04-block4-game2_001.npy,sub001,2,9,26,0,Short,4,0.5,4,0.4444444444444444,5,5,0.8243964471981339,2,2,5,0,0,1,0
sub001-ses04-block4-game2_001::b0588,test/sub001/ses-04/sub001-ses04-block4-game2_001.npy,sub001,2,26,26,1,Long,21,0.84,6,0.3076923076923077,5,3,0.8079262229590015,3,0,2,0,1,0,0
sub001-ses04-block4-game2_001::b0589,test/sub001/ses-04/sub001-ses04-block4-game2_001.npy,sub001,2,6,26,0,Short,5,1.0,5,0.3333333333333333,2,2,0.8374313488969846,2,2,0,1,1,1,0
sub001-ses04-block4-game2_001::b0590,test/sub001/ses-04/sub001-ses04-block4-game2_001.npy,sub001,2,9,26,0,Short,7,0.875,5,0.4444444444444444,3,3,0.8029815552724018,2,1,3,0,0,0,0
sub001-ses04-block4-game2_001::b0591,test/sub001/ses-04/sub001-ses04-block4-game2_001.npy,sub001,2,19,26,0,Short,16,0.8888888888888888,6,0.2631578947368421,2,2,0.8325520294713049,1,1,1,0,0,1,1
sub001-ses04-block4-game2_001::b0592,test/sub001/ses-04/sub001-ses04-block4-game2_001.npy,sub001,2,16,26,0,Short,12,0.8,5,0.375,3,2,0.803012849729287,5,1,1,0,0,0,0
sub001-ses04-block4-game2_001::b0593,test/sub001/ses-04/sub001-ses04-block4-game2_001.npy,sub001,2,22,26,0,Short,18,0.8571428571428571,6,0.3181818181818182,0,0,0.8289609662971661,3,3,3,0,0,1,1
sub001-ses04-block4-game2_001::b0594,test/sub001/ses-04/sub001-ses04-block4-game2_001.npy,sub001,2,4,26,0,Short,3,1.0,3,0.5,0,2,0.825794896592769,2,4,3,0,1,0,0
sub001-ses04-block4-game2_001::b0595,test/sub001/ses-04/sub001-ses04-block4-game2_001.npy,sub001,2,21,26,0,Short,18,0.9,6,0.23809523809523808,5,0,0.832271622140239,1,5,5,0,0,0,0
sub001-ses04-block4-game2_001::b0596,test/sub001/ses-04/sub001-ses04-block4-game2_001.npy,sub001,2,3,26,0,Short,2,1.0,3,0.3333333333333333,0,0,0.8545522421829043,2,3,0,0,0,0,0
sub001-ses04-block4-game2_001::b0597,test/sub001/ses-04/sub001-ses04-block4-game2_001.npy,sub001,2,12,26,0,Short,10,0.9090909090909091,6,0.3333333333333333,0,3,0.864745660738716,2,2,5,0,0,1,0
sub001-ses04-block4-game2_001::b0598,test/sub001/ses-04/sub001-ses04-block4-game2_001.npy,sub001,2,9,26,0,Short,7,0.875,5,0.3333333333333333,3,3,0.8192097923536742,1,1,4,0,0,1,0
sub001-ses04-block4-game2_001::b0599,test/sub001/ses-04/sub001-ses04-block4-game2_001.npy,sub001,2,13,26,0,Short,12,1.0,6,0.38461538461538464,3,0,0.8070768473293016,3,3,5,1,0,1,0
sub001-ses04-block4-game2_001::b0600,test/sub001/ses-04/sub001-ses04-block4-game2_001.npy,sub001,2,129,26,1,Long,103,0.8046875,6,0.29457364341085274,3,3,0.8010764505065706,2,0,5,0,0,0,0
sub001-ses04-block4-game2_001::b0601,test/sub001/ses-04/sub001-ses04-block4-game2_001.npy,sub001,2,111,26,1,Long,95,0.8636363636363636,6,0.24324324324324326,3,1,0.8535846561908574,2,2,1,0,0,1,0
sub001-ses04-block4-game2_001::b0602,test/sub001/ses-04/sub001-ses04-block4-game2_001.npy,sub001,2,4,26,0,Short,3,1.0,3,0.5,3,1,0.8650744058208211,1,0,5,0,1,0,0
sub001-ses04-block4-game2_001::b0603,test/sub001/ses-04/sub001-ses04-block4-game2_001.npy,sub001,2,4,26,0,Short,3,1.0,3,0.5,4,0,0.7993018419489009,1,4,2,0,0,0,0
sub001-ses04-block4-game2_001::b0604,test/sub001/ses-04/sub001-ses04-block4-game2_001.npy,sub001,2,4,26,0,Short,2,0.6666666666666666,3,0.5,5,5,0.8405443504662763,1,3,3,0,0,0,0
sub001-ses04-block8-game2_000::b0001,test/sub001/ses-04/sub001-ses04-block8-game2_000.npy,sub001,2,15,26,0,Short,9,0.6428571428571429,4,0.4,2,3,0.8619012428033234,2,2,5,1,0,1,0
sub001-ses04-block8-game2_000::b0002,test/sub001/ses-04/sub001-ses04-block8-game2_000.npy,sub001,2,19,26,0,Short,15,0.8333333333333334,5,0.42105263157894735,5,5,0.8504707952538728,2,1,1,0,0,0,0
sub001-ses04-block8-game2_000::b0003,test/sub001/ses-04/sub001-ses04-block8-game2_000.npy,sub001,2,12,26,0,Short,8,0.7272727272727273,5,0.3333333333333333,5,3,0.8716084312512885,2,0,3,0,0,0,0
sub001-ses04-block8-game2_000::b0004,test/sub001/ses-04/sub001-ses04-block8-game2_000.npy,sub001,2,15,26,0,Short,10,0.7142857142857143,6,0.3333333333333333,1,1,0.8584642275134856,1,0,4,1,1,0,0
sub001-ses04-block8-game2_000::b0005,test/sub001/ses-04/sub001-ses04-block8-game2_000.npy,sub001,2,10,26,0,Short,8,0.8888888888888888,5,0.4,5,3,0.8682385883910495,2,5,1,0,0,0,0
sub001-ses04-block8-game2_000::b0006,test/sub001/ses-04/sub001-ses04-block8-game2_000.npy,sub001,2,1,26,0,Short,0,0.0,1,1.0,5,5,0.88,1,4,4,0,0,0,0
sub001-ses04-block8-game2_000::b0007,test/sub001/ses-04/sub001-ses04-block8-game2_000.npy,sub001,2,8,26,0,Short,5,0.7142857142857143,4,0.375,0,1,0.8881705387004301,2,1,1,0,0,0,0
sub001-ses04-block8-game2_000::b0008,test/sub001/ses-04/sub001-ses04-block8-game2_000.npy,sub001,2,13,26,0,Short,7,0.5833333333333334,5,0.38461538461538464,2,1,0.8665748090925108,1,4,2,0,1,0,0
sub001-ses04-block8-game2_000::b0009,test/sub001/ses-04/sub001-ses04-block8-game2_000.npy,sub001,2,21,26,0,Short,19,0.95,6,0.2857142857142857,4,5,0.8762492017858152,2,1,5,0,0,0,0
sub001-ses04-block8-game2_000::b0010,test/sub001/ses-04/sub001-ses04-block8-game2_000.npy,sub001,2,8,26,0,Short,7,1.0,5,0.375,0,4,0.880821158221412,2,0,1,0,0,0,0
sub001-ses04-block8-game2_000::b0011,test/sub001/ses-04/sub001-ses04-block8-game2_000.npy,sub001,2,8,26,0,Short,4,0.5714285714285714,4,0.375,0,4,0.8580345239123899,1,1,5,0,0,1,0
sub001-ses04-block8-game2_000::b0012,test/sub001/ses-04/sub001-ses04-block8-game2_000.npy,sub001,2,5,26,0,Short,4,1.0,4,0.4,5,5,0.8436618735067262,1,4,1,0,0,0,1
sub001-ses04-block8-game2_000::b0013,test/sub001/ses-04/sub001-ses04-block8-game2_000.npy,sub001,2,4,26,0,Short,3,1.0,4,0.25,5,0,0.8555729984301412,1,0,5,0,0,0,0
sub001-ses04-block8-game2_000::b0014,test/sub001/ses-04/sub001-ses04-block8-game2_000.npy,sub001,2,10,26,0,Short,7,0.7777777777777778,5,0.4,1,3,0.860586123703226,1,3,5,1,0,0,0
sub001-ses04-block8-game2_000::b0015,test/sub001/ses-04/sub001-ses04-block8-game2_000.npy,sub001,2,2,26,0,Short,0,0.0,1,1.0,2,2,0.853514739229025,1,2,5,0,0,0,0
sub001-ses04-block8-game2_000::b0016,test/sub001/ses-04/sub001-ses04-block8-game2_000.npy,sub001,2,2,26,0,Short,1,1.0,2,0.5,4,4,0.8154761904761905,1,4,5,0,0,0,0
sub001-ses04-block8-game2_000::b0017,test/sub001/ses-04/sub001-ses04-block8-game2_000.npy,sub001,2,10,26,0,Short,8,0.8888888888888888,5,0.4,5,5,0.8870457058185297,1,1,5,0,0,1,0
sub001-ses04-block8-game2_000::b0018,test/sub001/ses-04/sub001-ses04-block8-game2_000.npy,sub001,2,2,26,0,Short,1,1.0,2,0.5,3,1,0.9105882352941177,1,5,5,0,1,0,0
sub001-ses04-block8-game2_000::b0019,test/sub001/ses-04/sub001-ses04-block8-game2_000.npy,sub001,2,3,26,0,Short,2,1.0,3,0.3333333333333333,1,0,0.9175561764214247,1,1,0,1,0,1,0
sub001-ses04-block8-game2_000::b0020,test/sub001/ses-04/sub001-ses04-block8-game2_000.npy,sub001,2,142,26,1,Long,123,0.8723404255319149,6,0.19014084507042253,3,1,0.8302690747135492,2,4,1,0,0,0,0
sub001-ses04-block8-game2_000::b0021,test/sub001/ses-04/sub001-ses04-block8-game2_000.npy,sub001,2,10,26,0,Short,8,0.8888888888888888,4,0.3,1,0,0.8632893408821879,2,0,0,0,0,0,0
sub001-ses04-block8-game2_000::b0022,test/sub001/ses-04/sub001-ses04-block8-game2_000.npy,sub001,2,13,26,0,Short,10,0.8333333333333334,6,0.23076923076923078,4,1,0.8346354828721836,2,3,1,0,0,0,0
sub001-ses04-block8-game2_000::b0023,test/sub001/ses-04/sub001-ses04-block8-game2_000.npy,sub001,2,9,26,0,Short,7,0.875,5,0.3333333333333333,4,0,0.8665540346117483,1,4,4,0,0,0,0
sub001-ses04-block8-game2_000::b0024,test/sub001/ses-04/sub001-ses04-block8-game2_000.npy,sub001,2,3,26,0,Short,1,0.5,2,0.6666666666666666,1,1,0.84593837535014,1,0,2,1,1,0,0
sub001-ses04-block8-game2_000::b0025,test/sub001/ses-04/sub001-ses04-block8-game2_000.npy,sub001,2,3,26,0,Short,1,0.5,2,0.6666666666666666,1,0,0.7480774918663117,1,4,2,1,0,0,0
sub001-ses04-block8-game2_000::b0026,test/sub001/ses-04/sub001-ses04-block8-game2_000.npy,sub001,2,2,26,0,Short,1,1.0,2,0.5,3,0,0.8256987577639752,1,1,1,0,0,1,1
sub001-ses04-block8-game2_000::b0027,test/sub001/ses-04/sub001-ses04-block8-game2_000.npy,sub001,2,19,26,0,Short,16,0.8888888888888888,6,0.21052631578947367,2,1,0.8503162080659247,2,3,2,1,0,0,1
sub001-ses04-block8-game2_000::b0028,test/sub001/ses-04/sub001-ses04-block8-game2_000.npy,sub001,2,22,26,0,Short,16,0.7619047619047619,6,0.2727272727272727,2,1,0.8555451238933794,3,1,1,0,0,0,0
sub001-ses04-block8-game2_000::b0029,test/sub001/ses-04/sub001-ses04-block8-game2_000.npy,sub001,2,11,26,0,Short,7,0.7,6,0.36363636363636365,5,2,0.8191937016014473,2,4,1,0,1,0,0
sub001-ses04-block8-game2_000::b0030,test/sub001/ses-04/sub001-ses04-block8-game2_000.npy,sub001,2,15,26,0,Short,11,0.7857142857142857,5,0.26666666666666666,5,5,0.8657511918838853,2,1,1,0,0,0,0
sub001-ses04-block8-game2_000::b0031,test/sub001/ses-04/sub001-ses04-block8-game2_000.npy,sub001,2,5,26,0,Short,4,1.0,4,0.4,1,2,0.8283687943262411,1,3,1,1,0,0,1
sub001-ses04-block8-game2_000::b0032,test/sub001/ses-04/sub001-ses04-block8-game2_000.npy,sub001,2,6,26,0,Short,2,0.4,2,0.8333333333333334,1,1,0.8424012816154259,2,0,1,0,0,0,0
sub001-ses04-block8-game2_000::b0033,test/sub001/ses-04/sub001-ses04-block8-game2_000.npy,sub001,2,7,26,0,Short,6,1.0,5,0.2857142857142857,2,4,0.8339523460548965,1,1,4,0,0,1,0
sub001-ses04-block8-game2_000::b0034,test/sub001/ses-04/sub001-ses04-block8-game2_000.npy,sub001,2,10,26,0,Short,8,0.8888888888888888,6,0.3,5,1,0.8760561832376877,2,5,1,0,0,0,0
sub001-ses04-block8-game2_000::b0035,test/sub001/ses-04/sub001-ses04-block8-game2_000.npy,sub001,2,4,26,0,Short,3,1.0,3,0.5,0,0,0.8830255068091797,1,1,4,0,0,1,0
sub001-ses04-block8-game2_000::b0036,test/sub001/ses-04/sub001-ses04-block8-game2_000.npy,sub001,2,11,26,0,Short,7,0.7,4,0.5454545454545454,4,5,0.82450742105493,3,0,0,0,0,0,0
sub001-ses04-block8-game2_000::b0037,test/sub001/ses-04/sub001-ses04-block8-game2_000.npy,sub001,2,2,26,0,Short,1,1.0,2,0.5,1,1,0.8685714285714285,1,4,4,1,1,0,0
sub001-ses04-block8-game2_000::b0038,test/sub001/ses-04/sub001-ses04-block8-game2_000.npy,sub001,2,5,26,0,Short,2,0.5,3,0.6,5,3,0.8172305191150177,1,5,4,0,0,0,0
sub001-ses04-block8-game2_000::b0039,test/sub001/ses-04/sub001-ses04-block8-game2_000.npy,sub001,2,3,26,0,Short,1,0.5,2,0.6666666666666666,5,5,0.8745363651024028,1,1,1,0,0,1,1
sub001-ses04-block8-game2_000::b0040,test/sub001/ses-04/sub001-ses04-block8-game2_000.npy,sub001,2,3,26,0,Short,2,1.0,3,0.3333333333333333,2,0,0.8322875816993465,1,0,4,0,0,0,0
sub001-ses04-block8-game2_000::b0041,test/sub001/ses-04/sub001-ses04-block8-game2_000.npy,sub001,2,2,26,0,Short,1,1.0,2,0.5,1,1,0.8433962264150944,1,1,1,1,1,1,1
sub001-ses04-block8-game2_000::b0042,test/sub001/ses-04/sub001-ses04-block8-game2_000.npy,sub001,2,3,26,0,Short,2,1.0,3,0.3333333333333333,2,2,0.8590686274509803,1,0,2,0,0,0,0
sub001-ses04-block8-game2_000::b0043,test/sub001/ses-04/sub001-ses04-block8-game2_000.npy,sub001,2,2,26,0,Short,1,1.0,2,0.5,1,1,0.874945722970039,1,1,2,1,1,1,0
sub001-ses04-block8-game2_000::b0044,test/sub001/ses-04/sub001-ses04-block8-game2_000.npy,sub001,2,2,26,0,Short,1,1.0,2,0.5,4,0,0.802156862745098,1,2,2,0,0,0,0
sub001-ses04-block8-game2_000::b0045,test/sub001/ses-04/sub001-ses04-block8-game2_000.npy,sub001,2,2,26,0,Short,1,1.0,2,0.5,4,2,0.8616310160427807,1,5,1,0,0,0,1
sub001-ses04-block8-game2_000::b0046,test/sub001/ses-04/sub001-ses04-block8-game2_000.npy,sub001,2,2,26,0,Short,1,1.0,2,0.5,4,1,0.8419607843137256,1,5,1,0,1,0,1
sub001-ses04-block8-game2_000::b0047,test/sub001/ses-04/sub001-ses04-block8-game2_000.npy,sub001,2,2,26,0,Short,1,1.0,2,0.5,0,0,0.8642307692307691,1,3,4,0,0,0,0
sub001-ses04-block8-game2_000::b0048,test/sub001/ses-04/sub001-ses04-block8-game2_000.npy,sub001,2,2,26,0,Short,0,0.0,1,1.0,2,2,0.8583959899749374,1,2,2,0,0,0,0
sub001-ses04-block8-game2_000::b0049,test/sub001/ses-04/sub001-ses04-block8-game2_000.npy,sub001,2,3,26,0,Short,2,1.0,2,0.6666666666666666,1,1,0.8931372549019608,1,4,0,1,1,0,0
sub001-ses04-block8-game2_000::b0050,test/sub001/ses-04/sub001-ses04-block8-game2_000.npy,sub001,2,2,26,0,Short,1,1.0,2,0.5,5,1,0.8828616352201257,1,1,4,0,1,1,0
sub001-ses04-block8-game2_000::b0051,test/sub001/ses-04/sub001-ses04-block8-game2_000.npy,sub001,2,2,26,0,Short,1,1.0,2,0.5,0,0,0.7830188679245284,1,3,0,0,0,0,0
sub001-ses04-block8-game2_000::b0052,test/sub001/ses-04/sub001-ses04-block8-game2_000.npy,sub001,2,2,26,0,Short,1,1.0,2,0.5,3,3,0.8819607843137255,1,2,0,0,0,0,0
sub001-ses04-block8-game2_000::b0053,test/sub001/ses-04/sub001-ses04-block8-game2_000.npy,sub001,2,6,26,0,Short,5,1.0,5,0.3333333333333333,0,4,0.8358871283024115,1,4,1,0,0,0,1
sub001-ses04-block8-game2_000::b0054,test/sub001/ses-04/sub001-ses04-block8-game2_000.npy,sub001,2,4,26,0,Short,3,1.0,3,0.5,2,4,0.875924313604566,1,5,4,0,0,0,0
sub001-ses04-block8-game2_000::b0055,test/sub001/ses-04/sub001-ses04-block8-game2_000.npy,sub001,2,6,26,0,Short,5,1.0,4,0.5,0,0,0.8684924513889863,1,2,5,0,0,0,0
sub001-ses04-block8-game2_000::b0056,test/sub001/ses-04/sub001-ses04-block8-game2_000.npy,sub001,2,1,26,0,Short,0,0.0,1,1.0,3,3,0.9148936170212766,2,3,5,0,0,0,0
sub001-ses04-block8-game2_000::b0057,test/sub001/ses-04/sub001-ses04-block8-game2_000.npy,sub001,2,14,26,0,Short,11,0.8461538461538461,4,0.35714285714285715,5,1,0.8690559906299302,1,0,5,0,1,0,0
sub001-ses04-block8-game2_000::b0058,test/sub001/ses-04/sub001-ses04-block8-game2_000.npy,sub001,2,9,26,0,Short,7,0.875,5,0.3333333333333333,1,3,0.8844156087331011,1,5,3,1,0,0,0
sub001-ses04-block8-game2_000::b0059,test/sub001/ses-04/sub001-ses04-block8-game2_000.npy,sub001,2,2,26,0,Short,1,1.0,2,0.5,5,3,0.8762939958592133,1,1,1,0,0,1,1
sub001-ses04-block8-game2_000::b0060,test/sub001/ses-04/sub001-ses04-block8-game2_000.npy,sub001,2,16,26,0,Short,15,1.0,6,0.3125,1,1,0.8419075966400493,3,5,5,0,0,0,0
sub001-ses04-block8-game2_000::b0061,test/sub001/ses-04/sub001-ses04-block8-game2_000.npy,sub001,2,4,26,0,Short,3,1.0,3,0.5,3,3,0.9066322335286258,2,5,0,0,0,0,0
sub001-ses04-block8-game2_000::b0062,test/sub001/ses-04/sub001-ses04-block8-game2_000.npy,sub001,2,18,26,0,Short,15,0.8823529411764706,6,0.3888888888888889,3,1,0.8553179462866499,2,1,4,0,0,0,0
sub001-ses04-block8-game2_000::b0063,test/sub001/ses-04/sub001-ses04-block8-game2_000.npy,sub001,2,13,26,0,Short,10,0.8333333333333334,5,0.38461538461538464,5,5,0.8495578696665652,1,1,5,0,0,1,0
sub001-ses04-block8-game2_000::b0064,test/sub001/ses-04/sub001-ses04-block8-game2_000.npy,sub001,2,5,26,0,Short,4,1.0,4,0.4,1,3,0.8322485726833552,1,0,0,1,0,0,0
sub001-ses04-block8-game2_000::b0065,test/sub001/ses-04/sub001-ses04-block8-game2_000.npy,sub001,2,3,26,0,Short,2,1.0,2,0.6666666666666666,2,2,0.8348890860692103,1,5,5,0,0,0,0
sub001-ses04-block8-game2_000::b0066,test/sub001/ses-04/sub001-ses04-block8-game2_000.npy,sub001,2,8,26,0,Short,6,0.8571428571428571,5,0.375,5,3,0.8605555340823199,1,1,2,0,0,1,0
sub001-ses04-block8-game2_000::b0067,test/sub001/ses-04/sub001-ses04-block8-game2_000.npy,sub001,2,4,26,0,Short,2,0.6666666666666666,3,0.5,1,1,0.8427783559461404,1,1,5,1,1,1,0
sub001-ses04-block8-game2_000::b0068,test/sub001/ses-04/sub001-ses04-block8-game2_000.npy,sub001,2,3,26,0,Short,0,0.0,1,1.0,1,1,0.8473304473304474,1,2,0,1,1,0,0
sub001-ses04-block8-game2_000::b0069,test/sub001/ses-04/sub001-ses04-block8-game2_000.npy,sub001,2,3,26,0,Short,2,1.0,2,0.6666666666666666,2,2,0.889817911557042,1,2,5,0,0,0,0
sub001-ses04-block8-game2_000::b0070,test/sub001/ses-04/sub001-ses04-block8-game2_000.npy,sub001,2,3,26,0,Short,2,1.0,3,0.3333333333333333,3,1,0.8611916264090177,1,1,1,0,1,1,1
sub001-ses04-block8-game2_000::b0071,test/sub001/ses-04/sub001-ses04-block8-game2_000.npy,sub001,2,3,26,0,Short,2,1.0,3,0.3333333333333333,3,1,0.910590323085756,1,0,5,0,1,0,0
sub001-ses04-block8-game2_000::b0072,test/sub001/ses-04/sub001-ses04-block8-game2_000.npy,sub001,2,4,26,0,Short,2,0.6666666666666666,3,0.5,0,3,0.8585787312990961,1,1,5,0,0,1,0
sub001-ses04-block8-game2_000::b0073,test/sub001/ses-04/sub001-ses04-block8-game2_000.npy,sub001,2,2,26,0,Short,1,1.0,2,0.5,5,4,0.7655328798185941,2,1,5,0,0,0,0
sub001-ses04-block8-game2_000::b0074,test/sub001/ses-04/sub001-ses04-block8-game2_000.npy,sub001,2,2,26,0,Short,1,1.0,2,0.5,1,1,0.86625,1,1,2,1,1,1,0
sub001-ses04-block8-game2_000::b0075,test/sub001/ses-04/sub001-ses04-block8-game2_000.npy,sub001,2,3,26,0,Short,2,1.0,2,0.6666666666666666,5,5,0.8866223640242407,1,1,3,0,0,1,0
sub001-ses04-block8-game2_000::b0076,test/sub001/ses-04/sub001-ses04-block8-game2_000.npy,sub001,2,4,26,0,Short,1,0.3333333333333333,2,0.75,1,1,0.8544685990338163,1,0,0,1,1,0,0
sub001-ses04-block8-game2_000::b0077,test/sub001/ses-04/sub001-ses04-block8-game2_000.npy,sub001,2,7,26,0,Short,5,0.8333333333333334,4,0.42857142857142855,3,0,0.8238846606677319,3,1,5,1,0,0,0
sub001-ses04-block8-game2_000::b0078,test/sub001/ses-04/sub001-ses04-block8-game2_000.npy,sub001,2,2,26,0,Short,1,1.0,2,0.5,1,1,0.8720710506424793,1,1,1,1,1,1,1
sub001-ses04-block8-game2_000::b0079,test/sub001/ses-04/sub001-ses04-block8-game2_000.npy,sub001,2,5,26,0,Short,3,0.75,4,0.4,2,0,0.7967216280451574,1,4,1,0,0,0,1
sub001-ses04-block8-game2_000::b0080,test/sub001/ses-04/sub001-ses04-block8-game2_000.npy,sub001,2,8,26,0,Short,6,0.8571428571428571,4,0.375,3,4,0.8746768559761887,2,3,2,0,0,0,1
sub001-ses04-block8-game2_000::b0081,test/sub001/ses-04/sub001-ses04-block8-game2_000.npy,sub001,2,15,26,0,Short,11,0.7857142857142857,6,0.26666666666666666,3,2,0.8507547087659173,2,2,2,0,1,1,1
sub001-ses04-block8-game2_000::b0082,test/sub001/ses-04/sub001-ses04-block8-game2_000.npy,sub001,2,20,26,0,Short,16,0.8421052631578947,6,0.4,2,1,0.8683205334314417,3,3,5,0,0,1,0
sub001-ses04-block8-game2_000::b0083,test/sub001/ses-04/sub001-ses04-block8-game2_000.npy,sub001,2,12,26,0,Short,9,0.8181818181818182,5,0.25,5,1,0.8624849472463662,1,4,5,0,1,0,0
sub001-ses04-block8-game2_000::b0084,test/sub001/ses-04/sub001-ses04-block8-game2_000.npy,sub001,2,11,26,0,Short,8,0.8,6,0.36363636363636365,2,5,0.8587493278593691,1,1,1,0,0,1,1
sub001-ses04-block8-game2_000::b0085,test/sub001/ses-04/sub001-ses04-block8-game2_000.npy,sub001,2,5,26,0,Short,4,1.0,4,0.4,5,5,0.8798580301685892,1,0,5,0,0,0,0
sub001-ses04-block8-game2_000::b0086,test/sub001/ses-04/sub001-ses04-block8-game2_000.npy,sub001,2,17,26,0,Short,14,0.875,6,0.35294117647058826,2,5,0.8360250712717294,2,3,3,1,0,0,0
sub001-ses04-block8-game2_000::b0087,test/sub001/ses-04/sub001-ses04-block8-game2_000.npy,sub001,2,1,26,0,Short,0,0.0,1,1.0,2,2,0.9111111111111111,2,2,1,1,1,1,0
sub001-ses04-block8-game2_000::b0088,test/sub001/ses-04/sub001-ses04-block8-game2_000.npy,sub001,2,23,26,0,Short,20,0.9090909090909091,6,0.43478260869565216,1,1,0.8692699750164404,3,3,5,0,0,1,0
sub001-ses04-block8-game2_000::b0089,test/sub001/ses-04/sub001-ses04-block8-game2_000.npy,sub001,2,4,26,0,Short,3,1.0,4,0.25,0,0,0.8182850241545894,1,2,5,0,0,0,0
sub001-ses04-block8-game2_000::b0090,test/sub001/ses-04/sub001-ses04-block8-game2_000.npy,sub001,2,3,26,0,Short,2,1.0,3,0.3333333333333333,1,1,0.8548803249890207,3,0,1,0,0,0,0
sub001-ses04-block8-game2_000::b0091,test/sub001/ses-04/sub001-ses04-block8-game2_000.npy,sub001,2,6,26,0,Short,4,0.8,4,0.3333333333333333,0,0,0.7805569828404176,2,2,0,0,0,1,0
sub001-ses04-block8-game2_000::b0092,test/sub001/ses-04/sub001-ses04-block8-game2_000.npy,sub001,2,15,26,0,Short,13,0.9285714285714286,6,0.4,0,0,0.812602168773769,3,0,1,0,0,0,0
sub001-ses04-block8-game2_000::b0093,test/sub001/ses-04/sub001-ses04-block8-game2_000.npy,sub001,2,16,26,0,Short,13,0.8666666666666667,5,0.375,1,1,0.8502742229288033,1,5,5,1,1,0,0
sub001-ses04-block8-game2_000::b0094,test/sub001/ses-04/sub001-ses04-block8-game2_000.npy,sub001,2,14,26,0,Short,13,1.0,6,0.21428571428571427,4,0,0.8262433699194529,3,1,1,0,0,0,0
sub001-ses04-block8-game2_000::b0095,test/sub001/ses-04/sub001-ses04-block8-game2_000.npy,sub001,2,4,26,0,Short,3,1.0,3,0.5,1,1,0.8522566029186882,1,0,5,1,1,0,0
sub001-ses04-block8-game2_000::b0096,test/sub001/ses-04/sub001-ses04-block8-game2_000.npy,sub001,2,9,26,0,Short,7,0.875,5,0.3333333333333333,5,3,0.8540112559710226,2,0,0,0,0,0,0
sub001-ses04-block8-game2_000::b0097,test/sub001/ses-04/sub001-ses04-block8-game2_000.npy,sub001,2,6,26,0,Short,5,1.0,5,0.3333333333333333,1,1,0.8458545408557652,1,3,5,1,1,0,0
sub001-ses04-block8-game2_000::b0098,test/sub001/ses-04/sub001-ses04-block8-game2_000.npy,sub001,2,14,26,0,Short,12,0.9230769230769231,6,0.2857142857142857,0,0,0.8298168902322435,3,0,5,0,0,0,0
sub001-ses04-block8-game2_000::b0099,test/sub001/ses-04/sub001-ses04-block8-game2_000.npy,sub001,2,4,26,0,Short,3,1.0,3,0.5,1,1,0.8558771486349848,1,4,0,1,1,0,0
sub001-ses04-block8-game2_000::b0100,test/sub001/ses-04/sub001-ses04-block8-game2_000.npy,sub001,2,5,26,0,Short,4,1.0,2,0.6,2,2,0.8795808921780244,1,1,0,0,0,1,0
sub001-ses04-block8-game2_000::b0101,test/sub001/ses-04/sub001-ses04-block8-game2_000.npy,sub001,2,3,26,0,Short,1,0.5,2,0.6666666666666666,1,1,0.867793880837359,1,5,4,1,1,0,0
sub001-ses04-block8-game2_000::b0102,test/sub001/ses-04/sub001-ses04-block8-game2_000.npy,sub001,2,4,26,0,Short,3,1.0,4,0.25,1,0,0.869448615566628,1,5,2,1,0,0,0
sub001-ses04-block8-game2_000::b0103,test/sub001/ses-04/sub001-ses04-block8-game2_000.npy,sub001,2,3,26,0,Short,2,1.0,3,0.3333333333333333,5,1,0.8955555555555555,1,4,1,0,1,0,1
sub001-ses04-block8-game2_000::b0104,test/sub001/ses-04/sub001-ses04-block8-game2_000.npy,sub001,2,2,26,0,Short,0,0.0,1,1.0,2,2,0.8808962264150944,1,4,4,0,0,0,0
sub001-ses04-block8-game2_000::b0105,test/sub001/ses-04/sub001-ses04-block8-game2_000.npy,sub001,2,4,26,0,Short,3,1.0,4,0.25,1,0,0.8319472858701583,1,0,0,1,0,0,0
sub001-ses04-block8-game2_000::b0106,test/sub001/ses-04/sub001-ses04-block8-game2_000.npy,sub001,2,4,26,0,Short,2,0.6666666666666666,3,0.5,5,4,0.8702706299911269,1,0,3,0,0,0,0
sub001-ses04-block8-game2_000::b0107,test/sub001/ses-04/sub001-ses04-block8-game2_000.npy,sub001,2,3,26,0,Short,2,1.0,3,0.3333333333333333,4,3,0.9055782312925169,1,5,4,0,0,0,0
sub001-ses04-block8-game2_000::b0108,test/sub001/ses-04/sub001-ses04-block8-game2_000.npy,sub001,2,10,26,0,Short,8,0.8888888888888888,5,0.4,1,1,0.8501410664481641,2,4,4,0,0,0,0
sub001-ses04-block8-game2_000::b0109,test/sub001/ses-04/sub001-ses04-block8-game2_000.npy,sub001,2,3,26,0,Short,1,0.5,2,0.6666666666666666,3,5,0.9002947163734695,1,1,0,0,0,1,0
sub001-ses04-block8-game2_000::b0110,test/sub001/ses-04/sub001-ses04-block8-game2_000.npy,sub001,2,4,26,0,Short,3,1.0,3,0.5,5,5,0.8506178141932074,1,2,1,0,0,0,1
sub001-ses04-block8-game2_000::b0111,test/sub001/ses-04/sub001-ses04-block8-game2_000.npy,sub001,2,4,26,0,Short,3,1.0,3,0.5,2,5,0.7934413765506203,1,4,5,0,0,0,0
sub001-ses04-block8-game2_000::b0112,test/sub001/ses-04/sub001-ses04-block8-game2_000.npy,sub001,2,2,26,0,Short,0,0.0,1,1.0,2,2,0.9692894419911682,1,5,0,0,0,0,0
sub001-ses04-block8-game2_000::b0113,test/sub001/ses-04/sub001-ses04-block8-game2_000.npy,sub001,2,4,26,0,Short,3,1.0,3,0.5,0,0,0.8485192981125397,1,1,1,0,0,1,1
sub001-ses04-block8-game2_000::b0114,test/sub001/ses-04/sub001-ses04-block8-game2_000.npy,sub001,2,2,26,0,Short,1,1.0,2,0.5,4,0,0.8923758182518291,2,5,4,0,0,0,0
sub001-ses04-block8-game2_000::b0115,test/sub001/ses-04/sub001-ses04-block8-game2_000.npy,sub001,2,3,26,0,Short,2,1.0,3,0.3333333333333333,0,0,0.8561337868480724,1,1,3,0,0,1,0
sub001-ses04-block8-game2_000::b0116,test/sub001/ses-04/sub001-ses04-block8-game2_000.npy,sub001,2,4,26,0,Short,2,0.6666666666666666,3,0.5,5,4,0.8840073529411765,1,3,5,0,0,0,0
sub001-ses04-block8-game2_000::b0117,test/sub001/ses-04/sub001-ses04-block8-game2_000.npy,sub001,2,4,26,0,Short,2,0.6666666666666666,3,0.5,4,4,0.8435843746482043,1,0,3,0,0,0,0
sub001-ses04-block8-game2_000::b0118,test/sub001/ses-04/sub001-ses04-block8-game2_000.npy,sub001,2,2,26,0,Short,1,1.0,2,0.5,5,4,0.8785714285714286,1,4,4,0,0,0,0
sub001-ses04-block8-game2_000::b0119,test/sub001/ses-04/sub001-ses04-block8-game2_000.npy,sub001,2,2,26,0,Short,1,1.0,2,0.5,2,0,0.7892635314995564,1,5,5,0,0,0,0
sub001-ses04-block8-game2_000::b0120,test/sub001/ses-04/sub001-ses04-block8-game2_000.npy,sub001,2,5,26,0,Short,3,0.75,3,0.6,3,5,0.8290290256855606,4,5,5,0,0,0,0
sub001-ses04-block8-game2_000::b0121,test/sub001/ses-04/sub001-ses04-block8-game2_000.npy,sub001,2,5,26,0,Short,3,0.75,4,0.4,3,2,0.8512379397947274,1,3,5,0,0,0,0
sub001-ses04-block8-game2_000::b0122,test/sub001/ses-04/sub001-ses04-block8-game2_000.npy,sub001,2,6,26,0,Short,3,0.6,4,0.3333333333333333,2,2,0.8631336296981532,1,1,5,0,0,1,0
sub001-ses04-block8-game2_000::b0123,test/sub001/ses-04/sub001-ses04-block8-game2_000.npy,sub001,2,4,26,0,Short,2,0.6666666666666666,3,0.5,3,5,0.8531469116843544,1,0,0,0,0,0,0
sub001-ses04-block8-game2_000::b0124,test/sub001/ses-04/sub001-ses04-block8-game2_000.npy,sub001,2,2,26,0,Short,0,0.0,1,1.0,3,3,0.9055851063829787,3,2,0,1,1,0,0
sub001-ses04-block8-game2_000::b0125,test/sub001/ses-04/sub001-ses04-block8-game2_000.npy,sub001,2,45,26,1,Long,34,0.7727272727272727,6,0.26666666666666666,0,3,0.8375381509712372,2,1,2,0,0,0,1
sub001-ses04-block8-game2_000::b0126,test/sub001/ses-04/sub001-ses04-block8-game2_000.npy,sub001,2,1,26,0,Short,0,0.0,1,1.0,5,5,0.9130434782608695,1,0,1,0,0,0,1
sub001-ses04-block8-game2_000::b0127,test/sub001/ses-04/sub001-ses04-block8-game2_000.npy,sub001,2,17,26,0,Short,15,0.9375,6,0.23529411764705882,5,5,0.8530623010957219,1,1,1,0,0,1,1
sub001-ses04-block8-game2_000::b0128,test/sub001/ses-04/sub001-ses04-block8-game2_000.npy,sub001,2,3,26,0,Short,2,1.0,3,0.3333333333333333,1,0,0.8329703832752613,1,3,5,1,0,0,0
sub001-ses04-block8-game2_000::b0129,test/sub001/ses-04/sub001-ses04-block8-game2_000.npy,sub001,2,2,26,0,Short,1,1.0,2,0.5,3,2,0.9109730848861284,1,5,5,0,0,0,0
sub001-ses04-block8-game2_000::b0130,test/sub001/ses-04/sub001-ses04-block8-game2_000.npy,sub001,2,3,26,0,Short,2,1.0,3,0.3333333333333333,1,1,0.8007251318421531,1,3,3,1,1,0,0
sub001-ses04-block8-game2_000::b0131,test/sub001/ses-04/sub001-ses04-block8-game2_000.npy,sub001,2,3,26,0,Short,1,0.5,2,0.6666666666666666,0,2,0.8874074074074074,1,3,0,0,0,0,0
sub001-ses04-block8-game2_000::b0132,test/sub001/ses-04/sub001-ses04-block8-game2_000.npy,sub001,2,36,26,1,Long,32,0.9142857142857143,6,0.3055555555555556,3,3,0.8079272851251016,2,5,0,0,0,0,0
sub001-ses04-block8-game2_000::b0133,test/sub001/ses-04/sub001-ses04-block8-game2_000.npy,sub001,2,33,26,1,Long,29,0.90625,6,0.24242424242424243,0,1,0.8066825888333314,2,4,3,0,0,0,0
sub001-ses04-block8-game2_000::b0134,test/sub001/ses-04/sub001-ses04-block8-game2_000.npy,sub001,2,27,26,1,Long,23,0.8846153846153846,6,0.2962962962962963,3,3,0.8239807956252944,1,0,2,0,0,0,0
sub001-ses04-block8-game2_000::b0135,test/sub001/ses-04/sub001-ses04-block8-game2_000.npy,sub001,2,48,26,1,Long,38,0.8085106382978723,6,0.20833333333333334,5,1,0.8278531716483849,1,3,3,0,1,0,0
sub001-ses04-block8-game2_000::b0136,test/sub001/ses-04/sub001-ses04-block8-game2_000.npy,sub001,2,3,26,0,Short,2,1.0,3,0.3333333333333333,0,0,0.8202020202020202,1,1,3,0,0,1,0
sub001-ses04-block8-game2_000::b0137,test/sub001/ses-04/sub001-ses04-block8-game2_000.npy,sub001,2,2,26,0,Short,1,1.0,2,0.5,5,3,0.8034332688588008,1,5,1,0,0,0,1
sub001-ses04-block8-game2_000::b0138,test/sub001/ses-04/sub001-ses04-block8-game2_000.npy,sub001,2,8,26,0,Short,6,0.8571428571428571,3,0.5,0,5,0.7797599421359662,1,3,3,0,0,0,0
sub001-ses04-block8-game2_000::b0139,test/sub001/ses-04/sub001-ses04-block8-game2_000.npy,sub001,2,4,26,0,Short,3,1.0,4,0.25,1,1,0.7805967841682128,1,0,0,1,1,0,0
sub001-ses04-block8-game2_000::b0140,test/sub001/ses-04/sub001-ses04-block8-game2_000.npy,sub001,2,13,26,0,Short,10,0.8333333333333334,6,0.3076923076923077,3,0,0.8317431002713794,3,5,5,1,0,0,0
sub001-ses04-block8-game2_000::b0141,test/sub001/ses-04/sub001-ses04-block8-game2_000.npy,sub001,2,8,26,0,Short,5,0.7142857142857143,4,0.5,3,3,0.851502853685415,2,1,1,0,0,0,0
sub001-ses04-block8-game2_000::b0142,test/sub001/ses-04/sub001-ses04-block8-game2_000.npy,sub001,2,11,26,0,Short,9,0.9,5,0.36363636363636365,0,0,0.8212573337008684,1,5,5,0,0,0,0
sub001-ses04-block8-game2_000::b0143,test/sub001/ses-04/sub001-ses04-block8-game2_000.npy,sub001,2,9,26,0,Short,8,1.0,5,0.3333333333333333,0,5,0.831391933824957,3,4,3,0,0,0,1
sub001-ses04-block8-game2_000::b0144,test/sub001/ses-04/sub001-ses04-block8-game2_000.npy,sub001,2,20,26,0,Short,17,0.8947368421052632,5,0.3,3,1,0.8138836911203727,2,1,1,0,0,0,0
sub001-ses04-block8-game2_000::b0145,test/sub001/ses-04/sub001-ses04-block8-game2_000.npy,sub001,2,9,26,0,Short,7,0.875,3,0.4444444444444444,4,0,0.8236686723917077,2,2,2,0,0,1,1
sub001-ses04-block8-game2_000::b0146,test/sub001/ses-04/sub001-ses04-block8-game2_000.npy,sub001,2,13,26,0,Short,11,0.9166666666666666,5,0.3076923076923077,5,2,0.8189453707386837,1,5,5,0,0,0,0
sub001-ses04-block8-game2_000::b0147,test/sub001/ses-04/sub001-ses04-block8-game2_000.npy,sub001,2,16,26,0,Short,10,0.6666666666666666,6,0.375,4,3,0.82901594295375,1,2,4,0,0,0,0
sub001-ses04-block8-game2_000::b0148,test/sub001/ses-04/sub001-ses04-block8-game2_000.npy,sub001,2,7,26,0,Short,6,1.0,5,0.2857142857142857,1,0,0.8293314792989132,3,1,0,0,0,0,0
sub001-ses04-block8-game2_000::b0149,test/sub001/ses-04/sub001-ses04-block8-game2_000.npy,sub001,2,15,26,0,Short,14,1.0,6,0.26666666666666666,3,4,0.8227734293010139,2,3,3,0,0,0,0
sub001-ses04-block8-game2_000::b0150,test/sub001/ses-04/sub001-ses04-block8-game2_000.npy,sub001,2,8,26,0,Short,4,0.5714285714285714,4,0.375,2,2,0.8063536522971385,3,3,3,0,0,1,1
sub001-ses04-block8-game2_000::b0151,test/sub001/ses-04/sub001-ses04-block8-game2_000.npy,sub001,2,44,26,1,Long,32,0.7441860465116279,6,0.38636363636363635,3,3,0.8103061366204756,1,0,1,0,0,0,1
sub001-ses04-block8-game2_000::b0152,test/sub001/ses-04/sub001-ses04-block8-game2_000.npy,sub001,2,40,26,1,Long,29,0.7435897435897436,6,0.3,0,0,0.8295425564926289,1,3,3,0,0,0,0
sub001-ses04-block8-game2_000::b0153,test/sub001/ses-04/sub001-ses04-block8-game2_000.npy,sub001,2,10,26,0,Short,8,0.8888888888888888,5,0.3,5,1,0.853433262852968,1,1,1,0,1,1,1
sub001-ses04-block8-game2_000::b0154,test/sub001/ses-04/sub001-ses04-block8-game2_000.npy,sub001,2,6,26,0,Short,5,1.0,4,0.5,0,0,0.8023931464903905,1,3,1,0,0,0,1
sub001-ses04-block8-game2_000::b0155,test/sub001/ses-04/sub001-ses04-block8-game2_000.npy,sub001,2,30,26,1,Long,23,0.7931034482758621,6,0.26666666666666666,5,5,0.7847287018694034,2,4,5,0,0,0,0
sub001-ses04-block8-game2_000::b0156,test/sub001/ses-04/sub001-ses04-block8-game2_000.npy,sub001,2,10,26,0,Short,5,0.5555555555555556,6,0.4,2,0,0.8303513745222812,3,0,1,0,0,0,0
sub001-ses04-block8-game2_000::b0157,test/sub001/ses-04/sub001-ses04-block8-game2_000.npy,sub001,2,27,26,1,Long,20,0.7692307692307693,6,0.37037037037037035,5,3,0.808557094581947,1,3,5,0,0,0,0
sub001-ses04-block8-game2_000::b0158,test/sub001/ses-04/sub001-ses04-block8-game2_000.npy,sub001,2,175,26,1,Long,148,0.8505747126436781,6,0.21714285714285714,0,5,0.8447215246132023,2,4,3,0,0,0,0
sub001-ses04-block8-game2_000::b0159,test/sub001/ses-04/sub001-ses04-block8-game2_000.npy,sub001,2,12,26,0,Short,9,0.8181818181818182,6,0.25,5,1,0.8659264241437206,1,0,1,0,1,0,1
sub001-ses04-block8-game2_000::b0160,test/sub001/ses-04/sub001-ses04-block8-game2_000.npy,sub001,2,7,26,0,Short,6,1.0,4,0.42857142857142855,2,2,0.8649360262504271,2,1,5,1,1,0,0
sub001-ses04-block8-game2_000::b0161,test/sub001/ses-04/sub001-ses04-block8-game2_000.npy,sub001,2,10,26,0,Short,9,1.0,5,0.4,3,0,0.8410624955525512,3,1,5,1,0,0,0
sub001-ses04-block8-game2_000::b0162,test/sub001/ses-04/sub001-ses04-block8-game2_000.npy,sub001,2,16,26,0,Short,9,0.6,5,0.3125,5,1,0.8771925807248884,2,2,5,0,0,1,0
sub001-ses04-block8-game2_000::b0163,test/sub001/ses-04/sub001-ses04-block8-game2_000.npy,sub001,2,36,26,1,Long,26,0.7428571428571429,6,0.2777777777777778,0,3,0.8459180238780057,1,3,5,0,0,0,0
sub001-ses04-block8-game2_000::b0164,test/sub001/ses-04/sub001-ses04-block8-game2_000.npy,sub001,2,14,26,0,Short,12,0.9230769230769231,6,0.21428571428571427,5,1,0.866604234880137,1,5,5,0,1,0,0
sub001-ses04-block8-game2_000::b0165,test/sub001/ses-04/sub001-ses04-block8-game2_000.npy,sub001,2,10,26,0,Short,7,0.7777777777777778,4,0.4,5,5,0.8592475958634374,1,4,1,0,0,0,1
sub001-ses04-block8-game2_000::b0166,test/sub001/ses-04/sub001-ses04-block8-game2_000.npy,sub001,2,4,26,0,Short,1,0.3333333333333333,2,0.75,1,1,0.8795864499646012,1,3,1,1,1,0,1
sub001-ses04-block8-game2_000::b0167,test/sub001/ses-04/sub001-ses04-block8-game2_000.npy,sub001,2,3,26,0,Short,1,0.5,2,0.6666666666666666,0,3,0.8935185185185185,2,0,1,0,0,0,0
sub001-ses04-block8-game2_000::b0168,test/sub001/ses-04/sub001-ses04-block8-game2_000.npy,sub001,2,5,26,0,Short,3,0.75,4,0.4,5,5,0.8780262798094498,2,3,3,0,0,0,0
sub001-ses04-block8-game2_000::b0169,test/sub001/ses-04/sub001-ses04-block8-game2_000.npy,sub001,2,9,26,0,Short,5,0.625,3,0.6666666666666666,5,1,0.8377097012002672,2,4,0,0,0,0,0
sub001-ses04-block8-game2_000::b0170,test/sub001/ses-04/sub001-ses04-block8-game2_000.npy,sub001,2,4,26,0,Short,3,1.0,4,0.25,2,1,0.8519642608816576,1,2,3,0,1,0,0
sub001-ses04-block8-game2_000::b0171,test/sub001/ses-04/sub001-ses04-block8-game2_000.npy,sub001,2,10,26,0,Short,6,0.6666666666666666,4,0.5,0,1,0.8457060878557267,2,1,4,0,0,0,0
sub001-ses04-block8-game2_000::b0172,test/sub001/ses-04/sub001-ses04-block8-game2_000.npy,sub001,2,2,26,0,Short,1,1.0,2,0.5,0,0,0.8987373737373737,1,4,3,0,0,0,0
sub001-ses04-block8-game2_000::b0173,test/sub001/ses-04/sub001-ses04-block8-game2_000.npy,sub001,2,4,26,0,Short,1,0.3333333333333333,2,0.75,2,1,0.8180261207046922,2,5,2,1,0,0,1
sub001-ses04-block8-game2_000::b0174,test/sub001/ses-04/sub001-ses04-block8-game2_000.npy,sub001,2,121,26,1,Long,93,0.775,6,0.24793388429752067,3,4,0.8333469972811605,2,1,2,0,0,0,1
sub001-ses04-block8-game2_000::b0175,test/sub001/ses-04/sub001-ses04-block8-game2_000.npy,sub001,2,12,26,0,Short,9,0.8181818181818182,5,0.3333333333333333,2,4,0.8816739313671814,2,2,4,1,0,1,0
sub001-ses04-block8-game2_000::b0176,test/sub001/ses-04/sub001-ses04-block8-game2_000.npy,sub001,2,15,26,0,Short,11,0.7857142857142857,6,0.26666666666666666,4,0,0.84669917496691,2,0,0,0,0,0,0
sub001-ses04-block8-game2_000::b0177,test/sub001/ses-04/sub001-ses04-block8-game2_000.npy,sub001,2,2,26,0,Short,1,1.0,2,0.5,1,1,0.8767441860465117,1,1,1,1,1,1,1
sub001-ses04-block8-game2_000::b0178,test/sub001/ses-04/sub001-ses04-block8-game2_000.npy,sub001,2,4,26,0,Short,3,1.0,4,0.25,0,0,0.853139338731444,2,4,2,0,0,0,1
sub001-ses04-block8-game2_000::b0179,test/sub001/ses-04/sub001-ses04-block8-game2_000.npy,sub001,2,11,26,0,Short,7,0.7,6,0.36363636363636365,3,0,0.8322516954766701,3,5,4,1,0,0,0
sub001-ses04-block8-game2_000::b0180,test/sub001/ses-04/sub001-ses04-block8-game2_000.npy,sub001,2,51,26,1,Long,42,0.84,6,0.35294117647058826,5,5,0.8497626198870694,3,2,0,0,0,0,0
sub001-ses04-block8-game2_000::b0181,test/sub001/ses-04/sub001-ses04-block8-game2_000.npy,sub001,2,4,26,0,Short,2,0.6666666666666666,3,0.5,4,1,0.8130247741591436,1,4,1,0,1,0,1
sub001-ses04-block8-game2_000::b0182,test/sub001/ses-04/sub001-ses04-block8-game2_000.npy,sub001,2,4,26,0,Short,3,1.0,3,0.5,3,3,0.8509372979961216,2,4,5,0,0,0,0
sub001-ses04-block8-game2_000::b0183,test/sub001/ses-04/sub001-ses04-block8-game2_000.npy,sub001,2,39,26,1,Long,35,0.9210526315789473,6,0.3076923076923077,5,1,0.860940879906638,2,1,1,0,0,0,0
sub001-ses04-block8-game2_000::b0184,test/sub001/ses-04/sub001-ses04-block8-game2_000.npy,sub001,2,13,26,0,Short,6,0.5,4,0.46153846153846156,1,1,0.8655064501310847,1,4,3,1,1,0,0
sub001-ses04-block8-game2_000::b0185,test/sub001/ses-04/sub001-ses04-block8-game2_000.npy,sub001,2,24,26,0,Short,18,0.782608695652174,6,0.3333333333333333,1,1,0.8622254499087075,1,2,1,1,1,0,1
sub001-ses04-block8-game2_000::b0186,test/sub001/ses-04/sub001-ses04-block8-game2_000.npy,sub001,2,4,26,0,Short,3,1.0,4,0.25,1,1,0.8802724358974359,1,0,2,1,1,0,0
sub001-ses04-block8-game2_000::b0187,test/sub001/ses-04/sub001-ses04-block8-game2_000.npy,sub001,2,4,26,0,Short,2,0.6666666666666666,2,0.5,1,0,0.8717618778280543,1,3,4,1,0,0,0
sub001-ses04-block8-game2_000::b0188,test/sub001/ses-04/sub001-ses04-block8-game2_000.npy,sub001,2,2,26,0,Short,0,0.0,1,1.0,5,5,0.8753799392097263,1,1,4,0,0,1,0
sub001-ses04-block8-game2_000::b0189,test/sub001/ses-04/sub001-ses04-block8-game2_000.npy,sub001,2,2,26,0,Short,1,1.0,2,0.5,3,3,0.8620283018867925,1,5,1,0,0,0,1
sub001-ses04-block8-game2_000::b0190,test/sub001/ses-04/sub001-ses04-block8-game2_000.npy,sub001,2,2,26,0,Short,1,1.0,2,0.5,5,3,0.8188775510204082,1,3,2,0,0,0,0
sub001-ses04-block8-game2_000::b0191,test/sub001/ses-04/sub001-ses04-block8-game2_000.npy,sub001,2,5,26,0,Short,4,1.0,4,0.4,0,2,0.8186722057337958,1,3,2,0,0,0,0
sub001-ses04-block8-game2_000::b0192,test/sub001/ses-04/sub001-ses04-block8-game2_000.npy,sub001,2,4,26,0,Short,3,1.0,4,0.25,0,0,0.8520226256552575,1,3,1,0,0,0,1
sub001-ses04-block8-game2_000::b0193,test/sub001/ses-04/sub001-ses04-block8-game2_000.npy,sub001,2,2,26,0,Short,1,1.0,2,0.5,3,2,0.8324808184143222,1,2,1,0,0,0,1
sub001-ses04-block8-game2_000::b0194,test/sub001/ses-04/sub001-ses04-block8-game2_000.npy,sub001,2,3,26,0,Short,1,0.5,2,0.6666666666666666,1,1,0.8064825930372148,1,1,1,1,1,1,1
sub001-ses04-block8-game2_000::b0195,test/sub001/ses-04/sub001-ses04-block8-game2_000.npy,sub001,2,1,26,0,Short,0,0.0,1,1.0,0,0,0.7924528301886793,1,5,2,0,0,0,0
sub001-ses04-block8-game2_000::b0196,test/sub001/ses-04/sub001-ses04-block8-game2_000.npy,sub001,2,27,26,1,Long,22,0.8461538461538461,6,0.2222222222222222,2,2,0.8705909562066615,2,2,4,1,1,1,0
sub001-ses04-block8-game2_000::b0197,test/sub001/ses-04/sub001-ses04-block8-game2_000.npy,sub001,2,4,26,0,Short,2,0.6666666666666666,3,0.5,1,1,0.8499506128043864,1,2,3,1,1,0,0
sub001-ses04-block8-game2_000::b0198,test/sub001/ses-04/sub001-ses04-block8-game2_000.npy,sub001,2,6,26,0,Short,4,0.8,4,0.5,3,3,0.8020268484752391,3,0,0,1,1,0,0
sub001-ses04-block8-game2_000::b0199,test/sub001/ses-04/sub001-ses04-block8-game2_000.npy,sub001,2,13,26,0,Short,12,1.0,6,0.3076923076923077,3,1,0.8563514183854879,2,2,4,0,0,1,0
sub001-ses04-block8-game2_000::b0200,test/sub001/ses-04/sub001-ses04-block8-game2_000.npy,sub001,2,3,26,0,Short,1,0.5,2,0.6666666666666666,1,1,0.8708068133600048,1,1,4,1,1,1,0
sub001-ses04-block8-game2_000::b0201,test/sub001/ses-04/sub001-ses04-block8-game2_000.npy,sub001,2,5,26,0,Short,2,0.5,3,0.6,5,1,0.8459848484848485,2,4,1,0,0,0,0
sub001-ses04-block8-game2_000::b0202,test/sub001/ses-04/sub001-ses04-block8-game2_000.npy,sub001,2,6,26,0,Short,4,0.8,3,0.5,1,2,0.842997918759352,2,1,1,0,1,0,0
sub001-ses04-block8-game2_000::b0203,test/sub001/ses-04/sub001-ses04-block8-game2_000.npy,sub001,2,34,26,1,Long,27,0.8181818181818182,6,0.2647058823529412,1,1,0.8516718919852552,3,1,1,0,0,0,0
sub001-ses04-block8-game2_000::b0204,test/sub001/ses-04/sub001-ses04-block8-game2_000.npy,sub001,2,12,26,0,Short,10,0.9090909090909091,5,0.3333333333333333,2,1,0.8996794591032621,1,4,1,0,1,0,1
sub001-ses04-block8-game2_000::b0205,test/sub001/ses-04/sub001-ses04-block8-game2_000.npy,sub001,2,21,26,0,Short,17,0.85,6,0.19047619047619047,0,0,0.8605216340837254,2,2,4,0,0,1,0
sub001-ses04-block8-game2_000::b0206,test/sub001/ses-04/sub001-ses04-block8-game2_000.npy,sub001,2,12,26,0,Short,10,0.9090909090909091,5,0.3333333333333333,1,1,0.8759133184945925,3,4,4,0,0,0,0
sub001-ses04-block8-game2_000::b0207,test/sub001/ses-04/sub001-ses04-block8-game2_000.npy,sub001,2,20,26,0,Short,13,0.6842105263157895,6,0.35,5,5,0.861765761434504,1,3,1,0,0,0,1
sub001-ses04-block8-game2_000::b0208,test/sub001/ses-04/sub001-ses04-block8-game2_000.npy,sub001,2,15,26,0,Short,11,0.7857142857142857,5,0.3333333333333333,4,2,0.8597945753320718,2,3,3,0,1,0,0
sub001-ses04-block8-game2_000::b0209,test/sub001/ses-04/sub001-ses04-block8-game2_000.npy,sub001,2,3,26,0,Short,2,1.0,2,0.6666666666666666,1,1,0.8115325316065372,1,1,5,1,1,1,0
sub001-ses04-block8-game2_000::b0210,test/sub001/ses-04/sub001-ses04-block8-game2_000.npy,sub001,2,3,26,0,Short,1,0.5,2,0.6666666666666666,3,0,0.8465248226950356,1,2,5,0,0,0,0
sub001-ses04-block8-game2_000::b0211,test/sub001/ses-04/sub001-ses04-block8-game2_000.npy,sub001,2,4,26,0,Short,3,1.0,3,0.5,5,5,0.8521048697679132,1,4,5,0,0,0,0
sub001-ses04-block8-game2_000::b0212,test/sub001/ses-04/sub001-ses04-block8-game2_000.npy,sub001,2,56,26,1,Long,49,0.8909090909090909,6,0.23214285714285715,4,1,0.852795851754659,2,0,4,0,0,0,0
sub001-ses04-block8-game2_000::b0213,test/sub001/ses-04/sub001-ses04-block8-game2_000.npy,sub001,2,8,26,0,Short,4,0.5714285714285714,4,0.375,5,0,0.852603751848902,3,2,1,0,0,0,0
sub001-ses04-block8-game2_000::b0214,test/sub001/ses-04/sub001-ses04-block8-game2_000.npy,sub001,2,8,26,0,Short,5,0.7142857142857143,3,0.375,1,1,0.8533740649337154,1,0,3,1,1,0,0
sub001-ses04-block8-game2_000::b0215,test/sub001/ses-04/sub001-ses04-block8-game2_000.npy,sub001,2,7,26,0,Short,6,1.0,5,0.42857142857142855,4,4,0.8423209801959637,2,3,3,0,0,0,0
sub001-ses04-block8-game2_000::b0216,test/sub001/ses-04/sub001-ses04-block8-game2_000.npy,sub001,2,24,26,0,Short,21,0.9130434782608695,6,0.2916666666666667,1,1,0.8295205023147316,1,4,0,1,1,0,0
sub001-ses04-block8-game2_000::b0217,test/sub001/ses-04/sub001-ses04-block8-game2_000.npy,sub001,2,4,26,0,Short,2,0.6666666666666666,3,0.5,3,1,0.8935226572898662,1,5,0,0,1,0,0
sub001-ses04-block8-game2_000::b0218,test/sub001/ses-04/sub001-ses04-block8-game2_000.npy,sub001,2,8,26,0,Short,5,0.7142857142857143,4,0.375,1,3,0.8394208148840386,1,1,1,1,0,1,1
sub001-ses04-block8-game2_000::b0219,test/sub001/ses-04/sub001-ses04-block8-game2_000.npy,sub001,2,10,26,0,Short,9,1.0,5,0.3,1,1,0.8405853220103952,1,3,5,1,1,0,0
sub001-ses04-block8-game2_000::b0220,test/sub001/ses-04/sub001-ses04-block8-game2_000.npy,sub001,2,4,26,0,Short,3,1.0,4,0.25,4,1,0.8317704015842313,1,1,3,0,1,1,0
sub001-ses04-block8-game2_000::b0221,test/sub001/ses-04/sub001-ses04-block8-game2_000.npy,sub001,2,4,26,0,Short,2,0.6666666666666666,3,0.5,4,4,0.8535147392290249,1,4,5,0,0,0,0
sub001-ses04-block8-game2_000::b0222,test/sub001/ses-04/sub001-ses04-block8-game2_000.npy,sub001,2,1,26,0,Short,0,0.0,1,1.0,0,0,0.875,1,5,5,0,0,0,0
sub001-ses04-block8-game2_000::b0223,test/sub001/ses-04/sub001-ses04-block8-game2_000.npy,sub001,2,1,26,0,Short,0,0.0,1,1.0,0,0,0.84,3,1,5,0,0,0,0
sub001-ses04-block8-game2_001::b0001,test/sub001/ses-04/sub001-ses04-block8-game2_001.npy,sub001,2,18,26,0,Short,14,0.8235294117647058,6,0.3333333333333333,3,3,0.8559054420490494,2,1,5,0,0,0,0
sub001-ses04-block8-game2_001::b0002,test/sub001/ses-04/sub001-ses04-block8-game2_001.npy,sub001,2,16,26,0,Short,12,0.8,6,0.25,4,0,0.8641254922684918,2,5,5,0,0,0,0
sub001-ses04-block8-game2_001::b0003,test/sub001/ses-04/sub001-ses04-block8-game2_001.npy,sub001,2,24,26,0,Short,19,0.8260869565217391,6,0.25,2,4,0.8681127182929197,3,0,0,0,0,0,0
sub001-ses04-block8-game2_001::b0004,test/sub001/ses-04/sub001-ses04-block8-game2_001.npy,sub001,2,9,26,0,Short,5,0.625,4,0.3333333333333333,5,1,0.886371966103424,2,3,5,0,0,0,0
sub001-ses04-block8-game2_001::b0005,test/sub001/ses-04/sub001-ses04-block8-game2_001.npy,sub001,2,3,26,0,Short,2,1.0,3,0.3333333333333333,2,2,0.8609188034188034,1,0,2,0,0,0,0
sub001-ses04-block8-game2_001::b0006,test/sub001/ses-04/sub001-ses04-block8-game2_001.npy,sub001,2,16,26,0,Short,15,1.0,6,0.375,1,5,0.8783525663506111,2,4,4,0,0,0,0
sub001-ses04-block8-game2_001::b0007,test/sub001/ses-04/sub001-ses04-block8-game2_001.npy,sub001,2,22,26,0,Short,16,0.7619047619047619,6,0.2727272727272727,2,4,0.862079587754693,2,3,5,1,0,0,0
sub001-ses04-block8-game2_001::b0008,test/sub001/ses-04/sub001-ses04-block8-game2_001.npy,sub001,2,16,26,0,Short,11,0.7333333333333333,5,0.3125,1,1,0.859309518581542,2,3,3,0,0,0,0
sub001-ses04-block8-game2_001::b0009,test/sub001/ses-04/sub001-ses04-block8-game2_001.npy,sub001,2,12,26,0,Short,8,0.7272727272727273,6,0.3333333333333333,5,1,0.8577142891234555,1,3,3,0,1,0,0
sub001-ses04-block8-game2_001::b0010,test/sub001/ses-04/sub001-ses04-block8-game2_001.npy,sub001,2,14,26,0,Short,10,0.7692307692307693,5,0.2857142857142857,0,0,0.8563017971439637,1,3,1,0,0,0,1
sub001-ses04-block8-game2_001::b0011,test/sub001/ses-04/sub001-ses04-block8-game2_001.npy,sub001,2,4,26,0,Short,3,1.0,3,0.5,3,5,0.8862268518518518,1,1,5,0,0,1,0
sub001-ses04-block8-game2_001::b0012,test/sub001/ses-04/sub001-ses04-block8-game2_001.npy,sub001,2,5,26,0,Short,3,0.75,3,0.6,3,3,0.849412901912902,1,2,1,0,0,0,1
sub001-ses04-block8-game2_001::b0013,test/sub001/ses-04/sub001-ses04-block8-game2_001.npy,sub001,2,4,26,0,Short,3,1.0,4,0.25,0,0,0.8197371112929623,1,4,3,0,0,0,0
sub001-ses04-block8-game2_001::b0014,test/sub001/ses-04/sub001-ses04-block8-game2_001.npy,sub001,2,4,26,0,Short,2,0.6666666666666666,3,0.5,4,5,0.8749811463046757,1,4,3,0,0,0,0
sub001-ses04-block8-game2_001::b0015,test/sub001/ses-04/sub001-ses04-block8-game2_001.npy,sub001,2,3,26,0,Short,1,0.5,2,0.6666666666666666,0,0,0.8599290780141843,1,5,1,0,0,0,1
sub001-ses04-block8-game2_001::b0016,test/sub001/ses-04/sub001-ses04-block8-game2_001.npy,sub001,2,5,26,0,Short,3,0.75,2,0.6,1,3,0.871062145401768,1,5,5,1,0,0,0
sub001-ses04-block8-game2_001::b0017,test/sub001/ses-04/sub001-ses04-block8-game2_001.npy,sub001,2,3,26,0,Short,2,1.0,3,0.3333333333333333,2,2,0.7952766012065204,1,5,5,0,0,0,0
sub001-ses04-block8-game2_001::b0018,test/sub001/ses-04/sub001-ses04-block8-game2_001.npy,sub001,2,3,26,0,Short,1,0.5,2,0.6666666666666666,2,2,0.8343557027767554,1,0,2,0,0,0,0
sub001-ses04-block8-game2_001::b0019,test/sub001/ses-04/sub001-ses04-block8-game2_001.npy,sub001,2,3,26,0,Short,2,1.0,3,0.3333333333333333,5,1,0.8549166350890488,1,1,1,0,1,1,1
sub001-ses04-block8-game2_001::b0020,test/sub001/ses-04/sub001-ses04-block8-game2_001.npy,sub001,2,3,26,0,Short,2,1.0,3,0.3333333333333333,4,2,0.8357367475292005,1,1,1,0,0,1,1
sub001-ses04-block8-game2_001::b0021,test/sub001/ses-04/sub001-ses04-block8-game2_001.npy,sub001,2,4,26,0,Short,3,1.0,4,0.25,0,0,0.8306103678929766,1,2,2,0,0,0,0
sub001-ses04-block8-game2_001::b0022,test/sub001/ses-04/sub001-ses04-block8-game2_001.npy,sub001,2,4,26,0,Short,1,0.3333333333333333,2,0.75,3,3,0.8118956043956043,1,5,3,0,0,0,0
sub001-ses04-block8-game2_001::b0023,test/sub001/ses-04/sub001-ses04-block8-game2_001.npy,sub001,2,4,26,0,Short,2,0.6666666666666666,3,0.5,4,4,0.8364049145299145,1,4,5,0,0,0,0
sub001-ses04-block8-game2_001::b0024,test/sub001/ses-04/sub001-ses04-block8-game2_001.npy,sub001,2,3,26,0,Short,2,1.0,3,0.3333333333333333,3,3,0.8661562203228869,1,1,1,0,0,1,1
sub001-ses04-block8-game2_001::b0025,test/sub001/ses-04/sub001-ses04-block8-game2_001.npy,sub001,2,4,26,0,Short,2,0.6666666666666666,2,0.75,1,1,0.8384087481146304,1,3,0,1,1,0,0
sub001-ses04-block8-game2_001::b0026,test/sub001/ses-04/sub001-ses04-block8-game2_001.npy,sub001,2,5,26,0,Short,3,0.75,4,0.4,3,5,0.8565155809413287,1,2,5,0,0,0,0
sub001-ses04-block8-game2_001::b0027,test/sub001/ses-04/sub001-ses04-block8-game2_001.npy,sub001,2,2,26,0,Short,1,1.0,2,0.5,0,0,0.7897158863545418,1,0,0,0,0,0,0
sub001-ses04-block8-game2_001::b0028,test/sub001/ses-04/sub001-ses04-block8-game2_001.npy,sub001,2,4,26,0,Short,2,0.6666666666666666,3,0.5,1,0,0.8902834910187851,1,5,4,1,0,0,0
sub001-ses04-block8-game2_001::b0029,test/sub001/ses-04/sub001-ses04-block8-game2_001.npy,sub001,2,11,26,0,Short,9,0.9,5,0.45454545454545453,1,1,0.8630975376445776,1,1,4,1,1,1,0
sub001-ses04-block8-game2_001::b0030,test/sub001/ses-04/sub001-ses04-block8-game2_001.npy,sub001,2,9,26,0,Short,7,0.875,4,0.4444444444444444,2,4,0.8655176571667422,2,3,4,1,0,0,0
sub001-ses04-block8-game2_001::b0031,test/sub001/ses-04/sub001-ses04-block8-game2_001.npy,sub001,2,11,26,0,Short,9,0.9,6,0.36363636363636365,1,1,0.8528189295720732,1,0,5,1,1,0,0
sub001-ses04-block8-game2_001::b0032,test/sub001/ses-04/sub001-ses04-block8-game2_001.npy,sub001,2,15,26,0,Short,11,0.7857142857142857,5,0.26666666666666666,3,0,0.8480735684366231,3,4,2,1,0,0,0
sub001-ses04-block8-game2_001::b0033,test/sub001/ses-04/sub001-ses04-block8-game2_001.npy,sub001,2,8,26,0,Short,6,0.8571428571428571,5,0.375,1,4,0.8646142118066262,2,4,5,0,0,0,0
sub001-ses04-block8-game2_001::b0034,test/sub001/ses-04/sub001-ses04-block8-game2_001.npy,sub001,2,18,26,0,Short,12,0.7058823529411765,5,0.2777777777777778,1,1,0.8386314113487043,2,3,4,0,0,0,0
sub001-ses04-block8-game2_001::b0035,test/sub001/ses-04/sub001-ses04-block8-game2_001.npy,sub001,2,16,26,0,Short,10,0.6666666666666666,5,0.5,1,1,0.8624560396580352,1,5,0,1,1,0,0
sub001-ses04-block8-game2_001::b0036,test/sub001/ses-04/sub001-ses04-block8-game2_001.npy,sub001,2,13,26,0,Short,10,0.8333333333333334,6,0.38461538461538464,1,1,0.8491326778610829,1,4,5,1,1,0,0
sub001-ses04-block8-game2_001::b0037,test/sub001/ses-04/sub001-ses04-block8-game2_001.npy,sub001,2,4,26,0,Short,3,1.0,4,0.25,3,0,0.8906343656343656,1,1,0,0,0,1,0
sub001-ses04-block8-game2_001::b0038,test/sub001/ses-04/sub001-ses04-block8-game2_001.npy,sub001,2,2,26,0,Short,0,0.0,1,1.0,3,3,0.8809803921568627,1,1,1,0,0,1,1
sub001-ses04-block8-game2_001::b0039,test/sub001/ses-04/sub001-ses04-block8-game2_001.npy,sub001,2,5,26,0,Short,2,0.5,2,0.8,1,1,0.8750743332258637,1,2,4,1,1,0,0
sub001-ses04-block8-game2_001::b0040,test/sub001/ses-04/sub001-ses04-block8-game2_001.npy,sub001,2,4,26,0,Short,3,1.0,4,0.25,2,1,0.8557104907180264,1,1,2,0,1,1,0
sub001-ses04-block8-game2_001::b0041,test/sub001/ses-04/sub001-ses04-block8-game2_001.npy,sub001,2,3,26,0,Short,1,0.5,2,0.6666666666666666,1,1,0.8329248366013072,1,1,4,1,1,1,0
sub001-ses04-block8-game2_001::b0042,test/sub001/ses-04/sub001-ses04-block8-game2_001.npy,sub001,2,4,26,0,Short,3,1.0,3,0.5,1,0,0.8162028447742733,1,4,3,1,0,0,0
sub001-ses04-block8-game2_001::b0043,test/sub001/ses-04/sub001-ses04-block8-game2_001.npy,sub001,2,3,26,0,Short,1,0.5,2,0.6666666666666666,1,3,0.8020741550957574,1,1,5,1,0,1,0
sub001-ses04-block8-game2_001::b0044,test/sub001/ses-04/sub001-ses04-block8-game2_001.npy,sub001,2,4,26,0,Short,3,1.0,3,0.5,2,2,0.8571475541935268,1,0,1,0,0,0,1
sub001-ses04-block8-game2_001::b0045,test/sub001/ses-04/sub001-ses04-block8-game2_001.npy,sub001,2,4,26,0,Short,3,1.0,4,0.25,4,1,0.8570879149532153,1,4,1,0,1,0,1
sub001-ses04-block8-game2_001::b0046,test/sub001/ses-04/sub001-ses04-block8-game2_001.npy,sub001,2,1,26,0,Short,0,0.0,1,1.0,0,0,0.7647058823529411,1,5,5,0,0,0,0
sub001-ses04-block8-game2_001::b0047,test/sub001/ses-04/sub001-ses04-block8-game2_001.npy,sub001,2,4,26,0,Short,2,0.6666666666666666,2,0.75,1,1,0.8766525549613785,2,5,2,0,0,0,1
sub001-ses04-block8-game2_001::b0048,test/sub001/ses-04/sub001-ses04-block8-game2_001.npy,sub001,2,2,26,0,Short,1,1.0,2,0.5,4,2,0.8766666666666667,1,2,5,0,0,0,0
sub001-ses04-block8-game2_001::b0049,test/sub001/ses-04/sub001-ses04-block8-game2_001.npy,sub001,2,6,26,0,Short,4,0.8,4,0.5,3,3,0.8296851439509355,1,5,5,0,0,0,0
sub001-ses04-block8-game2_001::b0050,test/sub001/ses-04/sub001-ses04-block8-game2_001.npy,sub001,2,26,26,1,Long,22,0.88,6,0.2692307692307692,3,1,0.8436331194214483,1,1,5,0,1,1,0
sub001-ses04-block8-game2_001::b0051,test/sub001/ses-04/sub001-ses04-block8-game2_001.npy,sub001,2,24,26,0,Short,19,0.8260869565217391,6,0.25,3,3,0.845061254778912,3,2,2,1,1,0,0
sub001-ses04-block8-game2_001::b0052,test/sub001/ses-04/sub001-ses04-block8-game2_001.npy,sub001,2,9,26,0,Short,8,1.0,6,0.3333333333333333,5,3,0.8585320958602549,2,0,1,0,0,0,0
sub001-ses04-block8-game2_001::b0053,test/sub001/ses-04/sub001-ses04-block8-game2_001.npy,sub001,2,21,26,0,Short,17,0.85,6,0.2857142857142857,1,1,0.8684051687342803,2,4,1,0,0,0,0
sub001-ses04-block8-game2_001::b0054,test/sub001/ses-04/sub001-ses04-block8-game2_001.npy,sub001,2,4,26,0,Short,3,1.0,3,0.5,2,2,0.8585960666317809,1,2,4,0,0,0,0
sub001-ses04-block8-game2_001::b0055,test/sub001/ses-04/sub001-ses04-block8-game2_001.npy,sub001,2,10,26,0,Short,6,0.6666666666666666,3,0.5,1,1,0.8388604989328448,1,3,5,1,1,0,0
sub001-ses04-block8-game2_001::b0056,test/sub001/ses-04/sub001-ses04-block8-game2_001.npy,sub001,2,4,26,0,Short,3,1.0,3,0.5,4,4,0.8092857142857143,1,2,2,0,0,0,0
sub001-ses04-block8-game2_001::b0057,test/sub001/ses-04/sub001-ses04-block8-game2_001.npy,sub001,2,3,26,0,Short,2,1.0,3,0.3333333333333333,3,0,0.7619753086419753,1,4,0,0,0,0,0
sub001-ses04-block8-game2_001::b0058,test/sub001/ses-04/sub001-ses04-block8-game2_001.npy,sub001,2,4,26,0,Short,2,0.6666666666666666,3,0.5,1,3,0.8886487928504736,1,2,1,1,0,0,1
sub001-ses04-block8-game2_001::b0059,test/sub001/ses-04/sub001-ses04-block8-game2_001.npy,sub001,2,6,26,0,Short,4,0.8,5,0.3333333333333333,4,4,0.8678561029583043,1,0,5,0,0,0,0
sub001-ses04-block8-game2_001::b0060,test/sub001/ses-04/sub001-ses04-block8-game2_001.npy,sub001,2,8,26,0,Short,7,1.0,5,0.25,1,0,0.8163727021458784,2,1,2,0,0,0,1
sub001-ses04-block8-game2_001::b0061,test/sub001/ses-04/sub001-ses04-block8-game2_001.npy,sub001,2,16,26,0,Short,11,0.7333333333333333,6,0.25,4,0,0.8301684898407342,2,1,1,0,0,0,0
sub001-ses04-block8-game2_001::b0062,test/sub001/ses-04/sub001-ses04-block8-game2_001.npy,sub001,2,2,26,0,Short,1,1.0,2,0.5,4,4,0.8809803921568627,1,2,1,0,0,0,1
sub001-ses04-block8-game2_001::b0063,test/sub001/ses-04/sub001-ses04-block8-game2_001.npy,sub001,2,3,26,0,Short,2,1.0,3,0.3333333333333333,4,0,0.8290372670807452,1,5,5,0,0,0,0
sub001-ses04-block8-game2_001::b0064,test/sub001/ses-04/sub001-ses04-block8-game2_001.npy,sub001,2,4,26,0,Short,3,1.0,3,0.5,0,1,0.8328583472396052,1,5,5,0,1,0,0
sub001-ses04-block8-game2_001::b0065,test/sub001/ses-04/sub001-ses04-block8-game2_001.npy,sub001,2,3,26,0,Short,2,1.0,2,0.6666666666666666,2,2,0.8140296071147134,1,0,5,0,0,0,0
sub001-ses04-block8-game2_001::b0066,test/sub001/ses-04/sub001-ses04-block8-game2_001.npy,sub001,2,5,26,0,Short,4,1.0,3,0.4,3,1,0.8432470512382902,1,1,1,0,1,1,1
sub001-ses04-block8-game2_001::b0067,test/sub001/ses-04/sub001-ses04-block8-game2_001.npy,sub001,2,2,26,0,Short,0,0.0,1,1.0,5,5,0.855531914893617,1,5,5,0,0,0,0
sub001-ses04-block8-game2_001::b0068,test/sub001/ses-04/sub001-ses04-block8-game2_001.npy,sub001,2,3,26,0,Short,2,1.0,3,0.3333333333333333,3,0,0.8261056007159371,1,2,1,0,0,0,1
sub001-ses04-block8-game2_001::b0069,test/sub001/ses-04/sub001-ses04-block8-game2_001.npy,sub001,2,4,26,0,Short,2,0.6666666666666666,3,0.5,0,1,0.8519214461917977,1,3,0,0,1,0,0
sub001-ses04-block8-game2_001::b0070,test/sub001/ses-04/sub001-ses04-block8-game2_001.npy,sub001,2,4,26,0,Short,2,0.6666666666666666,3,0.5,1,5,0.7992931924542866,1,1,5,1,0,1,0
sub001-ses04-block8-game2_001::b0071,test/sub001/ses-04/sub001-ses04-block8-game2_001.npy,sub001,2,2,26,0,Short,1,1.0,2,0.5,1,1,0.7871212121212121,1,1,5,1,1,1,0
sub001-ses04-block8-game2_001::b0072,test/sub001/ses-04/sub001-ses04-block8-game2_001.npy,sub001,2,3,26,0,Short,2,1.0,3,0.3333333333333333,1,1,0.8496036712557364,1,1,5,1,1,1,0
sub001-ses04-block8-game2_001::b0073,test/sub001/ses-04/sub001-ses04-block8-game2_001.npy,sub001,2,3,26,0,Short,2,1.0,3,0.3333333333333333,0,0,0.8731884057971014,1,4,5,0,0,0,0
sub001-ses04-block8-game2_001::b0074,test/sub001/ses-04/sub001-ses04-block8-game2_001.npy,sub001,2,4,26,0,Short,3,1.0,3,0.5,3,5,0.8061449797310227,1,5,3,0,0,0,0
sub001-ses04-block8-game2_001::b0075,test/sub001/ses-04/sub001-ses04-block8-game2_001.npy,sub001,2,2,26,0,Short,0,0.0,1,1.0,3,3,0.8539130434782609,1,1,5,0,0,1,0
sub001-ses04-block8-game2_001::b0076,test/sub001/ses-04/sub001-ses04-block8-game2_001.npy,sub001,2,2,26,0,Short,1,1.0,2,0.5,3,0,0.8817657497781721,1,5,5,0,0,0,0
sub001-ses04-block8-game2_001::b0077,test/sub001/ses-04/sub001-ses04-block8-game2_001.npy,sub001,2,5,26,0,Short,4,1.0,3,0.4,5,0,0.8350064608252762,1,1,1,0,0,1,1
sub001-ses04-block8-game2_001::b0078,test/sub001/ses-04/sub001-ses04-block8-game2_001.npy,sub001,2,8,26,0,Short,7,1.0,6,0.375,1,1,0.8500246340353399,3,4,5,0,0,0,0
sub001-ses04-block8-game2_001::b0079,test/sub001/ses-04/sub001-ses04-block8-game2_001.npy,sub001,2,8,26,0,Short,6,0.8571428571428571,6,0.25,1,0,0.8315266798418972,1,1,1,1,0,1,1
sub001-ses04-block8-game2_001::b0080,test/sub001/ses-04/sub001-ses04-block8-game2_001.npy,sub001,2,14,26,0,Short,11,0.8461538461538461,5,0.35714285714285715,0,1,0.8680986246560665,3,5,3,0,0,0,1
sub001-ses04-block8-game2_001::b0081,test/sub001/ses-04/sub001-ses04-block8-game2_001.npy,sub001,2,1,26,0,Short,0,0.0,1,1.0,2,2,0.94,1,1,3,0,0,1,0
sub001-ses04-block8-game2_001::b0082,test/sub001/ses-04/sub001-ses04-block8-game2_001.npy,sub001,2,4,26,0,Short,3,1.0,4,0.25,4,1,0.8126517273576097,2,4,4,0,0,0,0
sub001-ses04-block8-game2_001::b0083,test/sub001/ses-04/sub001-ses04-block8-game2_001.npy,sub001,2,8,26,0,Short,6,0.8571428571428571,6,0.25,1,0,0.8041328236980412,2,1,1,0,0,0,0
sub001-ses04-block8-game2_001::b0084,test/sub001/ses-04/sub001-ses04-block8-game2_001.npy,sub001,2,2,26,0,Short,1,1.0,2,0.5,3,3,0.849444958371878,1,1,1,0,0,1,1
sub001-ses04-block8-game2_001::b0085,test/sub001/ses-04/sub001-ses04-block8-game2_001.npy,sub001,2,4,26,0,Short,3,1.0,4,0.25,4,0,0.8173129251700679,1,1,3,0,0,1,0
sub001-ses04-block8-game2_001::b0086,test/sub001/ses-04/sub001-ses04-block8-game2_001.npy,sub001,2,6,26,0,Short,4,0.8,3,0.3333333333333333,5,0,0.8646598875442869,1,3,5,0,0,0,0
sub001-ses04-block8-game2_001::b0087,test/sub001/ses-04/sub001-ses04-block8-game2_001.npy,sub001,2,4,26,0,Short,3,1.0,4,0.25,1,0,0.8747778233524747,1,3,5,1,0,0,0
sub001-ses04-block8-game2_001::b0088,test/sub001/ses-04/sub001-ses04-block8-game2_001.npy,sub001,2,3,26,0,Short,2,1.0,2,0.6666666666666666,3,3,0.839243498817967,1,3,3,0,0,0,0
sub001-ses04-block8-game2_001::b0089,test/sub001/ses-04/sub001-ses04-block8-game2_001.npy,sub001,2,2,26,0,Short,1,1.0,2,0.5,5,1,0.8198757763975155,1,1,1,0,1,1,1
sub001-ses04-block8-game2_001::b0090,test/sub001/ses-04/sub001-ses04-block8-game2_001.npy,sub001,2,4,26,0,Short,1,0.3333333333333333,2,0.75,1,1,0.8951413012013316,1,0,5,1,1,0,0
sub001-ses04-block8-game2_001::b0091,test/sub001/ses-04/sub001-ses04-block8-game2_001.npy,sub001,2,3,26,0,Short,2,1.0,3,0.3333333333333333,4,2,0.8097211160415165,1,1,1,0,0,1,1
sub001-ses04-block8-game2_001::b0092,test/sub001/ses-04/sub001-ses04-block8-game2_001.npy,sub001,2,19,26,0,Short,15,0.8333333333333334,5,0.2631578947368421,4,0,0.8448758798034838,3,1,5,0,0,0,0
sub001-ses04-block8-game2_001::b0093,test/sub001/ses-04/sub001-ses04-block8-game2_001.npy,sub001,2,8,26,0,Short,7,1.0,4,0.375,4,4,0.9033332532407463,2,5,1,0,0,0,0
sub001-ses04-block8-game2_001::b0094,test/sub001/ses-04/sub001-ses04-block8-game2_001.npy,sub001,2,28,26,1,Long,23,0.8518518518518519,6,0.25,0,0,0.8391538089386277,1,4,5,0,0,0,0
sub001-ses04-block8-game2_001::b0095,test/sub001/ses-04/sub001-ses04-block8-game2_001.npy,sub001,2,4,26,0,Short,2,0.6666666666666666,3,0.5,0,0,0.8247385910886094,1,1,5,0,0,1,0
sub001-ses04-block8-game2_001::b0096,test/sub001/ses-04/sub001-ses04-block8-game2_001.npy,sub001,2,2,26,0,Short,0,0.0,1,1.0,4,4,0.8112648221343874,1,5,2,0,0,0,0
sub001-ses04-block8-game2_001::b0097,test/sub001/ses-04/sub001-ses04-block8-game2_001.npy,sub001,2,13,26,0,Short,9,0.75,5,0.3076923076923077,5,5,0.8511841828380897,1,3,5,0,0,0,0
sub001-ses04-block8-game2_001::b0098,test/sub001/ses-04/sub001-ses04-block8-game2_001.npy,sub001,2,4,26,0,Short,3,1.0,3,0.5,0,0,0.8343600738167607,1,0,0,0,0,0,0
sub001-ses04-block8-game2_001::b0099,test/sub001/ses-04/sub001-ses04-block8-game2_001.npy,sub001,2,3,26,0,Short,2,1.0,3,0.3333333333333333,1,1,0.8398309178743961,1,1,5,1,1,1,0
sub001-ses04-block8-game2_001::b0100,test/sub001/ses-04/sub001-ses04-block8-game2_001.npy,sub001,2,10,26,0,Short,8,0.8888888888888888,4,0.4,1,1,0.8495176910555113,1,5,1,1,1,0,1
sub001-ses04-block8-game2_001::b0101,test/sub001/ses-04/sub001-ses04-block8-game2_001.npy,sub001,2,12,26,0,Short,10,0.9090909090909091,5,0.3333333333333333,5,1,0.8500386482330975,3,3,3,0,0,1,1
sub001-ses04-block8-game2_001::b0102,test/sub001/ses-04/sub001-ses04-block8-game2_001.npy,sub001,2,5,26,0,Short,4,1.0,4,0.4,5,2,0.861872362218166,1,4,5,0,0,0,0
sub001-ses04-block8-game2_001::b0103,test/sub001/ses-04/sub001-ses04-block8-game2_001.npy,sub001,2,3,26,0,Short,2,1.0,3,0.3333333333333333,1,1,0.7942916296953565,1,1,1,1,1,1,1
sub001-ses04-block8-game2_001::b0104,test/sub001/ses-04/sub001-ses04-block8-game2_001.npy,sub001,2,7,26,0,Short,6,1.0,6,0.2857142857142857,5,1,0.8680509770069396,1,3,5,0,1,0,0
sub001-ses04-block8-game2_001::b0105,test/sub001/ses-04/sub001-ses04-block8-game2_001.npy,sub001,2,9,26,0,Short,7,0.875,6,0.3333333333333333,4,4,0.8303946981758532,1,3,3,0,0,0,0
sub001-ses04-block8-game2_001::b0106,test/sub001/ses-04/sub001-ses04-block8-game2_001.npy,sub001,2,6,26,0,Short,5,1.0,4,0.3333333333333333,0,0,0.8162226805615863,2,4,4,0,0,0,0
sub001-ses04-block8-game2_001::b0107,test/sub001/ses-04/sub001-ses04-block8-game2_001.npy,sub001,2,29,26,1,Long,25,0.8928571428571429,6,0.27586206896551724,0,5,0.8456838782669522,1,1,2,0,0,1,0
sub001-ses04-block8-game2_001::b0108,test/sub001/ses-04/sub001-ses04-block8-game2_001.npy,sub001,2,16,26,0,Short,11,0.7333333333333333,6,0.25,4,0,0.8345472229324971,1,3,1,0,0,0,1
sub001-ses04-block8-game2_001::b0109,test/sub001/ses-04/sub001-ses04-block8-game2_001.npy,sub001,2,4,26,0,Short,2,0.6666666666666666,3,0.5,4,5,0.8901199494949495,1,2,0,0,0,0,0
sub001-ses04-block8-game2_001::b0110,test/sub001/ses-04/sub001-ses04-block8-game2_001.npy,sub001,2,3,26,0,Short,2,1.0,3,0.3333333333333333,4,0,0.7793259841710349,1,1,1,0,0,1,1
sub001-ses04-block8-game2_001::b0111,test/sub001/ses-04/sub001-ses04-block8-game2_001.npy,sub001,2,10,26,0,Short,8,0.8888888888888888,6,0.3,4,4,0.8292254289201152,1,0,2,0,0,0,0
sub001-ses04-block8-game2_001::b0112,test/sub001/ses-04/sub001-ses04-block8-game2_001.npy,sub001,2,4,26,0,Short,3,1.0,4,0.25,3,0,0.8279951980792317,1,5,2,0,0,0,0
sub001-ses04-block8-game2_001::b0113,test/sub001/ses-04/sub001-ses04-block8-game2_001.npy,sub001,2,4,26,0,Short,2,0.6666666666666666,3,0.5,3,1,0.8354317632850241,1,2,0,0,1,0,0
sub001-ses04-block8-game2_001::b0114,test/sub001/ses-04/sub001-ses04-block8-game2_001.npy,sub001,2,3,26,0,Short,2,1.0,3,0.3333333333333333,5,0,0.8405129782409416,1,3,1,0,0,0,1
sub001-ses04-block8-game2_001::b0115,test/sub001/ses-04/sub001-ses04-block8-game2_001.npy,sub001,2,4,26,0,Short,3,1.0,3,0.5,1,4,0.8545031055900622,1,3,2,1,0,0,0
sub001-ses04-block8-game2_001::b0116,test/sub001/ses-04/sub001-ses04-block8-game2_001.npy,sub001,2,2,26,0,Short,0,0.0,1,1.0,5,5,0.8396825396825396,2,1,1,0,0,0,0
sub001-ses04-block8-game2_001::b0117,test/sub001/ses-04/sub001-ses04-block8-game2_001.npy,sub001,2,3,26,0,Short,2,1.0,3,0.3333333333333333,1,0,0.8297990939064018,1,1,3,1,0,1,0
sub001-ses04-block8-game2_001::b0118,test/sub001/ses-04/sub001-ses04-block8-game2_001.npy,sub001,2,8,26,0,Short,5,0.7142857142857143,4,0.5,4,3,0.8624042468602755,3,3,1,0,1,1,0
sub001-ses04-block8-game2_001::b0119,test/sub001/ses-04/sub001-ses04-block8-game2_001.npy,sub001,2,9,26,0,Short,7,0.875,5,0.3333333333333333,2,1,0.8542897189680372,1,2,2,0,1,0,0
sub001-ses04-block8-game2_001::b0120,test/sub001/ses-04/sub001-ses04-block8-game2_001.npy,sub001,2,28,26,1,Long,24,0.8888888888888888,6,0.2857142857142857,3,3,0.8511820824638728,3,1,1,1,1,0,0
sub001-ses04-block8-game2_001::b0121,test/sub001/ses-04/sub001-ses04-block8-game2_001.npy,sub001,2,6,26,0,Short,3,0.6,4,0.3333333333333333,0,0,0.813682421530452,1,1,4,0,0,1,0
sub001-ses04-block8-game2_001::b0122,test/sub001/ses-04/sub001-ses04-block8-game2_001.npy,sub001,2,10,26,0,Short,8,0.8888888888888888,5,0.4,1,0,0.840225057180181,2,3,0,0,0,0,0
sub001-ses04-block8-game2_001::b0123,test/sub001/ses-04/sub001-ses04-block8-game2_001.npy,sub001,2,8,26,0,Short,7,1.0,5,0.375,1,3,0.8432911340636884,2,0,4,0,0,0,0
sub001-ses04-block8-game2_001::b0124,test/sub001/ses-04/sub001-ses04-block8-game2_001.npy,sub001,2,43,26,1,Long,29,0.6904761904761905,6,0.20930232558139536,1,1,0.8698353611191679,1,0,5,1,1,0,0
sub001-ses04-block8-game2_001::b0125,test/sub001/ses-04/sub001-ses04-block8-game2_001.npy,sub001,2,4,26,0,Short,2,0.6666666666666666,3,0.5,3,3,0.8580818007906944,1,2,0,0,0,0,0
sub001-ses04-block8-game2_001::b0126,test/sub001/ses-04/sub001-ses04-block8-game2_001.npy,sub001,2,21,26,0,Short,15,0.75,6,0.23809523809523808,4,1,0.8489230181515394,2,1,3,0,0,0,0
sub001-ses04-block8-game2_001::b0127,test/sub001/ses-04/sub001-ses04-block8-game2_001.npy,sub001,2,16,26,0,Short,15,1.0,6,0.3125,1,1,0.8643222219023576,1,4,5,1,1,0,0
sub001-ses04-block8-game2_001::b0128,test/sub001/ses-04/sub001-ses04-block8-game2_001.npy,sub001,2,7,26,0,Short,5,0.8333333333333334,4,0.5714285714285714,1,5,0.8739041867902484,3,0,1,0,0,0,0
sub001-ses04-block8-game2_001::b0129,test/sub001/ses-04/sub001-ses04-block8-game2_001.npy,sub001,2,26,26,1,Long,22,0.88,6,0.23076923076923078,0,0,0.8554887559476728,1,3,5,0,0,0,0
sub001-ses04-block8-game2_001::b0130,test/sub001/ses-04/sub001-ses04-block8-game2_001.npy,sub001,2,14,26,0,Short,13,1.0,6,0.21428571428571427,2,1,0.8523812173641205,3,5,0,0,0,0,0
sub001-ses04-block8-game2_001::b0131,test/sub001/ses-04/sub001-ses04-block8-game2_001.npy,sub001,2,4,26,0,Short,3,1.0,4,0.25,5,1,0.8846648550724637,1,2,5,0,1,0,0
sub001-ses04-block8-game2_001::b0132,test/sub001/ses-04/sub001-ses04-block8-game2_001.npy,sub001,2,2,26,0,Short,1,1.0,2,0.5,0,0,0.7666666666666666,1,4,2,0,0,0,0
sub001-ses04-block8-game2_001::b0133,test/sub001/ses-04/sub001-ses04-block8-game2_001.npy,sub001,2,3,26,0,Short,2,1.0,3,0.3333333333333333,5,2,0.83873360218792,1,0,4,0,0,0,0
sub001-ses04-block8-game2_001::b0134,test/sub001/ses-04/sub001-ses04-block8-game2_001.npy,sub001,2,11,26,0,Short,8,0.8,5,0.36363636363636365,3,5,0.8405314164945582,2,5,5,0,0,0,0
sub001-ses04-block8-game2_001::b0135,test/sub001/ses-04/sub001-ses04-block8-game2_001.npy,sub001,2,11,26,0,Short,7,0.7,6,0.36363636363636365,0,3,0.808804770492279,1,1,1,0,0,1,1
sub001-ses04-block8-game2_001::b0136,test/sub001/ses-04/sub001-ses04-block8-game2_001.npy,sub001,2,3,26,0,Short,2,1.0,3,0.3333333333333333,2,2,0.8520659849563504,1,3,5,0,0,0,0
sub001-ses04-block8-game2_001::b0137,test/sub001/ses-04/sub001-ses04-block8-game2_001.npy,sub001,2,3,26,0,Short,2,1.0,3,0.3333333333333333,0,0,0.8032957863996663,1,5,5,0,0,0,0
sub001-ses04-block8-game2_001::b0138,test/sub001/ses-04/sub001-ses04-block8-game2_001.npy,sub001,2,4,26,0,Short,1,0.3333333333333333,2,0.75,4,5,0.7873416002231912,1,2,1,0,0,0,1
sub001-ses04-block8-game2_001::b0139,test/sub001/ses-04/sub001-ses04-block8-game2_001.npy,sub001,2,2,26,0,Short,0,0.0,1,1.0,1,1,0.8357487922705313,1,0,0,1,1,0,0
sub001-ses04-block8-game2_001::b0140,test/sub001/ses-04/sub001-ses04-block8-game2_001.npy,sub001,2,10,26,0,Short,7,0.7777777777777778,4,0.4,2,3,0.8261442947722936,1,3,3,0,0,0,0
sub001-ses04-block8-game2_001::b0141,test/sub001/ses-04/sub001-ses04-block8-game2_001.npy,sub001,2,4,26,0,Short,3,1.0,3,0.5,5,5,0.8135576447303315,1,3,5,0,0,0,0
sub001-ses04-block8-game2_001::b0142,test/sub001/ses-04/sub001-ses04-block8-game2_001.npy,sub001,2,19,26,0,Short,14,0.7777777777777778,6,0.3157894736842105,5,5,0.8199218992130767,2,1,5,0,0,0,0
sub001-ses04-block8-game2_001::b0143,test/sub001/ses-04/sub001-ses04-block8-game2_001.npy,sub001,2,5,26,0,Short,4,1.0,4,0.4,1,0,0.830403908148589,1,1,1,1,0,1,1
sub001-ses04-block8-game2_001::b0144,test/sub001/ses-04/sub001-ses04-block8-game2_001.npy,sub001,2,3,26,0,Short,2,1.0,3,0.3333333333333333,4,3,0.8569614512471656,3,5,5,0,1,0,0
sub001-ses04-block8-game2_001::b0145,test/sub001/ses-04/sub001-ses04-block8-game2_001.npy,sub001,2,7,26,0,Short,5,0.8333333333333334,5,0.2857142857142857,2,1,0.8158151109917641,3,3,1,0,0,1,0
sub001-ses04-block8-game2_001::b0146,test/sub001/ses-04/sub001-ses04-block8-game2_001.npy,sub001,2,3,26,0,Short,1,0.5,2,0.6666666666666666,3,3,0.8560255497547856,1,3,0,0,0,0,0
sub001-ses04-block8-game2_001::b0147,test/sub001/ses-04/sub001-ses04-block8-game2_001.npy,sub001,2,2,26,0,Short,1,1.0,2,0.5,3,1,0.8388066604995374,1,5,5,0,1,0,0
sub001-ses04-block8-game2_001::b0148,test/sub001/ses-04/sub001-ses04-block8-game2_001.npy,sub001,2,8,26,0,Short,3,0.42857142857142855,3,0.625,5,5,0.8289044780210368,2,5,0,0,0,0,0
sub001-ses04-block8-game2_001::b0149,test/sub001/ses-04/sub001-ses04-block8-game2_001.npy,sub001,2,5,26,0,Short,3,0.75,3,0.4,5,2,0.8013623905513845,1,3,5,0,0,0,0
sub001-ses04-block8-game2_001::b0150,test/sub001/ses-04/sub001-ses04-block8-game2_001.npy,sub001,2,7,26,0,Short,6,1.0,5,0.2857142857142857,0,0,0.8314442791548091,1,3,1,0,0,0,1
sub001-ses04-block8-game2_001::b0151,test/sub001/ses-04/sub001-ses04-block8-game2_001.npy,sub001,2,23,26,0,Short,20,0.9090909090909091,6,0.21739130434782608,3,1,0.8210692001783337,1,2,1,0,1,0,1
sub001-ses04-block8-game2_001::b0152,test/sub001/ses-04/sub001-ses04-block8-game2_001.npy,sub001,2,3,26,0,Short,2,1.0,3,0.3333333333333333,1,0,0.8471391657438169,1,4,1,1,0,0,1
sub001-ses04-block8-game2_001::b0153,test/sub001/ses-04/sub001-ses04-block8-game2_001.npy,sub001,2,3,26,0,Short,1,0.5,2,0.6666666666666666,2,2,0.8954899481371524,1,4,0,0,0,0,0
sub001-ses04-block8-game2_001::b0154,test/sub001/ses-04/sub001-ses04-block8-game2_001.npy,sub001,2,2,26,0,Short,0,0.0,1,1.0,1,1,0.7974160206718346,1,2,0,1,1,0,0
sub001-ses04-block8-game2_001::b0155,test/sub001/ses-04/sub001-ses04-block8-game2_001.npy,sub001,2,1,26,0,Short,0,0.0,1,1.0,0,0,0.7954545454545454,1,1,1,0,0,1,1
sub001-ses04-block8-game2_001::b0156,test/sub001/ses-04/sub001-ses04-block8-game2_001.npy,sub001,2,16,26,0,Short,13,0.8666666666666667,6,0.3125,3,3,0.8067858176484413,3,1,1,1,1,0,0
sub001-ses04-block8-game2_001::b0157,test/sub001/ses-04/sub001-ses04-block8-game2_001.npy,sub001,2,3,26,0,Short,1,0.5,2,0.6666666666666666,5,5,0.7569753086419753,2,1,3,0,0,0,0
sub001-ses04-block8-game2_001::b0158,test/sub001/ses-04/sub001-ses04-block8-game2_001.npy,sub001,2,5,26,0,Short,4,1.0,4,0.4,0,5,0.7598023071131303,3,4,0,0,0,0,0
sub001-ses04-block8-game2_001::b0159,test/sub001/ses-04/sub001-ses04-block8-game2_001.npy,sub001,2,4,26,0,Short,2,0.6666666666666666,3,0.5,1,2,0.8471029678571083,2,2,5,0,1,1,0
sub001-ses04-block8-game2_001::b0160,test/sub001/ses-04/sub001-ses04-block8-game2_001.npy,sub001,2,24,26,0,Short,17,0.7391304347826086,6,0.25,0,3,0.8116039473026166,2,2,5,0,0,1,0
sub001-ses04-block8-game2_001::b0161,test/sub001/ses-04/sub001-ses04-block8-game2_001.npy,sub001,2,8,26,0,Short,7,1.0,5,0.375,5,0,0.7688769628404721,4,3,1,0,0,0,0
sub001-ses04-block8-game2_001::b0162,test/sub001/ses-04/sub001-ses04-block8-game2_001.npy,sub001,2,3,26,0,Short,1,0.5,2,0.6666666666666666,0,1,0.8258226509845382,1,0,0,0,1,0,0
sub001-ses04-block8-game2_001::b0163,test/sub001/ses-04/sub001-ses04-block8-game2_001.npy,sub001,2,2,26,0,Short,1,1.0,2,0.5,3,2,0.7279411764705883,1,2,0,0,0,0,0
sub001-ses04-block8-game2_001::b0164,test/sub001/ses-04/sub001-ses04-block8-game2_001.npy,sub001,2,2,26,0,Short,1,1.0,2,0.5,3,3,0.787590579710145,1,4,2,0,0,0,0
sub001-ses04-block8-game2_001::b0165,test/sub001/ses-04/sub001-ses04-block8-game2_001.npy,sub001,2,2,26,0,Short,1,1.0,2,0.5,5,4,0.8246376811594203,1,3,3,0,0,0,0
sub001-ses04-block8-game2_001::b0166,test/sub001/ses-04/sub001-ses04-block8-game2_001.npy,sub001,2,3,26,0,Short,0,0.0,1,1.0,3,3,0.8438966608189764,1,3,1,0,0,0,1
sub001-ses04-block8-game2_001::b0167,test/sub001/ses-04/sub001-ses04-block8-game2_001.npy,sub001,2,32,26,1,Long,25,0.8064516129032258,6,0.375,5,5,0.8246627454716369,3,4,1,0,0,0,0
sub001-ses04-block8-game2_001::b0168,test/sub001/ses-04/sub001-ses04-block8-game2_001.npy,sub001,2,6,26,0,Short,5,1.0,4,0.3333333333333333,1,1,0.8656378773862586,4,4,1,0,0,1,0
sub001-ses04-block8-game2_001::b0169,test/sub001/ses-04/sub001-ses04-block8-game2_001.npy,sub001,2,12,26,0,Short,10,0.9090909090909091,5,0.3333333333333333,4,1,0.8070198460466811,1,2,1,0,1,0,1
sub001-ses04-block8-game2_001::b0170,test/sub001/ses-04/sub001-ses04-block8-game2_001.npy,sub001,2,3,26,0,Short,2,1.0,3,0.3333333333333333,5,1,0.8660022148394241,1,2,3,0,1,0,0
sub001-ses04-block8-game2_001::b0171,test/sub001/ses-04/sub001-ses04-block8-game2_001.npy,sub001,2,4,26,0,Short,3,1.0,3,0.5,5,5,0.8328463203463203,1,0,1,0,0,0,1
sub001-ses04-block8-game2_001::b0172,test/sub001/ses-04/sub001-ses04-block8-game2_001.npy,sub001,2,6,26,0,Short,3,0.6,4,0.5,1,3,0.8356578685832052,1,3,1,1,0,0,1
sub001-ses04-block8-game2_001::b0173,test/sub001/ses-04/sub001-ses04-block8-game2_001.npy,sub001,2,7,26,0,Short,6,1.0,5,0.2857142857142857,5,1,0.8072017303460235,1,3,3,0,1,0,0
sub001-ses04-block8-game2_001::b0174,test/sub001/ses-04/sub001-ses04-block8-game2_001.npy,sub001,2,5,26,0,Short,3,0.75,3,0.6,1,3,0.816113872171206,1,4,2,1,0,0,0
sub001-ses04-block8-game2_001::b0175,test/sub001/ses-04/sub001-ses04-block8-game2_001.npy,sub001,2,1,26,0,Short,0,0.0,1,1.0,5,5,0.7758620689655172,2,0,1,0,0,0,0
sub001-ses04-block8-game2_002::b0001,test/sub001/ses-04/sub001-ses04-block8-game2_002.npy,sub001,2,33,26,1,Long,29,0.90625,6,0.30303030303030304,2,5,0.8489473082264886,2,5,5,1,0,0,0
sub001-ses04-block8-game2_002::b0002,test/sub001/ses-04/sub001-ses04-block8-game2_002.npy,sub001,2,10,26,0,Short,8,0.8888888888888888,5,0.4,2,2,0.8748822737609799,2,1,1,1,1,0,0
sub001-ses04-block8-game2_002::b0003,test/sub001/ses-04/sub001-ses04-block8-game2_002.npy,sub001,2,18,26,0,Short,13,0.7647058823529411,5,0.4444444444444444,3,5,0.8801789209819547,2,0,4,0,0,0,0
sub001-ses04-block8-game2_002::b0004,test/sub001/ses-04/sub001-ses04-block8-game2_002.npy,sub001,2,13,26,0,Short,8,0.6666666666666666,5,0.3076923076923077,3,4,0.8672667663751672,2,0,4,0,0,0,0
sub001-ses04-block8-game2_002::b0005,test/sub001/ses-04/sub001-ses04-block8-game2_002.npy,sub001,2,25,26,0,Short,20,0.8333333333333334,6,0.24,1,5,0.8654111325470705,3,1,1,0,0,0,0
sub001-ses04-block8-game2_002::b0006,test/sub001/ses-04/sub001-ses04-block8-game2_002.npy,sub001,2,8,26,0,Short,5,0.7142857142857143,4,0.375,1,2,0.8664017211038818,2,1,1,0,1,0,0
sub001-ses04-block8-game2_002::b0007,test/sub001/ses-04/sub001-ses04-block8-game2_002.npy,sub001,2,4,26,0,Short,3,1.0,3,0.5,1,1,0.8758801007297768,1,1,1,1,1,1,1
sub001-ses04-block8-game2_002::b0008,test/sub001/ses-04/sub001-ses04-block8-game2_002.npy,sub001,2,19,26,0,Short,15,0.8333333333333334,6,0.3157894736842105,3,1,0.8478626925658282,2,3,4,0,0,0,0
sub001-ses04-block8-game2_002::b0009,test/sub001/ses-04/sub001-ses04-block8-game2_002.npy,sub001,2,20,26,0,Short,16,0.8421052631578947,6,0.25,0,0,0.8753441988041818,1,2,4,0,0,0,0
sub001-ses04-block8-game2_002::b0010,test/sub001/ses-04/sub001-ses04-block8-game2_002.npy,sub001,2,11,26,0,Short,9,0.9,5,0.36363636363636365,1,1,0.8784157655619399,1,0,5,1,1,0,0
sub001-ses04-block8-game2_002::b0011,test/sub001/ses-04/sub001-ses04-block8-game2_002.npy,sub001,2,6,26,0,Short,4,0.8,3,0.5,1,3,0.8734084953472298,1,4,5,1,0,0,0
sub001-ses04-block8-game2_002::b0012,test/sub001/ses-04/sub001-ses04-block8-game2_002.npy,sub001,2,6,26,0,Short,4,0.8,4,0.5,2,0,0.8351141668788727,1,1,3,0,0,1,0
sub001-ses04-block8-game2_002::b0013,test/sub001/ses-04/sub001-ses04-block8-game2_002.npy,sub001,2,4,26,0,Short,2,0.6666666666666666,3,0.5,3,3,0.8524242424242424,1,3,2,0,0,0,0
sub001-ses04-block8-game2_002::b0014,test/sub001/ses-04/sub001-ses04-block8-game2_002.npy,sub001,2,3,26,0,Short,2,1.0,3,0.3333333333333333,4,1,0.8968027210884354,1,5,5,0,1,0,0
sub001-ses04-block8-game2_002::b0015,test/sub001/ses-04/sub001-ses04-block8-game2_002.npy,sub001,2,3,26,0,Short,0,0.0,1,1.0,3,3,0.8731173628871839,1,2,4,0,0,0,0
sub001-ses04-block8-game2_002::b0016,test/sub001/ses-04/sub001-ses04-block8-game2_002.npy,sub001,2,3,26,0,Short,2,1.0,3,0.3333333333333333,1,0,0.8555974842767297,1,0,5,1,0,0,0
sub001-ses04-block8-game2_002::b0017,test/sub001/ses-04/sub001-ses04-block8-game2_002.npy,sub001,2,2,26,0,Short,0,0.0,1,1.0,5,5,0.8808080808080807,1,4,0,0,0,0,0
sub001-ses04-block8-game2_002::b0018,test/sub001/ses-04/sub001-ses04-block8-game2_002.npy,sub001,2,2,26,0,Short,1,1.0,2,0.5,5,4,0.8337037037037037,3,4,5,0,0,0,0
sub001-ses04-block8-game2_002::b0019,test/sub001/ses-04/sub001-ses04-block8-game2_002.npy,sub001,2,2,26,0,Short,1,1.0,2,0.5,2,2,0.8600863422291993,1,5,1,0,0,0,1
sub001-ses04-block8-game2_002::b0020,test/sub001/ses-04/sub001-ses04-block8-game2_002.npy,sub001,2,3,26,0,Short,2,1.0,2,0.6666666666666666,1,1,0.8554112554112554,1,1,4,1,1,1,0
sub001-ses04-block8-game2_002::b0021,test/sub001/ses-04/sub001-ses04-block8-game2_002.npy,sub001,2,2,26,0,Short,1,1.0,2,0.5,0,0,0.8284313725490196,1,1,3,0,0,1,0
sub001-ses04-block8-game2_002::b0022,test/sub001/ses-04/sub001-ses04-block8-game2_002.npy,sub001,2,2,26,0,Short,1,1.0,2,0.5,1,1,0.8113207547169812,1,0,1,1,1,0,1
sub001-ses04-block8-game2_002::b0023,test/sub001/ses-04/sub001-ses04-block8-game2_002.npy,sub001,2,5,26,0,Short,3,0.75,3,0.6,4,0,0.8091800936928101,1,3,5,0,0,0,0
sub001-ses04-block8-game2_002::b0024,test/sub001/ses-04/sub001-ses04-block8-game2_002.npy,sub001,2,3,26,0,Short,2,1.0,3,0.3333333333333333,4,1,0.8472215271174282,1,1,1,0,1,1,1
sub001-ses04-block8-game2_002::b0025,test/sub001/ses-04/sub001-ses04-block8-game2_002.npy,sub001,2,3,26,0,Short,1,0.5,2,0.6666666666666666,0,0,0.8112597547380157,1,2,0,0,0,0,0
sub001-ses04-block8-game2_002::b0026,test/sub001/ses-04/sub001-ses04-block8-game2_002.npy,sub001,2,5,26,0,Short,3,0.75,3,0.6,0,0,0.8356508623516297,1,1,0,0,0,1,0
sub001-ses04-block8-game2_002::b0027,test/sub001/ses-04/sub001-ses04-block8-game2_002.npy,sub001,2,3,26,0,Short,2,1.0,3,0.3333333333333333,4,0,0.8116396159739813,1,5,4,0,0,0,0
sub001-ses04-block8-game2_002::b0028,test/sub001/ses-04/sub001-ses04-block8-game2_002.npy,sub001,2,3,26,0,Short,2,1.0,3,0.3333333333333333,5,1,0.8308768035516092,1,0,5,0,1,0,0
sub001-ses04-block8-game2_002::b0029,test/sub001/ses-04/sub001-ses04-block8-game2_002.npy,sub001,2,4,26,0,Short,2,0.6666666666666666,3,0.5,1,3,0.8032766439909297,1,1,1,1,0,1,1
sub001-ses04-block8-game2_002::b0030,test/sub001/ses-04/sub001-ses04-block8-game2_002.npy,sub001,2,4,26,0,Short,1,0.3333333333333333,2,0.75,4,2,0.8712881378966681,1,3,2,0,0,0,0
sub001-ses04-block8-game2_002::b0031,test/sub001/ses-04/sub001-ses04-block8-game2_002.npy,sub001,2,4,26,0,Short,2,0.6666666666666666,3,0.5,2,2,0.7954047003416751,1,5,1,0,0,0,1
sub001-ses04-block8-game2_002::b0032,test/sub001/ses-04/sub001-ses04-block8-game2_002.npy,sub001,2,3,26,0,Short,2,1.0,3,0.3333333333333333,0,0,0.881192461945128,1,2,1,0,0,0,1
sub001-ses04-block8-game2_002::b0033,test/sub001/ses-04/sub001-ses04-block8-game2_002.npy,sub001,2,4,26,0,Short,3,1.0,4,0.25,5,0,0.8222239326765188,1,3,5,0,0,0,0
sub001-ses04-block8-game2_002::b0034,test/sub001/ses-04/sub001-ses04-block8-game2_002.npy,sub001,2,12,26,0,Short,8,0.7272727272727273,6,0.25,2,0,0.8539994437491311,1,1,4,0,0,1,0
sub001-ses04-block8-game2_002::b0035,test/sub001/ses-04/sub001-ses04-block8-game2_002.npy,sub001,2,8,26,0,Short,6,0.8571428571428571,5,0.375,5,4,0.8407306707916846,2,4,4,0,0,0,0
sub001-ses04-block8-game2_002::b0036,test/sub001/ses-04/sub001-ses04-block8-game2_002.npy,sub001,2,26,26,1,Long,21,0.84,6,0.19230769230769232,5,3,0.8622466869304364,2,5,4,0,0,0,0
sub001-ses04-block8-game2_002::b0037,test/sub001/ses-04/sub001-ses04-block8-game2_002.npy,sub001,2,12,26,0,Short,9,0.8181818181818182,4,0.3333333333333333,1,1,0.8714519242767064,3,5,5,0,0,0,0
sub001-ses04-block8-game2_002::b0038,test/sub001/ses-04/sub001-ses04-block8-game2_002.npy,sub001,2,4,26,0,Short,2,0.6666666666666666,3,0.5,4,5,0.8518687427801309,1,2,1,0,0,0,1
sub001-ses04-block8-game2_002::b0039,test/sub001/ses-04/sub001-ses04-block8-game2_002.npy,sub001,2,6,26,0,Short,3,0.6,3,0.6666666666666666,0,1,0.8732542322695775,2,1,4,0,0,0,0
sub001-ses04-block8-game2_002::b0040,test/sub001/ses-04/sub001-ses04-block8-game2_002.npy,sub001,2,5,26,0,Short,2,0.5,3,0.6,1,1,0.8743637913663488,2,1,1,0,0,0,0
sub001-ses04-block8-game2_002::b0041,test/sub001/ses-04/sub001-ses04-block8-game2_002.npy,sub001,2,4,26,0,Short,3,1.0,4,0.25,1,1,0.8238716640502355,1,3,0,1,1,0,0
sub001-ses04-block8-game2_002::b0042,test/sub001/ses-04/sub001-ses04-block8-game2_002.npy,sub001,2,6,26,0,Short,4,0.8,5,0.3333333333333333,5,3,0.8095372476773627,3,1,1,0,1,0,0
sub001-ses04-block8-game2_002::b0043,test/sub001/ses-04/sub001-ses04-block8-game2_002.npy,sub001,2,6,26,0,Short,4,0.8,3,0.5,3,1,0.8759174548635364,1,4,5,0,1,0,0
sub001-ses04-block8-game2_002::b0044,test/sub001/ses-04/sub001-ses04-block8-game2_002.npy,sub001,2,3,26,0,Short,2,1.0,2,0.6666666666666666,2,2,0.8716104981779423,1,4,3,0,0,0,0
sub001-ses04-block8-game2_002::b0045,test/sub001/ses-04/sub001-ses04-block8-game2_002.npy,sub001,2,2,26,0,Short,0,0.0,1,1.0,0,0,0.8402122641509434,1,1,5,0,0,1,0
sub001-ses04-block8-game2_002::b0046,test/sub001/ses-04/sub001-ses04-block8-game2_002.npy,sub001,2,2,26,0,Short,0,0.0,1,1.0,1,1,0.8474468085106384,1,5,1,1,1,0,1
sub001-ses04-block8-game2_002::b0047,test/sub001/ses-04/sub001-ses04-block8-game2_002.npy,sub001,2,2,26,0,Short,0,0.0,1,1.0,1,1,0.7255875537901357,1,1,1,1,1,1,1
sub001-ses04-block8-game2_002::b0048,test/sub001/ses-04/sub001-ses04-block8-game2_002.npy,sub001,2,4,26,0,Short,3,1.0,3,0.5,0,0,0.7824618736383442,1,4,4,0,0,0,0
sub001-ses04-block8-game2_002::b0049,test/sub001/ses-04/sub001-ses04-block8-game2_002.npy,sub001,2,3,26,0,Short,2,1.0,3,0.3333333333333333,4,2,0.8061519206700684,1,5,5,0,0,0,0
sub001-ses04-block8-game2_002::b0050,test/sub001/ses-04/sub001-ses04-block8-game2_002.npy,sub001,2,4,26,0,Short,2,0.6666666666666666,2,0.75,1,1,0.7752941176470589,1,1,3,1,1,1,0
sub001-ses04-block8-game2_002::b0051,test/sub001/ses-04/sub001-ses04-block8-game2_002.npy,sub001,2,2,26,0,Short,1,1.0,2,0.5,3,2,0.846938775510204,1,0,0,0,0,0,0
sub001-ses04-block8-game2_002::b0052,test/sub001/ses-04/sub001-ses04-block8-game2_002.npy,sub001,2,4,26,0,Short,3,1.0,4,0.25,3,0,0.8372147156735035,1,3,3,0,0,0,0
sub001-ses04-block8-game2_002::b0053,test/sub001/ses-04/sub001-ses04-block8-game2_002.npy,sub001,2,3,26,0,Short,1,0.5,2,0.6666666666666666,5,5,0.7576465629409718,1,2,5,0,0,0,0
sub001-ses04-block8-game2_002::b0054,test/sub001/ses-04/sub001-ses04-block8-game2_002.npy,sub001,2,4,26,0,Short,1,0.3333333333333333,2,0.75,2,1,0.7971867007672634,1,3,1,0,1,0,1
sub001-ses04-block8-game2_002::b0055,test/sub001/ses-04/sub001-ses04-block8-game2_002.npy,sub001,2,3,26,0,Short,2,1.0,3,0.3333333333333333,2,2,0.8356992551521426,1,4,5,0,0,0,0
sub001-ses04-block8-game2_002::b0056,test/sub001/ses-04/sub001-ses04-block8-game2_002.npy,sub001,2,4,26,0,Short,2,0.6666666666666666,2,0.75,0,0,0.7822405557967869,1,4,0,0,0,0,0
sub001-ses04-block8-game2_002::b0057,test/sub001/ses-04/sub001-ses04-block8-game2_002.npy,sub001,2,3,26,0,Short,2,1.0,3,0.3333333333333333,3,1,0.8575918762088975,1,1,1,0,1,1,1
sub001-ses04-block8-game2_002::b0058,test/sub001/ses-04/sub001-ses04-block8-game2_002.npy,sub001,2,4,26,0,Short,2,0.6666666666666666,3,0.5,3,3,0.8473227752639517,1,2,5,0,0,0,0
sub001-ses04-block8-game2_002::b0059,test/sub001/ses-04/sub001-ses04-block8-game2_002.npy,sub001,2,49,26,1,Long,39,0.8125,6,0.32653061224489793,0,1,0.8578643290696282,3,1,5,0,0,0,0
sub001-ses04-block8-game2_002::b0060,test/sub001/ses-04/sub001-ses04-block8-game2_002.npy,sub001,2,4,26,0,Short,1,0.3333333333333333,2,0.75,0,4,0.8763309671694764,2,3,1,0,0,0,0
sub001-ses04-block8-game2_002::b0061,test/sub001/ses-04/sub001-ses04-block8-game2_002.npy,sub001,2,6,26,0,Short,5,1.0,3,0.5,1,5,0.8676311411904112,1,0,5,1,0,0,0
sub001-ses04-block8-game2_002::b0062,test/sub001/ses-04/sub001-ses04-block8-game2_002.npy,sub001,2,21,26,0,Short,17,0.85,6,0.3333333333333333,2,2,0.859669184450082,2,1,1,1,1,0,0
sub001-ses04-block8-game2_002::b0063,test/sub001/ses-04/sub001-ses04-block8-game2_002.npy,sub001,2,4,26,0,Short,3,1.0,4,0.25,2,1,0.7402069523461559,1,0,1,0,1,0,1
sub001-ses04-block8-game2_002::b0064,test/sub001/ses-04/sub001-ses04-block8-game2_002.npy,sub001,2,2,26,0,Short,1,1.0,2,0.5,5,1,0.8450733752620545,1,0,0,0,1,0,0
sub001-ses04-block8-game2_002::b0065,test/sub001/ses-04/sub001-ses04-block8-game2_002.npy,sub001,2,6,26,0,Short,5,1.0,5,0.3333333333333333,3,3,0.8208574346649556,1,5,1,0,0,0,1
sub001-ses04-block8-game2_002::b0066,test/sub001/ses-04/sub001-ses04-block8-game2_002.npy,sub001,2,4,26,0,Short,3,1.0,3,0.5,5,5,0.836264292951223,1,5,5,0,0,0,0
sub001-ses04-block8-game2_002::b0067,test/sub001/ses-04/sub001-ses04-block8-game2_002.npy,sub001,2,4,26,0,Short,3,1.0,4,0.25,5,0,0.8174665538362348,1,4,3,0,0,0,0
sub001-ses04-block8-game2_002::b0068,test/sub001/ses-04/sub001-ses04-block8-game2_002.npy,sub001,2,4,26,0,Short,3,1.0,4,0.25,1,1,0.8417952127659575,1,0,5,1,1,0,0
sub001-ses04-block8-game2_002::b0069,test/sub001/ses-04/sub001-ses04-block8-game2_002.npy,sub001,2,4,26,0,Short,3,1.0,3,0.5,3,3,0.8823023715415019,1,2,0,0,0,0,0
sub001-ses04-block8-game2_002::b0070,test/sub001/ses-04/sub001-ses04-block8-game2_002.npy,sub001,2,3,26,0,Short,2,1.0,2,0.6666666666666666,4,4,0.8644773358001849,1,4,5,0,0,0,0
sub001-ses04-block8-game2_002::b0071,test/sub001/ses-04/sub001-ses04-block8-game2_002.npy,sub001,2,2,26,0,Short,1,1.0,2,0.5,3,3,0.8179591836734694,1,0,5,0,0,0,0
sub001-ses04-block8-game2_002::b0072,test/sub001/ses-04/sub001-ses04-block8-game2_002.npy,sub001,2,4,26,0,Short,3,1.0,4,0.25,3,0,0.8648259888431026,1,5,5,0,0,0,0
sub001-ses04-block8-game2_002::b0073,test/sub001/ses-04/sub001-ses04-block8-game2_002.npy,sub001,2,5,26,0,Short,4,1.0,3,0.4,0,0,0.8209903690683238,1,4,5,0,0,0,0
sub001-ses04-block8-game2_002::b0074,test/sub001/ses-04/sub001-ses04-block8-game2_002.npy,sub001,2,23,26,0,Short,20,0.9090909090909091,5,0.30434782608695654,5,0,0.833950562459278,2,1,5,0,0,0,0
sub001-ses04-block8-game2_002::b0075,test/sub001/ses-04/sub001-ses04-block8-game2_002.npy,sub001,2,12,26,0,Short,6,0.5454545454545454,5,0.5833333333333334,1,5,0.8491199543338767,3,2,1,0,0,0,0
sub001-ses04-block8-game2_002::b0076,test/sub001/ses-04/sub001-ses04-block8-game2_002.npy,sub001,2,15,26,0,Short,13,0.9285714285714286,6,0.26666666666666666,1,1,0.8386266719588054,3,0,0,0,0,0,0
sub001-ses04-block8-game2_002::b0077,test/sub001/ses-04/sub001-ses04-block8-game2_002.npy,sub001,2,16,26,0,Short,12,0.8,6,0.375,0,1,0.8269647271922328,1,5,1,0,1,0,1
sub001-ses04-block8-game2_002::b0078,test/sub001/ses-04/sub001-ses04-block8-game2_002.npy,sub001,2,2,26,0,Short,0,0.0,1,1.0,1,1,0.8377551020408163,1,5,0,1,1,0,0
sub001-ses04-block8-game2_002::b0079,test/sub001/ses-04/sub001-ses04-block8-game2_002.npy,sub001,2,1,26,0,Short,0,0.0,1,1.0,3,3,0.9166666666666666,1,0,2,0,0,0,0
sub001-ses04-block8-game2_002::b0080,test/sub001/ses-04/sub001-ses04-block8-game2_002.npy,sub001,2,1,26,0,Short,0,0.0,1,1.0,0,0,0.84,2,2,0,0,0,1,0
sub001-ses04-block8-game2_002::b0081,test/sub001/ses-04/sub001-ses04-block8-game2_002.npy,sub001,2,4,26,0,Short,3,1.0,4,0.25,3,1,0.7839774207555361,1,0,2,0,1,0,0
sub001-ses04-block8-game2_002::b0082,test/sub001/ses-04/sub001-ses04-block8-game2_002.npy,sub001,2,6,26,0,Short,5,1.0,4,0.3333333333333333,2,1,0.8745380492622581,1,5,5,0,1,0,0
sub001-ses04-block8-game2_002::b0083,test/sub001/ses-04/sub001-ses04-block8-game2_002.npy,sub001,2,2,26,0,Short,1,1.0,2,0.5,3,3,0.8422847399829497,1,4,0,0,0,0,0
sub001-ses04-block8-game2_002::b0084,test/sub001/ses-04/sub001-ses04-block8-game2_002.npy,sub001,2,3,26,0,Short,1,0.5,2,0.6666666666666666,1,1,0.8617089259946402,1,4,1,1,1,0,1
sub001-ses04-block8-game2_002::b0085,test/sub001/ses-04/sub001-ses04-block8-game2_002.npy,sub001,2,2,26,0,Short,1,1.0,2,0.5,2,1,0.891132075471698,1,5,0,0,1,0,0
sub001-ses04-block8-game2_002::b0086,test/sub001/ses-04/sub001-ses04-block8-game2_002.npy,sub001,2,2,26,0,Short,1,1.0,2,0.5,5,2,0.9101640656262505,1,4,5,0,0,0,0
sub001-ses04-block8-game2_002::b0087,test/sub001/ses-04/sub001-ses04-block8-game2_002.npy,sub001,2,2,26,0,Short,1,1.0,2,0.5,4,0,0.8199279711884754,1,3,1,0,0,0,1
sub001-ses04-block8-game2_002::b0088,test/sub001/ses-04/sub001-ses04-block8-game2_002.npy,sub001,2,2,26,0,Short,1,1.0,2,0.5,0,0,0.8774509803921569,1,5,5,0,0,0,0
sub001-ses04-block8-game2_002::b0089,test/sub001/ses-04/sub001-ses04-block8-game2_002.npy,sub001,2,3,26,0,Short,2,1.0,3,0.3333333333333333,5,3,0.905920701613979,1,5,0,0,0,0,0
sub001-ses04-block8-game2_002::b0090,test/sub001/ses-04/sub001-ses04-block8-game2_002.npy,sub001,2,8,26,0,Short,6,0.8571428571428571,4,0.5,3,5,0.877987407729049,1,0,5,0,0,0,0
sub001-ses04-block8-game2_002::b0091,test/sub001/ses-04/sub001-ses04-block8-game2_002.npy,sub001,2,4,26,0,Short,2,0.6666666666666666,3,0.5,5,3,0.8816000313168746,1,5,5,0,0,0,0
sub001-ses04-block8-game2_002::b0092,test/sub001/ses-04/sub001-ses04-block8-game2_002.npy,sub001,2,2,26,0,Short,0,0.0,1,1.0,1,1,0.8869047619047619,2,4,1,0,0,0,0
sub001-ses04-block8-game2_002::b0093,test/sub001/ses-04/sub001-ses04-block8-game2_002.npy,sub001,2,22,26,0,Short,16,0.7619047619047619,5,0.3181818181818182,0,0,0.8339885319753357,3,1,5,0,0,0,0
sub001-ses04-block8-game2_002::b0094,test/sub001/ses-04/sub001-ses04-block8-game2_002.npy,sub001,2,28,26,1,Long,21,0.7777777777777778,6,0.32142857142857145,5,3,0.8480164465644403,2,5,1,0,0,0,0
sub001-ses04-block8-game2_002::b0095,test/sub001/ses-04/sub001-ses04-block8-game2_002.npy,sub001,2,9,26,0,Short,8,1.0,4,0.3333333333333333,3,2,0.8836678443174366,1,1,0,0,0,1,0
sub001-ses04-block8-game2_002::b0096,test/sub001/ses-04/sub001-ses04-block8-game2_002.npy,sub001,2,2,26,0,Short,1,1.0,2,0.5,1,1,0.8736702127659575,3,2,1,0,0,0,0
sub001-ses04-block8-game2_002::b0097,test/sub001/ses-04/sub001-ses04-block8-game2_002.npy,sub001,2,6,26,0,Short,3,0.6,3,0.3333333333333333,5,1,0.8961242600839334,1,3,2,0,1,0,0
sub001-ses04-block8-game2_002::b0098,test/sub001/ses-04/sub001-ses04-block8-game2_002.npy,sub001,2,2,26,0,Short,0,0.0,1,1.0,0,0,0.8268085106382979,1,3,1,0,0,0,1
sub001-ses04-block8-game2_002::b0099,test/sub001/ses-04/sub001-ses04-block8-game2_002.npy,sub001,2,3,26,0,Short,1,0.5,2,0.6666666666666666,3,2,0.8639727195225916,1,1,5,0,0,1,0
sub001-ses04-block8-game2_002::b0100,test/sub001/ses-04/sub001-ses04-block8-game2_002.npy,sub001,2,3,26,0,Short,2,1.0,3,0.3333333333333333,0,0,0.7675810379656024,1,3,5,0,0,0,0
sub001-ses04-block8-game2_002::b0101,test/sub001/ses-04/sub001-ses04-block8-game2_002.npy,sub001,2,2,26,0,Short,1,1.0,2,0.5,3,2,0.875,1,2,5,0,0,0,0
sub001-ses04-block8-game2_002::b0102,test/sub001/ses-04/sub001-ses04-block8-game2_002.npy,sub001,2,1,26,0,Short,0,0.0,1,1.0,0,0,0.7391304347826086,2,4,4,0,0,0,0
sub001-ses04-block8-game2_002::b0103,test/sub001/ses-04/sub001-ses04-block8-game2_002.npy,sub001,2,2,26,0,Short,0,0.0,1,1.0,3,3,0.8602278120550546,1,3,5,0,0,0,0
sub001-ses04-block8-game2_002::b0104,test/sub001/ses-04/sub001-ses04-block8-game2_002.npy,sub001,2,4,26,0,Short,2,0.6666666666666666,3,0.5,5,1,0.8399701961475217,1,2,1,0,1,0,1
sub001-ses04-block8-game2_002::b0105,test/sub001/ses-04/sub001-ses04-block8-game2_002.npy,sub001,2,4,26,0,Short,3,1.0,4,0.25,2,0,0.8706916099773243,1,5,5,0,0,0,0
sub001-ses04-block8-game2_002::b0106,test/sub001/ses-04/sub001-ses04-block8-game2_002.npy,sub001,2,3,26,0,Short,1,0.5,2,0.6666666666666666,0,1,0.834793491864831,1,1,5,0,1,1,0
sub001-ses04-block8-game2_002::b0107,test/sub001/ses-04/sub001-ses04-block8-game2_002.npy,sub001,2,6,26,0,Short,5,1.0,3,0.3333333333333333,5,3,0.8930488744989208,1,4,0,0,0,0,0
sub001-ses04-block8-game2_002::b0108,test/sub001/ses-04/sub001-ses04-block8-game2_002.npy,sub001,2,6,26,0,Short,4,0.8,5,0.3333333333333333,0,5,0.8618877763871508,3,5,5,0,0,0,0
sub001-ses04-block8-game2_002::b0109,test/sub001/ses-04/sub001-ses04-block8-game2_002.npy,sub001,2,6,26,0,Short,2,0.4,3,0.5,3,2,0.8639411411659061,1,1,5,0,0,1,0
sub001-ses04-block8-game2_002::b0110,test/sub001/ses-04/sub001-ses04-block8-game2_002.npy,sub001,2,2,26,0,Short,1,1.0,2,0.5,1,0,0.7925490196078431,1,1,5,1,0,1,0
sub001-ses04-block8-game2_002::b0111,test/sub001/ses-04/sub001-ses04-block8-game2_002.npy,sub001,2,4,26,0,Short,2,0.6666666666666666,2,0.5,5,3,0.8374192176870748,1,1,5,0,0,1,0
sub001-ses04-block8-game2_002::b0112,test/sub001/ses-04/sub001-ses04-block8-game2_002.npy,sub001,2,2,26,0,Short,1,1.0,2,0.5,5,0,0.81,1,3,5,0,0,0,0
sub001-ses04-block8-game2_002::b0113,test/sub001/ses-04/sub001-ses04-block8-game2_002.npy,sub001,2,4,26,0,Short,2,0.6666666666666666,3,0.5,0,0,0.8811038885127032,1,0,5,0,0,0,0
sub001-ses04-block8-game2_002::b0114,test/sub001/ses-04/sub001-ses04-block8-game2_002.npy,sub001,2,4,26,0,Short,3,1.0,4,0.25,5,0,0.8370859213250518,1,5,5,0,0,0,0
sub001-ses04-block8-game2_002::b0115,test/sub001/ses-04/sub001-ses04-block8-game2_002.npy,sub001,2,2,26,0,Short,1,1.0,2,0.5,4,4,0.8585714285714285,1,5,5,0,0,0,0
sub001-ses04-block8-game2_002::b0116,test/sub001/ses-04/sub001-ses04-block8-game2_002.npy,sub001,2,3,26,0,Short,2,1.0,3,0.3333333333333333,3,0,0.8437724843252132,4,5,5,0,0,0,0
sub001-ses04-block8-game2_002::b0117,test/sub001/ses-04/sub001-ses04-block8-game2_002.npy,sub001,2,2,26,0,Short,0,0.0,1,1.0,0,0,0.8000886524822695,1,1,0,0,0,1,0
sub001-ses04-block8-game2_002::b0118,test/sub001/ses-04/sub001-ses04-block8-game2_002.npy,sub001,2,3,26,0,Short,2,1.0,3,0.3333333333333333,1,1,0.7942748483914072,1,1,1,1,1,1,1
sub001-ses04-block8-game2_002::b0119,test/sub001/ses-04/sub001-ses04-block8-game2_002.npy,sub001,2,3,26,0,Short,0,0.0,1,1.0,5,5,0.8896585848589806,1,3,1,0,0,0,1
sub001-ses04-block8-game2_002::b0120,test/sub001/ses-04/sub001-ses04-block8-game2_002.npy,sub001,2,4,26,0,Short,2,0.6666666666666666,3,0.5,5,1,0.7986992857035417,3,5,5,0,0,0,0
sub001-ses04-block8-game2_002::b0121,test/sub001/ses-04/sub001-ses04-block8-game2_002.npy,sub001,2,8,26,0,Short,6,0.8571428571428571,5,0.25,4,2,0.8636480529578446,2,0,1,0,1,0,0
sub001-ses04-block8-game2_002::b0122,test/sub001/ses-04/sub001-ses04-block8-game2_002.npy,sub001,2,3,26,0,Short,2,1.0,3,0.3333333333333333,3,0,0.8908212560386474,1,5,5,0,0,0,0
sub001-ses04-block8-game2_002::b0123,test/sub001/ses-04/sub001-ses04-block8-game2_002.npy,sub001,2,4,26,0,Short,3,1.0,4,0.25,5,0,0.847909635814251,1,2,5,0,0,0,0
sub001-ses04-block8-game2_002::b0124,test/sub001/ses-04/sub001-ses04-block8-game2_002.npy,sub001,2,3,26,0,Short,2,1.0,3,0.3333333333333333,3,1,0.9049857549857551,1,0,5,0,1,0,0
sub001-ses04-block8-game2_002::b0125,test/sub001/ses-04/sub001-ses04-block8-game2_002.npy,sub001,2,2,26,0,Short,1,1.0,2,0.5,5,1,0.8818604651162791,1,2,5,0,1,0,0
sub001-ses04-block8-game2_002::b0126,test/sub001/ses-04/sub001-ses04-block8-game2_002.npy,sub001,2,5,26,0,Short,2,0.5,3,0.6,5,3,0.8481961147086032,1,2,1,0,0,0,1
sub001-ses04-block8-game2_002::b0127,test/sub001/ses-04/sub001-ses04-block8-game2_002.npy,sub001,2,4,26,0,Short,3,1.0,3,0.5,0,1,0.8737391257627151,1,2,2,0,1,0,0
sub001-ses04-block8-game2_002::b0128,test/sub001/ses-04/sub001-ses04-block8-game2_002.npy,sub001,2,6,26,0,Short,4,0.8,4,0.5,3,3,0.7966462281679673,1,0,2,0,0,0,0
sub001-ses04-block8-game2_002::b0129,test/sub001/ses-04/sub001-ses04-block8-game2_002.npy,sub001,2,2,26,0,Short,0,0.0,1,1.0,1,1,0.8131868131868132,2,0,1,0,0,0,0
sub001-ses04-block8-game2_002::b0130,test/sub001/ses-04/sub001-ses04-block8-game2_002.npy,sub001,2,5,26,0,Short,3,0.75,3,0.6,1,1,0.8667612293144208,1,3,0,1,1,0,0
sub001-ses04-block8-game2_002::b0131,test/sub001/ses-04/sub001-ses04-block8-game2_002.npy,sub001,2,6,26,0,Short,4,0.8,4,0.3333333333333333,0,0,0.84760557884088,3,3,5,0,0,1,0
sub001-ses04-block8-game2_002::b0132,test/sub001/ses-04/sub001-ses04-block8-game2_002.npy,sub001,2,6,26,0,Short,5,1.0,4,0.3333333333333333,4,4,0.8627402392401154,1,5,1,0,0,0,1
sub001-ses04-block8-game2_002::b0133,test/sub001/ses-04/sub001-ses04-block8-game2_002.npy,sub001,2,6,26,0,Short,5,1.0,4,0.3333333333333333,1,3,0.8363059433164403,2,5,3,0,0,0,0
sub001-ses04-block8-game2_002::b0134,test/sub001/ses-04/sub001-ses04-block8-game2_002.npy,sub001,2,2,26,0,Short,1,1.0,2,0.5,5,3,0.8740573152337858,1,0,3,0,0,0,0
sub001-ses04-block8-game2_002::b0135,test/sub001/ses-04/sub001-ses04-block8-game2_002.npy,sub001,2,2,26,0,Short,0,0.0,1,1.0,5,5,0.8324468085106382,1,3,0,0,0,0,0
sub001-ses04-block8-game2_002::b0136,test/sub001/ses-04/sub001-ses04-block8-game2_002.npy,sub001,2,4,26,0,Short,2,0.6666666666666666,3,0.5,3,1,0.8251627145738971,1,3,5,0,1,0,0
sub001-ses04-block8-game2_002::b0137,test/sub001/ses-04/sub001-ses04-block8-game2_002.npy,sub001,2,3,26,0,Short,2,1.0,3,0.3333333333333333,4,0,0.7562647754137116,1,2,5,0,0,0,0
sub001-ses04-block8-game2_002::b0138,test/sub001/ses-04/sub001-ses04-block8-game2_002.npy,sub001,2,3,26,0,Short,2,1.0,3,0.3333333333333333,1,1,0.8437419371078682,1,0,4,1,1,0,0
sub001-ses04-block8-game2_002::b0139,test/sub001/ses-04/sub001-ses04-block8-game2_002.npy,sub001,2,10,26,0,Short,6,0.6666666666666666,4,0.3,0,0,0.8334662527198514,2,0,0,0,0,0,0
sub001-ses04-block8-game2_002::b0140,test/sub001/ses-04/sub001-ses04-block8-game2_002.npy,sub001,2,158,26,1,Long,128,0.8152866242038217,6,0.2088607594936709,1,3,0.8160242135635172,1,4,1,1,0,0,1
sub001-ses04-block8-game2_002::b0141,test/sub001/ses-04/sub001-ses04-block8-game2_002.npy,sub001,2,4,26,0,Short,3,1.0,4,0.25,1,1,0.8707046043117075,1,3,3,1,1,0,0
sub001-ses04-block8-game2_002::b0142,test/sub001/ses-04/sub001-ses04-block8-game2_002.npy,sub001,2,4,26,0,Short,3,1.0,3,0.5,1,1,0.795219087635054,1,1,2,1,1,1,0
sub001-ses04-block8-game2_002::b0143,test/sub001/ses-04/sub001-ses04-block8-game2_002.npy,sub001,2,16,26,0,Short,12,0.8,5,0.25,2,0,0.8298096304782115,1,2,5,0,0,0,0
sub001-ses04-block8-game2_002::b0144,test/sub001/ses-04/sub001-ses04-block8-game2_002.npy,sub001,2,24,26,0,Short,19,0.8260869565217391,6,0.3333333333333333,4,3,0.8188343028335409,2,5,3,0,0,0,0
sub001-ses04-block8-game2_002::b0145,test/sub001/ses-04/sub001-ses04-block8-game2_002.npy,sub001,2,11,26,0,Short,9,0.9,5,0.36363636363636365,3,3,0.8268651194235833,3,5,1,1,1,0,0
sub001-ses04-block8-game2_002::b0146,test/sub001/ses-04/sub001-ses04-block8-game2_002.npy,sub001,2,11,26,0,Short,7,0.7,6,0.36363636363636365,3,0,0.8026572063978665,2,0,1,0,0,0,0
sub001-ses04-block8-game2_002::b0147,test/sub001/ses-04/sub001-ses04-block8-game2_002.npy,sub001,2,3,26,0,Short,1,0.5,2,0.6666666666666666,1,1,0.8771875046463565,1,1,0,1,1,1,0
sub001-ses04-block8-game2_002::b0148,test/sub001/ses-04/sub001-ses04-block8-game2_002.npy,sub001,2,2,26,0,Short,1,1.0,2,0.5,4,4,0.8804347826086956,1,0,1,0,0,0,1
sub001-ses04-block8-game2_002::b0149,test/sub001/ses-04/sub001-ses04-block8-game2_002.npy,sub001,2,2,26,0,Short,1,1.0,2,0.5,1,1,0.845,1,1,2,1,1,1,0
sub001-ses04-block8-game2_002::b0150,test/sub001/ses-04/sub001-ses04-block8-game2_002.npy,sub001,2,49,26,1,Long,39,0.8125,6,0.30612244897959184,1,1,0.8160501096056519,3,1,4,0,0,0,0
sub001-ses04-block8-game2_002::b0151,test/sub001/ses-04/sub001-ses04-block8-game2_002.npy,sub001,2,4,26,0,Short,2,0.6666666666666666,2,0.75,2,2,0.8226077097505669,2,4,0,1,1,0,0
sub001-ses04-block8-game2_002::b0152,test/sub001/ses-04/sub001-ses04-block8-game2_002.npy,sub001,2,3,26,0,Short,2,1.0,3,0.3333333333333333,1,1,0.8330716902145473,2,2,3,0,0,1,0
sub001-ses04-block8-game2_002::b0153,test/sub001/ses-04/sub001-ses04-block8-game2_002.npy,sub001,2,2,26,0,Short,1,1.0,2,0.5,5,1,0.8130434782608695,1,4,4,0,1,0,0
sub001-ses04-block8-game2_002::b0154,test/sub001/ses-04/sub001-ses04-block8-game2_002.npy,sub001,2,3,26,0,Short,1,0.5,2,0.6666666666666666,3,3,0.7680213903743316,1,4,3,0,0,0,0
sub001-ses04-block8-game2_002::b0155,test/sub001/ses-04/sub001-ses04-block8-game2_002.npy,sub001,2,2,26,0,Short,1,1.0,2,0.5,3,1,0.8588652482269503,4,4,4,0,0,1,1
sub001-ses04-block8-game2_002::b0156,test/sub001/ses-04/sub001-ses04-block8-game2_002.npy,sub001,2,2,26,0,Short,1,1.0,2,0.5,5,1,0.8007202881152461,1,5,4,0,1,0,0
sub001-ses04-block8-game2_002::b0157,test/sub001/ses-04/sub001-ses04-block8-game2_002.npy,sub001,2,10,26,0,Short,6,0.6666666666666666,5,0.4,1,3,0.8502479347133038,3,3,1,0,1,1,0
sub001-ses04-block8-game2_002::b0158,test/sub001/ses-04/sub001-ses04-block8-game2_002.npy,sub001,2,2,26,0,Short,0,0.0,1,1.0,3,3,0.7573051948051948,2,2,3,0,0,1,0
sub001-ses04-block8-game2_002::b0159,test/sub001/ses-04/sub001-ses04-block8-game2_002.npy,sub001,2,6,26,0,Short,4,0.8,4,0.5,3,3,0.7893616566123304,3,2,0,1,1,0,0
sub001-ses04-block8-game2_002::b0160,test/sub001/ses-04/sub001-ses04-block8-game2_002.npy,sub001,2,1,26,0,Short,0,0.0,1,1.0,3,3,0.8490566037735849,1,0,5,0,0,0,0
sub001-ses04-block8-game2_002::b0161,test/sub001/ses-04/sub001-ses04-block8-game2_002.npy,sub001,2,3,26,0,Short,2,1.0,3,0.3333333333333333,5,0,0.8507896575821103,1,3,2,0,0,0,0
sub001-ses04-block8-game2_002::b0162,test/sub001/ses-04/sub001-ses04-block8-game2_002.npy,sub001,2,3,26,0,Short,1,0.5,2,0.6666666666666666,0,3,0.7739560139067932,1,4,0,0,0,0,0
sub001-ses04-block8-game2_002::b0163,test/sub001/ses-04/sub001-ses04-block8-game2_002.npy,sub001,2,2,26,0,Short,1,1.0,2,0.5,0,0,0.8052721088435374,2,3,5,0,0,0,0
sub001-ses04-block8-game2_002::b0164,test/sub001/ses-04/sub001-ses04-block8-game2_002.npy,sub001,2,6,26,0,Short,4,0.8,3,0.3333333333333333,0,0,0.8278199689265789,3,0,0,0,0,0,0
sub001-ses04-block8-game2_002::b0165,test/sub001/ses-04/sub001-ses04-block8-game2_002.npy,sub001,2,4,26,0,Short,2,0.6666666666666666,3,0.5,0,2,0.7595882188466845,2,4,1,0,1,0,0
