event_id,file,subject,session,block,game,chunk,start_pos,end_pos,pre_pos,commit_pos,length_real_steps,start_global_idx,end_global_idx,commit_global_idx,commit_action,entropy_at_pre,entropy_at_onset,entropy_at_commit,margin_at_pre,margin_at_onset,margin_at_commit,q_gap_at_pre,q_gap_at_onset,q_gap_at_commit,rollout_spread_at_pre,rollout_spread_at_onset,rollout_spread_at_commit,cross2,is_long,bout_class
sub001-ses04-block2-game2_000::b0001,test/sub001/ses-04/sub001-ses04-block2-game2_000.npy,sub001,04,2,2,000,88,96,87,97,9,4535,4948,5003,3,0.4890990945628729,0.4770488994336012,0.7515816878904101,0.8029728824789345,0.7714771486297393,0.7175728804348042,0.0,0.0,0.047670602798461914,0.0,0.0,0.11115479469299316,26,0,Short
sub001-ses04-block2-game2_000::b0002,test/sub001/ses-04/sub001-ses04-block2-game2_000.npy,sub001,04,2,2,000,111,126,110,127,16,5738,6493,6539,1,0.46540983258404744,0.39742211260837446,0.6051712529842546,0.7998852534296849,0.8364325955938953,0.7683845970353749,2.5657060146331787,2.714529037475586,0.015108823776245117,0.0,0.06679439544677734,0.12865304946899414,26,0,Short
sub001-ses04-block2-game2_000::b0003,test/sub001/ses-04/sub001-ses04-block2-game2_000.npy,sub001,04,2,2,000,133,152,132,153,20,6851,7810,7858,2,0.9949123667360549,1.0568568856226188,0.599947987665485,0.319526658091279,0.33229408239868824,0.7853300607578575,3.279798746109009,0.03577613830566406,0.3088374137878418,0.08599996566772461,0.0,0.5282382965087891,26,0,Short
sub001-ses04-block2-game2_000::b0004,test/sub001/ses-04/sub001-ses04-block2-game2_000.npy,sub001,04,2,2,000,164,176,163,177,13,8408,9009,9058,2,0.5992053859467714,0.7702928145916756,0.7954925607660568,0.6625362786976086,0.5057466732238873,0.6415345905966647,3.5573832988739014,3.597649097442627,0.2287909984588623,0.0,0.07948637008666992,0.6684975624084473,26,0,Short
sub001-ses04-block2-game2_000::b0005,test/sub001/ses-04/sub001-ses04-block2-game2_000.npy,sub001,04,2,2,000,191,196,190,197,6,9744,9989,10043,3,0.8538931525914556,0.5824203869297888,0.6904136295343329,0.4302147100725706,0.7034350423819483,0.7294713146268891,0.0,0.0979464054107666,4.212465286254883,0.0,0.2952899932861328,0.7162034511566162,26,0,Short
sub001-ses04-block2-game2_000::b0006,test/sub001/ses-04/sub001-ses04-block2-game2_000.npy,sub001,04,2,2,000,211,213,210,214,3,10767,10866,10914,2,0.5631189222312035,0.36993490306237126,0.7700135634405201,0.7353721316109904,0.8619636279874623,0.6355939849486677,0.005943775177001953,3.7050609588623047,3.8572704792022705,0.10565471649169922,0.0,0.3723158836364746,26,0,Short
sub001-ses04-block2-game2_000::b0007,test/sub001/ses-04/sub001-ses04-block2-game2_000.npy,sub001,04,2,2,000,231,235,230,236,5,11750,11957,12011,2,0.6183125856718275,0.6383957123811465,0.6776053018158932,0.6121924932479719,0.6426652582366075,0.6995322755622899,3.6179046630859375,3.9479081630706787,3.6180057525634766,0.0,0.7115049362182617,0.0,26,0,Short
sub001-ses04-block2-game2_000::b0008,test/sub001/ses-04/sub001-ses04-block2-game2_000.npy,sub001,04,2,2,000,239,245,238,246,7,12152,12449,12499,3,0.512879928848549,0.6037554623069228,0.7725944485179254,0.722939809345257,0.6361728771386099,0.6316673048693442,0.0,3.602444887161255,4.506369590759277,0.0,0.052790164947509766,1.0897216796875,26,0,Short
sub001-ses04-block2-game2_000::b0009,test/sub001/ses-04/sub001-ses04-block2-game2_000.npy,sub001,04,2,2,000,250,258,249,259,9,12705,13120,13166,1,0.535291357718576,0.620211247581632,0.8288313901368509,0.7609929806064923,0.7116174675363862,0.5384240552560858,0.030942916870117188,0.2778940200805664,0.0,0.528566837310791,0.2913827896118164,0.0,26,0,Short
sub001-ses04-block2-game2_000::b0010,test/sub001/ses-04/sub001-ses04-block2-game2_000.npy,sub001,04,2,2,000,264,270,263,271,7,13439,13753,13803,1,0.8467920100440063,0.8486004989061198,0.7662879624473489,0.35536800698303495,0.4669130614701103,0.5959907388041357,0.0,0.0023412704467773438,4.0367655754089355,0.0,0.26450157165527344,0.0,26,0,Short
sub001-ses04-block2-game2_000::b0011,test/sub001/ses-04/sub001-ses04-block2-game2_000.npy,sub001,04,2,2,000,275,277,274,278,3,14024,14125,14180,1,0.770934118342568,0.8277698606850536,1.0271078411227614,0.46776813441873305,0.47375967179656503,0.1708788391595073,0.23560333251953125,0.676917552947998,5.2663493156433105,0.25218963623046875,0.0,0.8790850639343262,26,0,Short
sub001-ses04-block2-game2_000::b0012,test/sub001/ses-04/sub001-ses04-block2-game2_000.npy,sub001,04,2,2,000,282,284,281,285,3,14395,14498,14550,1,0.8630649418528595,0.7995728184616708,1.0145022058555417,0.46863925452893973,0.5007138907336272,0.3810925666125547,0.04186296463012695,5.124392509460449,0.2583589553833008,0.0,1.207899570465088,0.0,26,0,Short
sub001-ses04-block2-game2_000::b0013,test/sub001/ses-04/sub001-ses04-block2-game2_000.npy,sub001,04,2,2,000,288,290,287,291,3,14715,14818,14868,3,0.8242887279326139,0.7182782542787134,0.8906868200489934,0.4922958897692922,0.531478268214657,0.42277890173745597,0.040181636810302734,0.4913806915283203,0.0,0.0,0.40207481384277344,0.0,26,0,Short
sub001-ses04-block2-game2_000::b0014,test/sub001/ses-04/sub001-ses04-block2-game2_000.npy,sub001,04,2,2,000,297,312,296,313,16,15195,15990,16044,2,0.5051494370951166,0.47589201033969836,0.8338823705866052,0.7963988671141735,0.8063334544667623,0.5178130104818909,0.054013729095458984,0.0012803077697753906,3.9730143547058105,0.0,0.0,0.0,26,0,Short
sub001-ses04-block2-game2_000::b0015,test/sub001/ses-04/sub001-ses04-block2-game2_000.npy,sub001,04,2,2,000,317,326,316,327,10,16237,16703,16754,1,1.1464113226345023,1.0715943781154054,0.863115504564721,0.18708567947017207,0.2566061488799472,0.44934725091905325,0.0,0.0,0.150665283203125,0.0,0.0,0.4377126693725586,26,0,Short
sub001-ses04-block2-game2_000::b0016,test/sub001/ses-04/sub001-ses04-block2-game2_000.npy,sub001,04,2,2,000,332,334,331,335,3,17035,17141,17197,1,0.8530314466091693,0.6900348979643678,0.9990055567306203,0.49766720251832386,0.5601480484296388,0.34689753011828633,1.0244345664978027,0.43843841552734375,0.07454395294189453,0.5545573234558105,0.0,1.0338878631591797,26,0,Short
sub001-ses04-block2-game2_000::b0017,test/sub001/ses-04/sub001-ses04-block2-game2_000.npy,sub001,04,2,2,000,338,340,337,341,3,17359,17463,17514,1,0.8233285394657824,0.7380589559500619,0.9843271115828995,0.43203540242876565,0.5451649316582158,0.2110239981618584,0.5986828804016113,0.2898712158203125,0.07023477554321289,0.8188142776489258,0.0,0.5101442337036133,26,0,Short
sub001-ses04-block2-game2_000::b0018,test/sub001/ses-04/sub001-ses04-block2-game2_000.npy,sub001,04,2,2,000,345,345,344,346,1,17736,17736,17787,1,0.7918263207956397,0.7887622152868359,0.8752701866023811,0.5310035328612477,0.504315189670168,0.38453349390750186,0.129547119140625,4.277578353881836,4.859283447265625,0.12506389617919922,0.0,0.12866783142089844,26,0,Short
sub001-ses04-block2-game2_000::b0019,test/sub001/ses-04/sub001-ses04-block2-game2_000.npy,sub001,04,2,2,000,351,352,350,353,2,18063,18111,18168,1,0.7045752556592594,0.7744736859627325,1.0175361244195593,0.5475625691878498,0.5455039502113698,0.2565458576028826,5.346858024597168,4.352996826171875,4.765110969543457,0.5833134651184082,0.0,0.0,26,0,Short
sub001-ses04-block2-game2_000::b0020,test/sub001/ses-04/sub001-ses04-block2-game2_000.npy,sub001,04,2,2,000,356,358,355,359,3,18334,18439,18491,1,0.8669708989539429,1.0143194153354052,0.9733192430268316,0.49962865544147694,0.3627419681536104,0.2545764145277393,0.15121746063232422,0.2037062644958496,0.1938343048095703,0.3875465393066406,0.16412639617919922,0.2364177703857422,26,0,Short
sub001-ses04-block2-game2_000::b0021,test/sub001/ses-04/sub001-ses04-block2-game2_000.npy,sub001,04,2,2,000,363,364,362,365,2,18705,18757,18811,1,0.8725773237220432,0.789880686131773,1.0004988440497815,0.517842334698743,0.5268184569264291,0.07979667550313702,0.5503787994384766,4.916666507720947,4.882831573486328,0.7214870452880859,0.030354022979736328,0.11410713195800781,26,0,Short
sub001-ses04-block2-game2_000::b0022,test/sub001/ses-04/sub001-ses04-block2-game2_000.npy,sub001,04,2,2,000,369,370,368,371,2,19031,19085,19141,1,0.7685073030559297,0.7602536556433528,1.063410268783025,0.5428343507770007,0.5494444602310579,0.1005040004639895,0.20491743087768555,4.652364253997803,5.04902458190918,0.6807851791381836,0.0,0.3494424819946289,26,0,Short
sub001-ses04-block2-game2_000::b0023,test/sub001/ses-04/sub001-ses04-block2-game2_000.npy,sub001,04,2,2,000,375,376,374,377,2,19354,19408,19462,1,0.7481394345820366,0.8250177071486252,1.1583774936796176,0.5414257390925306,0.5025804162403282,0.1430406501061704,0.12933874130249023,0.13839101791381836,4.531966686248779,0.1172327995300293,0.5612201690673828,0.0,26,0,Short
sub001-ses04-block2-game2_000::b0024,test/sub001/ses-04/sub001-ses04-block2-game2_000.npy,sub001,04,2,2,000,381,383,380,384,3,19677,19782,19835,1,0.7527154153959238,0.7868166681582183,0.973203831439359,0.5611276426202402,0.5424551285339537,0.16757883614927188,5.127035140991211,0.15868711471557617,0.01082611083984375,0.630579948425293,0.17621231079101562,0.128662109375,26,0,Short
sub001-ses04-block2-game2_000::b0025,test/sub001/ses-04/sub001-ses04-block2-game2_000.npy,sub001,04,2,2,000,387,388,386,389,2,19995,20045,20096,3,0.7582192722814289,0.8525448093188638,0.8961281386846394,0.4845080497234787,0.5119919360873701,0.382639262913846,4.310903549194336,0.0,0.24059820175170898,0.16379117965698242,0.0,0.0,26,0,Short
sub001-ses04-block2-game2_000::b0026,test/sub001/ses-04/sub001-ses04-block2-game2_000.npy,sub001,04,2,2,000,430,432,429,433,3,22324,22433,22487,1,0.7708919297616226,0.9559707721041937,1.118461172490593,0.5467342685139576,0.4812905702995761,0.24574660413284816,5.359226226806641,1.4566352367401123,5.263095378875732,0.3456459045410156,0.2298421859741211,0.5121879577636719,26,0,Short
sub001-ses04-block2-game2_000::b0027,test/sub001/ses-04/sub001-ses04-block2-game2_000.npy,sub001,04,2,2,000,437,440,436,441,4,22711,22868,22921,1,0.7998977222801962,0.7982952772278724,1.3715487820387258,0.5304781948484913,0.5073408275349258,0.17064939396610893,4.006621360778809,5.188989639282227,0.04142904281616211,0.0,0.1447596549987793,0.7376413345336914,26,0,Short
sub001-ses04-block2-game2_000::b0028,test/sub001/ses-04/sub001-ses04-block2-game2_000.npy,sub001,04,2,2,000,444,446,443,447,3,23086,23191,23246,1,0.8177919850396761,0.6858994383644422,1.0202860973758858,0.46076804212502465,0.5937849040028933,0.2228348197814422,0.21509170532226562,4.823004245758057,4.460036277770996,0.6152973175048828,0.0,0.019626140594482422,26,0,Short
sub001-ses04-block2-game2_000::b0029,test/sub001/ses-04/sub001-ses04-block2-game2_000.npy,sub001,04,2,2,000,451,454,450,455,4,23464,23626,23683,1,0.8987636098975726,0.7305164112479774,1.2486451599371484,0.5061280697401191,0.5246315688676239,0.20005596185073515,0.14512062072753906,3.845546007156372,4.694952487945557,0.7823271751403809,0.0,0.6825246810913086,26,0,Short
sub001-ses04-block2-game2_000::b0030,test/sub001/ses-04/sub001-ses04-block2-game2_000.npy,sub001,04,2,2,000,458,460,457,461,3,23851,23955,24010,1,0.811540579042112,0.7442742006795506,1.0736277377217334,0.5259271001297641,0.5713370547168485,0.0983630189962526,0.10033416748046875,4.571187496185303,0.058771610260009766,0.37503957748413086,0.0,0.7137489318847656,26,0,Short
sub001-ses04-block2-game2_000::b0031,test/sub001/ses-04/sub001-ses04-block2-game2_000.npy,sub001,04,2,2,000,465,468,464,469,4,24237,24392,24444,1,0.7107789933586832,0.9265007670887947,1.2355616395953062,0.5928713120639331,0.42391522079778016,0.1316943104706333,0.0,0.06934928894042969,5.131643295288086,0.0,0.7082242965698242,0.8911876678466797,26,0,Short
sub001-ses04-block2-game2_000::b0032,test/sub001/ses-04/sub001-ses04-block2-game2_000.npy,sub001,04,2,2,000,473,475,472,476,3,24657,24756,24809,1,0.81115120777607,0.8056130701986923,1.2935735685077163,0.5548992229585791,0.5225669226841319,0.0865078106524459,0.0060825347900390625,0.0,4.644382476806641,0.0,0.0,0.0,26,0,Short
sub001-ses04-block2-game2_000::b0033,test/sub001/ses-04/sub001-ses04-block2-game2_000.npy,sub001,04,2,2,000,481,483,480,484,3,25077,25182,25233,1,0.8025260369800336,0.7356684014238799,1.2014741563604796,0.5697844215882593,0.5549568732447797,0.07676923845780287,4.39300537109375,4.708887577056885,4.706672191619873,0.14400148391723633,0.6783089637756348,0.752495288848877,26,0,Short
sub001-ses04-block2-game2_000::b0034,test/sub001/ses-04/sub001-ses04-block2-game2_000.npy,sub001,04,2,2,000,489,491,488,492,3,25523,25627,25676,1,0.7554127122329694,0.8494837104274925,0.9793948237201412,0.5779552820143194,0.4799157157499025,0.2886959884156339,0.10982179641723633,0.17488908767700195,0.0,0.8258357048034668,0.18861103057861328,0.0,26,0,Short
sub001-ses04-block2-game2_000::b0035,test/sub001/ses-04/sub001-ses04-block2-game2_000.npy,sub001,04,2,2,000,497,498,496,499,2,25953,26001,26053,1,0.7956929497902938,0.7777998963474617,1.0980533312697494,0.5391343655525576,0.5665020027749962,0.0637630093394081,0.07272529602050781,4.415562152862549,0.007750988006591797,0.06615924835205078,0.31154584884643555,0.578125,26,0,Short
sub001-ses04-block2-game2_000::b0036,test/sub001/ses-04/sub001-ses04-block2-game2_000.npy,sub001,04,2,2,000,505,507,504,508,3,26376,26488,26542,1,0.7936769276310578,0.8356371550551926,1.116710478294635,0.5640850219511613,0.5164805270109045,0.19542003696795784,0.12087202072143555,0.12978124618530273,0.030780792236328125,0.0,0.831153392791748,0.03707599639892578,26,0,Short
sub001-ses04-block2-game2_000::b0037,test/sub001/ses-04/sub001-ses04-block2-game2_000.npy,sub001,04,2,2,000,513,515,512,516,3,26805,26911,26966,1,0.7510583564218296,0.8301822394984097,1.0544469333229707,0.5628833219189566,0.5224299501179164,0.2320526496614555,0.016681194305419922,4.3798065185546875,4.245549201965332,0.10472393035888672,0.39699268341064453,0.0,26,0,Short
sub001-ses04-block2-game2_000::b0038,test/sub001/ses-04/sub001-ses04-block2-game2_000.npy,sub001,04,2,2,000,521,524,520,525,4,27238,27397,27454,1,0.8706025614862521,0.7447705855549551,0.936958131429472,0.542970702104353,0.5741559808072187,0.31835584643458564,0.28716611862182617,0.12430334091186523,4.027928829193115,0.22241497039794922,0.26920080184936523,0.0,26,0,Short
sub001-ses04-block2-game2_000::b0039,test/sub001/ses-04/sub001-ses04-block2-game2_000.npy,sub001,04,2,2,000,529,532,528,533,4,27672,27833,27883,1,0.764063888814556,0.7885944295836299,0.922412771277967,0.5249660676421909,0.5538269295849572,0.38115172054614094,4.018399238586426,4.98307466506958,4.086220741271973,0.0,1.194319725036621,0.11913204193115234,26,0,Short
sub001-ses04-block2-game2_000::b0040,test/sub001/ses-04/sub001-ses04-block2-game2_000.npy,sub001,04,2,2,000,537,540,536,541,4,28098,28262,28313,4,1.168116155631763,0.8319453494671935,0.8789620731711077,0.06801822822138859,0.5779365432496317,0.5555332703900409,0.08123111724853516,4.007381439208984,3.991060256958008,0.20948147773742676,0.08331727981567383,0.0,26,0,Short
sub001-ses04-block2-game2_000::b0041,test/sub001/ses-04/sub001-ses04-block2-game2_000.npy,sub001,04,2,2,000,560,563,559,564,4,29361,29516,29569,2,0.3120930763795538,0.541295711114502,0.8354076895021708,0.8974211916408713,0.7611243793104703,0.6075001779923661,4.592903137207031,0.11885762214660645,0.08415937423706055,1.1226980686187744,0.0,0.0,26,0,Short
sub001-ses04-block2-game2_000::b0042,test/sub001/ses-04/sub001-ses04-block2-game2_000.npy,sub001,04,2,2,000,577,583,576,584,7,30274,30585,30640,2,0.4079781714471234,0.28769088903803924,1.2855853982389525,0.8244391113608629,0.8826735314044714,0.26503452178215126,1.888521671295166,3.571826934814453,0.7413332462310791,0.8847799301147461,0.0,0.8615403175354004,26,0,Short
sub001-ses04-block2-game2_000::b0043,test/sub001/ses-04/sub001-ses04-block2-game2_000.npy,sub001,04,2,2,000,596,600,595,601,5,31279,31492,31545,2,1.191633118455591,1.1733152993918032,1.1771008882185723,0.010444348403135406,0.2820305764435127,0.3680091027638568,0.09993362426757812,0.0,4.273378372192383,0.3747115135192871,0.0,0.17690277099609375,26,0,Short
sub001-ses04-block2-game2_000::b0044,test/sub001/ses-04/sub001-ses04-block2-game2_000.npy,sub001,04,2,2,000,683,686,682,687,4,35697,35855,35908,2,0.9115467720123616,0.822950593141049,1.0971293039537762,0.45252347182342767,0.49082893929808546,0.33906041880558124,4.790995121002197,5.30674409866333,0.5557742118835449,0.0,0.640993595123291,1.6516504287719727,26,0,Short
sub001-ses04-block2-game2_000::b0045,test/sub001/ses-04/sub001-ses04-block2-game2_000.npy,sub001,04,2,2,000,729,750,728,751,22,37993,39025,39077,1,0.7235344901719208,0.5195617160444409,0.8222525766776483,0.6213932775271466,0.7815560572604149,0.5311742004661649,3.6412808895111084,4.159040927886963,0.03734707832336426,0.38959741592407227,0.5717897415161133,0.0,26,0,Short
sub001-ses04-block2-game2_000::b0046,test/sub001/ses-04/sub001-ses04-block2-game2_000.npy,sub001,04,2,2,000,755,777,754,778,23,39290,40408,40458,3,0.8563528461246517,0.7968292786693411,1.0503292490327316,0.539265483625334,0.5021573729232595,0.27514164859079915,0.1183619499206543,3.8684661388397217,0.0,0.7270646095275879,0.0,0.0,26,0,Short
sub001-ses04-block2-game2_000::b0047,test/sub001/ses-04/sub001-ses04-block2-game2_000.npy,sub001,04,2,2,000,785,794,784,795,10,40812,41250,41298,2,0.4486932252451562,0.44320190861961944,0.9458780462808165,0.8159821333255729,0.8241077512228229,0.4501691640678129,0.11154460906982422,0.0,0.0,0.04672050476074219,0.0,0.0,26,0,Short
sub001-ses04-block2-game2_000::b0048,test/sub001/ses-04/sub001-ses04-block2-game2_000.npy,sub001,04,2,2,000,800,816,799,817,17,41544,42353,42404,2,0.7664264881458206,0.5669609007294236,0.8958369614111832,0.6326105378496416,0.7113838680076858,0.4265515231895721,4.347172260284424,0.0,0.13023900985717773,0.06902694702148438,0.0,0.3202509880065918,26,0,Short
sub001-ses04-block2-game2_000::b0049,test/sub001/ses-04/sub001-ses04-block2-game2_000.npy,sub001,04,2,2,000,821,834,820,835,14,42600,43260,43311,2,0.8691778172680602,1.0944832659596995,0.8700379843422498,0.5904027584460563,0.35181782693110925,0.39431965806838365,0.0,0.0,4.529240608215332,0.0,0.0,0.13042783737182617,26,0,Short
sub001-ses04-block2-game2_000::b0050,test/sub001/ses-04/sub001-ses04-block2-game2_000.npy,sub001,04,2,2,000,841,852,840,853,12,43599,44160,44208,1,0.871074015377667,0.9018458636233706,0.9671909077870484,0.5634130875786743,0.4984700232745322,0.18740529213659612,3.973649501800537,0.0,0.056468963623046875,0.0,0.0,0.0,26,0,Short
sub001-ses04-block2-game2_000::b0051,test/sub001/ses-04/sub001-ses04-block2-game2_000.npy,sub001,04,2,2,000,860,896,859,897,37,44554,46371,46420,1,0.7859184673203439,0.7649145498264441,1.1033592680060607,0.5572994588393225,0.5581685117749754,0.3487567306730904,0.17406320571899414,4.353443622589111,4.6573357582092285,0.0,0.004550457000732422,0.06394100189208984,26,1,Long
sub001-ses04-block2-game2_000::b0052,test/sub001/ses-04/sub001-ses04-block2-game2_000.npy,sub001,04,2,2,000,901,907,900,908,7,46618,46914,46964,3,0.8625100770691017,0.7969472164661677,1.0391587982714379,0.5293390642663591,0.5095357050706473,0.16448619401207304,0.014260292053222656,0.0,0.0971837043762207,0.1484994888305664,0.0,0.35922908782958984,26,0,Short
sub001-ses04-block2-game2_000::b0053,test/sub001/ses-04/sub001-ses04-block2-game2_000.npy,sub001,04,2,2,000,917,928,916,929,12,47410,47955,48007,3,0.2848271790376048,0.27422685290452964,0.9555191643242822,0.9066205054681515,0.9093253791452179,0.5352729043031764,0.5581936836242676,3.7751548290252686,0.12609529495239258,0.1742568016052246,0.02755904197692871,0.150390625,26,0,Short
sub001-ses04-block2-game2_000::b0054,test/sub001/ses-04/sub001-ses04-block2-game2_000.npy,sub001,04,2,2,000,942,982,941,983,41,48667,50627,50675,3,0.32547343857985733,0.38696912881297724,0.9612403288622988,0.8874445921864471,0.8506023824865625,0.5532487285084342,4.2215576171875,4.2595133781433105,0.28318142890930176,0.36475706100463867,0.9221084117889404,0.0,26,1,Long
sub001-ses04-block2-game2_000::b0055,test/sub001/ses-04/sub001-ses04-block2-game2_000.npy,sub001,04,2,2,000,1028,1032,1027,1033,5,52915,53106,53157,1,0.505416622190344,0.5187843998977038,0.9364631378660422,0.791208728795248,0.7754902102406249,0.501784367030049,0.15062856674194336,4.009340286254883,4.161122798919678,0.3523879051208496,0.041388511657714844,0.8757796287536621,26,0,Short
sub001-ses04-block2-game2_000::b0056,test/sub001/ses-04/sub001-ses04-block2-game2_000.npy,sub001,04,2,2,000,1038,1041,1037,1042,4,53423,53584,53635,3,0.9441423227148131,1.0802241758362483,1.210240770633953,0.4213793760422093,0.3325583223120179,0.2554967918463772,0.6219308376312256,1.3170533180236816,1.7573986053466797,0.11781549453735352,0.8055944442749023,0.0,26,0,Short
sub001-ses04-block2-game2_000::b0057,test/sub001/ses-04/sub001-ses04-block2-game2_000.npy,sub001,04,2,2,000,1070,1082,1069,1083,13,55057,55659,55712,2,0.9108455108850125,0.6377186824712311,0.9263269012324487,0.5539827103046038,0.7338454670563103,0.549972888657093,0.08761811256408691,0.07204842567443848,0.0,0.20944523811340332,0.13228392601013184,0.0,26,0,Short
sub001-ses04-block2-game2_000::b0058,test/sub001/ses-04/sub001-ses04-block2-game2_000.npy,sub001,04,2,2,000,1093,1100,1092,1101,8,56204,56547,56594,2,0.46391041629687796,0.47185435968474654,0.9056496404210899,0.7993046985112714,0.7932589139020237,0.5353751286788271,0.05979013442993164,0.3307054042816162,3.530014753341675,0.6326823234558105,0.3358290195465088,0.0,26,0,Short
sub001-ses04-block2-game2_000::b0059,test/sub001/ses-04/sub001-ses04-block2-game2_000.npy,sub001,04,2,2,000,1219,1221,1218,1222,3,62611,62711,62760,1,0.7441682681319302,0.7227615230372139,1.0878265772177766,0.6007212245417396,0.5621939823138173,0.09486070109887285,0.07811975479125977,0.06749105453491211,4.947668552398682,0.8001956939697266,0.5808606147766113,0.14034461975097656,26,0,Short
sub001-ses04-block2-game2_000::b0060,test/sub001/ses-04/sub001-ses04-block2-game2_000.npy,sub001,04,2,2,000,1227,1230,1226,1231,4,63019,63165,63222,1,0.8114237413590609,0.7756820902484058,1.042549677961312,0.4916038407772193,0.5665151168821433,0.10100758052504544,0.20725679397583008,0.08538818359375,0.10775136947631836,0.3772902488708496,0.0,0.4917454719543457,26,0,Short
sub001-ses04-block2-game2_000::b0061,test/sub001/ses-04/sub001-ses04-block2-game2_000.npy,sub001,04,2,2,000,1235,1240,1234,1241,6,63431,63689,63742,3,0.895643865396491,0.7743942915874529,1.0700945208423995,0.5100210293978489,0.5426143564820225,0.06042217417677087,5.022428035736084,0.0,0.47501420974731445,0.16104793548583984,0.0,0.12731075286865234,26,0,Short
sub001-ses04-block2-game2_000::b0062,test/sub001/ses-04/sub001-ses04-block2-game2_000.npy,sub001,04,2,2,000,1251,1258,1250,1259,8,64251,64612,64665,2,1.1694060156305195,0.8215841872672891,1.0371949911028815,0.20142888301397582,0.6026410584625552,0.2711419464265407,0.0,0.06454730033874512,0.4658036231994629,0.0,0.0,0.47221803665161133,26,0,Short
sub001-ses04-block2-game2_000::b0063,test/sub001/ses-04/sub001-ses04-block2-game2_000.npy,sub001,04,2,2,000,1290,1290,1289,1291,1,66207,66207,66259,3,0.8155675147261714,0.7681227539183432,1.0604669377521356,0.5620066018181031,0.56848785152696,0.005610149829117228,0.0,4.537796497344971,0.0,0.0,0.03230142593383789,0.0,26,0,Short
sub001-ses04-block2-game2_000::b0064,test/sub001/ses-04/sub001-ses04-block2-game2_000.npy,sub001,04,2,2,000,1314,1320,1313,1321,7,67422,67709,67755,2,0.33916964875668115,0.48208164058539793,0.9307091026809975,0.8849308762151302,0.820658772584073,0.5796152700795723,0.3009171485900879,0.0,3.526557683944702,0.21090269088745117,0.0,0.17097258567810059,26,0,Short
sub001-ses04-block2-game2_000::b0065,test/sub001/ses-04/sub001-ses04-block2-game2_000.npy,sub001,04,2,2,000,1365,1367,1364,1368,3,69885,69990,70037,1,0.8292207960126546,0.7640310799291714,1.0890955097995976,0.556098416983595,0.5618643826259662,0.042341428590739194,0.3375070095062256,4.23453426361084,0.0,0.3611564636230469,0.24925541877746582,0.0,26,0,Short
sub001-ses04-block2-game2_000::b0066,test/sub001/ses-04/sub001-ses04-block2-game2_000.npy,sub001,04,2,2,000,1373,1375,1372,1376,3,70288,70384,70434,1,0.8632121176537915,0.8180742593180786,1.2026034771431207,0.5382290019456608,0.5441918672560371,0.2874955348887791,4.412137508392334,0.11062479019165039,3.171597957611084,0.6772439479827881,0.8232564926147461,0.0,26,0,Short
sub001-ses04-block2-game2_000::b0067,test/sub001/ses-04/sub001-ses04-block2-game2_000.npy,sub001,04,2,2,000,1381,1382,1380,1383,2,70673,70720,70769,1,0.8133490682413335,0.8211213645303461,1.1024783725304863,0.5445642568840251,0.5701229511594675,0.2891839385946784,0.18700289726257324,3.5620274543762207,0.238037109375,0.27413225173950195,0.5234835147857666,0.6828489303588867,26,0,Short
sub001-ses04-block2-game2_000::b0068,test/sub001/ses-04/sub001-ses04-block2-game2_000.npy,sub001,04,2,2,000,1387,1387,1386,1388,1,70969,70969,71017,3,0.8834881209697304,0.8014519462678736,1.1788382579984744,0.536783479289444,0.5361139380805664,0.14874425000427666,2.0080018043518066,3.4198951721191406,2.2899556159973145,0.0,0.0,0.0,26,0,Short
sub001-ses04-block2-game2_000::b0069,test/sub001/ses-04/sub001-ses04-block2-game2_000.npy,sub001,04,2,2,000,1418,1434,1417,1435,17,72459,73222,73271,3,0.2941950073009621,0.28926462694454513,1.040534048917796,0.9021359441615736,0.8971977890404693,0.48033853353340694,0.6424312591552734,0.0,0.0,1.0525429248809814,0.0,0.0,26,0,Short
sub001-ses04-block2-game2_000::b0070,test/sub001/ses-04/sub001-ses04-block2-game2_000.npy,sub001,04,2,2,000,1450,1457,1449,1458,8,74020,74374,74423,1,1.1746920333382955,1.0195082570861231,1.0046751104140272,0.41708765699133415,0.548219475723153,0.4557663862405416,3.333651542663574,0.0,0.16303086280822754,0.05420064926147461,0.0,0.26205921173095703,26,0,Short
sub001-ses04-block2-game2_000::b0071,test/sub001/ses-04/sub001-ses04-block2-game2_000.npy,sub001,04,2,2,000,1464,1464,1463,1465,1,74729,74729,74781,3,0.9173155853343767,0.9167490750340136,0.9519198372291499,0.4540352168690817,0.4877646692224887,0.5110610986233463,0.3448498249053955,0.35915708541870117,3.754943609237671,0.0,0.21559500694274902,0.07058048248291016,26,0,Short
sub001-ses04-block2-game2_000::b0072,test/sub001/ses-04/sub001-ses04-block2-game2_000.npy,sub001,04,2,2,000,1497,1500,1496,1501,4,76421,76565,76618,1,0.8925371309037253,0.8964718018992357,0.7282360496667674,0.4474896224729822,0.48022277791810253,0.685029233008594,0.015288829803466797,0.0,0.17841196060180664,0.012294530868530273,0.0,0.37822461128234863,26,0,Short
sub001-ses04-block2-game2_000::b0073,test/sub001/ses-04/sub001-ses04-block2-game2_000.npy,sub001,04,2,2,000,1507,1514,1506,1515,8,76920,77268,77318,2,0.8943934230663249,0.9882345975486108,0.7871836580408295,0.44590482907406503,0.4726013657136195,0.6352830302944352,3.557620048522949,0.0062944889068603516,3.9474220275878906,0.12647533416748047,0.3590264320373535,0.5179083347320557,26,0,Short
sub001-ses04-block2-game2_000::b0074,test/sub001/ses-04/sub001-ses04-block2-game2_000.npy,sub001,04,2,2,000,1527,1527,1526,1528,1,77912,77912,77962,1,1.034045818278146,0.9764909217099123,0.9534450492024401,0.3574475641997636,0.39109085658134624,0.3799755731312959,0.014983654022216797,0.0,0.020719051361083984,0.0218963623046875,0.0,0.0,26,0,Short
sub001-ses04-block2-game2_000::b0075,test/sub001/ses-04/sub001-ses04-block2-game2_000.npy,sub001,04,2,2,000,1533,1534,1532,1535,2,78215,78267,78313,3,0.7899817770092317,0.8510012875987549,1.1129219562319546,0.5489539057356039,0.49427132807826535,0.18486750791335632,0.3121609687805176,4.356606960296631,4.591506481170654,0.09152555465698242,0.3563385009765625,1.2325983047485352,26,0,Short
sub001-ses04-block2-game2_000::b0076,test/sub001/ses-04/sub001-ses04-block2-game2_000.npy,sub001,04,2,2,000,1575,1579,1574,1580,5,80372,80558,80606,1,0.4563706048859132,0.5306266062775412,0.9348258406120296,0.813470563929336,0.7860810636438212,0.461378824635578,0.03450417518615723,0.0,0.0,0.0,0.0,0.0,26,0,Short
sub001-ses04-block2-game2_000::b0077,test/sub001/ses-04/sub001-ses04-block2-game2_000.npy,sub001,04,2,2,000,1585,1611,1584,1612,27,80850,82132,82180,3,0.8698977671608616,0.9925045245996754,0.8842530957368888,0.47404221370957883,0.43950565822459353,0.4337708480558486,0.12390327453613281,0.0,0.0,0.522956371307373,0.0,0.0,26,1,Long
sub001-ses04-block2-game2_000::b0078,test/sub001/ses-04/sub001-ses04-block2-game2_000.npy,sub001,04,2,2,000,1629,1660,1628,1661,32,83007,84553,84606,2,0.8916974925688503,1.136009649646105,0.8566813640177645,0.5285953230552269,0.30673661118734363,0.5310507687402295,3.8478376865386963,0.0,3.4601759910583496,0.28055477142333984,0.0,0.0,26,1,Long
sub001-ses04-block2-game2_000::b0079,test/sub001/ses-04/sub001-ses04-block2-game2_000.npy,sub001,04,2,2,000,1678,1683,1677,1684,6,85459,85712,85759,2,0.672847712547895,0.6681056113418024,0.9377411178152251,0.7121857622506266,0.7134742801013938,0.5396480051205303,4.660228729248047,4.659165859222412,4.097245216369629,0.8898525238037109,0.8885664939880371,0.36045026779174805,26,0,Short
sub001-ses04-block2-game2_000::b0080,test/sub001/ses-04/sub001-ses04-block2-game2_000.npy,sub001,04,2,2,000,1735,1754,1734,1755,20,88302,89232,89285,3,0.8004627344130762,0.9913050210744446,0.8673419074393462,0.5039550608232376,0.42629336377203564,0.5870952802294326,0.21485471725463867,0.0,0.11321139335632324,0.1855149269104004,0.0,0.012826919555664062,26,0,Short
sub001-ses04-block2-game2_000::b0081,test/sub001/ses-04/sub001-ses04-block2-game2_000.npy,sub001,04,2,2,000,1767,1780,1766,1781,14,89888,90531,90581,3,0.35266023136992386,0.5349261182190814,0.8689256820287987,0.8738056572095345,0.762080394582154,0.5261530810764429,0.1979374885559082,0.05162167549133301,0.15990114212036133,0.29282546043395996,0.0,0.8749790191650391,26,0,Short
sub001-ses04-block2-game2_000::b0082,test/sub001/ses-04/sub001-ses04-block2-game2_000.npy,sub001,04,2,2,000,1787,1805,1786,1806,19,90888,91783,91834,1,1.209497040182728,0.8000764244241048,0.7668378580361231,0.27990287607572406,0.6161875864026096,0.6050871914922236,3.8723831176757812,0.0,0.0,0.0,0.0,0.0,26,0,Short
sub001-ses04-block2-game2_000::b0083,test/sub001/ses-04/sub001-ses04-block2-game2_000.npy,sub001,04,2,2,000,1810,1812,1809,1813,3,92034,92137,92183,1,0.8738795600527793,0.8285267626449158,1.0151842892992922,0.5045509425360453,0.49763186382541835,0.3788224182712388,0.0,0.0,0.3259000778198242,0.0,0.0,0.9101519584655762,26,0,Short
sub001-ses04-block2-game2_000::b0084,test/sub001/ses-04/sub001-ses04-block2-game2_000.npy,sub001,04,2,2,000,1819,1820,1818,1821,2,92488,92533,92582,1,0.8006819848399676,0.9557048791464664,0.9664847739024934,0.48950649182565703,0.4517546276363653,0.39171254257114146,4.57390832901001,0.0,0.2660079002380371,0.45527076721191406,0.0,0.45804786682128906,26,0,Short
sub001-ses04-block2-game2_000::b0085,test/sub001/ses-04/sub001-ses04-block2-game2_000.npy,sub001,04,2,2,000,1827,1828,1826,1829,2,92901,92951,93006,1,0.8101719408255386,0.8775982704549379,1.2672220114890944,0.4754261601872454,0.5130004079238286,0.13542760417729827,0.26677751541137695,0.0,0.2829432487487793,0.5905616283416748,0.0,0.6864333152770996,26,0,Short
sub001-ses04-block2-game2_000::b0086,test/sub001/ses-04/sub001-ses04-block2-game2_000.npy,sub001,04,2,2,000,1834,1836,1833,1837,3,93262,93361,93412,1,0.8316710294811572,0.867436933286151,0.925648115607017,0.5328537270109299,0.4520012773561577,0.4522157730495989,0.0,4.182549953460693,0.10148334503173828,0.0,0.40912342071533203,0.5731511116027832,26,0,Short
sub001-ses04-block2-game2_000::b0087,test/sub001/ses-04/sub001-ses04-block2-game2_000.npy,sub001,04,2,2,000,1841,1844,1840,1845,4,93617,93760,93808,1,0.7854396475089784,0.8936664748269707,0.855177246114161,0.5487595320044862,0.48934981594791355,0.5336844927005292,0.0389866828918457,4.521964073181152,0.16028642654418945,0.29657697677612305,0.6375582218170166,0.44570207595825195,26,0,Short
sub001-ses04-block2-game2_000::b0088,test/sub001/ses-04/sub001-ses04-block2-game2_000.npy,sub001,04,2,2,000,1857,1859,1856,1860,3,94418,94511,94561,1,0.9256074469817133,0.8960242886976268,0.9666014249040319,0.49891902785975883,0.4622318750124059,0.5050448251150605,4.1932148933410645,3.0112087726593018,0.0,1.1458525657653809,0.0,0.0,26,0,Short
sub001-ses04-block2-game2_000::b0089,test/sub001/ses-04/sub001-ses04-block2-game2_000.npy,sub001,04,2,2,000,1863,1876,1862,1877,14,94710,95341,95388,3,0.8202948704114063,0.883440548779841,0.8402226400809387,0.536650729872477,0.49516257269299546,0.6080911295610376,3.66679310798645,0.011394739151000977,3.0325844287872314,0.6779804229736328,0.0,0.0,26,0,Short
sub001-ses04-block2-game2_000::b0090,test/sub001/ses-04/sub001-ses04-block2-game2_000.npy,sub001,04,2,2,000,1893,1897,1892,1898,5,96188,96391,96442,2,0.6394435428203911,0.649616290259275,1.059916385729797,0.7142093208741445,0.7235582400842837,0.4927066381835158,0.0,2.6612131595611572,0.10801506042480469,0.0,0.0,0.06838750839233398,26,0,Short
sub001-ses04-block2-game2_000::b0091,test/sub001/ses-04/sub001-ses04-block2-game2_000.npy,sub001,04,2,2,000,1915,1920,1914,1921,6,97288,97531,97580,2,0.6243162332702276,0.606491532024315,0.9069900944183739,0.7439610873459149,0.7511381198768994,0.5518674947118978,0.8547859191894531,0.38955020904541016,0.0,0.4001471996307373,0.8055436611175537,0.0,26,0,Short
sub001-ses04-block2-game2_000::b0092,test/sub001/ses-04/sub001-ses04-block2-game2_000.npy,sub001,04,2,2,000,1943,1944,1942,1945,2,98679,98725,98777,2,0.896822537024841,0.9487279074467098,1.057126028443587,0.5041350725181389,0.46955054351159853,0.4192671147635768,0.1927790641784668,3.8818106651306152,0.08858156204223633,1.5057423114776611,0.880530834197998,0.0032227039337158203,26,0,Short
sub001-ses04-block2-game2_000::b0093,test/sub001/ses-04/sub001-ses04-block2-game2_000.npy,sub001,04,2,2,000,1956,1958,1955,1959,3,99314,99422,99474,1,0.7684589854142931,0.5702893804037003,1.0370034915761885,0.594896455612097,0.7331176571664494,0.39224325118921555,0.0,0.0,3.0613114833831787,0.0,0.0,0.004482746124267578,26,0,Short
sub001-ses04-block2-game2_000::b0094,test/sub001/ses-04/sub001-ses04-block2-game2_000.npy,sub001,04,2,2,000,1985,2012,1984,2013,28,100771,102079,102123,1,0.6905819022437225,0.7147453562556463,1.078082172189642,0.6913275723126528,0.6692354535966568,0.38659602137206406,0.0013973712921142578,0.04852461814880371,2.7510924339294434,0.18391847610473633,0.6626863479614258,0.2219676971435547,26,1,Long
sub001-ses04-block2-game2_000::b0095,test/sub001/ses-04/sub001-ses04-block2-game2_000.npy,sub001,04,2,2,000,2019,2022,2018,2023,4,102411,102554,102602,3,0.9396581892668725,0.9204111018720094,1.1822370189560258,0.5125881792783322,0.5060339799824612,0.2679516598782206,3.0832152366638184,2.8825981616973877,0.0,0.2618429660797119,0.4904909133911133,0.0,26,0,Short
sub001-ses04-block2-game2_000::b0096,test/sub001/ses-04/sub001-ses04-block2-game2_000.npy,sub001,04,2,2,000,2062,2084,2061,2085,23,104568,105650,105700,2,0.6926280514465597,0.4597921127725145,0.8910391896788642,0.7045356402508042,0.8233979085580794,0.5431043047115451,0.23304390907287598,0.0,0.16123366355895996,0.0,0.0,0.4323997497558594,26,0,Short
sub001-ses04-block2-game2_000::b0097,test/sub001/ses-04/sub001-ses04-block2-game2_000.npy,sub001,04,2,2,000,2094,2108,2093,2109,15,106134,106811,106858,1,0.6884145405687098,0.728702304459869,1.1230837134705711,0.676216606850689,0.6176404304661254,0.3785031254834443,3.0490448474884033,0.0,0.033754825592041016,0.21113204956054688,0.0,0.09264802932739258,26,0,Short
sub001-ses04-block2-game2_000::b0098,test/sub001/ses-04/sub001-ses04-block2-game2_000.npy,sub001,04,2,2,000,2116,2120,2115,2121,5,107205,107399,107446,3,0.8960858301899317,0.9466594814560403,1.0663012038091306,0.47531208546239534,0.45467730598478395,0.41215116929198753,0.22734475135803223,0.0,3.324084520339966,0.5147960186004639,0.0,0.6814181804656982,26,0,Short
sub001-ses04-block2-game2_000::b0099,test/sub001/ses-04/sub001-ses04-block2-game2_000.npy,sub001,04,2,2,000,2127,2135,2126,2136,9,107745,108149,108198,2,0.8186932641087341,0.8860608488140937,0.8708081269314201,0.6207358326972099,0.5550779246300821,0.5030390769504193,0.24587464332580566,3.489457607269287,3.3948569297790527,0.4389016628265381,0.5153179168701172,0.3720276355743408,26,0,Short
sub001-ses04-block2-game2_000::b0100,test/sub001/ses-04/sub001-ses04-block2-game2_000.npy,sub001,04,2,2,000,2141,2147,2140,2148,7,108445,108740,108788,1,0.7761690333582456,0.9492810426568952,1.0803693322894925,0.6556968613218304,0.45896348182582913,0.2662694681009903,3.607454776763916,0.08765006065368652,3.7691845893859863,1.0197134017944336,0.49533796310424805,0.2696869373321533,26,0,Short
sub001-ses04-block2-game2_000::b0101,test/sub001/ses-04/sub001-ses04-block2-game2_000.npy,sub001,04,2,2,000,2153,2156,2152,2157,4,109047,109197,109244,1,0.8998650189790651,0.8452622580312898,0.9247019084125726,0.4418133284300797,0.52118330446812,0.5466044550017716,0.4797394275665283,0.0,0.13050413131713867,0.0,0.0,0.0,26,0,Short
sub001-ses04-block2-game2_000::b0102,test/sub001/ses-04/sub001-ses04-block2-game2_000.npy,sub001,04,2,2,000,2161,2176,2160,2177,16,109447,110186,110235,3,0.9584419378611205,0.9103111963087989,0.8192725822319716,0.47654430155261784,0.4880256377045109,0.6411764050265323,0.08494710922241211,0.3081822395324707,0.17365169525146484,0.3052177429199219,1.0426478385925293,0.0,26,0,Short
sub001-ses04-block2-game2_000::b0103,test/sub001/ses-04/sub001-ses04-block2-game2_000.npy,sub001,04,2,2,000,2182,2195,2181,2196,14,110494,111147,111195,2,0.7248511307656333,0.920310658570394,1.0262050334624326,0.6468742395505088,0.4598494418234218,0.5407201019163457,0.15197134017944336,3.379521131515503,2.702094078063965,0.43216776847839355,0.732175350189209,0.07525181770324707,26,0,Short
sub001-ses04-block2-game2_000::b0104,test/sub001/ses-04/sub001-ses04-block2-game2_000.npy,sub001,04,2,2,000,2215,2220,2214,2221,6,112138,112373,112423,3,1.0447583736795878,1.0879255873600728,0.8889722270881977,0.39065486259592946,0.16860883073996408,0.5901205245971826,0.0,0.0,0.2862548828125,0.0,0.0,0.6588976383209229,26,0,Short
sub001-ses04-block2-game2_000::b0105,test/sub001/ses-04/sub001-ses04-block2-game2_000.npy,sub001,04,2,2,000,2231,2239,2230,2240,9,112925,113326,113380,2,0.45828238513340475,0.5554960569016882,0.8385529509688292,0.8208888081654164,0.7675937244036437,0.6466268234488503,0.14686131477355957,0.0,0.0,0.14034295082092285,0.0,0.0,26,0,Short
sub001-ses04-block2-game2_000::b0106,test/sub001/ses-04/sub001-ses04-block2-game2_000.npy,sub001,04,2,2,000,2342,2344,2341,2345,3,118369,118467,118516,1,0.9855185037060682,1.1596079693286088,1.2908656064438246,0.3700663404710854,0.0010311030820829847,0.1368746279758981,0.0,0.0,2.965083122253418,0.0,0.0,0.2893199920654297,26,0,Short
sub001-ses04-block2-game2_000::b0107,test/sub001/ses-04/sub001-ses04-block2-game2_000.npy,sub001,04,2,2,000,2351,2352,2350,2353,2,118823,118871,118922,1,1.0288841207287658,0.9042842450601973,1.1642193927861908,0.4428335004534424,0.5250600369247393,0.10478132935752321,2.481199264526367,0.19097304344177246,2.5052719116210938,0.10309910774230957,0.0,0.0,26,0,Short
sub001-ses04-block2-game2_000::b0108,test/sub001/ses-04/sub001-ses04-block2-game2_000.npy,sub001,04,2,2,000,2357,2358,2356,2359,2,119119,119165,119215,1,1.0046685924244199,1.0236541962318069,1.1477512285191558,0.45620190948602035,0.475009769544386,0.11980242053629991,0.0,2.9371039867401123,2.589212656021118,0.0,0.26164793968200684,0.0,26,0,Short
sub001-ses04-block2-game2_000::b0109,test/sub001/ses-04/sub001-ses04-block2-game2_000.npy,sub001,04,2,2,000,2363,2366,2362,2367,4,119407,119552,119599,1,0.9764814544697134,0.9911139066536947,1.1932624067905104,0.4643271387594027,0.4769562030730553,0.22630291662969493,0.0,0.0,2.4995064735412598,0.0,0.0,0.33240556716918945,26,0,Short
sub001-ses04-block2-game2_000::b0110,test/sub001/ses-04/sub001-ses04-block2-game2_000.npy,sub001,04,2,2,000,2371,2372,2370,2373,2,119793,119842,119888,3,0.9203506673312633,0.9090910634272186,1.0521041159725224,0.5217856219631547,0.47520108979109227,0.164024169583747,0.0,0.0,2.9264492988586426,0.0,0.0,0.053099870681762695,26,0,Short
sub001-ses04-block2-game2_000::b0111,test/sub001/ses-04/sub001-ses04-block2-game2_000.npy,sub001,04,2,2,000,2379,2392,2378,2393,14,120189,120822,120867,1,0.9795851108276374,0.9664559446498113,1.0555169304510594,0.38112127485036096,0.4535692367091408,0.2720324559547341,0.0,0.0,3.1821277141571045,0.0,0.0,0.31235480308532715,26,0,Short
sub001-ses04-block2-game2_000::b0112,test/sub001/ses-04/sub001-ses04-block2-game2_000.npy,sub001,04,2,2,000,2397,2419,2396,2420,23,121069,122150,122197,1,0.8652782712322136,0.9016510141394908,1.0680301098755125,0.4806373914710198,0.4986539887767456,0.2925050008799578,0.012162446975708008,3.2980549335479736,3.4175007343292236,0.760124921798706,0.40537476539611816,0.21329188346862793,26,0,Short
sub001-ses04-block2-game2_000::b0113,test/sub001/ses-04/sub001-ses04-block2-game2_000.npy,sub001,04,2,2,000,2429,2432,2428,2433,4,122634,122777,122820,1,0.9003743217188029,0.9399564513475389,0.9546618119608778,0.5102251272412329,0.4754827094131329,0.4065822378781033,3.621523380279541,3.537468671798706,0.0,0.29651856422424316,0.7930564880371094,0.0,26,0,Short
sub001-ses04-block2-game2_000::b0114,test/sub001/ses-04/sub001-ses04-block2-game2_000.npy,sub001,04,2,2,000,2437,2441,2436,2442,5,123016,123204,123255,1,0.879619443847771,0.8420465804473805,1.0914247007755948,0.4729034273347271,0.5048476622211977,0.23434187905564674,0.03339338302612305,0.09782266616821289,0.0517115592956543,0.5090320110321045,0.9251222610473633,0.6654667854309082,26,0,Short
sub001-ses04-block2-game2_000::b0115,test/sub001/ses-04/sub001-ses04-block2-game2_000.npy,sub001,04,2,2,000,2447,2448,2446,2449,2,123500,123550,123597,1,0.8720452370422185,0.8391026115694029,1.026337994114187,0.5030246070257504,0.5480676942960517,0.3210720059783448,0.03539752960205078,3.018326997756958,0.0,0.8396344184875488,1.3731305599212646,0.0,26,0,Short
sub001-ses04-block2-game2_000::b0116,test/sub001/ses-04/sub001-ses04-block2-game2_000.npy,sub001,04,2,2,000,2454,2456,2453,2457,3,123866,123967,124015,1,1.093875476755808,1.0632471071097196,0.9189343474649174,0.24916686299118124,0.32417483630540933,0.49473685169583137,0.10670685768127441,2.602205991744995,0.13294506072998047,0.0,0.0,0.0,26,0,Short
sub001-ses04-block2-game2_000::b0117,test/sub001/ses-04/sub001-ses04-block2-game2_000.npy,sub001,04,2,2,000,2462,2463,2461,2464,2,124257,124311,124360,1,1.0230370004292246,0.983932520993291,0.9206319684111728,0.4742324788788429,0.4322501290077999,0.4210573205434657,2.352614402770996,0.0,0.0,0.0,0.0,0.0,26,0,Short
sub001-ses04-block2-game2_000::b0118,test/sub001/ses-04/sub001-ses04-block2-game2_000.npy,sub001,04,2,2,000,2469,2470,2468,2471,2,124603,124650,124701,1,1.0691442078740652,1.0849665903335324,1.221175223546712,0.4426720515112422,0.4480046398800725,0.2069130676773966,2.540890693664551,0.0,0.23373699188232422,0.8219915628433228,0.0,0.3716456890106201,26,0,Short
sub001-ses04-block2-game2_000::b0119,test/sub001/ses-04/sub001-ses04-block2-game2_000.npy,sub001,04,2,2,000,2475,2489,2474,2490,15,124897,125589,125636,3,1.0321134794075895,1.184647326814728,0.9541185653028276,0.49146165458224056,0.4337104134471866,0.5141004504341169,0.0373682975769043,0.1205754280090332,0.0,0.0,0.0,0.0,26,0,Short
sub001-ses04-block2-game2_000::b0120,test/sub001/ses-04/sub001-ses04-block2-game2_000.npy,sub001,04,2,2,000,2524,2534,2523,2535,11,127345,127838,127890,2,0.5418766041701929,0.6331715866886322,0.9062067217193361,0.7863119861607973,0.7050420296946731,0.5309401816384891,2.7513575553894043,2.673233985900879,0.14574408531188965,0.3115427494049072,0.0,0.0,26,0,Short
sub001-ses04-block2-game2_000::b0121,test/sub001/ses-04/sub001-ses04-block2-game2_000.npy,sub001,04,2,2,000,2553,2612,2552,2613,60,128780,131743,131792,2,0.8322697728243601,0.6702334019146063,0.9755512145574875,0.5728180997440946,0.709912560781591,0.5606417383839977,0.14023137092590332,0.0,0.0,0.0,0.0,0.0,26,1,Long
sub001-ses04-block2-game2_000::b0122,test/sub001/ses-04/sub001-ses04-block2-game2_000.npy,sub001,04,2,2,000,2631,2635,2630,2636,5,132662,132862,132909,1,1.1998642329498008,1.3998491757158347,1.2817571991114614,0.387040551701918,0.045376058445834366,0.2799686812746416,1.2048089504241943,0.0,0.0,0.30898547172546387,0.0,0.0,26,0,Short
sub001-ses04-block2-game2_000::b0123,test/sub001/ses-04/sub001-ses04-block2-game2_000.npy,sub001,04,2,2,000,2682,2698,2681,2699,17,135240,136029,136078,2,0.8183491907420594,0.5164161225493152,1.1367160990969243,0.6271910697463884,0.7905271154791929,0.36666879232076827,0.2949686050415039,0.056456565856933594,0.0,0.32651257514953613,0.3176252841949463,0.0,26,0,Short
sub001-ses04-block2-game2_000::b0124,test/sub001/ses-04/sub001-ses04-block2-game2_000.npy,sub001,04,2,2,000,2708,2728,2707,2729,21,136532,137516,137566,3,0.870797532044361,1.0163883852185298,1.0826013281495845,0.5593955684689467,0.30197926411039566,0.33859965060872543,0.2723102569580078,2.854607582092285,2.7997753620147705,0.32523441314697266,0.38820338249206543,0.0,26,0,Short
sub001-ses04-block2-game2_000::b0125,test/sub001/ses-04/sub001-ses04-block2-game2_000.npy,sub001,04,2,2,000,2756,2758,2755,2759,3,138901,139003,139053,2,0.9039993016653397,0.8359937707040155,1.089413601124613,0.5307250452109314,0.608400589520997,0.4016366110528739,2.918825626373291,0.0,0.0,0.06989550590515137,0.0,0.0,26,0,Short
sub001-ses04-block2-game2_000::b0126,test/sub001/ses-04/sub001-ses04-block2-game2_000.npy,sub001,04,2,2,000,2833,2836,2832,2837,4,142691,142841,142891,1,0.9374820596112643,0.8884218540348062,0.943682934698607,0.4986709036405451,0.5108922633935122,0.3083816729917929,0.3373579978942871,0.11928963661193848,0.0,0.34444165229797363,0.3175375461578369,0.0,26,0,Short
sub001-ses04-block2-game2_000::b0127,test/sub001/ses-04/sub001-ses04-block2-game2_000.npy,sub001,04,2,2,000,2841,2845,2840,2846,5,143092,143286,143336,1,0.9619111629089159,0.9225993294989642,1.0862490153445896,0.49032947216575024,0.4969809244839663,0.3067292954005737,0.14262938499450684,0.0,3.409709930419922,0.5173962116241455,0.0,0.3573343753814697,26,0,Short
sub001-ses04-block2-game2_000::b0128,test/sub001/ses-04/sub001-ses04-block2-game2_000.npy,sub001,04,2,2,000,2849,2850,2848,2851,2,143490,143536,143584,1,0.9395927498795416,0.9531181137028485,1.1277706088006305,0.5115076355510871,0.4836427142269888,0.14722211121664813,0.00702214241027832,3.3181912899017334,2.633260726928711,0.8327987194061279,0.41231703758239746,0.0,26,0,Short
sub001-ses04-block2-game2_000::b0129,test/sub001/ses-04/sub001-ses04-block2-game2_000.npy,sub001,04,2,2,000,2857,2859,2856,2860,3,143870,143964,144013,1,0.9468144112481461,0.8931301187422103,0.8824677544110131,0.4643804126275051,0.47152507756726403,0.4260886447743077,0.018299102783203125,0.5287148952484131,0.0,0.7092666625976562,0.9284374713897705,0.0,26,0,Short
sub001-ses04-block2-game2_000::b0130,test/sub001/ses-04/sub001-ses04-block2-game2_000.npy,sub001,04,2,2,000,2865,2866,2864,2867,2,144256,144303,144350,1,0.8573140636937333,0.879098539562766,0.9536594246321989,0.4957643504739989,0.5181347551465686,0.3564931947927293,0.32442259788513184,0.27726054191589355,0.0,1.038111925125122,0.5723083019256592,0.0,26,0,Short
sub001-ses04-block2-game2_000::b0131,test/sub001/ses-04/sub001-ses04-block2-game2_000.npy,sub001,04,2,2,000,2872,2873,2871,2874,2,144603,144654,144706,1,0.9065507058567603,0.9032046113855825,1.0347462485423093,0.48847385304772184,0.49385173078220446,0.31878771310570536,0.11772632598876953,3.2713494300842285,0.024213075637817383,0.5859179496765137,0.7872171401977539,1.0366568565368652,26,0,Short
sub001-ses04-block2-game2_000::b0132,test/sub001/ses-04/sub001-ses04-block2-game2_000.npy,sub001,04,2,2,000,2879,2880,2878,2881,2,144959,145008,145053,1,0.9202233416905587,0.9067481872917997,1.0168325923785015,0.4773094245381979,0.485727815564676,0.3419457136620644,0.11395502090454102,0.6240172386169434,0.061995744705200195,0.8651754856109619,0.7412111759185791,0.24343562126159668,26,0,Short
sub001-ses04-block2-game2_000::b0133,test/sub001/ses-04/sub001-ses04-block2-game2_000.npy,sub001,04,2,2,000,2885,2888,2884,2889,4,145245,145391,145440,1,0.939591523659749,0.8847933418611186,0.8673003640611614,0.48898451165233336,0.5399081411725064,0.4899510472832974,0.32660746574401855,0.25876736640930176,0.0,0.9254271984100342,0.4133157730102539,0.0,26,0,Short
sub001-ses04-block2-game2_000::b0134,test/sub001/ses-04/sub001-ses04-block2-game2_000.npy,sub001,04,2,2,000,2893,2896,2892,2897,4,145643,145784,145833,1,0.9502322557314596,0.9030160807685792,0.8515936952931747,0.48287975045415193,0.4959684625517431,0.47677654784551815,0.1178290843963623,0.0,0.0,0.6506319046020508,0.0,0.0,26,0,Short
sub001-ses04-block2-game2_000::b0135,test/sub001/ses-04/sub001-ses04-block2-game2_000.npy,sub001,04,2,2,000,2900,2900,2899,2901,1,145979,145979,146030,1,0.9197973208018315,0.9039518366555321,0.8617340186582174,0.48820878603258244,0.5192927229375937,0.5193185837693174,0.19063854217529297,3.033233880996704,0.0,0.31861448287963867,0.04531431198120117,0.0,26,0,Short
sub001-ses04-block2-game2_000::b0136,test/sub001/ses-04/sub001-ses04-block2-game2_000.npy,sub001,04,2,2,000,2907,2914,2906,2915,8,146337,146666,146715,1,0.8601395807330886,0.8776521760056352,0.9503666810395717,0.5408371723908899,0.5349024201611393,0.38940815304503457,0.07306122779846191,3.1790194511413574,3.0624420642852783,0.45789003372192383,0.40181612968444824,0.11591863632202148,26,0,Short
sub001-ses04-block2-game2_000::b0137,test/sub001/ses-04/sub001-ses04-block2-game2_000.npy,sub001,04,2,2,000,2921,2924,2920,2925,4,147011,147155,147198,1,0.9573401337485389,0.913891975388356,1.156229977648254,0.4589655946712996,0.48182861615712635,0.19169844668438135,3.002056121826172,0.3895244598388672,0.0,0.0,0.5222845077514648,0.0,26,0,Short
sub001-ses04-block2-game2_000::b0138,test/sub001/ses-04/sub001-ses04-block2-game2_000.npy,sub001,04,2,2,000,2929,2930,2928,2931,2,147395,147441,147486,1,0.9854848267335996,0.9032111508966045,1.1524420113506073,0.4638115435855819,0.5367438844915432,0.2001862330977338,2.692534923553467,2.7335989475250244,0.0,0.0,0.0,0.0,26,0,Short
sub001-ses04-block2-game2_000::b0139,test/sub001/ses-04/sub001-ses04-block2-game2_000.npy,sub001,04,2,2,000,2937,2948,2936,2949,12,147780,148320,148369,3,0.9079698776989346,0.895715463724729,1.073165155981483,0.4486708797540693,0.5277906720584593,0.3611811627085691,0.0,3.681025266647339,0.0,0.0,1.570317268371582,0.0,26,0,Short
sub001-ses04-block2-game2_000::b0140,test/sub001/ses-04/sub001-ses04-block2-game2_000.npy,sub001,04,2,2,000,3005,3009,3004,3010,5,151137,151333,151384,1,0.9089142251022996,0.8923201913945757,0.9235562149560635,0.5170887801971584,0.5425574491064744,0.49008879323298254,0.35871458053588867,3.870133876800537,0.3075449466705322,0.10893821716308594,0.828369140625,0.0,26,0,Short
sub001-ses04-block2-game2_000::b0141,test/sub001/ses-04/sub001-ses04-block2-game2_000.npy,sub001,04,2,2,000,3013,3015,3012,3016,3,151533,151636,151687,2,0.8828058075992596,0.9574664999233802,0.9454149742113503,0.5380913432636125,0.458997196844869,0.4570053037016022,0.0,0.035559654235839844,0.03475761413574219,0.0,0.0,0.12593603134155273,26,0,Short
sub001-ses04-block2-game2_000::b0142,test/sub001/ses-04/sub001-ses04-block2-game2_000.npy,sub001,04,2,2,000,3026,3036,3025,3037,11,152163,152647,152700,1,1.0080026743021058,1.146363960455031,1.0130052430125676,0.43460883546701823,0.21723306184817975,0.312892295339913,0.0,0.0,2.62834095954895,0.0,0.0,0.0,26,0,Short
sub001-ses04-block2-game2_000::b0143,test/sub001/ses-04/sub001-ses04-block2-game2_000.npy,sub001,04,2,2,000,3044,3047,3043,3048,4,153037,153186,153233,1,0.9083060301943563,0.9262937714025801,1.0756679398944784,0.5491753661235916,0.5099434871200117,0.27744136940580394,3.264744281768799,0.0,3.1334173679351807,0.0,0.0,1.1169836521148682,26,0,Short
sub001-ses04-block2-game2_000::b0144,test/sub001/ses-04/sub001-ses04-block2-game2_000.npy,sub001,04,2,2,000,3065,3067,3064,3068,3,154034,154125,154174,1,1.330037489649022,1.2005849401138575,1.3809455909490234,0.022630241730181078,0.3077425980933908,0.0016629958027580827,0.0,2.0734171867370605,1.87137770652771,0.0,0.0,0.0,26,0,Short
sub001-ses04-block2-game2_000::b0145,test/sub001/ses-04/sub001-ses04-block2-game2_000.npy,sub001,04,2,2,000,3073,3076,3072,3077,4,154419,154557,154605,3,0.9883551752291231,0.9801433310537243,1.2433048851718096,0.5296755423638504,0.5130554392935677,0.331204846499904,0.0,2.077770948410034,0.0,0.0,0.0,0.0,26,0,Short
sub001-ses04-block2-game2_000::b0146,test/sub001/ses-04/sub001-ses04-block2-game2_000.npy,sub001,04,2,2,000,3099,3101,3098,3102,3,155649,155742,155793,1,0.9681687820199252,0.8984640425127485,1.1452524076826003,0.46680824560092127,0.5137114091391335,0.1577382114089666,0.17577075958251953,3.4174914360046387,0.1592714786529541,0.036611318588256836,0.45386552810668945,0.5813360214233398,26,0,Short
sub001-ses04-block2-game2_000::b0147,test/sub001/ses-04/sub001-ses04-block2-game2_000.npy,sub001,04,2,2,000,3108,3108,3107,3109,1,156086,156086,156136,1,0.9953900895231441,1.0331930775130223,1.3356972123718254,0.4571743983793417,0.4144530294497668,0.14857417570512627,0.0,3.0339245796203613,0.0,0.0,0.5800447463989258,0.0,26,0,Short
sub001-ses04-block2-game2_000::b0148,test/sub001/ses-04/sub001-ses04-block2-game2_000.npy,sub001,04,2,2,000,3114,3116,3113,3117,3,156377,156476,156522,1,1.0685772786038044,1.0181280002002078,1.170860761504878,0.40104597989520707,0.4902356389358573,0.06181115941952964,2.707674026489258,2.616725444793701,2.611295461654663,0.36328649520874023,0.2643249034881592,0.0506739616394043,26,0,Short
sub001-ses04-block2-game2_000::b0149,test/sub001/ses-04/sub001-ses04-block2-game2_000.npy,sub001,04,2,2,000,3121,3123,3120,3124,3,156715,156802,156848,1,0.9844609458127038,1.032930680218081,1.2770694398463458,0.46014621853481985,0.4070799180763365,0.18321854400452559,0.01872539520263672,1.978890061378479,0.1979515552520752,0.6718442440032959,0.0,0.21734142303466797,26,0,Short
sub001-ses04-block2-game2_000::b0150,test/sub001/ses-04/sub001-ses04-block2-game2_000.npy,sub001,04,2,2,000,3135,3136,3134,3137,2,157377,157429,157475,1,1.0530617219217167,1.1192953867684392,1.2683864003266774,0.4948953891833089,0.3559926144573491,0.07064000999368569,3.0649333000183105,2.936002492904663,2.8917112350463867,0.7066304683685303,0.6692302227020264,0.4159562587738037,26,0,Short
sub001-ses04-block2-game2_000::b0151,test/sub001/ses-04/sub001-ses04-block2-game2_000.npy,sub001,04,2,2,000,3177,3177,3176,3178,1,159390,159390,159438,1,0.6926790502967121,0.9710247570528544,1.148659506884267,0.6637046686179768,0.30472845130593457,0.18687608600580052,3.1203136444091797,3.3310399055480957,3.2230677604675293,0.6296815872192383,0.509345531463623,0.01607966423034668,26,0,Short
sub001-ses04-block2-game2_000::b0152,test/sub001/ses-04/sub001-ses04-block2-game2_000.npy,sub001,04,2,2,000,3183,3185,3182,3186,3,159678,159770,159817,1,0.9662571876813845,0.8871931797487123,1.2108557413881504,0.46307051249352005,0.5254228935323366,0.21129706169676754,0.06936192512512207,3.4818544387817383,0.0,0.5140442848205566,0.6915338039398193,0.0,26,0,Short
sub001-ses04-block2-game2_000::b0153,test/sub001/ses-04/sub001-ses04-block2-game2_000.npy,sub001,04,2,2,000,3190,3193,3189,3194,4,160008,160151,160195,1,0.9519772919933592,1.1087498334533985,1.264954637190068,0.5057275336604529,0.4135924828599373,0.20006949317018718,0.3015320301055908,3.2348034381866455,0.0,0.9607548713684082,0.306107759475708,0.0,26,0,Short
sub001-ses04-block2-game2_000::b0154,test/sub001/ses-04/sub001-ses04-block2-game2_000.npy,sub001,04,2,2,000,3198,3198,3197,3199,1,160399,160399,160445,3,1.1165436476818769,1.1984740128298719,1.2245871660005259,0.30385107682232737,0.295880736611992,0.20435642466140713,0.045799970626831055,2.5287716388702393,0.07706475257873535,0.13602185249328613,0.20850729942321777,0.3632519245147705,26,0,Short
sub001-ses04-block2-game2_000::b0155,test/sub001/ses-04/sub001-ses04-block2-game2_000.npy,sub001,04,2,2,000,3251,3264,3250,3265,14,163015,163669,163719,2,1.0266258901587813,0.7742242001936717,1.175079935082932,0.3825931856692313,0.6252183672589067,0.4445040655332896,0.0,1.6280349493026733,0.07626283168792725,0.0,0.0,0.0,26,0,Short
sub001-ses04-block2-game2_000::b0156,test/sub001/ses-04/sub001-ses04-block2-game2_000.npy,sub001,04,2,2,000,3281,3286,3280,3287,6,164533,164783,164833,3,1.0697828620323115,0.878477990917879,0.8600968273304062,0.4027628848867205,0.5701176954138986,0.6770676711588577,0.07280170917510986,0.03042924404144287,1.8232898712158203,0.18351328372955322,0.19729971885681152,0.16788029670715332,26,0,Short
sub001-ses04-block2-game2_000::b0157,test/sub001/ses-04/sub001-ses04-block2-game2_000.npy,sub001,04,2,2,000,3326,3338,3325,3339,13,166821,167424,167475,2,1.1371502201456691,1.053298154215398,1.2687281891879798,0.4165681850005979,0.39432978992538825,0.2727018250328662,0.0036346912384033203,2.021331548690796,0.13096117973327637,0.0,0.0,0.0,26,0,Short
sub001-ses04-block2-game2_000::b0158,test/sub001/ses-04/sub001-ses04-block2-game2_000.npy,sub001,04,2,2,000,3354,3364,3353,3365,11,168210,168718,168771,3,1.0820451071823052,0.9499463675543909,1.3095546764771773,0.4626263865963328,0.5483268090908974,0.30998250066423993,1.9742590188980103,0.015594482421875,1.9720405340194702,0.0,0.47549474239349365,0.0,26,0,Short
sub001-ses04-block2-game2_000::b0159,test/sub001/ses-04/sub001-ses04-block2-game2_000.npy,sub001,04,2,2,000,3373,3384,3372,3385,12,169179,169725,169777,2,0.5269115145352022,0.5294382711557899,1.2494201592483563,0.7670280898292617,0.7947504178512577,0.2754410377548197,0.12422776222229004,0.10608768463134766,0.03934979438781738,0.866065502166748,0.6121845245361328,0.0,26,0,Short
sub001-ses04-block2-game2_000::b0160,test/sub001/ses-04/sub001-ses04-block2-game2_000.npy,sub001,04,2,2,000,3423,3434,3422,3435,12,171685,172236,172285,2,1.1810381852805671,1.2858599642559547,1.0283795859389135,0.37314011913089395,0.37946756333825205,0.5484348995797341,2.0351297855377197,0.18931961059570312,1.773012638092041,0.6134731769561768,0.5254613161087036,0.14730334281921387,26,0,Short
sub001-ses04-block2-game2_000::b0161,test/sub001/ses-04/sub001-ses04-block2-game2_000.npy,sub001,04,2,2,000,3443,3469,3442,3470,27,172688,173966,174015,1,0.9885889515433098,0.9328874986172246,1.1769614682784042,0.4968079032965162,0.47208228117849527,0.3490882670780259,0.4013679027557373,0.14767372608184814,0.0,0.7259138822555542,0.8094149827957153,0.0,26,1,Long
sub001-ses04-block2-game2_000::b0162,test/sub001/ses-04/sub001-ses04-block2-game2_000.npy,sub001,04,2,2,000,3476,3476,3475,3477,1,174306,174306,174361,3,1.1652426301961631,1.0783144467796257,1.2049203718605845,0.4131012914675574,0.41312747654079335,0.4046496301607544,2.1394596099853516,0.05843377113342285,1.8409385681152344,0.12361717224121094,0.38388943672180176,0.0,26,0,Short
sub001-ses04-block2-game2_000::b0163,test/sub001/ses-04/sub001-ses04-block2-game2_000.npy,sub001,04,2,2,000,3498,3498,3497,3499,1,175406,175406,175462,1,0.6418510248611986,0.7563995535903162,1.1554851146455072,0.7322671906584536,0.6631102846136377,0.4302909125116532,0.0,1.9862815141677856,0.05988025665283203,0.0,0.21416974067687988,0.0,26,0,Short
sub001-ses04-block2-game2_000::b0164,test/sub001/ses-04/sub001-ses04-block2-game2_000.npy,sub001,04,2,2,000,3505,3506,3504,3507,2,175777,175825,175873,1,1.1956644085598933,1.1749112139646465,1.1349144944821674,0.40377867867713113,0.3816788515029805,0.4766498142602317,0.10543239116668701,2.177551507949829,2.0914578437805176,0.0,0.0,0.058251142501831055,26,0,Short
sub001-ses04-block2-game2_000::b0165,test/sub001/ses-04/sub001-ses04-block2-game2_000.npy,sub001,04,2,2,000,3511,3514,3510,3515,4,176092,176237,176288,1,1.0339324337243314,1.1559064291777,1.0429476954454748,0.5094780337230047,0.4426980402155515,0.5232219566446035,0.01505422592163086,0.2045583724975586,1.85492742061615,0.0,0.0,0.0,26,0,Short
sub001-ses04-block2-game2_000::b0166,test/sub001/ses-04/sub001-ses04-block2-game2_000.npy,sub001,04,2,2,000,3519,3529,3518,3530,11,176492,176999,177044,3,1.1562598492163445,1.2249068613721554,0.9143978950773286,0.3654104720781569,0.35627932108506877,0.6251295843487086,0.07128071784973145,0.5837454795837402,0.0,0.766960620880127,0.9462631940841675,0.0,26,0,Short
sub001-ses04-block2-game2_000::b0167,test/sub001/ses-04/sub001-ses04-block2-game2_000.npy,sub001,04,2,2,000,3544,3547,3543,3548,4,177739,177894,177943,2,0.5245053015972796,0.5218357214097136,0.8636263474585568,0.779690846803737,0.7685071003847095,0.6558946051477464,0.04143071174621582,0.04370677471160889,0.13011956214904785,0.3319357633590698,0.2625950574874878,0.19322967529296875,26,0,Short
sub001-ses04-block2-game2_000::b0168,test/sub001/ses-04/sub001-ses04-block2-game2_000.npy,sub001,04,2,2,000,3587,3606,3586,3607,20,179879,180811,180858,4,1.04048424679018,0.9626436564184992,1.1238331667140566,0.46847801016774804,0.5104006859428506,0.4286967810439667,0.01959216594696045,0.2152649164199829,0.0,0.0,0.018570780754089355,0.0,26,0,Short
sub001-ses04-block2-game2_000::b0169,test/sub001/ses-04/sub001-ses04-block2-game2_000.npy,sub001,04,2,2,000,3616,3616,3615,3617,1,181294,181294,181346,1,1.0574029780165688,0.8977442346342023,1.075337347996602,0.26987314705531845,0.529878194694311,0.4472443732310383,0.1616992950439453,0.39217936992645264,0.7707176208496094,0.12602508068084717,0.6894106864929199,0.0,26,0,Short
sub001-ses04-block2-game2_000::b0170,test/sub001/ses-04/sub001-ses04-block2-game2_000.npy,sub001,04,2,2,000,3621,3633,3620,3634,13,181537,182152,182198,2,1.438084547472267,1.420356284737547,0.9353878681578432,0.27749289475884376,0.23503511369115654,0.47949702946510214,0.1777498722076416,0.0,0.0,0.0706409215927124,0.0,0.0,26,0,Short
sub001-ses04-block2-game2_000::b0171,test/sub001/ses-04/sub001-ses04-block2-game2_000.npy,sub001,04,2,2,000,3683,3692,3682,3693,10,184582,185019,185073,1,1.1765757656145406,1.1957636513953191,1.2944114508937787,0.3005004204794757,0.2859891228993129,0.35402545481300973,0.011627554893493652,0.0,1.1472588777542114,0.3783900737762451,0.0,0.06923353672027588,26,0,Short
sub001-ses04-block2-game2_000::b0172,test/sub001/ses-04/sub001-ses04-block2-game2_000.npy,sub001,04,2,2,000,3699,3700,3698,3701,2,185343,185395,185440,1,1.3453123932060405,1.2264646420766547,1.302176658737675,0.3198705062452631,0.4300565735142655,0.37256179949629664,1.133809208869934,0.9351856112480164,1.0880192518234253,0.6257609128952026,0.13529884815216064,0.0,26,0,Short
sub001-ses04-block2-game2_000::b0173,test/sub001/ses-04/sub001-ses04-block2-game2_000.npy,sub001,04,2,2,000,3707,3725,3706,3726,19,185717,186597,186643,3,1.3460122665718668,1.2830241967687523,1.2869638365450098,0.31460082542796153,0.3934530304415068,0.3821901414107727,0.9162632822990417,0.0,0.8122196793556213,0.090179443359375,0.0,0.05695211887359619,26,0,Short
sub001-ses04-block2-game2_001::b0001,test/sub001/ses-04/sub001-ses04-block2-game2_001.npy,sub001,04,2,2,001,70,85,69,86,16,3620,4375,4427,2,0.8369768480727713,0.9255478945688801,0.755528096405243,0.37406722654018976,0.27088625559758894,0.7229451115443694,2.673891305923462,2.699049234390259,2.6433322429656982,0.0,0.03286099433898926,0.0,26,0,Short
sub001-ses04-block2-game2_001::b0002,test/sub001/ses-04/sub001-ses04-block2-game2_001.npy,sub001,04,2,2,001,97,123,96,124,27,4985,6317,6366,2,0.7750148563815663,0.8339325706537396,0.6066154521278242,0.5233717531491713,0.37056401705967346,0.7739934303571377,2.6005959510803223,2.7321219444274902,2.621904134750366,0.03542160987854004,0.044080495834350586,0.4059789180755615,26,1,Long
sub001-ses04-block2-game2_001::b0003,test/sub001/ses-04/sub001-ses04-block2-game2_001.npy,sub001,04,2,2,001,132,151,131,152,20,6760,7687,7741,1,0.8080802166712806,0.7632935638498558,0.6422260593236897,0.43618897977502397,0.5131004799292589,0.7670658949073333,3.448741912841797,0.04923748970031738,0.06629824638366699,0.0,0.21217918395996094,0.0,26,0,Short
sub001-ses04-block2-game2_001::b0004,test/sub001/ses-04/sub001-ses04-block2-game2_001.npy,sub001,04,2,2,001,158,179,157,180,22,8056,9111,9159,3,0.8570043863511861,0.8941290417499721,0.7934457483318602,0.45391402299312356,0.4880851246162663,0.6427146292783724,0.4241797924041748,0.18061017990112305,4.1418914794921875,0.33231544494628906,0.8146400451660156,0.6340909004211426,26,0,Short
sub001-ses04-block2-game2_001::b0005,test/sub001/ses-04/sub001-ses04-block2-game2_001.npy,sub001,04,2,2,001,212,221,211,222,10,10845,11311,11359,2,0.9436078666433347,0.9820854072595877,0.5859265500052654,0.36462738901489194,0.35013599927838346,0.7888832256309596,3.220118761062622,0.060411930084228516,0.0,0.0,0.02985358238220215,0.0,26,0,Short
sub001-ses04-block2-game2_001::b0006,test/sub001/ses-04/sub001-ses04-block2-game2_001.npy,sub001,04,2,2,001,230,246,229,247,17,11762,12559,12610,3,0.8938259175457951,0.49478291200600616,0.7618655428390236,0.35445065532851927,0.7197926730787795,0.6639383086630225,3.902291774749756,0.0,0.05221056938171387,0.0,0.0,0.0,26,0,Short
sub001-ses04-block2-game2_001::b0007,test/sub001/ses-04/sub001-ses04-block2-game2_001.npy,sub001,04,2,2,001,261,271,260,272,11,13346,13858,13911,3,0.3616666285940964,0.3963341244587015,0.7432144259993694,0.8726796250999689,0.8520465320418398,0.6616169851271656,0.006103992462158203,0.0,0.11948204040527344,0.0,0.0,0.08823633193969727,26,0,Short
sub001-ses04-block2-game2_001::b0008,test/sub001/ses-04/sub001-ses04-block2-game2_001.npy,sub001,04,2,2,001,284,290,283,291,7,14543,14855,14908,2,0.3876027912647039,0.6818696103579244,0.9947091111760384,0.8595699696000418,0.689192416097578,0.36946609503476424,4.0369648933410645,0.016382217407226562,4.341380596160889,0.043595314025878906,0.4648885726928711,0.0,26,0,Short
sub001-ses04-block2-game2_001::b0009,test/sub001/ses-04/sub001-ses04-block2-game2_001.npy,sub001,04,2,2,001,320,338,319,339,19,16363,17309,17360,1,1.0048891163825509,1.0586644076229677,1.0130701224118748,0.028390245506794864,0.19019871382407072,0.3498922174177052,0.0,4.8957672119140625,4.440915584564209,0.0,0.5252294540405273,0.0,26,0,Short
sub001-ses04-block2-game2_001::b0010,test/sub001/ses-04/sub001-ses04-block2-game2_001.npy,sub001,04,2,2,001,346,353,345,354,8,17743,18106,18159,3,0.8874206184031189,0.807576379146896,0.9152595155403376,0.49680812873412317,0.5009781445259843,0.4936634042756287,0.4133796691894531,4.8705267906188965,0.08583974838256836,0.4671807289123535,0.34842872619628906,0.13355445861816406,26,0,Short
sub001-ses04-block2-game2_001::b0011,test/sub001/ses-04/sub001-ses04-block2-game2_001.npy,sub001,04,2,2,001,401,401,400,402,1,20737,20737,20794,1,1.1046010677041396,0.677777185729304,1.1402281047648475,0.46684358699124706,0.6077237648847632,0.16331506233997078,0.049700260162353516,0.04686880111694336,0.12857437133789062,0.10929250717163086,0.1185140609741211,0.0,26,0,Short
sub001-ses04-block2-game2_001::b0012,test/sub001/ses-04/sub001-ses04-block2-game2_001.npy,sub001,04,2,2,001,406,409,405,410,4,21026,21191,21251,1,0.7400139874376195,0.8486712778020105,1.0480073688806328,0.5507164219777015,0.5218814659672442,0.1657751165619103,1.029667615890503,4.775759220123291,0.0,0.0,0.0,0.0,26,0,Short
sub001-ses04-block2-game2_001::b0013,test/sub001/ses-04/sub001-ses04-block2-game2_001.npy,sub001,04,2,2,001,414,417,413,418,4,21483,21636,21691,1,0.6836133771296132,0.7615579308942542,1.2101830083855325,0.5955959205068593,0.5368753134651847,0.16648484071966058,0.06172323226928711,0.0,0.14949607849121094,0.0,0.0,0.5143399238586426,26,0,Short
sub001-ses04-block2-game2_001::b0014,test/sub001/ses-04/sub001-ses04-block2-game2_001.npy,sub001,04,2,2,001,422,423,421,424,2,21912,21965,22019,1,1.1344503850816174,0.7455449544064203,0.9529864144944662,0.1998662753358562,0.5696415091849868,0.34512999609051404,0.04687833786010742,4.5686116218566895,0.0,0.44145965576171875,0.0,0.0,26,0,Short
sub001-ses04-block2-game2_001::b0015,test/sub001/ses-04/sub001-ses04-block2-game2_001.npy,sub001,04,2,2,001,430,431,429,432,2,22344,22392,22443,1,0.7788114086986075,0.7301598674574535,1.1716624713319006,0.5398863231340265,0.5994378445349124,0.18261584421087984,0.1330113410949707,0.0,5.009665489196777,0.18900775909423828,0.0,0.048758506774902344,26,0,Short
sub001-ses04-block2-game2_001::b0016,test/sub001/ses-04/sub001-ses04-block2-game2_001.npy,sub001,04,2,2,001,437,439,436,440,3,22717,22828,22882,1,0.7275499380842965,0.8518390207546219,0.9746203477146325,0.5823353235807097,0.5132034165151028,0.38727676149103357,4.863950252532959,5.039579391479492,0.0344390869140625,0.0,0.35822010040283203,0.0,26,0,Short
sub001-ses04-block2-game2_001::b0017,test/sub001/ses-04/sub001-ses04-block2-game2_001.npy,sub001,04,2,2,001,444,447,443,448,4,23103,23263,23318,1,0.8656097391740416,1.0264934290982908,1.0724396773291263,0.46383919488031944,0.40105555721824415,0.3767598470611675,0.0,0.0,0.03332018852233887,0.0,0.0,0.0,26,0,Short
sub001-ses04-block2-game2_001::b0018,test/sub001/ses-04/sub001-ses04-block2-game2_001.npy,sub001,04,2,2,001,452,453,451,454,2,23530,23583,23635,1,0.8628294632887714,0.7895300089013011,1.0217686368199594,0.5492296963046687,0.5570850722839187,0.14605501813646532,0.11318492889404297,4.263853549957275,4.636204242706299,0.0,0.0,0.29304027557373047,26,0,Short
sub001-ses04-block2-game2_001::b0019,test/sub001/ses-04/sub001-ses04-block2-game2_001.npy,sub001,04,2,2,001,458,459,457,460,2,23856,23910,23963,1,0.789875185171662,0.9284948288668988,1.2189403605641909,0.599425321437181,0.499266240056082,0.08353562896751188,0.02971792221069336,4.575721263885498,0.08596420288085938,0.4741487503051758,0.5474271774291992,0.0,26,0,Short
sub001-ses04-block2-game2_001::b0020,test/sub001/ses-04/sub001-ses04-block2-game2_001.npy,sub001,04,2,2,001,463,465,462,466,3,24124,24223,24274,1,0.8542217287526794,0.7940722664958655,1.0965738720155886,0.5049487576191816,0.5366549264231074,0.003932450524358755,4.126469135284424,0.0,3.807554006576538,0.0,0.0,0.0,26,0,Short
sub001-ses04-block2-game2_001::b0021,test/sub001/ses-04/sub001-ses04-block2-game2_001.npy,sub001,04,2,2,001,470,471,469,472,2,24484,24539,24592,1,0.7609946693617111,0.7548437707343316,0.9868963749873417,0.5637455531950268,0.6071897123827099,0.06487257541125874,0.049214839935302734,0.11898350715637207,4.076334476470947,0.0,0.0,0.0,26,0,Short
sub001-ses04-block2-game2_001::b0022,test/sub001/ses-04/sub001-ses04-block2-game2_001.npy,sub001,04,2,2,001,477,479,476,480,3,24858,24960,25011,1,0.7491797872586168,0.7796590167657251,0.898766429700227,0.5731729955475953,0.5673632060855918,0.2765373441934194,0.0,0.15772676467895508,0.14756393432617188,0.0,0.0,0.19125747680664062,26,0,Short
sub001-ses04-block2-game2_001::b0023,test/sub001/ses-04/sub001-ses04-block2-game2_001.npy,sub001,04,2,2,001,484,485,483,486,2,25234,25287,25342,2,0.8206737708216878,0.7507669921770919,0.8820670464607381,0.5363384486887657,0.5660034891187253,0.30648432305494633,0.18087196350097656,4.570755958557129,0.33209657669067383,0.2185211181640625,0.0,0.0,26,0,Short
sub001-ses04-block2-game2_001::b0024,test/sub001/ses-04/sub001-ses04-block2-game2_001.npy,sub001,04,2,2,001,506,524,505,525,19,26394,27324,27384,2,0.2526773131658176,1.2465784755345757,0.8105647915905045,0.9186581317659643,0.12309765561039937,0.661153995959506,0.15040826797485352,0.0,4.602547645568848,0.611544132232666,0.0,0.9665122032165527,26,0,Short
sub001-ses04-block2-game2_001::b0025,test/sub001/ses-04/sub001-ses04-block2-game2_001.npy,sub001,04,2,2,001,540,540,539,541,1,28134,28134,28183,1,0.7478505656450284,1.012122192453778,1.0580978296622487,0.6055108240200084,0.46101005299759046,0.22188332317943388,4.364779472351074,0.0,0.0,0.44628334045410156,0.0,0.0,26,0,Short
sub001-ses04-block2-game2_001::b0026,test/sub001/ses-04/sub001-ses04-block2-game2_001.npy,sub001,04,2,2,001,545,557,544,558,13,28407,29040,29095,2,0.8974422406040146,0.6473878223417904,1.0989614988115644,0.4908098653507139,0.6320755796527773,0.24800787014572956,0.33286380767822266,0.3543968200683594,4.850444793701172,0.7212762832641602,0.40348148345947266,0.00032520294189453125,26,0,Short
sub001-ses04-block2-game2_001::b0027,test/sub001/ses-04/sub001-ses04-block2-game2_001.npy,sub001,04,2,2,001,596,596,595,597,1,30970,30970,31021,1,0.40919729630088214,0.4332779988857559,0.7161944433257529,0.8179031858614648,0.8079584271211272,0.6738856960959018,3.6484432220458984,4.314089298248291,4.225048065185547,0.33812594413757324,0.447878360748291,0.0,26,0,Short
sub001-ses04-block2-game2_001::b0028,test/sub001/ses-04/sub001-ses04-block2-game2_001.npy,sub001,04,2,2,001,604,612,603,613,9,31390,31785,31831,2,0.8757992375486036,0.8727320089938054,0.7620659218772595,0.4475455521974925,0.4042603890237395,0.6722799464870641,0.1943988800048828,0.03521847724914551,3.487001895904541,0.0,0.07738351821899414,0.3901863098144531,26,0,Short
sub001-ses04-block2-game2_001::b0029,test/sub001/ses-04/sub001-ses04-block2-game2_001.npy,sub001,04,2,2,001,647,649,646,650,3,33570,33672,33723,1,0.6149610951408232,0.49928108384661796,1.0764248792444173,0.6897200136221684,0.801524479004733,0.2837893425622254,0.48545122146606445,0.0,0.14310264587402344,2.30271053314209,0.0,0.7779393196105957,26,0,Short
sub001-ses04-block2-game2_001::b0030,test/sub001/ses-04/sub001-ses04-block2-game2_001.npy,sub001,04,2,2,001,656,656,655,657,1,34025,34025,34072,2,0.88803560314536,0.7791496141563835,0.9670838244106771,0.46496101865312556,0.5175067876663895,0.4234768676921874,0.17933988571166992,0.43347787857055664,0.2442936897277832,0.9671263694763184,0.893317699432373,1.5778391361236572,26,0,Short
sub001-ses04-block2-game2_001::b0031,test/sub001/ses-04/sub001-ses04-block2-game2_001.npy,sub001,04,2,2,001,714,724,713,725,11,36838,37324,37374,1,0.9566911806209554,0.7953708561385581,0.8963123520537107,0.47652122454497814,0.6120204959005258,0.44170896245329905,3.22148060798645,3.3186864852905273,0.09575438499450684,0.034883737564086914,0.07407021522521973,0.40900421142578125,26,0,Short
sub001-ses04-block2-game2_001::b0032,test/sub001/ses-04/sub001-ses04-block2-game2_001.npy,sub001,04,2,2,001,732,737,731,738,6,37723,37966,38017,3,0.8731782185556957,0.8880890446107472,0.9343725684678982,0.5156012504013551,0.501303967591148,0.4591603234771855,3.380931854248047,0.07646751403808594,0.0,0.0,1.0567107200622559,0.0,26,0,Short
sub001-ses04-block2-game2_001::b0033,test/sub001/ses-04/sub001-ses04-block2-game2_001.npy,sub001,04,2,2,001,748,793,747,794,46,38520,40752,40798,1,0.31752421475792064,0.633960427729336,0.8533311717182417,0.8865678851833196,0.7143975717315922,0.42136801909432103,3.5218639373779297,0.0,0.0,0.0,0.0,0.0,26,1,Long
sub001-ses04-block2-game2_001::b0034,test/sub001/ses-04/sub001-ses04-block2-game2_001.npy,sub001,04,2,2,001,800,806,799,807,7,41101,41411,41463,1,0.8069841530143249,0.7716828497909785,0.8782366386278735,0.5113063553201154,0.5341281827283353,0.35748527677672676,4.630434036254883,0.2879199981689453,0.06502771377563477,0.14707708358764648,0.144775390625,0.08405208587646484,26,0,Short
sub001-ses04-block2-game2_001::b0035,test/sub001/ses-04/sub001-ses04-block2-game2_001.npy,sub001,04,2,2,001,813,817,812,818,5,41790,42004,42055,1,0.7386021960007519,0.8470994172715779,1.0400623544074636,0.5218830844119741,0.47336932672855514,0.14049132739663,0.025638103485107422,4.930889129638672,0.0,0.13623666763305664,0.21205568313598633,0.0,26,0,Short
sub001-ses04-block2-game2_001::b0036,test/sub001/ses-04/sub001-ses04-block2-game2_001.npy,sub001,04,2,2,001,824,829,823,830,6,42367,42626,42675,1,0.7768646458072784,0.784977574190991,0.8708560217547925,0.48297282983893663,0.5052236658967552,0.3503479987087937,0.08858060836791992,0.0,4.873644828796387,0.08055830001831055,0.0,0.12826251983642578,26,0,Short
sub001-ses04-block2-game2_001::b0037,test/sub001/ses-04/sub001-ses04-block2-game2_001.npy,sub001,04,2,2,001,834,838,833,839,5,42886,43086,43136,1,0.7271022376818017,0.7352930212493857,1.022510267044032,0.5491475779175786,0.5221194924278978,0.24379196787830704,4.403895378112793,0.1932048797607422,0.024820327758789062,0.0,0.41355276107788086,0.2049107551574707,26,0,Short
sub001-ses04-block2-game2_001::b0038,test/sub001/ses-04/sub001-ses04-block2-game2_001.npy,sub001,04,2,2,001,845,846,844,847,2,43448,43502,43554,1,0.8280771734663313,0.7715714087768155,1.0445370451548648,0.5331873628608743,0.5276917367298921,0.2088664221967838,0.030471324920654297,4.323145866394043,1.0425896644592285,0.7079148292541504,0.0,0.0,26,0,Short
sub001-ses04-block2-game2_001::b0039,test/sub001/ses-04/sub001-ses04-block2-game2_001.npy,sub001,04,2,2,001,852,853,851,854,2,43810,43863,43910,1,0.8155429012649141,0.8210832697871583,0.9423946803364052,0.5061466878947243,0.46311915172627066,0.4488625697698553,0.7470664978027344,4.309004306793213,4.596916675567627,0.0,0.0,0.10130882263183594,26,0,Short
sub001-ses04-block2-game2_001::b0040,test/sub001/ses-04/sub001-ses04-block2-game2_001.npy,sub001,04,2,2,001,860,861,859,862,2,44218,44267,44319,1,0.8437045460452915,0.8155985077866021,0.9223311175369915,0.5373632808373074,0.4932871672285074,0.4394065016046693,0.5976028442382812,4.593652248382568,4.584541320800781,0.11196756362915039,0.3963336944580078,0.30931520462036133,26,0,Short
sub001-ses04-block2-game2_001::b0041,test/sub001/ses-04/sub001-ses04-block2-game2_001.npy,sub001,04,2,2,001,867,868,866,869,2,44574,44623,44673,1,0.800486816039704,0.7877284174558729,0.9438886059684864,0.5176716623278407,0.5400429215920292,0.3460454499209581,4.465010643005371,3.4993374347686768,4.34168004989624,0.40763330459594727,0.0,0.36296939849853516,26,0,Short
sub001-ses04-block2-game2_001::b0042,test/sub001/ses-04/sub001-ses04-block2-game2_001.npy,sub001,04,2,2,001,874,876,873,877,3,44942,45035,45082,1,0.839663081344628,0.8483786448200454,0.9077964606231099,0.5197419132191565,0.5349965593541247,0.3538810283866723,4.313270092010498,0.0,0.07290363311767578,0.3159780502319336,0.0,0.0,26,0,Short
sub001-ses04-block2-game2_001::b0043,test/sub001/ses-04/sub001-ses04-block2-game2_001.npy,sub001,04,2,2,001,882,883,881,884,2,45344,45397,45445,1,0.8294945304913928,1.0238421031819893,0.979802808755623,0.5317986496354484,0.4127333542741709,0.41544440512216557,1.2715089321136475,4.430335521697998,0.10877513885498047,0.0,0.5690822601318359,0.0,26,0,Short
sub001-ses04-block2-game2_001::b0044,test/sub001/ses-04/sub001-ses04-block2-game2_001.npy,sub001,04,2,2,001,889,907,888,908,19,45705,46584,46629,1,0.8518970039616232,0.9310137368446585,1.0603641387236438,0.47078587850221665,0.42992734330690763,0.4855534918007842,0.1087346076965332,4.450222969055176,0.0,0.0,0.0,0.0,26,0,Short
sub001-ses04-block2-game2_001::b0045,test/sub001/ses-04/sub001-ses04-block2-game2_001.npy,sub001,04,2,2,001,916,933,915,934,18,47038,47854,47905,3,0.8747074401483079,0.7980809607152807,1.0234105370154818,0.4881938478622728,0.5361151779770686,0.4181511458788148,0.18192672729492188,0.36681437492370605,4.187723159790039,0.9000899791717529,0.3277864456176758,0.35942578315734863,26,0,Short
sub001-ses04-block2-game2_001::b0046,test/sub001/ses-04/sub001-ses04-block2-game2_001.npy,sub001,04,2,2,001,1006,1021,1005,1022,16,51522,52288,52338,2,0.8964176904294094,1.0053723486400519,0.9890893357649363,0.4887341612319921,0.39134957640727486,0.4885266872204459,4.791530609130859,0.0,0.3098421096801758,0.3589901924133301,0.0,0.9400124549865723,26,0,Short
sub001-ses04-block2-game2_001::b0047,test/sub001/ses-04/sub001-ses04-block2-game2_001.npy,sub001,04,2,2,001,1027,1047,1026,1048,21,52582,53573,53624,3,0.3657270798687972,0.37973396939491366,0.8794234445639532,0.8708283739315532,0.8515156518874955,0.5589138050590482,3.645190715789795,0.007901191711425781,0.035893917083740234,0.04743027687072754,0.0,0.6043152809143066,26,0,Short
sub001-ses04-block2-game2_001::b0048,test/sub001/ses-04/sub001-ses04-block2-game2_001.npy,sub001,04,2,2,001,1057,1061,1056,1062,5,54063,54264,54315,2,0.562109187305144,0.6210054906504285,0.8400412100818377,0.7191642934741916,0.6773503683271221,0.6645932709945297,3.18249249458313,0.11885309219360352,0.3684360980987549,0.021875858306884766,0.2951078414916992,0.3535807132720947,26,0,Short
sub001-ses04-block2-game2_001::b0049,test/sub001/ses-04/sub001-ses04-block2-game2_001.npy,sub001,04,2,2,001,1166,1169,1165,1170,4,59496,59640,59687,1,1.0150319396397929,0.871787738767761,0.8216321644190675,0.44243776461077455,0.4930622749352733,0.5060922066775371,0.04925060272216797,0.2383275032043457,3.8743786811828613,0.9494228363037109,0.10981130599975586,0.0,26,0,Short
sub001-ses04-block2-game2_001::b0050,test/sub001/ses-04/sub001-ses04-block2-game2_001.npy,sub001,04,2,2,001,1174,1177,1173,1178,4,59888,60049,60097,1,1.0353424692759312,0.92060030419788,0.8760045054198843,0.41353421912049393,0.42391673692314213,0.3561051903245289,4.295774459838867,0.0,0.0,0.1633739471435547,0.0,0.0,26,0,Short
sub001-ses04-block2-game2_001::b0051,test/sub001/ses-04/sub001-ses04-block2-game2_001.npy,sub001,04,2,2,001,1182,1186,1181,1187,5,60310,60517,60568,1,0.8492630493585938,0.9341972922304193,1.0407667180081235,0.487868527824188,0.4693151806884502,0.2815433723436613,0.0,0.0,5.1446051597595215,0.0,0.0,0.4135713577270508,26,0,Short
sub001-ses04-block2-game2_001::b0052,test/sub001/ses-04/sub001-ses04-block2-game2_001.npy,sub001,04,2,2,001,1191,1193,1190,1194,3,60783,60893,60948,1,0.9074732504929448,0.8633351800253052,0.9801736762198301,0.5001361836169358,0.5279769083504208,0.23454722977068437,4.980356693267822,0.0,4.65416955947876,0.14824247360229492,0.0,0.11850452423095703,26,0,Short
sub001-ses04-block2-game2_001::b0053,test/sub001/ses-04/sub001-ses04-block2-game2_001.npy,sub001,04,2,2,001,1213,1217,1212,1218,5,61928,62140,62187,2,1.1170188437757733,1.1175164183547912,0.8614811964284438,0.30482730879534864,0.2034093773486505,0.5571953715895297,4.285986423492432,0.20949029922485352,4.439776420593262,0.6234002113342285,1.0118951797485352,0.016263961791992188,26,0,Short
sub001-ses04-block2-game2_001::b0054,test/sub001/ses-04/sub001-ses04-block2-game2_001.npy,sub001,04,2,2,001,1254,1255,1253,1256,2,64028,64078,64126,1,0.6850361807493018,0.6959247769603168,0.9136597786028228,0.6954567632032187,0.6101468349832095,0.07747192256471214,5.318231582641602,4.693853378295898,0.28388547897338867,0.4042177200317383,0.328336238861084,0.7708954811096191,26,0,Short
sub001-ses04-block2-game2_001::b0055,test/sub001/ses-04/sub001-ses04-block2-game2_001.npy,sub001,04,2,2,001,1261,1263,1260,1264,3,64386,64489,64538,1,0.7312849821669128,0.9657214494783918,1.07855324448539,0.5231193007137587,0.4864613937767526,0.08396489469297519,0.17669916152954102,0.0,0.007345676422119141,0.613250732421875,0.0,0.5936408042907715,26,0,Short
sub001-ses04-block2-game2_001::b0056,test/sub001/ses-04/sub001-ses04-block2-game2_001.npy,sub001,04,2,2,001,1268,1269,1267,1270,2,64751,64801,64854,5,1.1355252568233307,1.0735806108825985,1.0111012487569362,0.143601908902181,0.2125746306063126,0.37372449200338353,4.920337677001953,0.0,4.282562255859375,0.43909740447998047,0.0,0.0,26,0,Short
sub001-ses04-block2-game2_001::b0057,test/sub001/ses-04/sub001-ses04-block2-game2_001.npy,sub001,04,2,2,001,1287,1289,1286,1290,3,65711,65811,65860,2,0.4957658831921825,0.6247959044396856,0.8151328739583297,0.8035984242611485,0.6987698383057438,0.6495442567252251,3.415736675262451,0.0315089225769043,3.8029849529266357,0.0,0.9089913368225098,0.0,26,0,Short
sub001-ses04-block2-game2_001::b0058,test/sub001/ses-04/sub001-ses04-block2-game2_001.npy,sub001,04,2,2,001,1312,1317,1311,1318,6,66945,67195,67243,1,1.0580340914713442,0.9451649402849598,0.9081181873034037,0.44333061119412226,0.461603095085122,0.09884706281144606,0.09496784210205078,3.699678659439087,0.5671989917755127,0.19186639785766602,0.35839080810546875,0.20187616348266602,26,0,Short
sub001-ses04-block2-game2_001::b0059,test/sub001/ses-04/sub001-ses04-block2-game2_001.npy,sub001,04,2,2,001,1324,1325,1323,1326,2,67553,67604,67654,1,0.8868200799672104,0.761830933323872,1.0392962084652173,0.48889982760098316,0.5823052781888428,0.063239562650167,0.06831550598144531,4.027658939361572,3.878600597381592,0.062116146087646484,0.0,0.0,26,0,Short
sub001-ses04-block2-game2_001::b0060,test/sub001/ses-04/sub001-ses04-block2-game2_001.npy,sub001,04,2,2,001,1332,1334,1331,1335,3,67959,68053,68100,1,0.8599484365077823,0.8181725586603446,1.0540563936666558,0.529225157249033,0.5214269727464103,0.05835042101965526,0.08888697624206543,0.0,0.0,0.0,0.0,0.0,26,0,Short
sub001-ses04-block2-game2_001::b0061,test/sub001/ses-04/sub001-ses04-block2-game2_001.npy,sub001,04,2,2,001,1339,1341,1338,1342,3,68304,68400,68451,1,0.7949861583549442,0.844270186848607,1.0125771691736873,0.5758622793919229,0.49908052812913417,0.1661466396064199,0.21524333953857422,0.0402064323425293,0.10617232322692871,0.0,0.0,0.0,26,0,Short
sub001-ses04-block2-game2_001::b0062,test/sub001/ses-04/sub001-ses04-block2-game2_001.npy,sub001,04,2,2,001,1346,1349,1345,1350,4,68651,68803,68855,1,0.8837848539135044,0.7838346922627069,0.9054465092418056,0.5350039808044454,0.5366525441075294,0.14944670249098152,0.21735596656799316,4.041744709014893,3.570230722427368,0.43176794052124023,0.8158044815063477,0.0,26,0,Short
sub001-ses04-block2-game2_001::b0063,test/sub001/ses-04/sub001-ses04-block2-game2_001.npy,sub001,04,2,2,001,1356,1357,1355,1358,2,69156,69205,69258,1,0.8794490869650464,0.8370440231588734,0.9484359710307041,0.5041394264134647,0.5235722324987491,0.30269623697870346,3.8029775619506836,3.122713088989258,0.09273314476013184,0.39622998237609863,0.0,0.0,26,0,Short
sub001-ses04-block2-game2_001::b0064,test/sub001/ses-04/sub001-ses04-block2-game2_001.npy,sub001,04,2,2,001,1363,1364,1362,1365,2,69492,69540,69592,1,0.7283055331402138,0.8012317672310881,1.3016942407510192,0.6124921696012562,0.5473450800447156,0.11108622029686643,0.0,3.634009838104248,3.4577090740203857,0.0,0.09159064292907715,0.0,26,0,Short
sub001-ses04-block2-game2_001::b0065,test/sub001/ses-04/sub001-ses04-block2-game2_001.npy,sub001,04,2,2,001,1370,1371,1369,1372,2,69834,69882,69929,1,0.8947527790754597,0.9277165113939155,1.1269970482696297,0.4923653214686891,0.45699795186737424,0.12908466135150565,0.0,0.0,0.18554377555847168,0.0,0.0,0.8129591941833496,26,0,Short
sub001-ses04-block2-game2_001::b0066,test/sub001/ses-04/sub001-ses04-block2-game2_001.npy,sub001,04,2,2,001,1378,1379,1377,1380,2,70231,70280,70327,1,0.9168559664827246,0.8886479158179424,1.277845636579273,0.4920255877392905,0.4740325755198305,0.28927868066337703,0.25521206855773926,0.0,3.215223789215088,0.8319118022918701,0.0,0.12578630447387695,26,0,Short
sub001-ses04-block2-game2_001::b0067,test/sub001/ses-04/sub001-ses04-block2-game2_001.npy,sub001,04,2,2,001,1384,1385,1383,1386,2,70524,70569,70616,3,0.9413555415885015,0.9698183449870765,1.3109202657818064,0.4444880863408897,0.44610673233478493,0.3067565731975537,0.0,0.0,0.2212677001953125,0.0,0.0,0.0,26,0,Short
sub001-ses04-block2-game2_001::b0068,test/sub001/ses-04/sub001-ses04-block2-game2_001.npy,sub001,04,2,2,001,1456,1460,1455,1461,5,74056,74251,74297,1,0.8937992527518563,0.9735952216997896,1.073996390107792,0.5254299107244462,0.4466334591089791,0.31545697804455824,0.25599050521850586,0.2252950668334961,0.11010122299194336,0.9181888103485107,0.0,0.7801527976989746,26,0,Short
sub001-ses04-block2-game2_001::b0069,test/sub001/ses-04/sub001-ses04-block2-game2_001.npy,sub001,04,2,2,001,1468,1469,1467,1470,2,74653,74702,74749,3,0.8550113229288734,1.0989540064980226,1.2157506114556507,0.4972252379802392,0.3565473063536007,0.33090636690593234,0.29355597496032715,0.07790446281433105,3.1430838108062744,1.2056403160095215,0.0,0.4469783306121826,26,0,Short
sub001-ses04-block2-game2_001::b0070,test/sub001/ses-04/sub001-ses04-block2-game2_001.npy,sub001,04,2,2,001,1511,1514,1510,1515,4,76791,76940,76988,1,1.1043008130993814,1.0249658913129214,0.8520537189323871,0.3335405397869186,0.40908234394529164,0.5774174674326237,2.8696839809417725,0.0,0.0,0.45047926902770996,0.0,0.0,26,0,Short
sub001-ses04-block2-game2_001::b0071,test/sub001/ses-04/sub001-ses04-block2-game2_001.npy,sub001,04,2,2,001,1520,1522,1519,1523,3,77236,77339,77388,3,1.0975679069544035,0.9535154629436282,0.952073597821141,0.29619868155790097,0.44587361801592507,0.513103507263524,2.392705202102661,3.6001980304718018,0.135819673538208,0.0,1.2494101524353027,0.0,26,0,Short
sub001-ses04-block2-game2_001::b0072,test/sub001/ses-04/sub001-ses04-block2-game2_001.npy,sub001,04,2,2,001,1541,1545,1540,1546,5,78274,78473,78521,1,0.6234822085388757,0.5634745249885698,1.1146424171889935,0.6773585357828965,0.7677612138043608,0.3437548525728422,0.30997490882873535,0.0,0.16022157669067383,0.6198360919952393,0.0,0.6766138076782227,26,0,Short
sub001-ses04-block2-game2_001::b0073,test/sub001/ses-04/sub001-ses04-block2-game2_001.npy,sub001,04,2,2,001,1559,1560,1558,1561,2,79173,79220,79271,3,1.0411395551992413,0.9539850363724266,0.9994879826246093,0.3334903087803479,0.44410248271717634,0.4565674051032428,3.3659868240356445,0.0,3.389620065689087,0.17741823196411133,0.0,0.0513918399810791,26,0,Short
sub001-ses04-block2-game2_001::b0074,test/sub001/ses-04/sub001-ses04-block2-game2_001.npy,sub001,04,2,2,001,1591,1593,1590,1594,3,80799,80898,80952,1,0.9579710532321786,1.003227033173281,1.0254864674395407,0.40733651397122816,0.378348766843483,0.48016409612224836,0.06133127212524414,0.08546853065490723,0.2721259593963623,0.0,0.0,0.0,26,0,Short
sub001-ses04-block2-game2_001::b0075,test/sub001/ses-04/sub001-ses04-block2-game2_001.npy,sub001,04,2,2,001,1600,1602,1599,1603,3,81253,81355,81413,1,1.0913728252315154,0.9026658691799025,1.0092541013537824,0.35020631592948914,0.47860392219739695,0.43633340051491,0.0,0.6660780906677246,3.2223854064941406,0.0,0.7660939693450928,0.0,26,0,Short
sub001-ses04-block2-game2_001::b0076,test/sub001/ses-04/sub001-ses04-block2-game2_001.npy,sub001,04,2,2,001,1608,1619,1607,1620,12,81672,82207,82260,3,1.1561306004042844,1.023226364809234,1.1037609871253835,0.34361349480011,0.3789461670025803,0.35620090837441626,3.497758626937866,0.0469210147857666,0.18831157684326172,0.0,0.3727762699127197,0.46129894256591797,26,0,Short
sub001-ses04-block2-game2_001::b0077,test/sub001/ses-04/sub001-ses04-block2-game2_001.npy,sub001,04,2,2,001,1630,1637,1629,1638,8,82762,83116,83166,2,0.6893583839518619,0.5078113422244283,0.7711346146629264,0.6860284574414198,0.7997484414409491,0.6144113664078819,0.0009789466857910156,3.7806601524353027,3.688692331314087,0.0,0.12160992622375488,0.12297463417053223,26,0,Short
sub001-ses04-block2-game2_001::b0078,test/sub001/ses-04/sub001-ses04-block2-game2_001.npy,sub001,04,2,2,001,1652,1667,1651,1668,16,83852,84607,84655,2,0.6448418580613854,0.8275856388845203,0.9244983201693774,0.7018636539725938,0.46529413679397713,0.43712082606111413,3.620474338531494,0.1605818271636963,0.35106539726257324,0.4462423324584961,0.47294020652770996,0.38195276260375977,26,0,Short
sub001-ses04-block2-game2_001::b0079,test/sub001/ses-04/sub001-ses04-block2-game2_001.npy,sub001,04,2,2,001,1696,1732,1695,1733,37,86088,87890,87936,3,0.8973853911970614,0.7686428932190292,0.9915904636147833,0.44205297398072185,0.5458056038456174,0.4595898450484036,0.15091180801391602,0.2816300392150879,0.32628393173217773,0.11672019958496094,0.2104177474975586,0.0,26,1,Long
sub001-ses04-block2-game2_001::b0080,test/sub001/ses-04/sub001-ses04-block2-game2_001.npy,sub001,04,2,2,001,1787,1791,1786,1792,5,90645,90854,90905,1,0.8007342195471965,1.0801229402667538,0.8976829279950135,0.5875491024837274,0.29167051203487543,0.5984547979910795,0.1911299228668213,0.0,0.0,0.15626311302185059,0.0,0.0,26,0,Short
sub001-ses04-block2-game2_001::b0081,test/sub001/ses-04/sub001-ses04-block2-game2_001.npy,sub001,04,2,2,001,1798,1800,1797,1801,3,91236,91340,91389,1,0.9427817387787918,0.9766427134913254,0.842362235011943,0.46779322620031827,0.4757193016436244,0.6152475756119264,0.0,3.390094518661499,0.1749742031097412,0.0,0.03903627395629883,0.0,26,0,Short
sub001-ses04-block2-game2_001::b0082,test/sub001/ses-04/sub001-ses04-block2-game2_001.npy,sub001,04,2,2,001,1806,1807,1805,1808,2,91654,91702,91756,1,1.0213067217829617,0.960737296651757,0.8741570726800564,0.4389415970141963,0.4489606568473459,0.5970380639498537,0.0,3.354513168334961,0.1861584186553955,0.0,0.0,0.0,26,0,Short
sub001-ses04-block2-game2_001::b0083,test/sub001/ses-04/sub001-ses04-block2-game2_001.npy,sub001,04,2,2,001,1814,1815,1813,1816,2,92067,92121,92174,1,0.9279858362088954,0.9940586930059353,0.9112154040661569,0.4722260348128896,0.43513662454940516,0.4955999818481713,3.208087205886841,0.0,0.0888371467590332,0.0,0.0,0.11351299285888672,26,0,Short
sub001-ses04-block2-game2_001::b0084,test/sub001/ses-04/sub001-ses04-block2-game2_001.npy,sub001,04,2,2,001,1820,1821,1819,1822,2,92383,92438,92492,2,0.9419172850358553,0.9886175231867894,0.7918398798554468,0.48577346095505214,0.437660019780458,0.6501779887926582,0.01760411262512207,3.208908796310425,3.668741464614868,0.0,0.0,0.2446286678314209,26,0,Short
sub001-ses04-block2-game2_001::b0085,test/sub001/ses-04/sub001-ses04-block2-game2_001.npy,sub001,04,2,2,001,1849,1849,1848,1850,1,93846,93846,93892,1,0.9552444663543175,0.8370925597266063,0.899374629581843,0.4756368861141552,0.48886524165188805,0.5463332739161362,3.858426094055176,0.0,4.296213626861572,0.49031829833984375,0.0,0.8635170459747314,26,0,Short
sub001-ses04-block2-game2_001::b0086,test/sub001/ses-04/sub001-ses04-block2-game2_001.npy,sub001,04,2,2,001,1856,1857,1855,1858,2,94198,94249,94298,1,0.8690800899350462,0.8387819852561469,0.849909044594081,0.46795145445719644,0.5217754874605804,0.5212093008305727,0.304790735244751,4.235342025756836,4.15915060043335,0.022176265716552734,0.3718130588531494,0.0,26,0,Short
sub001-ses04-block2-game2_001::b0087,test/sub001/ses-04/sub001-ses04-block2-game2_001.npy,sub001,04,2,2,001,1863,1864,1862,1865,2,94559,94611,94660,3,0.8085489038535667,0.8327460382483766,0.9850744086567559,0.5259707068891867,0.4890942677642762,0.34499354751614314,0.04505443572998047,0.21297359466552734,0.521836519241333,0.29620790481567383,0.38799333572387695,0.4876866340637207,26,0,Short
sub001-ses04-block2-game2_001::b0088,test/sub001/ses-04/sub001-ses04-block2-game2_001.npy,sub001,04,2,2,001,1874,1874,1873,1875,1,95123,95123,95175,1,0.7975144415225026,1.026525450739514,0.7836913681372739,0.6281949638904716,0.4112145838181858,0.6094549369148209,3.5913634300231934,3.6448919773101807,4.3465986251831055,0.02290964126586914,0.0,0.36746692657470703,26,0,Short
sub001-ses04-block2-game2_001::b0089,test/sub001/ses-04/sub001-ses04-block2-game2_001.npy,sub001,04,2,2,001,1879,1883,1878,1884,5,95391,95591,95641,1,0.798844772707217,0.9859925732346683,0.7395470653772335,0.49879027244494833,0.4399713290413032,0.5981691018160921,0.3727855682373047,3.903557777404785,0.02518939971923828,0.3156421184539795,0.12664508819580078,0.36894750595092773,26,0,Short
sub001-ses04-block2-game2_001::b0090,test/sub001/ses-04/sub001-ses04-block2-game2_001.npy,sub001,04,2,2,001,1896,1901,1895,1902,6,96283,96532,96581,1,0.7864747447930747,0.8945220549409532,1.0979057187630374,0.5553160585916112,0.5006020224761425,0.25287522496439296,0.34711551666259766,0.20399761199951172,0.06639385223388672,0.7803206443786621,0.09340763092041016,0.06951284408569336,26,0,Short
sub001-ses04-block2-game2_001::b0091,test/sub001/ses-04/sub001-ses04-block2-game2_001.npy,sub001,04,2,2,001,1905,1908,1904,1909,4,96740,96897,96950,1,0.9081758627906125,0.8038695643864882,0.9338895153167364,0.5028588977120776,0.5468899533320226,0.43634535246173445,4.41298770904541,0.2790532112121582,4.65494441986084,0.028294086456298828,0.8514595031738281,0.7368597984313965,26,0,Short
sub001-ses04-block2-game2_001::b0092,test/sub001/ses-04/sub001-ses04-block2-game2_001.npy,sub001,04,2,2,001,1914,1915,1913,1916,2,97214,97264,97312,1,0.8671169855939387,0.783706756719636,1.0304548911982647,0.47913901622277755,0.4864276680375532,0.37011448301461375,0.0788125991821289,3.903193473815918,4.03192663192749,0.4951610565185547,0.006383657455444336,0.22831010818481445,26,0,Short
sub001-ses04-block2-game2_001::b0093,test/sub001/ses-04/sub001-ses04-block2-game2_001.npy,sub001,04,2,2,001,1921,1923,1920,1924,3,97575,97676,97723,1,0.9033195881548957,0.9777382443147347,0.881313666600712,0.5095618609618143,0.4487783129480514,0.5841211682267049,4.23403787612915,0.0,0.01309967041015625,0.5079226493835449,0.0,0.0,26,0,Short
sub001-ses04-block2-game2_001::b0094,test/sub001/ses-04/sub001-ses04-block2-game2_001.npy,sub001,04,2,2,001,1929,1931,1928,1932,3,97993,98092,98144,1,0.8230791032919081,0.9375690077981502,1.0833958125648566,0.47074748809162226,0.47926322600419713,0.2471109312469409,0.37047648429870605,4.252885341644287,0.04359579086303711,0.34920501708984375,0.6869397163391113,0.056812286376953125,26,0,Short
sub001-ses04-block2-game2_001::b0095,test/sub001/ses-04/sub001-ses04-block2-game2_001.npy,sub001,04,2,2,001,1937,1938,1936,1939,2,98407,98459,98512,1,0.7889918686922709,0.9424243881276074,1.061159718423743,0.5281661868111961,0.5032502952455372,0.47416967512860964,0.013087272644042969,0.28096771240234375,0.02689218521118164,0.0,1.344681978225708,0.9975833892822266,26,0,Short
sub001-ses04-block2-game2_001::b0096,test/sub001/ses-04/sub001-ses04-block2-game2_001.npy,sub001,04,2,2,001,1944,1947,1943,1948,4,98785,98940,98988,1,1.172670014093948,0.9567809598385075,0.9856393107382112,0.27988297049245114,0.4643512668684326,0.4475508279747751,0.3835105895996094,0.4606740474700928,0.5930936336517334,1.1061086654663086,0.29042625427246094,1.0203008651733398,26,0,Short
sub001-ses04-block2-game2_001::b0097,test/sub001/ses-04/sub001-ses04-block2-game2_001.npy,sub001,04,2,2,001,1952,1953,1951,1954,2,99213,99263,99311,1,1.1239330909626744,0.8478005058617689,0.9338702045371191,0.3867159393845134,0.49720850703661396,0.5503760976084129,4.081491470336914,3.8175573348999023,3.693695545196533,0.41408777236938477,0.0,0.0,26,0,Short
sub001-ses04-block2-game2_001::b0098,test/sub001/ses-04/sub001-ses04-block2-game2_001.npy,sub001,04,2,2,001,1960,1967,1959,1968,8,99620,99963,100010,2,0.9758250076376904,0.86733784870895,0.9229181310328318,0.47674460351476267,0.48018956325379114,0.5120500752212553,4.015883922576904,3.6043612957000732,0.0,0.4250028133392334,0.06421709060668945,0.0,26,0,Short
sub001-ses04-block2-game2_001::b0099,test/sub001/ses-04/sub001-ses04-block2-game2_001.npy,sub001,04,2,2,001,1980,1990,1979,1991,11,100625,101114,101165,2,1.0093364253822763,0.5827482356799393,0.9698642776712352,0.5096560670345978,0.7396698379145332,0.2846668185548229,0.12795209884643555,0.6343231201171875,0.0,0.7357087135314941,0.3194108009338379,0.0,26,0,Short
sub001-ses04-block2-game2_001::b0100,test/sub001/ses-04/sub001-ses04-block2-game2_001.npy,sub001,04,2,2,001,2000,2003,1999,2004,4,101619,101770,101816,1,0.8487246944620677,0.8216319804307263,1.1279058261612431,0.5083401589772049,0.526407371280259,0.09665119812682177,0.521336555480957,0.27377748489379883,4.439165115356445,0.34284210205078125,0.0,0.041738033294677734,26,0,Short
sub001-ses04-block2-game2_001::b0101,test/sub001/ses-04/sub001-ses04-block2-game2_001.npy,sub001,04,2,2,001,2009,2009,2008,2010,1,102071,102071,102116,3,0.9128565388481682,0.7691563732578909,1.0724219110391693,0.5193212621624883,0.597464046421402,0.3050965489204094,0.18617486953735352,0.3956756591796875,0.0,0.04587078094482422,0.46146678924560547,0.0,26,0,Short
sub001-ses04-block2-game2_001::b0102,test/sub001/ses-04/sub001-ses04-block2-game2_001.npy,sub001,04,2,2,001,2018,2024,2017,2025,7,102527,102828,102875,1,0.888001015962872,0.9397640916126023,1.1420258828297571,0.34027749222652653,0.39838669479406974,0.026538788635289134,0.1937413215637207,4.1426167488098145,4.371713638305664,0.4756903648376465,0.2553272247314453,0.9592685699462891,26,0,Short
sub001-ses04-block2-game2_001::b0103,test/sub001/ses-04/sub001-ses04-block2-game2_001.npy,sub001,04,2,2,001,2043,2061,2042,2062,19,103775,104658,104707,2,0.8648097665044407,0.7574321758971103,0.8283282024137961,0.5885191348542356,0.6553767604685643,0.4975604571773819,0.0,0.0,0.0662531852722168,0.0,0.0,1.3263568878173828,26,0,Short
sub001-ses04-block2-game2_001::b0104,test/sub001/ses-04/sub001-ses04-block2-game2_001.npy,sub001,04,2,2,001,2066,2075,2065,2076,10,104911,105354,105409,2,1.03520206452436,1.0548901637433212,1.155611473944229,0.22342571316763082,0.3602735028423755,0.05192629036583418,3.958117723464966,3.8540115356445312,0.04631948471069336,0.5329687595367432,0.0,1.0069594383239746,26,0,Short
sub001-ses04-block2-game2_001::b0105,test/sub001/ses-04/sub001-ses04-block2-game2_001.npy,sub001,04,2,2,001,2082,2083,2081,2084,2,105690,105741,105790,1,1.0667233784147792,1.0316394870461834,1.1368732248672078,0.309441634634354,0.3425922587426206,0.2378787895863183,3.5832130908966064,3.736943244934082,4.519931793212891,0.49077916145324707,0.44572019577026367,0.3999800682067871,26,0,Short
sub001-ses04-block2-game2_001::b0106,test/sub001/ses-04/sub001-ses04-block2-game2_001.npy,sub001,04,2,2,001,2092,2094,2091,2095,3,106210,106306,106361,1,0.9094443758785239,0.9631058247649591,1.1596191655025414,0.47798999555541455,0.48775584545428974,0.069879165738984,4.1124162673950195,0.03555464744567871,4.300052165985107,0.5358705520629883,0.0,0.2786545753479004,26,0,Short
sub001-ses04-block2-game2_001::b0107,test/sub001/ses-04/sub001-ses04-block2-game2_001.npy,sub001,04,2,2,001,2100,2111,2099,2112,12,106625,107160,107210,2,0.8905106522177847,0.9031573657404013,0.8986565932377018,0.5226734898378924,0.4874724464725084,0.4672728876015172,0.00347137451171875,0.3120543956756592,3.5908665657043457,0.0,0.0,1.1155815124511719,26,0,Short
sub001-ses04-block2-game2_001::b0108,test/sub001/ses-04/sub001-ses04-block2-game2_001.npy,sub001,04,2,2,001,2124,2137,2123,2138,14,107816,108451,108501,1,0.6711676803779316,0.797138732813972,0.7909902904220818,0.7099806624293912,0.5904113715369723,0.5841948341815438,0.28076648712158203,0.0,3.6996915340423584,0.5388896465301514,0.0,0.2893199920654297,26,0,Short
sub001-ses04-block2-game2_001::b0109,test/sub001/ses-04/sub001-ses04-block2-game2_001.npy,sub001,04,2,2,001,2142,2149,2141,2150,8,108703,109049,109100,2,0.9471520592012596,0.9234118368246629,1.064299434732422,0.46795670931942424,0.46087646123860293,0.34214401719763177,3.5488295555114746,0.0,0.0,0.0,0.0,0.0,26,0,Short
sub001-ses04-block2-game2_001::b0110,test/sub001/ses-04/sub001-ses04-block2-game2_001.npy,sub001,04,2,2,001,2157,2195,2156,2196,39,109463,111330,111384,3,0.5793316735455312,0.6547512497284298,0.8472829380780712,0.7536212620813071,0.7068473550837588,0.5630610087292567,0.1381230354309082,0.0,1.581556797027588,0.247542142868042,0.0,0.0,26,1,Long
sub001-ses04-block2-game2_001::b0111,test/sub001/ses-04/sub001-ses04-block2-game2_001.npy,sub001,04,2,2,001,2203,2215,2202,2216,13,111745,112347,112397,1,1.1922484259299264,1.3270974323381861,0.847969344967655,0.28816832546341725,0.065535482490161,0.628839311390173,3.292837381362915,0.0,0.0,0.0,0.0,0.0,26,0,Short
sub001-ses04-block2-game2_001::b0112,test/sub001/ses-04/sub001-ses04-block2-game2_001.npy,sub001,04,2,2,001,2221,2225,2220,2226,5,112639,112841,112890,2,1.102805888553698,1.227867520180026,0.9603475023230092,0.3925746400217438,0.014223028454349917,0.5247026338615024,0.16304707527160645,0.0,0.0,0.15311241149902344,0.0,0.0,26,0,Short
sub001-ses04-block2-game2_001::b0113,test/sub001/ses-04/sub001-ses04-block2-game2_001.npy,sub001,04,2,2,001,2287,2294,2286,2295,8,115885,116230,116278,2,0.986949549843098,0.9282463336518088,1.147197628814021,0.389442755374669,0.4998182243610713,0.31518018642555756,0.05663657188415527,2.9334397315979004,0.21098089218139648,0.1764543056488037,0.3052487373352051,1.0742011070251465,26,0,Short
sub001-ses04-block2-game2_001::b0114,test/sub001/ses-04/sub001-ses04-block2-game2_001.npy,sub001,04,2,2,001,2366,2390,2365,2391,25,119685,120853,120902,3,1.3181255323407384,1.1518028946523664,1.194924089975435,0.017202845511987586,0.33334464950949616,0.09457680157762022,3.0239672660827637,0.0,2.430849075317383,0.64164137840271,0.0,0.23593831062316895,26,0,Short
sub001-ses04-block2-game2_001::b0115,test/sub001/ses-04/sub001-ses04-block2-game2_001.npy,sub001,04,2,2,001,2399,2429,2398,2430,31,121308,122764,122815,1,0.6866594403102726,0.5113084965486686,1.193191879853165,0.674029913250247,0.7912422784237634,0.14589618848365876,0.0009634494781494141,0.0,2.946523666381836,0.4228799343109131,0.0,0.3333446979522705,26,1,Long
sub001-ses04-block2-game2_001::b0116,test/sub001/ses-04/sub001-ses04-block2-game2_001.npy,sub001,04,2,2,001,2443,2445,2442,2446,3,123454,123550,123598,1,1.0265872360012243,0.9430714526606636,1.1399478816329185,0.4172285050695478,0.4161708901413781,0.324608831900249,0.10308170318603516,3.2567546367645264,0.07103586196899414,0.33805274963378906,0.6418266296386719,0.396212100982666,26,0,Short
sub001-ses04-block2-game2_001::b0117,test/sub001/ses-04/sub001-ses04-block2-game2_001.npy,sub001,04,2,2,001,2452,2453,2451,2454,2,123892,123938,123990,1,0.9387365879543708,0.9766140828016167,1.1430049743047885,0.4907026028078487,0.47662847380192286,0.24411846295013906,0.0,0.0,0.0,0.0,0.0,0.0,26,0,Short
sub001-ses04-block2-game2_001::b0118,test/sub001/ses-04/sub001-ses04-block2-game2_001.npy,sub001,04,2,2,001,2458,2461,2457,2462,4,124186,124328,124376,1,0.9228559100251985,0.9340182780740576,1.0614485214177076,0.47328206170764686,0.43542022080102427,0.3373955124241241,0.0,2.98376727104187,2.8315505981445312,0.0,0.0,0.6175336837768555,26,0,Short
sub001-ses04-block2-game2_001::b0119,test/sub001/ses-04/sub001-ses04-block2-game2_001.npy,sub001,04,2,2,001,2467,2468,2466,2469,2,124615,124664,124714,2,0.9587078003729879,0.9336230461821571,1.1573506280406958,0.42499099829942966,0.4608530545856598,0.2830041591267507,0.26398181915283203,0.0,0.02041172981262207,0.5725138187408447,0.0,0.5074968338012695,26,0,Short
sub001-ses04-block2-game2_001::b0120,test/sub001/ses-04/sub001-ses04-block2-game2_001.npy,sub001,04,2,2,001,2494,2497,2493,2498,4,125938,126080,126131,1,0.9978997960908698,1.074181519641758,1.2172370662094654,0.45701755219606843,0.4667783480226444,0.033153842899968144,2.296499252319336,0.205358624458313,2.225731134414673,0.14092326164245605,0.0,0.31508636474609375,26,0,Short
sub001-ses04-block2-game2_001::b0121,test/sub001/ses-04/sub001-ses04-block2-game2_001.npy,sub001,04,2,2,001,2502,2506,2501,2507,5,126330,126527,126576,3,1.0307262244667907,1.0497247262278115,1.2269866279263804,0.5189345077121531,0.47487061921248563,0.145324133036705,2.232226610183716,0.10766148567199707,0.05922055244445801,0.16645264625549316,0.0,0.0,26,0,Short
sub001-ses04-block2-game2_001::b0122,test/sub001/ses-04/sub001-ses04-block2-game2_001.npy,sub001,04,2,2,001,2548,2565,2547,2566,18,128633,129462,129510,3,0.5135588185297075,0.5822852128687632,1.1253455885366317,0.7749942302897342,0.7480093731396813,0.34285959458493726,0.14877104759216309,2.3511698246002197,0.07213807106018066,0.33469271659851074,0.09294462203979492,0.0,26,0,Short
sub001-ses04-block2-game2_001::b0123,test/sub001/ses-04/sub001-ses04-block2-game2_001.npy,sub001,04,2,2,001,2596,2599,2595,2600,4,130999,131142,131190,1,0.9782409073665828,1.095065620576284,1.041857240957957,0.5789122327555549,0.43666064382553516,0.40339423910000394,2.8666043281555176,0.0,0.04232621192932129,0.06975579261779785,0.0,0.3693852424621582,26,0,Short
sub001-ses04-block2-game2_001::b0124,test/sub001/ses-04/sub001-ses04-block2-game2_001.npy,sub001,04,2,2,001,2604,2621,2603,2622,18,131390,132192,132237,1,1.1482936218541688,1.0344873322706987,1.2410255737346023,0.29291496502269404,0.3945250839588408,0.17776553426165626,0.06763792037963867,0.14121413230895996,2.7928624153137207,0.2763514518737793,0.18500852584838867,0.4392828941345215,26,0,Short
sub001-ses04-block2-game2_001::b0125,test/sub001/ses-04/sub001-ses04-block2-game2_001.npy,sub001,04,2,2,001,2627,2629,2626,2630,3,132485,132581,132629,1,1.0631319284620808,1.0069649833986523,1.2554920117294674,0.39919725561194547,0.4018538160301416,0.2651530117803655,3.0445287227630615,0.14821124076843262,2.7866692543029785,0.6615996360778809,0.6939866542816162,0.768347978591919,26,0,Short
sub001-ses04-block2-game2_001::b0126,test/sub001/ses-04/sub001-ses04-block2-game2_001.npy,sub001,04,2,2,001,2634,2637,2633,2638,4,132832,132984,133035,1,1.15857978994016,1.1040440421160078,1.1638342153100205,0.3224941751675293,0.37223229683524395,0.34213748887754436,0.0,0.0,0.3453700542449951,0.0,0.0,0.3566265106201172,26,0,Short
sub001-ses04-block2-game2_001::b0127,test/sub001/ses-04/sub001-ses04-block2-game2_001.npy,sub001,04,2,2,001,2642,2643,2641,2644,2,133234,133286,133333,1,1.0743059019949857,1.1559844128352879,1.2153340461421682,0.38963664598272396,0.33056894703302625,0.3230980749107806,2.717902898788452,0.2905087471008301,0.0,0.40804195404052734,0.33136796951293945,0.0,26,0,Short
sub001-ses04-block2-game2_001::b0128,test/sub001/ses-04/sub001-ses04-block2-game2_001.npy,sub001,04,2,2,001,2649,2652,2648,2653,4,133575,133725,133770,2,1.1170027118690184,1.0759427501778003,1.1126976348078277,0.3709934600123512,0.4006906916481273,0.14255591726627465,2.2982771396636963,0.0,0.0,0.006913423538208008,0.0,0.0,26,0,Short
sub001-ses04-block2-game2_001::b0129,test/sub001/ses-04/sub001-ses04-block2-game2_001.npy,sub001,04,2,2,001,2670,2679,2669,2680,10,134582,135019,135071,3,1.2158139564870767,1.2995353108565455,1.1983234652027173,0.015359969675439233,0.22722805557705167,0.2864780283348715,0.0,0.0,0.017496824264526367,0.0,0.0,0.1885221004486084,26,0,Short
sub001-ses04-block2-game2_001::b0130,test/sub001/ses-04/sub001-ses04-block2-game2_001.npy,sub001,04,2,2,001,2690,2695,2689,2696,6,135578,135823,135875,2,0.8468303131080108,0.4314243825349646,1.1514025035329292,0.5938254745315195,0.8420908087397053,0.4071854249438809,0.16624665260314941,2.1036505699157715,0.19615864753723145,0.3097374439239502,0.0,0.18114066123962402,26,0,Short
sub001-ses04-block2-game2_001::b0131,test/sub001/ses-04/sub001-ses04-block2-game2_001.npy,sub001,04,2,2,001,2704,2705,2703,2706,2,136258,136308,136360,1,1.336435903700638,1.1503193392948023,1.152986240372305,0.19223071763858773,0.40067274599485714,0.41069301155363847,0.27387475967407227,0.10462236404418945,0.0,0.03535103797912598,0.0,0.0,26,0,Short
sub001-ses04-block2-game2_001::b0132,test/sub001/ses-04/sub001-ses04-block2-game2_001.npy,sub001,04,2,2,001,2711,2711,2710,2712,1,136613,136613,136664,2,1.0965737372748723,1.1114216567921673,1.0790021307799902,0.4703954845906788,0.4764537574099863,0.48634450123140677,1.9155973196029663,0.01952219009399414,0.008803129196166992,0.0,0.0,0.0,26,0,Short
sub001-ses04-block2-game2_001::b0133,test/sub001/ses-04/sub001-ses04-block2-game2_001.npy,sub001,04,2,2,001,2724,2731,2723,2732,8,137257,137601,137652,2,1.0999389457153117,1.140990541307974,1.1320295718473454,0.44887898379598123,0.19153824027903465,0.3510157723070625,0.1966385841369629,0.0,1.7870798110961914,0.5476701259613037,0.0,0.0,26,0,Short
sub001-ses04-block2-game2_001::b0134,test/sub001/ses-04/sub001-ses04-block2-game2_001.npy,sub001,04,2,2,001,2766,2767,2765,2768,2,139282,139328,139377,1,1.2725188315778715,1.349805754984167,1.3103158720727244,0.09926713587914943,0.032800168706553556,0.28390030990508364,1.401314616203308,0.0,1.7780137062072754,0.008165240287780762,0.0,0.43814754486083984,26,0,Short
sub001-ses04-block2-game2_001::b0135,test/sub001/ses-04/sub001-ses04-block2-game2_001.npy,sub001,04,2,2,001,2772,2781,2771,2782,10,139564,140004,140056,3,1.1880155987993626,1.1841351820233745,1.2387871052742703,0.40377134545069737,0.36530098965364055,0.3327334863948668,0.0,0.0,0.009725332260131836,0.0,0.0,0.1569499969482422,26,0,Short
sub001-ses04-block2-game2_001::b0136,test/sub001/ses-04/sub001-ses04-block2-game2_001.npy,sub001,04,2,2,001,2804,2808,2803,2809,5,141167,141371,141422,2,0.3018565353979392,0.4027646271683125,1.2140788452814033,0.9017056337429237,0.8514125388435909,0.387336326819265,0.016611099243164062,2.054331064224243,0.037169575691223145,0.030857086181640625,0.015552997589111328,0.1544358730316162,26,0,Short
sub001-ses04-block2-game2_001::b0137,test/sub001/ses-04/sub001-ses04-block2-game2_001.npy,sub001,04,2,2,001,2852,2854,2851,2855,3,143530,143629,143677,1,1.241260464583079,1.2536074546082865,1.0743392745564533,0.357066951095022,0.35984036437257305,0.40968681091995474,0.0,1.96599280834198,0.0,0.0,0.0,0.0,26,0,Short
sub001-ses04-block2-game2_001::b0138,test/sub001/ses-04/sub001-ses04-block2-game2_001.npy,sub001,04,2,2,001,2860,2863,2859,2864,4,143923,144078,144126,1,1.1322202159940993,1.0312749663108443,1.2526468576418897,0.4356940989350481,0.5004851994985324,0.3232609019660908,0.11139059066772461,1.8931372165679932,0.0,0.16203951835632324,0.009147882461547852,0.0,26,0,Short
sub001-ses04-block2-game2_001::b0139,test/sub001/ses-04/sub001-ses04-block2-game2_001.npy,sub001,04,2,2,001,2868,2917,2867,2918,50,144321,146681,146732,3,0.9317166455357295,1.1138990011904955,1.2793145750819626,0.5775055075815585,0.46999183424783275,0.17896883543497294,0.0,0.0,0.07549011707305908,0.0,0.0,0.29753565788269043,26,1,Long
sub001-ses04-block2-game2_001::b0140,test/sub001/ses-04/sub001-ses04-block2-game2_001.npy,sub001,04,2,2,001,2996,3001,2995,3002,6,150597,150857,150910,2,1.3361068022314009,1.4357601538550886,1.151119771627298,0.20040915907057008,0.022437851914981766,0.4632336068972275,1.9339665174484253,0.4397873878479004,0.06556105613708496,0.342401385307312,0.12071382999420166,0.08103609085083008,26,0,Short
sub001-ses04-block2-game2_001::b0141,test/sub001/ses-04/sub001-ses04-block2-game2_001.npy,sub001,04,2,2,001,3049,3057,3048,3058,9,153313,153718,153766,3,0.9726002324801446,0.8866204472172996,1.343841336229619,0.5231544472308887,0.5225766177568136,0.30353051352866334,1.9978282451629639,0.0,1.8211508989334106,0.0,0.0,0.0,26,0,Short
sub001-ses04-block2-game2_001::b0142,test/sub001/ses-04/sub001-ses04-block2-game2_001.npy,sub001,04,2,2,001,3080,3091,3079,3092,12,154869,155401,155457,2,0.6588962299783665,0.6652254025414561,1.3676207911138791,0.7125876205228531,0.7076910897787225,0.3038588828083142,1.667264699935913,1.7804334163665771,0.03530073165893555,0.08032393455505371,0.039032816886901855,0.0,26,0,Short
sub001-ses04-block2-game2_001::b0143,test/sub001/ses-04/sub001-ses04-block2-game2_001.npy,sub001,04,2,2,001,3112,3122,3111,3123,11,156448,156941,156989,2,0.7876351632971016,0.858417603116855,1.0736669664877632,0.6719383712935604,0.6214795605892409,0.505038832894572,0.0,0.0,0.0,0.0,0.0,0.0,26,0,Short
sub001-ses04-block2-game2_001::b0144,test/sub001/ses-04/sub001-ses04-block2-game2_001.npy,sub001,04,2,2,001,3135,3151,3134,3152,17,157585,158364,158415,3,1.0209264080913911,1.1226537955773366,1.3914081462319512,0.4394556942049342,0.255405527558439,0.22277010443017436,0.0,1.3843353986740112,0.0,0.0,0.0,0.0,26,0,Short
sub001-ses04-block2-game2_001::b0145,test/sub001/ses-04/sub001-ses04-block2-game2_001.npy,sub001,04,2,2,001,3162,3166,3161,3167,5,158923,159120,159173,2,0.5888562012874707,0.741012415555613,1.1808901247320838,0.7642114274590015,0.6704837653831667,0.39871848174775687,0.0,0.10271072387695312,0.0,0.0,0.45625758171081543,0.0,26,0,Short
sub001-ses04-block2-game2_001::b0146,test/sub001/ses-04/sub001-ses04-block2-game2_001.npy,sub001,04,2,2,001,3175,3177,3174,3178,3,159554,159658,159716,3,1.0425077137455105,0.973918711055886,1.250536220173532,0.4208716380484147,0.5071033660558554,0.36336511565876023,0.0,1.3005664348602295,0.3503386974334717,0.0,0.017029166221618652,0.13238918781280518,26,0,Short
sub001-ses04-block2-game2_001::b0147,test/sub001/ses-04/sub001-ses04-block2-game2_001.npy,sub001,04,2,2,001,3198,3201,3197,3202,4,160713,160873,160923,1,0.5950886663597268,0.5670876050954158,1.360836060084856,0.7466700657916366,0.7470497883774956,0.24554825264247845,1.4493404626846313,0.0,1.377177119255066,0.0,0.0,0.0,26,0,Short
sub001-ses04-block2-game2_001::b0148,test/sub001/ses-04/sub001-ses04-block2-game2_001.npy,sub001,04,2,2,001,3208,3209,3207,3210,2,161198,161241,161284,1,1.133794644347218,1.2927084508648772,1.2142181215473151,0.49311086077958266,0.2683715683146237,0.3560963870567221,0.0,0.0,0.0,0.0,0.0,0.0,26,0,Short
sub001-ses04-block2-game2_001::b0149,test/sub001/ses-04/sub001-ses04-block2-game2_001.npy,sub001,04,2,2,001,3226,3232,3225,3233,7,162065,162354,162405,2,1.076843493081619,0.9701051547225661,1.3724782638508237,0.34000462005677734,0.4135473904676955,0.2668806398980813,2.1460399627685547,1.745924472808838,1.66973078250885,0.5924892425537109,0.12268650531768799,0.5230937004089355,26,0,Short
sub001-ses04-block2-game2_001::b0150,test/sub001/ses-04/sub001-ses04-block2-game2_001.npy,sub001,04,2,2,001,3251,3259,3250,3260,9,163282,163658,163706,1,1.2577125311996133,1.1988709599932084,1.3043964098189516,0.2668989699959538,0.2079544013050798,0.3194615617567611,0.0,1.0949496030807495,0.0,0.0,0.0,0.0,26,0,Short
sub001-ses04-block2-game2_001::b0151,test/sub001/ses-04/sub001-ses04-block2-game2_001.npy,sub001,04,2,2,001,3266,3269,3265,3270,4,163984,164138,164188,1,1.2613672232210433,1.2749089414289367,1.0546694618355863,0.4275844982911977,0.40863167488148466,0.47406011226938227,0.0,0.0,0.0,0.0,0.0,0.0,26,0,Short
sub001-ses04-block2-game2_001::b0152,test/sub001/ses-04/sub001-ses04-block2-game2_001.npy,sub001,04,2,2,001,3289,3299,3288,3300,11,165138,165626,165671,2,0.5567306686466497,0.6557289644416137,1.2855350380158577,0.7774221195315221,0.6917136688684651,0.33725730170078627,0.14974582195281982,0.04902005195617676,0.992402970790863,0.09216678142547607,0.0,0.018193721771240234,26,0,Short
sub001-ses04-block2-game2_001::b0153,test/sub001/ses-04/sub001-ses04-block2-game2_001.npy,sub001,04,2,2,001,3304,3310,3303,3311,7,165866,166160,166210,3,1.1798537792065198,1.2847287194049712,1.105400808809702,0.08914162905415407,0.12699000985819425,0.499140548561755,0.03692281246185303,0.0,0.0,0.11451685428619385,0.0,0.0,26,0,Short
sub001-ses04-block2-game2_001::b0154,test/sub001/ses-04/sub001-ses04-block2-game2_001.npy,sub001,04,2,2,001,3352,3357,3351,3358,6,168251,168498,168545,2,0.6334988625302955,0.5011328432563168,1.1272995621313993,0.7128610402346021,0.785804952668428,0.5073560533263317,0.013574957847595215,1.3242417573928833,0.06417083740234375,0.20442819595336914,0.0,0.2668200731277466,26,0,Short
sub001-ses04-block2-game2_001::b0155,test/sub001/ses-04/sub001-ses04-block2-game2_001.npy,sub001,04,2,2,001,3372,3394,3371,3395,23,169217,170282,170333,3,1.2391974855612622,1.1417067189982708,1.0212509373748466,0.0346426994138232,0.2285360588099865,0.5775315776241285,0.11732721328735352,0.19984841346740723,1.400439977645874,0.20122981071472168,0.17516231536865234,0.0,26,0,Short
sub001-ses04-block2-game2_001::b0156,test/sub001/ses-04/sub001-ses04-block2-game2_001.npy,sub001,04,2,2,001,3475,3482,3474,3483,8,174293,174613,174666,2,1.1884197419101095,1.226159192004909,0.9923290852300702,0.4027352427341404,0.40182695731061924,0.5995301838644373,1.0014631748199463,0.0,1.0237220525741577,0.0,0.0,0.08021557331085205,26,0,Short
sub001-ses04-block2-game2_001::b0157,test/sub001/ses-04/sub001-ses04-block2-game2_001.npy,sub001,04,2,2,001,3492,3501,3491,3502,10,175104,175541,175595,2,1.0664912699399807,1.1811772959370739,1.1629210045102039,0.4495782842563838,0.29197091870453346,0.45672379522647,1.4569425582885742,0.0,1.0491546392440796,0.0,0.0,0.0,26,0,Short
sub001-ses04-block2-game2_001::b0158,test/sub001/ses-04/sub001-ses04-block2-game2_001.npy,sub001,04,2,2,001,3515,3519,3514,3520,5,176233,176424,176474,3,1.2363071744149359,1.2255061690461446,1.1032476201672432,0.12514336378902513,0.2952653631024648,0.5062903226986598,1.0289249420166016,0.06091952323913574,0.991432249546051,0.0,0.39853477478027344,0.08337914943695068,26,0,Short
sub001-ses04-block2-game2_001::b0159,test/sub001/ses-04/sub001-ses04-block2-game2_001.npy,sub001,04,2,2,001,3538,3543,3537,3544,6,177362,177603,177651,2,0.3546797612382437,0.3536080814858056,0.8819915317475538,0.8751048507812195,0.8747604963259615,0.6321194306619874,0.789201021194458,0.006801724433898926,0.0,0.0,0.34499526023864746,0.0,26,0,Short
sub001-ses04-block2-game2_001::b0160,test/sub001/ses-04/sub001-ses04-block2-game2_001.npy,sub001,04,2,2,001,3552,3559,3551,3560,8,178057,178390,178437,3,0.9949048979393855,0.7406483709097659,0.7686546576513867,0.5059217176404595,0.6550328077758388,0.6877120827339442,0.8729244470596313,0.15445423126220703,0.9588655233383179,0.0,0.1146777868270874,0.23132085800170898,26,0,Short
sub001-ses04-block2-game2_001::b0161,test/sub001/ses-04/sub001-ses04-block2-game2_001.npy,sub001,04,2,2,001,3643,3645,3642,3646,3,182482,182573,182621,2,0.8382272785361015,0.7899715072493102,0.7876462779856143,0.49626150449228784,0.5464833244246401,0.6952594875522943,1.0377262830734253,0.006043434143066406,0.38638919591903687,0.10528743267059326,0.0,1.1282947063446045,26,0,Short
sub001-ses04-block2-game2_001::b0162,test/sub001/ses-04/sub001-ses04-block2-game2_001.npy,sub001,04,2,2,001,3684,3705,3683,3706,22,184483,185505,185558,2,1.015453757165785,1.0611183997171354,1.2168017634818313,0.4436733275002817,0.3928724958169603,0.45926658468348225,0.5653849840164185,0.0,0.11318209767341614,0.0,0.0,0.15798419713974,26,0,Short
sub001-ses04-block2-game2_001::b0163,test/sub001/ses-04/sub001-ses04-block2-game2_001.npy,sub001,04,2,2,001,3724,3727,3723,3728,4,186451,186590,186640,3,0.6554886266860768,1.0949570449818664,0.7666381681178505,0.6696784943971376,0.4087738304916503,0.7237011331981555,0.5424094200134277,0.024333953857421875,0.11140727996826172,0.4568609595298767,0.0,0.08324319124221802,26,0,Short
sub001-ses04-block2-game2_001::b0164,test/sub001/ses-04/sub001-ses04-block2-game2_001.npy,sub001,04,2,2,001,3750,3784,3749,3785,35,187726,189437,189488,2,0.5503526192854729,0.7590974281954826,0.8390525277750465,0.7698972549525174,0.6289367565530946,0.6619866287335385,0.1283102035522461,0.202653169631958,0.5194814801216125,0.28191691637039185,0.1939401626586914,0.26675593852996826,26,1,Long
sub001-ses04-block2-game2_001::b0165,test/sub001/ses-04/sub001-ses04-block2-game2_001.npy,sub001,04,2,2,001,3814,3936,3813,3937,123,191197,198261,198311,2,0.7354553466946141,1.0070020884503372,0.851912467579445,0.5735233559170776,0.3725341076296158,0.6272585573296858,0.0,0.041556477546691895,2.302968978881836,0.0,0.0,1.4399577379226685,26,1,Long
sub001-ses04-block2-game2_001::b0166,test/sub001/ses-04/sub001-ses04-block2-game2_001.npy,sub001,04,2,2,001,4080,4087,4079,4088,8,205425,205767,205812,1,1.070062773784991,0.6607880291782033,0.6968953373308351,0.32170381042226226,0.6986821334875679,0.7432239187596019,0.8597655892372131,0.21215257048606873,0.5416902303695679,1.1425140500068665,1.4266847372055054,0.21001189947128296,26,0,Short
sub001-ses04-block2-game2_001::b0167,test/sub001/ses-04/sub001-ses04-block2-game2_001.npy,sub001,04,2,2,001,4095,4109,4094,4110,15,206146,206848,206905,1,1.1510294479616041,1.4690142615941588,0.46442693112816535,0.3470041041412414,0.19421009213676516,0.8618609266234389,0.0,0.0,0.05004781484603882,0.0,0.0,0.03799605369567871,26,0,Short
sub001-ses04-block2-game2_001::b0168,test/sub001/ses-04/sub001-ses04-block2-game2_001.npy,sub001,04,2,2,001,4126,4133,4125,4134,8,207832,208246,208308,3,0.91008479201187,1.0583110399347102,0.3733519812728272,0.5402363331292492,0.3926545085467238,0.881560197249853,0.0,0.0,0.03471119701862335,0.0,0.0,0.09006983041763306,26,0,Short
sub001-ses04-block2-game2_002::b0001,test/sub001/ses-04/sub001-ses04-block2-game2_002.npy,sub001,04,2,2,002,9,55,8,56,47,464,2794,2849,2,0.8016258715996534,0.8338643133424597,0.6227408735010169,0.2701615855367598,0.09293184988094683,0.7896506556693786,0.0,2.617159843444824,0.05806303024291992,0.0,0.22471022605895996,0.5648038387298584,26,1,Long
sub001-ses04-block2-game2_002::b0002,test/sub001/ses-04/sub001-ses04-block2-game2_002.npy,sub001,04,2,2,002,62,76,61,77,15,3145,3865,3912,2,0.8661183236439639,0.8957706158592039,0.6166622595545223,0.13508318218486393,0.1512167890081899,0.7733246078855656,0.005220651626586914,0.0,2.6160104274749756,0.407426118850708,0.0,0.3881065845489502,26,0,Short
sub001-ses04-block2-game2_002::b0003,test/sub001/ses-04/sub001-ses04-block2-game2_002.npy,sub001,04,2,2,002,85,102,84,103,18,4317,5199,5247,2,0.8100671171719833,0.8481164216589906,0.7952684355608439,0.4645700514748483,0.3872919055664259,0.6886038408768388,2.64943528175354,0.07890510559082031,2.7131528854370117,0.0,0.058458805084228516,0.020146846771240234,26,0,Short
sub001-ses04-block2-game2_002::b0004,test/sub001/ses-04/sub001-ses04-block2-game2_002.npy,sub001,04,2,2,002,111,131,110,132,21,5649,6676,6724,2,0.8936113082120212,0.8081337126090428,0.5985086611998132,0.06276854312160557,0.42093986778806836,0.7585972472089979,0.0,2.676626443862915,0.0,0.0,0.028891324996948242,0.0,26,0,Short
sub001-ses04-block2-game2_002::b0005,test/sub001/ses-04/sub001-ses04-block2-game2_002.npy,sub001,04,2,2,002,139,144,138,145,6,7080,7319,7372,1,0.7931106794354198,0.8036951866445093,0.6603716458336228,0.43233043436479074,0.5003026940666464,0.7377017991362694,0.0,3.4733922481536865,0.2945878505706787,0.0,0.0010800361633300781,0.3058047294616699,26,0,Short
sub001-ses04-block2-game2_002::b0006,test/sub001/ses-04/sub001-ses04-block2-game2_002.npy,sub001,04,2,2,002,153,164,152,165,12,7790,8355,8407,2,0.8784820100255617,0.9403173129805988,0.7151519084941524,0.4289966457505027,0.4359567649415381,0.6988670649971255,0.0,0.0,0.0,0.0,0.0,0.0,26,0,Short
sub001-ses04-block2-game2_002::b0007,test/sub001/ses-04/sub001-ses04-block2-game2_002.npy,sub001,04,2,2,002,191,205,190,206,15,9707,10391,10441,3,0.5208575374503623,0.34983974732854717,0.8146393606645307,0.723459057174396,0.8528137176908405,0.6137863036696707,3.8340682983398438,0.12542080879211426,0.32587337493896484,1.2287437915802002,0.5081541538238525,0.9684264659881592,26,0,Short
sub001-ses04-block2-game2_002::b0008,test/sub001/ses-04/sub001-ses04-block2-game2_002.npy,sub001,04,2,2,002,213,227,212,228,15,10820,11526,11575,1,0.2869564996656225,0.32981283249267274,0.6854343909917028,0.9028985922670576,0.8842867259383518,0.6730418143295472,0.3887355327606201,0.00061798095703125,4.171736240386963,0.7578721046447754,0.5201096534729004,0.0,26,0,Short
sub001-ses04-block2-game2_002::b0009,test/sub001/ses-04/sub001-ses04-block2-game2_002.npy,sub001,04,2,2,002,236,239,235,240,4,12013,12169,12219,1,0.7441854118366524,0.9026475769498072,0.7441431944853967,0.5393205179660473,0.41773041065198796,0.6541215461834329,0.17398405075073242,3.8514151573181152,0.1175680160522461,0.373199462890625,0.0,0.0,26,0,Short
sub001-ses04-block2-game2_002::b0010,test/sub001/ses-04/sub001-ses04-block2-game2_002.npy,sub001,04,2,2,002,245,248,244,249,4,12492,12643,12695,1,0.8235164929509774,0.8417301028166863,0.8443140101563421,0.47553750922058535,0.45704254261309374,0.5169440804029877,0.1423931121826172,4.4158935546875,0.0,0.0,0.27025461196899414,0.0,26,0,Short
sub001-ses04-block2-game2_002::b0011,test/sub001/ses-04/sub001-ses04-block2-game2_002.npy,sub001,04,2,2,002,255,258,254,259,4,13009,13159,13210,1,0.9668586507192607,0.8330359962295169,0.9635847610968701,0.38597999411726747,0.4739288455676116,0.36687787902515967,0.0,4.06932258605957,0.051882266998291016,0.0,0.0,0.13773393630981445,26,0,Short
sub001-ses04-block2-game2_002::b0012,test/sub001/ses-04/sub001-ses04-block2-game2_002.npy,sub001,04,2,2,002,265,269,264,270,5,13537,13744,13792,1,0.8488462304028327,0.8030943627146387,0.7186833285675762,0.4426581234837857,0.46025431551502477,0.6035190857904925,0.0,0.0,0.0,0.0,0.0,0.0,26,0,Short
sub001-ses04-block2-game2_002::b0013,test/sub001/ses-04/sub001-ses04-block2-game2_002.npy,sub001,04,2,2,002,275,277,274,278,3,14055,14158,14211,1,0.8943912484864242,0.8877921803668609,0.7766742290361717,0.4223836889484931,0.4252493287876755,0.560693330213212,3.931612968444824,0.17398738861083984,0.0623021125793457,0.0,0.5665206909179688,0.2417125701904297,26,0,Short
sub001-ses04-block2-game2_002::b0014,test/sub001/ses-04/sub001-ses04-block2-game2_002.npy,sub001,04,2,2,002,285,286,284,287,2,14590,14636,14688,1,0.7657300131645904,0.812467230082723,0.8989244735212355,0.45847729202899207,0.5007977391288393,0.3824820927096023,0.060605525970458984,0.0,0.2567758560180664,0.33342695236206055,0.0,0.3305692672729492,26,0,Short
sub001-ses04-block2-game2_002::b0015,test/sub001/ses-04/sub001-ses04-block2-game2_002.npy,sub001,04,2,2,002,293,294,292,295,2,15024,15074,15126,1,0.8096449395479357,0.8908494666262556,0.9820441247954761,0.5491541765085848,0.38700750616960067,0.3498977716081758,4.920253753662109,4.924766540527344,0.46767759323120117,0.12670660018920898,0.38390636444091797,0.8770565986633301,26,0,Short
sub001-ses04-block2-game2_002::b0016,test/sub001/ses-04/sub001-ses04-block2-game2_002.npy,sub001,04,2,2,002,301,302,300,303,2,15452,15507,15562,1,0.8494987827635151,0.8373866988651555,1.0002378237196072,0.4276951801016559,0.4746916348554916,0.2756861320675334,0.0,0.0,0.041432857513427734,0.0,0.0,0.9907140731811523,26,0,Short
sub001-ses04-block2-game2_002::b0017,test/sub001/ses-04/sub001-ses04-block2-game2_002.npy,sub001,04,2,2,002,307,309,306,310,3,15791,15892,15943,1,0.764129433572003,0.9260056479912057,0.8587634474486291,0.5610765845524025,0.4328635866543036,0.46205936647747836,4.998651027679443,4.42191219329834,0.32428598403930664,0.25971221923828125,0.0,0.5263853073120117,26,0,Short
sub001-ses04-block2-game2_002::b0018,test/sub001/ses-04/sub001-ses04-block2-game2_002.npy,sub001,04,2,2,002,315,317,314,318,3,16212,16316,16367,1,0.7341856598701367,0.768150353095497,0.9284707598500649,0.547269647319263,0.507038307255617,0.4926217768561749,0.0,4.682422637939453,4.704172134399414,0.0,0.0,0.06625652313232422,26,0,Short
sub001-ses04-block2-game2_002::b0019,test/sub001/ses-04/sub001-ses04-block2-game2_002.npy,sub001,04,2,2,002,323,324,322,325,2,16651,16703,16757,1,0.7385098913244084,0.7921126523796681,0.9550327278758727,0.5223434949643407,0.548986041824725,0.2489937046271028,0.15804624557495117,0.07729816436767578,4.977078914642334,0.3286714553833008,0.2769894599914551,0.29657697677612305,26,0,Short
sub001-ses04-block2-game2_002::b0020,test/sub001/ses-04/sub001-ses04-block2-game2_002.npy,sub001,04,2,2,002,329,329,328,330,1,16973,16973,17026,1,0.79259604139639,0.8015434477793185,1.093600046244718,0.5251334779564528,0.517262818141899,0.16116470288671392,4.472604751586914,0.18640375137329102,0.25104856491088867,0.0,0.2514796257019043,0.6573529243469238,26,0,Short
sub001-ses04-block2-game2_002::b0021,test/sub001/ses-04/sub001-ses04-block2-game2_002.npy,sub001,04,2,2,002,334,336,333,337,3,17238,17345,17398,1,0.7550363070909992,0.776078981997734,0.9693799166393626,0.5211968238842587,0.5207511159908844,0.14680001149186855,0.0049285888671875,5.168543815612793,0.061963558197021484,0.6288471221923828,0.5327949523925781,0.719266414642334,26,0,Short
sub001-ses04-block2-game2_002::b0022,test/sub001/ses-04/sub001-ses04-block2-game2_002.npy,sub001,04,2,2,002,387,387,386,388,1,20148,20148,20202,1,0.4613517398248512,0.7897902409263657,1.092829722340078,0.7873405830964737,0.5183272345683092,0.19921908291778379,0.2568812370300293,0.0,0.12977981567382812,0.0549464225769043,0.0,0.07863092422485352,26,0,Short
sub001-ses04-block2-game2_002::b0023,test/sub001/ses-04/sub001-ses04-block2-game2_002.npy,sub001,04,2,2,002,392,393,391,394,2,20435,20490,20545,1,0.7614761396489307,1.0893997329307366,1.2415918205369236,0.5664153037470252,0.3466786615359607,0.1704179990218972,3.531479835510254,0.0,0.23507976531982422,0.0,0.0,0.0,26,0,Short
sub001-ses04-block2-game2_002::b0024,test/sub001/ses-04/sub001-ses04-block2-game2_002.npy,sub001,04,2,2,002,399,401,398,402,3,20820,20926,20978,1,0.7156591148202169,0.7310531121630718,0.8590850866232521,0.5884491596535781,0.5649666644262015,0.45189405901011237,4.924856662750244,0.0,0.0888071060180664,0.1995396614074707,0.0,0.25327253341674805,26,0,Short
sub001-ses04-block2-game2_002::b0025,test/sub001/ses-04/sub001-ses04-block2-game2_002.npy,sub001,04,2,2,002,409,409,408,410,1,21373,21373,21431,1,0.850688778393407,0.7683799993009479,1.03979857647839,0.5105491548068323,0.5705810464825285,0.1754649016487559,0.004178285598754883,4.742369651794434,3.6045825481414795,0.0,0.0,0.0,26,0,Short
sub001-ses04-block2-game2_002::b0026,test/sub001/ses-04/sub001-ses04-block2-game2_002.npy,sub001,04,2,2,002,415,416,414,417,2,21723,21779,21833,1,0.9513714940235862,0.8488446987768408,1.1123753658719926,0.46419319251351143,0.5459226054960731,0.09439372599001555,4.1030192375183105,1.0216522216796875,0.8079462051391602,0.6919035911560059,0.3853120803833008,0.49442100524902344,26,0,Short
sub001-ses04-block2-game2_002::b0027,test/sub001/ses-04/sub001-ses04-block2-game2_002.npy,sub001,04,2,2,002,422,423,421,424,2,22117,22171,22226,1,0.834840587893295,0.7919924835827112,0.9510353002611585,0.48607898892457857,0.5384866846245239,0.18302455894409947,3.732814073562622,0.0,1.0407452583312988,0.42479419708251953,0.0,0.0,26,0,Short
sub001-ses04-block2-game2_002::b0028,test/sub001/ses-04/sub001-ses04-block2-game2_002.npy,sub001,04,2,2,002,428,429,427,430,2,22450,22504,22565,1,0.8357058809478736,0.8569469274224844,0.8023696028363165,0.4939048453014162,0.5472463253515335,0.5293514774914857,0.0,3.39062237739563,0.8795619010925293,0.0,0.0,0.0,26,0,Short
sub001-ses04-block2-game2_002::b0029,test/sub001/ses-04/sub001-ses04-block2-game2_002.npy,sub001,04,2,2,002,449,468,448,469,20,23574,24577,24628,3,0.6541355507423332,0.5621050761028948,1.305613824306342,0.6778269217439198,0.7598064453708189,0.2301295933884494,0.3814830780029297,4.259007930755615,0.07650279998779297,0.45616769790649414,0.2932729721069336,0.5031032562255859,26,0,Short
sub001-ses04-block2-game2_002::b0030,test/sub001/ses-04/sub001-ses04-block2-game2_002.npy,sub001,04,2,2,002,503,506,502,507,4,26446,26611,26666,1,0.7338779821379803,0.9566287779318652,0.8110918697124087,0.5566375243562134,0.5056596708157082,0.4191997808963943,0.0,4.077057838439941,0.5310430526733398,0.0,0.01810741424560547,0.43947839736938477,26,0,Short
sub001-ses04-block2-game2_002::b0031,test/sub001/ses-04/sub001-ses04-block2-game2_002.npy,sub001,04,2,2,002,511,513,510,514,3,26889,26994,27046,1,0.9206295801538139,0.8423717834545411,0.9083865344369491,0.48722071064236505,0.5417464505434323,0.5114669591574429,0.14644384384155273,0.08440446853637695,0.13521051406860352,0.0,0.27396726608276367,0.0,26,0,Short
sub001-ses04-block2-game2_002::b0032,test/sub001/ses-04/sub001-ses04-block2-game2_002.npy,sub001,04,2,2,002,520,521,519,522,2,27374,27426,27477,1,0.8325397066994262,0.9269071011804378,1.0215471003314918,0.5096611963914333,0.43370995411395247,0.36222858457845813,0.06125354766845703,0.059533119201660156,4.841468334197998,0.07387685775756836,0.608159065246582,0.5848464965820312,26,0,Short
sub001-ses04-block2-game2_002::b0033,test/sub001/ses-04/sub001-ses04-block2-game2_002.npy,sub001,04,2,2,002,528,528,527,529,1,27803,27803,27851,2,0.8079416032134225,0.8914271910320198,1.0282616735491408,0.520897776598908,0.4964676402929203,0.24626888838332223,0.10022830963134766,0.20943689346313477,0.0,0.5486397743225098,0.0,0.0,26,0,Short
sub001-ses04-block2-game2_002::b0034,test/sub001/ses-04/sub001-ses04-block2-game2_002.npy,sub001,04,2,2,002,604,610,603,611,7,31692,32005,32055,2,0.9085495983306562,0.8022832470170604,0.9063489480773088,0.45540742197269923,0.45947601045902997,0.3907668547532347,4.943421840667725,5.1866841316223145,0.04625749588012695,0.0,0.31941890716552734,0.6623492240905762,26,0,Short
sub001-ses04-block2-game2_002::b0035,test/sub001/ses-04/sub001-ses04-block2-game2_002.npy,sub001,04,2,2,002,648,659,647,660,12,33967,34532,34583,2,0.9299715792049663,0.8776533823948923,1.0044009424059204,0.45937497634158175,0.4691137852038725,0.40052356609703643,0.19376230239868164,5.295007705688477,0.5759258270263672,0.8977131843566895,1.0064263343811035,0.2829866409301758,26,0,Short
sub001-ses04-block2-game2_002::b0036,test/sub001/ses-04/sub001-ses04-block2-game2_002.npy,sub001,04,2,2,002,687,687,686,688,1,35900,35900,35950,1,0.4189853715788338,0.36187283727814606,0.884382101990722,0.828424385720182,0.8506183591653677,0.5995780816363578,3.677621603012085,0.0,0.04848146438598633,0.21881771087646484,0.0,0.3321809768676758,26,0,Short
sub001-ses04-block2-game2_002::b0037,test/sub001/ses-04/sub001-ses04-block2-game2_002.npy,sub001,04,2,2,002,750,752,749,753,3,38977,39083,39129,1,0.8355473846688699,0.7146780451278415,1.118715616191926,0.5875777759673404,0.6876523336047393,0.19226468073301117,0.32435011863708496,0.47757434844970703,3.0939037799835205,0.8657441139221191,1.1760733127593994,0.0,26,0,Short
sub001-ses04-block2-game2_002::b0038,test/sub001/ses-04/sub001-ses04-block2-game2_002.npy,sub001,04,2,2,002,757,765,756,766,9,39329,39714,39764,3,0.8573130758735326,0.7941004995791743,0.9886203797235225,0.5359180995140669,0.5469635378221346,0.3160825002432158,0.08008623123168945,3.5059356689453125,3.782745122909546,0.16447877883911133,0.49059605598449707,0.16507363319396973,26,0,Short
sub001-ses04-block2-game2_002::b0039,test/sub001/ses-04/sub001-ses04-block2-game2_002.npy,sub001,04,2,2,002,776,800,775,801,25,40266,41453,41498,1,0.5242888636894169,0.5117710741398623,1.1624340519169993,0.7951344156568391,0.7860150578519446,0.1996168588672395,0.12014031410217285,3.702510356903076,4.316946983337402,0.0,0.0,0.03417015075683594,26,0,Short
sub001-ses04-block2-game2_002::b0040,test/sub001/ses-04/sub001-ses04-block2-game2_002.npy,sub001,04,2,2,002,815,818,814,819,4,42202,42352,42404,1,0.9367799684310001,0.940632810306004,1.058361689052579,0.4721293261912364,0.4780321743284516,0.24297845160348358,0.0,0.0,0.0,0.0,0.0,0.0,26,0,Short
sub001-ses04-block2-game2_002::b0041,test/sub001/ses-04/sub001-ses04-block2-game2_002.npy,sub001,04,2,2,002,823,826,822,827,4,42613,42760,42815,1,0.8452728129358986,0.8259134513033553,1.045945829374349,0.5182285133971014,0.5022668526756797,0.23418716127633765,0.0,0.0,0.7181193828582764,0.0,0.0,0.6057553291320801,26,0,Short
sub001-ses04-block2-game2_002::b0042,test/sub001/ses-04/sub001-ses04-block2-game2_002.npy,sub001,04,2,2,002,831,833,830,834,3,43027,43127,43177,1,0.7112394691996682,0.778766847741174,0.9271615558332781,0.5912196784244776,0.5605623123244483,0.38898547168010295,3.752927780151367,0.29048633575439453,0.0435633659362793,0.0,0.7897200584411621,0.28794288635253906,26,0,Short
sub001-ses04-block2-game2_002::b0043,test/sub001/ses-04/sub001-ses04-block2-game2_002.npy,sub001,04,2,2,002,838,840,837,841,3,43384,43480,43531,1,0.8024644487453331,0.913450274380348,0.8215909754037376,0.5443057831354161,0.48169220455952544,0.4145313829654183,0.0,0.04967212677001953,0.0,0.0,1.02492094039917,0.0,26,0,Short
sub001-ses04-block2-game2_002::b0044,test/sub001/ses-04/sub001-ses04-block2-game2_002.npy,sub001,04,2,2,002,845,846,844,847,2,43727,43779,43831,1,0.8771032708919269,0.782757401023067,1.3098557924228862,0.4774943402936833,0.5536863977828266,0.048421793966364535,0.12298202514648438,4.158935546875,0.33182811737060547,0.2863187789916992,0.26327943801879883,0.7770578861236572,26,0,Short
sub001-ses04-block2-game2_002::b0045,test/sub001/ses-04/sub001-ses04-block2-game2_002.npy,sub001,04,2,2,002,851,852,850,853,2,44031,44078,44126,1,0.8127147808583115,0.7803200608482231,0.9917011679884938,0.5527017992453466,0.5247379745662464,0.31611932299534146,4.19052267074585,3.943873167037964,4.380918025970459,0.22133684158325195,0.23345947265625,0.2532172203063965,26,0,Short
sub001-ses04-block2-game2_002::b0046,test/sub001/ses-04/sub001-ses04-block2-game2_002.npy,sub001,04,2,2,002,857,858,856,859,2,44330,44383,44429,1,0.9150244742853122,0.7287732698764233,1.0295134485045683,0.4671725385527665,0.5323586043728857,0.2119285798794392,0.0790872573852539,0.0,4.130361557006836,0.12010622024536133,0.0,0.33075571060180664,26,0,Short
sub001-ses04-block2-game2_002::b0047,test/sub001/ses-04/sub001-ses04-block2-game2_002.npy,sub001,04,2,2,002,863,864,862,865,2,44627,44673,44725,1,0.8767792837077882,0.800530170006425,1.0411635811293023,0.49847875185814317,0.5489157844994346,0.36271164178907644,4.264020919799805,0.0,4.200733184814453,0.3848907947540283,0.0,0.36178064346313477,26,0,Short
sub001-ses04-block2-game2_002::b0048,test/sub001/ses-04/sub001-ses04-block2-game2_002.npy,sub001,04,2,2,002,869,870,868,871,2,44940,44988,45039,1,0.8640530673306311,0.9229145775229537,1.0344670376741554,0.5167769499186776,0.4793139282369243,0.3137352322953997,4.031376361846924,2.9589340686798096,0.07383966445922852,0.0,0.013958454132080078,0.4455704689025879,26,0,Short
sub001-ses04-block2-game2_002::b0049,test/sub001/ses-04/sub001-ses04-block2-game2_002.npy,sub001,04,2,2,002,875,877,874,878,3,45243,45340,45389,1,0.8236076093652158,0.8684340984851958,1.088703526164824,0.4938346598094361,0.5217277257227535,0.38546565623261864,4.019165515899658,4.4031291007995605,0.32253122329711914,0.17047929763793945,0.5185980796813965,0.3085455894470215,26,0,Short
sub001-ses04-block2-game2_002::b0050,test/sub001/ses-04/sub001-ses04-block2-game2_002.npy,sub001,04,2,2,002,881,884,880,885,4,45538,45685,45737,1,0.808958402973873,0.8755016211286535,0.9964060280880939,0.5243979453734088,0.48833431254034604,0.3618956795265741,0.0,4.145134925842285,4.163898468017578,0.0,0.1707134246826172,0.24501252174377441,26,0,Short
sub001-ses04-block2-game2_002::b0051,test/sub001/ses-04/sub001-ses04-block2-game2_002.npy,sub001,04,2,2,002,889,892,888,893,4,45931,46074,46122,1,0.9121394317113675,0.8036586008341177,1.0317037133682059,0.44257583244646126,0.5544474479280352,0.3892070242355923,4.073932647705078,0.04059648513793945,3.7089684009552,0.5198245048522949,0.1083230972290039,0.1535789966583252,26,0,Short
sub001-ses04-block2-game2_002::b0052,test/sub001/ses-04/sub001-ses04-block2-game2_002.npy,sub001,04,2,2,002,897,900,896,901,4,46318,46464,46510,1,0.999051418195536,0.8010026242599995,1.1101349152053768,0.37105579032580105,0.559050175580182,0.2372421403103933,0.11851048469543457,3.9212918281555176,0.0,0.7439336776733398,0.620063066482544,0.0,26,0,Short
sub001-ses04-block2-game2_002::b0053,test/sub001/ses-04/sub001-ses04-block2-game2_002.npy,sub001,04,2,2,002,907,909,906,910,3,46819,46912,46964,1,0.7773781243104426,0.8982024382977505,1.0797049569908879,0.518439019174558,0.4627056706388642,0.2746318375063707,3.8886215686798096,0.0,0.0,0.17056751251220703,0.0,0.0,26,0,Short
sub001-ses04-block2-game2_002::b0054,test/sub001/ses-04/sub001-ses04-block2-game2_002.npy,sub001,04,2,2,002,914,917,913,918,4,47163,47309,47357,1,0.8379489408522361,0.8877774227113877,1.0262515855892038,0.5140697290568012,0.47107317694261125,0.32980446374263195,3.8837318420410156,3.9565799236297607,0.45888686180114746,0.8665575981140137,0.6880769729614258,0.10458993911743164,26,0,Short
sub001-ses04-block2-game2_002::b0055,test/sub001/ses-04/sub001-ses04-block2-game2_002.npy,sub001,04,2,2,002,922,924,921,925,3,47563,47666,47716,1,0.914846279540479,0.828173959357298,0.9793315108788977,0.4502640441417022,0.5404325751667839,0.4775672251455775,0.22823834419250488,0.45751404762268066,0.0,0.27440500259399414,0.3316047191619873,0.0,26,0,Short
sub001-ses04-block2-game2_002::b0056,test/sub001/ses-04/sub001-ses04-block2-game2_002.npy,sub001,04,2,2,002,930,932,929,933,3,47959,48059,48106,1,0.8903339973723987,0.8347166876174409,0.9455282099974901,0.48730400321659073,0.5254042875517817,0.22919747727972156,0.3609495162963867,3.7015345096588135,0.0,0.826364278793335,0.0,0.0,26,0,Short
sub001-ses04-block2-game2_002::b0057,test/sub001/ses-04/sub001-ses04-block2-game2_002.npy,sub001,04,2,2,002,938,941,937,942,4,48355,48504,48551,1,0.9128430065857408,0.8408643153467006,1.0111418624863235,0.4365428352737728,0.5288884654359312,0.4763458778599545,3.8672127723693848,1.0442478656768799,3.8415513038635254,0.0,0.701143741607666,0.05976057052612305,26,0,Short
sub001-ses04-block2-game2_002::b0058,test/sub001/ses-04/sub001-ses04-block2-game2_002.npy,sub001,04,2,2,002,948,948,947,949,1,48849,48849,48898,3,0.9051809986791924,0.8272839180079329,0.9351086527385055,0.4687183842264217,0.45452593791731394,0.5639467819353025,0.0,3.95747971534729,3.519493579864502,0.0,0.5598618984222412,0.0,26,0,Short
sub001-ses04-block2-game2_002::b0059,test/sub001/ses-04/sub001-ses04-block2-game2_002.npy,sub001,04,2,2,002,977,1014,976,1015,38,50359,52166,52214,2,0.35455767816150574,0.30202887679253243,0.9158412375406046,0.8721641589833298,0.8999850939586781,0.591551960651717,0.057019710540771484,3.7970290184020996,0.0715327262878418,0.8714747428894043,0.0010981559753417969,0.0,26,1,Long
sub001-ses04-block2-game2_002::b0060,test/sub001/ses-04/sub001-ses04-block2-game2_002.npy,sub001,04,2,2,002,1031,1052,1030,1053,22,52990,54022,54073,2,0.3187340835713197,0.4993981319833588,0.8435519160253268,0.882674087447863,0.7612485414745505,0.6074438607695257,0.06629562377929688,3.868992328643799,0.20160269737243652,0.15170049667358398,0.0427553653717041,0.42038559913635254,26,0,Short
sub001-ses04-block2-game2_002::b0061,test/sub001/ses-04/sub001-ses04-block2-game2_002.npy,sub001,04,2,2,002,1091,1102,1090,1103,12,55958,56494,56539,3,0.8785416115780477,0.8521923520918753,0.8581011864901487,0.5240548591858976,0.5058528390066923,0.45248508026571155,0.2210245132446289,0.12033605575561523,0.0,0.0,0.662468671798706,0.0,26,0,Short
sub001-ses04-block2-game2_002::b0062,test/sub001/ses-04/sub001-ses04-block2-game2_002.npy,sub001,04,2,2,002,1117,1132,1116,1133,16,57224,57992,58047,3,0.9580481836455997,0.8481350747063875,0.9140661857039872,0.48113096878632416,0.5333096544318141,0.6013536636852747,0.3134479522705078,0.07408642768859863,0.11139631271362305,0.5103340148925781,0.5858564376831055,0.3832414150238037,26,0,Short
sub001-ses04-block2-game2_002::b0063,test/sub001/ses-04/sub001-ses04-block2-game2_002.npy,sub001,04,2,2,002,1147,1150,1146,1151,4,58754,58899,58952,2,0.6468912818517816,0.596893346411502,0.8950794667122425,0.7073456120688563,0.7496391962621731,0.6100527129823786,3.822355031967163,0.12272500991821289,0.18483424186706543,0.14568591117858887,0.20535564422607422,0.07345247268676758,26,0,Short
sub001-ses04-block2-game2_002::b0064,test/sub001/ses-04/sub001-ses04-block2-game2_002.npy,sub001,04,2,2,002,1170,1196,1169,1197,27,59927,61238,61290,2,0.5535636130218423,0.40027813327308587,1.1179064838844028,0.7757770446402139,0.8611950640171286,0.4236264608456994,0.20498371124267578,3.7923810482025146,4.476845741271973,0.4642815589904785,0.0,0.3515777587890625,26,1,Long
sub001-ses04-block2-game2_002::b0065,test/sub001/ses-04/sub001-ses04-block2-game2_002.npy,sub001,04,2,2,002,1224,1226,1223,1227,3,62653,62757,62809,1,1.1356334781648043,1.260946138124857,1.1069116705116713,0.3043056388391671,0.07998371585626729,0.15472219472747284,0.0,0.0,0.9796710014343262,0.0,0.0,0.0,26,0,Short
sub001-ses04-block2-game2_002::b0066,test/sub001/ses-04/sub001-ses04-block2-game2_002.npy,sub001,04,2,2,002,1231,1233,1230,1234,3,63029,63135,63185,1,0.9745480947828496,0.8196831538686629,1.091904687526602,0.508835992859973,0.5863628379832427,0.22694297138658892,0.13161325454711914,1.5498037338256836,0.1682872772216797,0.5281167030334473,0.6975393295288086,0.6306910514831543,26,0,Short
sub001-ses04-block2-game2_002::b0067,test/sub001/ses-04/sub001-ses04-block2-game2_002.npy,sub001,04,2,2,002,1239,1240,1238,1241,2,63444,63493,63540,1,0.7932313204589612,0.8061262549611012,1.0306028454555933,0.5881276301723818,0.5392421409329302,0.024101773871541332,0.0,0.0,0.0,0.0,0.0,0.0,26,0,Short
sub001-ses04-block2-game2_002::b0068,test/sub001/ses-04/sub001-ses04-block2-game2_002.npy,sub001,04,2,2,002,1246,1248,1245,1249,3,63799,63899,63949,1,0.8263290678059596,0.9182181688229679,1.0004248992317692,0.5092784662840728,0.5090882407078778,0.1776936115299193,4.275935649871826,0.0,4.470047473907471,0.6086206436157227,0.0,0.6511516571044922,26,0,Short
sub001-ses04-block2-game2_002::b0069,test/sub001/ses-04/sub001-ses04-block2-game2_002.npy,sub001,04,2,2,002,1255,1258,1254,1259,4,64264,64419,64468,1,0.8824973403639478,0.8649598142131516,1.1044196437404077,0.5473617503491502,0.5526063216165827,0.06633659811481252,0.13765525817871094,0.4488410949707031,0.181310772895813,0.8727834224700928,0.9643878936767578,0.0,26,0,Short
sub001-ses04-block2-game2_002::b0070,test/sub001/ses-04/sub001-ses04-block2-game2_002.npy,sub001,04,2,2,002,1264,1266,1263,1267,3,64727,64827,64874,1,0.8578535657336013,0.8045756696100211,1.017286568925615,0.5531529469960006,0.6043910041545384,0.0791694748657692,4.202207565307617,0.38053226470947266,3.6860837936401367,0.6149482727050781,0.11613202095031738,0.45893216133117676,26,0,Short
sub001-ses04-block2-game2_002::b0071,test/sub001/ses-04/sub001-ses04-block2-game2_002.npy,sub001,04,2,2,002,1273,1274,1272,1275,2,65177,65230,65281,1,0.8470749910274389,0.8181610078223445,1.0378114431931191,0.5287119525851789,0.5529752541197337,0.1381694787985996,3.7120251655578613,3.5049636363983154,0.019162654876708984,0.37932300567626953,0.2404477596282959,0.3205881118774414,26,0,Short
sub001-ses04-block2-game2_002::b0072,test/sub001/ses-04/sub001-ses04-block2-game2_002.npy,sub001,04,2,2,002,1279,1281,1278,1282,3,65481,65579,65624,1,0.888921302754473,0.8605633925384435,1.198505591705845,0.45400307279640784,0.5067352869443684,0.23324999838249932,0.05035281181335449,0.0,0.0,0.0,0.0,0.0,26,0,Short
sub001-ses04-block2-game2_002::b0073,test/sub001/ses-04/sub001-ses04-block2-game2_002.npy,sub001,04,2,2,002,1286,1288,1285,1289,3,65816,65913,65962,1,0.8708860005530756,0.9787889143993929,1.0668520853442265,0.5557372523863131,0.4783925008891982,0.2374187155336076,0.6136903762817383,0.05949807167053223,3.358762741088867,0.8803730010986328,0.0,0.45423007011413574,26,0,Short
sub001-ses04-block2-game2_002::b0074,test/sub001/ses-04/sub001-ses04-block2-game2_002.npy,sub001,04,2,2,002,1295,1297,1294,1298,3,66254,66348,66398,1,0.8639499935962267,0.8102997926183869,1.031342033388251,0.49246543889964833,0.56222775050837,0.18435336830127608,3.2988405227661133,0.0,3.2026002407073975,0.0,0.0,0.0,26,0,Short
sub001-ses04-block2-game2_002::b0075,test/sub001/ses-04/sub001-ses04-block2-game2_002.npy,sub001,04,2,2,002,1303,1306,1302,1307,4,66633,66782,66831,1,0.9629696800963959,0.8454131264968838,1.1241051859857552,0.40983891293241537,0.53712688536591,0.271202533252219,0.08719801902770996,2.8744735717773438,0.07100796699523926,0.2017815113067627,0.43684935569763184,0.03140664100646973,26,0,Short
sub001-ses04-block2-game2_002::b0076,test/sub001/ses-04/sub001-ses04-block2-game2_002.npy,sub001,04,2,2,002,1311,1314,1310,1315,4,67028,67170,67217,1,0.9362913115811738,1.0422131355828355,1.1368340327476156,0.4674591493565749,0.4241705852764165,0.2603508063390429,0.05428457260131836,0.13797831535339355,2.7351574897766113,0.0,0.0,0.0,26,0,Short
sub001-ses04-block2-game2_002::b0077,test/sub001/ses-04/sub001-ses04-block2-game2_002.npy,sub001,04,2,2,002,1320,1322,1319,1323,3,67455,67552,67602,1,1.068973622885553,1.0274457796818024,1.275420731431208,0.38387116116970776,0.37256142006362547,0.23008100561539302,0.0,0.0,0.0,0.0,0.0,0.0,26,0,Short
sub001-ses04-block2-game2_002::b0078,test/sub001/ses-04/sub001-ses04-block2-game2_002.npy,sub001,04,2,2,002,1329,1330,1328,1331,2,67893,67941,67988,5,0.9897145841157953,0.9678980633191105,1.1850378116969975,0.4559472399508685,0.4811906537620825,0.14698961760291251,0.11257672309875488,3.137981414794922,0.1227262020111084,0.7645986080169678,0.7403404712677002,0.46132993698120117,26,0,Short
sub001-ses04-block2-game2_002::b0079,test/sub001/ses-04/sub001-ses04-block2-game2_002.npy,sub001,04,2,2,002,1403,1405,1402,1406,3,71548,71642,71690,1,0.9593026780353886,0.6467982142861615,1.0189859436160862,0.5608167403697677,0.7318110065271826,0.4773781724297165,0.0,0.0,0.4072136878967285,0.0,0.0,0.4575157165527344,26,0,Short
sub001-ses04-block2-game2_002::b0080,test/sub001/ses-04/sub001-ses04-block2-game2_002.npy,sub001,04,2,2,002,1409,1416,1408,1417,8,71832,72163,72211,3,1.017718855515094,0.960527863446279,0.9706440872247277,0.35827009046689884,0.4325972250976452,0.4714621456846338,3.3513264656066895,3.7884654998779297,4.186169147491455,0.0,0.9490337371826172,1.0535616874694824,26,0,Short
sub001-ses04-block2-game2_002::b0081,test/sub001/ses-04/sub001-ses04-block2-game2_002.npy,sub001,04,2,2,002,1453,1454,1452,1455,2,74020,74071,74124,1,0.9436947257357482,0.8721011682891383,0.8457239122669263,0.4813333934615401,0.5233779006940549,0.5460202688415986,3.6288700103759766,0.0,0.01189112663269043,0.034571170806884766,0.0,0.0765841007232666,26,0,Short
sub001-ses04-block2-game2_002::b0082,test/sub001/ses-04/sub001-ses04-block2-game2_002.npy,sub001,04,2,2,002,1462,1464,1461,1465,3,74477,74570,74618,1,0.8976599038594099,0.9160406279655111,0.9954661266200608,0.48061550769513206,0.4422050353516841,0.42580872035889694,0.00995779037475586,3.4360549449920654,3.4015533924102783,0.0,0.0,0.0,26,0,Short
sub001-ses04-block2-game2_002::b0083,test/sub001/ses-04/sub001-ses04-block2-game2_002.npy,sub001,04,2,2,002,1469,1478,1468,1479,10,74824,75267,75317,1,0.9481524604957092,0.9365959042364174,0.9114158293631219,0.448280993104151,0.442017947498567,0.4909161342923739,0.03617525100708008,3.5556399822235107,0.0,0.11503100395202637,0.42357587814331055,0.0,26,0,Short
sub001-ses04-block2-game2_002::b0084,test/sub001/ses-04/sub001-ses04-block2-game2_002.npy,sub001,04,2,2,002,1485,1492,1484,1493,8,75630,75969,76025,2,0.8486073136681684,0.8830372617003392,0.9119649886042334,0.5454154111090361,0.4922388768565073,0.49767744986893603,0.03218412399291992,0.22653579711914062,0.006960391998291016,0.16423463821411133,0.05724644660949707,0.0,26,0,Short
sub001-ses04-block2-game2_002::b0085,test/sub001/ses-04/sub001-ses04-block2-game2_002.npy,sub001,04,2,2,002,1511,1522,1510,1523,12,76912,77466,77512,3,0.4814993454766723,0.8147428902042863,0.8440733792229769,0.8249571660353713,0.5347555967089133,0.628545154881563,3.6940135955810547,0.0348050594329834,0.09034252166748047,0.0,0.0,0.468015193939209,26,0,Short
sub001-ses04-block2-game2_002::b0086,test/sub001/ses-04/sub001-ses04-block2-game2_002.npy,sub001,04,2,2,002,1537,1543,1536,1544,7,78320,78676,78738,3,1.2312890336623663,0.5662227897734105,0.7194793543858414,0.19663703880522704,0.7657710353390331,0.7137362024349906,0.06294041872024536,0.058545682579278946,0.058478936553001404,0.0,0.0,0.04753653705120087,26,0,Short
sub001-ses04-block2-game2_002::b0087,test/sub001/ses-04/sub001-ses04-block2-game2_002.npy,sub001,04,2,2,002,1569,1662,1568,1663,94,80203,85689,85740,2,0.7107197479172993,1.4792266596219048,0.7940327208695531,0.6901159779673592,0.02728624708684685,0.6246945928106995,0.8035938143730164,0.02952202409505844,0.008933544158935547,0.7658882141113281,0.0,0.0,26,1,Long
sub001-ses04-block2-game2_002::b0088,test/sub001/ses-04/sub001-ses04-block2-game2_002.npy,sub001,04,2,2,002,1789,1800,1788,1801,12,92141,92681,92731,2,0.777646078127438,0.9864249257208872,1.0608846595701773,0.5588397534059304,0.45587454101990194,0.35205805278976304,3.9993720054626465,4.732662677764893,0.382537841796875,0.0,0.15988731384277344,0.3682365417480469,26,0,Short
sub001-ses04-block2-game2_002::b0089,test/sub001/ses-04/sub001-ses04-block2-game2_002.npy,sub001,04,2,2,002,1851,1874,1850,1875,24,95261,96389,96436,2,0.7280189910672922,0.8789656646374255,1.0974584088715673,0.5986275852863283,0.5227573074171971,0.2146537450389558,0.3836970329284668,0.0,0.0,0.5910806655883789,0.0,0.0,26,0,Short
sub001-ses04-block2-game2_002::b0090,test/sub001/ses-04/sub001-ses04-block2-game2_002.npy,sub001,04,2,2,002,1902,1909,1901,1910,8,97706,98043,98095,2,1.0357100262799555,0.9770348147301358,1.0347464766333994,0.2695663243932785,0.4555383445073092,0.46890247153332776,0.0,0.13079547882080078,0.0,0.0,0.7870206832885742,0.0,26,0,Short
sub001-ses04-block2-game2_002::b0091,test/sub001/ses-04/sub001-ses04-block2-game2_002.npy,sub001,04,2,2,002,1939,1956,1938,1957,18,99447,100272,100320,1,1.0518166738372887,1.1831203196380065,1.1260495602046237,0.3130222026971652,0.16731735138280707,0.208395310360927,0.0,3.138291358947754,0.22063422203063965,0.0,0.6177887916564941,0.2938234806060791,26,0,Short
sub001-ses04-block2-game2_002::b0092,test/sub001/ses-04/sub001-ses04-block2-game2_002.npy,sub001,04,2,2,002,1962,1976,1961,1977,15,100553,101232,101279,3,0.9929219158125118,0.9305198972052129,0.9887875203164899,0.4277481664376682,0.5101693287091688,0.40574804322305313,0.0,0.0,0.0,0.0,0.0,0.0,26,0,Short
sub001-ses04-block2-game2_002::b0093,test/sub001/ses-04/sub001-ses04-block2-game2_002.npy,sub001,04,2,2,002,1990,2018,1989,2019,29,101919,103279,103329,2,0.6529913648327825,0.4169395476539174,0.9220048100864527,0.7212972382337947,0.8384633835203534,0.5456256153928262,0.0,0.0,2.9074535369873047,0.0,0.0,0.22153878211975098,26,1,Long
sub001-ses04-block2-game2_002::b0094,test/sub001/ses-04/sub001-ses04-block2-game2_002.npy,sub001,04,2,2,002,2058,2072,2057,2073,15,105249,105933,105981,3,0.9778779447374131,0.8800285080235253,0.9995630647881631,0.47529775683321573,0.5167011018863389,0.36257337019733055,0.11803627014160156,3.358450412750244,0.0,0.61708664894104,0.05720257759094238,0.0,26,0,Short
sub001-ses04-block2-game2_002::b0095,test/sub001/ses-04/sub001-ses04-block2-game2_002.npy,sub001,04,2,2,002,2115,2123,2114,2124,9,108097,108489,108540,1,0.5613735202328621,0.761203213187869,1.0860320084575192,0.7658555546789176,0.637456200403581,0.3949502193649956,2.8842132091522217,0.15714621543884277,0.005860805511474609,0.5276618003845215,0.17009663581848145,0.3331642150878906,26,0,Short
sub001-ses04-block2-game2_002::b0096,test/sub001/ses-04/sub001-ses04-block2-game2_002.npy,sub001,04,2,2,002,2130,2134,2129,2135,5,108830,109015,109067,1,0.9934596271521932,1.011188378264952,1.141094677104194,0.4429774281547922,0.44412384031702284,0.3872096092527292,0.0,0.2561025619506836,0.04404592514038086,0.0,0.41085314750671387,0.6011626720428467,26,0,Short
sub001-ses04-block2-game2_002::b0097,test/sub001/ses-04/sub001-ses04-block2-game2_002.npy,sub001,04,2,2,002,2139,2145,2138,2146,7,109260,109550,109595,3,1.0493544946325235,1.1084937813013482,1.0977024739630623,0.37868512196036086,0.38987813105549696,0.3662641537806005,0.15024924278259277,2.4316530227661133,2.934218645095825,0.33887720108032227,0.014294147491455078,0.12811875343322754,26,0,Short
sub001-ses04-block2-game2_002::b0098,test/sub001/ses-04/sub001-ses04-block2-game2_002.npy,sub001,04,2,2,002,2157,2164,2156,2165,8,110133,110471,110518,2,0.5908613722935262,0.6190333303872675,1.2276692317321984,0.7401185580961168,0.7400401290260702,0.2697059024979111,0.025465965270996094,3.095686435699463,0.0,0.2238321304321289,0.577540397644043,0.0,26,0,Short
sub001-ses04-block2-game2_002::b0099,test/sub001/ses-04/sub001-ses04-block2-game2_002.npy,sub001,04,2,2,002,2179,2184,2178,2185,6,111186,111435,111485,2,1.2825175586051636,0.9035928906848467,1.1917150035068913,0.024027817401358398,0.5659966292796166,0.3909672039822845,0.050298213958740234,0.18145346641540527,0.0,0.34783005714416504,0.323641300201416,0.0,26,0,Short
sub001-ses04-block2-game2_002::b0100,test/sub001/ses-04/sub001-ses04-block2-game2_002.npy,sub001,04,2,2,002,2210,2214,2209,2215,5,112680,112881,112929,1,1.1790894159933882,1.156724351665906,1.2403266839582296,0.2507470804613467,0.10582097456357886,0.3028918614445876,0.054990530014038086,2.355468988418579,2.607118844985962,0.0,0.049210548400878906,0.2279059886932373,26,0,Short
sub001-ses04-block2-game2_002::b0101,test/sub001/ses-04/sub001-ses04-block2-game2_002.npy,sub001,04,2,2,002,2221,2242,2220,2243,22,113219,114247,114294,2,1.1197488956874855,1.119787793078296,1.1798987041696478,0.26239604958141577,0.3442949226683991,0.381099494186521,0.07760238647460938,0.17328333854675293,2.5574734210968018,0.2831270694732666,0.3413262367248535,0.10958456993103027,26,0,Short
sub001-ses04-block2-game2_002::b0102,test/sub001/ses-04/sub001-ses04-block2-game2_002.npy,sub001,04,2,2,002,2259,2262,2258,2263,4,115061,115205,115258,1,1.2120178640698795,1.2406722710394564,1.106469043878805,0.27749934230618756,0.26957434622091075,0.34132683978613126,2.7994837760925293,2.5472049713134766,0.22458267211914062,0.7333309650421143,0.208967924118042,0.11472392082214355,26,0,Short
sub001-ses04-block2-game2_002::b0103,test/sub001/ses-04/sub001-ses04-block2-game2_002.npy,sub001,04,2,2,002,2267,2287,2266,2288,21,115455,116414,116458,3,1.0662201428955724,1.0807449607952027,1.102369617745768,0.37551544426853256,0.38175045777099803,0.3197711785588818,2.431126832962036,0.0,0.0,0.03467512130737305,0.0,0.0,26,0,Short
sub001-ses04-block2-game2_002::b0104,test/sub001/ses-04/sub001-ses04-block2-game2_002.npy,sub001,04,2,2,002,2295,2308,2294,2309,14,116793,117424,117470,2,0.842053619577645,0.6807803545223634,1.0973000156839132,0.5910238933954244,0.707880307788598,0.4355284785883936,0.0,0.024361371994018555,0.0,0.0,0.034126996994018555,0.0,26,0,Short
sub001-ses04-block2-game2_002::b0105,test/sub001/ses-04/sub001-ses04-block2-game2_002.npy,sub001,04,2,2,002,2319,2320,2318,2321,2,117945,117992,118042,1,1.2653710217107392,1.0200703592342577,0.9429178341172708,0.19557527895721438,0.44246167383797014,0.45374619415678163,2.8201308250427246,0.0,0.0,0.2111372947692871,0.0,0.0,26,0,Short
sub001-ses04-block2-game2_002::b0106,test/sub001/ses-04/sub001-ses04-block2-game2_002.npy,sub001,04,2,2,002,2326,2328,2325,2329,3,118284,118381,118431,1,0.9643646555460784,0.973288104487406,0.9472303557514548,0.45879375064615036,0.4837935172644119,0.39877663921392237,0.046831369400024414,0.0,2.874890089035034,0.19741272926330566,0.0,0.027254104614257812,26,0,Short
sub001-ses04-block2-game2_002::b0107,test/sub001/ses-04/sub001-ses04-block2-game2_002.npy,sub001,04,2,2,002,2334,2336,2333,2337,3,118661,118759,118809,1,1.032655509661618,1.1119902856100714,0.9784112545153179,0.39644072722954504,0.353194139123802,0.39649473626799664,2.9533016681671143,0.06386923789978027,0.00074005126953125,0.15375876426696777,0.1223452091217041,0.20051145553588867,26,0,Short
sub001-ses04-block2-game2_002::b0108,test/sub001/ses-04/sub001-ses04-block2-game2_002.npy,sub001,04,2,2,002,2342,2344,2341,2345,3,119053,119152,119201,1,1.0114143656375207,0.9237971204827684,1.031807357028995,0.4636500254037996,0.4349221435963586,0.2470532584211257,2.8290748596191406,0.05324077606201172,0.0,0.18237543106079102,0.19354629516601562,0.0,26,0,Short
sub001-ses04-block2-game2_002::b0109,test/sub001/ses-04/sub001-ses04-block2-game2_002.npy,sub001,04,2,2,002,2349,2350,2348,2351,2,119400,119452,119502,1,0.872005234480143,0.9356300900272382,1.0889321350514956,0.5471160499532478,0.494410813202661,0.15230157447755033,3.4888088703155518,0.25075435638427734,3.0338079929351807,0.636314868927002,0.7392230033874512,0.180067777633667,26,0,Short
sub001-ses04-block2-game2_002::b0110,test/sub001/ses-04/sub001-ses04-block2-game2_002.npy,sub001,04,2,2,002,2361,2362,2360,2363,2,119987,120033,120080,1,0.9846593751531314,0.9403753870959283,1.189564897170884,0.48926308151509945,0.48696096899725066,0.19047800518225894,0.20145440101623535,3.0800604820251465,0.23966646194458008,0.0,0.3433094024658203,0.3499124050140381,26,0,Short
sub001-ses04-block2-game2_002::b0111,test/sub001/ses-04/sub001-ses04-block2-game2_002.npy,sub001,04,2,2,002,2368,2369,2367,2370,2,120329,120374,120427,1,0.9773913046887087,0.9969563561752091,1.1358971063250678,0.5127189252080758,0.478065155071989,0.19068761732594403,3.3206427097320557,0.0,3.1114301681518555,0.30687713623046875,0.0,0.0,26,0,Short
sub001-ses04-block2-game2_002::b0112,test/sub001/ses-04/sub001-ses04-block2-game2_002.npy,sub001,04,2,2,002,2375,2376,2374,2377,2,120668,120715,120761,1,0.9682506088033842,0.8689718638665158,1.0724552218969445,0.48175326561843035,0.5057362999057796,0.2420895521789686,3.1096410751342773,0.12437963485717773,3.269019842147827,0.0621492862701416,0.7431678771972656,0.7510123252868652,26,0,Short
sub001-ses04-block2-game2_002::b0113,test/sub001/ses-04/sub001-ses04-block2-game2_002.npy,sub001,04,2,2,002,2382,2384,2381,2385,3,121011,121102,121149,1,0.9280028941121833,0.9084429265531153,1.015928407607501,0.46570950175725945,0.47525335802675445,0.3068464562752248,3.099976062774658,0.0,3.2506067752838135,0.5026633739471436,0.0,0.7424321174621582,26,0,Short
sub001-ses04-block2-game2_002::b0114,test/sub001/ses-04/sub001-ses04-block2-game2_002.npy,sub001,04,2,2,002,2389,2390,2388,2391,2,121342,121387,121436,1,0.927520472732008,1.1247231520807799,1.3167661773359791,0.45113238034724157,0.055163703327639035,0.18768042621541342,3.0499765872955322,0.0,2.5466198921203613,0.5736174583435059,0.0,0.0,26,0,Short
sub001-ses04-block2-game2_002::b0115,test/sub001/ses-04/sub001-ses04-block2-game2_002.npy,sub001,04,2,2,002,2397,2398,2396,2399,2,121734,121784,121830,1,0.9202176299810471,0.9590528341156433,1.3097347894775377,0.5025713697889165,0.4235921261959931,0.13259064673320797,2.80570125579834,2.8461551666259766,0.0,0.23132777214050293,0.2771644592285156,0.0,26,0,Short
sub001-ses04-block2-game2_002::b0116,test/sub001/ses-04/sub001-ses04-block2-game2_002.npy,sub001,04,2,2,002,2404,2405,2403,2406,2,122065,122111,122157,3,0.9542437918213963,0.984838942036694,1.105939820119123,0.4575222011960064,0.3962670406942312,0.21602612738585536,1.660024642944336,0.0,2.6992664337158203,0.0,0.0,0.0,26,0,Short
sub001-ses04-block2-game2_002::b0117,test/sub001/ses-04/sub001-ses04-block2-game2_002.npy,sub001,04,2,2,002,2449,2450,2448,2451,2,124282,124328,124378,1,0.5515071581614861,0.5176088695401441,1.0665374110182244,0.7508371412201451,0.7981182840848262,0.25585728955296816,0.21652603149414062,0.057047128677368164,3.625098466873169,0.8427791595458984,0.5411703586578369,0.4983513355255127,26,0,Short
sub001-ses04-block2-game2_002::b0118,test/sub001/ses-04/sub001-ses04-block2-game2_002.npy,sub001,04,2,2,002,2457,2466,2456,2467,10,124688,125115,125165,3,0.8928411613593042,0.7958116629913463,1.0686130866292554,0.5090824163615344,0.5653855477841173,0.17848001342624253,3.907816171646118,3.5479824542999268,3.1651008129119873,1.0032129287719727,0.20298242568969727,0.0,26,0,Short
sub001-ses04-block2-game2_002::b0119,test/sub001/ses-04/sub001-ses04-block2-game2_002.npy,sub001,04,2,2,002,2477,2480,2476,2481,4,125649,125797,125846,1,0.9039820976786971,0.9254476837534124,1.1049411038680106,0.4722969914219243,0.4552891335147161,0.22366098558316305,3.349794864654541,0.0,3.5898756980895996,0.3770301342010498,0.0,1.004704236984253,26,0,Short
sub001-ses04-block2-game2_002::b0120,test/sub001/ses-04/sub001-ses04-block2-game2_002.npy,sub001,04,2,2,002,2485,2486,2484,2487,2,126041,126088,126136,1,0.9477123242008199,0.91354290156578,1.2075503757379884,0.32422227410700555,0.4316647579291254,0.11535872317237511,2.9119184017181396,0.03358030319213867,0.0,0.023418903350830078,0.8255932331085205,0.0,26,0,Short
sub001-ses04-block2-game2_002::b0121,test/sub001/ses-04/sub001-ses04-block2-game2_002.npy,sub001,04,2,2,002,2493,2494,2492,2495,2,126430,126475,126526,1,0.9531144391360933,1.1617481537800916,1.2104631900664897,0.4728348562271203,0.20276698440914948,0.2739426196067261,2.8290247917175293,0.1548302173614502,3.0098354816436768,0.21602773666381836,0.003908395767211914,0.5227422714233398,26,0,Short
sub001-ses04-block2-game2_002::b0122,test/sub001/ses-04/sub001-ses04-block2-game2_002.npy,sub001,04,2,2,002,2501,2502,2500,2503,2,126818,126865,126913,1,0.9432109299802932,1.0326629493027695,1.0761638274966336,0.462005051027208,0.3880320725485039,0.3597311045204267,0.34065985679626465,0.0,3.292001247406006,0.5413529872894287,0.0,0.5677525997161865,26,0,Short
sub001-ses04-block2-game2_002::b0123,test/sub001/ses-04/sub001-ses04-block2-game2_002.npy,sub001,04,2,2,002,2515,2516,2514,2517,2,127537,127582,127629,2,0.751998714553458,0.9045564307532707,1.1353160423287714,0.59210278556075,0.5525622065230873,0.201200111439732,0.1078641414642334,2.3675217628479004,2.7442703247070312,0.4077575206756592,0.08870315551757812,0.49077892303466797,26,0,Short
sub001-ses04-block2-game2_002::b0124,test/sub001/ses-04/sub001-ses04-block2-game2_002.npy,sub001,04,2,2,002,2527,2564,2526,2565,38,128117,129911,129961,3,1.0759659795978087,0.8927337463853756,1.1400770944224201,0.34883966305142894,0.5441180782987417,0.3083026305131187,2.386084794998169,0.2662358283996582,0.0,0.0,0.660752534866333,0.0,26,1,Long
sub001-ses04-block2-game2_002::b0125,test/sub001/ses-04/sub001-ses04-block2-game2_002.npy,sub001,04,2,2,002,2625,2628,2624,2629,4,132941,133092,133139,1,0.9742380855315725,0.9734070957424226,0.834435418361553,0.5037700551615788,0.42316695080110867,0.6517923591534215,2.9028234481811523,0.09555268287658691,0.2353198528289795,0.001750946044921875,0.4514505863189697,0.42799854278564453,26,0,Short
sub001-ses04-block2-game2_002::b0126,test/sub001/ses-04/sub001-ses04-block2-game2_002.npy,sub001,04,2,2,002,2634,2638,2633,2639,5,133394,133592,133641,2,1.021469009936161,1.0241240381303212,0.9855758312085888,0.4213270827639321,0.4329909076992545,0.5613319687171275,2.815927505493164,3.037808418273926,0.5610561370849609,0.20025897026062012,0.14248991012573242,0.38947296142578125,26,0,Short
sub001-ses04-block2-game2_002::b0127,test/sub001/ses-04/sub001-ses04-block2-game2_002.npy,sub001,04,2,2,002,2661,2672,2660,2673,12,134732,135273,135326,1,0.8462023561324675,1.0335710523937547,1.0921754460688584,0.5549551347706762,0.4554746382336667,0.08051213239019167,0.0,3.511601209640503,3.792348861694336,0.0,0.041239261627197266,0.10309910774230957,26,0,Short
sub001-ses04-block2-game2_002::b0128,test/sub001/ses-04/sub001-ses04-block2-game2_002.npy,sub001,04,2,2,002,2679,2684,2678,2685,6,135627,135875,135928,1,0.8257649484831149,0.8652461898785788,1.0827344114501223,0.5120670484711451,0.5449465549459217,0.17668738129213174,3.425281524658203,3.822157382965088,3.9416027069091797,0.11631369590759277,0.2879631519317627,0.45697975158691406,26,0,Short
sub001-ses04-block2-game2_002::b0129,test/sub001/ses-04/sub001-ses04-block2-game2_002.npy,sub001,04,2,2,002,2688,2691,2687,2692,4,136084,136233,136280,1,0.893293650623879,0.8309364495377692,1.0164597239260857,0.5244836916084257,0.4873865979021541,0.36926816037481774,0.5315797328948975,3.312192678451538,0.05318951606750488,0.5785372257232666,0.0,0.8342177867889404,26,0,Short
sub001-ses04-block2-game2_002::b0130,test/sub001/ses-04/sub001-ses04-block2-game2_002.npy,sub001,04,2,2,002,2697,2698,2696,2699,2,136548,136598,136650,1,0.8796617456135293,0.9058429018742047,0.9306691900971462,0.5255448476501918,0.48695328370307533,0.4067111686675264,3.430051326751709,0.516188383102417,3.5618996620178223,0.5689170360565186,0.0,0.1642627716064453,26,0,Short
sub001-ses04-block2-game2_002::b0131,test/sub001/ses-04/sub001-ses04-block2-game2_002.npy,sub001,04,2,2,002,2705,2707,2704,2708,3,136966,137067,137118,1,1.1789830498502571,1.179079432003496,1.0138648952192735,0.026940152364059555,0.13628984474341088,0.42495403113847535,3.4234511852264404,0.09200739860534668,3.329317331314087,0.5086357593536377,1.0508031845092773,0.0,26,0,Short
sub001-ses04-block2-game2_002::b0132,test/sub001/ses-04/sub001-ses04-block2-game2_002.npy,sub001,04,2,2,002,2713,2713,2712,2714,1,137377,137377,137427,1,0.9754534564026399,0.9889189261198423,0.9485678496388643,0.4903434864478846,0.4568385777703461,0.5437513326371711,0.22365498542785645,0.0,0.1866743564605713,0.0,0.0,0.0,26,0,Short
sub001-ses04-block2-game2_002::b0133,test/sub001/ses-04/sub001-ses04-block2-game2_002.npy,sub001,04,2,2,002,2719,2720,2718,2721,2,137690,137742,137794,1,0.9475272032558972,1.018005635735114,1.0498886452390317,0.4958901582494888,0.44544488961713546,0.4091594163181415,2.7307190895080566,2.4234962463378906,0.11464095115661621,0.0,0.0,0.0,26,0,Short
sub001-ses04-block2-game2_002::b0134,test/sub001/ses-04/sub001-ses04-block2-game2_002.npy,sub001,04,2,2,002,2725,2727,2724,2728,3,138005,138111,138161,1,1.1871260783827642,1.2445100777728881,1.0075485353188505,0.328947962686892,0.30147515098377986,0.47094029058237474,0.0,2.5320539474487305,2.604555368423462,0.0,0.06539344787597656,0.0,26,0,Short
sub001-ses04-block2-game2_002::b0135,test/sub001/ses-04/sub001-ses04-block2-game2_002.npy,sub001,04,2,2,002,2733,2736,2732,2737,4,138418,138574,138625,1,1.0692232169787694,1.0950531011608229,1.016047631053809,0.4758273577471974,0.4232595713038556,0.5459209515621861,0.0,0.0,2.7746920585632324,0.0,0.0,0.3029484748840332,26,0,Short
sub001-ses04-block2-game2_002::b0136,test/sub001/ses-04/sub001-ses04-block2-game2_002.npy,sub001,04,2,2,002,2750,2754,2749,2755,5,139303,139502,139552,1,1.0140769607813447,1.0507251017847625,1.00417686467534,0.500074410932052,0.46107564667637313,0.5048950887470198,2.658362865447998,0.0,0.19744253158569336,0.0,0.0,0.14732837677001953,26,0,Short
sub001-ses04-block2-game2_002::b0137,test/sub001/ses-04/sub001-ses04-block2-game2_002.npy,sub001,04,2,2,002,2757,2760,2756,2761,4,139653,139799,139852,1,1.0777696302270767,1.1276683821151603,1.1586651545561917,0.4820790475008864,0.430100418829825,0.33170809041043503,0.030997276306152344,2.5843796730041504,2.4297146797180176,0.35132551193237305,0.0,0.0,26,0,Short
sub001-ses04-block2-game2_002::b0138,test/sub001/ses-04/sub001-ses04-block2-game2_002.npy,sub001,04,2,2,002,2766,2802,2765,2803,37,140107,141923,141972,2,1.0161727197806973,1.045771194220485,1.1871109567556846,0.5101527381723692,0.45110062047886784,0.40710452053933743,2.9542078971862793,2.7376298904418945,2.0894365310668945,0.014583110809326172,0.0,0.0,26,1,Long
sub001-ses04-block2-game2_002::b0139,test/sub001/ses-04/sub001-ses04-block2-game2_002.npy,sub001,04,2,2,002,2821,2842,2820,2843,22,142872,143916,143964,3,1.0433568278651963,1.1005689424000897,1.059144217101187,0.5013214160419033,0.4318115319018264,0.4636950257047248,2.250378131866455,0.0,0.053052425384521484,0.05217123031616211,0.0,0.21551799774169922,26,0,Short
sub001-ses04-block2-game2_002::b0140,test/sub001/ses-04/sub001-ses04-block2-game2_002.npy,sub001,04,2,2,002,2865,2866,2864,2867,2,145084,145138,145190,2,0.9679283624904864,0.7109195771087454,1.1132710558876808,0.414553045812708,0.6837944563031599,0.3907403901025258,0.7158386707305908,2.245910406112671,0.7648270130157471,0.39594006538391113,0.0,0.7915236949920654,26,0,Short
sub001-ses04-block2-game2_002::b0141,test/sub001/ses-04/sub001-ses04-block2-game2_002.npy,sub001,04,2,2,002,2894,2895,2893,2896,2,146538,146588,146639,1,1.0310387542798312,1.074398037591462,1.289242497198322,0.4583449548884241,0.3687415827496874,0.11005105439758212,2.6870782375335693,0.4674384593963623,2.976395606994629,0.2683236598968506,0.24970221519470215,0.1477189064025879,26,0,Short
sub001-ses04-block2-game2_002::b0142,test/sub001/ses-04/sub001-ses04-block2-game2_002.npy,sub001,04,2,2,002,2903,2904,2902,2905,2,146980,147027,147074,1,1.0747070849814992,0.9865358712123229,1.126654668375526,0.38121409226355074,0.42001821133579637,0.3061321468178464,0.10140800476074219,0.2939307689666748,0.30379486083984375,0.36386537551879883,0.7359919548034668,0.4138355255126953,26,0,Short
sub001-ses04-block2-game2_002::b0143,test/sub001/ses-04/sub001-ses04-block2-game2_002.npy,sub001,04,2,2,002,2910,2912,2909,2913,3,147323,147417,147462,1,1.089919333878576,1.1137314233468656,1.2010550903290242,0.3848627252699454,0.4044682530297034,0.21250756391314185,0.4200468063354492,0.41265296936035156,0.058098554611206055,0.9288949966430664,0.0,0.33947134017944336,26,0,Short
sub001-ses04-block2-game2_002::b0144,test/sub001/ses-04/sub001-ses04-block2-game2_002.npy,sub001,04,2,2,002,2929,2937,2928,2938,9,148256,148653,148708,2,0.9349076406286219,1.0963182909858316,1.3317450353763836,0.4438514013474342,0.3584196574483345,0.1543586846429632,0.3021429777145386,2.1700868606567383,1.5809869766235352,0.0,0.20843517780303955,0.16551685333251953,26,0,Short
sub001-ses04-block2-game2_002::b0145,test/sub001/ses-04/sub001-ses04-block2-game2_002.npy,sub001,04,2,2,002,2954,2957,2953,2958,4,149491,149641,149688,1,1.3554445890797953,1.3357153622568607,1.1849186846531092,0.005170454408149061,0.19951903429650836,0.4275826529045094,0.0,1.9544235467910767,0.1299346685409546,0.0,0.3637547492980957,0.527111291885376,26,0,Short
sub001-ses04-block2-game2_002::b0146,test/sub001/ses-04/sub001-ses04-block2-game2_002.npy,sub001,04,2,2,002,2965,2967,2964,2968,3,150024,150118,150168,1,1.092599036960284,1.1626600009765866,1.0896048243010568,0.45220103194522054,0.40717813624033283,0.5175538985999305,0.0,0.0,1.8036739826202393,0.0,0.0,0.31758689880371094,26,0,Short
sub001-ses04-block2-game2_002::b0147,test/sub001/ses-04/sub001-ses04-block2-game2_002.npy,sub001,04,2,2,002,2973,2976,2972,2977,4,150406,150552,150599,1,1.1774422927441408,1.1620092399164967,1.3746649692621,0.40592164115476054,0.38091949781356194,0.2729171720075328,0.0,0.0,0.15794909000396729,0.0,0.0,0.3267127275466919,26,0,Short
sub001-ses04-block2-game2_002::b0148,test/sub001/ses-04/sub001-ses04-block2-game2_002.npy,sub001,04,2,2,002,2981,2985,2980,2986,5,150794,150994,151042,1,1.3324173174784544,1.2140760044206709,1.1928766498575765,0.30809751006052566,0.37894252559369124,0.4551896187401827,0.0,1.1376094818115234,1.7313964366912842,0.0,0.0434192419052124,0.784656286239624,26,0,Short
sub001-ses04-block2-game2_002::b0149,test/sub001/ses-04/sub001-ses04-block2-game2_002.npy,sub001,04,2,2,002,3033,3041,3032,3042,9,153359,153746,153802,1,1.1545974226147038,1.2230689140366813,1.2345114178496193,0.4550424691211514,0.4277983637478221,0.38918259442276865,1.3827182054519653,0.0,1.2903480529785156,0.1919952630996704,0.0,0.06332409381866455,26,0,Short
sub001-ses04-block2-game2_002::b0150,test/sub001/ses-04/sub001-ses04-block2-game2_002.npy,sub001,04,2,2,002,3063,3066,3062,3067,4,154806,154957,155007,1,1.291579506737638,1.1937850407192387,1.1168408593322292,0.38138835589294473,0.43930268966564634,0.49726930292265437,0.0,1.3995822668075562,1.2104355096817017,0.0,0.4708303213119507,0.0,26,0,Short
sub001-ses04-block2-game2_002::b0151,test/sub001/ses-04/sub001-ses04-block2-game2_002.npy,sub001,04,2,2,002,3074,3074,3073,3075,1,155344,155344,155395,1,1.1944578303153057,1.2515103131045722,1.1831766444412168,0.4338767355349218,0.3356314973450511,0.422787385846988,0.0,0.0,0.18158161640167236,0.0,0.0,0.4192718267440796,26,0,Short
sub001-ses04-block2-game2_002::b0152,test/sub001/ses-04/sub001-ses04-block2-game2_002.npy,sub001,04,2,2,002,3082,3086,3081,3087,5,155725,155918,155966,1,1.1675708715435464,1.2234621536921741,1.3194478866662191,0.4401484980827808,0.40435277109463047,0.20051032662943197,1.7100157737731934,0.0,1.7774274349212646,0.4657500982284546,0.0,0.2862968444824219,26,0,Short
sub001-ses04-block2-game2_002::b0153,test/sub001/ses-04/sub001-ses04-block2-game2_002.npy,sub001,04,2,2,002,3092,3098,3091,3099,7,156207,156492,156536,3,1.1795331001880154,1.2721732099474172,1.4031992247868168,0.4335242895163369,0.341569832011599,0.13597880703129706,0.0,0.0,0.0,0.0,0.0,0.0,26,0,Short
sub001-ses04-block2-game2_002::b0154,test/sub001/ses-04/sub001-ses04-block2-game2_002.npy,sub001,04,2,2,002,3153,3157,3152,3158,5,159224,159417,159466,1,0.6847080086666286,1.1092320869295298,1.101640920438241,0.6844396814188698,0.3715809879823969,0.5297093436735533,0.08248245716094971,0.0,0.0,0.07800352573394775,0.0,0.0,26,0,Short
sub001-ses04-block2-game2_002::b0155,test/sub001/ses-04/sub001-ses04-block2-game2_002.npy,sub001,04,2,2,002,3163,3164,3162,3165,2,159697,159743,159794,2,1.437277182169429,1.44141530193754,1.0119064588899476,0.17488263997494224,0.18197842423636162,0.5608173454688539,0.0,0.0,0.0,0.0,0.0,0.0,26,0,Short
sub001-ses04-block2-game2_002::b0156,test/sub001/ses-04/sub001-ses04-block2-game2_002.npy,sub001,04,2,2,002,3270,3280,3269,3281,11,164939,165405,165452,3,1.348965372882792,1.3853592727607797,1.2831395235793008,0.04691624886303081,0.0007228967665100505,0.29617085960917866,1.3306726217269897,0.0,1.2230100631713867,0.35334157943725586,0.0,0.0,26,0,Short
sub001-ses04-block2-game2_002::b0157,test/sub001/ses-04/sub001-ses04-block2-game2_002.npy,sub001,04,2,2,002,3289,3300,3288,3301,12,165847,166383,166434,3,0.856588816281384,0.538502579816124,1.254254443944985,0.5538012142033184,0.7853269050856141,0.3567733455546076,1.8216336965560913,0.6762006282806396,0.014596819877624512,0.8727461099624634,1.0220919847488403,0.5889579057693481,26,0,Short
sub001-ses04-block2-game2_002::b0158,test/sub001/ses-04/sub001-ses04-block2-game2_002.npy,sub001,04,2,2,002,3324,3331,3323,3332,8,167561,167903,167952,3,1.0405188983776537,0.9494034779130436,1.3709748041973937,0.5265073192830025,0.5106794972952087,0.19249106352160233,0.28318023681640625,0.3346956968307495,1.801253080368042,0.6858570575714111,0.4976205825805664,0.6654301881790161,26,0,Short
sub001-ses04-block2-game2_002::b0159,test/sub001/ses-04/sub001-ses04-block2-game2_002.npy,sub001,04,2,2,002,3353,3357,3352,3358,5,168950,169137,169181,2,0.5357981640107039,0.5186817329111708,1.1224689647983892,0.7912821808189735,0.7858121492458863,0.4811372408385531,0.0,1.6921203136444092,1.362309217453003,0.0,0.0,0.22805964946746826,26,0,Short
sub001-ses04-block2-game2_002::b0160,test/sub001/ses-04/sub001-ses04-block2-game2_002.npy,sub001,04,2,2,002,3369,3390,3368,3391,22,169681,170684,170730,3,1.343684152877998,1.2386616267026,1.1820317491279246,0.2483001199131037,0.3745462269240025,0.4274959306057591,0.018913865089416504,0.0,1.0872249603271484,0.0,0.0,0.0,26,0,Short
sub001-ses04-block2-game2_002::b0161,test/sub001/ses-04/sub001-ses04-block2-game2_002.npy,sub001,04,2,2,002,3413,3430,3412,3431,18,171827,172652,172698,3,0.43209575879849715,0.37846430589335234,1.0901183051225112,0.8245859502925198,0.8624394203299286,0.3926499335436432,1.0218451023101807,1.0807636976242065,1.0490151643753052,0.0,0.1783062219619751,0.1193385124206543,26,0,Short
sub001-ses04-block2-game2_002::b0162,test/sub001/ses-04/sub001-ses04-block2-game2_002.npy,sub001,04,2,2,002,3454,3456,3453,3457,3,173838,173934,173986,2,0.6997352643987368,0.5437143592164705,1.0163585953307588,0.6637249336319555,0.7842326027632953,0.5708232299138476,0.1713646650314331,1.1928722858428955,0.03115522861480713,0.07213330268859863,0.026346683502197266,0.31735479831695557,26,0,Short
sub001-ses04-block2-game2_002::b0163,test/sub001/ses-04/sub001-ses04-block2-game2_002.npy,sub001,04,2,2,002,3472,3560,3471,3561,89,174718,179013,179065,1,1.1485463493107848,1.3743083625142731,1.1206128835138356,0.34945558556274753,0.10099232744934605,0.5099971464383024,1.3395613431930542,0.0,0.0,0.4418987035751343,0.0,0.0,26,1,Long
sub001-ses04-block2-game2_002::b0164,test/sub001/ses-04/sub001-ses04-block2-game2_002.npy,sub001,04,2,2,002,3568,3607,3567,3608,40,179407,181351,181395,2,1.174847162206977,1.2355182871714168,0.8714839726547896,0.4522004543024316,0.4110570465210299,0.6283214157273069,1.5170490741729736,0.0,1.2345038652420044,0.15215694904327393,0.0,0.8527318239212036,26,1,Long
sub001-ses04-block2-game2_002::b0165,test/sub001/ses-04/sub001-ses04-block2-game2_002.npy,sub001,04,2,2,002,3644,3662,3643,3663,19,183209,184095,184143,1,0.6785750982108193,0.5438759315262434,1.2236721847129508,0.7033185016154574,0.7784311311822516,0.4526364504234577,0.8739863038063049,0.0,0.0,0.0,0.0,0.0,26,0,Short
sub001-ses04-block2-game2_002::b0166,test/sub001/ses-04/sub001-ses04-block2-game2_002.npy,sub001,04,2,2,002,3672,3728,3671,3729,57,184558,187328,187381,3,1.1791819375222183,1.2441990875975506,0.5336808205939245,0.4248314837731566,0.35866776509042453,0.828026974221149,0.01891458034515381,0.812978208065033,0.1678464412689209,0.1419283151626587,0.0,0.353468656539917,26,1,Long
sub001-ses04-block2-game2_002::b0167,test/sub001/ses-04/sub001-ses04-block2-game2_002.npy,sub001,04,2,2,002,3757,3784,3756,3785,28,188780,190121,190171,2,0.39698284059333844,0.46663189970520197,0.6415222255763258,0.842224125468251,0.8048250353806188,0.7678076114647645,0.05575251579284668,0.0,0.00971674919128418,0.293851375579834,0.0,0.07341623306274414,26,1,Long
sub001-ses04-block2-game2_002::b0168,test/sub001/ses-04/sub001-ses04-block2-game2_002.npy,sub001,04,2,2,002,3797,3857,3796,3858,61,190760,193817,193865,1,0.9785911689883438,0.9890963301733806,0.6055723405411196,0.18790356471052183,0.10171336778450801,0.7745057661207021,2.982194662094116,0.016779422760009766,0.10690021514892578,0.129502534866333,0.0,0.0,26,1,Long
sub001-ses04-block2-game2_002::b0169,test/sub001/ses-04/sub001-ses04-block2-game2_002.npy,sub001,04,2,2,002,3871,3889,3870,3890,19,194536,195434,195485,3,1.3589793551453448,1.3701875716820082,0.7112383775208505,0.14721210739669718,0.14376143352574539,0.7247974628627702,3.5318870544433594,0.06347417831420898,3.3509323596954346,0.06327581405639648,0.0,0.0,26,0,Short
sub001-ses04-block2-game2_002::b0170,test/sub001/ses-04/sub001-ses04-block2-game2_002.npy,sub001,04,2,2,002,3921,3922,3920,3923,2,197091,197139,197192,1,1.0991190337526056,1.1146302547597684,0.8153984178019567,0.49004329085284193,0.4703266287825101,0.6650578959063292,0.0012743473052978516,0.0,0.0,0.01063227653503418,0.0,0.0,26,0,Short
sub001-ses04-block2-game2_002::b0171,test/sub001/ses-04/sub001-ses04-block2-game2_002.npy,sub001,04,2,2,002,3928,3930,3927,3931,3,197457,197560,197607,1,0.9137304259298801,1.0164019845565266,0.8085149585066862,0.4366666848169677,0.3448838713091182,0.6477259571628404,3.5611603260040283,3.473452091217041,0.0,0.01905202865600586,0.0455937385559082,0.0,26,0,Short
sub001-ses04-block2-game2_002::b0172,test/sub001/ses-04/sub001-ses04-block2-game2_002.npy,sub001,04,2,2,002,3937,3939,3936,3940,3,197911,198011,198061,1,0.9510116923445432,1.0082461066325736,0.8763803178150403,0.4158061285115537,0.3461917186886218,0.601731503482125,3.412043571472168,0.0,3.532383441925049,0.0,0.0,0.0,26,0,Short
sub001-ses04-block2-game2_002::b0173,test/sub001/ses-04/sub001-ses04-block2-game2_002.npy,sub001,04,2,2,002,3945,3948,3944,3949,4,198326,198480,198530,1,0.9435364725152438,0.9727209295665482,0.813586241517006,0.41951143820010395,0.3923616469486866,0.6383967566120533,0.036020755767822266,3.6401782035827637,0.024489879608154297,0.1374955177307129,0.1574094295501709,0.13437819480895996,26,0,Short
sub001-ses04-block2-game2_002::b0174,test/sub001/ses-04/sub001-ses04-block2-game2_002.npy,sub001,04,2,2,002,3979,3991,3978,3992,13,200040,200620,200671,1,0.6684121386636778,0.711740498504434,0.662441835905647,0.6455324406261385,0.5134849403807251,0.7397261259019853,4.0259175300598145,0.0,4.385640621185303,0.7508838176727295,0.0,0.7028162479400635,26,0,Short
sub001-ses04-block2-game2_002::b0175,test/sub001/ses-04/sub001-ses04-block2-game2_002.npy,sub001,04,2,2,002,3997,3998,3996,3999,2,200934,200982,201032,1,0.8278365198605013,0.9447613009303388,0.7410686833345712,0.494313319141243,0.41026156022460336,0.6803197093737259,0.17526531219482422,0.14485406875610352,0.0,0.9913144111633301,0.10504436492919922,0.0,26,0,Short
sub001-ses04-block2-game2_002::b0176,test/sub001/ses-04/sub001-ses04-block2-game2_002.npy,sub001,04,2,2,002,4005,4006,4004,4007,2,201339,201392,201445,1,0.7498182170625194,0.8018171504642588,0.8065071569550735,0.54125286571613,0.5403027449668134,0.5902630889038122,4.921344757080078,4.069228649139404,0.32772302627563477,1.1781973838806152,0.0,1.0923347473144531,26,0,Short
sub001-ses04-block2-game2_002::b0177,test/sub001/ses-04/sub001-ses04-block2-game2_002.npy,sub001,04,2,2,002,4013,4014,4012,4015,2,201759,201808,201853,1,0.8424808761968139,1.0579504827897521,0.6455477547095038,0.4933875677616215,0.3743472204340928,0.703653631449802,4.90968132019043,0.16961288452148438,0.0,0.5709524154663086,0.46402883529663086,0.0,26,0,Short
sub001-ses04-block2-game2_002::b0178,test/sub001/ses-04/sub001-ses04-block2-game2_002.npy,sub001,04,2,2,002,4020,4022,4019,4023,3,202116,202215,202266,1,0.7723250592687838,0.798373417219849,0.8556715113061408,0.5239605756083714,0.5616058452190429,0.5687167276392502,0.47390317916870117,4.765474319458008,0.09905719757080078,1.106635570526123,0.2547311782836914,0.8903894424438477,26,0,Short
sub001-ses04-block2-game2_002::b0179,test/sub001/ses-04/sub001-ses04-block2-game2_002.npy,sub001,04,2,2,002,4027,4030,4026,4031,4,202482,202631,202681,1,0.8309642614635095,0.7838951451863387,0.890509412888043,0.4924481700639597,0.5204668269690854,0.44677012665722593,0.3654494285583496,4.750768184661865,5.013404846191406,1.1517081260681152,0.6668558120727539,0.4374656677246094,26,0,Short
sub001-ses04-block2-game2_002::b0180,test/sub001/ses-04/sub001-ses04-block2-game2_002.npy,sub001,04,2,2,002,4035,4038,4034,4039,4,202898,203054,203108,1,0.8730605421176736,0.8361702385051504,1.01295961831414,0.481890603094474,0.47206660480006746,0.35546262287987407,0.02218151092529297,0.3387589454650879,0.48746204376220703,0.0,0.586127758026123,0.4173598289489746,26,0,Short
sub001-ses04-block2-game2_002::b0181,test/sub001/ses-04/sub001-ses04-block2-game2_002.npy,sub001,04,2,2,002,4043,4044,4042,4045,2,203320,203369,203419,3,1.0071743980610053,0.8339250621150748,0.8791779268367141,0.4048718397177071,0.4633949281955578,0.4426032267922667,0.09546041488647461,0.0,4.606997489929199,0.20172643661499023,0.0,0.0,26,0,Short
sub001-ses04-block2-game2_002::b0182,test/sub001/ses-04/sub001-ses04-block2-game2_002.npy,sub001,04,2,2,002,4051,4053,4050,4054,3,203726,203833,203888,1,0.46107376602056416,0.541780821538783,0.9509893956361767,0.8227309247074653,0.7755557320267602,0.5697408139522548,0.0,4.156091690063477,0.004016876220703125,0.0,0.0,0.14366865158081055,26,0,Short
sub001-ses04-block2-game2_002::b0183,test/sub001/ses-04/sub001-ses04-block2-game2_002.npy,sub001,04,2,2,002,4059,4061,4058,4062,3,204163,204272,204320,1,0.8737456188601351,0.7767680923537701,0.7966743306309114,0.4629375353881211,0.5147742245935645,0.5630624348597594,4.445496559143066,0.17930078506469727,0.0,0.07136154174804688,0.026424407958984375,0.0,26,0,Short
sub001-ses04-block2-game2_002::b0184,test/sub001/ses-04/sub001-ses04-block2-game2_002.npy,sub001,04,2,2,002,4075,4082,4074,4083,8,204966,205318,205371,1,0.6439275193077278,0.5721118494699099,0.9382960095546332,0.6862506450622505,0.6998556910160355,0.4898162018227572,4.1314568519592285,0.0,4.313609600067139,0.04617786407470703,0.0,0.0,26,0,Short
sub001-ses04-block2-game2_002::b0185,test/sub001/ses-04/sub001-ses04-block2-game2_002.npy,sub001,04,2,2,002,4097,4099,4096,4100,3,206098,206205,206254,1,0.8327992794889738,0.8816124945442019,1.0207876795608364,0.5100183306262052,0.4907860189027453,0.48096220423115,0.0,4.923183441162109,0.24149465560913086,0.0,0.5534687042236328,0.09149456024169922,26,0,Short
sub001-ses04-block2-game2_002::b0186,test/sub001/ses-04/sub001-ses04-block2-game2_002.npy,sub001,04,2,2,002,4157,4158,4156,4159,2,209319,209372,209427,1,0.7213372591539692,0.7784901592247652,1.1714674113555723,0.555457863517528,0.5524554726453283,0.1918157553469827,0.017434120178222656,0.577789306640625,0.0,0.29399871826171875,0.22941017150878906,0.0,26,0,Short
sub001-ses04-block2-game2_002::b0187,test/sub001/ses-04/sub001-ses04-block2-game2_002.npy,sub001,04,2,2,002,4164,4167,4163,4168,4,209696,209856,209913,1,0.7890740744457919,0.7424167866931402,1.3503043939223975,0.5668562481123158,0.5778287011061527,0.034300704518531955,4.642149925231934,0.0,0.1441822052001953,0.0,0.0,0.0,26,0,Short
sub001-ses04-block2-game2_002::b0188,test/sub001/ses-04/sub001-ses04-block2-game2_002.npy,sub001,04,2,2,002,4172,4174,4171,4175,3,210127,210228,210283,1,0.7868316766298648,0.7220724558515951,1.0531686946373688,0.5446442705257457,0.6082863691413458,0.10248560212458363,0.005230903625488281,5.023658275604248,5.085524559020996,0.47388696670532227,0.24059009552001953,0.5139899253845215,26,0,Short
sub001-ses04-block2-game2_002::b0189,test/sub001/ses-04/sub001-ses04-block2-game2_002.npy,sub001,04,2,2,002,4180,4182,4179,4183,3,210548,210657,210704,1,0.8456771945045395,0.7350053120168385,1.002161161774764,0.49280536457173396,0.5709081247712658,0.14735441644895353,0.17251873016357422,0.543236255645752,0.06057262420654297,0.6737461090087891,0.0,0.09277868270874023,26,0,Short
sub001-ses04-block2-game2_002::b0190,test/sub001/ses-04/sub001-ses04-block2-game2_002.npy,sub001,04,2,2,002,4188,4190,4187,4191,3,210972,211075,211127,1,0.7665207451419636,0.756055041022815,1.055101581559547,0.5220856697908807,0.5671472194593088,0.06759328814536092,3.84832501411438,4.547055244445801,4.590811252593994,0.0,0.18299150466918945,0.2908353805541992,26,0,Short
sub001-ses04-block2-game2_002::b0191,test/sub001/ses-04/sub001-ses04-block2-game2_002.npy,sub001,04,2,2,002,4195,4198,4194,4199,4,211341,211492,211543,1,0.8318026076570466,0.7625982210109394,1.0982458545789786,0.4979648780007695,0.5034840983834968,0.005239447219942961,0.05399799346923828,3.9761416912078857,4.643625259399414,0.970405101776123,0.05220651626586914,0.29544973373413086,26,0,Short
sub001-ses04-block2-game2_002::b0192,test/sub001/ses-04/sub001-ses04-block2-game2_002.npy,sub001,04,2,2,002,4204,4207,4203,4208,4,211815,211968,212015,1,0.7906872380663068,0.8697046739687927,1.1910340848742902,0.5760490678209782,0.4930337763871397,0.023422989335474043,0.009869098663330078,3.6117942333221436,0.0,0.35682010650634766,0.0,0.0,26,0,Short
sub001-ses04-block2-game2_002::b0193,test/sub001/ses-04/sub001-ses04-block2-game2_002.npy,sub001,04,2,2,002,4213,4215,4212,4216,3,212276,212387,212441,1,0.8659361878876084,0.8149525666020402,1.09228387664968,0.5102144437797386,0.5438288690317148,0.2212272527653878,0.0,4.326951503753662,4.545702934265137,0.0,0.2812333106994629,0.39678525924682617,26,0,Short
sub001-ses04-block2-game2_002::b0194,test/sub001/ses-04/sub001-ses04-block2-game2_002.npy,sub001,04,2,2,002,4221,4223,4220,4224,3,212713,212823,212873,1,0.7089602784240157,0.8322334609746505,1.1255841599235326,0.6060645634447445,0.5538940269499741,0.053618324836167186,0.339691162109375,4.632742404937744,0.2532615661621094,0.1397862434387207,0.9252266883850098,1.2053279876708984,26,0,Short
sub001-ses04-block2-game2_002::b0195,test/sub001/ses-04/sub001-ses04-block2-game2_002.npy,sub001,04,2,2,002,4230,4232,4229,4233,3,213193,213303,213354,1,0.8694081217714175,0.8538527593203541,1.0147278212657282,0.5421519051907149,0.48667928170402386,0.3530020168759397,0.09646892547607422,0.0,0.20453906059265137,0.6553473472595215,0.0,0.5432653427124023,26,0,Short
sub001-ses04-block2-game2_002::b0196,test/sub001/ses-04/sub001-ses04-block2-game2_002.npy,sub001,04,2,2,002,4237,4240,4236,4241,4,213562,213722,213776,1,0.8863426199804121,1.1609372659947657,1.085874198524505,0.49742640347147266,0.04394602315914142,0.4658886840701668,0.4297919273376465,4.334935665130615,0.0,0.12239313125610352,0.24200773239135742,0.0,26,0,Short
sub001-ses04-block2-game2_002::b0197,test/sub001/ses-04/sub001-ses04-block2-game2_002.npy,sub001,04,2,2,002,4255,4255,4254,4256,1,214550,214550,214601,1,0.37214226876491097,0.3131852749603598,1.2262508305421955,0.8743305605898576,0.8878377051602335,0.21340758950729533,0.013460159301757812,2.657700538635254,4.85776424407959,0.6863622665405273,0.0,0.5794429779052734,26,0,Short
sub001-ses04-block2-game2_002::b0198,test/sub001/ses-04/sub001-ses04-block2-game2_002.npy,sub001,04,2,2,002,4278,4284,4277,4285,7,215794,216098,216146,2,0.7642567464348099,0.8834657456063699,1.0036665496215367,0.6647396361279062,0.39407497358067956,0.40957338229187623,5.312640190124512,4.296298503875732,0.0,0.7155332565307617,0.8924498558044434,0.0,26,0,Short
sub001-ses04-block2-game2_002::b0199,test/sub001/ses-04/sub001-ses04-block2-game2_002.npy,sub001,04,2,2,002,4325,4335,4324,4336,11,218155,218656,218704,2,0.7811798504627346,0.8440403301100775,0.9169074216069835,0.5460728389764085,0.4569316148063287,0.38746385152883817,0.22126007080078125,5.0591607093811035,4.457644939422607,0.0,0.6745481491088867,0.25122499465942383,26,0,Short
sub001-ses04-block2-game2_002::b0200,test/sub001/ses-04/sub001-ses04-block2-game2_002.npy,sub001,04,2,2,002,4443,4464,4442,4465,22,224228,225329,225377,2,0.5237300740568251,0.6954435308842121,0.9319624609594664,0.7943487414804146,0.687961268803887,0.342224336776286,0.1278700828552246,0.22382879257202148,3.655642032623291,0.012438297271728516,0.0,0.0,26,0,Short
sub001-ses04-block2-game2_002::b0201,test/sub001/ses-04/sub001-ses04-block2-game2_002.npy,sub001,04,2,2,002,4471,4476,4470,4477,6,225679,225935,225983,3,0.559438987195734,0.5224392910535804,0.7278117778284515,0.7711696784890738,0.7738301154921872,0.5903468150863874,0.4609255790710449,3.8339099884033203,3.719796657562256,0.49846887588500977,0.0,0.0,26,0,Short
sub001-ses04-block2-game2_002::b0202,test/sub001/ses-04/sub001-ses04-block2-game2_002.npy,sub001,04,2,2,002,4485,4490,4484,4491,6,226387,226638,226691,1,0.698866617948478,0.8388699585119375,0.8577497866270506,0.6936953827450006,0.6024250341491105,0.5178376923392872,0.08455705642700195,0.01666998863220215,0.022401094436645508,0.32032346725463867,0.39365673065185547,0.0045282840728759766,26,0,Short
sub001-ses04-block2-game2_002::b0203,test/sub001/ses-04/sub001-ses04-block2-game2_002.npy,sub001,04,2,2,002,4495,4497,4494,4498,3,226892,226992,227043,1,0.9290205697185681,0.8467598051237616,0.906638701030264,0.26603262666199656,0.486333352608018,0.45503078579109846,0.0,3.9511828422546387,0.019240140914916992,0.0,0.22652125358581543,0.05497026443481445,26,0,Short
sub001-ses04-block2-game2_002::b0204,test/sub001/ses-04/sub001-ses04-block2-game2_002.npy,sub001,04,2,2,002,4503,4506,4502,4507,4,227298,227443,227491,1,0.9532215726111986,0.9140363214900188,0.8063689548789241,0.3878614284892637,0.46417494766328876,0.5229991834320683,0.2196822166442871,4.027129650115967,3.8582162857055664,0.020861387252807617,0.1103668212890625,0.0,26,0,Short
sub001-ses04-block2-game2_002::b0205,test/sub001/ses-04/sub001-ses04-block2-game2_002.npy,sub001,04,2,2,002,4511,4514,4510,4515,4,227698,227844,227898,1,0.8335816695171684,0.879766300556702,0.9410239827440421,0.513826895999627,0.458593404297829,0.3401769907332351,0.0189359188079834,3.796740770339966,3.9780113697052,0.1176609992980957,0.2555661201477051,0.16167140007019043,26,0,Short
sub001-ses04-block2-game2_002::b0206,test/sub001/ses-04/sub001-ses04-block2-game2_002.npy,sub001,04,2,2,002,4519,4521,4518,4522,3,228099,228203,228247,1,0.8315279530768278,0.7886181296333767,0.9197858084144184,0.48942505000560427,0.5290110340071819,0.42821528121830255,3.9520809650421143,0.0,4.389961242675781,0.10107278823852539,0.0,0.8642206192016602,26,0,Short
sub001-ses04-block2-game2_002::b0207,test/sub001/ses-04/sub001-ses04-block2-game2_002.npy,sub001,04,2,2,002,4528,4529,4527,4530,2,228541,228587,228634,1,0.8023414460205684,0.8592628799194197,0.9933114602119141,0.549325192757843,0.5319499356555117,0.21348476801919697,4.2968244552612305,0.08687663078308105,4.529990196228027,0.7810466289520264,0.2475414276123047,1.2405619621276855,26,0,Short
sub001-ses04-block2-game2_002::b0208,test/sub001/ses-04/sub001-ses04-block2-game2_002.npy,sub001,04,2,2,002,4536,4538,4535,4539,3,228935,229027,229076,1,0.8305705932886653,0.9256652595029453,0.8877651328163094,0.4872696751821266,0.4022486476045893,0.43617448333951064,0.0,0.0,0.16412878036499023,0.0,0.0,0.3013877868652344,26,0,Short
sub001-ses04-block2-game2_002::b0209,test/sub001/ses-04/sub001-ses04-block2-game2_002.npy,sub001,04,2,2,002,4543,4546,4542,4547,4,229269,229421,229468,1,0.7906753118200287,0.8744102478333313,0.9027216931116826,0.5058885212075035,0.4269677795715862,0.3398928368499135,4.090687274932861,0.1574726104736328,0.0,0.5677361488342285,0.6266582012176514,0.0,26,0,Short
sub001-ses04-block2-game2_002::b0210,test/sub001/ses-04/sub001-ses04-block2-game2_002.npy,sub001,04,2,2,002,4553,4554,4552,4555,2,229761,229812,229860,1,0.763617481505515,0.7977962792376385,0.9697875457397892,0.5660786851494191,0.5395526083617254,0.1970573740778932,0.1705312728881836,0.37463831901550293,4.729896068572998,0.3161172866821289,1.1005761623382568,1.0788135528564453,26,0,Short
sub001-ses04-block2-game2_002::b0211,test/sub001/ses-04/sub001-ses04-block2-game2_002.npy,sub001,04,2,2,002,4561,4564,4560,4565,4,230147,230298,230344,1,0.8149512285539393,0.7838572154702271,0.9954110596564625,0.5433081598143884,0.5840646461164445,0.2595191091124241,0.0,4.560055732727051,0.0,0.0,0.7721171379089355,0.0,26,0,Short
sub001-ses04-block2-game2_002::b0212,test/sub001/ses-04/sub001-ses04-block2-game2_002.npy,sub001,04,2,2,002,4571,4572,4570,4573,2,230646,230695,230743,1,0.7290056539571119,0.7061596012126834,1.048521670837002,0.5913112449660263,0.5661652593666263,0.16727399542996657,0.26439690589904785,0.0,4.348034381866455,0.19619369506835938,0.0,0.03006744384765625,26,0,Short
sub001-ses04-block2-game2_002::b0213,test/sub001/ses-04/sub001-ses04-block2-game2_002.npy,sub001,04,2,2,002,4579,4582,4578,4583,4,231041,231188,231243,1,0.7778058684518666,0.8109086235105348,1.3609367505580603,0.5805514397167683,0.5200250933848976,0.033066760969977294,0.0,3.790013313293457,4.614770889282227,0.0,0.0,0.3992347717285156,26,0,Short
sub001-ses04-block2-game2_002::b0214,test/sub001/ses-04/sub001-ses04-block2-game2_002.npy,sub001,04,2,2,002,4595,4597,4594,4598,3,231853,231956,232006,1,0.7189375804056153,0.7835595148617533,0.9553362182969009,0.557081868467062,0.5339042730583003,0.2996289700899253,0.02511882781982422,0.1728506088256836,0.2679324150085449,0.2543210983276367,0.27658510208129883,0.5084381103515625,26,0,Short
sub001-ses04-block2-game2_002::b0215,test/sub001/ses-04/sub001-ses04-block2-game2_002.npy,sub001,04,2,2,002,4603,4605,4602,4606,3,232252,232344,232394,1,0.8111080008760683,0.9193214814506399,0.8291052740156912,0.5376351739885896,0.4817117583299181,0.5713930673007668,0.31343889236450195,3.419752836227417,4.066898345947266,0.4192233085632324,0.0,0.5072841644287109,26,0,Short
sub001-ses04-block2-game2_002::b0216,test/sub001/ses-04/sub001-ses04-block2-game2_002.npy,sub001,04,2,2,002,4611,4614,4610,4615,4,232647,232799,232849,1,0.8659329716229882,0.9188080302371289,0.8841814688010438,0.501378808964352,0.4504337953840678,0.5317617442538161,0.0,4.630521297454834,0.17453527450561523,0.0,0.9592065811157227,0.7509815692901611,26,0,Short
sub001-ses04-block2-game2_002::b0217,test/sub001/ses-04/sub001-ses04-block2-game2_002.npy,sub001,04,2,2,002,4621,4622,4620,4623,2,233163,233211,233260,1,0.7887606687511213,0.8250951265913877,1.035342284675243,0.5478494122702058,0.5382390070315204,0.39320368987447757,4.158390045166016,3.254483461380005,0.009131908416748047,0.5427474975585938,0.0,0.19347190856933594,26,0,Short
sub001-ses04-block2-game2_002::b0218,test/sub001/ses-04/sub001-ses04-block2-game2_002.npy,sub001,04,2,2,002,4629,4630,4628,4631,2,233547,233593,233645,1,0.8631750715767303,0.8087385966935946,0.8826470777600932,0.5218202054054988,0.5540534468019591,0.42922660107017435,3.538008213043213,3.5477371215820312,4.099515438079834,0.01676464080810547,0.11602520942687988,0.47461938858032227,26,0,Short
sub001-ses04-block2-game2_002::b0219,test/sub001/ses-04/sub001-ses04-block2-game2_002.npy,sub001,04,2,2,002,4637,4638,4636,4639,2,233954,234000,234053,1,1.0154202988193408,0.8327058277020746,1.0070413781666547,0.36593104306741603,0.5260460963103109,0.3909688711376206,3.9524476528167725,3.9866275787353516,3.9497528076171875,0.13246893882751465,0.2260444164276123,0.14701414108276367,26,0,Short
sub001-ses04-block2-game2_002::b0220,test/sub001/ses-04/sub001-ses04-block2-game2_002.npy,sub001,04,2,2,002,4644,4646,4643,4647,3,234303,234403,234449,1,0.8169258621232253,0.8858182143408744,0.9028365335925568,0.5240328405397762,0.46646979399067917,0.4708953079847072,0.12365531921386719,0.0,4.227199077606201,0.5372447967529297,0.0,0.3904142379760742,26,0,Short
sub001-ses04-block2-game2_002::b0221,test/sub001/ses-04/sub001-ses04-block2-game2_002.npy,sub001,04,2,2,002,4653,4655,4652,4656,3,234744,234840,234888,1,0.8350256377782628,0.8790463156698178,1.169019547020294,0.5176771184683667,0.4878856718719055,0.4025984262399263,0.0,0.0,0.30773496627807617,0.0,0.0,0.49939966201782227,26,0,Short
sub001-ses04-block2-game2_002::b0222,test/sub001/ses-04/sub001-ses04-block2-game2_002.npy,sub001,04,2,2,002,4662,4664,4661,4665,3,235192,235294,235340,1,0.8086094131676672,0.79662168940943,0.9270638651500808,0.5734327679126866,0.5556715710925262,0.48848569837391853,4.181233882904053,0.0936899185180664,0.18302440643310547,1.005631923675537,0.7865748405456543,1.0776963233947754,26,0,Short
sub001-ses04-block2-game2_002::b0223,test/sub001/ses-04/sub001-ses04-block2-game2_002.npy,sub001,04,2,2,002,4669,4671,4668,4672,3,235546,235640,235689,1,0.9305602810489522,0.8402395880387721,1.0547941419790332,0.44617302495490496,0.5358034726344401,0.43456038712057266,0.14829349517822266,0.06457996368408203,0.0,0.48391270637512207,1.3610308170318604,0.0,26,0,Short
sub001-ses04-block2-game2_002::b0224,test/sub001/ses-04/sub001-ses04-block2-game2_002.npy,sub001,04,2,2,002,4677,4679,4676,4680,3,235934,236034,236085,1,0.9537186781172581,1.0328190154290007,0.9959332935271019,0.41512970778430064,0.38171885916275516,0.5328675037669124,0.07077646255493164,0.0,0.0,0.507775068283081,0.0,0.0,26,0,Short
sub001-ses04-block2-game2_002::b0225,test/sub001/ses-04/sub001-ses04-block2-game2_002.npy,sub001,04,2,2,002,4685,4686,4684,4687,2,236346,236394,236442,1,0.8467161219153702,0.8992402720994312,1.2011810503677813,0.4829889319780183,0.46419736823602187,0.314712245448703,4.627417087554932,0.04630136489868164,4.045796871185303,1.0665111541748047,0.33956003189086914,0.4629535675048828,26,0,Short
sub001-ses04-block2-game2_002::b0226,test/sub001/ses-04/sub001-ses04-block2-game2_002.npy,sub001,04,2,2,002,4692,4713,4691,4714,22,236692,237710,237759,3,0.9333723997899305,0.9726352757687664,1.2274926720458355,0.4266908722962366,0.38681338775300944,0.3442615076131078,0.9045147895812988,0.0,0.18087053298950195,0.231126070022583,0.0,0.25234508514404297,26,0,Short
sub001-ses04-block2-game2_002::b0227,test/sub001/ses-04/sub001-ses04-block2-game2_002.npy,sub001,04,2,2,002,4740,4782,4739,4783,43,239123,241222,241272,3,0.2294723085299601,0.30707613205458384,0.9562225783661754,0.9294709568836967,0.8882206473981379,0.5794867675189206,0.2404768466949463,0.0,3.3176486492156982,0.029140949249267578,0.0,0.0,26,1,Long
sub001-ses04-block2-game2_002::b0228,test/sub001/ses-04/sub001-ses04-block2-game2_002.npy,sub001,04,2,2,002,4802,4802,4801,4803,1,242230,242230,242280,1,0.8819492484165743,0.8488237913871737,1.1318132249388764,0.47297592672726263,0.47532444347877756,0.1948505520329255,4.270832538604736,3.598501682281494,0.07342243194580078,0.0,0.0,0.5374040603637695,26,0,Short
sub001-ses04-block2-game2_002::b0229,test/sub001/ses-04/sub001-ses04-block2-game2_002.npy,sub001,04,2,2,002,4808,4814,4807,4815,7,242538,242840,242893,3,0.8746742122572013,0.8223445602716286,0.8323204416503256,0.5056479444273554,0.5118907368940899,0.5621404247139494,0.34075403213500977,0.3291146755218506,0.25923633575439453,0.5135822296142578,0.533729076385498,0.2753148078918457,26,0,Short
sub001-ses04-block2-game2_002::b0230,test/sub001/ses-04/sub001-ses04-block2-game2_002.npy,sub001,04,2,2,002,4841,4841,4840,4842,1,244199,244199,244247,1,0.8014248336061693,0.5244192051079319,0.9643440932702637,0.6356060383838709,0.7911950058179281,0.5175769052660211,0.0,0.0,0.014375686645507812,0.0,0.0,0.5855348110198975,26,0,Short
sub001-ses04-block2-game2_002::b0231,test/sub001/ses-04/sub001-ses04-block2-game2_002.npy,sub001,04,2,2,002,4849,4854,4848,4855,6,244609,244852,244905,5,0.9829663829047057,0.885398283507524,0.9321855692516917,0.4084490634534243,0.46955645582045413,0.5347124533730071,3.5064799785614014,0.0,0.28505873680114746,0.0,0.0,0.0896294116973877,26,0,Short
sub001-ses04-block2-game2_002::b0232,test/sub001/ses-04/sub001-ses04-block2-game2_002.npy,sub001,04,2,2,002,4863,4871,4862,4872,9,245314,245708,245756,1,1.1430338559590476,0.3689732130750677,0.9575904260645343,0.4609926251430346,0.8693176882778687,0.522951108074464,3.522857666015625,3.2886452674865723,3.480113983154297,0.2710859775543213,0.0,0.0,26,0,Short
sub001-ses04-block2-game2_002::b0233,test/sub001/ses-04/sub001-ses04-block2-game2_002.npy,sub001,04,2,2,002,4879,4887,4878,4888,9,246134,246530,246580,2,0.9272502029002411,0.9762321835032697,0.8553799422178836,0.41546564773574757,0.39217266923032773,0.6192744910697051,0.10364961624145508,3.563509941101074,3.1989121437072754,0.628852367401123,0.0,0.0,26,0,Short
sub001-ses04-block2-game2_002::b0234,test/sub001/ses-04/sub001-ses04-block2-game2_002.npy,sub001,04,2,2,002,4902,4922,4901,4923,21,247261,248265,248313,3,0.6455008678301399,0.9000667918842536,0.8753333479437659,0.7221453771826811,0.4178289222248552,0.547955662590243,2.479626417160034,0.0,3.4789505004882812,0.0,0.0,0.0,26,0,Short
sub001-ses04-block2-game2_002::b0235,test/sub001/ses-04/sub001-ses04-block2-game2_002.npy,sub001,04,2,2,002,4941,4949,4940,4950,9,249209,249599,249651,2,0.3351223213438457,0.351473547328691,0.8722180022517797,0.8857464864549146,0.8775066393278818,0.5452288499275397,3.8011388778686523,0.023473739624023438,3.9275054931640625,0.0,0.0,0.6207799911499023,26,0,Short
sub001-ses04-block2-game2_002::b0236,test/sub001/ses-04/sub001-ses04-block2-game2_002.npy,sub001,04,2,2,002,4985,4985,4984,4986,1,251453,251453,251517,3,0.9830487207161213,0.6081766664869953,0.40865336692096654,0.38707379812023907,0.7078117072868565,0.8712466168521896,0.0,0.0,0.026289332658052444,0.07183458283543587,0.0,0.05541198328137398,26,0,Short
sub001-ses04-block2-game2_002::b0237,test/sub001/ses-04/sub001-ses04-block2-game2_002.npy,sub001,04,2,2,002,5017,5129,5016,5130,113,253345,259868,259915,2,0.943064485402067,0.8380074948740325,0.7374630609008912,0.3567492299904556,0.45778416800982,0.7101643794725309,0.0,0.0,2.6123600006103516,0.00911569595336914,0.0,0.025562286376953125,26,1,Long
sub001-ses04-block2-game2_002::b0238,test/sub001/ses-04/sub001-ses04-block2-game2_002.npy,sub001,04,2,2,002,5236,5240,5235,5241,5,265243,265442,265487,1,0.5553979836360176,0.7002703177769467,0.9653354635900506,0.7440495283589832,0.65812654247555,0.36096025076196236,0.0,4.075897216796875,4.017465114593506,0.0,0.8314173221588135,0.0,26,0,Short
sub001-ses04-block2-game2_002::b0239,test/sub001/ses-04/sub001-ses04-block2-game2_002.npy,sub001,04,2,2,002,5247,5276,5246,5277,30,265786,267208,267256,1,0.747573407875471,0.9207164569163431,0.8075946856579989,0.5711913618851356,0.46196774961828324,0.571755616314772,4.222451686859131,0.0,3.882878303527832,0.3467745780944824,0.0,0.46207714080810547,26,1,Long
sub001-ses04-block2-game2_002::b0240,test/sub001/ses-04/sub001-ses04-block2-game2_002.npy,sub001,04,2,2,002,5283,5285,5282,5286,3,267557,267652,267701,1,0.9068645281912804,0.8988524568322879,0.9908071698629097,0.483576740011607,0.45317287651752025,0.4318849664396215,3.8774173259735107,3.881167411804199,3.7540855407714844,0.0,0.2284846305847168,0.0,26,0,Short
sub001-ses04-block2-game2_002::b0241,test/sub001/ses-04/sub001-ses04-block2-game2_002.npy,sub001,04,2,2,002,5291,5295,5290,5296,5,267955,268156,268203,2,0.9384435908042962,0.8978145543885988,0.9552794068644266,0.4625789714793971,0.5299299918657108,0.5070848448567892,0.02794933319091797,0.0,0.14818668365478516,0.0,0.0,0.0,26,0,Short
sub001-ses04-block2-game2_002::b0242,test/sub001/ses-04/sub001-ses04-block2-game2_002.npy,sub001,04,2,2,002,5316,5352,5315,5353,37,269193,271000,271049,2,0.23629781746061776,0.33266359877001705,0.9727485848463605,0.930354133863878,0.8874119198403849,0.5474937911181572,3.1193013191223145,3.481204032897949,0.0,0.02066349983215332,0.3247816562652588,0.0,26,1,Long
sub001-ses04-block2-game2_002::b0243,test/sub001/ses-04/sub001-ses04-block2-game2_002.npy,sub001,04,2,2,002,5360,5371,5359,5372,12,271402,271955,272007,2,0.7531320699828542,0.7935856306769395,0.9479899126501746,0.6297725418828548,0.6319074646995084,0.5411642577225533,0.026600360870361328,0.0,2.901630401611328,0.0,0.0,0.0,26,0,Short
sub001-ses04-block2-game2_002::b0244,test/sub001/ses-04/sub001-ses04-block2-game2_002.npy,sub001,04,2,2,002,5415,5421,5414,5422,7,274140,274432,274482,1,1.0575558935715188,0.9506602274058198,1.0892857242974736,0.40205968510067747,0.472555237264661,0.4888964605535333,0.04725170135498047,0.025844097137451172,0.0,0.7397284507751465,0.7468857765197754,0.0,26,0,Short
sub001-ses04-block2-game2_002::b0245,test/sub001/ses-04/sub001-ses04-block2-game2_002.npy,sub001,04,2,2,002,5427,5429,5426,5430,3,274733,274832,274878,1,0.8948892824002577,0.906323193751297,0.995108303466955,0.4592486592429419,0.4899002319547195,0.33017637846278297,0.0935676097869873,3.6411304473876953,4.466014385223389,0.5104503631591797,0.0,1.274735450744629,26,0,Short
sub001-ses04-block2-game2_002::b0246,test/sub001/ses-04/sub001-ses04-block2-game2_002.npy,sub001,04,2,2,002,5435,5438,5434,5439,4,275139,275286,275338,1,0.9276941141765581,0.9129843992531781,1.1246923563723088,0.4411486138467532,0.44684270821147937,0.027910533811171034,3.607592821121216,3.7772116661071777,3.217010021209717,0.24870872497558594,0.0,1.1788291931152344,26,0,Short
sub001-ses04-block2-game2_002::b0247,test/sub001/ses-04/sub001-ses04-block2-game2_002.npy,sub001,04,2,2,002,5443,5444,5442,5445,2,275544,275592,275641,3,1.0034985643003387,0.8522240897101306,1.153908103215165,0.44405799310575955,0.5155751484738188,0.13943206638878353,1.1639089584350586,3.839538097381592,2.9509711265563965,0.0,1.1595611572265625,0.0,26,0,Short
sub001-ses04-block2-game2_002::b0248,test/sub001/ses-04/sub001-ses04-block2-game2_002.npy,sub001,04,2,2,002,5491,5496,5490,5497,6,277943,278182,278229,1,0.21467062892369382,0.4968935903170144,1.0301902509430374,0.9356197496307149,0.8045630361175533,0.43663045264725764,3.4315478801727295,0.0,0.3455471992492676,0.6350457668304443,0.0,0.9365553855895996,26,0,Short
sub001-ses04-block2-game2_002::b0249,test/sub001/ses-04/sub001-ses04-block2-game2_002.npy,sub001,04,2,2,002,5501,5504,5500,5505,4,278434,278577,278630,1,0.9830307359779799,0.9282261935346265,1.0298209919874208,0.38979756608493704,0.4406594032365968,0.4689651979702101,3.689012050628662,3.7897403240203857,0.2832462787628174,1.248349666595459,1.1095280647277832,1.7219276428222656,26,0,Short
sub001-ses04-block2-game2_002::b0250,test/sub001/ses-04/sub001-ses04-block2-game2_002.npy,sub001,04,2,2,002,5511,5515,5510,5516,5,278923,279115,279165,1,0.9678456267903186,0.9037462641777372,1.1435842815989214,0.3886862440922109,0.4684544258116756,0.30064187180750995,0.11203885078430176,0.23010587692260742,0.022668123245239258,0.9389026165008545,1.1883223056793213,0.3401169776916504,26,0,Short
sub001-ses04-block2-game2_002::b0251,test/sub001/ses-04/sub001-ses04-block2-game2_002.npy,sub001,04,2,2,002,5519,5522,5518,5523,4,279318,279475,279522,1,0.9646856811074901,0.9088810133228313,1.0153346210146856,0.3800535904698733,0.46709709028685564,0.5524039494028172,3.8486227989196777,2.7848803997039795,0.0,0.6993732452392578,0.017300128936767578,0.0,26,0,Short
sub001-ses04-block2-game2_002::b0252,test/sub001/ses-04/sub001-ses04-block2-game2_002.npy,sub001,04,2,2,002,5528,5530,5527,5531,3,279780,279878,279926,1,0.9675114727261669,1.019523885326325,1.1757647138446075,0.4253522315878371,0.4085111456570348,0.3991919828061402,0.0,0.4805471897125244,0.0,0.0,0.6114020347595215,0.0,26,0,Short
sub001-ses04-block2-game2_002::b0253,test/sub001/ses-04/sub001-ses04-block2-game2_002.npy,sub001,04,2,2,002,5535,5538,5534,5539,4,280128,280278,280324,1,1.0367699758004856,1.0089214107012672,1.241483256179018,0.36672452692704505,0.38497040318032505,0.3334027168236166,0.0699012279510498,0.0,2.762845277786255,0.24444985389709473,0.0,0.083465576171875,26,0,Short
sub001-ses04-block2-game2_002::b0254,test/sub001/ses-04/sub001-ses04-block2-game2_002.npy,sub001,04,2,2,002,5609,5611,5608,5612,3,283851,283953,284006,1,0.9078190497040374,0.8926471986513314,0.9471038154990646,0.5255889143827083,0.5136326592692035,0.38638911319360475,2.914212703704834,0.04306960105895996,0.10889840126037598,0.0,0.0,0.0,26,0,Short
sub001-ses04-block2-game2_002::b0255,test/sub001/ses-04/sub001-ses04-block2-game2_002.npy,sub001,04,2,2,002,5617,5626,5616,5627,10,284276,284748,284801,1,0.9304037502348894,0.9263350106765832,0.9542913792955875,0.4930143965815769,0.4911463555906576,0.4818264181721351,0.0,3.1745245456695557,0.10256195068359375,0.0,0.05773329734802246,0.0,26,0,Short
sub001-ses04-block2-game2_002::b0256,test/sub001/ses-04/sub001-ses04-block2-game2_002.npy,sub001,04,2,2,002,5633,5636,5632,5637,4,285122,285279,285332,3,1.012066864669941,0.9636251780826156,0.9877095022436844,0.4500051513020234,0.46133433352474185,0.5246999335845037,0.0,2.7362937927246094,2.750445604324341,0.0,0.0,0.0,26,0,Short
sub001-ses04-block2-game2_002::b0257,test/sub001/ses-04/sub001-ses04-block2-game2_002.npy,sub001,04,2,2,002,5661,5663,5660,5664,3,286577,286678,286732,1,0.937267270885772,0.9759524181991401,1.031428867511409,0.4435975914576442,0.4911575862391638,0.42821760554424215,2.749561071395874,3.149616241455078,2.6431524753570557,0.0,0.22693705558776855,0.0,26,0,Short
sub001-ses04-block2-game2_002::b0258,test/sub001/ses-04/sub001-ses04-block2-game2_002.npy,sub001,04,2,2,002,5667,5669,5666,5670,3,286887,286994,287045,1,1.0108180040163868,1.0187855209202497,1.133702624605002,0.4587488458389608,0.45093422261448707,0.3460025991203106,0.0,0.11305618286132812,0.036821603775024414,0.0,0.18801546096801758,0.0,26,0,Short
sub001-ses04-block2-game2_002::b0259,test/sub001/ses-04/sub001-ses04-block2-game2_002.npy,sub001,04,2,2,002,5675,5678,5674,5679,4,287309,287469,287523,1,1.1331934205512237,1.0300616671228877,0.918144422057331,0.39059753993419954,0.46107804246162987,0.5073364081577183,2.53981351852417,0.0,0.07332181930541992,0.0,0.0,0.0,26,0,Short
sub001-ses04-block2-game2_002::b0260,test/sub001/ses-04/sub001-ses04-block2-game2_002.npy,sub001,04,2,2,002,5683,5685,5682,5686,3,287740,287839,287890,1,1.0696809370939817,1.1625946235181797,0.8771641185061805,0.39208086848820006,0.33648682470621594,0.5917984117838015,0.029050588607788086,2.77370023727417,0.3115358352661133,0.0,0.0,0.031578779220581055,26,0,Short
sub001-ses04-block2-game2_002::b0261,test/sub001/ses-04/sub001-ses04-block2-game2_002.npy,sub001,04,2,2,002,5699,5710,5698,5711,12,288564,289122,289174,3,0.8316805930142097,0.7626109343563301,0.9718368095307128,0.5113718293155969,0.6816440990786076,0.5561208129211981,0.2503066062927246,0.01607799530029297,2.7967658042907715,0.30161309242248535,0.09082603454589844,0.0,26,0,Short
sub001-ses04-block2-game2_002::b0262,test/sub001/ses-04/sub001-ses04-block2-game2_002.npy,sub001,04,2,2,002,5723,5736,5722,5737,14,289768,290436,290486,2,0.8239530976684752,1.004185719581532,0.9679313225253603,0.609318214137194,0.4656040090829534,0.5824117868834388,2.535050868988037,0.0,0.1507863998413086,0.05124664306640625,0.0,0.17108654975891113,26,0,Short
sub001-ses04-block2-game2_002::b0263,test/sub001/ses-04/sub001-ses04-block2-game2_002.npy,sub001,04,2,2,002,5775,5777,5774,5778,3,292416,292515,292560,1,0.6452086255746945,0.8005526197810615,0.8858914056330823,0.731983119884585,0.6262688583334299,0.4474715729928149,0.19269275665283203,2.8164749145507812,3.3231542110443115,0.2970602512359619,0.22524523735046387,0.7099173069000244,26,0,Short
sub001-ses04-block2-game2_002::b0264,test/sub001/ses-04/sub001-ses04-block2-game2_002.npy,sub001,04,2,2,002,5783,5786,5782,5787,4,292813,292958,293006,1,1.0181270805986395,1.0392622839233605,1.0821978381462278,0.41783040082904976,0.4198167575638112,0.36347344438828444,0.15241217613220215,3.339984893798828,0.20167112350463867,0.6927013397216797,0.5324735641479492,0.5519609451293945,26,0,Short
sub001-ses04-block2-game2_002::b0265,test/sub001/ses-04/sub001-ses04-block2-game2_002.npy,sub001,04,2,2,002,5793,5795,5792,5796,3,293306,293404,293454,1,1.0062792510896243,0.9706533118516016,0.9442392673222629,0.4242093712527036,0.4062176241858386,0.4840545980414156,0.005840778350830078,3.120203971862793,3.341153621673584,0.1438140869140625,0.0,0.3091251850128174,26,0,Short
sub001-ses04-block2-game2_002::b0266,test/sub001/ses-04/sub001-ses04-block2-game2_002.npy,sub001,04,2,2,002,5801,5801,5800,5802,1,293688,293688,293735,3,0.9172484467148397,0.8837922953737473,1.0773038758891724,0.4554872260248346,0.5214801654783932,0.2699540307081242,0.23147821426391602,3.1507158279418945,0.0,0.5132758617401123,0.17762398719787598,0.0,26,0,Short
sub001-ses04-block2-game2_002::b0267,test/sub001/ses-04/sub001-ses04-block2-game2_002.npy,sub001,04,2,2,002,5819,5820,5818,5821,2,294597,294648,294703,1,1.2549106931262712,1.1951783471633752,1.1987556934077501,0.04541506536394646,0.146183472778183,0.3817743420414417,0.034149885177612305,0.1611156463623047,0.23711919784545898,0.0,0.0,0.0,26,0,Short
sub001-ses04-block2-game2_002::b0268,test/sub001/ses-04/sub001-ses04-block2-game2_002.npy,sub001,04,2,2,002,5827,5829,5826,5830,3,295013,295104,295154,1,1.1198836843321074,1.1881774662004783,0.9873984107260028,0.3548984530231001,0.021475090042979927,0.5316295121305609,0.1075584888458252,0.3324856758117676,0.04431509971618652,0.0,0.0,0.37609124183654785,26,0,Short
sub001-ses04-block2-game2_002::b0269,test/sub001/ses-04/sub001-ses04-block2-game2_002.npy,sub001,04,2,2,002,5835,5838,5834,5839,4,295417,295565,295614,1,1.0997149228307652,1.18346114070008,1.0852490644585768,0.4225330214374699,0.281607953358543,0.3640210210337428,0.09285092353820801,0.411527156829834,0.0,0.41191768646240234,0.0,0.0,26,0,Short
sub001-ses04-block2-game2_002::b0270,test/sub001/ses-04/sub001-ses04-block2-game2_002.npy,sub001,04,2,2,002,5843,5854,5842,5855,12,295819,296370,296422,1,1.0825638193565534,1.0255816912451288,1.0550241900778468,0.43613822832347926,0.4858258091429428,0.5098765758984318,3.0633277893066406,2.8635783195495605,2.457033395767212,0.4013857841491699,0.12371420860290527,0.0,26,0,Short
sub001-ses04-block2-game2_002::b0271,test/sub001/ses-04/sub001-ses04-block2-game2_002.npy,sub001,04,2,2,002,5861,5863,5860,5864,3,296733,296836,296890,2,1.2459137028915184,1.2455999263658182,1.021775258256094,0.21624052637626856,0.1440986939234175,0.5118605440247461,0.1542360782623291,0.20594406127929688,0.0,0.24602365493774414,0.39345383644104004,0.0,26,0,Short
sub001-ses04-block2-game2_002::b0272,test/sub001/ses-04/sub001-ses04-block2-game2_002.npy,sub001,04,2,2,002,5874,5877,5873,5878,4,297388,297528,297575,1,0.5132411955792825,0.63109434485093,1.0175219055770244,0.8056676288972253,0.7560587801981601,0.43679962012143486,0.08035898208618164,0.0,0.0,0.0,0.0,0.0,26,0,Short
sub001-ses04-block2-game2_002::b0273,test/sub001/ses-04/sub001-ses04-block2-game2_002.npy,sub001,04,2,2,002,5884,5886,5883,5887,3,297874,297970,298022,1,1.1580648604680652,1.138340008644681,0.915040397539915,0.362336573691619,0.40855169492147303,0.5962729324095217,0.34360241889953613,0.0,0.0,0.34951043128967285,0.0,0.0,26,0,Short
sub001-ses04-block2-game2_002::b0274,test/sub001/ses-04/sub001-ses04-block2-game2_002.npy,sub001,04,2,2,002,5893,5895,5892,5896,3,298330,298422,298475,1,1.1218855171080389,1.21792615877963,1.1166111422447307,0.41738739365763183,0.2837600872263256,0.33906335699521284,0.27642178535461426,0.0,2.8606362342834473,0.04064512252807617,0.0,0.13934803009033203,26,0,Short
sub001-ses04-block2-game2_002::b0275,test/sub001/ses-04/sub001-ses04-block2-game2_002.npy,sub001,04,2,2,002,5901,5902,5900,5903,2,298728,298775,298822,1,1.1677319365723784,1.125874884838204,0.9404901089173404,0.36519497921797295,0.3889112534305893,0.47106802056875335,0.17118120193481445,2.8243508338928223,3.108877658843994,0.2768127918243408,0.42455053329467773,0.25687694549560547,26,0,Short
sub001-ses04-block2-game2_002::b0276,test/sub001/ses-04/sub001-ses04-block2-game2_002.npy,sub001,04,2,2,002,5921,5932,5920,5933,12,299746,300291,300342,1,0.702991565104256,0.4347406557140176,1.0433722228515478,0.7133220250000886,0.8495905624752513,0.44606015058771065,0.42555689811706543,2.7071151733398438,0.0,0.5298564434051514,0.6543776988983154,0.0,26,0,Short
sub001-ses04-block2-game2_002::b0277,test/sub001/ses-04/sub001-ses04-block2-game2_002.npy,sub001,04,2,2,002,5937,5940,5936,5941,4,300547,300690,300740,1,1.0087087357349136,1.0835756497987725,1.0625067661927472,0.4365414303702774,0.37968758057739777,0.40288327247537725,0.13120293617248535,0.32990360260009766,0.1330878734588623,1.07069730758667,0.6561698913574219,0.6496026515960693,26,0,Short
sub001-ses04-block2-game2_002::b0278,test/sub001/ses-04/sub001-ses04-block2-game2_002.npy,sub001,04,2,2,002,5945,5948,5944,5949,4,300937,301088,301143,1,1.1810362194861728,0.9982367302839221,1.017925433710652,0.09052852472591122,0.43780462168440754,0.44354321991470347,0.202392578125,3.5350182056427,0.0,0.96571946144104,1.165942668914795,0.0,26,0,Short
sub001-ses04-block2-game2_002::b0279,test/sub001/ses-04/sub001-ses04-block2-game2_002.npy,sub001,04,2,2,002,5954,5956,5953,5957,3,301397,301505,301551,1,1.0883817308442283,1.044677627180511,0.8561418584194859,0.39999333784304514,0.44590380809377395,0.5511118476060217,3.362809658050537,0.0,3.461350440979004,1.1275136470794678,0.0,1.1761672496795654,26,0,Short
sub001-ses04-block2-game2_002::b0280,test/sub001/ses-04/sub001-ses04-block2-game2_002.npy,sub001,04,2,2,002,5963,5964,5962,5965,2,301855,301904,301953,1,0.976598877314519,1.1988628324042856,1.062452389954309,0.47405378242889296,0.1145760233818856,0.3148410049685134,3.4827728271484375,3.456613063812256,3.8147830963134766,1.0812458992004395,0.6859314441680908,1.0643739700317383,26,0,Short
sub001-ses04-block2-game2_002::b0281,test/sub001/ses-04/sub001-ses04-block2-game2_002.npy,sub001,04,2,2,002,5969,5971,5968,5972,3,302164,302271,302320,1,0.9645731193108928,1.058330136505201,1.0517892544045693,0.4641884559937521,0.4361176085532421,0.4417905017431575,0.12171483039855957,0.20713114738464355,0.0,0.7855837345123291,1.4314827919006348,0.0,26,0,Short
sub001-ses04-block2-game2_002::b0282,test/sub001/ses-04/sub001-ses04-block2-game2_002.npy,sub001,04,2,2,002,5977,5977,5976,5978,1,302573,302573,302623,2,1.2691040019875055,1.0946453343246771,0.9203008994886663,0.22718163857518767,0.3958337521215439,0.5370773651511688,2.8788952827453613,0.0196530818939209,0.3925034999847412,0.8387637138366699,0.914726734161377,0.5991103649139404,26,0,Short
sub001-ses04-block2-game2_002::b0283,test/sub001/ses-04/sub001-ses04-block2-game2_002.npy,sub001,04,2,2,002,6127,6136,6126,6137,10,309937,310370,310417,1,0.971847515027029,0.9790107147328182,1.1009193123089571,0.4817753758186265,0.4881503206062895,0.2129628219309061,0.11557865142822266,2.270024538040161,0.0,0.07590961456298828,0.0,0.0,26,0,Short
sub001-ses04-block2-game2_002::b0284,test/sub001/ses-04/sub001-ses04-block2-game2_002.npy,sub001,04,2,2,002,6142,6145,6141,6146,4,310653,310796,310845,1,0.9663037232374128,1.0089979529045643,1.0578381023741834,0.4908344666435082,0.43774386204282206,0.3947616432415696,0.016646385192871094,2.4189608097076416,2.5369620323181152,0.0,0.0,0.0,26,0,Short
sub001-ses04-block2-game2_002::b0285,test/sub001/ses-04/sub001-ses04-block2-game2_002.npy,sub001,04,2,2,002,6151,6154,6150,6155,4,311088,311236,311281,1,0.9772588019177324,0.8887767934114046,1.090028390946803,0.46664065077012756,0.5252608293547654,0.22622263570847329,0.03885674476623535,2.460585117340088,0.0,0.0,0.0,0.0,26,0,Short
sub001-ses04-block2-game2_002::b0286,test/sub001/ses-04/sub001-ses04-block2-game2_002.npy,sub001,04,2,2,002,6160,6162,6159,6163,3,311532,311625,311673,1,0.9013614428489303,1.065053064229308,1.213868755997021,0.4315047971725682,0.34237772257268867,0.09830462593187905,0.0,0.0,2.9140801429748535,0.0,0.0,0.13370394706726074,26,0,Short
sub001-ses04-block2-game2_002::b0287,test/sub001/ses-04/sub001-ses04-block2-game2_002.npy,sub001,04,2,2,002,6167,6170,6166,6171,4,311865,312012,312060,1,0.9452520794718513,0.8880070106255763,1.2927383372659862,0.40454241754260717,0.5464518559261352,0.16664391172043125,0.051326751708984375,0.0,0.0,0.3160126209259033,0.0,0.0,26,0,Short
sub001-ses04-block2-game2_002::b0288,test/sub001/ses-04/sub001-ses04-block2-game2_002.npy,sub001,04,2,2,002,6175,6178,6174,6179,4,312253,312397,312448,1,0.9079196423355381,0.9418415565974235,1.0147335853179076,0.47914041163014576,0.5254517057525926,0.13245159124101108,0.10732793807983398,0.0,0.0,0.0,0.0,0.0,26,0,Short
sub001-ses04-block2-game2_002::b0289,test/sub001/ses-04/sub001-ses04-block2-game2_002.npy,sub001,04,2,2,002,6185,6187,6184,6188,3,312728,312819,312866,1,0.7351212924975613,0.9097898146388569,1.220506042778274,0.6198499552958934,0.5070892000563979,0.09548473486633013,3.9292869567871094,0.0,3.433997392654419,0.5138072967529297,0.0,0.11465573310852051,26,0,Short
sub001-ses04-block2-game2_002::b0290,test/sub001/ses-04/sub001-ses04-block2-game2_002.npy,sub001,04,2,2,002,6193,6195,6192,6196,3,313099,313188,313234,1,0.8218675679827765,0.8349133091109368,1.2117596041863936,0.5695642994946895,0.5336194824751122,0.17783998399955814,3.543304443359375,0.0,0.5837459564208984,0.1532292366027832,0.0,0.8887662887573242,26,0,Short
sub001-ses04-block2-game2_002::b0291,test/sub001/ses-04/sub001-ses04-block2-game2_002.npy,sub001,04,2,2,002,6201,6204,6200,6205,4,313479,313627,313672,1,1.100635001616166,0.8369777479393725,1.0544777139461903,0.2532674593489589,0.5658492827234057,0.1817250435010575,0.09823322296142578,0.13516831398010254,0.0,0.19489359855651855,0.5031211376190186,0.0,26,0,Short
sub001-ses04-block2-game2_002::b0292,test/sub001/ses-04/sub001-ses04-block2-game2_002.npy,sub001,04,2,2,002,6209,6212,6208,6213,4,313873,314020,314068,1,0.976299395963286,0.9836108526179701,1.168076705679894,0.45844596937408744,0.4419501916396886,0.14290316096944156,0.020497560501098633,3.1222712993621826,3.231114625930786,0.6080591678619385,0.923011064529419,0.5129871368408203,26,0,Short
sub001-ses04-block2-game2_002::b0293,test/sub001/ses-04/sub001-ses04-block2-game2_002.npy,sub001,04,2,2,002,6217,6219,6216,6220,3,314261,314355,314403,1,0.8794523866962831,0.8737405221219978,1.1673358299428491,0.5030401513584771,0.5249421654388998,0.07495433168187698,0.04413604736328125,0.0,0.5699491500854492,0.0,0.0,0.6936244964599609,26,0,Short
sub001-ses04-block2-game2_002::b0294,test/sub001/ses-04/sub001-ses04-block2-game2_002.npy,sub001,04,2,2,002,6225,6238,6224,6239,14,314642,315275,315322,3,0.9035025014811784,0.9000206143584715,1.208279390317375,0.4424575554193669,0.4907587431174416,0.01864279562059873,0.1861743927001953,0.0,2.340339183807373,0.3224911689758301,0.0,0.015926361083984375,26,0,Short
sub001-ses04-block2-game2_002::b0295,test/sub001/ses-04/sub001-ses04-block2-game2_002.npy,sub001,04,2,2,002,6251,6253,6250,6254,3,315903,316003,316051,1,0.5706859758681362,0.7472200361922956,1.0860312808673043,0.7483665431137122,0.6762492767606421,0.4315504928642631,0.042516231536865234,2.4036202430725098,0.0,0.5230908393859863,0.21283435821533203,0.0,26,0,Short
sub001-ses04-block2-game2_002::b0296,test/sub001/ses-04/sub001-ses04-block2-game2_002.npy,sub001,04,2,2,002,6259,6260,6258,6261,2,316300,316351,316399,1,1.075954190049176,1.082800794813785,1.1176013800406357,0.4197657926297256,0.40059539551018497,0.4231883254161306,2.7975680828094482,0.0,2.2968568801879883,0.7183549404144287,0.0,0.061044931411743164,26,0,Short
sub001-ses04-block2-game2_002::b0297,test/sub001/ses-04/sub001-ses04-block2-game2_002.npy,sub001,04,2,2,002,6268,6283,6267,6284,16,316736,317459,317511,1,1.185153098925757,1.1077100159335267,1.2976400555350256,0.40498666277122297,0.4725518260730913,0.13642546052491578,0.09578919410705566,2.473034143447876,2.5929808616638184,0.12102866172790527,0.5789787769317627,0.6024696826934814,26,0,Short
sub001-ses04-block2-game2_002::b0298,test/sub001/ses-04/sub001-ses04-block2-game2_002.npy,sub001,04,2,2,002,6287,6294,6286,6295,8,317664,317996,318046,3,1.1611528315841573,1.120552798804306,1.1172598611957494,0.41894661312643167,0.43568741705652386,0.4860577043974762,2.237205982208252,0.40230369567871094,1.7805955410003662,0.19914746284484863,0.7536451816558838,0.0,26,0,Short
sub001-ses04-block2-game2_002::b0299,test/sub001/ses-04/sub001-ses04-block2-game2_002.npy,sub001,04,2,2,002,6370,6375,6369,6376,6,321709,321971,322019,2,0.4628485453715643,0.6581326720159494,1.0324519861700165,0.8271446872054486,0.7027509890824685,0.5517109102695177,1.8334150314331055,0.0,0.0,0.0,0.0,0.0,26,0,Short
sub001-ses04-block2-game2_002::b0300,test/sub001/ses-04/sub001-ses04-block2-game2_002.npy,sub001,04,2,2,002,6432,6434,6431,6435,3,324825,324922,324971,1,1.2186076519581721,1.2005372136147288,0.843912800468902,0.4123471598632954,0.44248301871395057,0.6715534580552266,1.6979650259017944,0.0,0.09500062465667725,0.2569371461868286,0.0,0.0,26,0,Short
sub001-ses04-block2-game2_002::b0301,test/sub001/ses-04/sub001-ses04-block2-game2_002.npy,sub001,04,2,2,002,6441,6442,6440,6443,2,325266,325316,325365,1,1.1105926381217266,1.1511566799060269,1.23318119864586,0.47561747743351807,0.4414113450302315,0.35132545782390656,2.3547792434692383,0.7984226942062378,1.6407915353775024,0.5329927206039429,0.6811891794204712,0.09297800064086914,26,0,Short
sub001-ses04-block2-game2_002::b0302,test/sub001/ses-04/sub001-ses04-block2-game2_002.npy,sub001,04,2,2,002,6448,6451,6447,6452,4,325607,325759,325809,1,1.1548435785121376,1.250282784004502,1.224831653911479,0.4848199527923869,0.4282069333632767,0.4276068487937053,0.2518879175186157,0.0,0.0,0.2549927234649658,0.0,0.0,26,0,Short
sub001-ses04-block2-game2_002::b0303,test/sub001/ses-04/sub001-ses04-block2-game2_002.npy,sub001,04,2,2,002,6457,6460,6456,6461,4,326051,326198,326249,1,1.2179132648000932,1.2815711419420182,1.0920452400963583,0.34596134042770965,0.05290233946605638,0.49525624921999395,0.09520077705383301,0.26925456523895264,1.4036524295806885,0.3138035535812378,0.002386331558227539,0.0,26,0,Short
sub001-ses04-block2-game2_002::b0304,test/sub001/ses-04/sub001-ses04-block2-game2_002.npy,sub001,04,2,2,002,6464,6467,6463,6468,4,326401,326550,326599,1,1.0669126412190562,1.2546346055673434,1.1466158847366357,0.5333517699956385,0.40971787490054623,0.48533550497464006,1.6847518682479858,0.0,1.6939218044281006,0.0,0.0,0.23135995864868164,26,0,Short
sub001-ses04-block2-game2_002::b0305,test/sub001/ses-04/sub001-ses04-block2-game2_002.npy,sub001,04,2,2,002,6473,6476,6472,6477,4,326830,326981,327031,1,1.2871221154165469,1.201287246650112,1.164829799170775,0.28703669343331056,0.3701092922883622,0.3960782883294145,1.3204036951065063,0.0,0.15269827842712402,0.0,0.0,0.6124694347381592,26,0,Short
sub001-ses04-block2-game2_002::b0306,test/sub001/ses-04/sub001-ses04-block2-game2_002.npy,sub001,04,2,2,002,6497,6510,6496,6511,14,328005,328659,328713,3,1.236515310939712,1.2113358131418397,1.0826431621067598,0.2505173341978341,0.14201393221274689,0.543260192292368,0.0,1.2592036724090576,1.1219873428344727,0.0,0.09564995765686035,0.0,26,0,Short
sub001-ses04-block2-game2_002::b0307,test/sub001/ses-04/sub001-ses04-block2-game2_002.npy,sub001,04,2,2,002,6558,6564,6557,6565,7,331064,331357,331406,1,0.429162097312471,0.4906151761112537,1.0961358502050795,0.8425022602423218,0.8096799072094579,0.49130168524077356,0.02667558193206787,0.09132623672485352,1.0783369541168213,0.0,0.16651904582977295,0.0,26,0,Short
sub001-ses04-block2-game2_002::b0308,test/sub001/ses-04/sub001-ses04-block2-game2_002.npy,sub001,04,2,2,002,6569,6590,6568,6591,22,331600,332627,332668,2,1.154565329861137,1.1659362744627992,1.4217229106652474,0.4463749530433767,0.4076290631460753,0.12064832763390029,1.433346152305603,0.0,1.9893977642059326,0.07062196731567383,0.0,3.0108319520950317,26,0,Short
sub001-ses04-block2-game2_002::b0309,test/sub001/ses-04/sub001-ses04-block2-game2_002.npy,sub001,04,2,2,002,6605,6609,6604,6610,5,333302,333474,333519,3,1.2310902588438717,1.3227189475036942,0.9755549151280976,0.23819672588347152,0.24500688965276501,0.5193407416467196,0.0,0.0,0.0,0.0,0.0,0.0,26,0,Short
sub001-ses04-block2-game2_002::b0310,test/sub001/ses-04/sub001-ses04-block2-game2_002.npy,sub001,04,2,2,002,6631,6634,6630,6635,4,334586,334751,334801,2,0.5482691213428572,0.27444137151493164,0.9551586714823754,0.7824506669292736,0.9107385940717261,0.6019125708031019,0.02746403217315674,0.11981523036956787,0.45068711042404175,0.0,0.0,0.0,26,0,Short
sub001-ses04-block2-game2_002::b0311,test/sub001/ses-04/sub001-ses04-block2-game2_002.npy,sub001,04,2,2,002,6683,6688,6682,6689,6,337180,337422,337468,1,1.240861238718308,1.2462478166366062,1.1920473555691418,0.008121700550460187,0.07708718987361485,0.45262120176315057,0.0,1.2326862812042236,0.05825817584991455,0.0,0.03596782684326172,0.24586760997772217,26,0,Short
sub001-ses04-block2-game2_002::b0312,test/sub001/ses-04/sub001-ses04-block2-game2_002.npy,sub001,04,2,2,002,6695,6700,6694,6701,6,337749,337982,338029,3,1.2987842093256357,1.311643422160677,1.1941290094880557,0.35299171564825305,0.3796762865166011,0.3946391713100968,0.0,0.0,1.0462621450424194,0.0,0.0,0.529021143913269,26,0,Short
sub001-ses04-block2-game2_002::b0313,test/sub001/ses-04/sub001-ses04-block2-game2_002.npy,sub001,04,2,2,002,6758,6766,6757,6767,9,340829,341214,341257,1,0.5229877888739531,0.5261293398424473,1.2328458586141062,0.7909142105512954,0.7648425883733039,0.22951974111181567,0.12520575523376465,1.2701141834259033,1.137933373451233,0.0,0.1915111541748047,0.4010812044143677,26,0,Short
sub001-ses04-block2-game2_002::b0314,test/sub001/ses-04/sub001-ses04-block2-game2_002.npy,sub001,04,2,2,002,6771,6784,6770,6785,14,341434,342020,342071,2,1.3578091023954801,1.2592425286660198,1.1394412979613675,0.3141517928956037,0.37988325906723885,0.3777167459018772,0.0,1.1208903789520264,0.4401930570602417,0.0,0.03343617916107178,1.0285271406173706,26,0,Short
sub001-ses04-block2-game2_002::b0315,test/sub001/ses-04/sub001-ses04-block2-game2_002.npy,sub001,04,2,2,002,6853,6858,6852,6859,6,345401,345655,345702,1,1.0831714258355372,0.9146380883191013,1.0443711566165286,0.44640019555671384,0.4947070054827204,0.4778662690556004,2.0570228099823,0.39529919624328613,0.3921535015106201,0.9199734926223755,0.029695510864257812,0.8330494165420532,26,0,Short
sub001-ses04-block2-game2_002::b0316,test/sub001/ses-04/sub001-ses04-block2-game2_002.npy,sub001,04,2,2,002,6865,6866,6864,6867,2,346004,346049,346098,1,1.1552489436127935,1.2442935943489066,1.2239379510924047,0.41397107746895345,0.3918078021933095,0.37231044064923813,0.7170265913009644,0.8399294018745422,1.303410530090332,1.3557238578796387,0.01831752061843872,0.3036407232284546,26,0,Short
sub001-ses04-block2-game2_002::b0317,test/sub001/ses-04/sub001-ses04-block2-game2_002.npy,sub001,04,2,2,002,6895,6898,6894,6899,4,347441,347582,347628,2,0.3177073034133806,0.5046572858275937,1.054737113313072,0.8872008812669012,0.7888707097006723,0.5527894199349334,0.7974932789802551,0.44494158029556274,0.0,0.0,0.0,0.0,26,0,Short
sub001-ses04-block2-game2_002::b0318,test/sub001/ses-04/sub001-ses04-block2-game2_002.npy,sub001,04,2,2,002,6911,6926,6910,6927,16,348218,348952,349004,3,1.3123172217661847,1.2437828696483793,0.9100135304383412,0.26053535659102395,0.44445804645882425,0.524796851793486,0.19871652126312256,0.827789843082428,0.02790611982345581,0.028630971908569336,0.0,0.0,26,0,Short
sub001-ses04-block2-game2_002::b0319,test/sub001/ses-04/sub001-ses04-block2-game2_002.npy,sub001,04,2,2,002,6979,7005,6978,7006,27,351612,352873,352916,1,0.22169325578633187,0.20891166453700621,1.0073474630367099,0.9299637037176451,0.9376767289052809,0.6095759686075317,0.011119604110717773,0.08216750621795654,1.0640087127685547,0.1760554313659668,0.44697362184524536,0.0,26,1,Long
sub001-ses04-block2-game2_002::b0320,test/sub001/ses-04/sub001-ses04-block2-game2_002.npy,sub001,04,2,2,002,7067,7190,7066,7191,124,355908,361959,362008,2,1.043469496300547,1.094039962958505,0.6177260075236348,0.40709697064919714,0.42003454789688066,0.7834367956867844,2.376868724822998,2.3242340087890625,3.840954065322876,0.19798016548156738,0.0,0.6954653263092041,26,1,Long
sub001-ses04-block2-game2_002::b0321,test/sub001/ses-04/sub001-ses04-block2-game2_002.npy,sub001,04,2,2,002,7197,7204,7196,7205,8,362308,362648,362696,1,0.8566992678294161,0.6255628462586712,0.8902978894421326,0.35528857719082774,0.6703506264556505,0.5905470813141596,4.119117259979248,0.1127471923828125,0.2527275085449219,0.8424265384674072,0.23550820350646973,0.8184537887573242,26,0,Short
sub001-ses04-block2-game2_002::b0322,test/sub001/ses-04/sub001-ses04-block2-game2_002.npy,sub001,04,2,2,002,7209,7214,7208,7215,6,362901,363134,363186,2,0.8512263128034061,0.9163971478082371,0.8455995100744309,0.46670469402533915,0.43666016252855216,0.6015536283737477,0.2442173957824707,0.0,0.04818987846374512,0.0,0.0,0.15648841857910156,26,0,Short
sub001-ses04-block2-game2_002::b0323,test/sub001/ses-04/sub001-ses04-block2-game2_002.npy,sub001,04,2,2,002,7233,7238,7232,7239,6,364078,364320,364365,3,0.6983797093911288,0.6353033981767588,0.7345239362487939,0.5760177320218106,0.6326755389584133,0.6813329718859846,0.007275819778442383,3.5481016635894775,0.0,0.044631242752075195,0.0,0.0,26,0,Short
sub001-ses04-block2-game2_002::b0324,test/sub001/ses-04/sub001-ses04-block2-game2_002.npy,sub001,04,2,2,002,7266,7270,7265,7271,5,365724,365919,365977,2,0.42443157385985786,0.4519015231015391,0.6964412593067576,0.8257740622188947,0.8270085965556808,0.7212083556191753,0.007055521011352539,3.5981781482696533,3.5576915740966797,0.08108139038085938,0.12016630172729492,0.0022385120391845703,26,0,Short
sub001-ses04-block2-game2_002::b0325,test/sub001/ses-04/sub001-ses04-block2-game2_002.npy,sub001,04,2,2,002,7280,7286,7279,7287,7,366419,366719,366768,3,0.6609753986333665,0.7947565328042426,0.6673374989963801,0.6060410336629971,0.4030179642495321,0.7387659308434125,0.0,0.30388498306274414,4.241320610046387,0.0,0.5058572292327881,0.0,26,0,Short
sub001-ses04-block2-game2_002::b0326,test/sub001/ses-04/sub001-ses04-block2-game2_002.npy,sub001,04,2,2,002,7307,7314,7306,7315,8,367812,368169,368219,3,0.9170661304994666,0.9254989130031253,0.689609334834566,0.3809260587602261,0.36338745081324375,0.7351566224063522,3.810964822769165,0.06305408477783203,0.0,0.0302584171295166,0.013840198516845703,0.0,26,0,Short
sub001-ses04-block2-game2_002::b0327,test/sub001/ses-04/sub001-ses04-block2-game2_002.npy,sub001,04,2,2,002,7329,7331,7328,7332,3,368940,369038,369089,1,0.9003957299444042,0.9126523289891898,0.6419892561027183,0.41788626514506844,0.42467803460716674,0.7308443174623579,0.4396488666534424,0.0,4.112931728363037,0.6748371124267578,0.0,0.0,26,0,Short
sub001-ses04-block2-game2_002::b0328,test/sub001/ses-04/sub001-ses04-block2-game2_002.npy,sub001,04,2,2,002,7393,7397,7392,7398,5,372138,372344,372396,3,0.9289150426606063,1.1782981441667721,1.0507952415339832,0.4482856984898983,0.2756189590150405,0.5122541745422915,5.246875286102295,0.33629465103149414,3.9339590072631836,1.0407824516296387,0.6805410385131836,0.0,26,0,Short
sub001-ses04-block2-game2_002::b0329,test/sub001/ses-04/sub001-ses04-block2-game2_002.npy,sub001,04,2,2,002,7447,7450,7446,7451,4,374964,375121,375176,2,0.5653936955656913,0.3705221247257332,1.0900248782450062,0.6310834989014604,0.837800689130596,0.16362622761237372,0.23188257217407227,0.2169818878173828,0.0,1.0923914909362793,0.1422719955444336,0.0,26,0,Short
sub001-ses04-block2-game2_002::b0330,test/sub001/ses-04/sub001-ses04-block2-game2_002.npy,sub001,04,2,2,002,7463,7467,7462,7468,5,375773,375976,376026,3,0.6748258772577533,0.7667468385034586,0.862275536762501,0.6431641589352745,0.5120983939321451,0.5502575997753663,4.125136375427246,4.315065860748291,0.0,0.4422945976257324,0.07729244232177734,0.0,26,0,Short
sub001-ses04-block2-game2_002::b0331,test/sub001/ses-04/sub001-ses04-block2-game2_002.npy,sub001,04,2,2,002,7497,7498,7496,7499,2,377618,377669,377726,1,1.1126168205521179,0.8226724151934302,1.0194894336106435,0.416457735618871,0.3509965872271043,0.15211206615413453,0.11396646499633789,0.0,0.0,0.5105867385864258,0.0,0.0,26,0,Short
sub001-ses04-block2-game2_002::b0332,test/sub001/ses-04/sub001-ses04-block2-game2_002.npy,sub001,04,2,2,002,7504,7506,7503,7507,3,378018,378123,378175,1,0.7025481412183228,0.9028291001285154,0.9484593059096919,0.6098265636221543,0.4947656882546627,0.3611009696708973,1.6878011226654053,0.09545135498046875,0.2878913879394531,0.28344249725341797,0.938779354095459,0.5831727981567383,26,0,Short
sub001-ses04-block2-game2_002::b0333,test/sub001/ses-04/sub001-ses04-block2-game2_002.npy,sub001,04,2,2,002,7511,7514,7510,7515,4,378399,378555,378607,1,0.7491184513014038,0.7753206242347568,1.0309980682008486,0.5219290186328713,0.5582109833868658,0.25321283734972,0.21140289306640625,5.249517440795898,0.1984729766845703,0.12495136260986328,0.7763609886169434,1.1427178382873535,26,0,Short
sub001-ses04-block2-game2_002::b0334,test/sub001/ses-04/sub001-ses04-block2-game2_002.npy,sub001,04,2,2,002,7519,7522,7518,7523,4,378843,378997,379045,1,0.666645628326434,0.788166584809705,0.9916969160271801,0.6189261055806545,0.5564678228659045,0.40092681444018213,0.8686327934265137,3.612060070037842,4.214327812194824,1.3163175582885742,0.0,0.25836610794067383,26,0,Short
sub001-ses04-block2-game2_002::b0335,test/sub001/ses-04/sub001-ses04-block2-game2_002.npy,sub001,04,2,2,002,7527,7529,7526,7530,3,379262,379361,379414,1,0.7399715839277973,0.7683407720449642,0.9949972581356277,0.5994844782998452,0.585336498356647,0.4814475280883089,0.03676605224609375,0.5950746536254883,0.42903852462768555,0.7485051155090332,0.9821743965148926,0.2189192771911621,26,0,Short
sub001-ses04-block2-game2_002::b0336,test/sub001/ses-04/sub001-ses04-block2-game2_002.npy,sub001,04,2,2,002,7535,7537,7534,7538,3,379685,379784,379833,1,0.7980204403508212,0.7862805810484973,0.984487141340237,0.5149824357879593,0.5138363824064047,0.26873759020484606,0.008579730987548828,5.044764518737793,0.08977842330932617,0.175689697265625,0.5203137397766113,0.3589167594909668,26,0,Short
sub001-ses04-block2-game2_002::b0337,test/sub001/ses-04/sub001-ses04-block2-game2_002.npy,sub001,04,2,2,002,7543,7545,7542,7546,3,380095,380194,380241,1,0.7783256736866071,0.7637220719676434,1.010896098851637,0.5451736383911732,0.5879560317462127,0.309737928627171,0.011294364929199219,5.0170207023620605,0.0,0.3055605888366699,0.707420825958252,0.0,26,0,Short
sub001-ses04-block2-game2_002::b0338,test/sub001/ses-04/sub001-ses04-block2-game2_002.npy,sub001,04,2,2,002,7551,7552,7550,7553,2,380505,380557,380606,1,0.9345657019767675,1.1840154834386958,1.0554595153304156,0.4650423514013928,0.23578819664096173,0.34583929832789495,0.23676013946533203,4.298123836517334,4.958916187286377,0.49137163162231445,0.5455236434936523,0.5936412811279297,26,0,Short
sub001-ses04-block2-game2_002::b0339,test/sub001/ses-04/sub001-ses04-block2-game2_002.npy,sub001,04,2,2,002,7558,7560,7557,7561,3,380870,380972,381021,1,0.865206416348026,0.7746166856895654,0.8548326272899258,0.5152009007824743,0.5412688027476968,0.5157861672707582,0.0,4.369744300842285,0.13538694381713867,0.0,0.0,0.09865093231201172,26,0,Short
sub001-ses04-block2-game2_002::b0340,test/sub001/ses-04/sub001-ses04-block2-game2_002.npy,sub001,04,2,2,002,7566,7568,7565,7569,3,381280,381380,381431,1,0.8279252393488478,0.7974185047650394,0.8507712555901147,0.6499800733945705,0.6593604329809539,0.6167696966796745,0.043076515197753906,4.189776420593262,0.0,0.3183708190917969,0.0,0.0,26,0,Short
sub001-ses04-block2-game2_002::b0341,test/sub001/ses-04/sub001-ses04-block2-game2_002.npy,sub001,04,2,2,002,7574,7576,7573,7577,3,381697,381798,381851,1,1.0161743353960762,1.0708467130172443,1.038152409424662,0.43982169940094334,0.4160057842001522,0.4115041295906686,4.781301021575928,3.4621758460998535,0.013007640838623047,0.1449298858642578,0.0,0.6860504150390625,26,0,Short
sub001-ses04-block2-game2_002::b0342,test/sub001/ses-04/sub001-ses04-block2-game2_002.npy,sub001,04,2,2,002,7581,7583,7580,7584,3,382073,382174,382224,2,1.1862367805634537,1.182950433228334,1.288231047400181,0.022903887048717875,0.2953480631077746,0.29529271949050284,0.22975730895996094,0.3181419372558594,0.5288839340209961,0.07562685012817383,0.055419921875,1.0857558250427246,26,0,Short
sub001-ses04-block2-game2_002::b0343,test/sub001/ses-04/sub001-ses04-block2-game2_002.npy,sub001,04,2,2,002,7631,7643,7630,7644,13,384658,385273,385324,2,1.1124646263252385,0.6578562862220315,0.8909578003183246,0.1748097704166599,0.7171593923236186,0.5426506354419136,0.1430835723876953,0.0,3.808441162109375,0.0,0.0,0.0,26,0,Short
sub001-ses04-block2-game2_002::b0344,test/sub001/ses-04/sub001-ses04-block2-game2_002.npy,sub001,04,2,2,002,7707,7709,7706,7710,3,388522,388628,388682,1,1.2179288520740976,0.7524694236065504,0.9225485068787738,0.15230116416834893,0.5194365245244067,0.41052296983354425,0.32593488693237305,0.0,5.155991554260254,0.32425403594970703,0.0,0.4445209503173828,26,0,Short
sub001-ses04-block2-game2_002::b0345,test/sub001/ses-04/sub001-ses04-block2-game2_002.npy,sub001,04,2,2,002,7716,7717,7715,7718,2,389016,389067,389114,2,0.8287327724133404,0.8441928328416622,1.216293749492997,0.47251326830650375,0.4440798935536352,0.3827337979882569,0.17731523513793945,4.92119836807251,0.19577264785766602,0.2551460266113281,0.6225194931030273,1.4640560150146484,26,0,Short
sub001-ses04-block2-game2_002::b0346,test/sub001/ses-04/sub001-ses04-block2-game2_002.npy,sub001,04,2,2,002,7740,7746,7739,7747,7,390172,390465,390514,2,0.30060681771183795,0.23542634510219793,0.8504876080628089,0.876589919568886,0.9184686826051784,0.6257514379843687,0.0037126541137695312,4.0907392501831055,0.6931352615356445,0.5771141052246094,0.4102625846862793,1.1016852855682373,26,0,Short
sub001-ses04-block2-game2_002::b0347,test/sub001/ses-04/sub001-ses04-block2-game2_002.npy,sub001,04,2,2,002,7756,7770,7755,7771,15,390972,391620,391671,3,0.42444933767302834,0.333453249815311,0.9244875551514646,0.8345096960634373,0.875940113102418,0.6104395170285145,4.629453659057617,0.0,0.0,1.6402478218078613,0.0,0.0,26,0,Short
sub001-ses04-block2-game2_002::b0348,test/sub001/ses-04/sub001-ses04-block2-game2_002.npy,sub001,04,2,2,002,7789,7794,7788,7795,6,392572,392809,392859,2,0.8091137126482293,0.8243562589236115,0.926810262707765,0.6018166291798395,0.5987938197968565,0.5373401270161867,0.0746908187866211,0.0,4.053537368774414,0.8288133144378662,0.0,0.9219815731048584,26,0,Short
sub001-ses04-block2-game2_002::b0349,test/sub001/ses-04/sub001-ses04-block2-game2_002.npy,sub001,04,2,2,002,7831,7844,7830,7845,14,394659,395281,395332,2,0.38092962662614704,0.5733822041121589,0.8627396243272859,0.8394277660546133,0.7706326410571638,0.4443937324145245,0.011757850646972656,0.0,4.045534133911133,0.13352727890014648,0.0,0.0,26,0,Short
sub001-ses04-block2-game2_002::b0350,test/sub001/ses-04/sub001-ses04-block2-game2_002.npy,sub001,04,2,2,002,7851,7858,7850,7859,8,395630,395961,396010,1,0.763536336700019,0.6577657994490904,0.8402720368559348,0.5281280764847456,0.6599074401459439,0.4376216797883254,0.44695138931274414,0.45491600036621094,4.105820655822754,1.2556462287902832,1.4205479621887207,0.0,26,0,Short
sub001-ses04-block2-game2_002::b0351,test/sub001/ses-04/sub001-ses04-block2-game2_002.npy,sub001,04,2,2,002,7863,7866,7862,7867,4,396205,396353,396403,3,0.7921369477559908,0.8217633012169809,0.7937619838248974,0.5191155498113368,0.5167229422287242,0.5224211281330248,4.043296813964844,0.0,0.06057453155517578,0.0,0.0,0.0,26,0,Short
sub001-ses04-block2-game2_002::b0352,test/sub001/ses-04/sub001-ses04-block2-game2_002.npy,sub001,04,2,2,002,7875,7890,7874,7891,16,396807,397556,397606,1,1.0545096559497449,0.5878421446395172,0.8438512818235234,0.30864178943410164,0.7525911557894484,0.5695701241980653,0.0,4.023111343383789,4.057517051696777,0.0,0.0,0.0,26,0,Short
sub001-ses04-block2-game2_002::b0353,test/sub001/ses-04/sub001-ses04-block2-game2_002.npy,sub001,04,2,2,002,7899,7907,7898,7908,9,398018,398418,398471,1,0.5128552688983141,0.5913361447726209,0.9016426839657624,0.7680216266260081,0.7033751688214784,0.3185392362475361,0.08232259750366211,0.0,0.38575220108032227,0.19751453399658203,0.0,0.0,26,0,Short
sub001-ses04-block2-game2_002::b0354,test/sub001/ses-04/sub001-ses04-block2-game2_002.npy,sub001,04,2,2,002,7913,7915,7912,7916,3,398731,398831,398882,1,0.9054789167694645,0.9018632164839379,0.7564477523441591,0.487043175361229,0.4844118771928906,0.5148720638292628,0.0,0.23423194885253906,0.401123046875,0.0,0.12091970443725586,0.06450796127319336,26,0,Short
sub001-ses04-block2-game2_002::b0355,test/sub001/ses-04/sub001-ses04-block2-game2_002.npy,sub001,04,2,2,002,7929,7930,7928,7931,2,399557,399608,399657,1,0.8731432169833335,0.743822672940108,1.0095649194556429,0.4990716345389536,0.5888713109331946,0.3121023249925616,0.14033174514770508,0.4025692939758301,4.570404529571533,0.31594133377075195,0.2681846618652344,0.33803462982177734,26,0,Short
sub001-ses04-block2-game2_002::b0356,test/sub001/ses-04/sub001-ses04-block2-game2_002.npy,sub001,04,2,2,002,7936,7938,7935,7939,3,399912,400012,400064,1,0.8544073294485566,0.8541572916003133,0.9127362514550437,0.506736063138228,0.45870170034653884,0.3326746416012152,4.739809036254883,0.0,0.44228315353393555,0.04209089279174805,0.0,0.17040109634399414,26,0,Short
sub001-ses04-block2-game2_002::b0357,test/sub001/ses-04/sub001-ses04-block2-game2_002.npy,sub001,04,2,2,002,7944,7946,7943,7947,3,400332,400434,400484,1,0.7627881149910035,0.6993829617041476,0.9810766908059422,0.5685315566089554,0.5954812694553666,0.2809018346223781,0.22402524948120117,0.12238550186157227,0.2634544372558594,0.0,0.0,0.05830192565917969,26,0,Short
sub001-ses04-block2-game2_002::b0358,test/sub001/ses-04/sub001-ses04-block2-game2_002.npy,sub001,04,2,2,002,7952,7954,7951,7955,3,400749,400848,400898,1,0.6873453192101082,0.8222435592647304,0.9037230656664907,0.6044459402514825,0.5597133956201583,0.3229429090193827,0.7135763168334961,0.0,4.215600490570068,0.9053182601928711,0.0,0.0,26,0,Short
sub001-ses04-block2-game2_002::b0359,test/sub001/ses-04/sub001-ses04-block2-game2_002.npy,sub001,04,2,2,002,7960,7962,7959,7963,3,401154,401253,401304,1,0.7617785312589417,1.046193495211657,1.0083535825412695,0.567690014045341,0.4279487003723661,0.3693904528223932,0.08467626571655273,4.198052406311035,4.958657264709473,0.24287033081054688,0.0,0.49452972412109375,26,0,Short
sub001-ses04-block2-game2_002::b0360,test/sub001/ses-04/sub001-ses04-block2-game2_002.npy,sub001,04,2,2,002,7967,7967,7966,7968,1,401516,401516,401565,3,0.8104857943711135,0.8903147863290322,0.9340950242500485,0.5557802506271302,0.4758137398079815,0.42223676491076734,0.12039375305175781,4.377475261688232,0.05305051803588867,0.009674549102783203,0.0,0.1141209602355957,26,0,Short
sub001-ses04-block2-game2_002::b0361,test/sub001/ses-04/sub001-ses04-block2-game2_002.npy,sub001,04,2,2,002,7975,7990,7974,7991,16,401929,402663,402710,2,1.2693158807740677,0.299062895101128,0.9006781369528544,0.31363177353872906,0.9012157037201766,0.5143289754706347,4.152585506439209,4.146689414978027,0.5456016063690186,0.01333761215209961,0.2938566207885742,0.685877799987793,26,0,Short
sub001-ses04-block2-game2_002::b0362,test/sub001/ses-04/sub001-ses04-block2-game2_002.npy,sub001,04,2,2,002,8009,8014,8008,8015,6,403550,403791,403842,3,0.7967203524474981,0.8630039525146417,1.071881304925655,0.6290214743208775,0.5599560641443808,0.33579001455152396,3.4873788356781006,0.0,0.21620821952819824,0.4659874439239502,0.0,0.0,26,0,Short
sub001-ses04-block2-game2_002::b0363,test/sub001/ses-04/sub001-ses04-block2-game2_002.npy,sub001,04,2,2,002,8041,8048,8040,8049,8,405154,405502,405553,2,0.3015263219413937,0.2215682287967261,0.8918217615931664,0.8998889877171906,0.9324455372141678,0.5977322472765265,3.8031105995178223,4.180168151855469,0.595353364944458,0.0,0.056496620178222656,0.5630216598510742,26,0,Short
sub001-ses04-block2-game2_002::b0364,test/sub001/ses-04/sub001-ses04-block2-game2_002.npy,sub001,04,2,2,002,8087,8087,8086,8088,1,407409,407409,407459,1,0.5454286036200837,0.6093320631832498,0.9643112537037932,0.7675932952472702,0.6998493955626864,0.4742136253666926,3.758755683898926,0.08940386772155762,3.5607409477233887,0.32137441635131836,0.005617380142211914,0.07291984558105469,26,0,Short
sub001-ses04-block2-game2_002::b0365,test/sub001/ses-04/sub001-ses04-block2-game2_002.npy,sub001,04,2,2,002,8093,8093,8092,8094,1,407700,407700,407748,3,0.9011988549170169,0.8857326337072454,0.9314602217108717,0.49646323871479764,0.4646586470300039,0.4800417474342399,0.0,0.0,0.024062156677246094,0.0,0.0,0.4891667366027832,26,0,Short
sub001-ses04-block2-game2_002::b0366,test/sub001/ses-04/sub001-ses04-block2-game2_002.npy,sub001,04,2,2,002,8111,8121,8110,8122,11,408588,409084,409134,2,0.7024753531770169,0.3077703058111738,0.888657887380113,0.6665130247170772,0.8969769817461949,0.508088353810376,3.715935230255127,3.866764545440674,4.335385799407959,0.0,0.21906185150146484,0.41194844245910645,26,0,Short
sub001-ses04-block2-game2_002::b0367,test/sub001/ses-04/sub001-ses04-block2-game2_002.npy,sub001,04,2,2,002,8134,8146,8133,8147,13,409711,410296,410345,1,0.47350353035317283,0.5921524630748682,0.8675234585458721,0.7808764711823465,0.7387196008419588,0.49876051695904045,4.08367395401001,4.132480144500732,0.32987284660339355,0.20430707931518555,0.7404384613037109,0.0,26,0,Short
sub001-ses04-block2-game2_002::b0368,test/sub001/ses-04/sub001-ses04-block2-game2_002.npy,sub001,04,2,2,002,8162,8163,8161,8164,2,411105,411153,411200,1,0.7849546174265813,0.935909572085738,0.9253924779639849,0.6300348630449316,0.3741773956087883,0.45242390239631103,0.05042552947998047,0.28391170501708984,4.870954513549805,0.2516040802001953,1.3996829986572266,0.7274684906005859,26,0,Short
sub001-ses04-block2-game2_002::b0369,test/sub001/ses-04/sub001-ses04-block2-game2_002.npy,sub001,04,2,2,002,8169,8170,8168,8171,2,411446,411498,411543,1,0.9072931736752087,0.9203820394519775,0.8712371834020204,0.3991420030607487,0.3398045194345151,0.5363382273969783,0.0,0.0,0.09432363510131836,0.0,0.0,0.6152443885803223,26,0,Short
sub001-ses04-block2-game2_002::b0370,test/sub001/ses-04/sub001-ses04-block2-game2_002.npy,sub001,04,2,2,002,8175,8176,8174,8177,2,411754,411807,411854,1,0.9332320717740469,0.8486909014805823,1.0029061976471816,0.33814419359743525,0.46337940983186227,0.39609217699614985,0.2138352394104004,4.747149467468262,0.0,0.3796253204345703,0.41852426528930664,0.0,26,0,Short
sub001-ses04-block2-game2_002::b0371,test/sub001/ses-04/sub001-ses04-block2-game2_002.npy,sub001,04,2,2,002,8181,8182,8180,8183,2,412073,412122,412176,1,0.8390005898030922,0.9934685319111263,0.9870701408627829,0.3789547432556303,0.41786491973392415,0.4024744678816859,4.594680309295654,0.7752723693847656,0.0,0.0,0.624873161315918,0.0,26,0,Short
sub001-ses04-block2-game2_002::b0372,test/sub001/ses-04/sub001-ses04-block2-game2_002.npy,sub001,04,2,2,002,8189,8192,8188,8193,4,412485,412631,412677,2,0.9278597541823911,0.9458574684425828,0.9693400494165331,0.41813562624970146,0.4339277337878973,0.3115522148510996,4.701791763305664,0.0,0.0,0.35924720764160156,0.0,0.0,26,0,Short
sub001-ses04-block2-game2_002::b0373,test/sub001/ses-04/sub001-ses04-block2-game2_002.npy,sub001,04,2,2,002,8225,8226,8224,8227,2,414322,414374,414426,1,0.9547326386219764,0.8607307260703194,0.8620708902731491,0.4492530963084518,0.5615431283940711,0.4020271430890302,4.70965051651001,0.34658098220825195,0.1683950424194336,0.35669612884521484,0.1643686294555664,0.04502105712890625,26,0,Short
sub001-ses04-block2-game2_002::b0374,test/sub001/ses-04/sub001-ses04-block2-game2_002.npy,sub001,04,2,2,002,8232,8234,8231,8235,3,414679,414781,414839,3,0.7681407372442427,0.9141153539031547,0.8079603760524786,0.5582788097667396,0.5372813793453981,0.39158822064598997,0.3735675811767578,0.524078369140625,4.415499687194824,0.0,0.38092899322509766,0.0,26,0,Short
sub001-ses04-block2-game2_002::b0375,test/sub001/ses-04/sub001-ses04-block2-game2_002.npy,sub001,04,2,2,002,8302,8311,8301,8312,10,418221,418667,418715,2,1.2899393112787274,0.5523236331251882,1.093928561052178,0.3045871455694009,0.7724438386884759,0.30264545268915344,4.295619964599609,4.706606388092041,4.724224090576172,0.3060593605041504,0.02019786834716797,0.2751650810241699,26,0,Short
sub001-ses04-block2-game2_002::b0376,test/sub001/ses-04/sub001-ses04-block2-game2_002.npy,sub001,04,2,2,002,8326,8328,8325,8329,3,419417,419514,419564,3,0.911984228503923,0.7908248789109342,1.0488877252664794,0.4366737777177262,0.5121543886670102,0.2917595486317324,0.15494155883789062,0.15447378158569336,4.988768577575684,1.0830683708190918,0.0,0.6121869087219238,26,0,Short
sub001-ses04-block2-game2_002::b0377,test/sub001/ses-04/sub001-ses04-block2-game2_002.npy,sub001,04,2,2,002,8337,8346,8336,8347,10,419978,420421,420471,3,1.2018609582728783,0.9372549567286164,0.8406413585655156,0.3732295248881316,0.4068830282664035,0.5792394270554231,4.830449104309082,0.5981712341308594,0.22453069686889648,0.5502762794494629,0.6533961296081543,0.989985466003418,26,0,Short
sub001-ses04-block2-game2_002::b0378,test/sub001/ses-04/sub001-ses04-block2-game2_002.npy,sub001,04,2,2,002,8393,8398,8392,8399,6,422824,423072,423121,2,0.6093816110565582,0.5741188934770102,1.0148455324217716,0.7111140199761898,0.7387696328392839,0.5484524049747643,0.28141212463378906,3.524020195007324,0.0,0.7578308582305908,0.0,0.0,26,0,Short
sub001-ses04-block2-game2_002::b0379,test/sub001/ses-04/sub001-ses04-block2-game2_002.npy,sub001,04,2,2,002,8447,8468,8446,8469,22,425529,426575,426624,2,0.8505174163329983,1.0377586738374858,1.0119093536086954,0.4741761552828594,0.4184750304145484,0.4748255159137885,0.3621025085449219,3.6092774868011475,3.7863640785217285,0.0,0.0,0.16330361366271973,26,0,Short
sub001-ses04-block2-game2_002::b0380,test/sub001/ses-04/sub001-ses04-block2-game2_002.npy,sub001,04,2,2,002,8495,8504,8494,8505,10,427960,428404,428455,3,0.521549838414955,0.3946638933769239,1.1101981034057773,0.7839946956282764,0.8601689677307431,0.4687101098019977,0.721121072769165,4.252220153808594,0.5271925926208496,0.767115592956543,0.25100278854370117,1.0764305591583252,26,0,Short
sub001-ses04-block2-game2_002::b0381,test/sub001/ses-04/sub001-ses04-block2-game2_002.npy,sub001,04,2,2,002,8531,8550,8530,8551,20,429771,430699,430747,2,0.47686187778701944,0.6331596714282834,0.8362935271905791,0.8121002742853811,0.7153103727872578,0.6420599357083878,0.11854887008666992,3.3559091091156006,0.0,0.4941225051879883,0.0,0.0,26,0,Short
sub001-ses04-block2-game2_002::b0382,test/sub001/ses-04/sub001-ses04-block2-game2_002.npy,sub001,04,2,2,002,8556,8568,8555,8569,13,431001,431610,431661,2,0.3113690534086135,0.23188154199076583,1.1105542086308522,0.8840581224722025,0.9221775113924543,0.40025749589083304,0.08445191383361816,3.707657814025879,4.352587699890137,0.0,0.20934534072875977,0.728785514831543,26,0,Short
sub001-ses04-block2-game2_002::b0383,test/sub001/ses-04/sub001-ses04-block2-game2_002.npy,sub001,04,2,2,002,8622,8624,8621,8625,3,434349,434448,434503,1,0.7625848635504349,0.7790525237212848,0.9668481575719978,0.557493492534667,0.5467071977092268,0.23137961605692076,0.8710823059082031,0.9832077026367188,0.07639837265014648,0.0,1.0994133949279785,0.3405280113220215,26,0,Short
sub001-ses04-block2-game2_002::b0384,test/sub001/ses-04/sub001-ses04-block2-game2_002.npy,sub001,04,2,2,002,8630,8630,8629,8631,1,434749,434749,434800,1,0.982121270182288,1.0032889373482559,1.0700469126288839,0.48617889917210044,0.478395053531283,0.26961163257263904,0.09429216384887695,3.4025912284851074,3.4255194664001465,0.0,0.0,0.0,26,0,Short
sub001-ses04-block2-game2_002::b0385,test/sub001/ses-04/sub001-ses04-block2-game2_002.npy,sub001,04,2,2,002,8637,8638,8636,8639,2,435097,435145,435194,1,0.9039459799211867,1.047405090404969,0.9721969728860779,0.4807710253748341,0.38351728630715665,0.45739003727719146,3.067073106765747,0.0,0.5625641345977783,0.0,0.0,0.0,26,0,Short
sub001-ses04-block2-game2_002::b0386,test/sub001/ses-04/sub001-ses04-block2-game2_002.npy,sub001,04,2,2,002,8644,8645,8643,8646,2,435445,435496,435543,1,0.9554343828479946,0.9495114897271254,1.1732870395566406,0.4658701006562559,0.4616611974923041,0.24210375702038744,2.7474327087402344,0.0,3.122797966003418,0.0,0.0,0.0,26,0,Short
sub001-ses04-block2-game2_002::b0387,test/sub001/ses-04/sub001-ses04-block2-game2_002.npy,sub001,04,2,2,002,8667,8668,8666,8669,2,436575,436620,436666,1,0.9215162170785445,0.9564307854155083,1.1815095092575638,0.4869522688300223,0.4484900395390705,0.4074875081870918,3.885740041732788,3.328901529312134,0.7039089202880859,0.2622382640838623,0.06296348571777344,0.7781052589416504,26,0,Short
sub001-ses04-block2-game2_002::b0388,test/sub001/ses-04/sub001-ses04-block2-game2_002.npy,sub001,04,2,2,002,8675,8676,8674,8677,2,436970,437017,437061,1,0.8573741123137052,0.8074137643582582,1.2480818086546912,0.49363128830530945,0.5134948699755962,0.32514105874369537,3.440577745437622,3.073359966278076,3.3282203674316406,0.0,0.0,0.0,26,0,Short
sub001-ses04-block2-game2_002::b0389,test/sub001/ses-04/sub001-ses04-block2-game2_002.npy,sub001,04,2,2,002,8690,8693,8689,8694,4,437709,437855,437900,1,1.187780061330702,0.8578115021141399,1.1675491886533524,0.3587037097632172,0.5306213270682942,0.24599151164873512,0.218902587890625,3.9103708267211914,3.666083574295044,0.13631820678710938,0.5961992740631104,0.17073869705200195,26,0,Short
sub001-ses04-block2-game2_002::b0390,test/sub001/ses-04/sub001-ses04-block2-game2_002.npy,sub001,04,2,2,002,8697,8700,8696,8701,4,438053,438202,438250,1,0.924792708419838,0.8626582277182437,1.0593518123192054,0.4806613179051593,0.4698849575201691,0.3305008664071086,0.04254460334777832,0.0,3.5698890686035156,0.5456171035766602,0.0,0.12930750846862793,26,0,Short
sub001-ses04-block2-game2_002::b0391,test/sub001/ses-04/sub001-ses04-block2-game2_002.npy,sub001,04,2,2,002,8707,8709,8706,8710,3,438553,438651,438696,1,0.9439117184136523,0.8447074295887161,1.0922634783283285,0.48770188412694226,0.5406920555271935,0.23084153639534388,0.044110774993896484,3.6734540462493896,0.24297571182250977,0.6419644355773926,0.24381422996520996,1.2757110595703125,26,0,Short
sub001-ses04-block2-game2_002::b0392,test/sub001/ses-04/sub001-ses04-block2-game2_002.npy,sub001,04,2,2,002,8715,8717,8714,8718,3,438952,439046,439095,5,0.8482957457926481,0.9048744897278292,1.1447716427233139,0.5107617015500998,0.5020136970308744,0.18766911181960189,0.0,3.6451711654663086,0.0,0.0,0.03449678421020508,0.0,26,0,Short
sub001-ses04-block2-game2_002::b0393,test/sub001/ses-04/sub001-ses04-block2-game2_002.npy,sub001,04,2,2,002,8733,8734,8732,8735,2,439833,439882,439927,1,0.9084607943519003,0.962744451320531,0.9610137555165239,0.4881345193330643,0.41892588886313614,0.5512112937139524,3.262478828430176,0.43096256256103516,0.0,0.26687026023864746,1.0161185264587402,0.0,26,0,Short
sub001-ses04-block2-game2_002::b0394,test/sub001/ses-04/sub001-ses04-block2-game2_002.npy,sub001,04,2,2,002,8770,8773,8769,8774,4,441620,441760,441808,1,0.9387142653858531,0.8143484382620463,0.9426175300989997,0.5394409417731463,0.5330452659738529,0.4468620609748394,0.29256296157836914,0.0,0.0,0.758995532989502,0.0,0.0,26,0,Short
sub001-ses04-block2-game2_002::b0395,test/sub001/ses-04/sub001-ses04-block2-game2_002.npy,sub001,04,2,2,002,8781,8782,8780,8783,2,442149,442199,442250,4,0.8531788451661351,0.9734159278518535,0.9808756287460565,0.4763812704880117,0.47299610740595543,0.40951165142836843,4.379176616668701,0.0,3.9907383918762207,0.8021655082702637,0.0,0.4142112731933594,26,0,Short
sub001-ses04-block2-game2_002::b0396,test/sub001/ses-04/sub001-ses04-block2-game2_002.npy,sub001,04,2,2,002,8803,8806,8802,8807,4,443230,443377,443427,1,0.8517927417815498,0.8882642087128438,0.8788836174090136,0.503154596489271,0.452198976507336,0.35525216624317296,0.10537004470825195,3.2037932872772217,3.7440989017486572,0.22545504570007324,0.0,0.3072540760040283,26,0,Short
sub001-ses04-block2-game2_002::b0397,test/sub001/ses-04/sub001-ses04-block2-game2_002.npy,sub001,04,2,2,002,8812,8814,8811,8815,3,443690,443786,443838,1,0.8279050250639011,0.8275182794828713,0.9693902111440533,0.5525236592867037,0.5790842664268286,0.30949518686023847,3.6863725185394287,3.647730827331543,0.05093264579772949,0.0,0.15989065170288086,0.0,26,0,Short
sub001-ses04-block2-game2_002::b0398,test/sub001/ses-04/sub001-ses04-block2-game2_002.npy,sub001,04,2,2,002,8820,8821,8819,8822,2,444100,444153,444204,1,0.9405417487164693,0.8987984532605506,0.950224971265771,0.5382410833868289,0.5103392634282686,0.21909873601262153,0.21469473838806152,0.16992449760437012,0.0,0.19469833374023438,0.7279956340789795,0.0,26,0,Short
sub001-ses04-block2-game2_002::b0399,test/sub001/ses-04/sub001-ses04-block2-game2_002.npy,sub001,04,2,2,002,8827,8829,8826,8830,3,444470,444568,444618,1,0.9510188934950847,0.8642676400667489,0.9601773389121537,0.5315621520734479,0.57000004389293,0.3794995493001847,3.951597213745117,0.0,0.04922771453857422,0.4552474021911621,0.0,0.6370077133178711,26,0,Short
sub001-ses04-block2-game2_002::b0400,test/sub001/ses-04/sub001-ses04-block2-game2_002.npy,sub001,04,2,2,002,8835,8839,8834,8840,5,444870,445062,445111,1,0.9901525980456208,0.8073537678742446,1.0123087589818116,0.49046271779605305,0.5944176461306911,0.1516494046357837,0.5605659484863281,3.6563057899475098,3.7605791091918945,0.10207557678222656,0.0021736621856689453,0.04563307762145996,26,0,Short
sub001-ses04-block2-game2_002::b0401,test/sub001/ses-04/sub001-ses04-block2-game2_002.npy,sub001,04,2,2,002,8863,8864,8862,8865,2,446247,446295,446345,1,0.7847514174457708,0.8438764697977414,1.127156758773837,0.6048157487338499,0.511875565173005,0.14981569577607928,0.018878936767578125,0.639784574508667,3.3930118083953857,0.0,0.24125981330871582,0.6735327243804932,26,0,Short
sub001-ses04-block2-game2_002::b0402,test/sub001/ses-04/sub001-ses04-block2-game2_002.npy,sub001,04,2,2,002,8869,8872,8868,8873,4,446559,446705,446752,1,0.8288680443026383,0.7647349669922321,1.1710214835001216,0.5455822114781382,0.5736296278845459,0.1214018451050411,0.0,0.1921398639678955,0.40912795066833496,0.0,0.5572783946990967,1.1338634490966797,26,0,Short
sub001-ses04-block2-game2_002::b0403,test/sub001/ses-04/sub001-ses04-block2-game2_002.npy,sub001,04,2,2,002,8878,8880,8877,8881,3,447015,447108,447156,1,0.8017168663365496,0.7732328849731721,1.1342784448747896,0.5309313112348075,0.517094855825681,0.19704838517999196,3.828504800796509,3.9941983222961426,3.9301557540893555,0.0,0.3392024040222168,0.4864208698272705,26,0,Short
sub001-ses04-block2-game2_002::b0404,test/sub001/ses-04/sub001-ses04-block2-game2_002.npy,sub001,04,2,2,002,8885,8888,8884,8889,4,447344,447491,447540,1,0.8342886803976016,0.8034779685058868,1.062800063901851,0.5572611258964527,0.575784414511096,0.21007467566589666,0.0,3.1978700160980225,0.8026885986328125,0.0,0.7131929397583008,1.0782098770141602,26,0,Short
sub001-ses04-block2-game2_002::b0405,test/sub001/ses-04/sub001-ses04-block2-game2_002.npy,sub001,04,2,2,002,8894,8896,8893,8897,3,447788,447882,447927,1,0.8932139268419157,0.8455443031013469,1.1907318586859585,0.5245934304945907,0.5413022797001863,0.14461232690310527,0.6168131828308105,0.0,3.1989057064056396,0.15697574615478516,0.0,0.0,26,0,Short
sub001-ses04-block2-game2_002::b0406,test/sub001/ses-04/sub001-ses04-block2-game2_002.npy,sub001,04,2,2,002,8901,8903,8900,8904,3,448120,448214,448262,3,0.9496477919643856,0.8179808037376436,1.1511298183629692,0.44785499083581126,0.5590333699151058,0.16817136195306287,3.6200523376464844,0.28948259353637695,4.301975727081299,0.7293508052825928,0.29897141456604004,0.7138500213623047,26,0,Short
sub001-ses04-block2-game2_002::b0407,test/sub001/ses-04/sub001-ses04-block2-game2_002.npy,sub001,04,2,2,002,8928,8934,8927,8935,7,449433,449729,449780,2,0.5152015600421814,0.3235297954820515,1.0007000655572929,0.7983824105123668,0.8877001196652179,0.4841023972341433,3.1851842403411865,3.2000885009765625,0.0,0.0,0.08866024017333984,0.0,26,0,Short
sub001-ses04-block2-game2_002::b0408,test/sub001/ses-04/sub001-ses04-block2-game2_002.npy,sub001,04,2,2,002,8944,8956,8943,8957,13,450211,450789,450835,3,0.892271268192082,0.9688433102900752,1.0125427499346793,0.48693192483259023,0.43796476777567256,0.45772852424611976,0.17154645919799805,4.057570934295654,0.36393308639526367,0.4693338871002197,0.5519614219665527,0.782738208770752,26,0,Short
sub001-ses04-block2-game2_002::b0409,test/sub001/ses-04/sub001-ses04-block2-game2_002.npy,sub001,04,2,2,002,8979,8980,8978,8981,2,451923,451975,452022,1,0.44242247233722276,0.5846199757178181,0.8726248404448187,0.8292698337206433,0.7556377554949376,0.4886955998296464,0.3265399932861328,0.010367870330810547,0.0,0.32935261726379395,1.0053153038024902,0.0,26,0,Short
sub001-ses04-block2-game2_002::b0410,test/sub001/ses-04/sub001-ses04-block2-game2_002.npy,sub001,04,2,2,002,8995,9004,8994,9005,10,452707,453141,453195,3,1.1407011722972393,0.570003050385142,1.0646543551351104,0.458761116644287,0.6791748767101854,0.42584393188879843,3.042067289352417,4.469488143920898,0.10416936874389648,0.0,0.9142160415649414,0.41831350326538086,26,0,Short
sub001-ses04-block2-game2_002::b0411,test/sub001/ses-04/sub001-ses04-block2-game2_002.npy,sub001,04,2,2,002,9024,9026,9023,9027,3,454135,454229,454276,1,0.8393676460045879,0.8408941182990687,0.910664024501168,0.49994936128491707,0.4879798599667955,0.46713489158193605,0.04543757438659668,0.1802539825439453,3.6954939365386963,0.06945538520812988,0.30168700218200684,0.0,26,0,Short
sub001-ses04-block2-game2_002::b0412,test/sub001/ses-04/sub001-ses04-block2-game2_002.npy,sub001,04,2,2,002,9033,9034,9032,9035,2,454564,454608,454653,1,0.825636588730978,0.8116301942886377,1.0870007032781939,0.5086423028465078,0.5597505553195934,0.13184713860453312,0.5270271301269531,3.4178943634033203,1.06325364112854,0.44765186309814453,0.13546204566955566,1.7253055572509766,26,0,Short
sub001-ses04-block2-game2_002::b0413,test/sub001/ses-04/sub001-ses04-block2-game2_002.npy,sub001,04,2,2,002,9111,9115,9110,9116,5,458432,458631,458685,2,0.9065702949855565,0.8944018858955691,1.0249578452945862,0.5051351214351717,0.515493796316759,0.42093278537884976,0.3837926387786865,3.7292211055755615,0.18636369705200195,0.9445171356201172,0.0,0.4587900638580322,26,0,Short
sub001-ses04-block2-game2_002::b0414,test/sub001/ses-04/sub001-ses04-block2-game2_002.npy,sub001,04,2,2,002,9125,9125,9124,9126,1,459121,459121,459170,1,1.2809656563121636,1.0863631240313294,1.1012516950412763,0.1019891126012335,0.3878871583016883,0.17999140157638893,0.5451676845550537,4.239915370941162,4.31144380569458,1.3578686714172363,0.4230494499206543,0.1681060791015625,26,0,Short
sub001-ses04-block2-game2_002::b0415,test/sub001/ses-04/sub001-ses04-block2-game2_002.npy,sub001,04,2,2,002,9131,9134,9130,9135,4,459423,459567,459615,1,0.8701153538734222,0.8599201387371054,1.0882953449760808,0.507452715243549,0.5368399462044956,0.06355650430244075,4.016141414642334,0.0,4.42239236831665,0.0,0.0,0.6161065101623535,26,0,Short
sub001-ses04-block2-game2_002::b0416,test/sub001/ses-04/sub001-ses04-block2-game2_002.npy,sub001,04,2,2,002,9141,9154,9140,9155,14,459922,460551,460602,2,0.885353324866351,0.9553062853676231,1.2039846757759614,0.4715527254927679,0.47017265837609723,0.14585530862552665,0.29178333282470703,3.7890636920928955,0.12678933143615723,0.4629082679748535,0.3888874053955078,0.10094976425170898,26,0,Short
sub001-ses04-block2-game2_002::b0417,test/sub001/ses-04/sub001-ses04-block2-game2_002.npy,sub001,04,2,2,002,9175,9177,9174,9178,3,461562,461659,461706,1,0.9116911040272331,0.9574771202588133,1.1399061495993332,0.496065890908595,0.44502184582116444,0.12828114524034234,0.43771934509277344,3.3904614448547363,3.6218912601470947,0.0,0.0,0.15120244026184082,26,0,Short
sub001-ses04-block2-game2_002::b0418,test/sub001/ses-04/sub001-ses04-block2-game2_002.npy,sub001,04,2,2,002,9183,9201,9182,9202,19,461964,462850,462900,2,0.9361859815711583,0.824308112588372,1.1259314693927667,0.4906206113408089,0.5160832097057921,0.16739386386846627,0.09645581245422363,3.2521934509277344,0.32871437072753906,0.1007852554321289,0.0186767578125,0.44699788093566895,26,0,Short
sub001-ses04-block2-game2_002::b0419,test/sub001/ses-04/sub001-ses04-block2-game2_002.npy,sub001,04,2,2,002,9208,9209,9207,9210,2,463186,463231,463277,1,1.1613446449103328,0.8371465001829977,1.223829434035118,0.3400353309617753,0.6019319750328651,0.08743435466447247,0.0,0.0,0.12012386322021484,0.0,0.0,0.7356367111206055,26,0,Short
sub001-ses04-block2-game2_002::b0420,test/sub001/ses-04/sub001-ses04-block2-game2_002.npy,sub001,04,2,2,002,9224,9224,9223,9225,1,463970,463970,464018,3,0.9658254874021595,1.0629988999038484,1.156547787446178,0.41210525260223496,0.4390565205458602,0.28305751438546795,0.0,0.036925315856933594,2.528010606765747,0.0,0.3970053195953369,0.008110761642456055,26,0,Short
sub001-ses04-block2-game2_002::b0421,test/sub001/ses-04/sub001-ses04-block2-game2_002.npy,sub001,04,2,2,002,9235,9253,9234,9254,19,464511,465358,465405,3,0.7086077316847357,0.7946551534261616,1.1496568585103597,0.661895977453143,0.6353222569752348,0.38214261706857766,0.3137502670288086,0.19705963134765625,0.0,0.7108218669891357,1.1779747009277344,0.0,26,0,Short
sub001-ses04-block2-game2_002::b0422,test/sub001/ses-04/sub001-ses04-block2-game2_002.npy,sub001,04,2,2,002,9311,9313,9310,9314,3,468262,468364,468416,1,1.0452658530374526,1.0499794819687382,0.9994609175997857,0.4062413758188621,0.3439201523646222,0.3874859158455359,0.0,2.680842399597168,0.08591604232788086,0.0,0.0,0.7110002040863037,26,0,Short
sub001-ses04-block2-game2_002::b0423,test/sub001/ses-04/sub001-ses04-block2-game2_002.npy,sub001,04,2,2,002,9319,9322,9318,9323,4,468679,468837,468893,1,1.0018552962025717,1.1138221654942508,1.0974770952016781,0.37142169595209606,0.36394455778264356,0.3283485205675549,0.037679433822631836,0.0,0.010181188583374023,0.000789642333984375,0.0,0.0,26,0,Short
sub001-ses04-block2-game2_002::b0424,test/sub001/ses-04/sub001-ses04-block2-game2_002.npy,sub001,04,2,2,002,9329,9330,9328,9331,2,469198,469248,469300,1,1.0341952641748924,1.1030506677981924,0.9806468648555773,0.40621799793394653,0.38461536651106315,0.46330219831187336,0.13596010208129883,0.03726911544799805,0.0,0.5858602523803711,0.0,0.0,26,0,Short
sub001-ses04-block2-game2_002::b0425,test/sub001/ses-04/sub001-ses04-block2-game2_002.npy,sub001,04,2,2,002,9335,9336,9334,9337,2,469499,469548,469603,2,1.014731546482542,1.0604846005934183,1.0966599167734803,0.4106086874565505,0.38867601338058,0.36431363660662003,2.9470934867858887,2.833340644836426,0.1565408706665039,0.33241939544677734,0.13589882850646973,0.0,26,0,Short
sub001-ses04-block2-game2_002::b0426,test/sub001/ses-04/sub001-ses04-block2-game2_002.npy,sub001,04,2,2,002,9361,9362,9360,9363,2,470795,470841,470892,1,1.0845357384373329,1.1162329650028173,1.0830466679982556,0.28980456887622924,0.2160736055439158,0.3368727505226942,2.7683959007263184,0.0,0.06617283821105957,0.2196059226989746,0.0,0.4604654312133789,26,0,Short
sub001-ses04-block2-game2_002::b0427,test/sub001/ses-04/sub001-ses04-block2-game2_002.npy,sub001,04,2,2,002,9369,9371,9368,9372,3,471191,471295,471344,1,0.9446399835522924,0.9240732863030358,1.1888994161982696,0.4598845549946854,0.46424408985892573,0.2642999159603482,0.06692719459533691,0.09850811958312988,3.200087070465088,0.2718784809112549,0.6470935344696045,0.19119977951049805,26,0,Short
sub001-ses04-block2-game2_002::b0428,test/sub001/ses-04/sub001-ses04-block2-game2_002.npy,sub001,04,2,2,002,9377,9380,9376,9381,4,471597,471747,471796,1,0.9461219089017797,0.8896579479191715,1.064215956995605,0.4708999738158003,0.47189322636064285,0.2837314936410592,3.486485719680786,3.625711441040039,0.02020263671875,0.19760465621948242,0.6675717830657959,0.39748191833496094,26,0,Short
sub001-ses04-block2-game2_002::b0429,test/sub001/ses-04/sub001-ses04-block2-game2_002.npy,sub001,04,2,2,002,9387,9395,9386,9396,9,472103,472498,472547,3,1.024648515967152,1.154720678028764,1.1507882957095092,0.4631196846591832,0.2342576650570823,0.36335061642081207,0.05810117721557617,2.6764333248138428,0.0,0.023308992385864258,0.707944393157959,0.0,26,0,Short
sub001-ses04-block2-game2_002::b0430,test/sub001/ses-04/sub001-ses04-block2-game2_002.npy,sub001,04,2,2,002,9432,9435,9431,9436,4,474387,474535,474584,1,0.9907797370780742,1.0439198269234913,1.0865671217199089,0.48773421716787224,0.44306783200500355,0.3001204493841545,0.18889760971069336,2.494457721710205,0.0,0.399625301361084,0.0,0.0,26,0,Short
sub001-ses04-block2-game2_002::b0431,test/sub001/ses-04/sub001-ses04-block2-game2_002.npy,sub001,04,2,2,002,9439,9441,9438,9442,3,474744,474851,474905,1,1.096960399715318,1.0729378677295376,1.0610514032466296,0.3862258830377081,0.45883859518770415,0.33202097011468407,0.0538177490234375,0.0,0.0,0.0759575366973877,0.0,0.0,26,0,Short
sub001-ses04-block2-game2_002::b0432,test/sub001/ses-04/sub001-ses04-block2-game2_002.npy,sub001,04,2,2,002,9448,9450,9447,9451,3,475222,475321,475372,1,1.0895746678545621,1.0583115527938243,1.173107116761186,0.4547257017283459,0.417920976050752,0.34686449815292186,2.8707094192504883,0.0,0.052687644958496094,0.32659339904785156,0.0,0.2717881202697754,26,0,Short
sub001-ses04-block2-game2_002::b0433,test/sub001/ses-04/sub001-ses04-block2-game2_002.npy,sub001,04,2,2,002,9455,9455,9454,9456,1,475591,475591,475647,2,1.2159258762202636,1.127837237639994,1.0646923934204182,0.35131215742732735,0.42627023541674647,0.49638800623727597,0.08755087852478027,0.0,2.651303768157959,0.2503652572631836,0.0,0.5190248489379883,26,0,Short
sub001-ses04-block2-game2_002::b0434,test/sub001/ses-04/sub001-ses04-block2-game2_002.npy,sub001,04,2,2,002,9467,9468,9466,9469,2,476218,476269,476322,1,0.8939449583650529,0.8449712404144147,1.2827740184320822,0.6047927804357731,0.6159977149875409,0.29653869379942827,0.24750638008117676,0.0,0.2981480360031128,0.275606632232666,0.0,0.2427363395690918,26,0,Short
sub001-ses04-block2-game2_002::b0435,test/sub001/ses-04/sub001-ses04-block2-game2_002.npy,sub001,04,2,2,002,9481,9484,9480,9485,4,476936,477095,477143,1,1.2363397858881604,1.1102347269894197,1.2014896670875121,0.36771826879331326,0.45264960609073635,0.27731983683937533,2.412978172302246,2.4046313762664795,0.23097968101501465,0.18715262413024902,0.4400641918182373,0.0,26,0,Short
sub001-ses04-block2-game2_002::b0436,test/sub001/ses-04/sub001-ses04-block2-game2_002.npy,sub001,04,2,2,002,9500,9503,9499,9504,4,477947,478097,478152,1,1.2616173552847423,1.1676010834272372,1.2553614177776478,0.14171778267464458,0.16893051557330135,0.4083270537586958,2.290754556655884,1.7881994247436523,1.6640232801437378,0.7391421794891357,0.0,0.0,26,0,Short
sub001-ses04-block2-game2_002::b0437,test/sub001/ses-04/sub001-ses04-block2-game2_002.npy,sub001,04,2,2,002,9508,9508,9507,9509,1,478359,478359,478407,2,1.235586787088858,1.2315481040319791,1.225850880748848,0.3418155845445247,0.4289557024353722,0.3713101283330902,0.0,0.0,1.7941725254058838,0.0,0.0,0.0,26,0,Short
sub001-ses04-block2-game2_002::b0438,test/sub001/ses-04/sub001-ses04-block2-game2_002.npy,sub001,04,2,2,002,9549,9552,9548,9553,4,480453,480603,480648,1,1.1865882414355517,1.176017133771422,1.070256753107264,0.37583631446222276,0.3527856113879193,0.4668022190827529,0.09877848625183105,2.4278440475463867,0.0,0.4250349998474121,0.0,0.0,26,0,Short
sub001-ses04-block2-game2_002::b0439,test/sub001/ses-04/sub001-ses04-block2-game2_002.npy,sub001,04,2,2,002,9557,9558,9556,9559,2,480852,480902,480951,1,1.1333185630596907,1.1438453526719745,0.9787980627290156,0.2881307498294893,0.40916549860292295,0.541998990608666,0.14341521263122559,0.3631014823913574,0.019007205963134766,0.1674659252166748,0.20057177543640137,0.3562018871307373,26,0,Short
sub001-ses04-block2-game2_002::b0440,test/sub001/ses-04/sub001-ses04-block2-game2_002.npy,sub001,04,2,2,002,9577,9579,9576,9580,3,481872,481974,482022,3,1.0144056696485229,1.0840449376554888,0.9421548520703372,0.4226113693475648,0.4143416867901474,0.5382044579395963,0.011168718338012695,0.024817705154418945,2.6797831058502197,0.26508331298828125,0.030312061309814453,0.01964545249938965,26,0,Short
sub001-ses04-block2-game2_002::b0441,test/sub001/ses-04/sub001-ses04-block2-game2_002.npy,sub001,04,2,2,002,9620,9626,9619,9627,7,484064,484370,484419,1,1.1676377474559736,1.0820998834625413,1.0993565722562626,0.4070111452787133,0.4719794114389124,0.47665372395888095,0.1434786319732666,2.495689630508423,0.04472661018371582,0.0,0.0,0.0,26,0,Short
sub001-ses04-block2-game2_002::b0442,test/sub001/ses-04/sub001-ses04-block2-game2_002.npy,sub001,04,2,2,002,9631,9636,9630,9637,6,484631,484886,484933,2,1.1649930699683928,1.0852299560734542,1.0456763009362986,0.2356778070147476,0.49372277844881657,0.516739960567664,0.0,0.009175539016723633,0.0,0.0,0.2859153747558594,0.0,26,0,Short
sub001-ses04-block2-game2_002::b0443,test/sub001/ses-04/sub001-ses04-block2-game2_002.npy,sub001,04,2,2,002,9662,9662,9661,9663,1,486226,486226,486273,1,0.757563335323626,0.857377547207091,1.2116828693410913,0.6912598772163997,0.5926819537174066,0.35258477975559255,0.32905054092407227,0.0,1.8737421035766602,0.07681107521057129,0.0,0.0,26,0,Short
sub001-ses04-block2-game2_002::b0444,test/sub001/ses-04/sub001-ses04-block2-game2_002.npy,sub001,04,2,2,002,9667,9670,9666,9671,4,486473,486616,486670,1,1.1287992896538692,1.1710046478900773,1.301669680033561,0.45656509389575756,0.40426492764650357,0.27440327560988076,0.07376790046691895,0.0,2.073842763900757,0.0,0.0,0.0,26,0,Short
sub001-ses04-block2-game2_002::b0445,test/sub001/ses-04/sub001-ses04-block2-game2_002.npy,sub001,04,2,2,002,9677,9678,9676,9679,2,486972,487023,487073,1,1.1631959743012152,1.0874596255938611,1.3765189711014392,0.46251756221132023,0.45476634552149536,0.18623979865726265,0.0,0.11673593521118164,0.0,0.0,0.10556650161743164,0.0,26,0,Short
sub001-ses04-block2-game2_002::b0446,test/sub001/ses-04/sub001-ses04-block2-game2_002.npy,sub001,04,2,2,002,9683,9692,9682,9693,10,487266,487714,487757,2,1.1612616421113326,1.312515609585688,1.0137036290982464,0.41773231096326385,0.29707305654805727,0.5347282313309952,0.23595190048217773,0.3818981647491455,2.2606170177459717,0.0,0.0,0.02047252655029297,26,0,Short
sub001-ses04-block2-game2_002::b0447,test/sub001/ses-04/sub001-ses04-block2-game2_002.npy,sub001,04,2,2,002,9711,9716,9710,9717,6,488651,488903,488951,1,0.8775716875223127,0.8218003978321476,1.0249334764921254,0.6206776856431684,0.6351101536753572,0.5200370629360884,0.0605771541595459,0.19610142707824707,0.0,0.0,0.0,0.0,26,0,Short
sub001-ses04-block2-game2_002::b0448,test/sub001/ses-04/sub001-ses04-block2-game2_002.npy,sub001,04,2,2,002,9722,9724,9721,9725,3,489210,489307,489362,1,1.1252712051929634,1.2642375658753309,1.3791058126510551,0.4608960967875886,0.36021202493551185,0.21275051369606984,0.0,0.034018874168395996,0.06272125244140625,0.0,0.0,0.0,26,0,Short
sub001-ses04-block2-game2_002::b0449,test/sub001/ses-04/sub001-ses04-block2-game2_002.npy,sub001,04,2,2,002,9730,9732,9729,9733,3,489617,489716,489762,1,1.1396570323608628,1.1053453610623818,1.083596946405672,0.4149919742067516,0.40053598809257884,0.4672395624152411,2.174438238143921,0.39419984817504883,0.3200225830078125,0.0,0.47829127311706543,0.6168274879455566,26,0,Short
sub001-ses04-block2-game2_002::b0450,test/sub001/ses-04/sub001-ses04-block2-game2_002.npy,sub001,04,2,2,002,9738,9739,9737,9740,2,490012,490065,490116,1,1.1566777007497226,1.2168796868594731,1.0570608451931127,0.38677176536067337,0.3557667480281307,0.5086892329323455,0.0,0.0,0.0023398399353027344,0.0,0.0,0.0,26,0,Short
sub001-ses04-block2-game2_002::b0451,test/sub001/ses-04/sub001-ses04-block2-game2_002.npy,sub001,04,2,2,002,9761,9764,9760,9765,4,491156,491299,491347,1,1.0918405759857772,1.1328389070009754,1.0545663676434767,0.428047543511494,0.37512860813678633,0.5079185214856106,0.0,0.0,2.1654160022735596,0.0,0.0,0.5588164329528809,26,0,Short
sub001-ses04-block2-game2_002::b0452,test/sub001/ses-04/sub001-ses04-block2-game2_002.npy,sub001,04,2,2,002,9777,9785,9776,9786,9,491958,492357,492407,2,1.0176777912253967,0.9462900874598585,1.098912985346144,0.46562001133023245,0.4715929301031903,0.5220042260996578,1.085444450378418,2.193978786468506,2.2452611923217773,0.0,0.15941166877746582,0.3097870349884033,26,0,Short
sub001-ses04-block2-game2_002::b0453,test/sub001/ses-04/sub001-ses04-block2-game2_002.npy,sub001,04,2,2,002,9807,9808,9806,9809,2,493438,493486,493535,1,1.1591609340187434,1.0947919161352297,1.1917212313901666,0.3735054741601188,0.42947708428335224,0.338039570688624,0.03831815719604492,2.1923959255218506,0.030616044998168945,0.01175379753112793,0.2681598663330078,0.47669005393981934,26,0,Short
sub001-ses04-block2-game2_002::b0454,test/sub001/ses-04/sub001-ses04-block2-game2_002.npy,sub001,04,2,2,002,9827,9832,9826,9833,6,494392,494628,494680,2,1.2192932711414601,1.205925180793859,1.1742539234605236,0.2762957746036757,0.27318179132339926,0.45611849028926676,1.8277459144592285,0.0,1.528642177581787,0.0,0.0,0.0,26,0,Short
sub001-ses04-block2-game2_002::b0455,test/sub001/ses-04/sub001-ses04-block2-game2_002.npy,sub001,04,2,2,002,9889,9893,9888,9894,5,497351,497539,497587,1,1.2025329235096445,1.1626150205394081,1.2402797389761833,0.4243005725946524,0.41062354591826367,0.3386828873820388,1.5812411308288574,0.0,2.1839113235473633,0.23619842529296875,0.0,0.6348942518234253,26,0,Short
sub001-ses04-block2-game2_002::b0456,test/sub001/ses-04/sub001-ses04-block2-game2_002.npy,sub001,04,2,2,002,9897,9910,9896,9911,14,497732,498348,498395,3,1.1809995904143495,1.0967704644271359,1.2153923637423811,0.4504191199543216,0.48958196235794627,0.35557232966250973,1.9338226318359375,1.2999763488769531,0.0,0.5419316291809082,0.0,0.0,26,0,Short
sub001-ses04-block2-game2_002::b0457,test/sub001/ses-04/sub001-ses04-block2-game2_002.npy,sub001,04,2,2,002,9957,9964,9956,9965,8,500648,500986,501036,1,1.041868099420304,1.1159044593694105,1.317228544858291,0.4916700042842882,0.4639587469864263,0.13507021594165552,0.0,0.10511422157287598,1.9316622018814087,0.0,0.0,0.0,26,0,Short
sub001-ses04-block2-game2_002::b0458,test/sub001/ses-04/sub001-ses04-block2-game2_002.npy,sub001,04,2,2,002,9971,9974,9970,9975,4,501325,501473,501518,1,1.0295653020293056,1.0142615573058051,1.0763794852642508,0.470814218906198,0.41249290231085345,0.4154345722371254,0.0,0.08575868606567383,0.0,0.0,0.12208104133605957,0.0,26,0,Short
sub001-ses04-block2-game2_002::b0459,test/sub001/ses-04/sub001-ses04-block2-game2_002.npy,sub001,04,2,2,002,9979,9982,9978,9983,4,501714,501858,501909,1,1.1356079414378089,1.0797422964207217,1.3072417619553283,0.4850735370399839,0.4845387638335495,0.2824016367000647,0.3327435255050659,0.47017884254455566,1.5410248041152954,0.4073362350463867,0.5056785345077515,0.32457780838012695,26,0,Short
sub001-ses04-block2-game2_002::b0460,test/sub001/ses-04/sub001-ses04-block2-game2_002.npy,sub001,04,2,2,002,9989,9990,9988,9991,2,502203,502254,502300,1,1.2306804721101627,1.2101389694883649,1.3365399655975627,0.388851492214104,0.383121209201405,0.17117835566597717,0.022818922996520996,0.0001348257064819336,1.2053197622299194,0.09039270877838135,0.0,0.0,26,0,Short
sub001-ses04-block2-game2_002::b0461,test/sub001/ses-04/sub001-ses04-block2-game2_002.npy,sub001,04,2,2,002,9997,9999,9996,10000,3,502579,502678,502725,1,1.2149098921437445,1.2552288670219054,1.1735506542835366,0.41957236396798203,0.348664439569627,0.38534249271950577,0.0,0.0,1.0048680305480957,0.0,0.0,0.0,26,0,Short
sub001-ses04-block2-game2_002::b0462,test/sub001/ses-04/sub001-ses04-block2-game2_002.npy,sub001,04,2,2,002,10014,10038,10013,10039,25,503384,504573,504618,3,1.273690110903885,1.2915064859883232,1.0976072690912362,0.014576721545326465,0.3787097351504076,0.3684166638260358,0.8217235207557678,0.15693318843841553,0.0,0.0,0.36804914474487305,0.0,26,0,Short
sub001-ses04-block2-game2_002::b0463,test/sub001/ses-04/sub001-ses04-block2-game2_002.npy,sub001,04,2,2,002,10053,10056,10052,10057,4,505331,505473,505522,2,0.5677252698761467,0.5841367683838666,0.9013842860648468,0.7723532414352927,0.7324269237695908,0.6122197619221694,0.019879460334777832,0.0032592415809631348,0.042520105838775635,0.07435894012451172,0.0,0.0,26,0,Short
sub001-ses04-block2-game2_002::b0464,test/sub001/ses-04/sub001-ses04-block2-game2_002.npy,sub001,04,2,2,002,10072,10074,10071,10075,3,506238,506338,506389,1,1.2022064864183968,1.2149844942762,1.2351769841563998,0.03051302637611497,0.2451109697301252,0.4096438331950757,0.7300897240638733,0.0,0.8901402354240417,0.15183746814727783,0.0,0.0,26,0,Short
sub001-ses04-block2-game2_002::b0465,test/sub001/ses-04/sub001-ses04-block2-game2_002.npy,sub001,04,2,2,002,10081,10085,10080,10086,5,506670,506872,506917,1,1.3223576643732984,1.2665362220878076,1.2642225777461722,0.38440422904078264,0.3905392675821726,0.28249948263019264,0.0,0.10965132713317871,0.11767697334289551,0.0,0.3321336507797241,0.3210594654083252,26,0,Short
sub001-ses04-block2-game2_002::b0466,test/sub001/ses-04/sub001-ses04-block2-game2_002.npy,sub001,04,2,2,002,10091,10100,10090,10101,10,507143,507584,507635,3,1.3025195506442646,1.2051944563918486,0.9317360288519824,0.36866121275791547,0.2995844444552969,0.6150268356773082,0.0,0.0,0.04287147521972656,0.0,0.0,0.15490949153900146,26,0,Short
sub001-ses04-block2-game2_002::b0467,test/sub001/ses-04/sub001-ses04-block2-game2_002.npy,sub001,04,2,2,002,10119,10139,10118,10140,21,508514,509485,509532,3,0.3353153546947198,0.3868455315259732,0.8914740997954553,0.8830767437594634,0.8578320317213263,0.5684463958877367,1.2740271091461182,0.0,1.349519968032837,0.16553831100463867,0.0,0.2639843225479126,26,0,Short
sub001-ses04-block2-game2_002::b0468,test/sub001/ses-04/sub001-ses04-block2-game2_002.npy,sub001,04,2,2,002,10149,10172,10148,10173,24,509978,511070,511115,1,0.4480174342018934,0.406869676817068,0.9910754328273653,0.8077544327621449,0.8458699116106364,0.5652556795432793,0.29638147354125977,0.5188175439834595,0.0,0.15579724311828613,0.10311472415924072,0.0,26,0,Short
sub001-ses04-block2-game2_002::b0469,test/sub001/ses-04/sub001-ses04-block2-game2_002.npy,sub001,04,2,2,002,10179,10204,10178,10205,26,511397,512609,512660,2,1.1759830907012083,1.2619756339377548,0.7626815755600909,0.43931051168275115,0.32412787848633723,0.6979071118388129,0.17375314235687256,0.9436194896697998,0.07885634899139404,1.2866239547729492,0.0,0.09466755390167236,26,1,Long
sub001-ses04-block2-game2_002::b0470,test/sub001/ses-04/sub001-ses04-block2-game2_002.npy,sub001,04,2,2,002,10239,10246,10238,10247,8,514343,514666,514714,2,1.104876909066779,1.1253918540858598,1.1704595177839279,0.46007544810476064,0.44657285992186113,0.4565269910073452,0.0,0.0,0.0,0.0,0.0,0.0,26,0,Short
sub001-ses04-block2-game2_002::b0471,test/sub001/ses-04/sub001-ses04-block2-game2_002.npy,sub001,04,2,2,002,10262,10264,10261,10265,3,515425,515519,515565,1,1.2105927637588483,1.265058349851186,1.1293879365507682,0.3222138698876495,0.3729618397700309,0.4932732666229048,1.469876766204834,0.0,0.0,0.5319700837135315,0.0,0.0,26,0,Short
sub001-ses04-block2-game2_002::b0472,test/sub001/ses-04/sub001-ses04-block2-game2_002.npy,sub001,04,2,2,002,10277,10287,10276,10288,11,516130,516614,516658,2,1.2044615297151293,1.1832045428962392,0.922977852883361,0.3567975777776663,0.4377668184353971,0.6128770979875193,1.9486933946609497,0.6237894296646118,1.9219670295715332,1.3293426036834717,0.5083266496658325,0.6619198322296143,26,0,Short
sub001-ses04-block2-game2_002::b0473,test/sub001/ses-04/sub001-ses04-block2-game2_002.npy,sub001,04,2,2,002,10300,10307,10299,10308,8,517223,517570,517616,3,1.072663462739493,0.9647210336687436,1.1351571848191806,0.20831656736808485,0.36191404206023564,0.5302354196898948,0.6933075785636902,0.49158909916877747,0.05247741937637329,0.0,0.0,0.0,26,0,Short
sub001-ses04-block2-game2_002::b0474,test/sub001/ses-04/sub001-ses04-block2-game2_002.npy,sub001,04,2,2,002,10385,10389,10384,10390,5,521375,521580,521633,2,0.3207210070049513,0.3105718109877969,0.9247163240302537,0.8863375530473532,0.895914237543371,0.48521238036746417,0.8868228793144226,0.0,0.009157836437225342,0.0,0.0,0.0,26,0,Short
sub001-ses04-block2-game2_002::b0475,test/sub001/ses-04/sub001-ses04-block2-game2_002.npy,sub001,04,2,2,002,10431,10436,10430,10437,6,523671,523904,523951,3,1.0755232576295064,1.0490752821685205,0.8395481871972619,0.1492614697695649,0.06518712786002945,0.5762807283085698,0.1354595422744751,0.0,0.08594489097595215,0.484112024307251,0.0,0.3142296075820923,26,0,Short
sub001-ses04-block2-game2_002::b0476,test/sub001/ses-04/sub001-ses04-block2-game2_002.npy,sub001,04,2,2,002,10450,10524,10449,10525,75,524615,528164,528209,1,0.4887252095313193,0.5389964036558813,1.1525640402354902,0.8003004660775633,0.7806631547027196,0.46355480499688906,0.20541834831237793,0.1313871145248413,0.7098489999771118,0.6596382260322571,1.0491485595703125,1.7774807214736938,26,1,Long
sub001-ses04-block2-game2_002::b0477,test/sub001/ses-04/sub001-ses04-block2-game2_002.npy,sub001,04,2,2,002,10532,10541,10531,10542,10,528533,528953,529000,2,1.235799502873842,1.344575971762829,1.0826707684144834,0.3598483084689598,0.2935724896666634,0.5590410065298854,0.0,0.8745803833007812,1.82192862033844,0.0,0.348907470703125,1.5958589315414429,26,0,Short
sub001-ses04-block2-game2_002::b0478,test/sub001/ses-04/sub001-ses04-block2-game2_002.npy,sub001,04,2,2,002,10575,10580,10574,10581,6,530638,530871,530915,3,0.8958856258804251,1.1566328862338402,0.6260778148654107,0.5410955511946371,0.26870957341489926,0.7397569583453661,0.08778908848762512,0.07185446470975876,0.2652924358844757,0.0,0.0,0.10868251323699951,26,0,Short
sub001-ses04-block2-game2_002::b0479,test/sub001/ses-04/sub001-ses04-block2-game2_002.npy,sub001,04,2,2,002,10601,10604,10600,10605,4,531997,532181,532242,1,0.5562201123730458,0.4674080428854228,0.2634401348458305,0.7640490040649346,0.816456415088959,0.9260486365720053,0.0,0.0,0.05236085504293442,0.007856801152229309,0.036972515285015106,0.12531773373484612,26,0,Short
sub001-ses04-block4-game2_000::b0001,test/sub001/ses-04/sub001-ses04-block4-game2_000.npy,sub001,04,4,2,000,59,70,58,71,12,3042,3619,3669,2,0.8597469650735698,0.9456510457613417,0.6741854260214606,0.2891941789482147,0.01665538537835609,0.7421617609823773,0.07661557197570801,0.03703022003173828,0.0,0.3981931209564209,0.17979097366333008,0.0,26,0,Short
sub001-ses04-block4-game2_000::b0002,test/sub001/ses-04/sub001-ses04-block4-game2_000.npy,sub001,04,4,2,000,78,90,77,91,13,4016,4631,4679,2,0.7597559672230775,0.9144736892018447,0.728840955025275,0.37304820428958,0.07715325428617903,0.7278343065101895,2.581746816635132,0.010837554931640625,2.668917655944824,0.37833714485168457,0.08270716667175293,0.4275639057159424,26,0,Short
sub001-ses04-block4-game2_000::b0003,test/sub001/ses-04/sub001-ses04-block4-game2_000.npy,sub001,04,4,2,000,98,116,97,117,19,5030,5938,5990,2,0.8325330081790399,0.8798917491866232,0.7635084756788569,0.45779734803118466,0.37364536647526403,0.6998110082461869,0.0,0.0,2.6747937202453613,0.0,0.0,0.007288217544555664,26,0,Short
sub001-ses04-block4-game2_000::b0004,test/sub001/ses-04/sub001-ses04-block4-game2_000.npy,sub001,04,4,2,000,125,141,124,142,17,6403,7225,7274,2,0.9778896411209371,0.6613958404506088,0.6594904898781078,0.003495129405817643,0.5302917667338342,0.7406218707081552,2.5883994102478027,2.5909130573272705,0.2419428825378418,0.37534308433532715,0.0,1.2358410358428955,26,0,Short
sub001-ses04-block4-game2_000::b0005,test/sub001/ses-04/sub001-ses04-block4-game2_000.npy,sub001,04,4,2,000,165,185,164,186,21,8411,9385,9433,1,0.544957105807637,0.6384218085180049,0.7900686127709086,0.7075741847445078,0.5883456451533924,0.6234496022829402,0.20966529846191406,0.0,3.6901137828826904,0.11106276512145996,0.0,0.186631441116333,26,0,Short
sub001-ses04-block4-game2_000::b0006,test/sub001/ses-04/sub001-ses04-block4-game2_000.npy,sub001,04,4,2,000,190,195,189,196,6,9626,9869,9920,1,0.9195375452275381,0.9078931427683423,0.6550850227166893,0.38432297157498446,0.3716603806154004,0.7400912169161363,0.07981371879577637,3.804943084716797,0.1040046215057373,0.0,0.09044122695922852,0.08914041519165039,26,0,Short
sub001-ses04-block4-game2_000::b0007,test/sub001/ses-04/sub001-ses04-block4-game2_000.npy,sub001,04,4,2,000,206,208,205,209,3,10429,10527,10580,1,0.9034374283752408,0.866557244771596,0.871155570311763,0.3823890598355832,0.4372051416936533,0.6043350858359073,3.9382877349853516,0.35611605644226074,3.9604763984680176,0.1876528263092041,0.06379079818725586,0.6822333335876465,26,0,Short
sub001-ses04-block4-game2_000::b0008,test/sub001/ses-04/sub001-ses04-block4-game2_000.npy,sub001,04,4,2,000,215,220,214,221,6,10887,11131,11184,1,0.8159230330054523,0.8323480274905348,0.7655406775877563,0.4524104438109939,0.42386743145276146,0.6257971496862866,3.7097907066345215,0.0,0.14256620407104492,0.0,0.0,0.15259838104248047,26,0,Short
sub001-ses04-block4-game2_000::b0009,test/sub001/ses-04/sub001-ses04-block4-game2_000.npy,sub001,04,4,2,000,226,251,225,252,26,11443,12678,12734,3,0.8118319161639688,0.8878104294152894,0.7630868056466255,0.49560934200011686,0.43996018417105787,0.5691484325361099,4.671996116638184,4.679384708404541,3.977942705154419,0.7376160621643066,0.19204378128051758,0.0,26,1,Long
sub001-ses04-block4-game2_000::b0010,test/sub001/ses-04/sub001-ses04-block4-game2_000.npy,sub001,04,4,2,000,255,266,254,267,12,12894,13481,13532,2,0.3685915666401688,0.40747984379498603,0.6972162493051254,0.8690652035911297,0.8486988754460245,0.6480664937165111,4.354565143585205,4.06401252746582,4.157407760620117,0.7219963073730469,0.0,0.21785211563110352,26,0,Short
sub001-ses04-block4-game2_000::b0011,test/sub001/ses-04/sub001-ses04-block4-game2_000.npy,sub001,04,4,2,000,271,277,270,278,7,13730,14058,14111,1,0.7874536859822306,0.7875418995878277,1.0261499146101734,0.44890216703979574,0.4164282259756655,0.3494836668151385,0.0,0.0,4.7999114990234375,0.0,0.0,0.39092493057250977,26,0,Short
sub001-ses04-block4-game2_000::b0012,test/sub001/ses-04/sub001-ses04-block4-game2_000.npy,sub001,04,4,2,000,282,284,281,285,3,14337,14442,14494,1,0.8444422284092257,0.8540145020353108,0.9719095084809359,0.40669734830968995,0.455317051707382,0.32597793470785646,0.1881728172302246,4.700788974761963,4.964171886444092,0.0,0.0,0.10850811004638672,26,0,Short
sub001-ses04-block4-game2_000::b0013,test/sub001/ses-04/sub001-ses04-block4-game2_000.npy,sub001,04,4,2,000,289,296,288,297,8,14710,15075,15126,1,0.7683346468131212,0.781197695913017,0.841399658986679,0.5122124487080995,0.48353828886114436,0.41080673187004435,4.907891750335693,4.52139949798584,5.061527729034424,0.08005666732788086,0.09363985061645508,0.1905226707458496,26,0,Short
sub001-ses04-block4-game2_000::b0014,test/sub001/ses-04/sub001-ses04-block4-game2_000.npy,sub001,04,4,2,000,301,303,300,304,3,15341,15441,15494,1,0.7411885950281067,0.7523076204709156,0.927725356301079,0.5300060593006046,0.5420347388456817,0.3347232516463231,0.22597646713256836,4.567155361175537,4.702349662780762,0.810124397277832,0.0,0.0,26,0,Short
sub001-ses04-block4-game2_000::b0015,test/sub001/ses-04/sub001-ses04-block4-game2_000.npy,sub001,04,4,2,000,307,309,306,310,3,15650,15754,15808,1,0.7547731561908709,0.7913971457623399,0.9890679415460522,0.5090444107961581,0.5326127657152608,0.35599077484415076,4.770379543304443,4.83419132232666,4.558734893798828,0.40506887435913086,0.5593481063842773,0.3310880661010742,26,0,Short
sub001-ses04-block4-game2_000::b0016,test/sub001/ses-04/sub001-ses04-block4-game2_000.npy,sub001,04,4,2,000,313,314,312,315,2,15970,16021,16070,1,0.748221855068784,0.7420556853250332,1.1134329475246356,0.5420806384017999,0.49436833458529944,0.21132962551994205,0.07714176177978516,4.6273579597473145,3.0956530570983887,0.37609052658081055,0.2501983642578125,0.0,26,0,Short
sub001-ses04-block4-game2_000::b0017,test/sub001/ses-04/sub001-ses04-block4-game2_000.npy,sub001,04,4,2,000,319,320,318,321,2,16273,16324,16377,1,0.8826354965820924,0.8267382969353988,1.0547558304128128,0.466379079334437,0.49397929460514245,0.2530932841453962,4.841419696807861,0.0,0.0,0.24250268936157227,0.0,0.0,26,0,Short
sub001-ses04-block4-game2_000::b0018,test/sub001/ses-04/sub001-ses04-block4-game2_000.npy,sub001,04,4,2,000,325,328,324,329,4,16589,16745,16793,3,0.8388992871321032,1.0253596048128948,1.1752039824936957,0.48830638774110247,0.353636806761082,0.29531842502559147,4.593657970428467,0.0,3.99434494972229,0.059929847717285156,0.0,0.0,26,0,Short
sub001-ses04-block4-game2_000::b0019,test/sub001/ses-04/sub001-ses04-block4-game2_000.npy,sub001,04,4,2,000,372,374,371,375,3,19159,19272,19327,1,1.1010279357421193,0.6232925674884424,1.1800217158725537,0.4743297790048514,0.6895386813328549,0.18680353381049408,4.980826377868652,0.0,5.5900559425354,0.1553497314453125,0.0,0.4207477569580078,26,0,Short
sub001-ses04-block4-game2_000::b0020,test/sub001/ses-04/sub001-ses04-block4-game2_000.npy,sub001,04,4,2,000,381,383,380,384,3,19665,19774,19826,1,0.8561369471407464,0.812773000053476,1.2330013068462435,0.485087590314443,0.33784132440721476,0.3535056764204907,0.21453571319580078,5.124393939971924,0.15152883529663086,0.2016143798828125,0.0,0.36786746978759766,26,0,Short
sub001-ses04-block4-game2_000::b0021,test/sub001/ses-04/sub001-ses04-block4-game2_000.npy,sub001,04,4,2,000,388,389,387,390,2,20061,20113,20168,1,0.7815990095528611,0.757044850914325,1.009617029475187,0.5471388495903865,0.4986126527430639,0.2215785586815367,0.32925987243652344,5.008209228515625,5.066192626953125,0.5504703521728516,0.20224475860595703,0.29891300201416016,26,0,Short
sub001-ses04-block4-game2_000::b0022,test/sub001/ses-04/sub001-ses04-block4-game2_000.npy,sub001,04,4,2,000,400,402,399,403,3,20715,20819,20870,1,0.8261483365355048,0.9273965651372704,1.087567285983996,0.5321768658546218,0.4648551029195016,0.16588853953900778,0.1321086883544922,0.0,5.204860210418701,0.376497745513916,0.0,0.36663389205932617,26,0,Short
sub001-ses04-block4-game2_000::b0023,test/sub001/ses-04/sub001-ses04-block4-game2_000.npy,sub001,04,4,2,000,407,410,406,411,4,21084,21240,21293,1,0.85120114596177,0.9046906380078142,1.276293051606764,0.49243264522654917,0.4296995166373925,0.2780226933374519,4.803274631500244,0.0,0.0,0.0,0.0,0.0,26,0,Short
sub001-ses04-block4-game2_000::b0024,test/sub001/ses-04/sub001-ses04-block4-game2_000.npy,sub001,04,4,2,000,415,417,414,418,3,21511,21616,21667,1,0.8458656088200203,0.8503569409962246,0.9840975535592433,0.5184649809142083,0.49510328101451884,0.33870008349789665,0.06563282012939453,0.45856666564941406,0.43412160873413086,0.22774934768676758,0.0,0.04456901550292969,26,0,Short
sub001-ses04-block4-game2_000::b0025,test/sub001/ses-04/sub001-ses04-block4-game2_000.npy,sub001,04,4,2,000,421,424,420,425,4,21824,21980,22032,1,0.8014070940814905,0.801439784462447,1.3077815856500004,0.5721842358997804,0.5338987908252675,0.20428673386524585,0.18887615203857422,4.706058025360107,0.1473078727722168,0.30335044860839844,0.0,0.4475717544555664,26,0,Short
sub001-ses04-block4-game2_000::b0026,test/sub001/ses-04/sub001-ses04-block4-game2_000.npy,sub001,04,4,2,000,428,430,427,431,3,22195,22294,22347,1,0.8740475828107895,0.7834275752031735,1.0540886692516116,0.5454486793765152,0.5161797872133542,0.2910410148582551,0.08931112289428711,4.149465084075928,0.25679874420166016,0.19620609283447266,0.0,1.0081162452697754,26,0,Short
sub001-ses04-block4-game2_000::b0027,test/sub001/ses-04/sub001-ses04-block4-game2_000.npy,sub001,04,4,2,000,434,436,433,437,3,22506,22609,22662,1,0.7028516375124055,0.8829333483117398,1.248617153017175,0.6004986419071063,0.5241599683440917,0.18493867502806433,0.0,0.0,0.09134054183959961,0.0,0.0,0.17679738998413086,26,0,Short
sub001-ses04-block4-game2_000::b0028,test/sub001/ses-04/sub001-ses04-block4-game2_000.npy,sub001,04,4,2,000,441,443,440,444,3,22875,22978,23035,1,0.8255789333348681,0.7654145836356849,1.3434432417623166,0.5083079892940403,0.5661452706233883,0.23875851021113417,0.07904529571533203,0.0,3.222121000289917,0.0,0.0,0.0,26,0,Short
sub001-ses04-block4-game2_000::b0029,test/sub001/ses-04/sub001-ses04-block4-game2_000.npy,sub001,04,4,2,000,447,450,446,451,4,23195,23358,23406,1,0.9890297955764429,0.8623832674085097,1.0935865394164315,0.44261952308841346,0.5181676892579399,0.10391281618811715,3.448822498321533,0.0,4.716797828674316,0.0,0.0,0.4046788215637207,26,0,Short
sub001-ses04-block4-game2_000::b0030,test/sub001/ses-04/sub001-ses04-block4-game2_000.npy,sub001,04,4,2,000,454,456,453,457,3,23569,23674,23725,1,0.9571820535635268,0.7902324806685059,1.064735543359834,0.38064797227467734,0.5288386021345672,0.06739809859279411,0.04346179962158203,1.3801848888397217,0.0984339714050293,0.40467071533203125,0.024811267852783203,0.16048669815063477,26,0,Short
sub001-ses04-block4-game2_000::b0031,test/sub001/ses-04/sub001-ses04-block4-game2_000.npy,sub001,04,4,2,000,461,462,460,463,2,23945,23999,24056,1,0.7982330883720375,0.7801444245241554,1.0420323748044553,0.565511757233359,0.5629333055946326,0.18155089920714568,0.1410236358642578,0.007343769073486328,0.07756996154785156,0.10687828063964844,0.35659217834472656,0.31049394607543945,26,0,Short
sub001-ses04-block4-game2_000::b0032,test/sub001/ses-04/sub001-ses04-block4-game2_000.npy,sub001,04,4,2,000,467,470,466,471,4,24272,24428,24475,1,0.7274096820927093,0.779801875880979,1.3890632064322141,0.6021281331710665,0.5500032922120226,0.07496141439419807,0.0005035400390625,0.0,4.377345085144043,0.43549203872680664,0.0,0.1394972801208496,26,0,Short
sub001-ses04-block4-game2_000::b0033,test/sub001/ses-04/sub001-ses04-block4-game2_000.npy,sub001,04,4,2,000,474,476,473,477,3,24638,24735,24790,1,0.7387517620094084,0.7626505277076691,1.0241437946811125,0.5711045649520318,0.5436453265512382,0.1242597049327841,0.08731985092163086,4.406806945800781,4.4021711349487305,0.22699737548828125,0.134521484375,0.1065220832824707,26,0,Short
sub001-ses04-block4-game2_000::b0034,test/sub001/ses-04/sub001-ses04-block4-game2_000.npy,sub001,04,4,2,000,481,552,480,553,72,25002,28674,28725,2,0.740562759828686,0.7502249147633719,0.859146918728558,0.5621161600829607,0.5763583567474775,0.545218925818657,4.303109169006348,4.473124027252197,3.5586631298065186,0.1037454605102539,0.25650882720947266,0.12981057167053223,26,1,Long
sub001-ses04-block4-game2_000::b0035,test/sub001/ses-04/sub001-ses04-block4-game2_000.npy,sub001,04,4,2,000,557,566,556,567,10,28926,29383,29437,2,0.7346095568997005,0.8365056054499094,0.8697927917089243,0.6562235230504296,0.5669594459537309,0.5073263659573792,0.7592787742614746,3.5946044921875,0.23186087608337402,0.32039856910705566,0.0,0.53379225730896,26,0,Short
sub001-ses04-block4-game2_000::b0036,test/sub001/ses-04/sub001-ses04-block4-game2_000.npy,sub001,04,4,2,000,574,578,573,579,5,29791,30004,30053,1,0.6261699044710445,0.39664647964190963,0.9419438088949966,0.685468093731046,0.8640094173737389,0.4458207132476528,0.17201018333435059,0.15477967262268066,0.02286982536315918,0.0,0.7022154331207275,0.0,26,0,Short
sub001-ses04-block4-game2_000::b0037,test/sub001/ses-04/sub001-ses04-block4-game2_000.npy,sub001,04,4,2,000,582,610,581,611,29,30212,31642,31691,2,0.8830206726671865,0.9059275522740884,1.0699500411258784,0.5159601415336335,0.5129136255733755,0.4841699542937503,3.683335065841675,3.27549409866333,0.005055665969848633,0.0,0.0,0.22275209426879883,26,1,Long
sub001-ses04-block4-game2_000::b0038,test/sub001/ses-04/sub001-ses04-block4-game2_000.npy,sub001,04,4,2,000,616,632,615,633,17,31950,32795,32849,2,0.3473639735823213,0.7259614029762826,0.9127619441777891,0.8810082805215209,0.6560915594929381,0.5983070146102383,0.18362641334533691,0.23482751846313477,3.9619853496551514,0.7987027168273926,0.5877394676208496,0.00021314620971679688,26,0,Short
sub001-ses04-block4-game2_000::b0039,test/sub001/ses-04/sub001-ses04-block4-game2_000.npy,sub001,04,4,2,000,727,727,726,728,1,37603,37603,37654,1,0.3358546803783551,0.4249499941656022,0.785527947943831,0.8776833285637389,0.822634902807307,0.6394743727377017,0.035202980041503906,4.225183486938477,0.09267711639404297,1.4230072498321533,0.0,0.1417713165283203,26,0,Short
sub001-ses04-block4-game2_000::b0040,test/sub001/ses-04/sub001-ses04-block4-game2_000.npy,sub001,04,4,2,000,732,747,731,748,16,37866,38623,38672,3,0.8928193013172996,0.8387525618460769,0.8576294625925215,0.39977525636664873,0.488612345911716,0.5172151674020482,0.0020656585693359375,0.1393270492553711,3.663227081298828,0.5943284034729004,0.3890810012817383,0.30002593994140625,26,0,Short
sub001-ses04-block4-game2_000::b0041,test/sub001/ses-04/sub001-ses04-block4-game2_000.npy,sub001,04,4,2,000,760,787,759,788,28,39285,40609,40654,3,0.3500884297659679,0.4880486610433713,0.8930987328901792,0.8811450572334303,0.8069288516084245,0.4123835545414489,0.608330249786377,0.04226374626159668,5.018646240234375,1.041863203048706,0.3214571475982666,0.9159030914306641,26,1,Long
sub001-ses04-block4-game2_000::b0042,test/sub001/ses-04/sub001-ses04-block4-game2_000.npy,sub001,04,4,2,000,791,800,790,801,10,40803,41263,41316,1,0.4813541452978447,0.8488800506315982,0.9263312621294905,0.8157891216661649,0.5546235060295851,0.3859469963781447,0.1576857566833496,4.848580837249756,0.04552030563354492,0.5647077560424805,0.32617712020874023,0.3531050682067871,26,0,Short
sub001-ses04-block4-game2_000::b0043,test/sub001/ses-04/sub001-ses04-block4-game2_000.npy,sub001,04,4,2,000,805,813,804,814,9,41530,41942,41996,2,0.7338663214209166,0.8521473362430232,0.8711756015672927,0.5243556310828413,0.4069822871548527,0.48950519052515384,5.427783012390137,5.523697376251221,0.1027059555053711,0.22694873809814453,0.013054847717285156,0.24862957000732422,26,0,Short
sub001-ses04-block4-game2_000::b0044,test/sub001/ses-04/sub001-ses04-block4-game2_000.npy,sub001,04,4,2,000,883,887,882,888,5,45407,45604,45654,1,0.8723615612487865,0.9736456024220563,0.9848584731516365,0.5293209509423273,0.5073230020925312,0.21072434536989376,3.939234495162964,4.260963439941406,0.1302351951599121,0.0,0.0,0.11218690872192383,26,0,Short
sub001-ses04-block4-game2_000::b0045,test/sub001/ses-04/sub001-ses04-block4-game2_000.npy,sub001,04,4,2,000,892,912,891,913,21,45862,46845,46897,1,0.7802584524887052,0.737998732206722,0.8890198590875813,0.5415380991378087,0.5429407708589721,0.37690115843227284,4.545810222625732,4.503507137298584,0.5666131973266602,0.018711090087890625,0.2934389114379883,0.514650821685791,26,0,Short
sub001-ses04-block4-game2_000::b0046,test/sub001/ses-04/sub001-ses04-block4-game2_000.npy,sub001,04,4,2,000,917,922,916,923,6,47097,47353,47402,1,0.7883231953251277,0.7696660499653769,1.0127683761976547,0.4909391071737074,0.5591542477558912,0.15684855141955,0.020647048950195312,4.4187846183776855,0.06772756576538086,0.22654056549072266,0.0,0.6402797698974609,26,0,Short
sub001-ses04-block4-game2_000::b0047,test/sub001/ses-04/sub001-ses04-block4-game2_000.npy,sub001,04,4,2,000,928,933,927,934,6,47662,47914,47965,1,0.8296587948169443,0.7305125803170798,0.9625719345332634,0.5760553587045185,0.6072657706505722,0.20709528671656507,0.0,0.14012432098388672,4.730079650878906,0.0,0.8835890293121338,0.3496837615966797,26,0,Short
sub001-ses04-block4-game2_000::b0048,test/sub001/ses-04/sub001-ses04-block4-game2_000.npy,sub001,04,4,2,000,939,942,938,943,4,48217,48366,48415,1,0.7542510478534444,0.8123213488024845,0.9780324898491131,0.5735335363697964,0.559683501551999,0.1720862562680322,0.04721260070800781,0.2666158676147461,0.06884193420410156,0.5379624366760254,0.661646842956543,0.9097356796264648,26,0,Short
sub001-ses04-block4-game2_000::b0049,test/sub001/ses-04/sub001-ses04-block4-game2_000.npy,sub001,04,4,2,000,947,948,946,949,2,48624,48670,48720,1,0.7912901798786675,0.7615353000150107,1.0480914267449744,0.5865846257129518,0.5471071305794573,0.04504869690905294,1.2531726360321045,0.0,4.465411186218262,0.578977108001709,0.0,0.6807069778442383,26,0,Short
sub001-ses04-block4-game2_000::b0050,test/sub001/ses-04/sub001-ses04-block4-game2_000.npy,sub001,04,4,2,000,953,953,952,954,1,48922,48922,48971,3,0.8046170284458924,0.7049839812713405,1.04034941815232,0.5595605350904159,0.6127546127069812,0.033576817485799604,4.688888072967529,0.21576309204101562,0.49948787689208984,0.49063777923583984,0.48859596252441406,0.9079446792602539,26,0,Short
sub001-ses04-block4-game2_000::b0051,test/sub001/ses-04/sub001-ses04-block4-game2_000.npy,sub001,04,4,2,000,1017,1017,1016,1018,1,52131,52131,52182,1,0.6714913185516862,0.6445129779192909,0.8348824246865089,0.7121523237839199,0.7201723506723829,0.5753294133912573,0.3776211738586426,0.0,4.240846157073975,1.16633939743042,0.0,0.6249704360961914,26,0,Short
sub001-ses04-block4-game2_000::b0052,test/sub001/ses-04/sub001-ses04-block4-game2_000.npy,sub001,04,4,2,000,1023,1032,1022,1033,10,52435,52886,52938,2,0.9737713144508332,0.918018706378633,0.9079957145608298,0.45013045093181603,0.4201968907750495,0.5563411883625653,0.0,3.424124002456665,0.2315070629119873,0.0,0.0,0.0,26,0,Short
sub001-ses04-block4-game2_000::b0053,test/sub001/ses-04/sub001-ses04-block4-game2_000.npy,sub001,04,4,2,000,1060,1067,1059,1068,8,54257,54607,54656,2,0.7845953872926668,0.7935587396852434,0.9463625699401979,0.5626593361139335,0.4705886606654962,0.39948609140763697,3.1913230419158936,0.0,0.6613585948944092,0.0,0.0,1.061460256576538,26,0,Short
sub001-ses04-block4-game2_000::b0054,test/sub001/ses-04/sub001-ses04-block4-game2_000.npy,sub001,04,4,2,000,1079,1108,1078,1109,30,55209,56672,56725,2,0.4042075679748215,0.37941057948783463,0.713796553618548,0.8257122929291432,0.8524984124156849,0.6971731136065948,3.2480108737945557,0.019357919692993164,0.0,0.0,0.0,0.0,26,1,Long
sub001-ses04-block4-game2_000::b0055,test/sub001/ses-04/sub001-ses04-block4-game2_000.npy,sub001,04,4,2,000,1152,1162,1151,1163,11,58913,59416,59466,1,0.8334719700782859,0.9761858770070788,1.2095087452662432,0.4849222607156046,0.4431351472849621,0.2798613922982563,0.0,0.0,4.3563971519470215,0.0,0.0,0.0,26,0,Short
sub001-ses04-block4-game2_000::b0056,test/sub001/ses-04/sub001-ses04-block4-game2_000.npy,sub001,04,4,2,000,1167,1170,1166,1171,4,59665,59813,59864,1,0.8056490294994012,0.8300977179124353,0.8766754399965899,0.5452356851704157,0.5298112216643175,0.4932347145944119,0.6477534770965576,4.619804859161377,0.2517428398132324,0.045726776123046875,0.17596006393432617,0.0,26,0,Short
sub001-ses04-block4-game2_000::b0057,test/sub001/ses-04/sub001-ses04-block4-game2_000.npy,sub001,04,4,2,000,1174,1176,1173,1177,3,60031,60141,60189,1,0.7282960754802651,0.9656140309254697,1.0450631958811862,0.6068956217756065,0.491515087291457,0.3208031054198606,0.0014743804931640625,4.466006755828857,4.81684684753418,0.20371007919311523,0.0,0.4647045135498047,26,0,Short
sub001-ses04-block4-game2_000::b0058,test/sub001/ses-04/sub001-ses04-block4-game2_000.npy,sub001,04,4,2,000,1180,1183,1179,1184,4,60342,60489,60539,1,0.9842280713153235,0.8317032173719883,0.8247340242060525,0.4520650391251523,0.5292045894248862,0.4571788630302089,0.0,4.081689357757568,0.18185949325561523,0.0,0.0,0.0,26,0,Short
sub001-ses04-block4-game2_000::b0059,test/sub001/ses-04/sub001-ses04-block4-game2_000.npy,sub001,04,4,2,000,1187,1189,1186,1190,3,60697,60797,60852,1,0.7797284297828253,0.9428735728062491,1.000969451135925,0.5566220056258915,0.4803674008511726,0.2170618081417527,0.31139039993286133,0.5390377044677734,4.890766620635986,0.0,0.20058012008666992,0.14751482009887695,26,0,Short
sub001-ses04-block4-game2_000::b0060,test/sub001/ses-04/sub001-ses04-block4-game2_000.npy,sub001,04,4,2,000,1193,1195,1192,1196,3,61022,61123,61176,1,0.9876984611152798,0.7337790282049483,0.9438364598852907,0.45209967616749325,0.5950300050683875,0.29578860163044174,4.954806804656982,0.1245107650756836,0.06439828872680664,0.08200597763061523,0.21898651123046875,0.16160345077514648,26,0,Short
sub001-ses04-block4-game2_000::b0061,test/sub001/ses-04/sub001-ses04-block4-game2_000.npy,sub001,04,4,2,000,1199,1201,1198,1202,3,61328,61430,61485,1,0.7716397686241789,0.8091916462841897,1.0152930965915954,0.5712791958563036,0.5373677790196714,0.12232345386010668,4.59727144241333,0.0,4.603026866912842,0.0,0.0,0.0,26,0,Short
sub001-ses04-block4-game2_000::b0062,test/sub001/ses-04/sub001-ses04-block4-game2_000.npy,sub001,04,4,2,000,1205,1207,1204,1208,3,61650,61751,61804,1,0.8450024354034193,0.7221473886468336,1.0247821083558175,0.5193360466820982,0.5877651410669342,0.20133779030157273,5.044529438018799,0.6749610900878906,0.02542591094970703,0.10886096954345703,0.34647274017333984,0.3823413848876953,26,0,Short
sub001-ses04-block4-game2_000::b0063,test/sub001/ses-04/sub001-ses04-block4-game2_000.npy,sub001,04,4,2,000,1212,1214,1211,1215,3,62018,62122,62170,1,0.9660235294884869,0.7233680209631095,0.9640735786133992,0.43386536582544577,0.6294794809462809,0.2354507342682905,0.0,0.12497663497924805,0.0,0.0,0.9671249389648438,0.0,26,0,Short
sub001-ses04-block4-game2_000::b0064,test/sub001/ses-04/sub001-ses04-block4-game2_000.npy,sub001,04,4,2,000,1219,1220,1218,1221,2,62381,62430,62478,1,0.8602101409157142,0.7036165619031927,0.9501589818652197,0.5539599066202816,0.6073894674751898,0.19096150328130596,5.184323787689209,4.766512393951416,5.511619567871094,0.3662381172180176,0.22558069229125977,0.9006381034851074,26,0,Short
sub001-ses04-block4-game2_000::b0065,test/sub001/ses-04/sub001-ses04-block4-game2_000.npy,sub001,04,4,2,000,1225,1227,1224,1228,3,62688,62795,62849,1,0.7369544018826868,0.901873095641446,1.057744324129954,0.5993154725254135,0.5212847989088605,0.19025666144626247,0.198577880859375,0.8665509223937988,0.005351066589355469,0.5760297775268555,0.6260809898376465,0.7489748001098633,26,0,Short
sub001-ses04-block4-game2_000::b0066,test/sub001/ses-04/sub001-ses04-block4-game2_000.npy,sub001,04,4,2,000,1231,1233,1230,1234,3,63010,63110,63160,1,0.9723547260270017,0.9711795432328874,1.0230910344169026,0.40568015355954523,0.46587234251975423,0.015126185244154211,0.07826471328735352,5.193220138549805,5.142629623413086,0.7444424629211426,0.4234485626220703,0.4219040870666504,26,0,Short
sub001-ses04-block4-game2_000::b0067,test/sub001/ses-04/sub001-ses04-block4-game2_000.npy,sub001,04,4,2,000,1238,1240,1237,1241,3,63357,63457,63507,1,0.9360425569371356,0.8062141958849809,0.9832050314124143,0.5014371488846608,0.5634194745009854,0.06620519075066716,5.417362689971924,0.0,0.0,0.4808368682861328,0.0,0.0,26,0,Short
sub001-ses04-block4-game2_000::b0068,test/sub001/ses-04/sub001-ses04-block4-game2_000.npy,sub001,04,4,2,000,1245,1245,1244,1246,1,63714,63714,63762,1,0.9416734317539647,0.7428677029958783,0.9553138757787439,0.5121115568063395,0.5930947038479317,0.33091045296996635,0.31206464767456055,0.2255077362060547,4.479833602905273,0.5166845321655273,0.011259078979492188,0.0,26,0,Short
sub001-ses04-block4-game2_000::b0069,test/sub001/ses-04/sub001-ses04-block4-game2_000.npy,sub001,04,4,2,000,1251,1252,1250,1253,2,64036,64085,64138,1,0.9300039865653904,0.8214997144875243,1.1728316619799157,0.4388868366244767,0.5554427290954252,0.2875922569545107,0.13048458099365234,0.06978750228881836,4.945069313049316,0.37735605239868164,0.14847373962402344,1.024672508239746,26,0,Short
sub001-ses04-block4-game2_000::b0070,test/sub001/ses-04/sub001-ses04-block4-game2_000.npy,sub001,04,4,2,000,1256,1256,1255,1257,1,64300,64300,64350,3,1.1230148479409676,0.9653378579096029,1.0192023058918183,0.18519013466671164,0.47881762196030886,0.21368118323831126,5.02198600769043,0.0,0.13154268264770508,0.9971699714660645,0.0,0.5113945007324219,26,0,Short
sub001-ses04-block4-game2_000::b0071,test/sub001/ses-04/sub001-ses04-block4-game2_000.npy,sub001,04,4,2,000,1271,1293,1270,1294,23,65048,66131,66180,2,0.5302613568971899,0.5039904051266645,0.8501214180413142,0.7667222354517471,0.8028429372932269,0.5868417885405929,0.4707071781158447,4.234965801239014,4.0196967124938965,0.24368071556091309,0.2194080352783203,0.1334667205810547,26,0,Short
sub001-ses04-block4-game2_000::b0072,test/sub001/ses-04/sub001-ses04-block4-game2_000.npy,sub001,04,4,2,000,1298,1306,1297,1307,9,66380,66768,66819,3,0.5706977151521307,0.7644253703738508,0.8487261977318397,0.739001917272905,0.6255350890359288,0.5307360799407864,0.050698280334472656,0.1718597412109375,0.07356786727905273,0.563239574432373,0.729562520980835,0.0,26,0,Short
sub001-ses04-block4-game2_000::b0073,test/sub001/ses-04/sub001-ses04-block4-game2_000.npy,sub001,04,4,2,000,1365,1377,1364,1378,13,69745,70326,70372,3,1.1373676408481894,1.1291833084794376,1.066420077735778,0.4617561779858781,0.38270265357839844,0.4373984962158527,0.11846351623535156,4.096368789672852,0.0,0.4535641670227051,0.28481578826904297,0.0,26,0,Short
sub001-ses04-block4-game2_000::b0074,test/sub001/ses-04/sub001-ses04-block4-game2_000.npy,sub001,04,4,2,000,1439,1444,1438,1445,6,73440,73686,73737,2,0.9386069430652999,0.7946477911220976,0.9101403796414266,0.4311311507657349,0.6330337270453857,0.567609624102346,0.24296045303344727,0.0,0.006161928176879883,0.6046884059906006,0.0,0.0,26,0,Short
sub001-ses04-block4-game2_000::b0075,test/sub001/ses-04/sub001-ses04-block4-game2_000.npy,sub001,04,4,2,000,1467,1472,1466,1473,6,74814,75056,75105,2,1.3047703763359986,1.304518062899505,1.0907934963521837,0.0778011453561393,0.11054447486270114,0.25619694817730826,3.657201051712036,0.0,3.136434316635132,0.020141124725341797,0.0,0.6358680725097656,26,0,Short
sub001-ses04-block4-game2_000::b0076,test/sub001/ses-04/sub001-ses04-block4-game2_000.npy,sub001,04,4,2,000,1513,1530,1512,1531,18,77077,77923,77969,2,1.0908721667800252,1.0824845472378608,1.0940649091821806,0.4026770213997243,0.3460217726861702,0.4680954837331691,3.014385938644409,0.0,3.1564669609069824,1.0464386940002441,0.0,0.8900327682495117,26,0,Short
sub001-ses04-block4-game2_000::b0077,test/sub001/ses-04/sub001-ses04-block4-game2_000.npy,sub001,04,4,2,000,1545,1546,1544,1547,2,78683,78732,78783,1,0.7632124334886422,0.9502197183896431,0.9013793307941578,0.6118534318320016,0.39658472822872737,0.5173055578681218,2.7225778102874756,2.882115125656128,0.3908264636993408,0.0,0.3009822368621826,0.31633806228637695,26,0,Short
sub001-ses04-block4-game2_000::b0078,test/sub001/ses-04/sub001-ses04-block4-game2_000.npy,sub001,04,4,2,000,1551,1556,1550,1557,6,78986,79237,79289,1,1.076031088275618,0.9984465973649436,1.0705265773631232,0.37533951186822,0.43487969650986097,0.39107887576278544,0.0,0.06515336036682129,0.011147260665893555,0.0,0.0,0.008280515670776367,26,0,Short
sub001-ses04-block4-game2_000::b0079,test/sub001/ses-04/sub001-ses04-block4-game2_000.npy,sub001,04,4,2,000,1563,1568,1562,1569,6,79586,79837,79884,1,0.9055772898875522,1.1447574520921142,1.0284503017318112,0.47992878268420214,0.32510803620142115,0.4127167581287099,3.2175021171569824,0.1668543815612793,3.1005780696868896,0.22927618026733398,0.6617021560668945,0.310701847076416,26,0,Short
sub001-ses04-block4-game2_000::b0080,test/sub001/ses-04/sub001-ses04-block4-game2_000.npy,sub001,04,4,2,000,1575,1580,1574,1581,6,80206,80453,80500,4,0.8721497424434338,0.9162279541848842,1.0003232524186123,0.4532593680184158,0.4619934169892234,0.5011678515497875,0.04724454879760742,3.8811917304992676,3.1477577686309814,0.763207197189331,0.8053698539733887,0.17167949676513672,26,0,Short
sub001-ses04-block4-game2_000::b0081,test/sub001/ses-04/sub001-ses04-block4-game2_000.npy,sub001,04,4,2,000,1598,1605,1597,1606,8,81338,81682,81736,2,1.1623301980249026,0.9056062530383677,0.8401219585028346,0.19308144577540992,0.34256884346636984,0.616255556021033,3.481071710586548,0.09764838218688965,0.17621755599975586,0.42426133155822754,0.5748498439788818,0.0,26,0,Short
sub001-ses04-block4-game2_000::b0082,test/sub001/ses-04/sub001-ses04-block4-game2_000.npy,sub001,04,4,2,000,1615,1619,1614,1620,5,82171,82371,82418,1,1.0283079147771659,0.7855310287566661,0.8354235432435305,0.3733125120903491,0.4942219792352718,0.5753460484436672,0.0,0.0,0.0,0.0,0.0,0.0,26,0,Short
sub001-ses04-block4-game2_000::b0083,test/sub001/ses-04/sub001-ses04-block4-game2_000.npy,sub001,04,4,2,000,1625,1647,1624,1648,23,82669,83755,83807,2,0.9123679032878929,0.9472345244623935,0.8283748079179879,0.47504058093356616,0.4181293556549116,0.6264892714680275,3.9196953773498535,0.0,0.025188922882080078,0.6473000049591064,0.0,0.056098222732543945,26,0,Short
sub001-ses04-block4-game2_000::b0084,test/sub001/ses-04/sub001-ses04-block4-game2_000.npy,sub001,04,4,2,000,1673,1673,1672,1674,1,85030,85030,85079,1,0.9874372807306084,1.0200418303235386,0.7830471772425549,0.44410998216168857,0.4431537951872151,0.53719950022702,0.01538991928100586,3.2531418800354004,0.4203810691833496,0.27485132217407227,0.0,0.5674755573272705,26,0,Short
sub001-ses04-block4-game2_000::b0085,test/sub001/ses-04/sub001-ses04-block4-game2_000.npy,sub001,04,4,2,000,1678,1680,1677,1681,3,85282,85376,85426,1,0.9689958483214205,0.8476076639539571,0.9614338268524136,0.3937313371003843,0.49215926697147216,0.4113300805052589,0.014831304550170898,3.7008001804351807,3.5221481323242188,0.2873382568359375,0.57651686668396,0.2912135124206543,26,0,Short
sub001-ses04-block4-game2_000::b0086,test/sub001/ses-04/sub001-ses04-block4-game2_000.npy,sub001,04,4,2,000,1684,1691,1683,1692,8,85568,85899,85948,1,0.863269709224443,0.8666963263180371,1.0269719988065054,0.4993918789972492,0.46144815018819274,0.3133423240369576,0.06190156936645508,3.4512548446655273,0.0,0.24991178512573242,0.00486302375793457,0.0,26,0,Short
sub001-ses04-block4-game2_000::b0087,test/sub001/ses-04/sub001-ses04-block4-game2_000.npy,sub001,04,4,2,000,1702,1704,1701,1705,3,86442,86540,86589,1,0.8565236358386412,0.9326186690489584,1.0409568698266605,0.4802186864338528,0.5211066050074973,0.29112626448692547,0.05233311653137207,0.0,0.0,0.0,0.0,0.0,26,0,Short
sub001-ses04-block4-game2_000::b0088,test/sub001/ses-04/sub001-ses04-block4-game2_000.npy,sub001,04,4,2,000,1709,1709,1708,1710,1,86784,86784,86834,1,0.8163323016959454,0.7927744180948084,0.9374828226771489,0.5301602670804444,0.5484248724812004,0.32488980707347576,0.0,0.0,0.033185720443725586,0.0,0.0,0.15610766410827637,26,0,Short
sub001-ses04-block4-game2_000::b0089,test/sub001/ses-04/sub001-ses04-block4-game2_000.npy,sub001,04,4,2,000,1714,1716,1713,1717,3,87036,87130,87179,1,0.7864741546515384,0.7984507294575034,0.9888635476618479,0.5448475106614409,0.5388235800546766,0.21660252189969748,0.4386024475097656,0.06713032722473145,0.0,0.5161895751953125,0.404618501663208,0.0,26,0,Short
sub001-ses04-block4-game2_000::b0090,test/sub001/ses-04/sub001-ses04-block4-game2_000.npy,sub001,04,4,2,000,1721,1722,1720,1723,2,87383,87433,87483,1,0.7652894197382302,0.7679334291708824,0.9913329193371273,0.5707033459446498,0.6128619925134846,0.24978925569975913,0.20407891273498535,3.7099406719207764,0.10742592811584473,0.6782493591308594,0.8856229782104492,0.44399023056030273,26,0,Short
sub001-ses04-block4-game2_000::b0091,test/sub001/ses-04/sub001-ses04-block4-game2_000.npy,sub001,04,4,2,000,1727,1728,1726,1729,2,87685,87736,87787,1,0.7412977928779547,0.8222170103649843,1.1778055828597596,0.5929601400054424,0.583065268386873,0.3500239168131928,3.956868886947632,0.0,0.200056791305542,0.615506649017334,0.0,0.4409327507019043,26,0,Short
sub001-ses04-block4-game2_000::b0092,test/sub001/ses-04/sub001-ses04-block4-game2_000.npy,sub001,04,4,2,000,1733,1734,1732,1735,2,87991,88038,88087,1,0.8414582344748611,0.8615105013577073,1.000981107304482,0.557877301446435,0.5143576845558376,0.23441975781971303,3.866436719894409,0.0,0.008367300033569336,0.03182363510131836,0.0,0.7105457782745361,26,0,Short
sub001-ses04-block4-game2_000::b0093,test/sub001/ses-04/sub001-ses04-block4-game2_000.npy,sub001,04,4,2,000,1739,1740,1738,1741,2,88280,88329,88376,1,0.8611874536636869,0.8970202196546726,1.1955788610078566,0.5022469771840921,0.4985913427476256,0.03709366897512395,0.0,3.1552059650421143,0.0,0.0,0.7401747703552246,0.0,26,0,Short
sub001-ses04-block4-game2_000::b0094,test/sub001/ses-04/sub001-ses04-block4-game2_000.npy,sub001,04,4,2,000,1745,1747,1744,1748,3,88573,88667,88717,1,0.7958687788129645,0.8425602374142698,0.9904389209802007,0.5583552724594352,0.5655661677370514,0.32183875781368737,2.8767688274383545,0.10553979873657227,0.6939263343811035,0.05132484436035156,0.6467945575714111,0.0,26,0,Short
sub001-ses04-block4-game2_000::b0095,test/sub001/ses-04/sub001-ses04-block4-game2_000.npy,sub001,04,4,2,000,1751,1753,1750,1754,3,88868,88964,89011,1,0.8766848856580918,0.8844548880723275,0.9235198376209948,0.5248611695966513,0.5428317665858667,0.39709855525400206,0.3779010772705078,3.589970827102661,0.0,0.0,0.9310009479522705,0.0,26,0,Short
sub001-ses04-block4-game2_000::b0096,test/sub001/ses-04/sub001-ses04-block4-game2_000.npy,sub001,04,4,2,000,1757,1760,1756,1761,4,89157,89304,89353,1,0.8874176968611421,0.9101027874665318,1.2153213579573032,0.4893846054895281,0.523876440785519,0.0371559070276129,0.05398273468017578,0.6961569786071777,3.2248780727386475,0.1055607795715332,0.39730167388916016,0.698979377746582,26,0,Short
sub001-ses04-block4-game2_000::b0097,test/sub001/ses-04/sub001-ses04-block4-game2_000.npy,sub001,04,4,2,000,1765,1766,1764,1767,2,89551,89599,89648,1,1.0794335557450225,0.9299073747162243,1.0977668090078152,0.38005974836987905,0.4975732520951426,0.3023419440798425,2.535033941268921,0.13631796836853027,3.0307750701904297,0.0,0.5706009864807129,0.08344626426696777,26,0,Short
sub001-ses04-block4-game2_000::b0098,test/sub001/ses-04/sub001-ses04-block4-game2_000.npy,sub001,04,4,2,000,1771,1773,1770,1774,3,89846,89940,89990,1,0.9733387808884914,0.9244503718765368,1.0863033733379592,0.4209365759429764,0.4889026856357569,0.3030491045230392,0.3984978199005127,0.0,2.7485413551330566,0.0,0.0,0.0,26,0,Short
sub001-ses04-block4-game2_000::b0099,test/sub001/ses-04/sub001-ses04-block4-game2_000.npy,sub001,04,4,2,000,1778,1779,1777,1780,2,90186,90233,90285,5,0.8989068273507885,1.0206375639261798,1.1443064274891024,0.4980616749430935,0.37982641795922567,0.23233512808205004,0.0,2.7845723628997803,0.0987386703491211,0.0,0.0,0.0,26,0,Short
sub001-ses04-block4-game2_000::b0100,test/sub001/ses-04/sub001-ses04-block4-game2_000.npy,sub001,04,4,2,000,1786,1789,1785,1790,4,90590,90727,90775,2,1.1416437711759184,0.5356420834944915,1.144677868951189,0.4166843377892716,0.7673112521768006,0.16175807616228505,4.008857250213623,2.4410154819488525,3.4930524826049805,1.1116828918457031,0.0,0.9038662910461426,26,0,Short
sub001-ses04-block4-game2_000::b0101,test/sub001/ses-04/sub001-ses04-block4-game2_000.npy,sub001,04,4,2,000,1799,1800,1798,1801,2,91190,91242,91293,2,1.0857606037478242,1.167380277839465,0.9755961894446092,0.4190594030329069,0.2811936042108528,0.38285321639335135,2.672534227371216,2.7054381370544434,2.8348171710968018,0.0,0.36310410499572754,0.23582863807678223,26,0,Short
sub001-ses04-block4-game2_000::b0102,test/sub001/ses-04/sub001-ses04-block4-game2_000.npy,sub001,04,4,2,000,1840,1842,1839,1843,3,93179,93274,93321,3,0.9825477440895698,0.8719396357214448,0.9156779782128521,0.48710638020816777,0.5029439417250658,0.40502645415001726,3.52750301361084,0.0,0.0,0.6865999698638916,0.0,0.0,26,0,Short
sub001-ses04-block4-game2_000::b0103,test/sub001/ses-04/sub001-ses04-block4-game2_000.npy,sub001,04,4,2,000,1869,1871,1868,1872,3,94632,94734,94784,2,0.45740773487034303,0.3641146867450821,0.9597394965408885,0.8222120505143962,0.8727099796089338,0.4967206963602344,0.0551152229309082,3.445380449295044,0.0,0.0,0.0,0.0,26,0,Short
sub001-ses04-block4-game2_000::b0104,test/sub001/ses-04/sub001-ses04-block4-game2_000.npy,sub001,04,4,2,000,1888,1896,1887,1897,9,95566,95949,95997,2,0.9578397038777094,0.7690771903133344,0.9917259298193357,0.4707297009270297,0.6092741192449831,0.430138083584922,3.8754143714904785,4.045774459838867,3.6958210468292236,0.28145503997802734,0.5737502574920654,0.2552223205566406,26,0,Short
sub001-ses04-block4-game2_000::b0105,test/sub001/ses-04/sub001-ses04-block4-game2_000.npy,sub001,04,4,2,000,1902,1905,1901,1906,4,96236,96388,96438,1,0.9388281440497204,0.7282686805608152,0.8875132523784707,0.3636043155703401,0.6147743559517813,0.39021693725853146,2.7901716232299805,0.0,3.693711280822754,0.0,0.0,0.39328455924987793,26,0,Short
sub001-ses04-block4-game2_000::b0106,test/sub001/ses-04/sub001-ses04-block4-game2_000.npy,sub001,04,4,2,000,1911,1912,1910,1913,2,96678,96725,96775,1,0.8292860930283529,0.8436640737418967,1.0532966915218998,0.48888472288726703,0.5213287587337128,0.24284204005240007,3.700854778289795,0.028444766998291016,0.0,0.3717818260192871,0.1901416778564453,0.0,26,0,Short
sub001-ses04-block4-game2_000::b0107,test/sub001/ses-04/sub001-ses04-block4-game2_000.npy,sub001,04,4,2,000,1917,1918,1916,1919,2,96962,97006,97053,1,0.8351578515022845,0.9482927062690899,1.303619158055544,0.5306250975981074,0.45785756879181994,0.1731275975550836,0.0,0.0,0.0,0.0,0.0,0.0,26,0,Short
sub001-ses04-block4-game2_000::b0108,test/sub001/ses-04/sub001-ses04-block4-game2_000.npy,sub001,04,4,2,000,1924,1925,1923,1926,2,97298,97342,97390,1,0.8758050817223877,0.8665304719782011,1.1130156107387015,0.5647504909863037,0.44201372880857176,0.32265558860032756,0.0,0.0,0.0,0.0,0.0,0.0,26,0,Short
sub001-ses04-block4-game2_000::b0109,test/sub001/ses-04/sub001-ses04-block4-game2_000.npy,sub001,04,4,2,000,1930,1932,1929,1933,3,97580,97676,97722,1,0.9197664868391527,0.9273567410967805,1.217074101519451,0.500622741370929,0.4981302046409025,0.3593481105416494,0.0,3.253413200378418,0.0,0.0,0.8308298587799072,0.0,26,0,Short
sub001-ses04-block4-game2_000::b0110,test/sub001/ses-04/sub001-ses04-block4-game2_000.npy,sub001,04,4,2,000,1936,1938,1935,1939,3,97859,97954,98002,1,0.8855489532474075,0.9303963956480134,1.0796625516961573,0.5005372774948679,0.5406868480434177,0.285172108924792,0.0,0.0,3.1057615280151367,0.0,0.0,0.0,26,0,Short
sub001-ses04-block4-game2_000::b0111,test/sub001/ses-04/sub001-ses04-block4-game2_000.npy,sub001,04,4,2,000,1943,1944,1942,1945,2,98212,98261,98307,1,0.8861692433156013,0.929503593074219,1.1212964429118866,0.5144586815493657,0.48034217221845277,0.22505598669646576,3.204404592514038,0.0,0.055806636810302734,0.36634135246276855,0.0,0.0,26,0,Short
sub001-ses04-block4-game2_000::b0112,test/sub001/ses-04/sub001-ses04-block4-game2_000.npy,sub001,04,4,2,000,1950,1952,1949,1953,3,98562,98664,98713,1,1.0148253881979998,0.9778190652650239,1.1869262521880133,0.4276371006718479,0.42122670812880036,0.27611283108802925,0.00014090538024902344,0.002917766571044922,2.802985906600952,0.0,0.2730436325073242,0.0,26,0,Short
sub001-ses04-block4-game2_000::b0113,test/sub001/ses-04/sub001-ses04-block4-game2_000.npy,sub001,04,4,2,000,1957,1959,1956,1960,3,98916,99016,99063,1,1.0064191941563247,1.0050631784058628,1.2676144062025423,0.421063933209731,0.409497158973114,0.22571678961031638,0.3471968173980713,0.0,2.895141363143921,0.3908364772796631,0.0,0.34836244583129883,26,0,Short
sub001-ses04-block4-game2_000::b0114,test/sub001/ses-04/sub001-ses04-block4-game2_000.npy,sub001,04,4,2,000,1975,1979,1974,1980,5,99796,99992,100039,1,1.0642972197919185,1.085867302949053,1.1599119363554151,0.35466530267057045,0.3687157596957057,0.35943208562358453,3.105436086654663,2.857706069946289,0.0,0.9474260807037354,0.3198843002319336,0.0,26,0,Short
sub001-ses04-block4-game2_000::b0115,test/sub001/ses-04/sub001-ses04-block4-game2_000.npy,sub001,04,4,2,000,1987,1996,1986,1997,10,100379,100824,100875,1,1.1411227386792318,1.0368873667445446,1.1217187037227574,0.28237650855053104,0.38469565474393086,0.39646873582006814,0.017609357833862305,0.0,0.032675981521606445,0.0,0.0,0.009789228439331055,26,0,Short
sub001-ses04-block4-game2_000::b0116,test/sub001/ses-04/sub001-ses04-block4-game2_000.npy,sub001,04,4,2,000,2000,2010,1999,2011,11,101020,101520,101568,2,1.0247827165681123,1.1280931858021317,1.0709743053100587,0.4076954480146015,0.3011557519431905,0.31543733123520995,2.761016845703125,0.0,0.08616399765014648,0.0,0.0,0.10347962379455566,26,0,Short
sub001-ses04-block4-game2_000::b0117,test/sub001/ses-04/sub001-ses04-block4-game2_000.npy,sub001,04,4,2,000,2017,2022,2016,2023,6,101852,102107,102158,1,1.0600189459418463,1.1358596283390294,1.1107816345979278,0.3621363639969487,0.27617557066779547,0.2546123841454968,2.5697576999664307,2.7666640281677246,0.0,0.0,0.14796900749206543,0.0,26,0,Short
sub001-ses04-block4-game2_000::b0118,test/sub001/ses-04/sub001-ses04-block4-game2_000.npy,sub001,04,4,2,000,2028,2032,2027,2033,5,102403,102599,102644,1,1.0152957785366856,1.0077837203276994,1.2216883160630514,0.422864376775006,0.42397086879641155,0.283317204024971,0.18009662628173828,0.32739901542663574,0.06138730049133301,0.7723410129547119,1.0717227458953857,0.030984878540039062,26,0,Short
sub001-ses04-block4-game2_000::b0119,test/sub001/ses-04/sub001-ses04-block4-game2_000.npy,sub001,04,4,2,000,2036,2036,2035,2037,1,102778,102778,102827,3,1.1558131116353267,1.136507391820141,1.409679984190396,0.34593797986486546,0.2995230509082811,0.19088790255336235,0.0,2.4642484188079834,0.22325348854064941,0.0,0.11477422714233398,0.32013630867004395,26,0,Short
sub001-ses04-block4-game2_000::b0120,test/sub001/ses-04/sub001-ses04-block4-game2_000.npy,sub001,04,4,2,000,2104,2105,2103,2106,2,106109,106155,106202,1,0.9197585381356089,0.8016672808631966,0.9056820973312848,0.6087130386123079,0.5759890557739277,0.5183350594550136,0.1775205135345459,0.0,2.1996006965637207,0.3455545902252197,0.0,0.0,26,0,Short
sub001-ses04-block4-game2_000::b0121,test/sub001/ses-04/sub001-ses04-block4-game2_000.npy,sub001,04,4,2,000,2111,2111,2110,2112,1,106446,106446,106496,3,0.9393825242931425,0.9996246112175224,1.0099474088944165,0.4934285950809933,0.39826726690413494,0.45829256331896373,3.6809492111206055,2.7345407009124756,0.11339092254638672,0.9082672595977783,0.0,0.4995768070220947,26,0,Short
sub001-ses04-block4-game2_000::b0122,test/sub001/ses-04/sub001-ses04-block4-game2_000.npy,sub001,04,4,2,000,2125,2130,2124,2131,6,107138,107389,107437,1,1.088461521863232,1.0333855737106343,0.9021951327999199,0.4867600028888653,0.5520257425027467,0.5842211201136649,0.0069997310638427734,2.9994187355041504,0.0,0.021677017211914062,0.07911849021911621,0.0,26,0,Short
sub001-ses04-block4-game2_000::b0123,test/sub001/ses-04/sub001-ses04-block4-game2_000.npy,sub001,04,4,2,000,2137,2150,2136,2151,14,107727,108361,108408,3,1.045925659710614,1.0469309109294536,0.9962244003596106,0.40362123707144676,0.361533400627599,0.5094943195172454,0.0,3.0185956954956055,0.0,0.0,0.1312398910522461,0.0,26,0,Short
sub001-ses04-block4-game2_000::b0124,test/sub001/ses-04/sub001-ses04-block4-game2_000.npy,sub001,04,4,2,000,2155,2162,2154,2163,8,108603,108927,108975,3,0.626359417019097,0.47977670307217424,1.130528529101814,0.7343679590653015,0.8123246001477454,0.4144871336649978,2.9832565784454346,3.2666687965393066,0.2955927848815918,0.0,0.3145408630371094,0.726294755935669,26,0,Short
sub001-ses04-block4-game2_000::b0125,test/sub001/ses-04/sub001-ses04-block4-game2_000.npy,sub001,04,4,2,000,2171,2178,2170,2179,8,109376,109713,109760,1,0.7411395333332755,0.5261106237936559,1.0118485743309718,0.6691679437094467,0.7967823273132169,0.3259120626380484,0.09217143058776855,0.11312270164489746,3.8020923137664795,0.5597953796386719,0.3491978645324707,0.025796175003051758,26,0,Short
sub001-ses04-block4-game2_000::b0126,test/sub001/ses-04/sub001-ses04-block4-game2_000.npy,sub001,04,4,2,000,2184,2185,2183,2186,2,110007,110052,110099,1,0.9447972996171372,0.9460670280756812,1.258507105027402,0.4555845750786771,0.4771516497464411,0.2336944991550804,0.0,0.33864855766296387,3.710744619369507,0.0,0.0022521018981933594,0.0,26,0,Short
sub001-ses04-block4-game2_000::b0127,test/sub001/ses-04/sub001-ses04-block4-game2_000.npy,sub001,04,4,2,000,2189,2191,2188,2192,3,110242,110339,110388,1,1.0179142026477237,0.9340703290245015,1.022746025268213,0.3885194964468942,0.4734377836741207,0.42414776563775125,3.891784429550171,3.989229202270508,3.3016581535339355,0.0,0.5135397911071777,0.0,26,0,Short
sub001-ses04-block4-game2_000::b0128,test/sub001/ses-04/sub001-ses04-block4-game2_000.npy,sub001,04,4,2,000,2196,2198,2195,2199,3,110586,110684,110734,1,0.8923083656467563,0.8633655084686277,1.0435638137259482,0.5116107478801399,0.4689171121560935,0.3798250822371585,0.06695938110351562,0.48403406143188477,0.09181690216064453,0.7162356376647949,0.0,0.0,26,0,Short
sub001-ses04-block4-game2_000::b0129,test/sub001/ses-04/sub001-ses04-block4-game2_000.npy,sub001,04,4,2,000,2203,2204,2202,2205,2,110932,110980,111029,1,0.8792874505687376,1.0519793968984186,1.3946022118910222,0.44416472363099113,0.3744595012984867,0.011374081146243331,3.334941864013672,3.3242199420928955,3.2983310222625732,0.26616477966308594,0.3554646968841553,0.47493767738342285,26,0,Short
sub001-ses04-block4-game2_000::b0130,test/sub001/ses-04/sub001-ses04-block4-game2_000.npy,sub001,04,4,2,000,2210,2211,2209,2212,2,111279,111329,111384,1,0.9986919591449993,1.021412805008518,1.2195968115186702,0.3677072638856236,0.4002070876200111,0.22382440348809302,0.36122727394104004,0.015733003616333008,2.618865728378296,0.2536942958831787,0.0,0.0,26,0,Short
sub001-ses04-block4-game2_000::b0131,test/sub001/ses-04/sub001-ses04-block4-game2_000.npy,sub001,04,4,2,000,2224,2236,2223,2237,13,111979,112547,112594,3,0.9339395241483328,0.8887180613317098,1.3238179818289706,0.6035881211459942,0.48699119434029325,0.16791273475309315,3.8390398025512695,0.0,0.0,1.1464440822601318,0.0,0.0,26,0,Short
sub001-ses04-block4-game2_000::b0132,test/sub001/ses-04/sub001-ses04-block4-game2_000.npy,sub001,04,4,2,000,2265,2274,2264,2275,10,114008,114440,114489,1,0.5718755026661189,0.5019719636489333,0.957876368672568,0.7692395006967334,0.7977936802278085,0.40258322078526965,2.9601852893829346,0.20133209228515625,0.18130230903625488,0.0,0.7192814350128174,0.7714786529541016,26,0,Short
sub001-ses04-block4-game2_000::b0133,test/sub001/ses-04/sub001-ses04-block4-game2_000.npy,sub001,04,4,2,000,2285,2288,2284,2289,4,115012,115159,115209,1,0.898684087926328,0.8461315819247559,1.0150257127189173,0.5056957366808743,0.5315333349072686,0.36701398691249326,0.10260868072509766,3.9560980796813965,0.2614445686340332,0.337644100189209,0.4090752601623535,0.27617955207824707,26,0,Short
sub001-ses04-block4-game2_000::b0134,test/sub001/ses-04/sub001-ses04-block4-game2_000.npy,sub001,04,4,2,000,2293,2296,2292,2297,4,115406,115561,115612,1,0.9902171063881953,0.9373520241349211,0.9609416437949977,0.390484943561696,0.37443549821315325,0.46015349962915536,0.07599544525146484,3.6475696563720703,0.1132962703704834,0.0,0.22458624839782715,0.3785426616668701,26,0,Short
sub001-ses04-block4-game2_000::b0135,test/sub001/ses-04/sub001-ses04-block4-game2_000.npy,sub001,04,4,2,000,2301,2303,2300,2304,3,115812,115911,115960,1,0.974147574772196,0.9192165348419503,0.9502992356238261,0.4443439927383037,0.4834894831701305,0.5028385174563665,0.2596709728240967,0.10496973991394043,0.0,0.2488422393798828,0.41641950607299805,0.0,26,0,Short
sub001-ses04-block4-game2_000::b0136,test/sub001/ses-04/sub001-ses04-block4-game2_000.npy,sub001,04,4,2,000,2309,2310,2308,2311,2,116221,116272,116321,1,1.2156651342844222,1.176770906733301,1.0124527889527704,0.0026375639082619196,0.1120418355634959,0.35772539057093644,0.2667200565338135,3.415376901626587,3.4007608890533447,0.13316822052001953,0.0,0.3998734951019287,26,0,Short
sub001-ses04-block4-game2_000::b0137,test/sub001/ses-04/sub001-ses04-block4-game2_000.npy,sub001,04,4,2,000,2315,2317,2314,2318,3,116525,116629,116681,1,1.0049287566998533,1.0562761359404629,1.0589919556915506,0.3949644210705567,0.41935223084869966,0.43331489186518013,0.044660329818725586,0.056876420974731445,0.2553877830505371,0.0,0.8619804382324219,0.03692889213562012,26,0,Short
sub001-ses04-block4-game2_000::b0138,test/sub001/ses-04/sub001-ses04-block4-game2_000.npy,sub001,04,4,2,000,2322,2323,2321,2324,2,116889,116938,116989,1,0.9549856494090465,0.9895792800222788,0.9535244918458592,0.45220073309968795,0.45022359355768393,0.499980404427406,0.5281860828399658,3.241637945175171,0.0006303787231445312,0.6019887924194336,0.16556429862976074,0.5278916358947754,26,0,Short
sub001-ses04-block4-game2_000::b0139,test/sub001/ses-04/sub001-ses04-block4-game2_000.npy,sub001,04,4,2,000,2329,2330,2328,2331,2,117248,117298,117348,1,1.2514048464916778,1.1766464788778581,1.14657551228997,0.1789534817103548,0.3117473407290804,0.280691554762497,3.535637378692627,3.625854730606079,3.1961441040039062,0.5488588809967041,0.8523073196411133,0.6400578022003174,26,0,Short
sub001-ses04-block4-game2_000::b0140,test/sub001/ses-04/sub001-ses04-block4-game2_000.npy,sub001,04,4,2,000,2336,2338,2335,2339,3,117600,117697,117744,1,1.033780285488717,1.0525559292725992,1.0211894953737053,0.4503588906343955,0.4327536813719697,0.4974267540015703,3.03485369682312,0.08215665817260742,3.2243030071258545,0.40952062606811523,0.5753023624420166,0.7675058841705322,26,0,Short
sub001-ses04-block4-game2_000::b0141,test/sub001/ses-04/sub001-ses04-block4-game2_000.npy,sub001,04,4,2,000,2342,2342,2341,2343,1,117907,117907,117956,3,1.017261931555634,1.141819624346857,1.0916855528554796,0.46417605985112886,0.36406032336180794,0.43200181883745414,3.467355728149414,0.0,0.04031682014465332,0.8052949905395508,0.0,0.916863203048706,26,0,Short
sub001-ses04-block4-game2_000::b0142,test/sub001/ses-04/sub001-ses04-block4-game2_000.npy,sub001,04,4,2,000,2376,2378,2375,2379,3,119650,119749,119802,1,1.1143020637330028,1.2017772009718783,1.2253402112419272,0.2845641931440225,0.06805764566727857,0.36333712929737344,2.013577461242676,0.045790672302246094,1.9463497400283813,0.17146587371826172,0.1700199842453003,0.1773993968963623,26,0,Short
sub001-ses04-block4-game2_000::b0143,test/sub001/ses-04/sub001-ses04-block4-game2_000.npy,sub001,04,4,2,000,2397,2399,2396,2400,3,120775,120879,120930,1,1.1131137109676885,1.2048346640077081,0.9617183922159617,0.48506900313618895,0.3297575394567621,0.5613707670251065,1.9013824462890625,2.2906832695007324,2.076068162918091,0.0,0.46236395835876465,0.10454559326171875,26,0,Short
sub001-ses04-block4-game2_000::b0144,test/sub001/ses-04/sub001-ses04-block4-game2_000.npy,sub001,04,4,2,000,2404,2415,2403,2416,12,121141,121707,121752,2,1.2991128869346256,1.093581436549154,0.955965672545583,0.2288148733803156,0.480708792492098,0.533973623025168,0.16361308097839355,1.6553882360458374,1.2127801179885864,0.0,0.0,0.06128227710723877,26,0,Short
sub001-ses04-block4-game2_000::b0145,test/sub001/ses-04/sub001-ses04-block4-game2_000.npy,sub001,04,4,2,000,2423,2427,2422,2428,5,122109,122314,122358,2,1.23516679539247,0.8042433326035778,1.16915727334014,0.35327315487491795,0.6760510488295801,0.3529455579145121,0.5892128348350525,2.0113112926483154,0.04976551607251167,0.18035590648651123,0.0,0.0,26,0,Short
sub001-ses04-block4-game2_000::b0146,test/sub001/ses-04/sub001-ses04-block4-game2_000.npy,sub001,04,4,2,000,2435,2442,2434,2443,8,122711,123115,123176,1,0.8023112877691901,1.1227194920606205,0.32438562499119766,0.6064261815285221,0.39171964149553173,0.9000640105291603,0.0,0.00201683328486979,0.016287965700030327,0.0,0.0,0.0,26,0,Short
sub001-ses04-block4-game2_000::b0147,test/sub001/ses-04/sub001-ses04-block4-game2_000.npy,sub001,04,4,2,000,2448,2580,2447,2581,133,123463,131415,131470,2,1.6087630731843467,1.4348000492250188,1.0435559660934242,0.0340135194747207,0.16624024181666203,0.5356729856510649,0.0,0.0077385008335113525,0.024608373641967773,0.0,0.8745380342006683,0.17178714275360107,26,1,Long
sub001-ses04-block4-game2_000::b0148,test/sub001/ses-04/sub001-ses04-block4-game2_000.npy,sub001,04,4,2,000,2588,2590,2587,2591,3,131850,131955,132011,1,0.7942967257640071,0.7133908904445228,1.396050021336999,0.5889077549582464,0.6292601835572156,0.273308067069863,0.05420351028442383,1.8481624126434326,1.9021120071411133,0.14096546173095703,1.4466251134872437,1.57937353849411,26,0,Short
sub001-ses04-block4-game2_000::b0149,test/sub001/ses-04/sub001-ses04-block4-game2_000.npy,sub001,04,4,2,000,2596,2602,2595,2603,7,132281,132613,132671,2,1.1307371844669158,1.2276079324265068,0.9742965010334141,0.414239024144198,0.38962630078152427,0.5913266446323744,0.06793451309204102,2.0154056549072266,0.012122869491577148,0.1083754301071167,0.09693992137908936,0.09595465660095215,26,0,Short
sub001-ses04-block4-game2_000::b0150,test/sub001/ses-04/sub001-ses04-block4-game2_000.npy,sub001,04,4,2,000,2612,2619,2611,2620,8,133135,133519,133569,2,0.8793892197774184,0.8214267004689993,0.8665331880747931,0.5631252830417424,0.5578526420901276,0.6642036024892354,0.0,0.14738929271697998,1.8711503744125366,0.0,0.1917935609817505,1.500028908252716,26,0,Short
sub001-ses04-block4-game2_000::b0151,test/sub001/ses-04/sub001-ses04-block4-game2_000.npy,sub001,04,4,2,000,2627,2634,2626,2635,8,133939,134324,134380,2,0.8900831489958811,0.6257612453014125,0.9958763806395897,0.5874739351968891,0.7529147763419505,0.5727523253540688,0.04250919818878174,0.0,0.23668336868286133,0.0364232063293457,0.0,0.1040048599243164,26,0,Short
sub001-ses04-block4-game2_000::b0152,test/sub001/ses-04/sub001-ses04-block4-game2_000.npy,sub001,04,4,2,000,2641,2648,2640,2649,8,134703,135069,135120,1,0.510671729815515,0.41382818652956105,0.903827306454415,0.811205390905323,0.8595825317225396,0.6184625923142624,0.10005545616149902,2.415447950363159,1.905663013458252,0.23412418365478516,0.2724006175994873,0.0,26,0,Short
sub001-ses04-block4-game2_000::b0153,test/sub001/ses-04/sub001-ses04-block4-game2_000.npy,sub001,04,4,2,000,2653,2659,2652,2660,7,135329,135625,135677,2,1.2550146597125627,1.2433735973812385,0.9435638941549248,0.04046896643929948,0.1917637442394653,0.5922768532150633,0.0,1.9793273210525513,2.286661386489868,0.0,0.03624415397644043,0.35913753509521484,26,0,Short
sub001-ses04-block4-game2_000::b0154,test/sub001/ses-04/sub001-ses04-block4-game2_000.npy,sub001,04,4,2,000,2685,2686,2684,2687,2,136985,137034,137083,1,1.2086073431115314,1.1438788588136017,1.1376943524818055,0.39502756795592664,0.41346926398635797,0.4254015575599199,1.9655283689498901,0.009450674057006836,0.1305863857269287,0.0,0.17041707038879395,0.23958420753479004,26,0,Short
sub001-ses04-block4-game2_000::b0155,test/sub001/ses-04/sub001-ses04-block4-game2_000.npy,sub001,04,4,2,000,2691,2692,2690,2693,2,137291,137341,137395,1,1.1339715899600886,1.1587829195729231,1.1703682784690295,0.3974561238420511,0.4054244538990476,0.39979493105115577,0.30304455757141113,0.0,0.14165806770324707,0.03407740592956543,0.0,0.6338870525360107,26,0,Short
sub001-ses04-block4-game2_000::b0156,test/sub001/ses-04/sub001-ses04-block4-game2_000.npy,sub001,04,4,2,000,2702,2704,2701,2705,3,137853,137952,138001,1,1.1271400780299357,1.1882366589653814,1.1376661870613045,0.33235734377649967,0.381341678457877,0.38604606772247985,0.06280398368835449,0.0,2.930093765258789,0.4635202884674072,0.0,0.7449584007263184,26,0,Short
sub001-ses04-block4-game2_000::b0157,test/sub001/ses-04/sub001-ses04-block4-game2_000.npy,sub001,04,4,2,000,2709,2710,2708,2711,2,138209,138262,138311,1,1.1951742509156449,1.1553376181741024,1.2530700786915228,0.3931509846667933,0.3879284633560467,0.39669261232417774,0.0628499984741211,1.0518839359283447,2.5568687915802,0.0,1.2594141960144043,0.7460031509399414,26,0,Short
sub001-ses04-block4-game2_000::b0158,test/sub001/ses-04/sub001-ses04-block4-game2_000.npy,sub001,04,4,2,000,2715,2716,2714,2717,2,138515,138569,138622,1,1.207516523219471,1.2011874188448437,1.1465904238210214,0.39211475278940555,0.3987548407562898,0.5059854916788575,0.1037665605545044,0.23373687267303467,0.0,0.0,0.5514185428619385,0.0,26,0,Short
sub001-ses04-block4-game2_000::b0159,test/sub001/ses-04/sub001-ses04-block4-game2_000.npy,sub001,04,4,2,000,2721,2723,2720,2724,3,138836,138938,138989,1,1.174227454455537,1.1888708858650554,1.1660172782416691,0.4371810106265042,0.3969865930193476,0.45615186356558235,0.09335470199584961,0.0,0.01306450366973877,0.1379002332687378,0.0,0.26782143115997314,26,0,Short
sub001-ses04-block4-game2_000::b0160,test/sub001/ses-04/sub001-ses04-block4-game2_000.npy,sub001,04,4,2,000,2735,2740,2734,2741,6,139563,139813,139871,1,1.1985394742293118,1.2347546034649763,1.1127310577343321,0.31527012145353517,0.34587060919857404,0.528144077665626,1.9865741729736328,0.3288555145263672,1.7806671857833862,0.16228806972503662,0.4170083999633789,0.0,26,0,Short
sub001-ses04-block4-game2_000::b0161,test/sub001/ses-04/sub001-ses04-block4-game2_000.npy,sub001,04,4,2,000,2746,2750,2745,2751,5,140127,140328,140380,1,1.1637142290226112,1.1411819868848263,1.0912493306195294,0.4514295067993166,0.454654490166143,0.5247412717251859,0.18683159351348877,0.30890870094299316,0.0,0.3360062837600708,0.5306572914123535,0.0,26,0,Short
sub001-ses04-block4-game2_000::b0162,test/sub001/ses-04/sub001-ses04-block4-game2_000.npy,sub001,04,4,2,000,2755,2780,2754,2781,26,140580,141844,141899,3,1.1138998082230767,1.0987037950873983,1.1080940995366888,0.46832443830310966,0.42815821769057827,0.525454356824964,2.7163233757019043,0.11211240291595459,0.0,0.7679541110992432,0.09285902976989746,0.0,26,1,Long
sub001-ses04-block4-game2_000::b0163,test/sub001/ses-04/sub001-ses04-block4-game2_000.npy,sub001,04,4,2,000,2789,2796,2788,2797,8,142330,142684,142733,2,0.684214648642684,0.8989345767182273,0.9250168286346552,0.6911655743472225,0.4339495703007656,0.6363426348440554,2.2193045616149902,0.0,0.06405019760131836,0.3959711790084839,0.0,0.022261619567871094,26,0,Short
sub001-ses04-block4-game2_000::b0164,test/sub001/ses-04/sub001-ses04-block4-game2_000.npy,sub001,04,4,2,000,2805,2810,2804,2811,6,143160,143413,143465,2,0.7065042623121655,0.5116924272922982,0.9682943660060486,0.7060497777032463,0.7963978370227791,0.5941109000592513,2.1017086505889893,0.5235862731933594,2.0763540267944336,0.08615493774414062,0.28377223014831543,0.0,26,0,Short
sub001-ses04-block4-game2_000::b0165,test/sub001/ses-04/sub001-ses04-block4-game2_000.npy,sub001,04,4,2,000,2893,2900,2892,2901,8,147598,147940,147990,1,0.9411540861573037,0.901359520773503,0.9226100468426376,0.4728921915746489,0.45465521024964056,0.365353205766604,0.05845236778259277,0.11902737617492676,0.05526900291442871,0.0,0.44589805603027344,0.0,26,0,Short
sub001-ses04-block4-game2_000::b0166,test/sub001/ses-04/sub001-ses04-block4-game2_000.npy,sub001,04,4,2,000,2905,2910,2904,2911,6,148199,148451,148497,1,0.8990119032163048,0.9238293049684597,1.0478804586615196,0.45628648378771003,0.44236414888793973,0.2597234536267739,3.2973127365112305,3.921525239944458,3.6095123291015625,0.0,0.6364684104919434,0.7895987033843994,26,0,Short
sub001-ses04-block4-game2_000::b0167,test/sub001/ses-04/sub001-ses04-block4-game2_000.npy,sub001,04,4,2,000,2916,2918,2915,2919,3,148744,148841,148894,1,0.8945635101171486,1.0333953099927913,1.0562884899566058,0.5117981261009834,0.4612586797536428,0.306109382259965,0.09001421928405762,3.2360916137695312,3.175994396209717,0.5888988971710205,0.2943885326385498,0.0,26,0,Short
sub001-ses04-block4-game2_000::b0168,test/sub001/ses-04/sub001-ses04-block4-game2_000.npy,sub001,04,4,2,000,2923,2925,2922,2926,3,149102,149202,149250,1,0.9506796891156258,0.9773693013554349,1.1281358746523604,0.4536248511285603,0.4869578332700096,0.3104874089191872,3.127228021621704,0.0,0.0,0.0,0.0,0.0,26,0,Short
sub001-ses04-block4-game2_000::b0169,test/sub001/ses-04/sub001-ses04-block4-game2_000.npy,sub001,04,4,2,000,2931,2933,2930,2934,3,149499,149598,149646,1,1.0464692313897586,1.004228570440066,1.0980980297775806,0.4307919380543884,0.5131784529914858,0.3179691093362909,0.07125663757324219,2.5223491191864014,0.08240294456481934,0.2506542205810547,0.06378602981567383,0.5437698364257812,26,0,Short
sub001-ses04-block4-game2_000::b0170,test/sub001/ses-04/sub001-ses04-block4-game2_000.npy,sub001,04,4,2,000,2940,2944,2939,2945,5,149955,150144,150191,1,1.0202809196233757,0.8626231801776396,1.0901451394734594,0.5570742241128672,0.5880675010613757,0.37970123007228124,0.3123335838317871,3.0429837703704834,0.1548614501953125,0.5131745338439941,0.5040934085845947,0.10361409187316895,26,0,Short
sub001-ses04-block4-game2_000::b0171,test/sub001/ses-04/sub001-ses04-block4-game2_000.npy,sub001,04,4,2,000,2952,2953,2951,2954,2,150550,150600,150654,2,1.0225590855703592,0.9817919954769663,1.3731345609601209,0.3959658936947299,0.4716410852760582,0.09426908957939306,0.0,0.2198193073272705,0.0020999908447265625,0.0,0.5634348392486572,0.06853389739990234,26,0,Short
sub001-ses04-block4-game2_000::b0172,test/sub001/ses-04/sub001-ses04-block4-game2_000.npy,sub001,04,4,2,000,2977,2997,2976,2998,21,151810,152785,152833,2,1.0181755088921545,1.041611402471771,1.3277127364581758,0.45796060296346586,0.4294236395651435,0.19466508652685477,2.692274570465088,2.8801379203796387,0.16715168952941895,0.3174781799316406,0.32604312896728516,0.11407637596130371,26,0,Short
sub001-ses04-block4-game2_000::b0173,test/sub001/ses-04/sub001-ses04-block4-game2_000.npy,sub001,04,4,2,000,3006,3007,3005,3008,2,153240,153292,153341,1,0.6282001232940968,0.7011559137577358,1.227006555000037,0.7546161058639673,0.7095722719613318,0.32293431001875555,0.1579432487487793,0.0,0.09154272079467773,0.41346490383148193,0.0,0.48064088821411133,26,0,Short
sub001-ses04-block4-game2_000::b0174,test/sub001/ses-04/sub001-ses04-block4-game2_000.npy,sub001,04,4,2,000,3013,3030,3012,3031,18,153595,154430,154480,2,1.0828701183934835,1.120107239509656,1.3043951629262145,0.4842284914972602,0.4708738248015132,0.10030128323139686,0.4163689613342285,2.710228204727173,2.1609082221984863,0.49846386909484863,0.3246266841888428,0.06785821914672852,26,0,Short
sub001-ses04-block4-game2_000::b0175,test/sub001/ses-04/sub001-ses04-block4-game2_000.npy,sub001,04,4,2,000,3041,3062,3040,3063,22,154956,156000,156047,3,0.989641574649942,0.8586854710761026,1.1472424348958106,0.4805371633116078,0.5988108844072296,0.4783941687687657,0.0,1.7828260660171509,1.5340614318847656,0.0,0.0,0.0,26,0,Short
sub001-ses04-block4-game2_000::b0176,test/sub001/ses-04/sub001-ses04-block4-game2_000.npy,sub001,04,4,2,000,3071,3073,3070,3074,3,156461,156563,156610,1,0.35042510617086775,0.49328601706093755,1.262096583393302,0.8691706011253764,0.8087551859232032,0.3636724227765502,1.9234415292739868,2.082380533218384,0.020257234573364258,0.0,0.049994468688964844,0.11858463287353516,26,0,Short
sub001-ses04-block4-game2_000::b0177,test/sub001/ses-04/sub001-ses04-block4-game2_000.npy,sub001,04,4,2,000,3081,3082,3080,3083,2,156945,156994,157037,1,1.1386412375183355,1.2283590128484336,1.203598829282465,0.41594625601124513,0.39250294500184024,0.3353282791341108,0.0,0.0,0.0,0.0,0.0,0.0,26,0,Short
sub001-ses04-block4-game2_000::b0178,test/sub001/ses-04/sub001-ses04-block4-game2_000.npy,sub001,04,4,2,000,3087,3126,3086,3127,40,157223,159104,159151,2,1.094933418197236,1.1942573239267016,1.0547988855999435,0.5032307775783965,0.3979417263685068,0.5704953333213991,0.0,0.0,0.07310676574707031,0.0,0.0,0.4580075740814209,26,1,Long
sub001-ses04-block4-game2_000::b0179,test/sub001/ses-04/sub001-ses04-block4-game2_000.npy,sub001,04,4,2,000,3161,3284,3160,3285,124,160804,166770,166816,1,1.2094821763842323,1.2551785292845106,1.1398406152407465,0.2885859387779188,0.19747100688894725,0.21592742346703342,1.7741645574569702,1.7654510736465454,0.07374310493469238,0.43534016609191895,0.4168741703033447,0.6381325721740723,26,1,Long
sub001-ses04-block4-game2_000::b0180,test/sub001/ses-04/sub001-ses04-block4-game2_000.npy,sub001,04,4,2,000,3290,3306,3289,3307,17,167059,167826,167879,1,1.0916428795390218,1.0526726152256507,1.1793939847149284,0.39804462186691003,0.46411795198127603,0.3474524791865551,0.0,2.3701212406158447,0.0,0.0,0.13796043395996094,0.0,26,0,Short
sub001-ses04-block4-game2_000::b0181,test/sub001/ses-04/sub001-ses04-block4-game2_000.npy,sub001,04,4,2,000,3312,3314,3311,3315,3,168125,168227,168280,1,1.0660212507995088,1.0973956367938569,1.1982930172566433,0.4969460947714848,0.4725646652250236,0.2886596029524299,0.0,2.2162210941314697,0.15625882148742676,0.0,0.644031286239624,0.36053037643432617,26,0,Short
sub001-ses04-block4-game2_000::b0182,test/sub001/ses-04/sub001-ses04-block4-game2_000.npy,sub001,04,4,2,000,3319,3322,3318,3323,4,168482,168638,168686,1,1.0048827512758123,1.043307251329537,1.1978551076237007,0.32570201698446616,0.27941978120278016,0.17104003673524304,1.898214340209961,1.7117925882339478,2.226658821105957,0.4723755121231079,0.0,0.3581165075302124,26,0,Short
sub001-ses04-block4-game2_000::b0183,test/sub001/ses-04/sub001-ses04-block4-game2_000.npy,sub001,04,4,2,000,3327,3329,3326,3330,3,168885,168979,169025,1,1.1321365803012249,1.089719053848312,1.2331473491102387,0.2876315003731852,0.42346299302588564,0.3713758526761951,0.3480783700942993,0.0,0.0,0.35487139225006104,0.0,0.0,26,0,Short
sub001-ses04-block4-game2_000::b0184,test/sub001/ses-04/sub001-ses04-block4-game2_000.npy,sub001,04,4,2,000,3335,3336,3334,3337,2,169259,169304,169355,1,1.138307388159823,1.007980204397565,1.2317986116314263,0.42555656573748213,0.45562691520722304,0.21387168377139043,0.0,1.7824077606201172,0.0,0.0,0.5157821178436279,0.0,26,0,Short
sub001-ses04-block4-game2_000::b0185,test/sub001/ses-04/sub001-ses04-block4-game2_000.npy,sub001,04,4,2,000,3341,3343,3340,3344,3,169550,169648,169695,1,1.1777768588827542,1.2161276612844265,1.1892343197949422,0.25965907492857354,0.30513902542680854,0.31567979971683885,2.001009941101074,0.2690589427947998,1.9498929977416992,0.3735617399215698,0.2774437665939331,0.45586729049682617,26,0,Short
sub001-ses04-block4-game2_000::b0186,test/sub001/ses-04/sub001-ses04-block4-game2_000.npy,sub001,04,4,2,000,3346,3350,3345,3351,5,169799,169984,170031,3,1.2374337585338566,1.020252984263997,0.9861235025774298,0.05736886129973473,0.3391544323120642,0.5240904611153865,0.18222486972808838,0.35487890243530273,1.8736350536346436,0.21829211711883545,0.309586763381958,0.1810542345046997,26,0,Short
sub001-ses04-block4-game2_000::b0187,test/sub001/ses-04/sub001-ses04-block4-game2_000.npy,sub001,04,4,2,000,3390,3398,3389,3399,9,171982,172372,172421,1,0.5241720102519071,0.38916367099344074,1.2564791595296159,0.7701843149504457,0.8649009561190388,0.3404950649394049,0.037978172302246094,0.27052605152130127,0.1798255443572998,0.5422089099884033,0.34293198585510254,0.050300002098083496,26,0,Short
sub001-ses04-block4-game2_000::b0188,test/sub001/ses-04/sub001-ses04-block4-game2_000.npy,sub001,04,4,2,000,3405,3418,3404,3419,14,172696,173315,173369,3,1.1989617939832207,1.0442803113415133,1.290167395624984,0.2762600991227841,0.45271341894310424,0.18967685743048818,1.6590611934661865,0.24952661991119385,0.0,0.0,0.46388471126556396,0.0,26,0,Short
sub001-ses04-block4-game2_000::b0189,test/sub001/ses-04/sub001-ses04-block4-game2_000.npy,sub001,04,4,2,000,3432,3445,3431,3446,14,174012,174654,174703,1,0.5289588327119118,0.5839917914745969,1.2744403838885574,0.7797915536354525,0.7528088199949404,0.3781572497259084,0.07089853286743164,1.5552934408187866,1.2563211917877197,0.039008378982543945,0.0,0.0,26,0,Short
sub001-ses04-block4-game2_000::b0190,test/sub001/ses-04/sub001-ses04-block4-game2_000.npy,sub001,04,4,2,000,3451,3454,3450,3455,4,174943,175090,175138,1,1.125749355749314,1.2744169864792478,1.2661232277176042,0.49313344098372114,0.39950444516134054,0.16773469286275605,1.1779978275299072,0.09288883209228516,1.3234953880310059,0.0,0.038727521896362305,0.26269423961639404,26,0,Short
sub001-ses04-block4-game2_000::b0191,test/sub001/ses-04/sub001-ses04-block4-game2_000.npy,sub001,04,4,2,000,3463,3488,3462,3489,26,175537,176784,176839,2,1.335469019997615,1.1647235529859592,1.150038418149336,0.33612719145496317,0.49905731795824637,0.5035018781424594,1.2777290344238281,1.0901461839675903,0.023842930793762207,0.0,0.0,0.0,26,1,Long
sub001-ses04-block4-game2_000::b0192,test/sub001/ses-04/sub001-ses04-block4-game2_000.npy,sub001,04,4,2,000,3506,3508,3505,3509,3,177661,177749,177798,1,1.2659450299985078,1.3329271039894464,1.2402301851460722,0.3992129004718741,0.27264821095391917,0.34737247335317634,0.3089975118637085,0.0,1.0448966026306152,0.09256064891815186,0.0,0.0,26,0,Short
sub001-ses04-block4-game2_000::b0193,test/sub001/ses-04/sub001-ses04-block4-game2_000.npy,sub001,04,4,2,000,3514,3516,3513,3517,3,178037,178137,178186,5,1.2538128239165836,1.1901694565417695,1.1014686145427062,0.4300800319786948,0.4562722746510611,0.5371537155154346,0.06344187259674072,0.049773335456848145,1.2142969369888306,0.05296790599822998,0.26024413108825684,0.013821244239807129,26,0,Short
sub001-ses04-block4-game2_000::b0194,test/sub001/ses-04/sub001-ses04-block4-game2_000.npy,sub001,04,4,2,000,3531,3534,3530,3535,4,178863,179012,179056,1,1.165896892339636,1.2673410865594232,1.053806403137017,0.4647989609249499,0.3890709154497727,0.560602147170061,1.3745695352554321,1.2012406587600708,1.231856107711792,0.22945988178253174,0.30437469482421875,0.0,26,0,Short
sub001-ses04-block4-game2_000::b0195,test/sub001/ses-04/sub001-ses04-block4-game2_000.npy,sub001,04,4,2,000,3539,3544,3538,3545,6,179256,179511,179557,2,1.2216824496649799,1.1539447421928977,0.9627985058297679,0.41214993538531464,0.45292702082372926,0.5781199464976355,0.0,0.0,0.16762006282806396,0.0,0.0,0.0,26,0,Short
sub001-ses04-block4-game2_000::b0196,test/sub001/ses-04/sub001-ses04-block4-game2_000.npy,sub001,04,4,2,000,3555,3580,3554,3581,26,180047,181274,181323,3,0.9587304801790851,1.0462503255817919,1.0654954164165409,0.4857522188147887,0.3928439169166161,0.5254233417615685,0.09059512615203857,0.8843075633049011,0.016884207725524902,0.007698178291320801,0.0,0.06568348407745361,26,1,Long
sub001-ses04-block4-game2_000::b0197,test/sub001/ses-04/sub001-ses04-block4-game2_000.npy,sub001,04,4,2,000,3609,3612,3608,3613,4,182659,182802,182853,2,1.052677354010851,0.6036299979919432,1.053110371086674,0.39694965240988744,0.6957073967919737,0.5498822835257055,1.1219578981399536,0.0,0.426721453666687,0.023079991340637207,0.0,0.6859738826751709,26,0,Short
sub001-ses04-block4-game2_000::b0198,test/sub001/ses-04/sub001-ses04-block4-game2_000.npy,sub001,04,4,2,000,3666,3672,3665,3673,7,185426,185715,185763,3,1.0008976074895761,1.1491137732455785,0.8776478541563225,0.49018305946135887,0.32505778857032064,0.6398923117146276,0.8927384614944458,0.23900753259658813,0.025919556617736816,0.17317581176757812,0.24625062942504883,0.08178210258483887,26,0,Short
sub001-ses04-block4-game2_000::b0199,test/sub001/ses-04/sub001-ses04-block4-game2_000.npy,sub001,04,4,2,000,3720,3763,3719,3764,44,188110,190142,190187,3,0.6247090392548846,0.5174866867809238,0.7496470618725923,0.6860516472035616,0.7853467575147647,0.6559114061275266,1.194495677947998,1.079500675201416,0.9971160888671875,0.22221660614013672,0.0,0.1939794421195984,26,1,Long
sub001-ses04-block4-game2_000::b0200,test/sub001/ses-04/sub001-ses04-block4-game2_000.npy,sub001,04,4,2,000,3783,3787,3782,3788,5,191109,191306,191356,2,0.5235475311722885,0.9511935082687493,1.0798030523635023,0.7953066481366189,0.3906165684608423,0.5005567126880605,0.0,0.0,0.09482347965240479,0.0,0.0,0.6804273128509521,26,0,Short
sub001-ses04-block4-game2_000::b0201,test/sub001/ses-04/sub001-ses04-block4-game2_000.npy,sub001,04,4,2,000,3799,3802,3798,3803,4,191884,192022,192070,1,1.2756405352904652,0.9740266162315183,1.1212796037403796,0.005760859623144321,0.44368690581452297,0.44881841987239224,0.8242974281311035,0.0,1.3221399784088135,0.0,0.0,0.22370684146881104,26,0,Short
sub001-ses04-block4-game2_000::b0202,test/sub001/ses-04/sub001-ses04-block4-game2_000.npy,sub001,04,4,2,000,3809,3853,3808,3854,45,192356,194455,194501,2,1.2350910075093158,1.2306423561805508,0.8982179455082109,0.44183589002890444,0.3756322531158446,0.6580533898083603,0.0,0.0,0.6114703416824341,0.0,0.0,0.3594750165939331,26,1,Long
sub001-ses04-block4-game2_000::b0203,test/sub001/ses-04/sub001-ses04-block4-game2_000.npy,sub001,04,4,2,000,3903,3913,3902,3914,11,196901,197356,197404,3,1.0993538441395323,0.9367976608264326,1.0228265573693618,0.4093428987672857,0.5190751508687713,0.5041601967278139,0.6032423377037048,0.14074307680130005,0.5768308639526367,1.1539287567138672,0.2000139355659485,0.0166471004486084,26,0,Short
sub001-ses04-block4-game2_000::b0204,test/sub001/ses-04/sub001-ses04-block4-game2_000.npy,sub001,04,4,2,000,3957,3966,3956,3967,10,199477,199945,199998,2,0.40483740453689177,0.45271235351845035,0.7088306315970357,0.8553162427173939,0.8204601359132019,0.6722912886098641,0.5122836828231812,0.7258581519126892,0.19068509340286255,0.0,0.2475072741508484,0.3452998995780945,26,0,Short
sub001-ses04-block4-game2_000::b0205,test/sub001/ses-04/sub001-ses04-block4-game2_000.npy,sub001,04,4,2,000,3981,4006,3980,4007,26,200667,201859,201907,1,1.1777629848135165,0.8283887684444275,1.1001522289883816,0.1201912534252898,0.5048546850145765,0.5513446298802949,1.4203945398330688,0.0,0.0,0.5466170907020569,0.0,0.0,26,1,Long
sub001-ses04-block4-game2_000::b0206,test/sub001/ses-04/sub001-ses04-block4-game2_000.npy,sub001,04,4,2,000,4014,4046,4013,4047,33,202227,203793,203846,3,1.3058769793092093,1.420362263358185,0.921890606136624,0.25072389451757,0.27909188694636006,0.5050912296611889,0.0,0.0,0.11475610733032227,0.0,0.0,0.8982362747192383,26,1,Long
sub001-ses04-block4-game2_000::b0207,test/sub001/ses-04/sub001-ses04-block4-game2_000.npy,sub001,04,4,2,000,4083,4102,4082,4103,20,205670,206604,206652,2,1.1930643808140586,1.507560760878019,0.6222833365919306,0.3876237400579845,0.19163542530479824,0.7062633824578208,0.1481364369392395,0.06149792671203613,0.0,0.5776910781860352,0.0,0.0,26,0,Short
sub001-ses04-block4-game2_000::b0208,test/sub001/ses-04/sub001-ses04-block4-game2_000.npy,sub001,04,4,2,000,4120,4122,4119,4123,3,207504,207612,207674,3,1.0787374026745695,0.6532212194969954,0.38813639853727144,0.34235815261178776,0.6435074083978845,0.8830751466923956,0.0,0.0,0.01968366652727127,0.0,0.0,0.045889873057603836,26,0,Short
sub001-ses04-block4-game2_000::b0209,test/sub001/ses-04/sub001-ses04-block4-game2_000.npy,sub001,04,4,2,000,4157,4260,4156,4261,104,209784,215996,216054,2,1.0138785871913858,0.8980398018532707,0.6447028495407717,0.3536763560778809,0.4370273812107936,0.7602869951144038,0.0,0.005202945321798325,0.398090124130249,0.02352288644760847,0.01001165434718132,0.25486093759536743,26,1,Long
sub001-ses04-block4-game2_001::b0001,test/sub001/ses-04/sub001-ses04-block4-game2_001.npy,sub001,04,4,2,001,68,96,67,97,29,3516,4945,4999,2,0.8124386888598957,0.8854490291908251,0.6858409526119846,0.3420105329000376,0.26670124646726084,0.7431034961186054,0.0,0.0,0.054804325103759766,0.0,0.0,0.05375027656555176,26,1,Long
sub001-ses04-block4-game2_001::b0002,test/sub001/ses-04/sub001-ses04-block4-game2_001.npy,sub001,04,4,2,001,101,125,100,126,25,5202,6422,6476,2,0.8546257403154754,0.8171607474690025,0.6396800891725206,0.25562832486864684,0.4378085876886003,0.7751596628414192,2.632030725479126,2.6835789680480957,0.6165242195129395,0.0,0.008792877197265625,1.2394232749938965,26,0,Short
sub001-ses04-block4-game2_001::b0003,test/sub001/ses-04/sub001-ses04-block4-game2_001.npy,sub001,04,4,2,001,133,147,132,148,15,6836,7547,7598,1,0.7181341609415787,0.6767111429495452,0.8154635191329155,0.5580394560522405,0.5840766179946879,0.5958246937170818,0.1187124252319336,3.504120111465454,0.0,0.45133304595947266,0.0,0.0,26,0,Short
sub001-ses04-block4-game2_001::b0004,test/sub001/ses-04/sub001-ses04-block4-game2_001.npy,sub001,04,4,2,001,153,167,152,168,15,7860,8573,8625,2,0.8873515189522803,0.9361073234893799,0.7781699954250065,0.46774756932641426,0.3950069826264325,0.6428748997737685,0.03464984893798828,4.510560989379883,3.546914577484131,0.1409015655517578,0.771730899810791,0.3973960876464844,26,0,Short
sub001-ses04-block4-game2_001::b0005,test/sub001/ses-04/sub001-ses04-block4-game2_001.npy,sub001,04,4,2,001,188,219,187,220,32,9630,11154,11200,1,0.6715523316497222,0.6315643493915107,0.925135403394792,0.5943664690341346,0.6532469810480133,0.5838011259803513,3.8010871410369873,0.0,0.0,1.4597551822662354,0.0,0.0,26,1,Long
sub001-ses04-block4-game2_001::b0006,test/sub001/ses-04/sub001-ses04-block4-game2_001.npy,sub001,04,4,2,001,226,237,225,238,12,11512,12077,12131,1,0.8852725592939028,0.8384809165495288,0.760868674555824,0.44344105746013446,0.4983126427194252,0.6242733744039188,0.19260931015014648,4.141360759735107,0.07232666015625,0.35649728775024414,0.20491361618041992,0.0,26,0,Short
sub001-ses04-block4-game2_001::b0007,test/sub001/ses-04/sub001-ses04-block4-game2_001.npy,sub001,04,4,2,001,242,248,241,249,7,12337,12634,12683,1,0.8720491794450096,0.7883996651256155,0.8090962140388813,0.4422530751039068,0.48630878483328377,0.5520357442376519,0.3084111213684082,3.5278561115264893,4.099149703979492,0.42255306243896484,0.0,0.0,26,0,Short
sub001-ses04-block4-game2_001::b0008,test/sub001/ses-04/sub001-ses04-block4-game2_001.npy,sub001,04,4,2,001,254,257,253,258,4,12952,13106,13158,1,0.8156565270554955,0.8245954144058764,0.8893797306139267,0.3899569404565182,0.4421812712776538,0.42546707254542987,0.2968263626098633,0.2810947895050049,0.0,0.0,0.15191245079040527,0.0,26,0,Short
sub001-ses04-block4-game2_001::b0009,test/sub001/ses-04/sub001-ses04-block4-game2_001.npy,sub001,04,4,2,001,270,274,269,275,5,13818,14029,14079,1,0.8718401029262837,0.7732842903121948,0.8140852070505212,0.4318896036872408,0.5176815796188453,0.5545942126765837,4.4286627769470215,0.0,4.505091190338135,0.0,0.0,0.0,26,0,Short
sub001-ses04-block4-game2_001::b0010,test/sub001/ses-04/sub001-ses04-block4-game2_001.npy,sub001,04,4,2,001,286,290,285,291,5,14666,14870,14919,1,0.8161247196964566,0.780472965640959,0.9571349467910625,0.4670992163242357,0.5229618560311468,0.4501559721312304,4.471042633056641,4.033163070678711,0.2739543914794922,0.0,0.0,0.119293212890625,26,0,Short
sub001-ses04-block4-game2_001::b0011,test/sub001/ses-04/sub001-ses04-block4-game2_001.npy,sub001,04,4,2,001,295,297,294,298,3,15144,15247,15297,1,0.8161314446282097,0.7661778562650148,1.034708170876638,0.46818119457218954,0.5181974256797431,0.4917721199418231,0.0412755012512207,0.23734188079833984,0.03224468231201172,0.5533585548400879,0.4306182861328125,0.8402767181396484,26,0,Short
sub001-ses04-block4-game2_001::b0012,test/sub001/ses-04/sub001-ses04-block4-game2_001.npy,sub001,04,4,2,001,302,304,301,305,3,15514,15616,15668,1,0.8004773897183218,0.8505391853918556,1.0671113241685148,0.5237014892353371,0.4618492227926266,0.31562708672389433,0.28432321548461914,4.774750232696533,0.17778253555297852,0.5230326652526855,0.22053956985473633,0.925900936126709,26,0,Short
sub001-ses04-block4-game2_001::b0013,test/sub001/ses-04/sub001-ses04-block4-game2_001.npy,sub001,04,4,2,001,310,311,309,312,2,15945,15998,16053,1,0.9093970937816638,0.8065876198496293,0.879415661063708,0.46946838257254164,0.5417614573286229,0.4183392177557053,4.348118305206299,4.508432388305664,0.0,0.3157958984375,0.5787572860717773,0.0,26,0,Short
sub001-ses04-block4-game2_001::b0014,test/sub001/ses-04/sub001-ses04-block4-game2_001.npy,sub001,04,4,2,001,318,325,317,326,8,16364,16719,16774,1,0.7933930338598988,0.8598545154280988,0.8885349535149716,0.4916254539505589,0.49873082315850426,0.48817336982599097,4.008946418762207,4.069931507110596,0.25713491439819336,0.0,0.0,0.8796048164367676,26,0,Short
sub001-ses04-block4-game2_001::b0015,test/sub001/ses-04/sub001-ses04-block4-game2_001.npy,sub001,04,4,2,001,332,334,331,335,3,17095,17201,17255,1,0.8564652635683505,0.8212461321581973,0.9549892006749494,0.4414379953498262,0.4927843140414483,0.39137038490211,4.188594818115234,4.1046833992004395,0.47807931900024414,0.0,0.0,0.35230350494384766,26,0,Short
sub001-ses04-block4-game2_001::b0016,test/sub001/ses-04/sub001-ses04-block4-game2_001.npy,sub001,04,4,2,001,340,342,339,343,3,17532,17631,17682,1,0.8216272796887342,0.763473652626076,0.8984854287035826,0.43729312722698693,0.5285455962549078,0.4371059658337102,0.0378575325012207,0.0411992073059082,0.05696249008178711,0.0,0.7224330902099609,0.0,26,0,Short
sub001-ses04-block4-game2_001::b0017,test/sub001/ses-04/sub001-ses04-block4-game2_001.npy,sub001,04,4,2,001,348,351,347,352,4,17934,18083,18134,1,0.8995242730585021,0.8068550581452263,1.0103346687715054,0.4795648518400997,0.4980464747009614,0.3716450107907604,0.0,4.11294412612915,0.0,0.0,0.14713001251220703,0.0,26,0,Short
sub001-ses04-block4-game2_001::b0018,test/sub001/ses-04/sub001-ses04-block4-game2_001.npy,sub001,04,4,2,001,356,361,355,362,6,18346,18607,18661,3,0.822945422191519,0.8295136401755205,1.0392075874848428,0.5053487118795743,0.4696106848407152,0.2520660846423314,0.037178993225097656,0.0,0.10176753997802734,0.3269639015197754,0.0,0.28209495544433594,26,0,Short
sub001-ses04-block4-game2_001::b0019,test/sub001/ses-04/sub001-ses04-block4-game2_001.npy,sub001,04,4,2,001,410,415,409,416,6,21297,21567,21622,1,1.060793579900535,0.9859565037339153,1.1130165771093308,0.4691539613199802,0.5697243408918388,0.3690840809748621,5.062160491943359,0.0,0.0656747817993164,0.2913532257080078,0.0,0.0,26,0,Short
sub001-ses04-block4-game2_001::b0020,test/sub001/ses-04/sub001-ses04-block4-game2_001.npy,sub001,04,4,2,001,424,427,423,428,4,22066,22223,22278,1,0.7969571736273,0.8610932940005362,0.8821238835490359,0.5459343278740341,0.5039341533148719,0.407626424730569,0.1999192237854004,0.5299654006958008,4.881121635437012,0.03297710418701172,0.1655139923095703,0.5137524604797363,26,0,Short
sub001-ses04-block4-game2_001::b0021,test/sub001/ses-04/sub001-ses04-block4-game2_001.npy,sub001,04,4,2,001,435,436,434,437,2,22677,22732,22783,1,0.7508823865197474,0.7594492009994922,1.0910420980417972,0.5958317951854315,0.5739842201569214,0.16928313973405096,0.21625041961669922,4.193634033203125,0.2306828498840332,0.03428077697753906,0.23633813858032227,0.0586247444152832,26,0,Short
sub001-ses04-block4-game2_001::b0022,test/sub001/ses-04/sub001-ses04-block4-game2_001.npy,sub001,04,4,2,001,441,443,440,444,3,23001,23110,23161,1,0.7951587950212973,0.7521793634699581,0.9866396804256291,0.5416402064233922,0.5503671667055634,0.34589556893470763,0.12072896957397461,4.7521538734436035,4.253955841064453,0.2983393669128418,0.6542453765869141,0.0,26,0,Short
sub001-ses04-block4-game2_001::b0023,test/sub001/ses-04/sub001-ses04-block4-game2_001.npy,sub001,04,4,2,001,449,452,448,453,4,23423,23575,23624,1,0.873878402330249,0.8193332927935174,1.3153915170582187,0.47356123112961285,0.5079949599131897,0.17352781448170934,4.424977779388428,4.7325119972229,3.900193214416504,0.43404245376586914,0.8157863616943359,0.0,26,0,Short
sub001-ses04-block4-game2_001::b0024,test/sub001/ses-04/sub001-ses04-block4-game2_001.npy,sub001,04,4,2,001,457,460,456,461,4,23840,23989,24041,1,0.909940787651333,0.8958239355168093,1.1223859684282558,0.4468364012824121,0.4454323320643597,0.3976235186615608,0.8912875652313232,4.09288215637207,4.574514389038086,0.45791006088256836,0.0,0.4248485565185547,26,0,Short
sub001-ses04-block4-game2_001::b0025,test/sub001/ses-04/sub001-ses04-block4-game2_001.npy,sub001,04,4,2,001,465,468,464,469,4,24256,24403,24455,1,0.8113838655307177,0.8378065166383212,1.2128162385222376,0.5564084837782491,0.4917223209803119,0.24822439424976944,3.931731939315796,0.02994680404663086,4.511809349060059,0.0,0.30048608779907227,0.5233292579650879,26,0,Short
sub001-ses04-block4-game2_001::b0026,test/sub001/ses-04/sub001-ses04-block4-game2_001.npy,sub001,04,4,2,001,474,476,473,477,3,24727,24834,24886,1,0.7871270669525612,0.8926084407982288,0.9799672370620266,0.5444621882460479,0.4980033198887034,0.3227758418664938,4.416303634643555,0.10540509223937988,0.04166412353515625,0.4729900360107422,0.0,0.7905211448669434,26,0,Short
sub001-ses04-block4-game2_001::b0027,test/sub001/ses-04/sub001-ses04-block4-game2_001.npy,sub001,04,4,2,001,482,484,481,485,3,25153,25257,25308,1,0.7167903143860607,0.8339523071601485,1.191919012205189,0.5957753205210549,0.5217942781908319,0.09170060292671284,0.18456792831420898,3.526717185974121,0.30541515350341797,0.8470168113708496,0.0,0.8273851871490479,26,0,Short
sub001-ses04-block4-game2_001::b0028,test/sub001/ses-04/sub001-ses04-block4-game2_001.npy,sub001,04,4,2,001,490,493,489,494,4,25568,25728,25781,1,0.7156897551342889,0.8875189696683062,1.1798479614031139,0.5798914044393304,0.5363297322595939,0.26705431624709747,4.3545308113098145,3.611896514892578,0.1129765510559082,0.391995906829834,0.0,0.0,26,0,Short
sub001-ses04-block4-game2_001::b0029,test/sub001/ses-04/sub001-ses04-block4-game2_001.npy,sub001,04,4,2,001,498,501,497,502,4,25992,26145,26200,1,0.7791008953497917,0.8426374233615873,1.1295418664517591,0.5736966083377011,0.5260058340973159,0.1793611921729032,0.9439971446990967,0.38260650634765625,3.599745273590088,0.5491347312927246,0.0,0.0,26,0,Short
sub001-ses04-block4-game2_001::b0030,test/sub001/ses-04/sub001-ses04-block4-game2_001.npy,sub001,04,4,2,001,507,509,506,510,3,26464,26567,26617,1,0.7802745163289577,0.7913308634118631,1.1897717010082904,0.537128742774952,0.5408660445625969,0.32494103951248005,3.995181083679199,0.01743793487548828,0.0,0.31973695755004883,0.0,0.0,26,0,Short
sub001-ses04-block4-game2_001::b0031,test/sub001/ses-04/sub001-ses04-block4-game2_001.npy,sub001,04,4,2,001,515,517,514,518,3,26880,26984,27034,1,0.9612697218769262,0.8132352248971608,1.1099680355479564,0.48785773628279794,0.5465605241392902,0.24478491419015763,3.545093059539795,0.04120016098022461,0.12769722938537598,0.0,0.28334903717041016,0.05642223358154297,26,0,Short
sub001-ses04-block4-game2_001::b0032,test/sub001/ses-04/sub001-ses04-block4-game2_001.npy,sub001,04,4,2,001,524,526,523,527,3,27358,27462,27519,1,0.7756961886002872,0.7864941629072335,1.0228255581582866,0.5709251726074739,0.49448228905666936,0.3802780848627909,0.015831470489501953,0.0,0.8600711822509766,0.5644893646240234,0.0,0.0,26,0,Short
sub001-ses04-block4-game2_001::b0033,test/sub001/ses-04/sub001-ses04-block4-game2_001.npy,sub001,04,4,2,001,533,579,532,580,47,27841,30242,30297,2,0.8244415180492578,0.8544142263728849,0.9742125016617394,0.4929053471262723,0.5326375459639907,0.5488712761743444,3.9466776847839355,3.7054147720336914,0.7277975082397461,0.0,0.2568628787994385,0.6031303405761719,26,1,Long
sub001-ses04-block4-game2_001::b0034,test/sub001/ses-04/sub001-ses04-block4-game2_001.npy,sub001,04,4,2,001,650,655,649,656,6,33890,34149,34196,1,0.4036344133847891,0.4261747079727099,0.8922460377141987,0.8307327383639178,0.8256589563307573,0.5454053126828919,3.7827279567718506,4.0903239250183105,0.42762279510498047,0.0,0.0,0.0,26,0,Short
sub001-ses04-block4-game2_001::b0035,test/sub001/ses-04/sub001-ses04-block4-game2_001.npy,sub001,04,4,2,001,662,671,661,672,10,34513,34962,35011,2,1.0747197921386888,0.8053373039093139,0.9300232349883307,0.3712149520333846,0.5149540920387791,0.5519447545136197,0.0,0.0027952194213867188,0.09408116340637207,0.0,0.0,0.0,26,0,Short
sub001-ses04-block4-game2_001::b0036,test/sub001/ses-04/sub001-ses04-block4-game2_001.npy,sub001,04,4,2,001,714,725,713,726,12,37173,37734,37788,2,0.9911715349983287,1.253597774702639,1.0043216755807323,0.43727587236852505,0.15785441283932272,0.2015857667300504,0.1504526138305664,5.2490081787109375,1.2259211540222168,1.1596159934997559,0.6807422637939453,0.6808376312255859,26,0,Short
sub001-ses04-block4-game2_001::b0037,test/sub001/ses-04/sub001-ses04-block4-game2_001.npy,sub001,04,4,2,001,772,787,771,788,16,40086,40843,40894,1,0.6166331237101798,0.559315072314424,0.9770087228431578,0.6398030304178101,0.7115860581780783,0.3813720306182774,3.932528018951416,0.0,0.05716657638549805,0.0,0.0,0.10236787796020508,26,0,Short
sub001-ses04-block4-game2_001::b0038,test/sub001/ses-04/sub001-ses04-block4-game2_001.npy,sub001,04,4,2,001,794,814,793,815,21,41200,42210,42260,2,0.8408008554440871,0.8160694139092367,1.2319269040618674,0.4353646890625966,0.4848340638391524,0.155593633104675,0.0,4.257363319396973,0.0,0.0,0.0,0.0,26,0,Short
sub001-ses04-block4-game2_001::b0039,test/sub001/ses-04/sub001-ses04-block4-game2_001.npy,sub001,04,4,2,001,843,900,842,901,58,43585,46358,46408,1,0.7505327410328055,0.7594887108475609,0.9680040950800053,0.5640930919192277,0.5486135674475228,0.24831399928425452,0.05803346633911133,0.08566427230834961,0.0,0.6134319305419922,0.3932785987854004,0.0,26,1,Long
sub001-ses04-block4-game2_001::b0040,test/sub001/ses-04/sub001-ses04-block4-game2_001.npy,sub001,04,4,2,001,916,919,915,920,4,47137,47282,47332,1,0.8442530809850943,0.9749616099098072,1.0804284581585126,0.49445938721579197,0.4015423273695904,0.051531952571558626,0.0,0.0,0.0,0.0,0.0,0.0,26,0,Short
sub001-ses04-block4-game2_001::b0041,test/sub001/ses-04/sub001-ses04-block4-game2_001.npy,sub001,04,4,2,001,924,931,923,932,8,47530,47866,47915,1,0.7294195205797268,0.7537899259283071,1.033171365227948,0.5813295003831677,0.5926786278179867,0.1986618614984879,0.0,0.36696720123291016,0.5894210338592529,0.0,0.616328239440918,0.11000299453735352,26,0,Short
sub001-ses04-block4-game2_001::b0042,test/sub001/ses-04/sub001-ses04-block4-game2_001.npy,sub001,04,4,2,001,939,943,938,944,5,48260,48449,48499,1,0.7991882000669787,0.7747463980217864,1.028415776880853,0.5559339817583413,0.5955005150003264,0.144092145578749,0.0399479866027832,0.18315935134887695,4.405035018920898,0.22597503662109375,0.4221005439758301,0.19771909713745117,26,0,Short
sub001-ses04-block4-game2_001::b0043,test/sub001/ses-04/sub001-ses04-block4-game2_001.npy,sub001,04,4,2,001,948,951,947,952,4,48694,48838,48886,1,0.7624397307543949,0.7432821136994225,1.0538991337603925,0.6001880799980452,0.5974082547990415,0.013257913786812126,4.6266279220581055,4.330628395080566,0.0962991714477539,0.58697509765625,0.4080691337585449,0.5970206260681152,26,0,Short
sub001-ses04-block4-game2_001::b0044,test/sub001/ses-04/sub001-ses04-block4-game2_001.npy,sub001,04,4,2,001,957,959,956,960,3,49145,49241,49286,1,0.7411772123132045,0.7322633479255992,1.0349487316297448,0.6121427597680005,0.603064894570811,0.36226614541460367,4.6392436027526855,0.0,4.133245944976807,0.8573465347290039,0.0,1.1131839752197266,26,0,Short
sub001-ses04-block4-game2_001::b0045,test/sub001/ses-04/sub001-ses04-block4-game2_001.npy,sub001,04,4,2,001,972,977,971,978,6,49890,50125,50171,1,0.8229640444923626,0.8641914167350493,1.1400151926078017,0.47437010332461227,0.5025232460218785,0.08450871197621529,0.0,4.119094371795654,3.5296642780303955,0.0,0.9697721004486084,0.5221462249755859,26,0,Short
sub001-ses04-block4-game2_001::b0046,test/sub001/ses-04/sub001-ses04-block4-game2_001.npy,sub001,04,4,2,001,984,987,983,988,4,50461,50610,50657,1,0.8862268278298437,0.9588765995128276,1.1661046818251684,0.49789199851694627,0.3501753856450776,0.23942629105321428,0.11123871803283691,0.0,0.19977855682373047,0.0,0.0,0.26561737060546875,26,0,Short
sub001-ses04-block4-game2_001::b0047,test/sub001/ses-04/sub001-ses04-block4-game2_001.npy,sub001,04,4,2,001,993,1005,992,1006,13,50908,51484,51534,1,0.8914968994456729,0.9859312877248974,1.0484512353040112,0.48630404194365284,0.3979209872816872,0.33130388301059976,0.8120331764221191,0.31656646728515625,3.6423346996307373,0.8791904449462891,0.15129971504211426,0.35681843757629395,26,0,Short
sub001-ses04-block4-game2_001::b0048,test/sub001/ses-04/sub001-ses04-block4-game2_001.npy,sub001,04,4,2,001,1015,1019,1014,1020,5,51975,52170,52219,3,0.8928132420913298,0.9241151004517618,1.0772683041972084,0.49488218983538024,0.40036623387134795,0.2727379221901575,0.012864351272583008,0.0,0.0,0.0,0.0,0.0,26,0,Short
sub001-ses04-block4-game2_001::b0049,test/sub001/ses-04/sub001-ses04-block4-game2_001.npy,sub001,04,4,2,001,1033,1058,1032,1059,26,52864,54078,54127,2,0.3262109636304891,0.28551816631412397,0.9972713750862904,0.8878766220803576,0.9017607607980964,0.4755798458092845,3.5234196186065674,3.588331699371338,0.0,0.0,0.0,0.0,26,1,Long
sub001-ses04-block4-game2_001::b0050,test/sub001/ses-04/sub001-ses04-block4-game2_001.npy,sub001,04,4,2,001,1068,1073,1067,1074,6,54560,54798,54844,3,0.8705460517292152,0.6085654039994924,1.0444613429818022,0.5837755126073723,0.733921903159937,0.2388676781982031,0.3710308074951172,0.0,3.857759475708008,0.5973362922668457,0.0,0.09262347221374512,26,0,Short
sub001-ses04-block4-game2_001::b0051,test/sub001/ses-04/sub001-ses04-block4-game2_001.npy,sub001,04,4,2,001,1102,1117,1101,1118,16,56262,57012,57064,2,0.538443386482697,0.42290281312312583,0.9905811372783291,0.7638495000431622,0.8456703952034756,0.5331507807791194,3.8064022064208984,4.023425102233887,0.15371417999267578,0.0,0.33845996856689453,0.7016000747680664,26,0,Short
sub001-ses04-block4-game2_001::b0052,test/sub001/ses-04/sub001-ses04-block4-game2_001.npy,sub001,04,4,2,001,1130,1141,1129,1142,12,57673,58230,58278,2,0.48266461118072657,0.3546232042778567,0.8781724826195548,0.7944301808106041,0.8800858777074204,0.5745437664024073,0.13028740882873535,4.0852155685424805,0.04193878173828125,0.0,0.22977685928344727,0.0576014518737793,26,0,Short
sub001-ses04-block4-game2_001::b0053,test/sub001/ses-04/sub001-ses04-block4-game2_001.npy,sub001,04,4,2,001,1179,1179,1178,1180,1,60160,60160,60212,1,0.8715990779089015,0.7047984358131075,1.050883602434713,0.516952018595493,0.6870701534955778,0.14065902566441552,0.14494037628173828,4.484474182128906,0.4203305244445801,0.7205953598022461,0.13033390045166016,0.19817018508911133,26,0,Short
sub001-ses04-block4-game2_001::b0054,test/sub001/ses-04/sub001-ses04-block4-game2_001.npy,sub001,04,4,2,001,1186,1189,1185,1190,4,60518,60679,60733,1,0.7576267786333273,0.9053911155695852,1.0524984771075252,0.6021696512052211,0.5247005622501805,0.29233025389534545,0.10192728042602539,5.1361188888549805,4.659165859222412,0.38816070556640625,0.5876469612121582,0.4163675308227539,26,0,Short
sub001-ses04-block4-game2_001::b0055,test/sub001/ses-04/sub001-ses04-block4-game2_001.npy,sub001,04,4,2,001,1194,1197,1193,1198,4,60952,61113,61164,1,0.6744986526735008,0.9585739194203503,1.0813821776460721,0.6168002140499024,0.5028746815944953,0.07178784098032692,0.027248144149780273,0.20026254653930664,4.7613205909729,0.0,0.13872051239013672,0.5912637710571289,26,0,Short
sub001-ses04-block4-game2_001::b0056,test/sub001/ses-04/sub001-ses04-block4-game2_001.npy,sub001,04,4,2,001,1202,1207,1201,1208,6,61376,61638,61689,1,0.7950264767657438,0.8091536878618745,1.0888824095358844,0.5111633536110047,0.5786707153279852,0.2100620448980205,0.0,0.1492753028869629,0.4568901062011719,0.0,0.37566280364990234,0.4808516502380371,26,0,Short
sub001-ses04-block4-game2_001::b0057,test/sub001/ses-04/sub001-ses04-block4-game2_001.npy,sub001,04,4,2,001,1211,1215,1210,1216,5,61843,62048,62104,1,0.7946177636949443,0.7599196674354688,0.9004207958378065,0.5854339961498779,0.5313578353628953,0.21423136358193212,4.658746242523193,4.4757890701293945,0.03469371795654297,0.046930789947509766,0.0,0.6575398445129395,26,0,Short
sub001-ses04-block4-game2_001::b0058,test/sub001/ses-04/sub001-ses04-block4-game2_001.npy,sub001,04,4,2,001,1227,1229,1226,1230,3,62693,62795,62848,1,0.8328568984400996,0.8554500582882804,0.9516378646484783,0.5754630908252509,0.5165084145693659,0.1620384811058977,0.0,4.880973815917969,0.028538227081298828,0.0,0.4305758476257324,0.8498754501342773,26,0,Short
sub001-ses04-block4-game2_001::b0059,test/sub001/ses-04/sub001-ses04-block4-game2_001.npy,sub001,04,4,2,001,1236,1240,1235,1241,5,63178,63390,63438,1,0.803410620084356,0.8330821881316508,0.991577130557891,0.5974669673020846,0.5445551996531328,0.1521874681757096,5.018104553222656,4.604048728942871,4.946247577667236,0.5641288757324219,0.4720907211303711,0.5454411506652832,26,0,Short
sub001-ses04-block4-game2_001::b0060,test/sub001/ses-04/sub001-ses04-block4-game2_001.npy,sub001,04,4,2,001,1248,1251,1247,1252,4,63814,63963,64016,1,0.8308806997221552,1.047069485812918,1.0399998574590161,0.5823158637384833,0.03699746271153648,0.1312563061322305,0.04068613052368164,0.05169057846069336,5.198782444000244,0.4803438186645508,0.520082950592041,0.5223245620727539,26,0,Short
sub001-ses04-block4-game2_001::b0061,test/sub001/ses-04/sub001-ses04-block4-game2_001.npy,sub001,04,4,2,001,1257,1259,1256,1260,3,64279,64381,64429,1,0.7817096753069402,0.8054054994969464,0.9727813291720819,0.4919571374013201,0.5404934103072039,0.0015329608722560173,5.003111839294434,0.0,0.13578081130981445,0.22109317779541016,0.0,0.47963809967041016,26,0,Short
sub001-ses04-block4-game2_001::b0062,test/sub001/ses-04/sub001-ses04-block4-game2_001.npy,sub001,04,4,2,001,1265,1273,1264,1274,9,64687,65098,65145,1,0.8033446512144915,0.732522419746559,1.251482641938678,0.5114140578162499,0.6014255029133192,0.030138740859593283,0.0,3.6027114391326904,0.022652626037597656,0.0,0.0,0.25058460235595703,26,0,Short
sub001-ses04-block4-game2_001::b0063,test/sub001/ses-04/sub001-ses04-block4-game2_001.npy,sub001,04,4,2,001,1281,1284,1280,1285,4,65496,65649,65697,1,0.7086317321244188,0.7977394168706171,1.1222532063501884,0.634326344106976,0.5488935196672977,0.06534353452831715,0.11209964752197266,0.0,0.07471895217895508,0.6685655117034912,0.0,0.8578095436096191,26,0,Short
sub001-ses04-block4-game2_001::b0064,test/sub001/ses-04/sub001-ses04-block4-game2_001.npy,sub001,04,4,2,001,1290,1292,1289,1293,3,65958,66056,66104,1,0.8194491064646814,0.7164384180918438,1.0137325547983416,0.5362117272835996,0.6362719318619533,0.006804283238632081,0.0,0.0,0.2569136619567871,0.0,0.0,0.5134601593017578,26,0,Short
sub001-ses04-block4-game2_001::b0065,test/sub001/ses-04/sub001-ses04-block4-game2_001.npy,sub001,04,4,2,001,1299,1301,1298,1302,3,66401,66495,66543,1,0.789972939341884,0.7815195861384767,1.1512505367532306,0.5636223648320189,0.5602112122610478,0.01421630536877988,4.308135032653809,0.4273262023925781,0.7006649971008301,0.4031805992126465,1.0431358814239502,0.6996629238128662,26,0,Short
sub001-ses04-block4-game2_001::b0066,test/sub001/ses-04/sub001-ses04-block4-game2_001.npy,sub001,04,4,2,001,1307,1309,1306,1310,3,66790,66888,66937,1,0.9438715348902635,0.7797145453008951,1.110767644948003,0.5180898693026783,0.5717221517015977,0.02018936146430028,4.214872360229492,4.111677169799805,0.0,0.5383024215698242,0.3429994583129883,0.0,26,0,Short
sub001-ses04-block4-game2_001::b0067,test/sub001/ses-04/sub001-ses04-block4-game2_001.npy,sub001,04,4,2,001,1315,1317,1314,1318,3,67183,67280,67327,1,0.8172096788310924,0.8158241159942385,1.2457674203906879,0.5395394362438316,0.5300561304118978,0.09234216207729351,0.30719709396362305,4.041565418243408,0.0,0.6243438720703125,0.8747358322143555,0.0,26,0,Short
sub001-ses04-block4-game2_001::b0068,test/sub001/ses-04/sub001-ses04-block4-game2_001.npy,sub001,04,4,2,001,1324,1327,1323,1328,4,67631,67777,67828,1,0.8320192786313899,0.8030645388765782,1.0910662773382958,0.5520271379098907,0.5372354423439385,0.04246401206155703,0.5276772975921631,0.0,0.05614423751831055,1.0640869140625,0.0,0.20067930221557617,26,0,Short
sub001-ses04-block4-game2_001::b0069,test/sub001/ses-04/sub001-ses04-block4-game2_001.npy,sub001,04,4,2,001,1332,1333,1331,1334,2,68024,68073,68124,3,0.8675022023825025,0.8950805775453671,1.0281877578335217,0.4983859081051446,0.5186535718246835,0.30062901826177385,3.671241044998169,0.34233903884887695,3.984811782836914,0.0,0.12106895446777344,0.47879934310913086,26,0,Short
sub001-ses04-block4-game2_001::b0070,test/sub001/ses-04/sub001-ses04-block4-game2_001.npy,sub001,04,4,2,001,1378,1381,1377,1382,4,70328,70468,70514,1,1.1069543060721814,0.9128120999035289,1.1975086263828023,0.4867527596588784,0.6036268119404202,0.22599825500298498,0.12985444068908691,0.670966625213623,3.895336627960205,0.17240667343139648,0.2715301513671875,0.42077112197875977,26,0,Short
sub001-ses04-block4-game2_001::b0071,test/sub001/ses-04/sub001-ses04-block4-game2_001.npy,sub001,04,4,2,001,1387,1391,1386,1392,5,70766,70958,71006,1,0.9102399898101473,0.9278905133599846,1.2185728687487105,0.4936193116972246,0.49434662510806104,0.29079800789210625,0.19496417045593262,0.0,0.0,0.0,0.0,0.0,26,0,Short
sub001-ses04-block4-game2_001::b0072,test/sub001/ses-04/sub001-ses04-block4-game2_001.npy,sub001,04,4,2,001,1396,1397,1395,1398,2,71207,71257,71303,3,0.86016355705891,1.000931321393426,1.1244036663075343,0.5208880720816063,0.40124205530015133,0.3612811058475485,0.33819580078125,3.1322619915008545,0.041498422622680664,0.4073753356933594,0.0,0.8278646469116211,26,0,Short
sub001-ses04-block4-game2_001::b0073,test/sub001/ses-04/sub001-ses04-block4-game2_001.npy,sub001,04,4,2,001,1450,1453,1449,1454,4,73866,74002,74049,1,0.47004473505944594,0.5734260746588796,1.1320487727478161,0.8190465662560095,0.7572390259392597,0.3995456577956663,0.0,0.0,0.0,0.0,0.0,0.0,26,0,Short
sub001-ses04-block4-game2_001::b0074,test/sub001/ses-04/sub001-ses04-block4-game2_001.npy,sub001,04,4,2,001,1458,1465,1457,1466,8,74248,74599,74651,1,0.9220649408465458,1.0368566395050025,1.3088860242188025,0.4639096618414381,0.38615620578404874,0.16246158870915578,4.4541215896606445,3.993351459503174,0.7496657371520996,0.35832643508911133,0.0,0.3664207458496094,26,0,Short
sub001-ses04-block4-game2_001::b0075,test/sub001/ses-04/sub001-ses04-block4-game2_001.npy,sub001,04,4,2,001,1471,1475,1470,1476,5,74914,75108,75159,1,1.005912190606296,0.9009189870935306,0.8948328959575951,0.4197090318372273,0.4788341759007384,0.48268896676723366,0.14042997360229492,4.72055196762085,0.14956116676330566,0.0,0.42967987060546875,0.0,26,0,Short
sub001-ses04-block4-game2_001::b0076,test/sub001/ses-04/sub001-ses04-block4-game2_001.npy,sub001,04,4,2,001,1481,1484,1480,1485,4,75413,75562,75613,1,0.9274739140980099,0.9156257146207751,0.8516297138492046,0.48338135974060004,0.4551114001371528,0.5516035880474489,4.085849761962891,0.0,3.808507204055786,0.4429464340209961,0.0,0.0,26,0,Short
sub001-ses04-block4-game2_001::b0077,test/sub001/ses-04/sub001-ses04-block4-game2_001.npy,sub001,04,4,2,001,1491,1493,1490,1494,3,75922,76016,76067,1,0.970500336058931,0.9270762115514892,0.9614567419437132,0.4133961449518468,0.4450307572985529,0.5125437990281462,0.0,3.86110782623291,3.7030692100524902,0.0,0.38087987899780273,0.0753016471862793,26,0,Short
sub001-ses04-block4-game2_001::b0078,test/sub001/ses-04/sub001-ses04-block4-game2_001.npy,sub001,04,4,2,001,1500,1501,1499,1502,2,76364,76408,76454,3,0.9533506855914567,1.0569609839936382,1.1107106519679244,0.4181033814613254,0.34978289658758555,0.47899398620949674,3.4567043781280518,0.0,0.0,0.7293930053710938,0.0,0.0,26,0,Short
sub001-ses04-block4-game2_001::b0079,test/sub001/ses-04/sub001-ses04-block4-game2_001.npy,sub001,04,4,2,001,1514,1533,1513,1534,20,77081,78027,78075,1,0.6564124230553073,0.699526948559701,1.0514800197726908,0.6396862625425332,0.6533876263684699,0.469823775591778,3.996549367904663,0.05389881134033203,0.0,0.35973691940307617,0.3779640197753906,0.0,26,0,Short
sub001-ses04-block4-game2_001::b0080,test/sub001/ses-04/sub001-ses04-block4-game2_001.npy,sub001,04,4,2,001,1539,1541,1538,1542,3,78331,78434,78486,1,0.9026312528750475,0.9062712853646895,0.8682857541197595,0.4847810598922401,0.4473675553376898,0.5181288218083644,0.12413811683654785,4.001673698425293,0.0814366340637207,0.17820429801940918,0.1894078254699707,0.06291532516479492,26,0,Short
sub001-ses04-block4-game2_001::b0081,test/sub001/ses-04/sub001-ses04-block4-game2_001.npy,sub001,04,4,2,001,1549,1551,1548,1552,3,78848,78944,78997,1,0.9743843756693992,0.861256856349959,0.8613780983512052,0.46454777287304017,0.5567826661079263,0.5025924869628859,0.14028620719909668,3.817363977432251,0.0,0.03162980079650879,0.3907146453857422,0.0,26,0,Short
sub001-ses04-block4-game2_001::b0082,test/sub001/ses-04/sub001-ses04-block4-game2_001.npy,sub001,04,4,2,001,1565,1568,1564,1569,4,79641,79792,79840,1,0.9983625346377045,1.086025401806335,1.0892064598460611,0.3829247603971498,0.34675497759151463,0.2670904761111276,0.0,3.2728309631347656,0.19292545318603516,0.0,0.4625542163848877,0.39955902099609375,26,0,Short
sub001-ses04-block4-game2_001::b0083,test/sub001/ses-04/sub001-ses04-block4-game2_001.npy,sub001,04,4,2,001,1575,1577,1574,1578,3,80139,80232,80283,1,0.9454337835430591,0.8624121522803985,0.9597432620787906,0.4558049769185379,0.5090502328663622,0.503636648063156,3.542764663696289,3.618924856185913,0.0,0.0,0.45014524459838867,0.0,26,0,Short
sub001-ses04-block4-game2_001::b0084,test/sub001/ses-04/sub001-ses04-block4-game2_001.npy,sub001,04,4,2,001,1584,1585,1583,1586,2,80582,80633,80680,1,0.953080880844001,0.9047974984517472,0.9713151340024175,0.4667349682313477,0.47913793733086135,0.49424775561708656,0.10263895988464355,2.7416961193084717,0.0,0.4084744453430176,0.0,0.0,26,0,Short
sub001-ses04-block4-game2_001::b0085,test/sub001/ses-04/sub001-ses04-block4-game2_001.npy,sub001,04,4,2,001,1592,1595,1591,1596,4,80977,81131,81183,1,0.924640909463754,0.9501923376899671,0.9535369610328772,0.49034482656123557,0.3881848928347589,0.5130448719383345,0.10970497131347656,3.2397305965423584,2.8882651329040527,0.40845370292663574,0.2562859058380127,0.09578680992126465,26,0,Short
sub001-ses04-block4-game2_001::b0086,test/sub001/ses-04/sub001-ses04-block4-game2_001.npy,sub001,04,4,2,001,1602,1603,1601,1604,2,81484,81539,81592,1,1.0180104979317404,1.0908223966308395,0.9942402111237638,0.4565988771816844,0.3792958017225421,0.45095073241095923,2.9855852127075195,0.37120914459228516,0.6085655689239502,0.31405115127563477,0.48117733001708984,0.4119741916656494,26,0,Short
sub001-ses04-block4-game2_001::b0087,test/sub001/ses-04/sub001-ses04-block4-game2_001.npy,sub001,04,4,2,001,1610,1643,1609,1644,34,81884,83490,83539,3,1.0237908925018964,0.9761604593816414,1.1229324572308081,0.4009854942061039,0.451847948052724,0.3655844224106134,0.0,0.0,2.3650858402252197,0.0,0.0,0.16258645057678223,26,1,Long
sub001-ses04-block4-game2_001::b0088,test/sub001/ses-04/sub001-ses04-block4-game2_001.npy,sub001,04,4,2,001,1667,1669,1666,1670,3,84688,84785,84837,1,0.9387675841430784,0.9810442709121214,0.9166467924736689,0.4863769458826951,0.4445746721563984,0.5427333348772441,2.776524305343628,2.5521469116210938,0.16799640655517578,0.0,0.0,0.0,26,0,Short
sub001-ses04-block4-game2_001::b0089,test/sub001/ses-04/sub001-ses04-block4-game2_001.npy,sub001,04,4,2,001,1702,1705,1701,1706,4,86476,86625,86680,1,1.1500606123114503,1.093375681773934,1.1836279101640423,0.4159083211175121,0.4560025373901878,0.4387524974683222,0.0,2.4219136238098145,2.210618019104004,0.0,0.23394203186035156,0.0,26,0,Short
sub001-ses04-block4-game2_001::b0090,test/sub001/ses-04/sub001-ses04-block4-game2_001.npy,sub001,04,4,2,001,1712,1717,1711,1718,6,86984,87235,87285,1,1.1904649468476411,1.1425921571499529,1.282013684263558,0.3437636411819824,0.44490992413952035,0.2095786809189485,2.1469478607177734,2.1391384601593018,2.228156566619873,0.0,0.0,0.0,26,0,Short
sub001-ses04-block4-game2_001::b0091,test/sub001/ses-04/sub001-ses04-block4-game2_001.npy,sub001,04,4,2,001,1724,1730,1723,1731,7,87581,87877,87926,1,1.1427285587184595,1.097160949979346,0.9853324688101129,0.43700853693858727,0.4317218907673662,0.5324647531695063,0.050185441970825195,0.2697716951370239,1.9824248552322388,0.0,0.07081413269042969,0.0,26,0,Short
sub001-ses04-block4-game2_001::b0092,test/sub001/ses-04/sub001-ses04-block4-game2_001.npy,sub001,04,4,2,001,1736,1745,1735,1746,10,88176,88632,88683,2,1.1810818271882548,1.083802688939039,1.2325752930874023,0.3968955873650091,0.4293512686505584,0.2787798929296734,0.07565426826477051,0.2818160057067871,0.08007097244262695,0.07298636436462402,0.2642655372619629,0.0,26,0,Short
sub001-ses04-block4-game2_001::b0093,test/sub001/ses-04/sub001-ses04-block4-game2_001.npy,sub001,04,4,2,001,1778,1793,1777,1794,16,90285,91035,91083,1,0.5090420658213746,0.5716903410986127,0.8909548786091172,0.8060462911442345,0.7853150990371587,0.5902831059756498,0.06032586097717285,0.37923288345336914,0.1369163990020752,0.11669349670410156,0.7362315654754639,0.44599461555480957,26,0,Short
sub001-ses04-block4-game2_001::b0094,test/sub001/ses-04/sub001-ses04-block4-game2_001.npy,sub001,04,4,2,001,1808,1815,1807,1816,8,91798,92142,92190,2,0.5094833796992378,0.464935851470346,0.9488512643661038,0.8082028937163827,0.8342557475201554,0.5360953053541784,3.327322006225586,2.9959166049957275,0.2747008800506592,0.2642557621002197,0.5800971984863281,0.5416727066040039,26,0,Short
sub001-ses04-block4-game2_001::b0095,test/sub001/ses-04/sub001-ses04-block4-game2_001.npy,sub001,04,4,2,001,1842,1847,1841,1848,6,93504,93756,93806,1,1.0900464570285642,1.0749486347641044,0.981424776333287,0.3591101425037158,0.4369454077638276,0.4170968264103162,0.1786971092224121,0.0,0.5481603145599365,0.0,0.0,0.0,26,0,Short
sub001-ses04-block4-game2_001::b0096,test/sub001/ses-04/sub001-ses04-block4-game2_001.npy,sub001,04,4,2,001,1854,1857,1853,1858,4,94106,94256,94306,1,0.8975905466784296,0.9174578648148051,1.048116898145064,0.4972177773684666,0.473752141061712,0.43355876541732385,3.432769775390625,3.4344537258148193,0.017145872116088867,0.5864651203155518,0.05644679069519043,0.0,26,0,Short
sub001-ses04-block4-game2_001::b0097,test/sub001/ses-04/sub001-ses04-block4-game2_001.npy,sub001,04,4,2,001,1864,1867,1863,1868,4,94606,94755,94804,2,0.943136170002127,1.0610250584061145,1.1058333274667813,0.5111483728071748,0.4075422804550497,0.35837362441262594,0.024685144424438477,2.7548317909240723,2.5177247524261475,0.23360133171081543,0.0,0.0,26,0,Short
sub001-ses04-block4-game2_001::b0098,test/sub001/ses-04/sub001-ses04-block4-game2_001.npy,sub001,04,4,2,001,1884,1896,1883,1897,13,95582,96180,96225,1,0.9141213037793511,0.9957301392135908,1.1090958597580314,0.5386992744882617,0.4875773557752371,0.4371710443929377,3.5079047679901123,0.07085037231445312,0.0,0.9422762393951416,0.41568732261657715,0.0,26,0,Short
sub001-ses04-block4-game2_001::b0099,test/sub001/ses-04/sub001-ses04-block4-game2_001.npy,sub001,04,4,2,001,1904,1907,1903,1908,4,96585,96727,96777,2,0.9724167324986717,1.0341726313460342,1.1823669292190744,0.4301724582829366,0.40675283153273767,0.2998925992772189,0.0879204273223877,2.868435859680176,2.372070789337158,0.37659597396850586,0.0,0.0,26,0,Short
sub001-ses04-block4-game2_001::b0100,test/sub001/ses-04/sub001-ses04-block4-game2_001.npy,sub001,04,4,2,001,1918,1918,1917,1919,1,97248,97248,97295,1,1.1464199564579882,0.7142229009567971,1.234255187529841,0.3703241924252212,0.6837984889881159,0.26114738882833843,0.0,0.20444250106811523,2.8380510807037354,0.0,0.04615354537963867,0.15442848205566406,26,0,Short
sub001-ses04-block4-game2_001::b0101,test/sub001/ses-04/sub001-ses04-block4-game2_001.npy,sub001,04,4,2,001,1924,1927,1923,1928,4,97539,97684,97733,1,1.0707433814170404,1.1307044881377717,1.1762772988791919,0.38022527700214254,0.3316507589131382,0.36394123623981084,2.811513900756836,0.0,0.0,0.2561633586883545,0.0,0.0,26,0,Short
sub001-ses04-block4-game2_001::b0102,test/sub001/ses-04/sub001-ses04-block4-game2_001.npy,sub001,04,4,2,001,1934,1936,1933,1937,3,98036,98136,98187,3,1.086145249195373,1.1292887678200063,1.030287444016062,0.44209274320314795,0.40190157080947103,0.547930451895112,2.246077299118042,0.0,0.07345104217529297,0.043154001235961914,0.0,0.0,26,0,Short
sub001-ses04-block4-game2_001::b0103,test/sub001/ses-04/sub001-ses04-block4-game2_001.npy,sub001,04,4,2,001,1945,1959,1944,1960,15,98607,99279,99329,1,0.7359437921511984,0.68895822385733,1.1987769269609718,0.6883991685925039,0.7109825173248503,0.32897811914196107,2.450432062149048,2.048867702484131,0.0963432788848877,0.43061280250549316,0.0,0.5857381820678711,26,0,Short
sub001-ses04-block4-game2_001::b0104,test/sub001/ses-04/sub001-ses04-block4-game2_001.npy,sub001,04,4,2,001,1965,1971,1964,1972,7,99576,99872,99921,1,1.1665004744918228,1.170808727559018,1.2960337784719933,0.4034318787670643,0.41915517965471394,0.2586943651605866,0.27150750160217285,1.7956416606903076,2.213392496109009,0.6824829578399658,0.0,0.49231672286987305,26,0,Short
sub001-ses04-block4-game2_001::b0105,test/sub001/ses-04/sub001-ses04-block4-game2_001.npy,sub001,04,4,2,001,1980,1984,1979,1985,5,100334,100535,100587,2,1.083846397448225,1.0953369280356515,1.0834000912504587,0.433601286988519,0.43191212283844266,0.46649395400230464,2.394655466079712,0.0,1.9049640893936157,0.5076825618743896,0.0,0.0,26,0,Short
sub001-ses04-block4-game2_001::b0106,test/sub001/ses-04/sub001-ses04-block4-game2_001.npy,sub001,04,4,2,001,2009,2019,2008,2020,11,101797,102283,102331,1,1.0457893160608496,1.1392919440337825,1.1044608911166036,0.4418822321395083,0.33857920696556876,0.4575070684530067,0.0,1.9773616790771484,0.0,0.0,0.0,0.0,26,0,Short
sub001-ses04-block4-game2_001::b0107,test/sub001/ses-04/sub001-ses04-block4-game2_001.npy,sub001,04,4,2,001,2026,2029,2025,2030,4,102618,102768,102819,1,1.1228796268566266,1.0931247093335168,1.171173646418442,0.3972472385674005,0.4104816496663519,0.3769367553802759,0.0,0.09569954872131348,0.0,0.0,0.5172097682952881,0.0,26,0,Short
sub001-ses04-block4-game2_001::b0108,test/sub001/ses-04/sub001-ses04-block4-game2_001.npy,sub001,04,4,2,001,2033,2039,2032,2040,7,102970,103256,103303,1,1.101580671727522,1.0422688207006756,1.1650570229258392,0.4229634770052134,0.45745460676172306,0.40647784267849957,0.33123326301574707,2.1978583335876465,2.3035175800323486,0.5234940052032471,0.1416165828704834,0.19557571411132812,26,0,Short
sub001-ses04-block4-game2_001::b0109,test/sub001/ses-04/sub001-ses04-block4-game2_001.npy,sub001,04,4,2,001,2045,2047,2044,2048,3,103554,103658,103704,1,1.0082899167994257,1.1824477168432685,1.106166478087033,0.4819682337315192,0.4138144694815399,0.43827404519866986,2.397918701171875,0.021178007125854492,0.0,0.3671383857727051,0.045798540115356445,0.0,26,0,Short
sub001-ses04-block4-game2_001::b0110,test/sub001/ses-04/sub001-ses04-block4-game2_001.npy,sub001,04,4,2,001,2054,2056,2053,2057,3,104006,104106,104154,1,1.2372618863061997,1.0731695748528483,1.0368094205026843,0.3071079720297508,0.452165512983914,0.531841592308381,2.179023027420044,2.215726137161255,0.0,0.12325048446655273,0.5365307331085205,0.0,26,0,Short
sub001-ses04-block4-game2_001::b0111,test/sub001/ses-04/sub001-ses04-block4-game2_001.npy,sub001,04,4,2,001,2064,2069,2063,2070,6,104505,104752,104803,3,1.1286356615335265,1.0168477447854545,1.0212773811135494,0.45291721191953016,0.46861960784361334,0.5011013854892834,0.07042336463928223,0.06655311584472656,2.405142068862915,0.10609292984008789,0.30716538429260254,0.06955432891845703,26,0,Short
sub001-ses04-block4-game2_001::b0112,test/sub001/ses-04/sub001-ses04-block4-game2_001.npy,sub001,04,4,2,001,2092,2098,2091,2099,7,105895,106185,106237,1,0.8741187355036739,1.0865410903826411,1.2429521170810454,0.5461257849374381,0.33373279752769996,0.23738146416667766,2.195244789123535,2.845465660095215,2.320742607116699,0.0,0.9375274181365967,0.20636558532714844,26,0,Short
sub001-ses04-block4-game2_001::b0113,test/sub001/ses-04/sub001-ses04-block4-game2_001.npy,sub001,04,4,2,001,2104,2107,2103,2108,4,106489,106642,106689,1,1.1607585895997048,1.1294125957402774,1.0162962881787942,0.43253754515537973,0.4655471341723074,0.5339137594814751,0.06289243698120117,0.0,1.9940690994262695,0.0,0.0,0.0,26,0,Short
sub001-ses04-block4-game2_001::b0114,test/sub001/ses-04/sub001-ses04-block4-game2_001.npy,sub001,04,4,2,001,2142,2151,2141,2152,10,108379,108830,108878,1,1.1038635917701145,1.1417997530821542,1.1015125468207156,0.40950878468033103,0.40426806321496017,0.26427416160008854,0.009272098541259766,2.6528990268707275,0.004879951477050781,0.27684569358825684,0.2325444221496582,0.07533788681030273,26,0,Short
sub001-ses04-block4-game2_001::b0115,test/sub001/ses-04/sub001-ses04-block4-game2_001.npy,sub001,04,4,2,001,2156,2159,2155,2160,4,109085,109230,109278,1,0.9632871880500947,0.9415167163142205,1.080887369969481,0.476011230537247,0.5053610654186247,0.2736594060769596,2.9175829887390137,0.26319050788879395,3.038801670074463,0.0745086669921875,0.19348740577697754,0.4033854007720947,26,0,Short
sub001-ses04-block4-game2_001::b0116,test/sub001/ses-04/sub001-ses04-block4-game2_001.npy,sub001,04,4,2,001,2166,2169,2165,2170,4,109573,109714,109767,1,1.00397967940569,1.018639774171367,1.1490679971257078,0.4435188325233599,0.4836741077007407,0.2864255391962755,0.05756378173828125,0.0,0.025576353073120117,0.4722900390625,0.0,0.573091983795166,26,0,Short
sub001-ses04-block4-game2_001::b0117,test/sub001/ses-04/sub001-ses04-block4-game2_001.npy,sub001,04,4,2,001,2174,2185,2173,2186,12,109967,110509,110562,1,0.9742837851987006,1.0399291900487482,1.1924775752308805,0.5101785300885239,0.5000545415010305,0.28294185699772434,0.4164907932281494,0.14635777473449707,2.1515471935272217,0.5400819778442383,0.09918928146362305,0.0,26,0,Short
sub001-ses04-block4-game2_001::b0118,test/sub001/ses-04/sub001-ses04-block4-game2_001.npy,sub001,04,4,2,001,2192,2195,2191,2196,4,110852,110999,111048,1,0.9927101944739942,1.002399070747305,1.2487503406415665,0.47100976480463497,0.4719815813309456,0.24941758434501354,0.15597081184387207,0.014817953109741211,0.0,0.6059479713439941,0.16393470764160156,0.0,26,0,Short
sub001-ses04-block4-game2_001::b0119,test/sub001/ses-04/sub001-ses04-block4-game2_001.npy,sub001,04,4,2,001,2202,2203,2201,2204,2,111350,111395,111443,1,1.0480892115883482,1.0827462393051612,1.184973474319177,0.46446502464615513,0.46846224877721454,0.24146627184661834,2.684995174407959,0.019380807876586914,0.0,0.5395944118499756,0.0,0.0,26,0,Short
sub001-ses04-block4-game2_001::b0120,test/sub001/ses-04/sub001-ses04-block4-game2_001.npy,sub001,04,4,2,001,2218,2234,2217,2235,17,112119,112900,112949,3,1.111291330021943,1.1114216357749187,1.1180046719347767,0.36679854784884236,0.4737315799694979,0.41810754017691754,0.003959178924560547,2.0894339084625244,1.7311296463012695,0.33915162086486816,0.0,0.0,26,0,Short
sub001-ses04-block4-game2_001::b0121,test/sub001/ses-04/sub001-ses04-block4-game2_001.npy,sub001,04,4,2,001,2268,2273,2267,2274,6,114595,114846,114895,1,1.238252096129019,1.229885909058991,1.1748082125972823,0.35900590805242194,0.3176683205651441,0.42377567601288313,1.6305900812149048,0.0,0.0,0.0,0.0,0.0,26,0,Short
sub001-ses04-block4-game2_001::b0122,test/sub001/ses-04/sub001-ses04-block4-game2_001.npy,sub001,04,4,2,001,2302,2327,2301,2328,26,116265,117520,117573,1,1.0184584314794742,0.6503137431633332,1.073143885246178,0.4898974993032323,0.7493634608369766,0.5308887470359934,0.0,0.0,1.8434721231460571,0.0,0.0,0.0,26,1,Long
sub001-ses04-block4-game2_001::b0123,test/sub001/ses-04/sub001-ses04-block4-game2_001.npy,sub001,04,4,2,001,2333,2337,2332,2338,5,117827,118032,118079,1,1.0980556151184067,1.1787010719786142,1.0120517344146007,0.4964178644323831,0.42541227107862684,0.5708944436718625,0.03664565086364746,0.00899362564086914,1.7895234823226929,0.0,0.0,0.0,26,0,Short
sub001-ses04-block4-game2_001::b0124,test/sub001/ses-04/sub001-ses04-block4-game2_001.npy,sub001,04,4,2,001,2343,2346,2342,2347,4,118329,118481,118530,2,1.1081248707286635,1.158596546508428,0.9860385816391228,0.46421485861660927,0.441985274667095,0.5872513145523443,0.039499640464782715,0.0,2.1076416969299316,0.0,0.0,0.20096611976623535,26,0,Short
sub001-ses04-block4-game2_001::b0125,test/sub001/ses-04/sub001-ses04-block4-game2_001.npy,sub001,04,4,2,001,2358,2362,2357,2363,5,119072,119267,119315,1,0.948310096626655,0.9106341594262997,1.1554785721135725,0.520907351535016,0.5739657736994972,0.2986086223758872,0.07178544998168945,0.3128241300582886,2.437851905822754,0.3883965015411377,0.3657032251358032,0.3566877841949463,26,0,Short
sub001-ses04-block4-game2_001::b0126,test/sub001/ses-04/sub001-ses04-block4-game2_001.npy,sub001,04,4,2,001,2367,2370,2366,2371,4,119508,119658,119705,1,1.1000588680404837,0.9904564828690472,1.226371095997274,0.4110643139628724,0.4485725406657287,0.1591797585081432,0.039583444595336914,2.361281394958496,0.0,0.20260834693908691,0.5638186931610107,0.0,26,0,Short
sub001-ses04-block4-game2_001::b0127,test/sub001/ses-04/sub001-ses04-block4-game2_001.npy,sub001,04,4,2,001,2375,2377,2374,2378,3,119901,119998,120047,1,1.218516273650523,1.076487120962606,1.278901229187436,0.33486362743895537,0.40642782693897905,0.17843143425483632,2.323509693145752,1.2517282962799072,2.2512922286987305,0.23487520217895508,0.0,0.0,26,0,Short
sub001-ses04-block4-game2_001::b0128,test/sub001/ses-04/sub001-ses04-block4-game2_001.npy,sub001,04,4,2,001,2384,2387,2383,2388,4,120339,120481,120532,1,0.9777194773421899,1.0993548294012636,1.1718385996052987,0.5026835811779511,0.4463255981758536,0.18814006541952888,1.8228073120117188,1.8867532014846802,0.0,0.0,0.0,0.0,26,0,Short
sub001-ses04-block4-game2_001::b0129,test/sub001/ses-04/sub001-ses04-block4-game2_001.npy,sub001,04,4,2,001,2405,2408,2404,2409,4,121355,121491,121540,1,1.0360164521631292,1.1505505929587883,1.2330661401713048,0.47633040714664,0.2950789305556957,0.14064341381329004,0.0,2.162156581878662,0.05128788948059082,0.0,0.43923747539520264,0.4855968952178955,26,0,Short
sub001-ses04-block4-game2_001::b0130,test/sub001/ses-04/sub001-ses04-block4-game2_001.npy,sub001,04,4,2,001,2414,2416,2413,2417,3,121791,121889,121934,1,1.2127764961592922,1.1680906859450022,1.2637888703739097,0.35250945510006176,0.38894385506216217,0.15199285868325912,2.021742343902588,1.7884734869003296,1.9534193277359009,0.3099246025085449,0.0,0.5819414854049683,26,0,Short
sub001-ses04-block4-game2_001::b0131,test/sub001/ses-04/sub001-ses04-block4-game2_001.npy,sub001,04,4,2,001,2424,2425,2423,2426,2,122278,122327,122376,1,1.08140874996573,1.1266742087599082,1.1956252650427037,0.4900547736272182,0.4455404907048644,0.14810831511398792,1.997972846031189,1.6994287967681885,0.05687439441680908,0.282964825630188,0.07264184951782227,0.09950613975524902,26,0,Short
sub001-ses04-block4-game2_001::b0132,test/sub001/ses-04/sub001-ses04-block4-game2_001.npy,sub001,04,4,2,001,2432,2435,2431,2436,4,122669,122809,122856,3,1.041582779862382,1.2487497206603058,1.1304575724436694,0.4538741027478135,0.4004614463452746,0.23977224177182915,2.134047269821167,0.0,0.0,0.5970842838287354,0.0,0.0,26,0,Short
sub001-ses04-block4-game2_001::b0133,test/sub001/ses-04/sub001-ses04-block4-game2_001.npy,sub001,04,4,2,001,2468,2475,2467,2476,8,124434,124772,124824,1,0.43543093853031156,0.4281884339395183,1.2189673042699727,0.8438802132406354,0.8386067622065955,0.3703748671602408,2.151597023010254,1.9418621063232422,2.02119517326355,0.1525251865386963,0.16034579277038574,0.2843143939971924,26,0,Short
sub001-ses04-block4-game2_001::b0134,test/sub001/ses-04/sub001-ses04-block4-game2_001.npy,sub001,04,4,2,001,2484,2488,2483,2489,5,125223,125415,125465,1,1.078512387791915,0.9578503046775311,1.1806443847253285,0.4348313732334548,0.5242849700930271,0.30655509113711177,0.0,0.0,0.23603224754333496,0.0,0.0,0.4132106304168701,26,0,Short
sub001-ses04-block4-game2_001::b0135,test/sub001/ses-04/sub001-ses04-block4-game2_001.npy,sub001,04,4,2,001,2521,2525,2520,2526,5,127036,127242,127292,1,1.2292575350413892,0.7493802012228017,1.2854370610655574,0.3982977479851276,0.6525009069215152,0.26556358851350503,0.03340590000152588,0.0,2.030104398727417,0.1519463062286377,0.0,0.4000418186187744,26,0,Short
sub001-ses04-block4-game2_001::b0136,test/sub001/ses-04/sub001-ses04-block4-game2_001.npy,sub001,04,4,2,001,2532,2534,2531,2535,3,127605,127704,127750,1,1.0758495427369719,1.1548804349450075,1.381915597342332,0.4654264774161004,0.44282531616679505,0.1569622890978321,1.93544340133667,0.09494972229003906,1.9023444652557373,0.39054572582244873,0.3542362451553345,0.14993083477020264,26,0,Short
sub001-ses04-block4-game2_001::b0137,test/sub001/ses-04/sub001-ses04-block4-game2_001.npy,sub001,04,4,2,001,2540,2563,2539,2564,24,127998,129142,129194,3,1.0629428001068988,1.142555242635555,1.3523700768238005,0.4648733321029248,0.462711922435624,0.14613472081898743,0.0,1.8764070272445679,1.7469151020050049,0.0,0.3814218044281006,0.0,26,0,Short
sub001-ses04-block4-game2_001::b0138,test/sub001/ses-04/sub001-ses04-block4-game2_001.npy,sub001,04,4,2,001,2592,2592,2591,2593,1,130610,130610,130658,1,0.48432744877131517,0.293233309693266,1.090200066476958,0.8158781878804112,0.8925732791433061,0.47753558909503047,1.8840487003326416,0.031907081604003906,0.0,0.3134036064147949,0.09242427349090576,0.0,26,0,Short
sub001-ses04-block4-game2_001::b0139,test/sub001/ses-04/sub001-ses04-block4-game2_001.npy,sub001,04,4,2,001,2596,2602,2595,2603,7,130807,131113,131159,2,1.1211386088056847,1.228744814345788,1.2709003066839444,0.4734485231991524,0.4182895791688279,0.36116131976145055,1.742064356803894,0.05195939540863037,0.10265076160430908,0.0,0.07711005210876465,0.0,26,0,Short
sub001-ses04-block4-game2_001::b0140,test/sub001/ses-04/sub001-ses04-block4-game2_001.npy,sub001,04,4,2,001,2614,2632,2613,2633,19,131709,132634,132683,2,0.9625413082932525,1.1447911002013007,1.0905989150804534,0.5229896855081859,0.3913598854923674,0.5309227063576962,1.4548765420913696,1.7550668716430664,0.2784355878829956,0.10334372520446777,0.1500004529953003,0.15771770477294922,26,0,Short
sub001-ses04-block4-game2_001::b0141,test/sub001/ses-04/sub001-ses04-block4-game2_001.npy,sub001,04,4,2,001,2664,2668,2663,2669,5,134275,134469,134519,1,0.8844345647212022,1.2527422620937698,1.112469341640145,0.5979816869545083,0.29004543950123474,0.4208213181829499,0.0,0.0,2.3998494148254395,0.0,0.0,0.6477282047271729,26,0,Short
sub001-ses04-block4-game2_001::b0142,test/sub001/ses-04/sub001-ses04-block4-game2_001.npy,sub001,04,4,2,001,2673,2675,2672,2676,3,134714,134810,134858,2,1.2388484461663885,1.0390099094255794,1.1841752238832108,0.3924179692351408,0.4894370930924399,0.40062470658201266,0.0,2.3869969844818115,1.9075994491577148,0.0,0.5275089740753174,0.0,26,0,Short
sub001-ses04-block4-game2_001::b0143,test/sub001/ses-04/sub001-ses04-block4-game2_001.npy,sub001,04,4,2,001,2687,2703,2686,2704,17,135395,136194,136247,3,1.1211039533801905,1.2892634610511655,1.1048132435549112,0.3816860690953849,0.09727384525975397,0.5065023899309786,2.182072401046753,0.0,0.13621151447296143,0.03474235534667969,0.0,0.03821825981140137,26,0,Short
sub001-ses04-block4-game2_001::b0144,test/sub001/ses-04/sub001-ses04-block4-game2_001.npy,sub001,04,4,2,001,2772,2780,2771,2781,9,139660,140060,140107,2,0.47353920819105744,0.7006487695008751,1.0388034026339703,0.8205297821129305,0.6872171127971325,0.5766793591705266,0.044200897216796875,0.29417872428894043,0.9720324277877808,0.13158130645751953,0.03610050678253174,0.06318235397338867,26,0,Short
sub001-ses04-block4-game2_001::b0145,test/sub001/ses-04/sub001-ses04-block4-game2_001.npy,sub001,04,4,2,001,2798,2803,2797,2804,6,140985,141234,141284,3,1.1170903511924615,0.9635311861222691,1.1239699258718427,0.36667808712010064,0.4751918244479105,0.5071955509230099,0.0,0.0,1.6512994766235352,0.0,0.0,0.7280247211456299,26,0,Short
sub001-ses04-block4-game2_001::b0146,test/sub001/ses-04/sub001-ses04-block4-game2_001.npy,sub001,04,4,2,001,2812,2815,2811,2816,4,141686,141835,141886,2,0.6437295553310801,0.4263947358342637,0.8525505741097388,0.6997671101939537,0.8250549893582626,0.6721998163635854,1.4005475044250488,1.4840998649597168,0.05015373229980469,0.13349390029907227,0.37334227561950684,0.2945801019668579,26,0,Short
sub001-ses04-block4-game2_001::b0147,test/sub001/ses-04/sub001-ses04-block4-game2_001.npy,sub001,04,4,2,001,2860,2865,2859,2866,6,144138,144404,144456,3,0.9087960986612036,1.0118233832936934,1.166344384286232,0.5271749239328727,0.5182054192448207,0.481739768087822,0.13453233242034912,1.3420817852020264,1.1602869033813477,0.4036858081817627,0.3051300048828125,0.0,26,0,Short
sub001-ses04-block4-game2_001::b0148,test/sub001/ses-04/sub001-ses04-block4-game2_001.npy,sub001,04,4,2,001,2906,2934,2905,2935,29,146527,147951,148005,3,1.446190982688793,1.115649383756568,0.9568205066589084,0.02925160901642987,0.5000991469952251,0.6034824161678194,1.202704668045044,1.166787028312683,0.052942514419555664,0.0,0.19298315048217773,0.14684391021728516,26,1,Long
sub001-ses04-block4-game2_001::b0149,test/sub001/ses-04/sub001-ses04-block4-game2_001.npy,sub001,04,4,2,001,3000,3006,2999,3007,7,151362,151667,151721,2,0.3644588344090632,0.35073597006631363,0.8609555687650409,0.8678521964764581,0.8786445131561323,0.6046482388619557,0.013178229331970215,0.0,1.1652683019638062,0.31488001346588135,0.0,0.26223039627075195,26,0,Short
sub001-ses04-block4-game2_001::b0150,test/sub001/ses-04/sub001-ses04-block4-game2_001.npy,sub001,04,4,2,001,3047,3057,3046,3058,11,153749,154245,154294,3,1.1310269386353278,0.7494917772550074,0.8792347272781076,0.367536927452161,0.6033291531515341,0.6618742773872255,0.10849698632955551,0.23849697411060333,1.0226706266403198,0.0,0.0,0.0,26,0,Short
sub001-ses04-block4-game2_001::b0151,test/sub001/ses-04/sub001-ses04-block4-game2_001.npy,sub001,04,4,2,001,3070,3074,3069,3075,5,154913,155105,155154,2,0.5153995001188225,0.37048055729209084,0.932766200407216,0.8014522060484678,0.8715781425380197,0.5608027835022105,0.11963820457458496,0.025800883769989014,0.9724127650260925,0.338123083114624,0.0,0.1235319972038269,26,0,Short
sub001-ses04-block4-game2_001::b0152,test/sub001/ses-04/sub001-ses04-block4-game2_001.npy,sub001,04,4,2,001,3104,3110,3103,3111,7,156520,156809,156858,3,0.9744627300457491,1.1141128115815697,0.9904458850401486,0.4436256113744391,0.428676784552191,0.5895191929362941,1.0909780263900757,0.0,0.0,0.21104001998901367,0.0,0.0,26,0,Short
sub001-ses04-block4-game2_001::b0153,test/sub001/ses-04/sub001-ses04-block4-game2_001.npy,sub001,04,4,2,001,3121,3125,3120,3126,5,157368,157563,157612,3,0.712483827317655,0.5664387365414457,0.9245457671318981,0.633583191791358,0.7377549156236884,0.6441709536503488,1.2786511182785034,0.0,0.05011022090911865,0.08083784580230713,0.0,0.1683354377746582,26,0,Short
sub001-ses04-block4-game2_001::b0154,test/sub001/ses-04/sub001-ses04-block4-game2_001.npy,sub001,04,4,2,001,3137,3141,3136,3142,5,158164,158370,158417,1,0.6686022970256207,0.8680390278472322,0.8312973209370996,0.6804367964649098,0.4909543912508245,0.6419736331021462,1.1926469802856445,1.1921370029449463,0.000661015510559082,0.10256171226501465,0.07587051391601562,0.2610342502593994,26,0,Short
sub001-ses04-block4-game2_001::b0155,test/sub001/ses-04/sub001-ses04-block4-game2_001.npy,sub001,04,4,2,001,3147,3149,3146,3150,3,158665,158764,158816,4,1.294085382115126,1.193391904088279,1.0410137938734743,0.41315385361933665,0.4169678507799835,0.5686704413037785,0.07553815841674805,0.0,1.2925796508789062,0.1292886734008789,0.0,0.0,26,0,Short
sub001-ses04-block4-game2_001::b0156,test/sub001/ses-04/sub001-ses04-block4-game2_001.npy,sub001,04,4,2,001,3184,3189,3183,3190,6,160515,160761,160812,2,0.77024028966742,0.9790313906198174,1.0331966511776303,0.6771559648559942,0.5313611447906993,0.5588139426821819,0.0,1.5601435899734497,1.903929352760315,0.0,0.018140077590942383,0.5987381935119629,26,0,Short
sub001-ses04-block4-game2_001::b0157,test/sub001/ses-04/sub001-ses04-block4-game2_001.npy,sub001,04,4,2,001,3208,3222,3207,3223,15,161701,162407,162461,2,1.199736022436964,0.9985401406466068,1.1546501734578176,0.25229897276794344,0.5065711942605982,0.5003855197287839,0.150182843208313,0.06722521781921387,0.12089192867279053,0.15593290328979492,0.0,0.19547605514526367,26,0,Short
sub001-ses04-block4-game2_001::b0158,test/sub001/ses-04/sub001-ses04-block4-game2_001.npy,sub001,04,4,2,001,3230,3255,3229,3256,26,162816,164035,164081,1,0.8361205635485635,0.7470264956926107,1.4134953042066942,0.6016867078986994,0.6729318755326494,0.10847236004632016,0.028348445892333984,0.22126364707946777,0.0,0.5469058752059937,0.13170313835144043,0.0,26,1,Long
sub001-ses04-block4-game2_001::b0159,test/sub001/ses-04/sub001-ses04-block4-game2_001.npy,sub001,04,4,2,001,3261,3263,3260,3264,3,164309,164401,164445,1,1.1889100633310734,1.1385946606367254,1.3786660908320043,0.3904338282708563,0.4578839075061167,0.14448210491256025,0.07605242729187012,1.5571109056472778,1.3663380146026611,0.06684374809265137,0.464188814163208,0.013886690139770508,26,0,Short
sub001-ses04-block4-game2_001::b0160,test/sub001/ses-04/sub001-ses04-block4-game2_001.npy,sub001,04,4,2,001,3306,3316,3305,3317,11,166470,166952,167000,2,0.3283629385811986,0.37892992210697374,0.9118016916090882,0.8803304154519223,0.8583296616388578,0.5251291721754566,0.016240477561950684,0.0,1.0965970754623413,0.0,0.0,0.0,26,0,Short
sub001-ses04-block4-game2_001::b0161,test/sub001/ses-04/sub001-ses04-block4-game2_001.npy,sub001,04,4,2,001,3330,3333,3329,3334,4,167631,167779,167828,3,1.139616927791247,1.018576863751796,0.9221986842479828,0.12032557201314326,0.42974232354282715,0.5809965991037023,1.337303876876831,0.258611261844635,1.2004739046096802,0.18221914768218994,0.09478306770324707,0.0,26,0,Short
sub001-ses04-block4-game2_001::b0162,test/sub001/ses-04/sub001-ses04-block4-game2_001.npy,sub001,04,4,2,001,3358,3361,3357,3362,4,168985,169128,169174,2,0.9992452487496977,0.5129469892797428,0.866248065852039,0.42353853552828924,0.7708237834091278,0.6875080109977175,0.0,1.0876389741897583,0.28821516036987305,0.0,0.0,0.9234716892242432,26,0,Short
sub001-ses04-block4-game2_001::b0163,test/sub001/ses-04/sub001-ses04-block4-game2_001.npy,sub001,04,4,2,001,3400,3417,3399,3418,18,171038,171918,171976,2,0.8631505757622806,0.9159925208779263,0.8642508661553628,0.5616878429504197,0.4713963337776204,0.65045391841428,0.9677497148513794,0.07414281368255615,0.18675926327705383,0.10478746891021729,0.0,0.0,26,0,Short
sub001-ses04-block4-game2_001::b0164,test/sub001/ses-04/sub001-ses04-block4-game2_001.npy,sub001,04,4,2,001,3435,3440,3434,3441,6,172849,173087,173134,1,0.9179757050946025,1.2752966979308904,1.0035124847567067,0.5121649871196533,0.18625285289583687,0.5768110442299038,0.557442843914032,0.0,1.458022117614746,0.0,0.0,1.1800422668457031,26,0,Short
sub001-ses04-block4-game2_001::b0165,test/sub001/ses-04/sub001-ses04-block4-game2_001.npy,sub001,04,4,2,001,3447,3465,3446,3466,19,173429,174326,174378,3,1.4573881269854967,1.3065577526028223,0.8649093490266723,0.1480095652150562,0.34344774590974003,0.5291586187447468,0.7024288177490234,0.8818492293357849,0.04306590557098389,1.045674979686737,0.291553258895874,0.05870330333709717,26,0,Short
sub001-ses04-block4-game2_001::b0166,test/sub001/ses-04/sub001-ses04-block4-game2_001.npy,sub001,04,4,2,001,3510,3514,3509,3515,5,176579,176770,176821,2,0.5214274745446194,0.45828361856908495,0.7773579837940032,0.7399368552132457,0.8081732722754283,0.6779620503003735,0.6841940879821777,0.5029640793800354,0.15065574645996094,1.019388496875763,0.3624851703643799,0.9183192253112793,26,0,Short
sub001-ses04-block4-game2_001::b0167,test/sub001/ses-04/sub001-ses04-block4-game2_001.npy,sub001,04,4,2,001,3530,3553,3529,3554,24,177580,178701,178746,1,0.7301865492251056,0.7644883706937151,1.3217868353843552,0.5516042095918947,0.6074865671378925,0.39507038071861933,0.0,0.43465182185173035,0.9246170222759247,0.0,0.0,0.9694231748580933,26,0,Short
sub001-ses04-block4-game2_001::b0168,test/sub001/ses-04/sub001-ses04-block4-game2_001.npy,sub001,04,4,2,001,3559,3587,3558,3588,29,178978,180354,180402,2,1.4149992517264274,1.2196340679605044,0.7532388546329445,0.2209387504000231,0.22031097095118923,0.7069237584835448,0.0,0.0,0.08266901969909668,0.0,0.0,0.16708636283874512,26,1,Long
sub001-ses04-block4-game2_001::b0169,test/sub001/ses-04/sub001-ses04-block4-game2_001.npy,sub001,04,4,2,001,3605,3677,3604,3678,73,181240,184823,184872,2,0.858775041971501,0.8383446077302757,0.688891665506377,0.4550459351589248,0.4668975257454314,0.7452891914912301,0.12653708457946777,2.350970983505249,3.0711841583251953,0.09114933013916016,0.007830381393432617,0.26792120933532715,26,1,Long
sub001-ses04-block4-game2_001::b0170,test/sub001/ses-04/sub001-ses04-block4-game2_001.npy,sub001,04,4,2,001,3690,3703,3689,3704,14,185464,186103,186158,2,0.7426508475584603,0.9472333517344983,0.3180167704721186,0.4496027155085143,0.06971479532798819,0.9066660563511728,2.8093392848968506,0.0,0.02243494987487793,0.4770376682281494,0.0,0.6228997707366943,26,0,Short
sub001-ses04-block4-game2_001::b0171,test/sub001/ses-04/sub001-ses04-block4-game2_001.npy,sub001,04,4,2,001,3711,3722,3710,3723,12,186509,187069,187120,2,0.8755591447860833,0.941665194227648,0.32070233092411393,0.37334650786124135,0.1815072543674574,0.9066361785944727,2.9185454845428467,3.0881073474884033,2.900315999984741,0.04268217086791992,0.16284918785095215,0.0,26,0,Short
sub001-ses04-block4-game2_001::b0172,test/sub001/ses-04/sub001-ses04-block4-game2_001.npy,sub001,04,4,2,001,3729,3741,3728,3742,13,187421,188020,188072,1,0.5692736774865409,0.750079491534979,0.6809424390134992,0.6424732745109365,0.5486549327336755,0.7158564224072228,0.32619380950927734,0.0,3.925340414047241,0.5068650245666504,0.0,0.0,26,0,Short
sub001-ses04-block4-game2_001::b0173,test/sub001/ses-04/sub001-ses04-block4-game2_001.npy,sub001,04,4,2,001,3748,3753,3747,3754,6,188400,188643,188692,2,0.9363796333045851,0.8590491114712138,0.7141800035913689,0.42421481916085946,0.4703884429674484,0.7047280516578827,4.243570804595947,0.0,3.3225340843200684,0.14090347290039062,0.0,0.020015239715576172,26,0,Short
sub001-ses04-block4-game2_001::b0174,test/sub001/ses-04/sub001-ses04-block4-game2_001.npy,sub001,04,4,2,001,3773,3780,3772,3781,8,189664,190007,190058,3,0.5740951430924758,0.5213728173305727,0.8000786794746282,0.7132003542828033,0.7543283023497965,0.6374660454302288,0.0,0.0,3.4501492977142334,0.0,0.0,0.16595196723937988,26,0,Short
sub001-ses04-block4-game2_001::b0175,test/sub001/ses-04/sub001-ses04-block4-game2_001.npy,sub001,04,4,2,001,3809,3812,3808,3813,4,191472,191622,191670,1,0.7677234658881656,0.3556497788775249,0.8234294653942967,0.6405112068104658,0.8748305090053154,0.6181031527261922,0.7098596096038818,0.026921749114990234,3.4064407348632812,0.9161863327026367,0.11599850654602051,0.28992152214050293,26,0,Short
sub001-ses04-block4-game2_001::b0176,test/sub001/ses-04/sub001-ses04-block4-game2_001.npy,sub001,04,4,2,001,3820,3824,3819,3825,5,192026,192228,192277,2,0.9549399807964856,0.9767447284704739,0.8934987801550921,0.4032406727815102,0.4167962423071343,0.5887931838513203,3.246138334274292,0.0,0.3031914234161377,0.0,0.0,0.33332276344299316,26,0,Short
sub001-ses04-block4-game2_001::b0177,test/sub001/ses-04/sub001-ses04-block4-game2_001.npy,sub001,04,4,2,001,3856,3865,3855,3866,10,193833,194284,194334,1,0.8217722320894921,0.7872010758811516,0.778985595954464,0.47366224393919404,0.5215445169538805,0.6419254614843615,0.065216064453125,3.5150647163391113,4.182197570800781,0.0,0.0,0.44571685791015625,26,0,Short
sub001-ses04-block4-game2_001::b0178,test/sub001/ses-04/sub001-ses04-block4-game2_001.npy,sub001,04,4,2,001,3878,3879,3877,3880,2,194974,195028,195075,1,0.875250896689904,0.811395276999392,0.7054140853350012,0.46523843748306504,0.5170253017313411,0.6971516808467165,0.5475869178771973,4.62448787689209,0.0,1.0041694641113281,1.2891426086425781,0.0,26,0,Short
sub001-ses04-block4-game2_001::b0179,test/sub001/ses-04/sub001-ses04-block4-game2_001.npy,sub001,04,4,2,001,3886,3887,3885,3888,2,195371,195420,195472,1,0.8213463761562079,0.9013945980452875,0.770045360954089,0.4899976344552446,0.4740314806579304,0.5957629225923472,3.8151392936706543,0.1466975212097168,4.58983850479126,0.0,0.0,0.7061748504638672,26,0,Short
sub001-ses04-block4-game2_001::b0180,test/sub001/ses-04/sub001-ses04-block4-game2_001.npy,sub001,04,4,2,001,3892,3893,3891,3894,2,195698,195751,195801,1,0.7854484654641664,0.7885387453891973,0.7906310291470544,0.4846354552194083,0.5331415654992742,0.5819894158793779,0.483396053314209,0.36086177825927734,0.19320392608642578,0.900970458984375,0.5388031005859375,0.7834062576293945,26,0,Short
sub001-ses04-block4-game2_001::b0181,test/sub001/ses-04/sub001-ses04-block4-game2_001.npy,sub001,04,4,2,001,3899,3900,3898,3901,2,196075,196125,196179,1,0.7782930173773588,0.8203215254113353,0.8957555613279146,0.5244665159427342,0.4901379905131038,0.4761642072767307,3.9506046772003174,0.2560410499572754,0.14767742156982422,0.0,0.7332830429077148,0.9687819480895996,26,0,Short
sub001-ses04-block4-game2_001::b0182,test/sub001/ses-04/sub001-ses04-block4-game2_001.npy,sub001,04,4,2,001,3904,3905,3903,3906,2,196343,196392,196447,1,0.8783194815393751,0.8773159518830907,0.8423950512442995,0.46681256074736344,0.4828903983348254,0.5278629875596226,0.2621889114379883,0.0,0.8953547477722168,0.8834280967712402,0.0,0.5938405990600586,26,0,Short
sub001-ses04-block4-game2_001::b0183,test/sub001/ses-04/sub001-ses04-block4-game2_001.npy,sub001,04,4,2,001,3918,3919,3917,3920,2,197082,197133,197182,1,0.7918133050414585,0.7328429803433083,0.8972626725785755,0.5093064666089269,0.5578759498196337,0.44173406465691367,5.027167797088623,0.6665849685668945,0.0,0.5931930541992188,0.2477564811706543,0.0,26,0,Short
sub001-ses04-block4-game2_001::b0184,test/sub001/ses-04/sub001-ses04-block4-game2_001.npy,sub001,04,4,2,001,3970,3973,3969,3974,4,199871,200027,200083,1,1.042177248802838,1.0148452034370645,1.0451124087520882,0.5284600871854391,0.5329488034741899,0.30262244149628664,0.0021495819091796875,4.795171737670898,0.0,0.29638195037841797,0.3434305191040039,0.0,26,0,Short
sub001-ses04-block4-game2_001::b0185,test/sub001/ses-04/sub001-ses04-block4-game2_001.npy,sub001,04,4,2,001,3978,3980,3977,3981,3,200305,200410,200466,1,0.9574070030260413,0.7457870723747664,1.2090230534659496,0.45546586843012504,0.5525937496934529,0.16267502690871422,0.5587244033813477,0.1212158203125,4.289527416229248,0.25235700607299805,0.5673947334289551,0.0,26,0,Short
sub001-ses04-block4-game2_001::b0186,test/sub001/ses-04/sub001-ses04-block4-game2_001.npy,sub001,04,4,2,001,3986,3988,3985,3989,3,200752,200860,200911,1,0.9099460927968478,0.7037407247586601,1.0436926846474088,0.4845856450309416,0.606446537141897,0.19125657298153453,4.78270959854126,0.14461898803710938,0.302736759185791,0.0,0.2504281997680664,0.21318578720092773,26,0,Short
sub001-ses04-block4-game2_001::b0187,test/sub001/ses-04/sub001-ses04-block4-game2_001.npy,sub001,04,4,2,001,4010,4027,4009,4028,18,202015,202883,202934,3,0.573191451380787,0.5277050789561544,0.8717004349945678,0.7477831867283126,0.7569535743669592,0.49652430370779665,0.3310511112213135,4.028687000274658,4.443844318389893,0.5593252182006836,0.1529395580291748,0.8571789264678955,26,0,Short
sub001-ses04-block4-game2_001::b0188,test/sub001/ses-04/sub001-ses04-block4-game2_001.npy,sub001,04,4,2,001,4038,4046,4037,4047,9,203472,203883,203932,2,0.5733077225262828,1.1449151595180629,0.8971573647501054,0.7246781872192747,0.3503041408811357,0.4997245490919249,0.2975883483886719,0.0,0.18968844413757324,0.065093994140625,0.0,0.0,26,0,Short
sub001-ses04-block4-game2_001::b0189,test/sub001/ses-04/sub001-ses04-block4-game2_001.npy,sub001,04,4,2,001,4081,4095,4080,4096,15,205701,206429,206480,2,0.4714324908226172,0.4744394799073243,0.8792189754851079,0.8310679853139075,0.8195305327400361,0.6283797927389733,4.392740726470947,0.28672122955322266,0.8765530586242676,0.19023799896240234,0.805443525314331,0.552605152130127,26,0,Short
sub001-ses04-block4-game2_001::b0190,test/sub001/ses-04/sub001-ses04-block4-game2_001.npy,sub001,04,4,2,001,4111,4111,4110,4112,1,207275,207275,207323,1,0.43364643769895883,0.17816144870518555,1.0352494781247221,0.812697256085294,0.9486880707262093,0.5100689594302864,0.3713955879211426,4.223473072052002,0.0021169185638427734,0.47966527938842773,0.0,0.0,26,0,Short
sub001-ses04-block4-game2_001::b0191,test/sub001/ses-04/sub001-ses04-block4-game2_001.npy,sub001,04,4,2,001,4117,4120,4116,4121,4,207586,207740,207795,1,0.7806469405685225,1.0877591666875521,1.2381356254604459,0.5231678062408261,0.37520779777601787,0.41363571724653697,3.9976754188537598,4.13997220993042,0.0017371177673339844,0.0,0.0,0.27523136138916016,26,0,Short
sub001-ses04-block4-game2_001::b0192,test/sub001/ses-04/sub001-ses04-block4-game2_001.npy,sub001,04,4,2,001,4176,4189,4175,4190,14,210632,211292,211344,2,0.9609658791374427,0.7733375048567163,1.0736750372001034,0.42775305222856785,0.4973705220531188,0.49123166172703336,4.426408767700195,3.9066295623779297,4.013027667999268,0.16660261154174805,0.0,0.07824897766113281,26,0,Short
sub001-ses04-block4-game2_001::b0193,test/sub001/ses-04/sub001-ses04-block4-game2_001.npy,sub001,04,4,2,001,4214,4219,4213,4220,6,212535,212779,212830,1,0.4384981047604964,0.4428348554687362,0.8456458949469792,0.8201132349661807,0.7923938254813843,0.5989861317195366,0.036022186279296875,3.9828786849975586,0.1651444435119629,0.34867429733276367,0.0,0.0,26,0,Short
sub001-ses04-block4-game2_001::b0194,test/sub001/ses-04/sub001-ses04-block4-game2_001.npy,sub001,04,4,2,001,4277,4280,4276,4281,4,215772,215926,215975,1,0.8691831631165875,0.8868790667308257,0.8501497430017487,0.527282719911857,0.5622459623261731,0.424719418734516,0.0,3.733924150466919,3.6388766765594482,0.0,0.0,0.0,26,0,Short
sub001-ses04-block4-game2_001::b0195,test/sub001/ses-04/sub001-ses04-block4-game2_001.npy,sub001,04,4,2,001,4286,4295,4285,4296,10,216229,216705,216754,1,1.0304816087704205,1.0975553414342905,1.1038340516413074,0.27693620963583404,0.30399091368068853,0.4246357777464752,3.8823299407958984,4.419035911560059,4.112318992614746,0.0,0.00794219970703125,0.0,26,0,Short
sub001-ses04-block4-game2_001::b0196,test/sub001/ses-04/sub001-ses04-block4-game2_001.npy,sub001,04,4,2,001,4302,4303,4301,4304,2,217078,217130,217176,1,0.779630043361248,0.9782853744620674,1.068637549681118,0.6015927570344555,0.4881948459015157,0.3431282514413402,0.014934301376342773,3.7485389709472656,0.0,0.1463625431060791,0.0,0.0,26,0,Short
sub001-ses04-block4-game2_001::b0197,test/sub001/ses-04/sub001-ses04-block4-game2_001.npy,sub001,04,4,2,001,4307,4314,4306,4315,8,217337,217699,217751,3,0.9408110249042906,0.7790845677016164,0.8553904303029591,0.5354162630807892,0.5942197157887482,0.4726845968399661,3.553035020828247,3.4515371322631836,0.04569268226623535,0.0,0.0,0.054372310638427734,26,0,Short
sub001-ses04-block4-game2_001::b0198,test/sub001/ses-04/sub001-ses04-block4-game2_001.npy,sub001,04,4,2,001,4322,4345,4321,4346,24,218110,219260,219307,1,0.8527776107063272,0.47043816544932715,0.9242381388409585,0.5954666078465872,0.8228445580170248,0.5258015867100231,0.00979924201965332,0.0,3.417456865310669,0.0,0.0,0.19759392738342285,26,0,Short
sub001-ses04-block4-game2_001::b0199,test/sub001/ses-04/sub001-ses04-block4-game2_001.npy,sub001,04,4,2,001,4350,4379,4349,4380,30,219510,220925,220976,3,0.90709206679142,0.8855821240577868,0.8150096449227849,0.45602125187009307,0.449326074277028,0.5631865185250685,0.051849365234375,3.2168304920196533,0.0,0.23087120056152344,0.0,0.0,26,1,Long
sub001-ses04-block4-game2_001::b0200,test/sub001/ses-04/sub001-ses04-block4-game2_001.npy,sub001,04,4,2,001,4384,4388,4383,4389,5,221175,221363,221410,1,0.3551313352959069,0.8540536305992896,0.9156718734385805,0.8640513117068817,0.5451863573791944,0.4993050476644719,3.6172986030578613,0.0,0.0,0.0637819766998291,0.0,0.0,26,0,Short
sub001-ses04-block4-game2_001::b0201,test/sub001/ses-04/sub001-ses04-block4-game2_001.npy,sub001,04,4,2,001,4393,4396,4392,4397,4,221606,221751,221799,1,0.8881007600852193,0.9144814689424863,0.9969473476366368,0.4264807888175134,0.45185173585176996,0.33855152880472567,0.031685829162597656,3.698269844055176,3.8729147911071777,0.7707798480987549,0.11002755165100098,0.07566571235656738,26,0,Short
sub001-ses04-block4-game2_001::b0202,test/sub001/ses-04/sub001-ses04-block4-game2_001.npy,sub001,04,4,2,001,4400,4403,4399,4404,4,221956,222096,222144,1,0.8617628574535751,0.8284859911116422,0.8940955772645675,0.5204916118116202,0.5055763442227365,0.5469656613368383,0.09055566787719727,0.02351665496826172,4.169122219085693,0.8814759254455566,0.2418060302734375,0.4192657470703125,26,0,Short
sub001-ses04-block4-game2_001::b0203,test/sub001/ses-04/sub001-ses04-block4-game2_001.npy,sub001,04,4,2,001,4409,4411,4408,4412,3,222399,222493,222540,1,0.8505915908291666,0.8311275380354046,1.0447435865349062,0.5119084328571812,0.5238236500645888,0.40093033056447447,4.11596155166626,0.0,0.0,0.7568032741546631,0.0,0.0,26,0,Short
sub001-ses04-block4-game2_001::b0204,test/sub001/ses-04/sub001-ses04-block4-game2_001.npy,sub001,04,4,2,001,4416,4419,4415,4420,4,222749,222901,222951,1,0.8708443555743454,0.8812389260915723,0.9280841511402014,0.46940809276635576,0.44272922434561024,0.5765190208606686,0.058660030364990234,4.185302734375,3.3039793968200684,0.15487194061279297,0.5361440181732178,0.006417989730834961,26,0,Short
sub001-ses04-block4-game2_001::b0205,test/sub001/ses-04/sub001-ses04-block4-game2_001.npy,sub001,04,4,2,001,4424,4425,4423,4426,2,223150,223199,223245,1,0.832934294903606,0.8574051349502072,0.7876391419116334,0.5130202029556464,0.4906536183261875,0.6112500172006216,0.17120766639709473,0.0,3.687257766723633,0.8855898380279541,0.0,0.7790193557739258,26,0,Short
sub001-ses04-block4-game2_001::b0206,test/sub001/ses-04/sub001-ses04-block4-game2_001.npy,sub001,04,4,2,001,4432,4433,4431,4434,2,223542,223590,223639,1,0.8047566411278254,0.8655175764580925,1.0895516594417654,0.561407620430872,0.510390467396147,0.41589611562424433,3.7512784004211426,0.0,3.840237855911255,0.6822149753570557,0.0,0.36276841163635254,26,0,Short
sub001-ses04-block4-game2_001::b0207,test/sub001/ses-04/sub001-ses04-block4-game2_001.npy,sub001,04,4,2,001,4448,4449,4447,4450,2,224342,224388,224436,1,0.9211718242919762,0.8633630130990504,1.0817824471447208,0.39547735355305336,0.530347045291381,0.2982934394422207,0.0,0.0,0.3631172180175781,0.0,0.0,0.8002219200134277,26,0,Short
sub001-ses04-block4-game2_001::b0208,test/sub001/ses-04/sub001-ses04-block4-game2_001.npy,sub001,04,4,2,001,4455,4457,4454,4458,3,224681,224786,224833,1,0.8714336616340375,0.9201226243792532,0.9334670624616188,0.4802550074364752,0.4485573511643165,0.4157842460837625,0.42923593521118164,0.0,3.802750587463379,1.1820151805877686,0.0,0.8712940216064453,26,0,Short
sub001-ses04-block4-game2_001::b0209,test/sub001/ses-04/sub001-ses04-block4-game2_001.npy,sub001,04,4,2,001,4464,4466,4463,4467,3,225136,225241,225288,1,0.8646734348299503,0.8595641328935174,1.0527070358927817,0.49485433345044627,0.46726626524914605,0.39687502106070055,0.05138683319091797,3.8524129390716553,0.0278475284576416,0.3607141971588135,0.8924026489257812,0.5049962997436523,26,0,Short
sub001-ses04-block4-game2_001::b0210,test/sub001/ses-04/sub001-ses04-block4-game2_001.npy,sub001,04,4,2,001,4471,4473,4470,4474,3,225489,225586,225633,1,0.8905592032365711,0.8837092472032204,1.1682330445715605,0.4652276097279687,0.4626584740131049,0.13971088277510613,3.4333415031433105,4.039618015289307,0.0,0.01414632797241211,0.5544183254241943,0.0,26,0,Short
sub001-ses04-block4-game2_001::b0211,test/sub001/ses-04/sub001-ses04-block4-game2_001.npy,sub001,04,4,2,001,4479,4481,4478,4482,3,225876,225975,226023,1,0.9279382627779261,0.8869158557831698,1.1873898335416706,0.4564946108311905,0.4968955631172306,0.2636102110563813,0.1602461338043213,0.0,3.5196263790130615,0.33806395530700684,0.0,0.06261801719665527,26,0,Short
sub001-ses04-block4-game2_001::b0212,test/sub001/ses-04/sub001-ses04-block4-game2_001.npy,sub001,04,4,2,001,4488,4489,4487,4490,2,226312,226364,226410,1,0.9236406637093999,0.8972187190546314,1.0739923021060187,0.4935345924511064,0.48109394657701016,0.38693773589486524,3.892888307571411,0.0,3.708972692489624,0.5493001937866211,0.0,0.06150698661804199,26,0,Short
sub001-ses04-block4-game2_001::b0213,test/sub001/ses-04/sub001-ses04-block4-game2_001.npy,sub001,04,4,2,001,4494,4497,4493,4498,4,226608,226751,226796,1,0.8749081255277475,0.8975682939678244,1.1583425771933389,0.47637091429369693,0.49158826674787104,0.3408044286202844,3.603163242340088,0.5634253025054932,0.0,0.7774267196655273,0.2727048397064209,0.0,26,0,Short
sub001-ses04-block4-game2_001::b0214,test/sub001/ses-04/sub001-ses04-block4-game2_001.npy,sub001,04,4,2,001,4504,4510,4503,4511,7,227084,227384,227433,3,0.8771456476243337,1.044336146180291,0.9695136121735208,0.49013680762727485,0.40785250333878353,0.4933055862107037,3.5321664810180664,3.59238338470459,0.23047566413879395,1.0390207767486572,0.8149104118347168,0.12699341773986816,26,0,Short
sub001-ses04-block4-game2_001::b0215,test/sub001/ses-04/sub001-ses04-block4-game2_001.npy,sub001,04,4,2,001,4543,4546,4542,4547,4,229035,229183,229237,1,0.6510515657916389,0.537411397677748,0.9698920847215817,0.725498313855109,0.7814861766294253,0.39373936976237534,0.23506975173950195,4.05855131149292,0.0,0.5319490432739258,0.737614631652832,0.0,26,0,Short
sub001-ses04-block4-game2_001::b0216,test/sub001/ses-04/sub001-ses04-block4-game2_001.npy,sub001,04,4,2,001,4553,4554,4552,4555,2,229550,229600,229652,2,0.8784784157736294,1.0054577643407558,0.9973972134008897,0.5152835496794366,0.4545841158982087,0.26194140057154125,0.7342040538787842,0.13918495178222656,0.8009095191955566,0.8018536567687988,0.6512842178344727,0.1702709197998047,26,0,Short
sub001-ses04-block4-game2_001::b0217,test/sub001/ses-04/sub001-ses04-block4-game2_001.npy,sub001,04,4,2,001,4564,4573,4563,4574,10,230102,230558,230611,2,0.9542355208430296,0.6534841345674934,0.7660955004443392,0.4842312772972823,0.6692671749809085,0.6264446485092374,4.042300701141357,0.1084132194519043,3.9728596210479736,0.3525409698486328,0.0,0.5507822036743164,26,0,Short
sub001-ses04-block4-game2_001::b0218,test/sub001/ses-04/sub001-ses04-block4-game2_001.npy,sub001,04,4,2,001,4586,4595,4585,4596,10,231189,231637,231686,2,0.6380233719752204,0.7142035430977648,1.042912111345995,0.6755587956840772,0.5036286487687701,0.4659756915774145,0.0,0.0,0.16350817680358887,0.0,0.0,0.1819143295288086,26,0,Short
sub001-ses04-block4-game2_001::b0219,test/sub001/ses-04/sub001-ses04-block4-game2_001.npy,sub001,04,4,2,001,4610,4615,4609,4616,6,232361,232601,232652,3,0.7196863363746488,0.5989064232596173,0.9190919285690279,0.637307632442024,0.7452242634264435,0.4813033018540107,0.0824742317199707,0.5015413761138916,3.3647382259368896,0.0,0.5236032009124756,0.0,26,0,Short
sub001-ses04-block4-game2_001::b0220,test/sub001/ses-04/sub001-ses04-block4-game2_001.npy,sub001,04,4,2,001,4658,4660,4657,4661,3,234810,234910,234958,1,1.072265529056037,0.39301849803997124,0.9147003412693566,0.4850208810892014,0.8509480366585853,0.47756153531575996,0.8975555896759033,0.0,0.06280374526977539,0.47063684463500977,0.0,0.2538151741027832,26,0,Short
sub001-ses04-block4-game2_001::b0221,test/sub001/ses-04/sub001-ses04-block4-game2_001.npy,sub001,04,4,2,001,4666,4671,4665,4672,6,235208,235457,235502,1,0.8995379222570281,0.9426688003347684,1.0400966478381615,0.46156264854810536,0.44142548677374793,0.37834940406237727,0.0,4.025777339935303,0.0,0.0,0.0,0.0,26,0,Short
sub001-ses04-block4-game2_001::b0222,test/sub001/ses-04/sub001-ses04-block4-game2_001.npy,sub001,04,4,2,001,4678,4681,4677,4682,4,235809,235957,236008,1,1.0144351795163546,1.021086611414654,1.100546747182342,0.4376493129628157,0.3831371728825388,0.30895871044209694,0.11664247512817383,0.0,3.8104515075683594,0.3702278137207031,0.0,0.32160401344299316,26,0,Short
sub001-ses04-block4-game2_001::b0223,test/sub001/ses-04/sub001-ses04-block4-game2_001.npy,sub001,04,4,2,001,4686,4688,4685,4689,3,236222,236324,236375,1,0.9803549343839565,0.8574826781275424,1.042744492266173,0.4617029654415101,0.4503994731933778,0.37497874008287835,0.0,3.6411023139953613,3.8960068225860596,0.0,0.22255468368530273,0.0,26,0,Short
sub001-ses04-block4-game2_001::b0224,test/sub001/ses-04/sub001-ses04-block4-game2_001.npy,sub001,04,4,2,001,4694,4697,4693,4698,4,236632,236784,236834,1,0.8736470022076399,0.9324212760445134,0.9444477145553043,0.45582308147678896,0.4236397530020347,0.4767720653490566,0.0,0.0,0.2197732925415039,0.0,0.0,0.41095781326293945,26,0,Short
sub001-ses04-block4-game2_001::b0225,test/sub001/ses-04/sub001-ses04-block4-game2_001.npy,sub001,04,4,2,001,4703,4704,4702,4705,2,237099,237149,237200,1,0.9674080331605228,0.858861311168293,0.847508633351978,0.4301464075629129,0.4917103763862456,0.6018688540265609,0.04813122749328613,4.103541851043701,4.0025715827941895,0.0,0.6480159759521484,0.10892009735107422,26,0,Short
sub001-ses04-block4-game2_001::b0226,test/sub001/ses-04/sub001-ses04-block4-game2_001.npy,sub001,04,4,2,001,4711,4726,4710,4727,16,237505,238246,238295,2,0.930702281845734,0.8677014318290823,0.8575556299414575,0.4488502818707718,0.48777780350855504,0.5728969122315803,0.0,4.187155723571777,0.2449502944946289,0.0,0.5768661499023438,0.2534160614013672,26,0,Short
sub001-ses04-block4-game2_001::b0227,test/sub001/ses-04/sub001-ses04-block4-game2_001.npy,sub001,04,4,2,001,4744,4757,4743,4758,14,239118,239772,239822,2,0.7108770969670777,0.9232159366431985,1.0087362976049608,0.6237794533058039,0.40042139418747047,0.4625809545911612,3.199157238006592,2.9889254570007324,3.750856637954712,0.07532072067260742,0.0,0.8494012355804443,26,0,Short
sub001-ses04-block4-game2_001::b0228,test/sub001/ses-04/sub001-ses04-block4-game2_001.npy,sub001,04,4,2,001,4804,4807,4803,4808,4,242069,242212,242260,1,0.9868645536844561,1.1231560789930917,1.1300122906582748,0.5405076327025868,0.3457205416667968,0.12310058924116651,3.8728935718536377,0.13896894454956055,4.261988162994385,0.5147850513458252,0.6978487968444824,1.294687271118164,26,0,Short
sub001-ses04-block4-game2_001::b0229,test/sub001/ses-04/sub001-ses04-block4-game2_001.npy,sub001,04,4,2,001,4811,4813,4810,4814,3,242409,242503,242554,1,1.0275761576158102,0.8878436740829807,1.0479811198211164,0.4383913290554844,0.48733548690138706,0.25988172851652047,3.5282487869262695,0.07147431373596191,0.14460325241088867,0.20032262802124023,0.0,0.13968849182128906,26,0,Short
sub001-ses04-block4-game2_001::b0230,test/sub001/ses-04/sub001-ses04-block4-game2_001.npy,sub001,04,4,2,001,4818,4821,4817,4822,4,242757,242900,242952,1,0.9415656982701431,1.1334164505329405,1.0610360172613056,0.5219348388916205,0.09014830154108,0.3284195923907335,0.29967689514160156,0.0,0.0,0.00785207748413086,0.0,0.0,26,0,Short
sub001-ses04-block4-game2_001::b0231,test/sub001/ses-04/sub001-ses04-block4-game2_001.npy,sub001,04,4,2,001,4826,4828,4825,4829,3,243149,243251,243299,1,0.9791249338060991,1.0424957774570753,1.0570553683556405,0.384335365034065,0.28320215450193664,0.22358938675041934,0.07394123077392578,3.5490972995758057,1.5705642700195312,0.0,0.22503137588500977,0.0,26,0,Short
sub001-ses04-block4-game2_001::b0232,test/sub001/ses-04/sub001-ses04-block4-game2_001.npy,sub001,04,4,2,001,4834,4835,4833,4836,2,243552,243597,243643,1,0.8998464210263092,0.9896662647884331,1.1058290243617446,0.5136425734708936,0.46201832540580107,0.12766680930480762,1.2425096035003662,0.0,0.17044281959533691,0.725031852722168,0.0,0.33319568634033203,26,0,Short
sub001-ses04-block4-game2_001::b0233,test/sub001/ses-04/sub001-ses04-block4-game2_001.npy,sub001,04,4,2,001,4840,4843,4839,4844,4,243844,243988,244038,1,1.0007896978975241,1.0077107730052364,1.0908955433674283,0.4725640409811566,0.4252835257383514,0.36547259597258985,3.4276652336120605,0.016748666763305664,0.0,0.9786171913146973,0.8749363422393799,0.0,26,0,Short
sub001-ses04-block4-game2_001::b0234,test/sub001/ses-04/sub001-ses04-block4-game2_001.npy,sub001,04,4,2,001,4852,4853,4851,4854,2,244446,244492,244545,1,0.6012034088307227,0.8058842558756907,0.9316167861386419,0.7460812897108369,0.6160958889771773,0.3950252537508231,2.849757432937622,3.3863272666931152,0.0,0.0,0.39352893829345703,0.0,26,0,Short
sub001-ses04-block4-game2_001::b0235,test/sub001/ses-04/sub001-ses04-block4-game2_001.npy,sub001,04,4,2,001,4857,4859,4856,4860,3,244687,244782,244830,1,1.0077608833983525,0.9885807739112525,0.9402295340154259,0.4004911332071787,0.3947419063003299,0.4854480158906532,0.0,3.4553754329681396,3.413682222366333,0.0,0.25658202171325684,0.4315450191497803,26,0,Short
sub001-ses04-block4-game2_001::b0236,test/sub001/ses-04/sub001-ses04-block4-game2_001.npy,sub001,04,4,2,001,4866,4867,4865,4868,2,245135,245185,245238,1,1.0342149262489464,0.9164749727829025,0.8465037067259366,0.40418717723026776,0.47978975926096923,0.5170474531893681,0.008274078369140625,0.0,3.4981236457824707,0.4985353946685791,0.0,0.28415489196777344,26,0,Short
sub001-ses04-block4-game2_001::b0237,test/sub001/ses-04/sub001-ses04-block4-game2_001.npy,sub001,04,4,2,001,4874,4875,4873,4876,2,245548,245597,245649,1,0.9746687339995712,0.9986428257948822,0.8835121176070708,0.3966613633566053,0.46463687400136333,0.5223210224412786,0.11521172523498535,0.0,0.0,0.4053161144256592,0.0,0.0,26,0,Short
sub001-ses04-block4-game2_001::b0238,test/sub001/ses-04/sub001-ses04-block4-game2_001.npy,sub001,04,4,2,001,4882,4883,4881,4884,2,245945,245997,246048,1,0.8855938599638264,0.94360155270712,0.8503202568205884,0.49788427562725873,0.4745097756040248,0.5428243687651338,3.5094592571258545,0.0614011287689209,0.21219539642333984,0.4342689514160156,0.37381696701049805,0.3882570266723633,26,0,Short
sub001-ses04-block4-game2_001::b0239,test/sub001/ses-04/sub001-ses04-block4-game2_001.npy,sub001,04,4,2,001,4890,4891,4889,4892,2,246349,246404,246454,1,0.9292237429695963,0.9363178387228166,0.9119364183032879,0.43918642792440943,0.4704540194162944,0.5049730166640362,0.0,3.465102434158325,0.012364625930786133,0.0,0.5587027072906494,0.6874315738677979,26,0,Short
sub001-ses04-block4-game2_001::b0240,test/sub001/ses-04/sub001-ses04-block4-game2_001.npy,sub001,04,4,2,001,4896,4899,4895,4900,4,246660,246805,246854,1,0.8854186704377144,0.8606686135527069,0.9339885038931219,0.5232286123044946,0.5141940305152118,0.4478708201920466,0.0,2.927281379699707,3.5396151542663574,0.0,0.18060994148254395,0.31061506271362305,26,0,Short
sub001-ses04-block4-game2_001::b0241,test/sub001/ses-04/sub001-ses04-block4-game2_001.npy,sub001,04,4,2,001,4906,4907,4905,4908,2,247169,247216,247270,1,0.8992079237938979,0.8605553264089159,0.8982928288294252,0.4496817097789485,0.503293901840764,0.4695352724811051,3.644975185394287,0.028197288513183594,3.2494208812713623,0.32344484329223633,0.6498599052429199,0.0,26,0,Short
sub001-ses04-block4-game2_001::b0242,test/sub001/ses-04/sub001-ses04-block4-game2_001.npy,sub001,04,4,2,001,4923,4949,4922,4950,27,248025,249283,249334,3,0.9309120137044612,0.972027263176585,0.9393641351915676,0.46383405003717104,0.4962354456646546,0.5318981600470026,3.802877902984619,0.35613036155700684,3.253718376159668,0.4148733615875244,0.0,0.3955104351043701,26,1,Long
sub001-ses04-block4-game2_001::b0243,test/sub001/ses-04/sub001-ses04-block4-game2_001.npy,sub001,04,4,2,001,4959,4968,4958,4969,10,249790,250242,250294,2,0.6181504874728447,0.3867367418452919,1.0159889190650346,0.7369091092422213,0.8590736059982156,0.5042383511986793,0.18535494804382324,3.1701831817626953,0.2718968391418457,1.2560467720031738,0.0,0.7782235145568848,26,0,Short
sub001-ses04-block4-game2_001::b0244,test/sub001/ses-04/sub001-ses04-block4-game2_001.npy,sub001,04,4,2,001,4984,5005,4983,5006,22,251014,252050,252100,1,0.9392122347657194,1.0492818700366606,0.9340297889536591,0.49369992912067673,0.3561959188902923,0.506750059261867,0.0,2.7120718955993652,0.08364462852478027,0.0,0.19736933708190918,0.15610527992248535,26,0,Short
sub001-ses04-block4-game2_001::b0245,test/sub001/ses-04/sub001-ses04-block4-game2_001.npy,sub001,04,4,2,001,5012,5041,5011,5042,30,252394,253849,253900,1,1.0164605909711628,1.0042898136392642,1.051781025559149,0.42883481918388366,0.4439257902506208,0.4106629863401803,0.0,0.0,2.4481842517852783,0.0,0.0,0.0,26,1,Long
sub001-ses04-block4-game2_001::b0246,test/sub001/ses-04/sub001-ses04-block4-game2_001.npy,sub001,04,4,2,001,5046,5052,5045,5053,7,254101,254395,254443,1,1.0170090741622513,0.9768070665173636,1.0720410224053039,0.4117079128553391,0.4845236749822438,0.27687395539190457,2.7139525413513184,0.04122757911682129,0.022522926330566406,0.0,0.0,0.023440837860107422,26,0,Short
sub001-ses04-block4-game2_001::b0247,test/sub001/ses-04/sub001-ses04-block4-game2_001.npy,sub001,04,4,2,001,5058,5061,5057,5062,4,254697,254850,254903,1,0.9943190085675983,1.0848779309664052,0.996812649465256,0.4520251533253036,0.40593797002362186,0.36422042175651986,2.8870322704315186,0.04874920845031738,0.1268599033355713,0.0,0.0,0.0,26,0,Short
sub001-ses04-block4-game2_001::b0248,test/sub001/ses-04/sub001-ses04-block4-game2_001.npy,sub001,04,4,2,001,5068,5079,5067,5080,12,255214,255747,255799,1,1.0126042931434411,0.9719197753372908,1.0791402554971457,0.4508172109721195,0.5099438310885915,0.31489206444484036,0.04351973533630371,3.1902246475219727,2.933225631713867,0.0,0.2598390579223633,0.01844501495361328,26,0,Short
sub001-ses04-block4-game2_001::b0249,test/sub001/ses-04/sub001-ses04-block4-game2_001.npy,sub001,04,4,2,001,5086,5089,5085,5090,4,256099,256250,256300,1,0.9606188332389807,0.9980297510764063,0.9852208673476109,0.44939083771051563,0.46461415189944905,0.40008464199461824,2.990060567855835,2.9564876556396484,0.0,0.0,0.09177112579345703,0.0,26,0,Short
sub001-ses04-block4-game2_001::b0250,test/sub001/ses-04/sub001-ses04-block4-game2_001.npy,sub001,04,4,2,001,5096,5097,5095,5098,2,256590,256637,256686,1,0.9887630503154603,0.9356599633300301,1.1364511690585029,0.4781584958563315,0.4879297842281374,0.33462484456184394,2.8562324047088623,0.0,2.684479236602783,0.0,0.0,0.0,26,0,Short
sub001-ses04-block4-game2_001::b0251,test/sub001/ses-04/sub001-ses04-block4-game2_001.npy,sub001,04,4,2,001,5102,5105,5101,5106,4,256874,257026,257069,1,0.9559504070631772,0.9297127202509884,1.2327138165089364,0.4770867446257444,0.515525211940647,0.34525352623774996,1.1707758903503418,3.0102977752685547,2.5743050575256348,0.06074118614196777,0.46768999099731445,0.17676258087158203,26,0,Short
sub001-ses04-block4-game2_001::b0252,test/sub001/ses-04/sub001-ses04-block4-game2_001.npy,sub001,04,4,2,001,5111,5113,5110,5114,3,257315,257415,257464,1,0.8840969747974055,0.8860730845909233,1.2309412204710035,0.5158148828449715,0.4701946529161205,0.19378713879239723,0.0,0.043709754943847656,0.0,0.0,0.6486589908599854,0.0,26,0,Short
sub001-ses04-block4-game2_001::b0253,test/sub001/ses-04/sub001-ses04-block4-game2_001.npy,sub001,04,4,2,001,5118,5121,5117,5122,4,257662,257815,257865,1,0.865926661821746,0.8529902753699804,1.0424099118406713,0.5231991948829231,0.5249530592389152,0.030073635489832384,0.09694290161132812,3.0379207134246826,3.226487398147583,0.07249999046325684,0.0,0.0,26,0,Short
sub001-ses04-block4-game2_001::b0254,test/sub001/ses-04/sub001-ses04-block4-game2_001.npy,sub001,04,4,2,001,5127,5128,5126,5129,2,258125,258171,258221,1,0.8904993805074648,0.916018469400526,1.3985528870755621,0.5548777961427285,0.4958256310666205,0.22307399344127038,0.35567259788513184,0.608910083770752,0.0,0.3940134048461914,0.0,0.0,26,0,Short
sub001-ses04-block4-game2_001::b0255,test/sub001/ses-04/sub001-ses04-block4-game2_001.npy,sub001,04,4,2,001,5134,5135,5133,5136,2,258469,258518,258567,1,0.9622574624870579,0.9038888268808567,1.3348464522213976,0.527338673520855,0.523772892660467,0.15371580051649109,2.6967411041259766,2.6577720642089844,0.7345380783081055,0.0,0.0,0.0,26,0,Short
sub001-ses04-block4-game2_001::b0256,test/sub001/ses-04/sub001-ses04-block4-game2_001.npy,sub001,04,4,2,001,5141,5142,5140,5143,2,258806,258859,258905,1,0.9792351518807716,0.8275715093414969,1.0189748082455607,0.4519908097827353,0.5494103907663211,0.29684012635823026,3.522172212600708,4.002840042114258,3.208578586578369,0.3427584171295166,0.7202203273773193,0.0,26,0,Short
sub001-ses04-block4-game2_001::b0257,test/sub001/ses-04/sub001-ses04-block4-game2_001.npy,sub001,04,4,2,001,5214,5216,5213,5217,3,262456,262552,262597,1,0.40627395914749853,0.37864623200029496,0.9773300473532178,0.851009513420548,0.8638266466097224,0.547747361157658,0.15438103675842285,0.0,0.0,0.4600822925567627,0.0,0.0,26,0,Short
sub001-ses04-block4-game2_001::b0258,test/sub001/ses-04/sub001-ses04-block4-game2_001.npy,sub001,04,4,2,001,5222,5226,5221,5227,5,262849,263040,263086,1,0.9177269414682292,0.9504953759018302,1.002351052959268,0.500236846292937,0.4404922983557209,0.512887968851417,0.5999093055725098,3.173522472381592,3.811161518096924,1.7493586540222168,0.6295413970947266,1.2885689735412598,26,0,Short
sub001-ses04-block4-game2_001::b0259,test/sub001/ses-04/sub001-ses04-block4-game2_001.npy,sub001,04,4,2,001,5232,5234,5231,5235,3,263329,263424,263475,1,0.9455560717866962,1.0058915405030049,1.0633165259075028,0.414109572928406,0.4036456354601461,0.4402852171981584,0.14261579513549805,0.0,0.0165407657623291,0.9538369178771973,0.0,0.9692230224609375,26,0,Short
sub001-ses04-block4-game2_001::b0260,test/sub001/ses-04/sub001-ses04-block4-game2_001.npy,sub001,04,4,2,001,5240,5242,5239,5243,3,263724,263825,263872,1,0.9135887479814438,0.8836804726942086,1.1942910854458162,0.5137676784933961,0.5039223040491693,0.23867244944987498,0.23894238471984863,3.1363131999969482,0.0,0.9166011810302734,0.6564383506774902,0.0,26,0,Short
sub001-ses04-block4-game2_001::b0261,test/sub001/ses-04/sub001-ses04-block4-game2_001.npy,sub001,04,4,2,001,5248,5249,5247,5250,2,264120,264169,264224,1,0.9440988876549627,1.0176928570159185,1.1812526587344783,0.4496471615309805,0.3713928400670505,0.40956910350951337,0.1811528205871582,0.05805373191833496,0.062395572662353516,1.027876377105713,0.3784487247467041,1.316504716873169,26,0,Short
sub001-ses04-block4-game2_001::b0262,test/sub001/ses-04/sub001-ses04-block4-game2_001.npy,sub001,04,4,2,001,5256,5257,5255,5258,2,264530,264578,264627,1,1.0416915017402117,1.1283711031605368,1.0779679412342356,0.43551252285030234,0.3442937511899712,0.45805182975663994,3.9462966918945312,1.0102729797363281,0.03194308280944824,1.3243424892425537,1.1657109260559082,1.0130653381347656,26,0,Short
sub001-ses04-block4-game2_001::b0263,test/sub001/ses-04/sub001-ses04-block4-game2_001.npy,sub001,04,4,2,001,5264,5265,5263,5266,2,264928,264976,265024,1,0.8503863026933809,1.0753853968132576,1.079470756263523,0.5129179477734954,0.37715253699481366,0.40332166258554647,0.0,0.0,0.16238665580749512,0.0,0.0,1.0761561393737793,26,0,Short
sub001-ses04-block4-game2_001::b0264,test/sub001/ses-04/sub001-ses04-block4-game2_001.npy,sub001,04,4,2,001,5272,5273,5271,5274,2,265344,265394,265443,1,1.1226083275435352,1.1183859378039895,0.8734507974423869,0.36650161691319255,0.37354513590948313,0.5966586909378947,0.15079879760742188,3.2454216480255127,0.3090324401855469,1.2019319534301758,0.44281673431396484,0.7766056060791016,26,0,Short
sub001-ses04-block4-game2_001::b0265,test/sub001/ses-04/sub001-ses04-block4-game2_001.npy,sub001,04,4,2,001,5280,5281,5279,5282,2,265749,265802,265849,1,0.8641165989025158,0.9196737679568283,0.9908750651379096,0.4778576027942112,0.44960076571872554,0.5138751537287516,3.81304669380188,3.819063425064087,0.0,0.7981221675872803,1.0394577980041504,0.0,26,0,Short
sub001-ses04-block4-game2_001::b0266,test/sub001/ses-04/sub001-ses04-block4-game2_001.npy,sub001,04,4,2,001,5287,5288,5286,5289,2,266084,266139,266182,1,0.9506188587626166,0.868207354386497,0.9514537202709877,0.462668834962916,0.49809582203407665,0.5213545524348743,3.4948179721832275,4.073639392852783,0.0,0.0,1.1047749519348145,0.0,26,0,Short
sub001-ses04-block4-game2_001::b0267,test/sub001/ses-04/sub001-ses04-block4-game2_001.npy,sub001,04,4,2,001,5384,5385,5383,5386,2,270940,270988,271041,1,0.8118276253315844,0.9954251072772351,0.9721298770150819,0.5473868119553016,0.34173342450597277,0.48393650130229293,3.3853306770324707,0.0,0.5642423629760742,0.6032805442810059,0.0,1.0898003578186035,26,0,Short
sub001-ses04-block4-game2_001::b0268,test/sub001/ses-04/sub001-ses04-block4-game2_001.npy,sub001,04,4,2,001,5391,5394,5390,5395,4,271293,271438,271489,1,0.954362074857672,0.9828902984962354,1.0258992393563795,0.4215332495391706,0.48332609353050365,0.33947583145250226,3.19807767868042,0.0,0.29998230934143066,0.4353196620941162,0.0,1.2807788848876953,26,0,Short
sub001-ses04-block4-game2_001::b0269,test/sub001/ses-04/sub001-ses04-block4-game2_001.npy,sub001,04,4,2,001,5400,5402,5399,5403,3,271742,271838,271888,1,0.9575454325652568,0.8779943402944473,1.0232965836990346,0.4775932161641525,0.5201994977848508,0.3489605585155448,0.36695003509521484,0.010728597640991211,0.10583305358886719,1.3123419284820557,1.0168228149414062,0.9091629981994629,26,0,Short
sub001-ses04-block4-game2_001::b0270,test/sub001/ses-04/sub001-ses04-block4-game2_001.npy,sub001,04,4,2,001,5408,5409,5407,5410,2,272156,272202,272251,3,0.9955677967772196,0.9478540281080073,1.0843541606163258,0.4451060753139784,0.4401578127980674,0.17299578897295304,3.5930569171905518,0.0,0.06008410453796387,0.9613661766052246,0.0,0.6795806884765625,26,0,Short
sub001-ses04-block4-game2_001::b0271,test/sub001/ses-04/sub001-ses04-block4-game2_001.npy,sub001,04,4,2,001,5424,5426,5423,5427,3,272992,273085,273136,1,0.9570869174598546,0.983856396036812,0.9563346881770988,0.47779376601282825,0.3968866701630907,0.4098781544456288,0.14247369766235352,3.334906578063965,3.830852508544922,0.39586639404296875,0.34392237663269043,1.1200437545776367,26,0,Short
sub001-ses04-block4-game2_001::b0272,test/sub001/ses-04/sub001-ses04-block4-game2_001.npy,sub001,04,4,2,001,5438,5439,5437,5440,2,273709,273759,273808,1,0.9086738406442104,0.8819846170632826,1.069798991787389,0.4969758782450622,0.4955111217000886,0.21668549821466637,0.20589661598205566,3.2725412845611572,0.0428462028503418,0.49810075759887695,0.44713878631591797,0.704913854598999,26,0,Short
sub001-ses04-block4-game2_001::b0273,test/sub001/ses-04/sub001-ses04-block4-game2_001.npy,sub001,04,4,2,001,5446,5455,5445,5456,10,274122,274592,274644,1,0.8979273351814842,1.0919658452582683,1.1145751757141975,0.5324070571985171,0.36461817477860925,0.20490007500126606,0.20862293243408203,0.7087972164154053,0.031073331832885742,1.009690284729004,1.0661263465881348,0.3265066146850586,26,0,Short
sub001-ses04-block4-game2_001::b0274,test/sub001/ses-04/sub001-ses04-block4-game2_001.npy,sub001,04,4,2,001,5462,5464,5461,5465,3,274963,275071,275117,1,0.9926889302521499,0.984356398634364,1.0444881779714679,0.4437632968021572,0.4500011255000278,0.31257308458608474,2.9288876056671143,0.0,2.9057393074035645,0.027773141860961914,0.0,0.09366345405578613,26,0,Short
sub001-ses04-block4-game2_001::b0275,test/sub001/ses-04/sub001-ses04-block4-game2_001.npy,sub001,04,4,2,001,5471,5475,5470,5476,5,275429,275644,275694,2,1.0123994091923787,1.0118685381567558,0.9607811001883563,0.4082926124491128,0.4895925115829844,0.4287258676975958,0.20452332496643066,2.123692750930786,2.6732840538024902,0.3356802463531494,0.0,0.0,26,0,Short
sub001-ses04-block4-game2_001::b0276,test/sub001/ses-04/sub001-ses04-block4-game2_001.npy,sub001,04,4,2,001,5497,5503,5496,5504,7,276745,277047,277099,2,0.8978828283023608,0.8262986831745678,1.0440203401482973,0.5390477733634677,0.5677963418325027,0.4461966314429363,0.40527987480163574,0.2416973114013672,2.882711172103882,0.45384812355041504,0.053925514221191406,0.05760788917541504,26,0,Short
sub001-ses04-block4-game2_001::b0277,test/sub001/ses-04/sub001-ses04-block4-game2_001.npy,sub001,04,4,2,001,5515,5519,5514,5520,5,277658,277857,277909,1,1.0375154660078587,1.086310599157541,1.0105412395858364,0.443341271124601,0.34830688657798453,0.44825659528118744,0.014174461364746094,0.13067030906677246,2.531933069229126,0.0,0.0,0.0,26,0,Short
sub001-ses04-block4-game2_001::b0278,test/sub001/ses-04/sub001-ses04-block4-game2_001.npy,sub001,04,4,2,001,5526,5531,5525,5532,6,278231,278486,278537,1,1.0883542998076694,0.9496540779146657,0.8314886779125191,0.3905291446089892,0.4984338151563954,0.6011646718263034,0.011346578598022461,2.5304393768310547,0.0,0.0,0.0,0.0,26,0,Short
sub001-ses04-block4-game2_001::b0279,test/sub001/ses-04/sub001-ses04-block4-game2_001.npy,sub001,04,4,2,001,5538,5540,5537,5541,3,278857,278951,279002,2,0.9397122730919042,1.0033577669154732,0.9786138242213656,0.4731055587156583,0.466217161138901,0.4788587335354165,0.007074117660522461,2.499011754989624,0.0,0.0,0.0,0.0,26,0,Short
sub001-ses04-block4-game2_001::b0280,test/sub001/ses-04/sub001-ses04-block4-game2_001.npy,sub001,04,4,2,001,5555,5565,5554,5566,11,279711,280217,280262,1,1.0462993648258678,0.984155501626133,1.1593976826543437,0.34853868110643443,0.48016048155944746,0.32504611326880384,0.11797761917114258,3.093921422958374,0.0,0.4771711826324463,0.9577288627624512,0.0,26,0,Short
sub001-ses04-block4-game2_001::b0281,test/sub001/ses-04/sub001-ses04-block4-game2_001.npy,sub001,04,4,2,001,5571,5584,5570,5585,14,280511,281155,281202,3,1.0618868532469192,0.9914304330634651,1.0965348372948087,0.4046607771835752,0.43498808253128296,0.3985463443289532,2.7996132373809814,0.0,2.5406060218811035,0.0,0.0,0.048192501068115234,26,0,Short
sub001-ses04-block4-game2_001::b0282,test/sub001/ses-04/sub001-ses04-block4-game2_001.npy,sub001,04,4,2,001,5603,5614,5602,5615,12,282152,282711,282764,2,0.5390847556827144,0.5327095033619471,1.0304337472440988,0.773485962138368,0.7568784258356092,0.5068468451147023,0.23013854026794434,2.6821670532226562,0.0,0.09706902503967285,0.09418249130249023,0.0,26,0,Short
sub001-ses04-block4-game2_001::b0283,test/sub001/ses-04/sub001-ses04-block4-game2_001.npy,sub001,04,4,2,001,5624,5661,5623,5662,38,283197,285028,285078,1,1.2894919283565287,1.2575094672984783,1.1273612832500894,0.2086287609313498,0.05130545512978024,0.28587299670928884,0.10470747947692871,0.146331787109375,2.9361226558685303,0.34395456314086914,0.231109619140625,0.9535441398620605,26,1,Long
sub001-ses04-block4-game2_001::b0284,test/sub001/ses-04/sub001-ses04-block4-game2_001.npy,sub001,04,4,2,001,5668,5670,5667,5671,3,285396,285498,285548,1,0.9624830158576899,0.9936956612600752,1.0153531944616498,0.4443214056996751,0.43480169131012864,0.43648040209117656,0.18300366401672363,3.010559558868408,0.16883325576782227,0.2312941551208496,0.9072670936584473,0.9314684867858887,26,0,Short
sub001-ses04-block4-game2_001::b0285,test/sub001/ses-04/sub001-ses04-block4-game2_001.npy,sub001,04,4,2,001,5676,5678,5675,5679,3,285806,285901,285948,1,0.9769067538371775,1.050285406793581,1.118785212449524,0.46171459023360045,0.38691237079271334,0.43984363396794757,3.287666082382202,0.47515225410461426,0.0,1.2269072532653809,0.8042147159576416,0.0,26,0,Short
sub001-ses04-block4-game2_001::b0286,test/sub001/ses-04/sub001-ses04-block4-game2_001.npy,sub001,04,4,2,001,5684,5687,5683,5688,4,286216,286367,286421,1,0.9515267006007725,0.9938492910499283,0.8763133326162279,0.4406636973086985,0.4204405598661123,0.5819767604658032,2.5839591026306152,3.12618350982666,0.0,0.2574760913848877,0.8446094989776611,0.0,26,0,Short
sub001-ses04-block4-game2_001::b0287,test/sub001/ses-04/sub001-ses04-block4-game2_001.npy,sub001,04,4,2,001,5693,5696,5692,5697,4,286687,286843,286890,1,1.0455177229001245,1.0438088224870565,1.1086360563900397,0.45252930978091116,0.4693186045844868,0.42015090527551624,3.4004831314086914,0.03368949890136719,2.750234842300415,1.196105718612671,0.4820408821105957,0.3511993885040283,26,0,Short
sub001-ses04-block4-game2_001::b0288,test/sub001/ses-04/sub001-ses04-block4-game2_001.npy,sub001,04,4,2,001,5700,5703,5699,5704,4,287045,287188,287237,1,1.0666330323766793,1.0516119463788107,1.2009232656431528,0.4620249364035247,0.37040809774602823,0.34196728790805464,0.022568464279174805,0.41808104515075684,0.05202794075012207,0.6392450332641602,0.8559603691101074,0.46953535079956055,26,0,Short
sub001-ses04-block4-game2_001::b0289,test/sub001/ses-04/sub001-ses04-block4-game2_001.npy,sub001,04,4,2,001,5709,5711,5708,5712,3,287494,287590,287640,1,1.079927643675354,0.991222769918735,1.2187047404022038,0.3693704822354143,0.46682771290690317,0.40233216914104475,0.06119346618652344,0.0,0.013274192810058594,0.008627653121948242,0.0,0.4610457420349121,26,0,Short
sub001-ses04-block4-game2_001::b0290,test/sub001/ses-04/sub001-ses04-block4-game2_001.npy,sub001,04,4,2,001,5718,5719,5717,5720,2,287946,287993,288042,1,1.018692032537969,1.0173717297049079,1.263053152388978,0.49276552669327855,0.4114586278222438,0.31576761322143276,3.179673433303833,2.6003921031951904,2.724804162979126,0.6636753082275391,0.5910787582397461,0.8535499572753906,26,0,Short
sub001-ses04-block4-game2_001::b0291,test/sub001/ses-04/sub001-ses04-block4-game2_001.npy,sub001,04,4,2,001,5726,5745,5725,5746,20,288337,289293,289344,3,1.160454130937896,1.1225409019186963,1.2302145761648413,0.3208322583434763,0.3520238923591419,0.3174629107572708,0.5202560424804688,0.1696460247039795,2.258133888244629,0.5679466724395752,0.3496565818786621,0.16328167915344238,26,0,Short
sub001-ses04-block4-game2_001::b0292,test/sub001/ses-04/sub001-ses04-block4-game2_001.npy,sub001,04,4,2,001,5756,5768,5755,5769,13,289869,290481,290531,2,0.6071998860372003,0.5479162688480844,1.109535298718811,0.7490637532005017,0.7816747862730777,0.39069068776073546,0.01837468147277832,0.04317069053649902,2.3170576095581055,0.18478178977966309,0.3130471706390381,0.18290948867797852,26,0,Short
sub001-ses04-block4-game2_001::b0293,test/sub001/ses-04/sub001-ses04-block4-game2_001.npy,sub001,04,4,2,001,5777,5793,5776,5794,17,290921,291742,291791,1,0.8996406374014965,1.0460807772749419,1.0981797296950138,0.5169492934144282,0.40818627217006986,0.43570067392181067,0.0,2.148552656173706,0.0,0.0,0.0,0.0,26,0,Short
sub001-ses04-block4-game2_001::b0294,test/sub001/ses-04/sub001-ses04-block4-game2_001.npy,sub001,04,4,2,001,5800,5805,5799,5806,6,292099,292347,292399,1,1.0849002586852647,1.0702280081322928,1.0297537187110573,0.4085955557833978,0.42632745597610544,0.4585515661526302,2.1914048194885254,2.201279878616333,2.6542985439300537,0.17418527603149414,0.1119985580444336,0.3717334270477295,26,0,Short
sub001-ses04-block4-game2_001::b0295,test/sub001/ses-04/sub001-ses04-block4-game2_001.npy,sub001,04,4,2,001,5810,5815,5809,5816,6,292606,292858,292911,1,1.080391363004144,1.0271707928743976,1.3611809009357692,0.42008937692598036,0.4608407914689072,0.25536819540667155,0.23128700256347656,0.0,0.0,0.23888349533081055,0.0,0.0,26,0,Short
sub001-ses04-block4-game2_001::b0296,test/sub001/ses-04/sub001-ses04-block4-game2_001.npy,sub001,04,4,2,001,5820,5822,5819,5823,3,293117,293214,293261,1,0.9471799707132258,1.006513007605028,1.2053176423196876,0.48170972785360167,0.37348598846991177,0.3252554999375715,0.19349312782287598,2.4617977142333984,0.06681180000305176,1.0312068462371826,0.19486474990844727,0.718156099319458,26,0,Short
sub001-ses04-block4-game2_001::b0297,test/sub001/ses-04/sub001-ses04-block4-game2_001.npy,sub001,04,4,2,001,5830,5831,5829,5832,2,293623,293672,293723,1,1.0415608944258823,1.0761510975795123,1.1010597649624334,0.39432506358942454,0.36093350277526914,0.3844325791162389,0.24932503700256348,2.783522367477417,2.8554532527923584,0.9141800403594971,0.9551401138305664,0.5241782665252686,26,0,Short
sub001-ses04-block4-game2_001::b0298,test/sub001/ses-04/sub001-ses04-block4-game2_001.npy,sub001,04,4,2,001,5836,5839,5835,5840,4,293926,294076,294130,1,1.0380305633340026,0.9711015284706739,1.0509540871324028,0.4209799709762495,0.4140940549978094,0.4400642934495932,0.1516573429107666,0.0,2.3676321506500244,0.5481352806091309,0.0,0.5469893217086792,26,0,Short
sub001-ses04-block4-game2_001::b0299,test/sub001/ses-04/sub001-ses04-block4-game2_001.npy,sub001,04,4,2,001,5846,5847,5845,5848,2,294435,294482,294530,1,1.1184246788442596,1.1292722810012898,1.1510077788942552,0.40219862002014456,0.3902021808502974,0.2841685832662788,2.5095064640045166,0.0,0.0,0.7482094764709473,0.0,0.0,26,0,Short
sub001-ses04-block4-game2_001::b0300,test/sub001/ses-04/sub001-ses04-block4-game2_001.npy,sub001,04,4,2,001,5861,5863,5860,5864,3,295192,295292,295343,1,1.1130575449122868,0.9812553705388919,1.07143531373738,0.4393184074221048,0.4743427045902455,0.25422348550406604,0.0,2.41815185546875,0.008036136627197266,0.0,1.1671226024627686,0.6125926971435547,26,0,Short
sub001-ses04-block4-game2_001::b0301,test/sub001/ses-04/sub001-ses04-block4-game2_001.npy,sub001,04,4,2,001,5874,5877,5873,5878,4,295853,296003,296059,2,1.0906347167773427,1.0745651641985086,1.2587728347456133,0.4454679171920227,0.4291119989911857,0.4068162552948381,2.6544439792633057,2.7106587886810303,1.6001745462417603,1.432055950164795,1.4168181419372559,0.0,26,0,Short
sub001-ses04-block4-game2_001::b0302,test/sub001/ses-04/sub001-ses04-block4-game2_001.npy,sub001,04,4,2,001,5912,5937,5911,5938,26,297840,299108,299154,2,1.143038016360309,1.1910597855685907,1.005019700552978,0.2973946161714533,0.377833985987736,0.42528661422903863,0.2754800319671631,2.090646982192993,0.04075360298156738,0.37199974060058594,0.0,0.0,26,1,Long
sub001-ses04-block4-game2_001::b0303,test/sub001/ses-04/sub001-ses04-block4-game2_001.npy,sub001,04,4,2,001,5986,5988,5985,5989,3,301629,301727,301777,1,1.1305840869450057,1.146513018960784,1.1204944461155737,0.4322295011151233,0.3948380072633052,0.41099397169559504,0.03805994987487793,2.2508544921875,0.0,0.10444021224975586,0.0,0.0,26,0,Short
sub001-ses04-block4-game2_001::b0304,test/sub001/ses-04/sub001-ses04-block4-game2_001.npy,sub001,04,4,2,001,5994,5996,5993,5997,3,302037,302134,302183,1,0.9755618185169684,1.1087046282190218,1.146830646240769,0.5017535254065608,0.45414526888189155,0.31478689979445257,0.0,2.355247735977173,2.7494430541992188,0.0,0.08022832870483398,0.2104506492614746,26,0,Short
sub001-ses04-block4-game2_001::b0305,test/sub001/ses-04/sub001-ses04-block4-game2_001.npy,sub001,04,4,2,001,6003,6005,6002,6006,3,302490,302588,302642,1,1.017176716446859,1.0108484214514113,1.0712480711575132,0.4806821674472812,0.5244202403083025,0.4656621713399629,0.12195992469787598,0.0,0.012676477432250977,0.1719074249267578,0.0,0.11275720596313477,26,0,Short
sub001-ses04-block4-game2_001::b0306,test/sub001/ses-04/sub001-ses04-block4-game2_001.npy,sub001,04,4,2,001,6012,6013,6011,6014,2,302949,302996,303048,1,1.1164435983094785,1.1443730962103373,1.2701482303503666,0.3729450113308914,0.40121394859928405,0.37516532690211607,2.795837163925171,2.2545723915100098,0.14739203453063965,0.3887310028076172,0.0,0.2975294589996338,26,0,Short
sub001-ses04-block4-game2_001::b0307,test/sub001/ses-04/sub001-ses04-block4-game2_001.npy,sub001,04,4,2,001,6021,6021,6020,6022,1,303414,303414,303464,2,1.0859037648475995,1.1491938705173297,1.2257086925742497,0.468497811290153,0.1708734329776635,0.34773053459523956,2.5451135635375977,0.06930685043334961,2.1111109256744385,0.38805341720581055,0.1280653476715088,0.18329691886901855,26,0,Short
sub001-ses04-block4-game2_001::b0308,test/sub001/ses-04/sub001-ses04-block4-game2_001.npy,sub001,04,4,2,001,6034,6039,6033,6040,6,304071,304312,304361,1,0.9362842579313271,0.8313477431403079,1.2704096199929134,0.5717217592820161,0.6449613438850262,0.253815467978433,0.04025101661682129,0.0,0.03034234046936035,0.29436683654785156,0.0,0.4540066719055176,26,0,Short
sub001-ses04-block4-game2_001::b0309,test/sub001/ses-04/sub001-ses04-block4-game2_001.npy,sub001,04,4,2,001,6045,6048,6044,6049,4,304621,304768,304817,1,1.199050184713159,1.0302298568311539,1.2306187971121298,0.3383362985439803,0.49117276556808265,0.2722498020885531,2.1595115661621094,0.0,0.0,0.3545677661895752,0.0,0.0,26,0,Short
sub001-ses04-block4-game2_001::b0310,test/sub001/ses-04/sub001-ses04-block4-game2_001.npy,sub001,04,4,2,001,6054,6057,6053,6058,4,305063,305205,305254,1,1.0847090840740254,1.1371663875981906,1.2259691422612442,0.493854989999626,0.47432453493200044,0.31251346874110647,0.19186854362487793,2.250488758087158,0.0,0.3068878650665283,0.19705796241760254,0.0,26,0,Short
sub001-ses04-block4-game2_001::b0311,test/sub001/ses-04/sub001-ses04-block4-game2_001.npy,sub001,04,4,2,001,6063,6072,6062,6073,10,305494,305931,305980,2,1.1841586443112917,1.1044954257582145,1.216560399383605,0.42460561924971846,0.4401808393776794,0.3738142860773207,0.015589237213134766,0.0,1.7566678524017334,0.04976153373718262,0.0,0.0,26,0,Short
sub001-ses04-block4-game2_001::b0312,test/sub001/ses-04/sub001-ses04-block4-game2_001.npy,sub001,04,4,2,001,6089,6091,6088,6092,3,306767,306863,306913,1,1.1036352498089421,1.1427336551982548,1.0300579987922547,0.4890778299412675,0.41261013787296,0.4975304363582129,1.8282300233840942,1.9227561950683594,0.0,0.0,0.09335410594940186,0.0,26,0,Short
sub001-ses04-block4-game2_001::b0313,test/sub001/ses-04/sub001-ses04-block4-game2_001.npy,sub001,04,4,2,001,6096,6099,6095,6100,4,307104,307254,307301,1,1.1402941142305292,1.1597967144124874,1.1641601884745332,0.44585799147883043,0.46523156190748993,0.46873689594449175,1.4735627174377441,0.0,0.0,0.17539727687835693,0.0,0.0,26,0,Short
sub001-ses04-block4-game2_001::b0314,test/sub001/ses-04/sub001-ses04-block4-game2_001.npy,sub001,04,4,2,001,6104,6110,6103,6111,7,307496,307785,307837,1,1.0098843083019136,1.156260628462561,1.1110266937365254,0.5172116493941413,0.4723809606455815,0.46398177494925374,0.4329061508178711,0.0,1.6614423990249634,0.9099653959274292,0.0,0.45007753372192383,26,0,Short
sub001-ses04-block4-game2_001::b0315,test/sub001/ses-04/sub001-ses04-block4-game2_001.npy,sub001,04,4,2,001,6116,6119,6115,6120,4,308079,308224,308272,1,1.2067617129248849,1.1686005757299551,1.1696651701900933,0.0033043287135424704,0.3446146926594078,0.4128240478686551,1.6875922679901123,1.7862540483474731,1.7980114221572876,0.1390538215637207,0.16985857486724854,0.28293681144714355,26,0,Short
sub001-ses04-block4-game2_001::b0316,test/sub001/ses-04/sub001-ses04-block4-game2_001.npy,sub001,04,4,2,001,6137,6164,6136,6165,28,309142,310484,310531,3,0.6667933526079627,0.6571104006542857,1.1587480534001948,0.7154367934338567,0.7161608649792205,0.42356465759000184,0.06791543960571289,0.0,0.0,0.0,0.0,0.0,26,1,Long
sub001-ses04-block4-game2_001::b0317,test/sub001/ses-04/sub001-ses04-block4-game2_001.npy,sub001,04,4,2,001,6178,6181,6177,6182,4,311180,311324,311370,1,0.510202840574072,0.5188993717422998,0.941295220428755,0.7922420789944836,0.7757257336182375,0.6061996370724109,0.0,0.0,0.10258471965789795,0.0,0.0,0.10454189777374268,26,0,Short
sub001-ses04-block4-game2_001::b0318,test/sub001/ses-04/sub001-ses04-block4-game2_001.npy,sub001,04,4,2,001,6186,6194,6185,6195,9,311557,311948,311999,1,1.1964100095789623,1.1258991166911836,0.986008611008921,0.40128605001959905,0.44487592882774063,0.5871641831185423,1.5619152784347534,0.17913222312927246,0.17196810245513916,0.38251709938049316,0.2726860046386719,0.5535130500793457,26,0,Short
sub001-ses04-block4-game2_001::b0319,test/sub001/ses-04/sub001-ses04-block4-game2_001.npy,sub001,04,4,2,001,6200,6205,6199,6206,6,312248,312487,312534,1,1.201932767379412,1.0538850642687536,1.1655409214738341,0.40965544889203226,0.5042778634187128,0.37378162433558926,0.0,0.0,0.0,0.0,0.0,0.0,26,0,Short
sub001-ses04-block4-game2_001::b0320,test/sub001/ses-04/sub001-ses04-block4-game2_001.npy,sub001,04,4,2,001,6210,6262,6209,6263,53,312728,315295,315346,1,1.1689387389199215,1.0924565838496905,1.0368992355609383,0.425769636038838,0.44246420611966597,0.5249983413322538,0.058926939964294434,0.0,0.06606614589691162,0.0,0.0,0.0,26,1,Long
sub001-ses04-block4-game2_001::b0321,test/sub001/ses-04/sub001-ses04-block4-game2_001.npy,sub001,04,4,2,001,6266,6268,6265,6269,3,315491,315594,315644,1,1.0725580150023057,1.1112862156125747,1.0099000168331198,0.48855391816064686,0.4583687683005506,0.5370077144264258,0.0,1.575144648551941,0.015039443969726562,0.0,0.22349095344543457,0.04897630214691162,26,0,Short
sub001-ses04-block4-game2_001::b0322,test/sub001/ses-04/sub001-ses04-block4-game2_001.npy,sub001,04,4,2,001,6274,6277,6273,6278,4,315892,316048,316098,1,1.2116780223785326,1.0988688411979646,1.0814529029440771,0.4258508996578043,0.47294125845089674,0.48422969986725073,0.041877031326293945,0.023738622665405273,1.763467788696289,0.046257615089416504,0.11321687698364258,0.05545222759246826,26,0,Short
sub001-ses04-block4-game2_001::b0323,test/sub001/ses-04/sub001-ses04-block4-game2_001.npy,sub001,04,4,2,001,6314,6338,6313,6339,25,317828,318971,319025,3,1.3026842989020575,1.333397986191528,1.0290854981705921,0.1691714782584276,0.17470262219246835,0.5487334151424096,0.10911381244659424,0.0,0.0823974609375,0.7831594944000244,0.0,0.0,26,0,Short
sub001-ses04-block4-game2_001::b0324,test/sub001/ses-04/sub001-ses04-block4-game2_001.npy,sub001,04,4,2,001,6366,6368,6365,6369,3,320363,320462,320517,1,1.215880745321302,0.9113081164624879,1.1082823766914764,0.1913323973771625,0.5230734696849357,0.5144655163121578,0.07308459281921387,0.09627223014831543,0.0,0.1641901731491089,0.5162444114685059,0.0,26,0,Short
sub001-ses04-block4-game2_001::b0325,test/sub001/ses-04/sub001-ses04-block4-game2_001.npy,sub001,04,4,2,001,6374,6375,6373,6376,2,320744,320795,320841,1,1.1730792566848611,1.1909051984536523,0.9238779790626014,0.4417595803786941,0.3864472150164802,0.6054868799680018,0.0,1.4387189149856567,1.5764341354370117,0.0,0.699833869934082,0.1593174934387207,26,0,Short
sub001-ses04-block4-game2_001::b0326,test/sub001/ses-04/sub001-ses04-block4-game2_001.npy,sub001,04,4,2,001,6380,6380,6379,6381,1,321034,321034,321084,2,1.1062438496970817,1.1846551022922824,1.1315001985068778,0.477642972455842,0.4646248728824785,0.4974252985752283,0.04107022285461426,1.3899894952774048,0.12901997566223145,0.25016510486602783,0.21046960353851318,0.03395998477935791,26,0,Short
sub001-ses04-block4-game2_001::b0327,test/sub001/ses-04/sub001-ses04-block4-game2_001.npy,sub001,04,4,2,001,6418,6443,6417,6444,26,322885,324148,324204,3,0.9833439302723921,0.9663560557694578,1.0309955358415215,0.5012013481581614,0.4661314165926862,0.49199771152195293,1.0330225229263306,0.0,0.30701279640197754,0.03651916980743408,0.0,0.0,26,1,Long
sub001-ses04-block4-game2_001::b0328,test/sub001/ses-04/sub001-ses04-block4-game2_001.npy,sub001,04,4,2,001,6454,6477,6453,6478,24,324706,325835,325884,1,0.40336299331454684,0.51994928480254,1.0403205657947356,0.8539244185441802,0.7844912963721263,0.5595152677609618,0.9913387298583984,0.9808374643325806,1.3205727338790894,0.532086968421936,0.0514259934425354,0.14864599704742432,26,0,Short
sub001-ses04-block4-game2_001::b0329,test/sub001/ses-04/sub001-ses04-block4-game2_001.npy,sub001,04,4,2,001,6484,6527,6483,6528,44,326165,328260,328310,3,1.2014757953460007,1.2563491934679714,1.0359648867636775,0.45384340732271,0.4172551446858348,0.5349628189814457,1.3533262014389038,1.3697500228881836,0.05253124237060547,0.07289886474609375,0.09032988548278809,0.2305908203125,26,1,Long
sub001-ses04-block4-game2_001::b0330,test/sub001/ses-04/sub001-ses04-block4-game2_001.npy,sub001,04,4,2,001,6566,6575,6565,6576,10,330161,330603,330652,1,1.2492593858836594,1.1867578776487326,0.9244316642948297,0.3890790103278071,0.37699980940730526,0.6369261572659741,0.0,1.3983588218688965,1.1061952114105225,0.0,0.17638146877288818,0.0,26,0,Short
sub001-ses04-block4-game2_001::b0331,test/sub001/ses-04/sub001-ses04-block4-game2_001.npy,sub001,04,4,2,001,6582,6603,6581,6604,22,330937,331953,332003,3,1.1026549137219983,1.3126729929617609,0.8840484186256052,0.4693561808943427,0.2967375373477279,0.6578011385993203,1.4017345905303955,0.026247262954711914,0.12216460704803467,0.2522542476654053,0.12102854251861572,0.06411373615264893,26,0,Short
sub001-ses04-block4-game2_001::b0332,test/sub001/ses-04/sub001-ses04-block4-game2_001.npy,sub001,04,4,2,001,6622,6625,6621,6626,4,332901,333050,333098,2,0.5088677311919299,0.36617825110381935,0.8652001853012335,0.7740612770046049,0.8640986963532568,0.5816016099387169,0.8805095553398132,0.08133971691131592,0.038802385330200195,0.06124091148376465,0.09842789173126221,0.46374714374542236,26,0,Short
sub001-ses04-block4-game2_001::b0333,test/sub001/ses-04/sub001-ses04-block4-game2_001.npy,sub001,04,4,2,001,6642,6647,6641,6648,6,333859,334077,334119,1,1.1609606711480136,1.2157548978826096,1.0726393528652423,0.13261962799480204,0.007795258345161649,0.4716256725205367,1.3793312311172485,1.4133210182189941,0.293593168258667,0.9233894348144531,0.9323699474334717,0.5671762228012085,26,0,Short
sub001-ses04-block4-game2_001::b0334,test/sub001/ses-04/sub001-ses04-block4-game2_001.npy,sub001,04,4,2,001,6653,6657,6652,6658,5,334345,334523,334566,2,1.0400721726627586,1.0479066085956812,1.105289347377072,0.509704591381216,0.46762118232536665,0.47440319885741167,0.0,0.0,1.3382008075714111,0.0,0.0,0.8895154595375061,26,0,Short
sub001-ses04-block4-game2_001::b0335,test/sub001/ses-04/sub001-ses04-block4-game2_001.npy,sub001,04,4,2,001,6666,6675,6665,6676,10,334947,335360,335408,2,1.3294015265957175,1.1919623757590612,0.842139730548438,0.06260381397487497,0.1540487776067032,0.6625724047825456,0.0,0.9628871083259583,0.11001408100128174,0.0,0.0,1.2288559675216675,26,0,Short
sub001-ses04-block4-game2_001::b0336,test/sub001/ses-04/sub001-ses04-block4-game2_001.npy,sub001,04,4,2,001,6688,6689,6687,6690,2,335972,336018,336064,1,1.1542386771063087,1.3561364231595858,1.0436392028925812,0.13022351586916664,0.038208057944528806,0.4984569068927622,1.340589165687561,0.0,1.7630077600479126,0.9999377727508545,0.0,0.8364384174346924,26,0,Short
sub001-ses04-block4-game2_001::b0337,test/sub001/ses-04/sub001-ses04-block4-game2_001.npy,sub001,04,4,2,001,6694,6721,6693,6722,28,336259,337541,337591,1,1.2292581112974534,1.253545798266932,0.8761042518692926,0.3935601537094473,0.3475221645133223,0.6687330856823424,0.0,0.3596038818359375,1.117473840713501,0.0,0.5994871258735657,0.10225212574005127,26,1,Long
sub001-ses04-block4-game2_001::b0338,test/sub001/ses-04/sub001-ses04-block4-game2_001.npy,sub001,04,4,2,001,6727,6733,6726,6734,7,337833,338134,338184,1,1.3962859557296294,1.3431214645993514,0.930321568783168,0.27663917449543196,0.276250492117154,0.6124935413503882,8.344650268554688e-05,0.0,1.2786390781402588,0.009284257888793945,0.0,0.0,26,0,Short
sub001-ses04-block4-game2_001::b0339,test/sub001/ses-04/sub001-ses04-block4-game2_001.npy,sub001,04,4,2,001,6740,6769,6739,6770,30,338469,339868,339915,1,1.1937115046837103,1.1213264249434693,0.8746063660927581,0.4765402791540699,0.5106349645750177,0.5766445448654337,0.0,0.0,0.30299365520477295,0.0,0.0,0.7839348316192627,26,1,Long
sub001-ses04-block4-game2_001::b0340,test/sub001/ses-04/sub001-ses04-block4-game2_001.npy,sub001,04,4,2,001,6776,6777,6775,6778,2,340194,340243,340289,1,1.3321906504341343,1.3239852878425244,0.8842705469080188,0.2965327844556227,0.19173800058640372,0.647029014205747,0.0,0.0,0.5249572396278381,0.0,0.0,1.0457738637924194,26,0,Short
sub001-ses04-block4-game2_001::b0341,test/sub001/ses-04/sub001-ses04-block4-game2_001.npy,sub001,04,4,2,001,6782,6824,6781,6825,43,340486,342535,342581,3,1.3181604506519358,1.2388434703386084,0.9291543509257051,0.3183435369881018,0.3801946666752004,0.5111304865577918,0.1473800539970398,0.4628137946128845,0.1207471489906311,0.0,0.11078619956970215,0.5506110191345215,26,1,Long
sub001-ses04-block4-game2_001::b0342,test/sub001/ses-04/sub001-ses04-block4-game2_001.npy,sub001,04,4,2,001,6838,6885,6837,6886,48,343199,345446,345491,1,0.6409899417629532,0.4527217363060376,0.8596267541422394,0.6931974714223332,0.8118097699731543,0.6724872381421783,0.9319273829460144,0.20041906833648682,1.773828148841858,0.045068562030792236,0.6974085569381714,1.4932633638381958,26,1,Long
sub001-ses04-block4-game2_001::b0343,test/sub001/ses-04/sub001-ses04-block4-game2_001.npy,sub001,04,4,2,001,6892,7090,6891,7091,199,345771,355618,355668,2,1.3760866867662802,1.3370085882966858,0.6120675456047552,0.2594422715528719,0.28012861959611124,0.7707870171840501,0.845345675945282,0.0,3.731670379638672,0.11638104915618896,0.0,0.19501280784606934,26,1,Long
sub001-ses04-block4-game2_001::b0344,test/sub001/ses-04/sub001-ses04-block4-game2_001.npy,sub001,04,4,2,001,7097,7121,7096,7122,25,355962,357158,357206,2,0.8707676799330637,0.820496241685755,0.7132223367266307,0.4656155650895679,0.4585613345086649,0.6720006627631503,0.0,0.0,0.10526037216186523,0.0,0.0,0.1662156581878662,26,0,Short
sub001-ses04-block4-game2_001::b0345,test/sub001/ses-04/sub001-ses04-block4-game2_001.npy,sub001,04,4,2,001,7142,7147,7141,7148,6,358193,358432,358481,1,0.7595035713272911,0.8478481301931773,1.0124858289752678,0.49911931768109274,0.42915103360076345,0.44626456794803565,3.85278058052063,4.101367950439453,0.26593780517578125,0.10913586616516113,0.13631296157836914,0.793792724609375,26,0,Short
sub001-ses04-block4-game2_001::b0346,test/sub001/ses-04/sub001-ses04-block4-game2_001.npy,sub001,04,4,2,001,7154,7171,7153,7172,18,358785,359617,359665,1,0.9881908169957833,0.8968110663143639,0.7522276935924875,0.3722339087185376,0.4675846567266484,0.667244589334019,3.938868522644043,0.0,0.050353050231933594,0.0,0.0,0.03846406936645508,26,0,Short
sub001-ses04-block4-game2_001::b0347,test/sub001/ses-04/sub001-ses04-block4-game2_001.npy,sub001,04,4,2,001,7177,7179,7176,7180,3,359927,360028,360076,1,0.8274674060312467,0.7932028514455337,0.6125945758968907,0.47650944575497023,0.4686682318907986,0.77382509716835,0.02402496337890625,0.0,4.367080211639404,0.0,0.0,0.0,26,0,Short
sub001-ses04-block4-game2_001::b0348,test/sub001/ses-04/sub001-ses04-block4-game2_001.npy,sub001,04,4,2,001,7185,7187,7184,7188,3,360333,360426,360479,1,0.8370203507991352,0.9126934216556515,0.6750112451978425,0.49508206490930556,0.4238935232361385,0.7330520569366316,4.045685291290283,0.0,4.339061260223389,0.0,0.0,0.3298354148864746,26,0,Short
sub001-ses04-block4-game2_001::b0349,test/sub001/ses-04/sub001-ses04-block4-game2_001.npy,sub001,04,4,2,001,7192,7193,7191,7194,2,360687,360733,360785,1,0.7624441429024631,0.911676985915013,0.7672827462002223,0.5241365236264954,0.4521395411195428,0.6398865971223098,4.554558753967285,0.0,0.07857084274291992,0.1981964111328125,0.0,0.8506450653076172,26,0,Short
sub001-ses04-block4-game2_001::b0350,test/sub001/ses-04/sub001-ses04-block4-game2_001.npy,sub001,04,4,2,001,7199,7204,7198,7205,6,361070,361319,361368,1,0.8666811973964644,0.7180067822777,0.6765748167058673,0.47141971425446005,0.542670508276992,0.7089282818064919,0.0754995346069336,0.0,4.296877384185791,0.6621646881103516,0.0,0.18886661529541016,26,0,Short
sub001-ses04-block4-game2_001::b0351,test/sub001/ses-04/sub001-ses04-block4-game2_001.npy,sub001,04,4,2,001,7211,7212,7210,7213,2,361709,361760,361807,1,0.8273767154695574,0.8099088767101463,0.723180260040489,0.45672722601478977,0.48135220808655377,0.6858405920492938,5.147459506988525,0.12418174743652344,0.4340667724609375,0.8347373008728027,0.8720688819885254,0.037387847900390625,26,0,Short
sub001-ses04-block4-game2_001::b0352,test/sub001/ses-04/sub001-ses04-block4-game2_001.npy,sub001,04,4,2,001,7224,7225,7223,7226,2,362416,362465,362518,1,0.7470811915304347,0.739618802813723,0.9117573169855631,0.47123362923191003,0.5302972750550445,0.502039865985557,1.2276763916015625,5.454763412475586,0.1384596824645996,0.5966086387634277,0.4559926986694336,0.6433634757995605,26,0,Short
sub001-ses04-block4-game2_001::b0353,test/sub001/ses-04/sub001-ses04-block4-game2_001.npy,sub001,04,4,2,001,7240,7247,7239,7248,8,363287,363643,363695,1,0.9805969052530847,0.7746711786767488,1.074310538679881,0.3532316976445775,0.48420370465606233,0.42372577424603447,0.19068670272827148,5.4840593338012695,5.489101409912109,0.6040410995483398,0.5174212455749512,0.44458818435668945,26,0,Short
sub001-ses04-block4-game2_001::b0354,test/sub001/ses-04/sub001-ses04-block4-game2_001.npy,sub001,04,4,2,001,7253,7257,7252,7258,5,363973,364180,364230,1,1.0360814246229795,0.8123459045815372,0.9567849159194326,0.39469801528549664,0.46118001357627936,0.3396907743986129,0.06419086456298828,5.361153602600098,0.18303442001342773,0.0,0.9253463745117188,0.40753841400146484,26,0,Short
sub001-ses04-block4-game2_001::b0355,test/sub001/ses-04/sub001-ses04-block4-game2_001.npy,sub001,04,4,2,001,7260,7263,7259,7264,4,364340,364496,364547,1,0.7936897959744024,0.8342826627137856,1.0253515877361266,0.47406378065999577,0.4974759239496912,0.3765375661673982,0.09740257263183594,0.2243809700012207,0.16599702835083008,0.41117286682128906,0.45659351348876953,0.14967870712280273,26,0,Short
sub001-ses04-block4-game2_001::b0356,test/sub001/ses-04/sub001-ses04-block4-game2_001.npy,sub001,04,4,2,001,7268,7271,7267,7272,4,364769,364926,364974,1,0.747738956164961,0.8265919296050331,0.7827419932195748,0.48502659483810723,0.45933891167670865,0.6110898087094352,5.130078315734863,0.08672523498535156,0.6819877624511719,0.20841741561889648,0.1583552360534668,0.5585856437683105,26,0,Short
sub001-ses04-block4-game2_001::b0357,test/sub001/ses-04/sub001-ses04-block4-game2_001.npy,sub001,04,4,2,001,7276,7279,7275,7280,4,365196,365353,365402,1,0.8607654540084732,0.9054330296152352,1.0187606117471688,0.5299490690078729,0.5037702471401608,0.31574125344944703,0.21596431732177734,0.0,4.789370536804199,0.508430004119873,0.0,0.07641124725341797,26,0,Short
sub001-ses04-block4-game2_001::b0358,test/sub001/ses-04/sub001-ses04-block4-game2_001.npy,sub001,04,4,2,001,7284,7286,7283,7287,3,365615,365716,365766,1,0.7992846414417475,0.8291471207298804,0.9637467426822172,0.5322908008539629,0.46940234236101264,0.41189631895653833,4.84151029586792,0.0,0.0,0.6124582290649414,0.0,0.0,26,0,Short
sub001-ses04-block4-game2_001::b0359,test/sub001/ses-04/sub001-ses04-block4-game2_001.npy,sub001,04,4,2,001,7291,7293,7290,7294,3,365973,366074,366123,1,0.7676090682297214,0.815687350321865,0.8717496852002885,0.5379446479398665,0.5151971855808052,0.48873269177823264,0.0,0.67462158203125,4.97357177734375,0.0,1.5626392364501953,0.6914467811584473,26,0,Short
sub001-ses04-block4-game2_001::b0360,test/sub001/ses-04/sub001-ses04-block4-game2_001.npy,sub001,04,4,2,001,7299,7301,7298,7302,3,366386,366493,366542,1,0.7722499581288871,0.7934911214664397,0.8749938100062913,0.5216112984304955,0.5096722866923618,0.47696549587955617,4.745141983032227,0.08763647079467773,0.13093900680541992,0.2334609031677246,0.0,0.3869762420654297,26,0,Short
sub001-ses04-block4-game2_001::b0361,test/sub001/ses-04/sub001-ses04-block4-game2_001.npy,sub001,04,4,2,001,7306,7309,7305,7310,4,366754,366899,366946,1,0.754981060009663,0.8109829921315395,0.969146909982773,0.5558776932425955,0.46127182611189566,0.532256964516701,0.0,4.97331428527832,0.06551599502563477,0.0,0.7359213829040527,0.5768542289733887,26,0,Short
sub001-ses04-block4-game2_001::b0362,test/sub001/ses-04/sub001-ses04-block4-game2_001.npy,sub001,04,4,2,001,7314,7315,7313,7316,2,367159,367210,367256,1,0.8453672482258325,0.7649282377049857,0.8251643320135402,0.5185248844256819,0.5281244807615357,0.4872645178415598,0.10943126678466797,0.33849430084228516,0.0,0.49234914779663086,0.6443142890930176,0.0,26,0,Short
sub001-ses04-block4-game2_001::b0363,test/sub001/ses-04/sub001-ses04-block4-game2_001.npy,sub001,04,4,2,001,7322,7323,7321,7324,2,367583,367634,367685,1,0.8368470556756672,0.8226344800860326,0.849715941480489,0.5290807637571586,0.5277623914283683,0.5156542176449803,4.904550075531006,4.609007835388184,0.06173276901245117,0.2880897521972656,0.03902864456176758,0.0,26,0,Short
sub001-ses04-block4-game2_001::b0364,test/sub001/ses-04/sub001-ses04-block4-game2_001.npy,sub001,04,4,2,001,7330,7331,7329,7332,2,367989,368034,368090,1,1.1417232423904895,1.068108077812483,1.0491853799707782,0.313689418923197,0.3969844066635082,0.27836907190383375,0.0035843849182128906,0.10072755813598633,0.20217180252075195,0.0,0.3470005989074707,0.0,26,0,Short
sub001-ses04-block4-game2_001::b0365,test/sub001/ses-04/sub001-ses04-block4-game2_001.npy,sub001,04,4,2,001,7372,7373,7371,7374,2,370253,370307,370360,1,1.0387988345067225,1.1388661728181062,0.9732422226979969,0.4827511572624982,0.2688749401644632,0.07626740461374332,0.6484150886535645,4.541157245635986,0.13259267807006836,1.3920211791992188,0.0,0.28363800048828125,26,0,Short
sub001-ses04-block4-game2_001::b0366,test/sub001/ses-04/sub001-ses04-block4-game2_001.npy,sub001,04,4,2,001,7379,7379,7378,7380,1,370640,370640,370692,1,0.7655313094173719,0.886707427995342,0.9968510175957159,0.5647854297086692,0.4639609920434976,0.1175394980347696,3.5830304622650146,4.2454681396484375,4.797438144683838,0.0,0.5248799324035645,0.85524582862854,26,0,Short
sub001-ses04-block4-game2_001::b0367,test/sub001/ses-04/sub001-ses04-block4-game2_001.npy,sub001,04,4,2,001,7384,7384,7383,7385,1,370910,370910,370956,2,0.8245044126524834,0.8240045608287432,1.050434858902312,0.5793307538551883,0.5678332286312995,0.20210130747699118,0.16507244110107422,0.1788339614868164,0.012430667877197266,0.0,0.23105335235595703,0.0,26,0,Short
sub001-ses04-block4-game2_001::b0368,test/sub001/ses-04/sub001-ses04-block4-game2_001.npy,sub001,04,4,2,001,7398,7411,7397,7412,14,371611,372265,372317,3,0.4977508475187565,0.5525206259022258,1.01980382594128,0.802552856401249,0.7834414824340041,0.33280179175456404,0.11147427558898926,3.628309965133667,3.5573160648345947,0.6313717365264893,0.0,0.0,26,0,Short
sub001-ses04-block4-game2_001::b0369,test/sub001/ses-04/sub001-ses04-block4-game2_001.npy,sub001,04,4,2,001,7441,7443,7440,7444,3,373834,373941,373992,1,0.8076635369060519,0.8051853198536258,1.0343661879387298,0.5712425167668156,0.553400129500027,0.11184761630676743,0.9226632118225098,0.43728160858154297,4.5002546310424805,0.3928871154785156,0.5924677848815918,0.0,26,0,Short
sub001-ses04-block4-game2_001::b0370,test/sub001/ses-04/sub001-ses04-block4-game2_001.npy,sub001,04,4,2,001,7448,7450,7447,7451,3,374204,374310,374355,1,0.7853243337561688,0.8480398720762385,1.1503678337275864,0.5311728595162054,0.5813823968411994,0.09620771733346206,0.8728330135345459,4.620481491088867,4.471095085144043,0.0,0.5768227577209473,0.3672299385070801,26,0,Short
sub001-ses04-block4-game2_001::b0371,test/sub001/ses-04/sub001-ses04-block4-game2_001.npy,sub001,04,4,2,001,7456,7458,7455,7459,3,374613,374715,374767,1,0.8016396121117274,0.8594618564772668,1.0586469077926637,0.5468056405286603,0.526093419794017,0.13008249487925222,4.554547309875488,0.21313095092773438,5.058786392211914,0.8944439888000488,0.295259952545166,0.875546932220459,26,0,Short
sub001-ses04-block4-game2_001::b0372,test/sub001/ses-04/sub001-ses04-block4-game2_001.npy,sub001,04,4,2,001,7464,7466,7463,7467,3,375045,375142,375195,1,0.8062393504303429,0.8055090252903799,0.9648552434475233,0.5357190376963273,0.5810298046613456,0.2743079549870251,0.0,0.008501052856445312,0.20802831649780273,0.0,0.10364818572998047,0.8292474746704102,26,0,Short
sub001-ses04-block4-game2_001::b0373,test/sub001/ses-04/sub001-ses04-block4-game2_001.npy,sub001,04,4,2,001,7472,7474,7471,7475,3,375463,375569,375619,1,1.1336130588727213,1.1182878225955615,0.9414152118992776,0.2255209848067895,0.3129393608295622,0.323373430506172,0.15964555740356445,4.3861565589904785,0.03598642349243164,0.5984578132629395,0.3027682304382324,0.5581002235412598,26,0,Short
sub001-ses04-block4-game2_001::b0374,test/sub001/ses-04/sub001-ses04-block4-game2_001.npy,sub001,04,4,2,001,7480,7481,7479,7482,2,375891,375947,376002,1,0.8428691256418235,0.7996811833649915,0.8326369056837332,0.5315294367859773,0.5456181385884475,0.5244082455175612,4.471297740936279,0.17882180213928223,0.020226478576660156,0.7976617813110352,0.0,0.0,26,0,Short
sub001-ses04-block4-game2_001::b0375,test/sub001/ses-04/sub001-ses04-block4-game2_001.npy,sub001,04,4,2,001,7496,7497,7495,7498,2,376752,376800,376848,1,0.8790371464258939,0.8549919963251363,0.9956704304087597,0.540887498303338,0.5187021805059195,0.3917815467808994,3.8339717388153076,0.0,0.0,0.06105160713195801,0.0,0.0,26,0,Short
sub001-ses04-block4-game2_001::b0376,test/sub001/ses-04/sub001-ses04-block4-game2_001.npy,sub001,04,4,2,001,7504,7506,7503,7507,3,377168,377271,377326,1,0.8593943431130482,0.8135226614538954,0.9262872594135152,0.5361003040863322,0.5244375792837566,0.3714430429898799,4.464641571044922,0.12506103515625,0.14943552017211914,0.7537875175476074,0.16438817977905273,0.44513845443725586,26,0,Short
sub001-ses04-block4-game2_001::b0377,test/sub001/ses-04/sub001-ses04-block4-game2_001.npy,sub001,04,4,2,001,7514,7517,7513,7518,4,377720,377875,377925,1,0.8225409542137437,1.0426221502633197,0.7708280575550658,0.5593343453895587,0.4143720540825751,0.6108904376129964,0.08641505241394043,4.092878341674805,3.7916622161865234,0.6968257427215576,0.45354223251342773,0.15959668159484863,26,0,Short
sub001-ses04-block4-game2_001::b0378,test/sub001/ses-04/sub001-ses04-block4-game2_001.npy,sub001,04,4,2,001,7522,7524,7521,7525,3,378140,378244,378294,1,0.9830293205072278,0.8240064746141036,0.9247817057378701,0.46702718578561886,0.580071096198012,0.589060093677819,0.13774323463439941,3.7502517700195312,3.842696189880371,0.6956460475921631,0.007933378219604492,0.49980974197387695,26,0,Short
sub001-ses04-block4-game2_001::b0379,test/sub001/ses-04/sub001-ses04-block4-game2_001.npy,sub001,04,4,2,001,7531,7539,7530,7540,9,378615,379046,379100,2,0.7647294048210534,1.1876363366424278,0.936959637794287,0.5627046982916377,0.0753529838458547,0.5689354855382288,0.20723724365234375,0.29360413551330566,0.6800155639648438,0.7773838043212891,0.9076721668243408,0.7595429420471191,26,0,Short
sub001-ses04-block4-game2_001::b0380,test/sub001/ses-04/sub001-ses04-block4-game2_001.npy,sub001,04,4,2,001,7548,7573,7547,7574,26,379511,380811,380860,2,0.48914061818682947,0.563729705566574,0.9843720305108075,0.8178683453025944,0.7834369691820877,0.488189837692709,0.2724924087524414,0.10083723068237305,0.12859272956848145,0.9012966156005859,1.396928071975708,0.9806704521179199,26,1,Long
sub001-ses04-block4-game2_001::b0381,test/sub001/ses-04/sub001-ses04-block4-game2_001.npy,sub001,04,4,2,001,7639,7649,7638,7650,11,384201,384706,384761,2,0.8977489349585724,0.9394449522037197,0.8415347014576079,0.48586891161270757,0.3347027241988285,0.6434111209971614,0.0,0.0,4.491726398468018,0.0,0.0,0.19180822372436523,26,0,Short
sub001-ses04-block4-game2_001::b0382,test/sub001/ses-04/sub001-ses04-block4-game2_001.npy,sub001,04,4,2,001,7668,7675,7667,7676,8,385692,386056,386109,2,0.3132876484582264,0.38079132484475076,0.6959117682491155,0.8759746273380884,0.8456882013999023,0.6798765347436445,4.336092472076416,0.0,4.5867156982421875,0.0,0.0,0.29546546936035156,26,0,Short
sub001-ses04-block4-game2_001::b0383,test/sub001/ses-04/sub001-ses04-block4-game2_001.npy,sub001,04,4,2,001,7702,7708,7701,7709,7,387456,387761,387815,2,1.3177325483498639,0.8053742961067039,0.8639094360618654,0.19763496409707437,0.46275794982033136,0.5503343524338434,5.072126388549805,0.557403564453125,1.7616558074951172,0.4621586799621582,0.2504239082336426,0.7414259910583496,26,0,Short
sub001-ses04-block4-game2_001::b0384,test/sub001/ses-04/sub001-ses04-block4-game2_001.npy,sub001,04,4,2,001,7747,7750,7746,7751,4,389714,389866,389917,1,0.48759057683338075,0.6820036565032294,0.9640899168906789,0.7953662629972904,0.6910638966927687,0.44713299374038573,0.060253143310546875,0.0,0.12437629699707031,0.6890139579772949,0.0,0.42227983474731445,26,0,Short
sub001-ses04-block4-game2_001::b0385,test/sub001/ses-04/sub001-ses04-block4-game2_001.npy,sub001,04,4,2,001,7756,7759,7755,7760,4,390174,390326,390379,1,0.8692895423929191,0.8893909433109783,0.989443481271506,0.44802123598005006,0.4111531644849108,0.24107234419374818,0.0,0.0,0.012747764587402344,0.0,0.0,0.419161319732666,26,0,Short
sub001-ses04-block4-game2_001::b0386,test/sub001/ses-04/sub001-ses04-block4-game2_001.npy,sub001,04,4,2,001,7767,7773,7766,7774,7,390748,391054,391107,2,0.8200554032727007,0.7874579234314941,0.8607348910796594,0.5017948799363251,0.5601137486443116,0.49928472549763125,0.0,0.04182243347167969,4.726223468780518,0.0,0.20627880096435547,0.7483887672424316,26,0,Short
sub001-ses04-block4-game2_001::b0387,test/sub001/ses-04/sub001-ses04-block4-game2_001.npy,sub001,04,4,2,001,7786,7793,7785,7794,8,391675,392026,392071,3,0.6246599444973656,0.7824414472873561,0.9153643975299462,0.7218815775696781,0.6013152664462609,0.19491872988289838,0.0,0.0,5.169538974761963,0.0,0.0,0.8962559700012207,26,0,Short
sub001-ses04-block4-game2_001::b0388,test/sub001/ses-04/sub001-ses04-block4-game2_001.npy,sub001,04,4,2,001,7802,7802,7801,7803,1,392471,392471,392523,1,0.5110817858865334,0.6674121972531857,0.7640285586178479,0.7996177096776644,0.647228707650038,0.5704110198018013,4.48707914352417,5.386294364929199,4.66257905960083,0.0,0.9038486480712891,0.2542147636413574,26,0,Short
sub001-ses04-block4-game2_001::b0389,test/sub001/ses-04/sub001-ses04-block4-game2_001.npy,sub001,04,4,2,001,7808,7815,7807,7816,8,392795,393145,393201,2,0.7997262893824015,0.8420485239685446,1.1070730780004476,0.5051163888158922,0.5031109305544692,0.20432828231715272,0.5835967063903809,5.769202709197998,0.0,0.8022360801696777,0.8194108009338379,0.0,26,0,Short
sub001-ses04-block4-game2_001::b0390,test/sub001/ses-04/sub001-ses04-block4-game2_001.npy,sub001,04,4,2,001,7821,7825,7820,7826,5,393430,393627,393675,1,0.8341022144834974,0.8221064652735732,0.9713424490952375,0.5808942465252922,0.5188603760276767,0.33809735309173217,4.80124044418335,4.472565650939941,0.01617908477783203,0.8618812561035156,0.06237173080444336,0.9067506790161133,26,0,Short
sub001-ses04-block4-game2_001::b0391,test/sub001/ses-04/sub001-ses04-block4-game2_001.npy,sub001,04,4,2,001,7832,7833,7831,7834,2,393991,394040,394091,1,1.052317846700662,1.0327146535549387,0.9757676835659076,0.39688915295818666,0.42432540225941495,0.35180883280172126,0.06525373458862305,0.0,0.3226804733276367,0.2983884811401367,0.0,0.4671945571899414,26,0,Short
sub001-ses04-block4-game2_001::b0392,test/sub001/ses-04/sub001-ses04-block4-game2_001.npy,sub001,04,4,2,001,7840,7841,7839,7842,2,394399,394447,394496,1,0.8134657731096935,0.831235390048428,0.9811453267032383,0.5099450544980396,0.4737154524902103,0.3589807371475067,0.04394721984863281,4.260915756225586,0.0,0.4534592628479004,0.0,0.0,26,0,Short
sub001-ses04-block4-game2_001::b0393,test/sub001/ses-04/sub001-ses04-block4-game2_001.npy,sub001,04,4,2,001,7847,7850,7846,7851,4,394751,394901,394950,1,0.8132170967300194,0.8140329268259847,1.022663503834013,0.5013975663821368,0.49281519572586047,0.35355362368878906,4.550570487976074,0.0,0.07102108001708984,0.27754926681518555,0.0,0.0,26,0,Short
sub001-ses04-block4-game2_001::b0394,test/sub001/ses-04/sub001-ses04-block4-game2_001.npy,sub001,04,4,2,001,7855,7857,7854,7858,3,395159,395257,395305,1,0.8939724677872443,0.7754681612215775,0.8681672334144209,0.43769904254518,0.49155457680388537,0.5458538179325868,0.11884927749633789,0.0,0.0,0.33336353302001953,0.0,0.0,26,0,Short
sub001-ses04-block4-game2_001::b0395,test/sub001/ses-04/sub001-ses04-block4-game2_001.npy,sub001,04,4,2,001,7863,7865,7862,7866,3,395561,395659,395713,1,0.7722133789253712,0.8412092881057819,1.4057572654016541,0.5471931446255489,0.5197223187024422,0.10724712264831365,0.10912036895751953,0.7695937156677246,0.05544614791870117,0.8571839332580566,0.6566791534423828,0.4167647361755371,26,0,Short
sub001-ses04-block4-game2_001::b0396,test/sub001/ses-04/sub001-ses04-block4-game2_001.npy,sub001,04,4,2,001,7871,7873,7870,7874,3,395972,396068,396119,1,0.808305496385789,0.7922939440061899,0.9743448541710257,0.4931303004707949,0.49688886017327416,0.3631128148132696,0.0,0.0,0.0,0.0,0.0,0.0,26,0,Short
sub001-ses04-block4-game2_001::b0397,test/sub001/ses-04/sub001-ses04-block4-game2_001.npy,sub001,04,4,2,001,7878,7880,7877,7881,3,396322,396420,396467,1,0.8372374732446328,0.9299112180581156,0.9664957059326218,0.464754645930593,0.4849340199528847,0.24546734831651545,0.1049036979675293,0.5568714141845703,0.0,0.626741886138916,0.32480382919311523,0.0,26,0,Short
sub001-ses04-block4-game2_001::b0398,test/sub001/ses-04/sub001-ses04-block4-game2_001.npy,sub001,04,4,2,001,7886,7888,7885,7889,3,396710,396802,396850,1,0.8266396916079877,0.8421559816872342,1.1224945054274442,0.5302035442648497,0.49377673553116375,0.2918309643600702,0.18868637084960938,0.0,0.6075954437255859,1.571817398071289,0.0,1.0642716884613037,26,0,Short
sub001-ses04-block4-game2_001::b0399,test/sub001/ses-04/sub001-ses04-block4-game2_001.npy,sub001,04,4,2,001,7894,7903,7893,7904,10,397094,397514,397564,1,0.8443951624951909,0.8552801112877036,0.9582865336072736,0.49795695056318034,0.4135094726468936,0.42743034466637764,0.0,0.0,0.04168128967285156,0.0,0.0,0.7281551361083984,26,0,Short
sub001-ses04-block4-game2_001::b0400,test/sub001/ses-04/sub001-ses04-block4-game2_001.npy,sub001,04,4,2,001,7910,7913,7909,7914,4,397868,398011,398057,3,0.9362337549518592,0.8460307104665664,0.9810085702259287,0.4143913705390032,0.3911256592499317,0.45179174099964914,0.010264873504638672,0.29944539070129395,3.889711856842041,0.10567808151245117,0.6466343402862549,0.06735825538635254,26,0,Short
sub001-ses04-block4-game2_001::b0401,test/sub001/ses-04/sub001-ses04-block4-game2_001.npy,sub001,04,4,2,001,7968,7972,7967,7973,5,400831,401031,401082,1,0.46716794964225866,0.43198173674602636,0.8541057134864442,0.8211549983974563,0.8311804960835552,0.5043950006323776,0.044188499450683594,4.459259033203125,4.857847690582275,0.0,0.0,0.536750316619873,26,0,Short
sub001-ses04-block4-game2_001::b0402,test/sub001/ses-04/sub001-ses04-block4-game2_001.npy,sub001,04,4,2,001,7980,7983,7979,7984,4,401457,401606,401653,1,0.842494269412877,0.8520710382649459,1.077488355323334,0.5107148128247764,0.49384724698366456,0.2883311603837924,0.017856121063232422,0.4913511276245117,4.95266580581665,1.1184468269348145,0.529141902923584,0.45288944244384766,26,0,Short
sub001-ses04-block4-game2_001::b0403,test/sub001/ses-04/sub001-ses04-block4-game2_001.npy,sub001,04,4,2,001,7988,7989,7987,7990,2,401866,401914,401962,1,0.9293780559978905,0.8024409780055415,0.9995984237169054,0.42138477341437997,0.4942803120687519,0.4351972899829297,0.1991252899169922,0.004322528839111328,0.24805593490600586,0.568608283996582,0.5643868446350098,0.3319253921508789,26,0,Short
sub001-ses04-block4-game2_001::b0404,test/sub001/ses-04/sub001-ses04-block4-game2_001.npy,sub001,04,4,2,001,7996,7998,7995,7999,3,402282,402388,402440,3,0.8886328124919818,0.6928081583720787,1.2319373625179,0.4820728618543212,0.5851849464111298,0.3290413134655802,0.028209209442138672,0.12246894836425781,3.52108097076416,0.47744083404541016,0.6596927642822266,0.0840616226196289,26,0,Short
sub001-ses04-block4-game2_001::b0405,test/sub001/ses-04/sub001-ses04-block4-game2_001.npy,sub001,04,4,2,001,8012,8028,8011,8029,17,403114,403914,403966,3,0.9141142242031334,0.9346224630894163,0.953659561201834,0.4762086112558748,0.484718358399289,0.4142796173920318,0.15418052673339844,0.0,0.17296266555786133,0.6833691596984863,0.0,0.44026613235473633,26,0,Short
sub001-ses04-block4-game2_001::b0406,test/sub001/ses-04/sub001-ses04-block4-game2_001.npy,sub001,04,4,2,001,8072,8089,8071,8090,18,406111,406937,406988,2,0.8596138115063816,0.7744950413593326,1.0243002701653214,0.5410187899623426,0.6178184240366636,0.4062418094937599,0.0,0.0,4.667917251586914,0.0,0.0,1.4797217845916748,26,0,Short
sub001-ses04-block4-game2_001::b0407,test/sub001/ses-04/sub001-ses04-block4-game2_001.npy,sub001,04,4,2,001,8172,8175,8171,8176,4,411097,411243,411294,1,1.057234933247993,1.2877941315474355,1.0865024967161832,0.26846870276859636,0.08280906797481985,0.27689358025553606,0.04972028732299805,4.164109706878662,0.0,1.667905330657959,0.1857776641845703,0.0,26,0,Short
sub001-ses04-block4-game2_001::b0408,test/sub001/ses-04/sub001-ses04-block4-game2_001.npy,sub001,04,4,2,001,8192,8194,8191,8195,3,412154,412250,412295,1,0.8366834276697144,0.929818191661738,1.1854919623469848,0.5143469276639518,0.45669639181308574,0.041669643382058086,0.4526059627532959,0.3600594997406006,3.8428449630737305,0.0,0.6198863983154297,0.5992412567138672,26,0,Short
sub001-ses04-block4-game2_001::b0409,test/sub001/ses-04/sub001-ses04-block4-game2_001.npy,sub001,04,4,2,001,8200,8202,8199,8203,3,412562,412658,412710,1,0.8744929701708688,0.8858452627490441,1.2049298765224663,0.4888230678991605,0.42852897103640025,0.4187269914562146,4.134155750274658,0.22462725639343262,1.591627597808838,0.8781685829162598,0.17482376098632812,0.661989688873291,26,0,Short
sub001-ses04-block4-game2_001::b0410,test/sub001/ses-04/sub001-ses04-block4-game2_001.npy,sub001,04,4,2,001,8208,8210,8207,8211,3,412957,413059,413111,1,0.886742247999758,0.8441402304011657,0.9577729131983007,0.49470050550885547,0.48776043174195927,0.41051768439091607,3.1055655479431152,2.642775535583496,3.9098188877105713,0.0,0.0,1.1528606414794922,26,0,Short
sub001-ses04-block4-game2_001::b0411,test/sub001/ses-04/sub001-ses04-block4-game2_001.npy,sub001,04,4,2,001,8216,8217,8215,8218,2,413375,413422,413475,1,0.8557183057222855,0.9055226527605351,0.9882070639567528,0.5045733759220814,0.5114160021624761,0.5521595888185323,0.06537246704101562,3.7512340545654297,0.10034322738647461,0.3532581329345703,0.5418083667755127,0.6023585796356201,26,0,Short
sub001-ses04-block4-game2_001::b0412,test/sub001/ses-04/sub001-ses04-block4-game2_001.npy,sub001,04,4,2,001,8224,8225,8223,8226,2,413777,413827,413879,2,0.9424234895862771,0.9266802600714901,0.7493566159816187,0.44944770358553476,0.48428117481289934,0.6727609271371651,0.0877842903137207,0.09511518478393555,4.1192169189453125,0.49908971786499023,0.3124511241912842,0.522407054901123,26,0,Short
sub001-ses04-block4-game2_001::b0413,test/sub001/ses-04/sub001-ses04-block4-game2_001.npy,sub001,04,4,2,001,8251,8251,8250,8252,1,415110,415110,415160,1,0.7999628654265645,0.9960110572278194,1.4051124763458027,0.5282651790256251,0.46294878136767253,0.05977419449816829,0.1725916862487793,4.123955726623535,0.0,0.6651370525360107,0.5828680992126465,0.0,26,0,Short
sub001-ses04-block4-game2_001::b0414,test/sub001/ses-04/sub001-ses04-block4-game2_001.npy,sub001,04,4,2,001,8257,8259,8256,8260,3,415414,415509,415560,1,0.8976442890578696,0.8286916539814536,1.223961736194054,0.490513097722611,0.5392793104813941,0.2555222838305502,0.19031786918640137,3.686178684234619,3.2517476081848145,0.02934575080871582,0.0,0.0,26,0,Short
sub001-ses04-block4-game2_001::b0415,test/sub001/ses-04/sub001-ses04-block4-game2_001.npy,sub001,04,4,2,001,8265,8265,8264,8266,1,415806,415806,415858,2,0.9862022564348776,0.840026021612072,1.0277321667084942,0.4201542970025043,0.5483663601919756,0.39253154195907497,3.3913164138793945,0.8700122833251953,0.0,0.0,0.5393295288085938,0.0,26,0,Short
sub001-ses04-block4-game2_001::b0416,test/sub001/ses-04/sub001-ses04-block4-game2_001.npy,sub001,04,4,2,001,8280,8283,8279,8284,4,416556,416699,416748,1,0.82121133320461,1.0290823582422597,1.051975569818114,0.5344278956931985,0.40004931854626363,0.3351639980091933,3.811732053756714,3.8482766151428223,3.580684185028076,0.660376787185669,0.8110413551330566,0.2110755443572998,26,0,Short
sub001-ses04-block4-game2_001::b0417,test/sub001/ses-04/sub001-ses04-block4-game2_001.npy,sub001,04,4,2,001,8288,8290,8287,8291,3,416944,417041,417090,1,0.8581419181168707,0.938649641990693,0.9390976157662556,0.5308363927639286,0.4604219081238049,0.37476469991671163,3.070650577545166,3.3603675365448,3.500603675842285,0.0,0.7636735439300537,0.2825765609741211,26,0,Short
sub001-ses04-block4-game2_001::b0418,test/sub001/ses-04/sub001-ses04-block4-game2_001.npy,sub001,04,4,2,001,8296,8300,8295,8301,5,417348,417540,417588,1,0.8437373959409608,0.9721894063033019,1.1060994240673865,0.5664993583957791,0.44426957803473854,0.2881175195753241,0.030096769332885742,2.760929584503174,0.0,0.24773192405700684,0.0,0.0,26,0,Short
sub001-ses04-block4-game2_001::b0419,test/sub001/ses-04/sub001-ses04-block4-game2_001.npy,sub001,04,4,2,001,8311,8311,8310,8312,1,418078,418078,418127,3,0.896165465455376,0.9303805169059836,0.9729425437662721,0.49156101320937806,0.4638841776710436,0.3003772356244328,2.28692626953125,2.743159294128418,0.0,0.29773712158203125,0.0,0.0,26,0,Short
sub001-ses04-block4-game2_001::b0420,test/sub001/ses-04/sub001-ses04-block4-game2_001.npy,sub001,04,4,2,001,8361,8363,8360,8364,3,420573,420669,420717,1,0.506112149958978,0.536481581216545,1.015589911851123,0.7923067059931621,0.7752152268745932,0.401636861374168,4.113553524017334,3.777705669403076,0.3182029724121094,0.30484676361083984,0.25788140296936035,0.43245506286621094,26,0,Short
sub001-ses04-block4-game2_001::b0421,test/sub001/ses-04/sub001-ses04-block4-game2_001.npy,sub001,04,4,2,001,8370,8381,8369,8382,12,421010,421556,421604,1,0.8396334064333363,0.9076127435514313,0.9197298492190866,0.5243628207922879,0.4757098470463637,0.4649555278528009,0.0,3.8841826915740967,0.0,0.0,0.23705410957336426,0.0,26,0,Short
sub001-ses04-block4-game2_001::b0422,test/sub001/ses-04/sub001-ses04-block4-game2_001.npy,sub001,04,4,2,001,8386,8389,8385,8390,4,421800,421950,422000,1,0.8945341357563398,0.8155951251006159,0.9520477661433289,0.47929814168397644,0.5246828284298055,0.5457204053989748,3.987550735473633,4.0628485679626465,0.0,0.32610201835632324,0.6541492938995361,0.0,26,0,Short
sub001-ses04-block4-game2_001::b0423,test/sub001/ses-04/sub001-ses04-block4-game2_001.npy,sub001,04,4,2,001,8395,8398,8394,8399,4,422244,422388,422432,1,0.9296951267599869,0.9321290717547112,1.0682431543377406,0.4541192108373031,0.4435913371892618,0.1552709777649391,0.36322712898254395,0.15637731552124023,2.6388461589813232,0.24768853187561035,0.4350881576538086,0.0,26,0,Short
sub001-ses04-block4-game2_001::b0424,test/sub001/ses-04/sub001-ses04-block4-game2_001.npy,sub001,04,4,2,001,8404,8406,8403,8407,3,422671,422769,422816,1,0.9264905831695374,0.9365251165892656,0.8182018710191482,0.4569206499116436,0.4631363069564378,0.5441221216837979,0.0,0.12966394424438477,3.759732484817505,0.0,0.295452356338501,0.19158625602722168,26,0,Short
sub001-ses04-block4-game2_001::b0425,test/sub001/ses-04/sub001-ses04-block4-game2_001.npy,sub001,04,4,2,001,8412,8413,8411,8414,2,423068,423120,423169,1,0.9356563414167782,0.9577349952230672,0.8788886773952207,0.44620252193688686,0.4358395070698508,0.5510198253855941,3.1050851345062256,0.33423852920532227,0.1686241626739502,0.062352657318115234,0.3065195083618164,0.47638368606567383,26,0,Short
sub001-ses04-block4-game2_001::b0426,test/sub001/ses-04/sub001-ses04-block4-game2_001.npy,sub001,04,4,2,001,8420,8421,8419,8422,2,423475,423521,423566,1,0.9559699006201346,0.9437658692339301,0.9458706807720658,0.44496131416705564,0.4857695820535237,0.5554335478452574,0.05252981185913086,0.06535124778747559,0.21231365203857422,0.15862441062927246,0.3235495090484619,0.34136486053466797,26,0,Short
sub001-ses04-block4-game2_001::b0427,test/sub001/ses-04/sub001-ses04-block4-game2_001.npy,sub001,04,4,2,001,8428,8430,8427,8431,3,423866,423963,424011,3,0.9739902387972686,0.9801403974342894,1.1040216825985132,0.4505600231242804,0.428571571763008,0.23142248512052965,0.2677273750305176,2.974583864212036,3.427112102508545,0.26593637466430664,0.0,0.7294104099273682,26,0,Short
sub001-ses04-block4-game2_001::b0428,test/sub001/ses-04/sub001-ses04-block4-game2_001.npy,sub001,04,4,2,001,8460,8463,8459,8464,4,425448,425595,425646,1,0.9089366673857808,0.9529846089668076,1.4127384310730944,0.4372089817219936,0.4257280068205318,0.11325843731657442,0.07594680786132812,2.911036491394043,0.10080933570861816,0.4243147373199463,0.0,0.15481352806091309,26,0,Short
sub001-ses04-block4-game2_001::b0429,test/sub001/ses-04/sub001-ses04-block4-game2_001.npy,sub001,04,4,2,001,8468,8470,8467,8471,3,425854,425951,425995,1,0.9228033225034458,0.9217811138776513,1.0139835880862909,0.4758204125207318,0.484755539903153,0.39716741411694756,3.7021608352661133,0.11037516593933105,3.5706417560577393,0.338848352432251,0.017755985260009766,0.39148902893066406,26,0,Short
sub001-ses04-block4-game2_001::b0430,test/sub001/ses-04/sub001-ses04-block4-game2_001.npy,sub001,04,4,2,001,8476,8478,8475,8479,3,426257,426356,426405,1,0.9217584068869422,1.0186274580139736,0.8430478371711202,0.47552439839980454,0.38398645043837376,0.5557228059749832,0.031935691833496094,0.0,0.0974118709564209,0.3871908187866211,0.0,0.013244390487670898,26,0,Short
sub001-ses04-block4-game2_001::b0431,test/sub001/ses-04/sub001-ses04-block4-game2_001.npy,sub001,04,4,2,001,8485,8487,8484,8488,3,426708,426804,426853,1,1.0271312065112606,0.9859768366382777,1.4231194397404683,0.4200187352556192,0.42919784318512877,0.017630943994735027,0.7154395580291748,0.0,0.1890559196472168,0.0,0.0,0.08582210540771484,26,0,Short
sub001-ses04-block4-game2_001::b0432,test/sub001/ses-04/sub001-ses04-block4-game2_001.npy,sub001,04,4,2,001,8512,8513,8511,8514,2,428051,428105,428153,2,0.978503160734889,0.9854479712105908,1.006786187373367,0.476453738910803,0.4235840425375861,0.49975420075847576,2.8075621128082275,2.7308719158172607,2.934570789337158,0.35783886909484863,0.6204354763031006,0.6367199420928955,26,0,Short
sub001-ses04-block4-game2_001::b0433,test/sub001/ses-04/sub001-ses04-block4-game2_001.npy,sub001,04,4,2,001,8531,8535,8530,8536,5,429014,429209,429258,1,1.0951912590162465,1.042212032054109,0.9571340541301684,0.3657705720946164,0.4348572326338066,0.5258255785543196,0.0,0.11740255355834961,2.505410671234131,0.0,0.024682283401489258,0.0,26,0,Short
sub001-ses04-block4-game2_001::b0434,test/sub001/ses-04/sub001-ses04-block4-game2_001.npy,sub001,04,4,2,001,8549,8551,8548,8552,3,429909,430011,430058,1,1.2908175513840212,1.061445127887775,1.0076267068068399,0.08742488404097964,0.39624110457401707,0.4216836845436239,0.5668365955352783,2.87347412109375,3.284327268600464,0.24669504165649414,0.2271122932434082,0.6236112117767334,26,0,Short
sub001-ses04-block4-game2_001::b0435,test/sub001/ses-04/sub001-ses04-block4-game2_001.npy,sub001,04,4,2,001,8558,8561,8557,8562,4,430356,430511,430562,1,1.0707747699157109,1.0304712554505093,1.0528962845672878,0.4027178504543938,0.4167897604377149,0.44877883100929106,2.903210401535034,0.0,2.9551796913146973,0.0,0.0,0.0,26,0,Short
sub001-ses04-block4-game2_001::b0436,test/sub001/ses-04/sub001-ses04-block4-game2_001.npy,sub001,04,4,2,001,8570,8571,8569,8572,2,430944,430995,431052,1,1.1625052258181756,1.1327242551408652,1.1466219939673763,0.1894715097046042,0.26061962887469664,0.3230180021639801,0.11742091178894043,0.0,0.004389524459838867,0.390855073928833,0.0,0.5049128532409668,26,0,Short
sub001-ses04-block4-game2_001::b0437,test/sub001/ses-04/sub001-ses04-block4-game2_001.npy,sub001,04,4,2,001,8580,8583,8579,8584,4,431457,431615,431662,1,0.9330938796026867,1.0310463009750452,0.9785760992737578,0.48343778403780924,0.3987861849197516,0.5147161337657099,0.31753063201904297,0.30485987663269043,0.2540621757507324,0.5108127593994141,0.3513939380645752,0.314453125,26,0,Short
sub001-ses04-block4-game2_001::b0438,test/sub001/ses-04/sub001-ses04-block4-game2_001.npy,sub001,04,4,2,001,8590,8592,8589,8593,3,431959,432062,432113,1,0.8574489139531736,1.0236470955430337,1.2358536372360729,0.473710368300606,0.40943011312793637,0.1848492641581475,3.0276710987091064,0.584648609161377,2.831613779067993,0.6626551151275635,0.25714969635009766,0.09534239768981934,26,0,Short
sub001-ses04-block4-game2_001::b0439,test/sub001/ses-04/sub001-ses04-block4-game2_001.npy,sub001,04,4,2,001,8598,8601,8597,8602,4,432363,432509,432556,1,0.9833368825417985,0.9192072337991561,0.9591296966298857,0.44371605587133056,0.45576950358086127,0.5086971243687527,2.8126652240753174,0.0,0.0,0.24430489540100098,0.0,0.0,26,0,Short
sub001-ses04-block4-game2_001::b0440,test/sub001/ses-04/sub001-ses04-block4-game2_001.npy,sub001,04,4,2,001,8608,8610,8607,8611,3,432849,432942,432992,1,1.0253970769331258,1.0645051934638607,1.1035014166977648,0.416322411508935,0.3769608424255245,0.3932691435146958,0.0,0.0,2.655668258666992,0.0,0.0,0.41098666191101074,26,0,Short
sub001-ses04-block4-game2_001::b0441,test/sub001/ses-04/sub001-ses04-block4-game2_001.npy,sub001,04,4,2,001,8616,8619,8615,8620,4,433242,433389,433440,1,1.0157096207943974,1.1341826095400829,1.3600195724181385,0.44810885870799494,0.34185440945207857,0.2769261079017723,2.324772834777832,2.492655038833618,2.652689218521118,0.11736917495727539,0.329723596572876,0.3614926338195801,26,0,Short
sub001-ses04-block4-game2_001::b0442,test/sub001/ses-04/sub001-ses04-block4-game2_001.npy,sub001,04,4,2,001,8626,8627,8625,8628,2,433728,433774,433822,1,1.1363584674893206,1.044651959298824,1.3335055175486275,0.3199474199132336,0.4189531869929855,0.19336013003064417,2.501925230026245,0.1799933910369873,0.26462602615356445,0.0,0.17644858360290527,0.8359622955322266,26,0,Short
sub001-ses04-block4-game2_001::b0443,test/sub001/ses-04/sub001-ses04-block4-game2_001.npy,sub001,04,4,2,001,8634,8635,8633,8636,2,434117,434163,434213,1,1.139898150696704,1.1456782453832473,1.2146655721952975,0.3462094021697161,0.36844842521845633,0.3104140302368069,0.027409791946411133,0.11895322799682617,0.0,0.7001481056213379,0.0,0.0,26,0,Short
sub001-ses04-block4-game2_001::b0444,test/sub001/ses-04/sub001-ses04-block4-game2_001.npy,sub001,04,4,2,001,8643,8649,8642,8650,7,434559,434856,434909,1,1.1535454938543772,1.1183578029780805,1.3209812092565005,0.4625088889719099,0.43955465278985517,0.30695054867552996,1.9061720371246338,0.0,0.02372133731842041,0.3739936351776123,0.0,0.0,26,0,Short
sub001-ses04-block4-game2_001::b0445,test/sub001/ses-04/sub001-ses04-block4-game2_001.npy,sub001,04,4,2,001,8703,8709,8702,8710,7,437564,437859,437908,2,0.3978135273444512,0.39269811460202364,1.1258871944010893,0.8527536672065168,0.8438207226090633,0.46561402843491273,1.6488863229751587,0.008391857147216797,0.0,0.0,0.19739675521850586,0.0,26,0,Short
sub001-ses04-block4-game2_001::b0446,test/sub001/ses-04/sub001-ses04-block4-game2_001.npy,sub001,04,4,2,001,8724,8728,8723,8729,5,438627,438831,438880,3,0.9831410408338348,0.6978282923545045,0.8038278506941311,0.41596301303397687,0.7054299237212439,0.7019986536149058,1.4606890678405762,1.5553191900253296,0.0,0.0,0.4454162120819092,0.0,26,0,Short
sub001-ses04-block4-game2_001::b0447,test/sub001/ses-04/sub001-ses04-block4-game2_001.npy,sub001,04,4,2,001,8784,8786,8783,8787,3,441695,441795,441840,1,1.0849417185613248,1.080299548730833,1.3168289640850663,0.46219149232205653,0.4685801799784798,0.3003550354901363,0.0,0.0,1.6705368757247925,0.0,0.0,0.0,26,0,Short
sub001-ses04-block4-game2_001::b0448,test/sub001/ses-04/sub001-ses04-block4-game2_001.npy,sub001,04,4,2,001,8793,8798,8792,8799,6,442131,442382,442428,3,1.1142243447503462,1.1059892515714524,1.262713896252902,0.4126596573624084,0.4493564382550663,0.3001319922004075,0.12591373920440674,0.25606656074523926,2.1620521545410156,0.41031837463378906,0.08081245422363281,0.4051631689071655,26,0,Short
sub001-ses04-block4-game2_001::b0449,test/sub001/ses-04/sub001-ses04-block4-game2_001.npy,sub001,04,4,2,001,8833,8835,8832,8836,3,444184,444283,444338,1,0.9647432846586631,1.061199254940317,1.040867625546916,0.4569402397165505,0.5444813427886208,0.5452583213292881,0.0015714168548583984,1.2771589756011963,0.09555959701538086,0.0,0.014916181564331055,0.25686609745025635,26,0,Short
sub001-ses04-block4-game2_001::b0450,test/sub001/ses-04/sub001-ses04-block4-game2_001.npy,sub001,04,4,2,001,8841,8844,8840,8845,4,444602,444760,444813,1,1.1774721282936593,1.0970487357633512,1.184299499157743,0.44427442205472245,0.48424552836733825,0.412017165924083,1.502420425415039,1.7559205293655396,0.521263837814331,0.0,0.06782650947570801,0.08604812622070312,26,0,Short
sub001-ses04-block4-game2_001::b0451,test/sub001/ses-04/sub001-ses04-block4-game2_001.npy,sub001,04,4,2,001,8849,8856,8848,8857,8,445014,445375,445425,2,1.1541077078880126,0.9968771424900857,0.9650818323796478,0.4844223122758855,0.5817496163288634,0.55525325571103,0.1562124490737915,0.7700753808021545,0.16250765323638916,0.0,0.0,0.04075980186462402,26,0,Short
sub001-ses04-block4-game2_001::b0452,test/sub001/ses-04/sub001-ses04-block4-game2_001.npy,sub001,04,4,2,001,8894,8899,8893,8900,6,447319,447572,447624,2,0.7509339582706416,0.7334067404708764,1.1918112742534483,0.6672490977859998,0.6744068359073452,0.3931733770064308,2.0322139263153076,1.955668568611145,0.0,0.5194782018661499,0.256891131401062,0.0,26,0,Short
sub001-ses04-block4-game2_001::b0453,test/sub001/ses-04/sub001-ses04-block4-game2_001.npy,sub001,04,4,2,001,8914,8919,8913,8920,6,448342,448592,448643,3,0.6554678221455895,0.6706250571651062,1.0202795989526172,0.7459236558138558,0.7142949713533585,0.5088705407248216,0.18834376335144043,2.2850863933563232,0.0,0.24237513542175293,0.25899386405944824,0.0,26,0,Short
sub001-ses04-block4-game2_001::b0454,test/sub001/ses-04/sub001-ses04-block4-game2_001.npy,sub001,04,4,2,001,8938,8940,8937,8941,3,449547,449653,449706,1,0.4612535546351739,0.45823013359185405,1.06163898281894,0.8259897615147419,0.8184738335163149,0.44307148971424404,0.1721566915512085,0.0,0.023604631423950195,0.10718584060668945,0.0,0.30280303955078125,26,0,Short
sub001-ses04-block4-game2_001::b0455,test/sub001/ses-04/sub001-ses04-block4-game2_001.npy,sub001,04,4,2,001,8948,8949,8947,8950,2,450068,450118,450168,1,0.987584941437108,1.082656934871695,1.1499654065081355,0.49578461940028995,0.4264792989423035,0.45859399412332486,0.15574145317077637,2.284916400909424,0.4086986780166626,0.3546786308288574,0.37409353256225586,0.1995995044708252,26,0,Short
sub001-ses04-block4-game2_001::b0456,test/sub001/ses-04/sub001-ses04-block4-game2_001.npy,sub001,04,4,2,001,8955,8956,8954,8957,2,450419,450470,450517,1,1.2098074090881394,1.1659328694896085,1.1375135601664437,0.3536858031119653,0.42965576181272835,0.39271183796819625,0.053349971771240234,2.611748456954956,0.03182578086853027,0.2743164300918579,0.7543528079986572,0.8471112251281738,26,0,Short
sub001-ses04-block4-game2_001::b0457,test/sub001/ses-04/sub001-ses04-block4-game2_001.npy,sub001,04,4,2,001,9016,9031,9015,9032,16,453561,454342,454397,3,0.6563024080582835,0.6911004030872565,1.2321835193853676,0.7305294885779424,0.7248517217364954,0.4383931730853069,2.0061802864074707,0.0,0.0,0.18677330017089844,0.0,0.0,26,0,Short
sub001-ses04-block4-game2_001::b0458,test/sub001/ses-04/sub001-ses04-block4-game2_001.npy,sub001,04,4,2,001,9069,9071,9068,9072,3,456338,456437,456485,1,1.218231883175386,1.2572720655451637,0.8077411460176173,0.21065312120753898,0.2419885702595188,0.6821656722357582,0.0,0.0,1.4410524368286133,0.0,0.0,0.0,26,0,Short
sub001-ses04-block4-game2_001::b0459,test/sub001/ses-04/sub001-ses04-block4-game2_001.npy,sub001,04,4,2,001,9076,9085,9075,9086,10,456694,457137,457185,2,1.2242278871963053,1.2300643249795797,0.9331214542448831,0.4200035856059968,0.3138383372980823,0.6467773996174948,0.22097063064575195,0.0,0.0,0.0,0.0,0.0,26,0,Short
sub001-ses04-block4-game2_001::b0460,test/sub001/ses-04/sub001-ses04-block4-game2_001.npy,sub001,04,4,2,001,9132,9135,9131,9136,4,459450,459590,459637,3,0.8793635253418187,0.8663290508646581,1.0681049316437108,0.5861184224278713,0.6072288002523594,0.5246891014587025,0.379764199256897,0.0004793405532836914,0.03495001792907715,1.1165118217468262,0.035791635513305664,0.11844706535339355,26,0,Short
sub001-ses04-block4-game2_001::b0461,test/sub001/ses-04/sub001-ses04-block4-game2_001.npy,sub001,04,4,2,001,9147,9167,9146,9168,21,460178,461180,461229,1,0.7041967130103378,0.641312800715862,1.2163824884436965,0.6408752526722433,0.6825860189601204,0.40065498167424446,1.3917598724365234,1.347805142402649,0.11147022247314453,0.14633750915527344,0.0,0.6610150337219238,26,0,Short
sub001-ses04-block4-game2_001::b0462,test/sub001/ses-04/sub001-ses04-block4-game2_001.npy,sub001,04,4,2,001,9174,9223,9173,9224,50,461537,463913,463958,1,1.2722607483878592,1.1509661634332087,1.0917154754399403,0.35891392135720335,0.4471707172373296,0.4714612055520755,0.3361845016479492,0.0,0.0,0.0,0.0,0.0,26,1,Long
sub001-ses04-block4-game2_001::b0463,test/sub001/ses-04/sub001-ses04-block4-game2_001.npy,sub001,04,4,2,001,9261,9263,9260,9264,3,465808,465906,465954,1,1.1069990021189002,0.9648611781880906,1.1875428749511459,0.45173880013739154,0.5782177931143437,0.32395723518280906,0.027151107788085938,1.957380771636963,1.9546937942504883,0.06235361099243164,0.13534855842590332,0.0,26,0,Short
sub001-ses04-block4-game2_001::b0464,test/sub001/ses-04/sub001-ses04-block4-game2_001.npy,sub001,04,4,2,001,9269,9286,9268,9287,18,466202,467017,467069,2,1.1265656375943989,1.1221734002565855,1.215122406577071,0.4280739604430893,0.4751790597062827,0.41394394448387484,2.023317575454712,0.033490896224975586,0.10528790950775146,0.10711193084716797,0.4017859697341919,0.37947845458984375,26,0,Short
sub001-ses04-block4-game2_001::b0465,test/sub001/ses-04/sub001-ses04-block4-game2_001.npy,sub001,04,4,2,001,9308,9309,9307,9310,2,468051,468096,468146,1,1.2025056007769106,1.252286170885409,1.3332186200866158,0.33971667816406714,0.3107222788244348,0.23773915585233002,0.5002554655075073,1.3747564554214478,0.34072399139404297,0.8877851963043213,0.08690571784973145,0.15641355514526367,26,0,Short
sub001-ses04-block4-game2_001::b0466,test/sub001/ses-04/sub001-ses04-block4-game2_001.npy,sub001,04,4,2,001,9314,9317,9313,9318,4,468341,468482,468531,1,1.1482113794611706,1.1601956070463089,1.2455041893876453,0.4010091130616387,0.4085102853107347,0.3422597020130508,0.29548585414886475,0.0,0.038275718688964844,0.1747570037841797,0.0,0.0,26,0,Short
sub001-ses04-block4-game2_001::b0467,test/sub001/ses-04/sub001-ses04-block4-game2_001.npy,sub001,04,4,2,001,9322,9331,9321,9332,10,468719,469149,469201,2,1.2011730714322935,1.122077294550311,1.0798384327785813,0.3846754829584147,0.45114861106022375,0.46832773715898307,0.0,0.0,1.3351062536239624,0.0,0.0,0.22491919994354248,26,0,Short
sub001-ses04-block4-game2_001::b0468,test/sub001/ses-04/sub001-ses04-block4-game2_001.npy,sub001,04,4,2,001,9350,9353,9349,9354,4,470075,470234,470289,3,1.1651247705918069,1.0803673849196245,0.930426155745103,0.2559729822701853,0.375412850019457,0.6303529983413276,0.0739259123802185,0.9161452054977417,0.3432180881500244,0.06803035736083984,0.05766761302947998,0.13563895225524902,26,0,Short
sub001-ses04-block4-game2_001::b0469,test/sub001/ses-04/sub001-ses04-block4-game2_001.npy,sub001,04,4,2,001,9391,9419,9390,9420,29,472154,473510,473561,2,1.0858859396325249,1.0999305645323958,0.9678847690356076,0.22493618652279024,0.3968165066106104,0.6285931761704631,0.039559125900268555,1.1012969017028809,0.014070987701416016,0.08408194780349731,0.16765135526657104,0.0,26,1,Long
sub001-ses04-block4-game2_001::b0470,test/sub001/ses-04/sub001-ses04-block4-game2_001.npy,sub001,04,4,2,001,9520,9527,9519,9528,8,478458,478804,478851,3,0.7734688562422258,0.9538053040011759,1.1595643259886144,0.6575407535999347,0.48815686755718285,0.3602833686537101,1.94390869140625,0.1221088171005249,1.9715185165405273,1.2978986501693726,0.07066154479980469,0.4121363162994385,26,0,Short
sub001-ses04-block4-game2_001::b0471,test/sub001/ses-04/sub001-ses04-block4-game2_001.npy,sub001,04,4,2,001,9616,9639,9615,9640,24,483163,484266,484311,1,0.3238439445619211,0.32015340655621016,0.9569052759310758,0.8775841771389009,0.889310724134131,0.6340546466216269,0.8358848690986633,0.8344520330429077,0.0,0.0,0.06705212593078613,0.0,26,0,Short
sub001-ses04-block4-game2_001::b0472,test/sub001/ses-04/sub001-ses04-block4-game2_001.npy,sub001,04,4,2,001,9646,9655,9645,9656,10,484593,485013,485062,2,1.1301483523698286,1.343732443333494,0.7001381142984205,0.3840475034984867,0.31220614451756834,0.7566800240886029,2.0199098587036133,0.33425474166870117,1.5216920375823975,1.8673072457313538,1.5405267477035522,1.0588098168373108,26,0,Short
sub001-ses04-block4-game2_001::b0473,test/sub001/ses-04/sub001-ses04-block4-game2_001.npy,sub001,04,4,2,001,9684,9703,9683,9704,20,486429,487367,487412,2,1.0846959093150281,1.0672025224867758,0.7232130761079368,0.3471432482702901,0.4137028388341861,0.7127139727705949,0.0,1.9130107164382935,0.4079187512397766,0.0,1.0456660985946655,0.0,26,0,Short
sub001-ses04-block4-game2_001::b0474,test/sub001/ses-04/sub001-ses04-block4-game2_001.npy,sub001,04,4,2,001,9716,9726,9715,9727,11,488021,488486,488533,1,1.1287195037508817,0.530429085580891,1.2363447495330242,0.3833393429263383,0.7823775283043191,0.3240837651101097,0.3100721836090088,0.0,0.0,1.5307409763336182,0.0,0.0,26,0,Short
sub001-ses04-block4-game2_001::b0475,test/sub001/ses-04/sub001-ses04-block4-game2_001.npy,sub001,04,4,2,001,9732,9931,9731,9932,200,488789,498661,498706,2,1.0751630007277198,1.0758045025478171,0.6497909604828956,0.3867683381274546,0.4956490184426502,0.6730341288612406,0.07721757888793945,0.06421232223510742,4.53180456161499,0.0,0.0,1.057070016860962,26,1,Long
sub001-ses04-block4-game2_001::b0476,test/sub001/ses-04/sub001-ses04-block4-game2_001.npy,sub001,04,4,2,001,9942,9943,9941,9944,2,499217,499268,499323,1,1.0799122551588836,1.1209041044023385,0.8099549570870032,0.24295917809710554,0.3324652570898512,0.6171027760380308,0.3136892318725586,0.5220041275024414,0.500859260559082,1.8102798461914062,1.2295374870300293,0.17386388778686523,26,0,Short
sub001-ses04-block4-game2_001::b0477,test/sub001/ses-04/sub001-ses04-block4-game2_001.npy,sub001,04,4,2,001,9949,9952,9948,9953,4,499601,499751,499801,2,0.8132388186950653,1.0280617994038053,0.9147581897011214,0.47252320270750575,0.3590330242318517,0.606560642550794,0.28524208068847656,4.132004737854004,4.072159767150879,0.804955005645752,0.0,0.6494400501251221,26,0,Short
sub001-ses04-block4-game2_001::b0478,test/sub001/ses-04/sub001-ses04-block4-game2_001.npy,sub001,04,4,2,001,10000,10011,9999,10012,12,502118,502641,502692,2,1.2027999283165585,0.834924631902847,0.7169332480164134,0.33588092862604657,0.49200901535120933,0.6959839163844292,4.280546188354492,4.100022792816162,4.650718688964844,0.7391402721405029,0.0,1.2435860633850098,26,0,Short
sub001-ses04-block4-game2_001::b0479,test/sub001/ses-04/sub001-ses04-block4-game2_001.npy,sub001,04,4,2,001,10045,10053,10044,10054,9,504351,504748,504799,2,1.2795982060450506,0.8318043687381644,0.6947303431390565,0.2722460256206918,0.47178291404576767,0.7185179030519384,0.2509794235229492,0.0,0.37308740615844727,1.6581945419311523,0.0,1.784078598022461,26,0,Short
sub001-ses04-block4-game2_001::b0480,test/sub001/ses-04/sub001-ses04-block4-game2_001.npy,sub001,04,4,2,001,10082,10082,10081,10083,1,506230,506230,506282,1,0.8045562265402915,0.8604159389539474,0.8725958616425367,0.5262888786871941,0.5151513832496359,0.5242975409343273,0.9365005493164062,0.9686417579650879,0.5391745567321777,2.6497507095336914,1.842371940612793,0.7759599685668945,26,0,Short
sub001-ses04-block4-game2_001::b0481,test/sub001/ses-04/sub001-ses04-block4-game2_001.npy,sub001,04,4,2,001,10091,10094,10090,10095,4,506711,506860,506909,2,0.852121495028331,0.8866259965426638,0.9473900609859263,0.40305803276709445,0.3248540208422117,0.5625695309719435,0.3244051933288574,0.11514902114868164,4.962358474731445,0.9804544448852539,0.7337007522583008,2.3201115131378174,26,0,Short
sub001-ses04-block4-game2_001::b0482,test/sub001/ses-04/sub001-ses04-block4-game2_001.npy,sub001,04,4,2,001,10124,10126,10123,10127,3,508328,508448,508504,3,1.2040684894569424,0.8104487562949871,0.19049745457128495,0.1514463847909458,0.4664147012850279,0.9428891463887926,0.16589707136154175,0.1322839856147766,0.010874181985855103,0.0,0.0,0.010417699813842773,26,0,Short
sub001-ses04-block4-game2_001::b0483,test/sub001/ses-04/sub001-ses04-block4-game2_001.npy,sub001,04,4,2,001,10155,10312,10154,10313,158,510221,519036,519089,2,0.5040601943248636,0.3362457365364986,0.2719890566795441,0.7257943455206888,0.8403026909706889,0.9113116236916009,0.19759616255760193,0.0,0.41304540634155273,0.0,0.0,0.0,26,1,Long
sub001-ses04-block4-game2_001::b0484,test/sub001/ses-04/sub001-ses04-block4-game2_001.npy,sub001,04,4,2,001,10322,10332,10321,10333,11,519533,520035,520079,1,0.6408327643212162,0.6429448787414855,0.719295028110391,0.6756346147886124,0.6351012616844925,0.6763934806848739,0.0019311904907226562,4.292283535003662,4.204461097717285,0.2543315887451172,0.0,0.0,26,0,Short
sub001-ses04-block4-game2_001::b0485,test/sub001/ses-04/sub001-ses04-block4-game2_001.npy,sub001,04,4,2,001,10337,10348,10336,10349,12,520283,520846,520901,2,0.8120814947168179,0.8839136221984362,0.8381559710454834,0.48501117366827856,0.42940726224801806,0.5156924656721653,4.4334845542907715,4.396109104156494,0.13591957092285156,0.027940750122070312,0.1558547019958496,0.0,26,0,Short
sub001-ses04-block4-game2_001::b0486,test/sub001/ses-04/sub001-ses04-block4-game2_001.npy,sub001,04,4,2,001,10364,10367,10363,10368,4,521638,521790,521839,3,0.6277504584914971,0.7132090140621161,1.1287515475439471,0.6790361725538161,0.6892503515283022,0.3034108772208408,0.0,0.0,5.66482400894165,0.0,0.0,0.8361124992370605,26,0,Short
sub001-ses04-block4-game2_001::b0487,test/sub001/ses-04/sub001-ses04-block4-game2_001.npy,sub001,04,4,2,001,10394,10395,10393,10396,2,523214,523266,523321,1,1.012880959040336,0.9038556058065015,0.9879727865660844,0.5398761933768967,0.373539543924148,0.2582797285250992,5.657073020935059,5.714178085327148,5.994514465332031,0.13272762298583984,0.050498008728027344,0.4459829330444336,26,0,Short
sub001-ses04-block4-game2_001::b0488,test/sub001/ses-04/sub001-ses04-block4-game2_001.npy,sub001,04,4,2,001,10400,10402,10399,10403,3,523546,523652,523706,1,0.7738087557631252,0.6949610889921707,0.9516432969435829,0.4917524581516406,0.5923857934206651,0.21256882498004825,0.02124309539794922,0.7708635330200195,0.2879910469055176,0.0,0.41965389251708984,0.01075601577758789,26,0,Short
sub001-ses04-block4-game2_001::b0489,test/sub001/ses-04/sub001-ses04-block4-game2_001.npy,sub001,04,4,2,001,10408,10409,10407,10410,2,523986,524040,524093,1,0.6552827944990807,0.7529118565499566,0.87857434859166,0.6405502854527193,0.49049306602111686,0.35407578884464713,6.257652282714844,0.0,0.24460172653198242,0.18543100357055664,0.0,0.5393328666687012,26,0,Short
sub001-ses04-block4-game2_001::b0490,test/sub001/ses-04/sub001-ses04-block4-game2_001.npy,sub001,04,4,2,001,10414,10416,10413,10417,3,524318,524422,524475,1,0.706800896805859,0.7211899166763325,0.942454392999594,0.5457329026584274,0.5529670712499183,0.1461762888562274,0.05615425109863281,0.04921531677246094,0.09455394744873047,0.2276158332824707,0.8473763465881348,0.2975802421569824,26,0,Short
sub001-ses04-block4-game2_001::b0491,test/sub001/ses-04/sub001-ses04-block4-game2_001.npy,sub001,04,4,2,001,10422,10422,10421,10423,1,524742,524742,524793,1,0.6993611068950878,0.6584772490530626,0.9713017005252991,0.5859837073185307,0.617566477297473,0.18936223928194534,0.38335561752319336,6.114017963409424,0.02657604217529297,0.31055688858032227,0.17249774932861328,0.39283323287963867,26,0,Short
sub001-ses04-block4-game2_001::b0492,test/sub001/ses-04/sub001-ses04-block4-game2_001.npy,sub001,04,4,2,001,10428,10429,10427,10430,2,525070,525125,525175,1,0.7271773186777347,0.8446993959132238,1.0635470331330295,0.5283131908619301,0.5798899433998654,0.4271635013676013,0.7176904678344727,0.07212495803833008,0.12482404708862305,0.0,0.5580687522888184,0.6668620109558105,26,0,Short
sub001-ses04-block4-game2_001::b0493,test/sub001/ses-04/sub001-ses04-block4-game2_001.npy,sub001,04,4,2,001,10435,10437,10434,10438,3,525450,525552,525603,1,0.7635650118191766,0.776636497255321,1.0421891889595623,0.5537971594063184,0.5339020521282959,0.15616446228793335,5.747375011444092,0.13865184783935547,0.11141681671142578,0.5903325080871582,0.7354068756103516,0.6835627555847168,26,0,Short
sub001-ses04-block4-game2_001::b0494,test/sub001/ses-04/sub001-ses04-block4-game2_001.npy,sub001,04,4,2,001,10442,10444,10441,10445,3,525823,525928,525978,1,0.7949148306990078,0.9102841841973413,0.9907994315430828,0.5620267264517449,0.47941224061781834,0.17628963116791901,0.5478558540344238,0.08617687225341797,0.019915103912353516,0.16364049911499023,0.33269739151000977,0.592470645904541,26,0,Short
sub001-ses04-block4-game2_001::b0495,test/sub001/ses-04/sub001-ses04-block4-game2_001.npy,sub001,04,4,2,001,10450,10451,10449,10452,2,526252,526302,526354,1,1.1211836740654924,0.7732553296104943,1.0693680391601994,0.19446692094780632,0.5846568536850183,0.019371414497744377,0.5566673278808594,0.33664464950561523,5.231596946716309,0.8022232055664062,0.03388071060180664,0.2059006690979004,26,0,Short
sub001-ses04-block4-game2_001::b0496,test/sub001/ses-04/sub001-ses04-block4-game2_001.npy,sub001,04,4,2,001,10457,10458,10456,10459,2,526629,526681,526730,1,0.8099573900953896,0.8630306357471683,1.0728532484451254,0.5131126014966295,0.47140938584526204,0.1442278562745326,4.7245306968688965,0.35240793228149414,5.105866432189941,0.0,0.4118309020996094,0.29778337478637695,26,0,Short
sub001-ses04-block4-game2_001::b0497,test/sub001/ses-04/sub001-ses04-block4-game2_001.npy,sub001,04,4,2,001,10464,10465,10463,10466,2,526989,527040,527090,1,0.996256236399826,0.8608485559168068,1.0391144740619456,0.4671059648691069,0.5043292577082589,0.37745676799072103,4.448830604553223,0.0,0.041559696197509766,0.0,0.0,0.688962459564209,26,0,Short
sub001-ses04-block4-game2_001::b0498,test/sub001/ses-04/sub001-ses04-block4-game2_001.npy,sub001,04,4,2,001,10472,10473,10471,10474,2,527418,527476,527523,1,0.8251355261270273,0.773777590075923,0.9168868621461119,0.534442581735791,0.5297824156739596,0.40283992225199344,0.13492393493652344,4.699470520019531,0.0,0.0,0.1512432098388672,0.0,26,0,Short
sub001-ses04-block4-game2_001::b0499,test/sub001/ses-04/sub001-ses04-block4-game2_001.npy,sub001,04,4,2,001,10479,10481,10478,10482,3,527796,527892,527941,1,0.7310337187205609,1.1108778685174787,0.9469970599545225,0.5576424629101444,0.026974676119210894,0.4552788783232004,0.2940044403076172,4.921104431152344,0.0,0.7656726837158203,0.6094865798950195,0.0,26,0,Short
sub001-ses04-block4-game2_001::b0500,test/sub001/ses-04/sub001-ses04-block4-game2_001.npy,sub001,04,4,2,001,10486,10489,10485,10490,4,528160,528314,528362,1,0.8700783561629656,0.7494497732331522,0.8057737051787395,0.4508019168864516,0.5672262479477628,0.5458579277496112,0.0491938591003418,5.066359043121338,4.962667942047119,0.42091989517211914,0.27680110931396484,0.13567018508911133,26,0,Short
sub001-ses04-block4-game2_001::b0501,test/sub001/ses-04/sub001-ses04-block4-game2_001.npy,sub001,04,4,2,001,10494,10497,10493,10498,4,528570,528718,528770,1,0.8537600613328654,0.777104007703953,0.9088985811046307,0.5332261984050694,0.5849356522222605,0.47417098642415495,4.745011806488037,4.301440715789795,0.0298614501953125,0.16471433639526367,0.0,0.14840221405029297,26,0,Short
sub001-ses04-block4-game2_001::b0502,test/sub001/ses-04/sub001-ses04-block4-game2_001.npy,sub001,04,4,2,001,10502,10503,10501,10504,2,528976,529026,529077,2,0.9836222200495596,0.8238436836181904,0.9092357463899456,0.4890915529130053,0.5487676919393425,0.4570139485123932,0.2820134162902832,4.958735466003418,0.7723727226257324,0.574491024017334,0.2573542594909668,0.6253933906555176,26,0,Short
sub001-ses04-block4-game2_001::b0503,test/sub001/ses-04/sub001-ses04-block4-game2_001.npy,sub001,04,4,2,001,10512,10513,10511,10514,2,529479,529531,529578,1,0.5068078786492847,0.5561258442940862,0.8609835289273757,0.803335615293928,0.7673499779049543,0.41528731439881866,0.022182464599609375,3.9198877811431885,5.0102643966674805,0.3790111541748047,0.0,1.4154300689697266,26,0,Short
sub001-ses04-block4-game2_001::b0504,test/sub001/ses-04/sub001-ses04-block4-game2_001.npy,sub001,04,4,2,001,10517,10520,10516,10521,4,529742,529890,529943,1,1.0501823066289013,0.9895846894942887,1.13954384820673,0.4133053185469955,0.4777848486549264,0.006932031112200754,4.488795757293701,4.406158924102783,0.20371007919311523,0.7055816650390625,0.17946386337280273,1.0172762870788574,26,0,Short
sub001-ses04-block4-game2_001::b0505,test/sub001/ses-04/sub001-ses04-block4-game2_001.npy,sub001,04,4,2,001,10526,10528,10525,10529,3,530210,530304,530352,1,0.9068854858603237,0.9882745759787632,1.001905182619575,0.4697395034547013,0.4199397222547732,0.4534508781029707,0.05131196975708008,4.790465354919434,5.098216533660889,1.514463186264038,1.0799808502197266,1.1229777336120605,26,0,Short
sub001-ses04-block4-game2_001::b0506,test/sub001/ses-04/sub001-ses04-block4-game2_001.npy,sub001,04,4,2,001,10534,10536,10533,10537,3,530627,530734,530782,1,0.9306584150795814,1.0180386408461684,0.9400610621087705,0.494884285279684,0.45338433732596134,0.41146745938333174,0.35633373260498047,0.0,0.07800149917602539,0.8652462959289551,0.0,0.9605307579040527,26,0,Short
sub001-ses04-block4-game2_001::b0507,test/sub001/ses-04/sub001-ses04-block4-game2_001.npy,sub001,04,4,2,001,10542,10544,10541,10545,3,531050,531153,531208,1,0.8924620062538067,0.7760333253158657,1.132921306055039,0.5240543328163151,0.5383041792950458,0.25417989823502035,5.23541259765625,0.22706079483032227,4.958224773406982,1.1395621299743652,0.0,0.382688045501709,26,0,Short
sub001-ses04-block4-game2_001::b0508,test/sub001/ses-04/sub001-ses04-block4-game2_001.npy,sub001,04,4,2,001,10550,10553,10549,10554,4,531479,531641,531691,1,1.1457702171110258,0.8471601716056544,0.9132382642792098,0.31506904937175195,0.5141221491357432,0.4060244713459762,0.2200908660888672,0.0,0.20235347747802734,0.9127483367919922,0.0,0.5208144187927246,26,0,Short
sub001-ses04-block4-game2_001::b0509,test/sub001/ses-04/sub001-ses04-block4-game2_001.npy,sub001,04,4,2,001,10558,10561,10557,10562,4,531905,532052,532101,1,0.9437828838658728,0.7633449606841626,0.8499441042151137,0.49701283208538816,0.5362737357645896,0.6137672258427838,5.045933723449707,4.70188045501709,4.4760236740112305,1.120671272277832,0.7059445381164551,0.8430070877075195,26,0,Short
sub001-ses04-block4-game2_001::b0510,test/sub001/ses-04/sub001-ses04-block4-game2_001.npy,sub001,04,4,2,001,10569,10570,10568,10571,2,532471,532524,532574,1,0.26185122541427436,0.39164743200650975,0.9190357556021423,0.9084136427560145,0.8603808504801765,0.5650347017752155,0.2448587417602539,0.38636064529418945,4.545661926269531,0.4352383613586426,0.6886401176452637,0.025930404663085938,26,0,Short
sub001-ses04-block4-game2_001::b0511,test/sub001/ses-04/sub001-ses04-block4-game2_001.npy,sub001,04,4,2,001,10575,10579,10574,10580,5,532798,533007,533059,1,0.8592168800827545,0.9852287391200114,0.8265785532487623,0.482659283025581,0.4019937457792645,0.6506997012079441,0.21492624282836914,0.31761884689331055,0.0,0.2883486747741699,0.7449064254760742,0.0,26,0,Short
sub001-ses04-block4-game2_001::b0512,test/sub001/ses-04/sub001-ses04-block4-game2_001.npy,sub001,04,4,2,001,10583,10590,10582,10591,8,533228,533616,533672,2,0.9927368990586272,1.0505227900333565,1.1529888708439688,0.4172204326500783,0.4260852606353594,0.3981814336215913,0.15471887588500977,0.6860814094543457,0.5763521194458008,0.2581186294555664,0.41258955001831055,0.7546019554138184,26,0,Short
sub001-ses04-block4-game2_001::b0513,test/sub001/ses-04/sub001-ses04-block4-game2_001.npy,sub001,04,4,2,001,10622,10624,10621,10625,3,535328,535433,535485,2,0.7803309514669414,0.7017422427138349,1.2924267417091546,0.4938918043710444,0.551306490516448,0.34654013148525253,5.338310241699219,0.35805702209472656,0.11339569091796875,0.30645275115966797,0.3329939842224121,1.306286334991455,26,0,Short
sub001-ses04-block4-game2_001::b0514,test/sub001/ses-04/sub001-ses04-block4-game2_001.npy,sub001,04,4,2,001,10638,10639,10637,10640,2,536172,536219,536268,1,0.8343461973921591,0.9223196829384526,1.0604971426333856,0.492150118707413,0.4396453271567644,0.2831620224885657,0.0,0.0,5.2259979248046875,0.0,0.0,1.3542423248291016,26,0,Short
sub001-ses04-block4-game2_001::b0515,test/sub001/ses-04/sub001-ses04-block4-game2_001.npy,sub001,04,4,2,001,10646,10648,10645,10649,3,536584,536685,536736,1,1.217134707894456,1.093685586104979,1.0522671267363854,0.26383768808221203,0.36453956709082447,0.45080996664668527,5.073409557342529,0.0,0.19581079483032227,1.233780860900879,0.0,1.2704896926879883,26,0,Short
sub001-ses04-block4-game2_001::b0516,test/sub001/ses-04/sub001-ses04-block4-game2_001.npy,sub001,04,4,2,001,10654,10655,10653,10656,2,537000,537054,537104,2,1.0981500600282181,0.8221622491968226,0.7753973935609637,0.4076274033705604,0.4706910114746614,0.6858522432638503,0.3379402160644531,4.089129447937012,0.0865941047668457,0.9397842884063721,0.06522035598754883,0.0,26,0,Short
sub001-ses04-block4-game2_001::b0517,test/sub001/ses-04/sub001-ses04-block4-game2_001.npy,sub001,04,4,2,001,10663,10665,10662,10666,3,537475,537573,537619,1,1.0861767290511657,0.329542870229366,0.7840686701761453,0.05268251888311931,0.880111980172077,0.6691071296378197,0.0,0.0,0.011862516403198242,0.0,0.0,0.10708975791931152,26,0,Short
sub001-ses04-block4-game2_001::b0518,test/sub001/ses-04/sub001-ses04-block4-game2_001.npy,sub001,04,4,2,001,10670,10673,10669,10674,4,537819,537963,538012,1,0.997583289251255,0.9792063618098079,0.8717299150193702,0.3813823195543624,0.38192460443891796,0.6206836370956148,0.03202939033508301,4.130068778991699,0.0,0.2649068832397461,0.41333723068237305,0.0,26,0,Short
sub001-ses04-block4-game2_001::b0519,test/sub001/ses-04/sub001-ses04-block4-game2_001.npy,sub001,04,4,2,001,10679,10681,10678,10682,3,538271,538376,538425,1,0.8785200001663551,0.9192864214156389,1.1955272145385571,0.5005536529009154,0.6000938163019794,0.4273331106852981,0.1969459056854248,3.856985092163086,0.2704911231994629,0.2666950225830078,0.0,1.6989083290100098,26,0,Short
sub001-ses04-block4-game2_001::b0520,test/sub001/ses-04/sub001-ses04-block4-game2_001.npy,sub001,04,4,2,001,10686,10687,10685,10688,2,538638,538688,538742,2,1.0765800225034994,0.9404202672420388,0.8159294245227515,0.35533109406404273,0.40143584659673426,0.6498047464536669,4.715965747833252,0.20048189163208008,4.398937225341797,1.021345615386963,1.2436141967773438,0.8874030113220215,26,0,Short
sub001-ses04-block4-game2_001::b0521,test/sub001/ses-04/sub001-ses04-block4-game2_001.npy,sub001,04,4,2,001,10740,10744,10739,10745,5,541316,541532,541580,3,0.6413367557562148,0.4124320055145013,0.8605609380676386,0.6260567274147318,0.853528370946388,0.5724044993653661,0.1766829490661621,5.475558757781982,0.0,0.0,0.931312084197998,0.0,26,0,Short
sub001-ses04-block4-game2_001::b0522,test/sub001/ses-04/sub001-ses04-block4-game2_001.npy,sub001,04,4,2,001,10761,10761,10760,10762,1,542394,542394,542449,1,0.5677281245626512,0.6232857318118256,0.872650163862265,0.7672159325882743,0.7213073211871721,0.5876056506924032,0.3166050910949707,0.07127714157104492,0.08864736557006836,0.5042095184326172,0.5374326705932617,0.6543717384338379,26,0,Short
sub001-ses04-block4-game2_001::b0523,test/sub001/ses-04/sub001-ses04-block4-game2_001.npy,sub001,04,4,2,001,10768,10773,10767,10774,6,542765,543018,543075,2,0.7601027837776582,0.7865749966113481,0.9632338893243444,0.566728366526174,0.5069146363743107,0.37688183854460244,5.60678768157959,0.0,0.11925935745239258,0.6843681335449219,0.0,0.054473876953125,26,0,Short
sub001-ses04-block4-game2_001::b0524,test/sub001/ses-04/sub001-ses04-block4-game2_001.npy,sub001,04,4,2,001,10812,10824,10811,10825,13,544960,545568,545617,2,0.7267779892276758,0.7410517755946855,0.9036476480367337,0.5515713842985794,0.5475081164964711,0.4713603484709291,5.203433513641357,0.3294706344604492,0.015339851379394531,0.5870084762573242,1.4919919967651367,0.46979284286499023,26,0,Short
sub001-ses04-block4-game2_001::b0525,test/sub001/ses-04/sub001-ses04-block4-game2_001.npy,sub001,04,4,2,001,10867,10871,10866,10872,5,547662,547854,547902,3,0.8657417960054707,0.7899663133540995,1.0661432190118507,0.5067219913332165,0.4981130376797195,0.16521992994143747,0.4283580780029297,0.0,0.3187985420227051,1.02921724319458,0.0,1.5706300735473633,26,0,Short
sub001-ses04-block4-game2_001::b0526,test/sub001/ses-04/sub001-ses04-block4-game2_001.npy,sub001,04,4,2,001,10900,10903,10899,10904,4,549311,549461,549513,2,0.44564913861930233,0.6794359613261924,0.9971144712149187,0.8321675398094021,0.7036472837885828,0.49161703633264,3.830843210220337,4.0179853439331055,0.0,0.23746585845947266,0.3727898597717285,0.0,26,0,Short
sub001-ses04-block4-game2_001::b0527,test/sub001/ses-04/sub001-ses04-block4-game2_001.npy,sub001,04,4,2,001,10949,10951,10948,10952,3,551812,551913,551965,1,0.9316261704168124,0.7757916943825155,1.1793778670597532,0.509229088391193,0.5417787086401233,0.19980602926101443,4.870886325836182,0.0,5.647190093994141,0.7773880958557129,0.0,2.128725051879883,26,0,Short
sub001-ses04-block4-game2_001::b0528,test/sub001/ses-04/sub001-ses04-block4-game2_001.npy,sub001,04,4,2,001,10956,10957,10955,10958,2,552183,552230,552280,1,0.9813533324490543,0.9329759195132685,1.0173668686398958,0.2325463693816221,0.503012070511474,0.323221207452594,0.36125898361206055,0.7782831192016602,4.476651668548584,1.3945775032043457,0.9223744869232178,0.4417262077331543,26,0,Short
sub001-ses04-block4-game2_001::b0529,test/sub001/ses-04/sub001-ses04-block4-game2_001.npy,sub001,04,4,2,001,10962,10963,10961,10964,2,552482,552534,552583,1,0.7642698827534342,0.7178104778078027,1.003832727558599,0.5745554392322844,0.628857987574994,0.13124837066255218,0.13833045959472656,0.21683835983276367,0.40372228622436523,0.6094174385070801,0.31678295135498047,0.9894790649414062,26,0,Short
sub001-ses04-block4-game2_001::b0530,test/sub001/ses-04/sub001-ses04-block4-game2_001.npy,sub001,04,4,2,001,10969,10970,10968,10971,2,552857,552905,552950,1,0.8490373543508603,0.7080802326685399,0.8689148969758221,0.574141081613677,0.6312284069703009,0.3966817809496607,0.19610595703125,4.2847747802734375,4.186898231506348,1.7881250381469727,1.1072893142700195,0.900421142578125,26,0,Short
sub001-ses04-block4-game2_001::b0531,test/sub001/ses-04/sub001-ses04-block4-game2_001.npy,sub001,04,4,2,001,10983,10985,10982,10986,3,553559,553659,553706,1,1.0675528432246209,0.849428300966619,1.1226013952579907,0.41103582610083,0.5584603707162981,0.2487966494030649,0.24695396423339844,4.550876617431641,0.02334451675415039,0.5027132034301758,1.2371833324432373,0.6776208877563477,26,0,Short
sub001-ses04-block4-game2_001::b0532,test/sub001/ses-04/sub001-ses04-block4-game2_001.npy,sub001,04,4,2,001,10990,10993,10989,10994,4,553912,554054,554104,1,0.8516401811040695,0.8346620275355832,1.0811418391567496,0.5445603537990442,0.5301521999142855,0.33879752960877324,0.0,4.483883380889893,0.020972728729248047,0.0,0.8255941867828369,1.1029014587402344,26,0,Short
sub001-ses04-block4-game2_001::b0533,test/sub001/ses-04/sub001-ses04-block4-game2_001.npy,sub001,04,4,2,001,10998,11001,10997,11002,4,554304,554457,554504,1,0.9250027345885447,0.8759575438779607,1.0475071376645153,0.4169800795928214,0.5019946144690024,0.38982191648798553,0.0,3.638882875442505,3.803727388381958,0.0,0.21946167945861816,0.41573047637939453,26,0,Short
sub001-ses04-block4-game2_001::b0534,test/sub001/ses-04/sub001-ses04-block4-game2_001.npy,sub001,04,4,2,001,11006,11008,11005,11009,3,554696,554793,554838,1,0.8409259896768528,0.9373316682026591,1.1784975531157864,0.5169596533634214,0.458624990894262,0.24279331456227177,4.252079486846924,0.0,4.214592933654785,0.7362973690032959,0.0,0.4900839328765869,26,0,Short
sub001-ses04-block4-game2_001::b0535,test/sub001/ses-04/sub001-ses04-block4-game2_001.npy,sub001,04,4,2,001,11014,11015,11013,11016,2,555079,555124,555172,1,0.8983993488692632,0.871304715815785,1.130615215632146,0.5106379720755632,0.5127396401278317,0.25887203442336143,0.0,4.138472557067871,0.1150350570678711,0.0,0.5578110218048096,0.7909731864929199,26,0,Short
sub001-ses04-block4-game2_001::b0536,test/sub001/ses-04/sub001-ses04-block4-game2_001.npy,sub001,04,4,2,001,11020,11024,11019,11025,5,555370,555564,555612,1,0.8481206028287263,0.8992902654429074,1.186325955794947,0.5388064921843948,0.46868216897662296,0.30069200458612383,3.661428451538086,0.0,3.843648910522461,0.0,0.0,0.30440735816955566,26,0,Short
sub001-ses04-block4-game2_001::b0537,test/sub001/ses-04/sub001-ses04-block4-game2_001.npy,sub001,04,4,2,001,11028,11037,11027,11038,10,555761,556186,556233,1,0.8618415306054285,0.9573237750901273,0.854689644317261,0.5288493815417226,0.4272578674111158,0.5550923732211448,0.0,0.27062296867370605,3.397815704345703,0.0,0.7649116516113281,0.3399698734283447,26,0,Short
sub001-ses04-block4-game2_001::b0538,test/sub001/ses-04/sub001-ses04-block4-game2_001.npy,sub001,04,4,2,001,11044,11044,11043,11045,1,556525,556525,556572,3,0.9984520274392676,0.9656380702902327,1.1310335042428175,0.44147170323407925,0.44879706768220184,0.3343737974216125,0.0,3.1467220783233643,3.367358446121216,0.0,0.31719183921813965,0.1786792278289795,26,0,Short
sub001-ses04-block4-game2_001::b0539,test/sub001/ses-04/sub001-ses04-block4-game2_001.npy,sub001,04,4,2,001,11053,11055,11052,11056,3,556968,557060,557109,1,1.0645621888189822,0.2261698372075832,1.1161596935643503,0.4434837019123316,0.9274513020721977,0.42039766771178677,3.534914255142212,3.4589903354644775,3.60444974899292,0.0,0.3863980770111084,0.6048276424407959,26,0,Short
sub001-ses04-block4-game2_001::b0540,test/sub001/ses-04/sub001-ses04-block4-game2_001.npy,sub001,04,4,2,001,11068,11069,11067,11070,2,557712,557761,557810,1,0.9847125365640853,1.161195922463981,1.054548688866299,0.42058820418301757,0.3194769550581635,0.4501708059487679,0.10271549224853516,3.3401718139648438,0.07078313827514648,0.31337809562683105,0.23864340782165527,0.4457085132598877,26,0,Short
sub001-ses04-block4-game2_001::b0541,test/sub001/ses-04/sub001-ses04-block4-game2_001.npy,sub001,04,4,2,001,11076,11077,11075,11078,2,558109,558158,558204,3,1.0800745776299294,0.9562490463485028,1.0521286628359154,0.3975416591943859,0.44127489302925416,0.5004670916805056,0.014868021011352539,3.5739352703094482,0.0,0.45093297958374023,0.6980621814727783,0.0,26,0,Short
sub001-ses04-block4-game2_001::b0542,test/sub001/ses-04/sub001-ses04-block4-game2_001.npy,sub001,04,4,2,001,11092,11094,11091,11095,3,558883,558981,559030,1,0.9551945555134854,0.833691860456735,1.3698741471180613,0.47828033265679015,0.5109133234956267,0.1695347152969504,0.0,3.273108720779419,0.0,0.0,0.7996826171875,0.0,26,0,Short
sub001-ses04-block4-game2_001::b0543,test/sub001/ses-04/sub001-ses04-block4-game2_001.npy,sub001,04,4,2,001,11100,11105,11099,11106,6,559277,559524,559569,1,0.9784058822999018,1.0033486465949946,1.2384943010177303,0.43732194754473297,0.39741455325817515,0.3065591921208047,0.028870582580566406,0.0,0.0,0.8959479331970215,0.0,0.0,26,0,Short
sub001-ses04-block4-game2_001::b0544,test/sub001/ses-04/sub001-ses04-block4-game2_001.npy,sub001,04,4,2,001,11109,11119,11108,11120,11,559720,560197,560243,3,1.1548859233395263,0.9612088334282726,1.1948541964508912,0.3403238454551174,0.41345038798590467,0.3803488883450242,2.7594637870788574,0.14942431449890137,0.0,0.0,0.3093068599700928,0.0,26,0,Short
sub001-ses04-block4-game2_001::b0545,test/sub001/ses-04/sub001-ses04-block4-game2_001.npy,sub001,04,4,2,001,11161,11174,11160,11175,14,562277,562901,562947,3,0.8628853377934863,0.8135297776747192,0.937405221929781,0.5043301495766934,0.5187425639535062,0.5462655973640304,3.7178847789764404,0.0,0.11199259757995605,0.16147541999816895,0.0,0.5147726535797119,26,0,Short
sub001-ses04-block4-game2_001::b0546,test/sub001/ses-04/sub001-ses04-block4-game2_001.npy,sub001,04,4,2,001,11198,11225,11197,11226,28,564070,565370,565422,3,1.1216552020419783,0.929319798696209,0.8656721220344972,0.42021984269837864,0.44889314711131334,0.6041472370296217,0.06104540824890137,3.118786334991455,0.04847240447998047,0.2623884677886963,0.01711726188659668,0.0,26,1,Long
sub001-ses04-block4-game2_001::b0547,test/sub001/ses-04/sub001-ses04-block4-game2_001.npy,sub001,04,4,2,001,11240,11293,11239,11294,54,566132,568709,568759,1,1.0025579574379564,0.9837743360704898,0.9719343983441833,0.4758847384528252,0.5690608181980715,0.5258632163763369,0.002130746841430664,3.2810091972351074,0.0,0.33608388900756836,0.177886962890625,0.0,26,1,Long
sub001-ses04-block4-game2_001::b0548,test/sub001/ses-04/sub001-ses04-block4-game2_001.npy,sub001,04,4,2,001,11303,11318,11302,11319,16,569227,569968,570016,2,0.6609889524381563,0.6572408839773783,1.0929699319579433,0.7068447601101291,0.7093135491249938,0.4462828968044986,0.8319027423858643,0.1276092529296875,3.027050733566284,0.32938575744628906,0.0,0.13257813453674316,26,0,Short
sub001-ses04-block4-game2_001::b0549,test/sub001/ses-04/sub001-ses04-block4-game2_001.npy,sub001,04,4,2,001,11336,11360,11335,11361,25,570847,572012,572060,3,1.019174678970993,0.9864596566257134,1.0559147598216148,0.34817879052050504,0.25786417242738613,0.46338484581592,0.5878689289093018,0.3372809886932373,0.0,0.8120858669281006,0.45374178886413574,0.0,26,0,Short
sub001-ses04-block4-game2_001::b0550,test/sub001/ses-04/sub001-ses04-block4-game2_001.npy,sub001,04,4,2,001,11369,11374,11368,11375,6,572450,572685,572732,1,0.45649477386210624,0.4449035794751317,1.0081477879057978,0.8194443340628171,0.8351020614330129,0.46763627562719945,0.038153886795043945,0.3729865550994873,3.0265870094299316,0.0,0.03452563285827637,0.0,26,0,Short
sub001-ses04-block4-game2_001::b0551,test/sub001/ses-04/sub001-ses04-block4-game2_001.npy,sub001,04,4,2,001,11380,11383,11379,11384,4,572967,573118,573163,1,0.9977426656841837,0.9237649470974283,0.9247720856976406,0.4650458055027128,0.4558236138297159,0.5410922414026241,3.3444736003875732,3.2398438453674316,3.275362491607666,0.46750807762145996,0.7381296157836914,0.3764021396636963,26,0,Short
sub001-ses04-block4-game2_001::b0552,test/sub001/ses-04/sub001-ses04-block4-game2_001.npy,sub001,04,4,2,001,11388,11395,11387,11396,8,573353,573693,573737,1,1.0345657237770423,1.0447462554874194,1.2121038533585506,0.37945131891968364,0.4086548872278602,0.3766893428065699,0.8972939252853394,0.07750201225280762,0.0,0.24010229110717773,0.5935609340667725,0.0,26,0,Short
sub001-ses04-block4-game2_001::b0553,test/sub001/ses-04/sub001-ses04-block4-game2_001.npy,sub001,04,4,2,001,11402,11407,11401,11408,6,574026,574258,574307,3,0.9957574836783183,0.9745933297611983,1.1375887945583545,0.3884699566196431,0.4202103395756005,0.37224556984875035,0.37456178665161133,0.13198256492614746,0.0,0.17200469970703125,0.2821774482727051,0.0,26,0,Short
sub001-ses04-block4-game2_001::b0554,test/sub001/ses-04/sub001-ses04-block4-game2_001.npy,sub001,04,4,2,001,11414,11417,11413,11418,4,574597,574741,574788,1,0.6282101798099335,0.46559436056574066,1.0898477210494275,0.6919646801505804,0.7990407908008876,0.40049316916599786,0.0,3.458399772644043,0.0,0.0,0.3282172679901123,0.0,26,0,Short
sub001-ses04-block4-game2_001::b0555,test/sub001/ses-04/sub001-ses04-block4-game2_001.npy,sub001,04,4,2,001,11429,11430,11428,11431,2,575316,575363,575412,1,1.0891212269568478,1.1667738505403584,1.2373256638252401,0.34880576324161855,0.15671235921546067,0.3126146723300756,0.14257168769836426,0.07312679290771484,2.910891056060791,0.20957708358764648,0.07708072662353516,0.07793426513671875,26,0,Short
sub001-ses04-block4-game2_001::b0556,test/sub001/ses-04/sub001-ses04-block4-game2_001.npy,sub001,04,4,2,001,11437,11438,11436,11439,2,575706,575756,575806,1,0.9948271174619426,1.0959946215854468,1.1173302120800952,0.41994420177260516,0.3383936912120785,0.44079383322498805,0.0,0.0,0.0,0.0,0.0,0.0,26,0,Short
sub001-ses04-block4-game2_001::b0557,test/sub001/ses-04/sub001-ses04-block4-game2_001.npy,sub001,04,4,2,001,11445,11446,11444,11447,2,576100,576150,576197,1,1.0809351151263207,0.9328864462897732,1.2158400791488697,0.37728195696109934,0.4580488643632144,0.3346271355594866,3.381209135055542,3.667334794998169,0.9145486354827881,0.24500489234924316,1.275787115097046,1.4462800025939941,26,0,Short
sub001-ses04-block4-game2_001::b0558,test/sub001/ses-04/sub001-ses04-block4-game2_001.npy,sub001,04,4,2,001,11453,11455,11452,11456,3,576498,576596,576645,1,0.9422294628001594,1.2028083090846993,1.244738165658231,0.4477494942573193,0.2673515893776658,0.3305335179909685,3.1491646766662598,0.0,0.14651799201965332,0.2794463634490967,0.0,0.0,26,0,Short
sub001-ses04-block4-game2_001::b0559,test/sub001/ses-04/sub001-ses04-block4-game2_001.npy,sub001,04,4,2,001,11460,11462,11459,11463,3,576835,576927,576979,1,1.2080638032155855,1.0374690504404307,1.1460690720202553,0.294867665548625,0.36765929116510454,0.39832497456630445,0.0,0.0,2.8816916942596436,0.0,0.0,0.0,26,0,Short
sub001-ses04-block4-game2_001::b0560,test/sub001/ses-04/sub001-ses04-block4-game2_001.npy,sub001,04,4,2,001,11468,11470,11467,11471,3,577232,577329,577384,1,1.090291008400196,0.9795282956258422,1.3816652739881705,0.35990208629390363,0.4127043529710853,0.029711113738488615,0.6852915287017822,0.0,3.2321507930755615,0.13669919967651367,0.0,0.6575822830200195,26,0,Short
sub001-ses04-block4-game2_001::b0561,test/sub001/ses-04/sub001-ses04-block4-game2_001.npy,sub001,04,4,2,001,11476,11478,11475,11479,3,577632,577728,577777,1,1.192718923676146,1.131661251577271,1.2336808460312318,0.27301802010268833,0.34265513143540893,0.0910711945039307,2.781169891357422,0.0,0.0,0.011546134948730469,0.0,0.0,26,0,Short
sub001-ses04-block4-game2_001::b0562,test/sub001/ses-04/sub001-ses04-block4-game2_001.npy,sub001,04,4,2,001,11484,11495,11483,11496,12,578012,578543,578590,3,1.2866682175251754,1.0184096629039638,1.3289974736225665,0.17395903196044493,0.39763039801376554,0.2231752300505795,0.4477672576904297,0.0,0.732898473739624,0.16331171989440918,0.0,0.8861956596374512,26,0,Short
sub001-ses04-block4-game2_001::b0563,test/sub001/ses-04/sub001-ses04-block4-game2_001.npy,sub001,04,4,2,001,11507,11527,11506,11528,21,579117,580081,580129,1,0.5707998813572034,0.5239094806200763,1.0678089633543895,0.7309312176217031,0.7372545630012745,0.4799769797978359,0.17667317390441895,0.0,2.91670823097229,0.0,0.0,0.05118441581726074,26,0,Short
sub001-ses04-block4-game2_001::b0564,test/sub001/ses-04/sub001-ses04-block4-game2_001.npy,sub001,04,4,2,001,11532,11532,11531,11533,1,580323,580323,580375,3,1.1221350718818859,1.0987561908051457,1.1707686673105537,0.3340043042960962,0.3336642306353092,0.359219250032773,0.039336204528808594,0.1049642562866211,0.05561327934265137,0.0,0.46482300758361816,0.3139772415161133,26,0,Short
sub001-ses04-block4-game2_001::b0565,test/sub001/ses-04/sub001-ses04-block4-game2_001.npy,sub001,04,4,2,001,11539,11544,11538,11545,6,580672,580917,580963,1,0.5224384743791468,0.6141683055340621,1.1804343615061779,0.7695738301803589,0.6917462561110033,0.44452623041521727,2.4037771224975586,2.990825891494751,0.0,0.0,0.009150266647338867,0.0,26,0,Short
sub001-ses04-block4-game2_001::b0566,test/sub001/ses-04/sub001-ses04-block4-game2_001.npy,sub001,04,4,2,001,11551,11554,11550,11555,4,581254,581403,581450,1,1.1570397366053151,1.2293385741010825,1.0778554767056907,0.2968435173819072,0.2645644228501608,0.35843793651837147,0.0,0.0,3.2255287170410156,0.0,0.0,0.1923980712890625,26,0,Short
sub001-ses04-block4-game2_001::b0567,test/sub001/ses-04/sub001-ses04-block4-game2_001.npy,sub001,04,4,2,001,11561,11562,11560,11563,2,581747,581791,581840,1,1.0703601793214141,1.008324886128922,1.3614854583630236,0.3978591858100873,0.4198375934552072,0.17284413674840615,0.13807344436645508,0.11947917938232422,0.28661203384399414,0.5814902782440186,0.3083922863006592,0.0,26,0,Short
sub001-ses04-block4-game2_001::b0568,test/sub001/ses-04/sub001-ses04-block4-game2_001.npy,sub001,04,4,2,001,11577,11578,11576,11579,2,582507,582551,582601,1,1.0724900533830963,1.2885278124089938,1.3920442081516293,0.4835651349264626,0.23513546022191467,0.23166182835253551,1.4081608057022095,0.0,2.2477927207946777,0.032113075256347656,0.0,0.455657958984375,26,0,Short
sub001-ses04-block4-game2_001::b0569,test/sub001/ses-04/sub001-ses04-block4-game2_001.npy,sub001,04,4,2,001,11585,11592,11584,11593,8,582884,583222,583271,3,1.1000678274782751,1.179286093906385,1.2497824827979525,0.40113354829557624,0.3767085296274211,0.3511188986768962,0.0,0.20092988014221191,0.4748610258102417,0.0,0.05750393867492676,0.0,26,0,Short
sub001-ses04-block4-game2_001::b0570,test/sub001/ses-04/sub001-ses04-block4-game2_001.npy,sub001,04,4,2,001,11611,11614,11610,11615,4,584155,584300,584350,2,0.7110970965806749,1.032753754912963,1.295670484976578,0.6843838921278843,0.2974323822902562,0.3192642278900005,2.4425008296966553,0.0,2.0012099742889404,0.406099796295166,0.0,0.0,26,0,Short
sub001-ses04-block4-game2_001::b0571,test/sub001/ses-04/sub001-ses04-block4-game2_001.npy,sub001,04,4,2,001,11654,11656,11653,11657,3,586254,586346,586391,3,1.127450541489938,1.266627422743911,1.1595062946785315,0.4369049997922013,0.3872959808031414,0.41467559043118674,1.6765258312225342,1.51002037525177,0.0,0.0,0.0,0.0,26,0,Short
sub001-ses04-block4-game2_001::b0572,test/sub001/ses-04/sub001-ses04-block4-game2_001.npy,sub001,04,4,2,001,11694,11714,11693,11715,21,588258,589260,589312,2,0.687024430722805,0.6462486131546956,1.1313501956583862,0.6878774543097076,0.7228433340726479,0.43975590154185856,0.07917618751525879,0.0,0.07760286331176758,0.0,0.0,0.3477780818939209,26,0,Short
sub001-ses04-block4-game2_001::b0573,test/sub001/ses-04/sub001-ses04-block4-game2_001.npy,sub001,04,4,2,001,11794,11825,11793,11826,32,593164,594673,594726,3,0.9006149371482278,0.9177184670968632,1.2059925811676844,0.46403551551015576,0.5778087307437104,0.41734341169780825,2.2839417457580566,0.12506794929504395,0.1195976734161377,0.426080584526062,0.6496517658233643,0.004923343658447266,26,1,Long
sub001-ses04-block4-game2_001::b0574,test/sub001/ses-04/sub001-ses04-block4-game2_001.npy,sub001,04,4,2,001,11868,11878,11867,11879,11,596815,597307,597357,1,0.8771249112480768,0.6199121731347198,1.0454597570840316,0.3746838178174556,0.7379531285228565,0.5191903159514653,0.14445137977600098,0.24718832969665527,0.0,1.2735605239868164,0.7035226821899414,0.0,26,0,Short
sub001-ses04-block4-game2_001::b0575,test/sub001/ses-04/sub001-ses04-block4-game2_001.npy,sub001,04,4,2,001,11884,11887,11883,11888,4,597598,597740,597790,1,1.0447315773613026,1.1718942771791827,1.0445238966248125,0.45887525439739707,0.4077657797792169,0.5043438990476004,0.0,2.081855058670044,0.0051555633544921875,0.0,0.10062360763549805,0.47265100479125977,26,0,Short
sub001-ses04-block4-game2_001::b0576,test/sub001/ses-04/sub001-ses04-block4-game2_001.npy,sub001,04,4,2,001,11893,11893,11892,11894,1,598047,598047,598099,3,1.2003334321778893,1.206037045212333,1.3457752376927747,0.07899654000218276,0.043410534547478064,0.2597592050284374,0.02534949779510498,2.068319320678711,0.12601780891418457,0.200974702835083,0.16425347328186035,0.0,26,0,Short
sub001-ses04-block4-game2_001::b0577,test/sub001/ses-04/sub001-ses04-block4-game2_001.npy,sub001,04,4,2,001,11910,11913,11909,11914,4,598880,599025,599077,1,1.144508923227752,1.1684542775739275,1.2183570329964906,0.4709408374022025,0.3273044324331814,0.4565927393882516,0.10021555423736572,1.4998973608016968,0.26688456535339355,0.0,0.0,0.0,26,0,Short
sub001-ses04-block4-game2_001::b0578,test/sub001/ses-04/sub001-ses04-block4-game2_001.npy,sub001,04,4,2,001,11936,11936,11935,11937,1,600159,600159,600208,1,0.6011578067543415,0.4911526144352324,0.9011839553417778,0.7270610001081471,0.7961079267581322,0.5987662342669758,0.0,0.21470320224761963,0.0,0.0,0.0,0.0,26,0,Short
sub001-ses04-block4-game2_001::b0579,test/sub001/ses-04/sub001-ses04-block4-game2_001.npy,sub001,04,4,2,001,11942,11948,11941,11949,7,600463,600757,600808,3,1.132368075437958,1.2127891708530651,1.1179806155100795,0.4814838737181725,0.4274690624644591,0.4870841344785296,1.4526790380477905,0.0,0.22828030586242676,0.0,0.0,0.0,26,0,Short
sub001-ses04-block4-game2_001::b0580,test/sub001/ses-04/sub001-ses04-block4-game2_001.npy,sub001,04,4,2,001,11972,11981,11971,11982,10,601967,602424,602470,2,0.49952816054874527,0.7025158010979333,1.085672368297159,0.7844786024685457,0.6376200706450381,0.5451741004057984,0.2766686677932739,1.3648715019226074,1.6076234579086304,0.09871554374694824,0.16666102409362793,0.31788861751556396,26,0,Short
sub001-ses04-block4-game2_001::b0581,test/sub001/ses-04/sub001-ses04-block4-game2_001.npy,sub001,04,4,2,001,12009,12015,12008,12016,7,603805,604087,604138,1,1.2706263331613346,1.209817084941745,1.2087735521410141,0.3329103989949275,0.35944503151992974,0.436529878523374,0.03711748123168945,0.0,1.3243529796600342,0.36134111881256104,0.0,0.0,26,0,Short
sub001-ses04-block4-game2_001::b0582,test/sub001/ses-04/sub001-ses04-block4-game2_001.npy,sub001,04,4,2,001,12021,12023,12020,12024,3,604379,604473,604518,5,1.2656118774256186,1.3456663291511135,1.0891132260751397,0.29935594260624127,0.23918268510058333,0.516341219334981,1.1208574771881104,0.0,0.0,0.10382986068725586,0.0,0.0,26,0,Short
sub001-ses04-block4-game2_001::b0583,test/sub001/ses-04/sub001-ses04-block4-game2_001.npy,sub001,04,4,2,001,12042,12063,12041,12064,22,605401,606446,606495,2,0.5800737225539385,0.43798261774287195,1.1440319670676722,0.7379893406660247,0.8305170170869483,0.40558157748621637,1.4305579662322998,0.0,0.023789525032043457,0.2487776279449463,0.0,0.1240084171295166,26,0,Short
sub001-ses04-block4-game2_001::b0584,test/sub001/ses-04/sub001-ses04-block4-game2_001.npy,sub001,04,4,2,001,12076,12089,12075,12090,14,607104,607749,607797,2,0.8630378738169834,0.8984242870889821,1.058687082996035,0.4729876356795468,0.4740531773395366,0.5346817122654034,0.03790402412414551,0.0,0.0,0.1602855920791626,0.0,0.0,26,0,Short
sub001-ses04-block4-game2_001::b0585,test/sub001/ses-04/sub001-ses04-block4-game2_001.npy,sub001,04,4,2,001,12149,12155,12148,12156,7,610697,610987,611035,3,1.1634631464106975,1.1588552594714976,0.9614962630880558,0.14598753760596783,0.19201949334911889,0.5578939532363251,0.0,1.0707908868789673,1.1395548582077026,0.0,0.015104174613952637,0.1753377914428711,26,0,Short
sub001-ses04-block4-game2_001::b0586,test/sub001/ses-04/sub001-ses04-block4-game2_001.npy,sub001,04,4,2,001,12178,12183,12177,12184,6,612147,612376,612424,2,0.4033201425495213,0.3434900112619162,1.147317812994714,0.848243638203792,0.8736653912354172,0.3690742196561323,1.0849909782409668,0.0,0.0,0.0,0.0,0.0,26,0,Short
sub001-ses04-block4-game2_001::b0587,test/sub001/ses-04/sub001-ses04-block4-game2_001.npy,sub001,04,4,2,001,12196,12204,12195,12205,9,613021,613416,613466,2,0.7966528575361895,0.9014708768341846,1.2319569433516795,0.642406392174407,0.5738369473325144,0.3986733978936606,0.14248573780059814,1.3067152500152588,0.3694702386856079,0.39566123485565186,0.3886868953704834,0.8248484134674072,26,0,Short
sub001-ses04-block4-game2_001::b0588,test/sub001/ses-04/sub001-ses04-block4-game2_001.npy,sub001,04,4,2,001,12230,12255,12229,12256,26,614674,615878,615926,3,1.2728869725677718,1.3326201483883526,1.0429112417041713,0.3535361304872324,0.3487116590995652,0.4862796005499165,1.0246708393096924,0.06413638591766357,0.09801113605499268,0.0,0.0,0.08160114288330078,26,1,Long
sub001-ses04-block4-game2_001::b0589,test/sub001/ses-04/sub001-ses04-block4-game2_001.npy,sub001,04,4,2,001,12291,12296,12290,12297,6,617675,617911,617957,2,0.5833821914797244,0.785277262258701,1.0831922627440331,0.7046592012099069,0.5762777546545809,0.5304483880423315,0.9591977596282959,0.0,0.0,0.0,0.0,0.0,26,0,Short
sub001-ses04-block4-game2_001::b0590,test/sub001/ses-04/sub001-ses04-block4-game2_001.npy,sub001,04,4,2,001,12327,12335,12326,12336,9,619438,619837,619884,2,0.9649739352100327,0.8843645729173272,0.8210098246290798,0.5049450434652797,0.5634962466022775,0.6706421434173148,1.120558738708496,1.3419475555419922,1.0653645992279053,0.259387731552124,0.3966459631919861,0.8167679905891418,26,0,Short
sub001-ses04-block4-game2_001::b0591,test/sub001/ses-04/sub001-ses04-block4-game2_001.npy,sub001,04,4,2,001,12354,12372,12353,12373,19,620781,621666,621714,1,1.0053773597991935,0.7802336594279289,0.8021976681602411,0.5011601597345703,0.6093610811539779,0.6762389761950851,1.1760869026184082,0.702794075012207,0.0,0.0,0.23512470722198486,0.0,26,0,Short
sub001-ses04-block4-game2_001::b0592,test/sub001/ses-04/sub001-ses04-block4-game2_001.npy,sub001,04,4,2,001,12378,12393,12377,12394,16,621953,622663,622711,5,1.0659676263741376,1.2225886362807061,1.020738250504945,0.522726674927789,0.39186352717724116,0.5510929775532671,0.10120439529418945,0.11091983318328857,0.8148347735404968,0.0,0.3722177743911743,0.0,26,0,Short
sub001-ses04-block4-game2_001::b0593,test/sub001/ses-04/sub001-ses04-block4-game2_001.npy,sub001,04,4,2,001,12420,12441,12419,12442,22,623977,624969,625017,3,0.2821486096205371,0.2502302727047462,0.9827978978012086,0.9076885462274735,0.9180660780137142,0.6039210332841416,0.13127756118774414,1.3797101974487305,0.3273012638092041,0.08675116300582886,0.6173257827758789,0.20884454250335693,26,0,Short
sub001-ses04-block4-game2_001::b0594,test/sub001/ses-04/sub001-ses04-block4-game2_001.npy,sub001,04,4,2,001,12447,12450,12446,12451,4,625252,625415,625464,2,0.7987523411771813,0.36777711457710893,0.5093974517801829,0.5523621409615482,0.8695954014213478,0.7960668104170984,0.0,1.1375858783721924,1.3754706382751465,0.0,0.5248221755027771,0.8044018745422363,26,0,Short
sub001-ses04-block4-game2_001::b0595,test/sub001/ses-04/sub001-ses04-block4-game2_001.npy,sub001,04,4,2,001,12468,12488,12467,12489,21,626341,627288,627334,1,0.8702739716832752,0.6793957540584368,0.8792928130825304,0.5395049887862715,0.6296496121293406,0.5820252245643872,0.5923438668251038,0.0,0.865588903427124,0.9435474872589111,0.0,0.004819929599761963,26,0,Short
sub001-ses04-block4-game2_001::b0596,test/sub001/ses-04/sub001-ses04-block4-game2_001.npy,sub001,04,4,2,001,12496,12498,12495,12499,3,627664,627753,627800,2,1.3589920801486803,1.3394917770594736,0.7946594115428159,0.3456186258928056,0.30143384286304387,0.6644145485760725,1.3946133852005005,0.0,0.0909758061170578,0.785861074924469,0.0,0.0,26,0,Short
sub001-ses04-block4-game2_001::b0597,test/sub001/ses-04/sub001-ses04-block4-game2_001.npy,sub001,04,4,2,001,12514,12525,12513,12526,12,628555,629086,629136,2,0.7304153026812532,0.9917758644111458,0.6631824900440972,0.6242697976453532,0.4441668318511942,0.7575231305561148,0.8674745559692383,0.0,0.48441505432128906,0.0,0.0,1.081373691558838,26,0,Short
sub001-ses04-block4-game2_001::b0598,test/sub001/ses-04/sub001-ses04-block4-game2_001.npy,sub001,04,4,2,001,12539,12547,12538,12548,9,629789,630168,630216,1,0.8794639808277606,0.8629956238511135,0.8420351349045953,0.541557819876119,0.2267560293001774,0.6740424548891087,0.0,0.636090874671936,0.0,0.0,0.0,0.0,26,0,Short
sub001-ses04-block4-game2_001::b0599,test/sub001/ses-04/sub001-ses04-block4-game2_001.npy,sub001,04,4,2,001,12555,12567,12554,12568,13,630547,631122,631166,3,1.2324588986330478,1.2794912928916302,1.0973124483740369,0.34706958227745316,0.3611933912364843,0.22270994519626797,2.0441689491271973,0.0,0.0,0.8516253232955933,0.0,0.0,26,0,Short
sub001-ses04-block4-game2_001::b0600,test/sub001/ses-04/sub001-ses04-block4-game2_001.npy,sub001,04,4,2,001,12629,12757,12628,12758,129,634623,642141,642196,2,0.9537976287508383,0.41421696399482605,0.8898762721859285,0.46060943535731996,0.8437977106530273,0.6038940407463806,0.0013713613152503967,0.049835532903671265,0.04380911588668823,0.004226755350828171,0.006467416882514954,0.542138934135437,26,1,Long
sub001-ses04-block4-game2_001::b0601,test/sub001/ses-04/sub001-ses04-block4-game2_001.npy,sub001,04,4,2,001,12905,13015,12904,13016,111,649543,655013,655061,2,0.6595746430962226,0.8469968752195565,0.5874178649250559,0.6156851093818184,0.4576935236381887,0.7635105866321737,0.0,0.0,0.6223874092102051,0.0,0.0,1.2161281108856201,26,1,Long
sub001-ses04-block4-game2_001::b0602,test/sub001/ses-04/sub001-ses04-block4-game2_001.npy,sub001,04,4,2,001,13035,13038,13034,13039,4,656014,656161,656208,1,0.8192488650692196,1.0939890251091908,0.7556579686074736,0.47049610047604384,0.24698802576987217,0.6017995148025291,0.5338830947875977,2.9254560470581055,0.0,0.0,0.0,0.0,26,0,Short
sub001-ses04-block4-game2_001::b0603,test/sub001/ses-04/sub001-ses04-block4-game2_001.npy,sub001,04,4,2,001,13044,13047,13043,13048,4,656469,656619,656676,1,0.9180565322263896,0.8971804597010266,0.7536699653943237,0.38233492176758005,0.41198693578958717,0.657699162460792,4.861083030700684,0.9822015762329102,0.11916005611419678,0.8451476097106934,0.0,0.0,26,0,Short
sub001-ses04-block4-game2_001::b0604,test/sub001/ses-04/sub001-ses04-block4-game2_001.npy,sub001,04,4,2,001,13052,13055,13051,13056,4,656895,657071,657130,1,1.2895388836344486,1.5673235418048754,0.8824779482184711,0.16333153065540873,0.030624877072801926,0.10896401691007318,1.043487787246704,0.084781713783741,0.0012154057621955872,0.8625798523426056,0.0,0.0,26,0,Short
sub001-ses04-block8-game2_000::b0001,test/sub001/ses-04/sub001-ses04-block8-game2_000.npy,sub001,04,8,2,000,63,77,62,78,15,3246,3944,3991,2,0.6535961690741302,0.8312035452202376,0.3545470123180468,0.5326220861653657,0.4165567207817131,0.890032937929957,2.6100738048553467,2.6501102447509766,2.67853045463562,0.01167750358581543,0.03724789619445801,0.036459922790527344,26,0,Short
sub001-ses04-block8-game2_000::b0002,test/sub001/ses-04/sub001-ses04-block8-game2_000.npy,sub001,04,8,2,000,83,101,82,102,19,4247,5160,5212,2,0.8300137217902174,0.8233761168111577,0.7736109738207924,0.4124333491182085,0.4213286387906161,0.7070910758470742,0.007462263107299805,2.6837103366851807,2.6398327350616455,0.0,0.0,0.0,26,0,Short
sub001-ses04-block8-game2_000::b0003,test/sub001/ses-04/sub001-ses04-block8-game2_000.npy,sub001,04,8,2,000,110,121,109,122,12,5617,6181,6234,2,0.8034620166123253,0.7903432511101389,0.5437114504659302,0.2744493217709816,0.3982712103044253,0.8043573881615554,2.621565580368042,2.558220148086548,0.0,0.4405994415283203,0.0,0.0,26,0,Short
sub001-ses04-block8-game2_000::b0004,test/sub001/ses-04/sub001-ses04-block8-game2_000.npy,sub001,04,8,2,000,132,146,131,147,15,6729,7430,7479,1,0.8510469395783221,0.8962900269281344,0.6973993610545581,0.3701658543806704,0.386633606304356,0.701210686515204,0.0,3.3570148944854736,3.8214499950408936,0.0,0.0,0.010786056518554688,26,0,Short
sub001-ses04-block8-game2_000::b0005,test/sub001/ses-04/sub001-ses04-block8-game2_000.npy,sub001,04,8,2,000,152,161,151,162,10,7743,8192,8241,2,0.9664033113771378,0.8483961808978387,0.7698752396526141,0.4059212594185591,0.4604031549032692,0.6493716343655371,0.16048336029052734,0.22199296951293945,3.6191091537475586,0.056047916412353516,0.24360275268554688,0.0,26,0,Short
sub001-ses04-block8-game2_000::b0006,test/sub001/ses-04/sub001-ses04-block8-game2_000.npy,sub001,04,8,2,000,198,198,197,199,1,10045,10045,10095,1,0.7109356898751895,0.6124239121550826,0.7228515634821724,0.6403482189610321,0.7284108530965456,0.6865198404159283,4.527336120605469,0.0,0.18502092361450195,1.0991501808166504,0.0,0.30776214599609375,26,0,Short
sub001-ses04-block8-game2_000::b0007,test/sub001/ses-04/sub001-ses04-block8-game2_000.npy,sub001,04,8,2,000,204,211,203,212,8,10356,10709,10761,2,0.9443641400656396,0.87550889316876,0.890841429863064,0.40289772889317355,0.45007486344154923,0.6037266642135541,0.6132047176361084,0.0,0.06149482727050781,0.40004777908325195,0.0,0.04049825668334961,26,0,Short
sub001-ses04-block8-game2_000::b0008,test/sub001/ses-04/sub001-ses04-block8-game2_000.npy,sub001,04,8,2,000,260,272,259,273,13,13202,13812,13861,1,0.713077771877939,0.5045504071784732,0.9336433070376736,0.5996221980002256,0.7450700608858043,0.4601385558058333,0.07818961143493652,0.0,0.24720239639282227,0.0,0.0,0.1468052864074707,26,0,Short
sub001-ses04-block8-game2_000::b0009,test/sub001/ses-04/sub001-ses04-block8-game2_000.npy,sub001,04,8,2,000,278,298,277,299,21,14126,15159,15210,2,0.8563756229300745,0.8210730101636791,1.344774200829203,0.45966898226765235,0.4821785793614134,0.16038068418136858,5.034282207489014,4.931643962860107,0.05271291732788086,0.31990766525268555,0.5492401123046875,0.7572388648986816,26,0,Short
sub001-ses04-block8-game2_000::b0010,test/sub001/ses-04/sub001-ses04-block8-game2_000.npy,sub001,04,8,2,000,364,371,363,372,8,18565,18914,18962,2,0.6860142695931863,0.7557027580886299,1.0420836089622054,0.7207713283704565,0.6437348293023433,0.2778442331346319,0.0,0.25694894790649414,0.0,0.0,0.29555177688598633,0.0,26,0,Short
sub001-ses04-block8-game2_000::b0011,test/sub001/ses-04/sub001-ses04-block8-game2_000.npy,sub001,04,8,2,000,384,391,383,392,8,19560,19908,19958,1,0.8069659130634969,0.7601656669856379,0.9507799671116526,0.5505027301679597,0.5275886360993589,0.3004708709579742,0.0,4.585213661193848,4.004300117492676,0.0,0.18395423889160156,0.008857250213623047,26,0,Short
sub001-ses04-block8-game2_000::b0012,test/sub001/ses-04/sub001-ses04-block8-game2_000.npy,sub001,04,8,2,000,397,401,396,402,5,20219,20412,20461,1,0.7639325081653661,0.7328092652388728,0.9298206267013605,0.5116819143273399,0.5873452016467581,0.3427391722987277,0.08587002754211426,3.719161033630371,0.0,0.24477267265319824,0.17234373092651367,0.0,26,0,Short
sub001-ses04-block8-game2_000::b0013,test/sub001/ses-04/sub001-ses04-block8-game2_000.npy,sub001,04,8,2,000,406,409,405,410,4,20661,20815,20870,1,0.7712945366905324,0.8247123772344978,1.0033135385322745,0.5426001121185233,0.5725628159092083,0.10916671005718587,0.5004115104675293,0.0,0.02406024932861328,0.0,0.0,0.6926493644714355,26,0,Short
sub001-ses04-block8-game2_000::b0014,test/sub001/ses-04/sub001-ses04-block8-game2_000.npy,sub001,04,8,2,000,414,423,413,424,10,21081,21523,21577,1,0.825316877836133,0.8281294880981319,0.9490846354469448,0.5295123558228332,0.5455751071854311,0.2587298266899475,0.0,4.4914445877075195,0.12113428115844727,0.0,0.625920295715332,0.00612640380859375,26,0,Short
sub001-ses04-block8-game2_000::b0015,test/sub001/ses-04/sub001-ses04-block8-game2_000.npy,sub001,04,8,2,000,430,431,429,432,2,21881,21928,21977,1,0.7858845296325261,0.7614261167423542,1.0069476450987147,0.5312139923158579,0.5648378969843096,0.1529442524924347,3.932495594024658,3.564659357070923,0.0,0.12024569511413574,0.0,0.0,26,0,Short
sub001-ses04-block8-game2_000::b0016,test/sub001/ses-04/sub001-ses04-block8-game2_000.npy,sub001,04,8,2,000,436,437,435,438,2,22182,22225,22281,1,0.8489385798958119,1.205348493768525,1.0605205394970627,0.43040436330764537,0.07559289299440353,0.38448868825072524,0.0,2.9716835021972656,0.893735408782959,0.0,0.1461162567138672,0.0,26,0,Short
sub001-ses04-block8-game2_000::b0017,test/sub001/ses-04/sub001-ses04-block8-game2_000.npy,sub001,04,8,2,000,443,452,442,453,10,22535,22973,23022,1,1.0121090057207807,0.8259673434051158,1.0481858194032083,0.4635554585639946,0.5146593370752834,0.09122507905293537,0.4541440010070801,2.493612051010132,0.0,0.393237829208374,0.0,0.0,26,0,Short
sub001-ses04-block8-game2_000::b0018,test/sub001/ses-04/sub001-ses04-block8-game2_000.npy,sub001,04,8,2,000,461,462,460,463,2,23432,23484,23533,1,0.8061737805332566,0.8487350712454479,0.8346563567431404,0.5551133569147864,0.4335919259241644,0.4534881254014833,1.402053952217102,0.0,0.0,0.0,0.0,0.0,26,0,Short
sub001-ses04-block8-game2_000::b0019,test/sub001/ses-04/sub001-ses04-block8-game2_000.npy,sub001,04,8,2,000,469,471,468,472,3,23833,23938,23992,1,0.9356323333298996,0.9362117949850969,0.9872327695765278,0.4470834330035825,0.49407729036854475,0.4931817588549973,0.669468879699707,4.0235137939453125,1.7223269939422607,0.0,0.7391095161437988,0.0,26,0,Short
sub001-ses04-block8-game2_000::b0020,test/sub001/ses-04/sub001-ses04-block8-game2_000.npy,sub001,04,8,2,000,504,645,503,646,142,25727,33995,34047,2,0.8682992794646898,0.8916417503619305,0.7431196162602268,0.5159142016120276,0.41182818110214847,0.599234101024839,0.0,0.0011515617370605469,0.07332372665405273,0.0,0.06066446378827095,0.302884578704834,26,1,Long
sub001-ses04-block8-game2_000::b0021,test/sub001/ses-04/sub001-ses04-block8-game2_000.npy,sub001,04,8,2,000,654,663,653,664,10,34444,34895,34946,2,0.6702546433394427,0.6322804802965744,0.8537664285873562,0.655930585895522,0.6686098338513033,0.49041760894764014,0.04219198226928711,4.354986190795898,0.016718387603759766,0.33809852600097656,2.9414867162704468,0.24596166610717773,26,0,Short
sub001-ses04-block8-game2_000::b0022,test/sub001/ses-04/sub001-ses04-block8-game2_000.npy,sub001,04,8,2,000,670,682,669,683,13,35257,35853,35905,2,0.823846296300108,0.6439025649176842,0.8847614471753774,0.5792135418715285,0.6373601599497678,0.369971404304254,4.369026184082031,0.0,4.018597602844238,0.2960166931152344,0.0,0.09238910675048828,26,0,Short
sub001-ses04-block8-game2_000::b0023,test/sub001/ses-04/sub001-ses04-block8-game2_000.npy,sub001,04,8,2,000,686,694,685,695,9,36058,36483,36534,1,1.0840763520359173,0.708598174029987,0.982848852575229,0.238566407933329,0.7010653971285417,0.4580057556601749,0.051316261291503906,3.7858495712280273,0.22898054122924805,0.0,0.0,0.47496747970581055,26,0,Short
sub001-ses04-block8-game2_000::b0024,test/sub001/ses-04/sub001-ses04-block8-game2_000.npy,sub001,04,8,2,000,697,699,696,700,3,36642,36742,36797,1,1.0882809732087115,0.8777818470835037,0.945011551754619,0.35063892510068484,0.45948000169795356,0.49472566744340984,0.5250954627990723,0.0,0.034386634826660156,0.31212329864501953,0.0,0.0,26,0,Short
sub001-ses04-block8-game2_000::b0025,test/sub001/ses-04/sub001-ses04-block8-game2_000.npy,sub001,04,8,2,000,705,707,704,708,3,37064,37162,37217,1,0.9772897026920062,1.1110980628363374,1.1998973652503282,0.43694434486765465,0.3525574505086846,0.32167246253246684,0.03312206268310547,0.8410992622375488,0.13344669342041016,1.2630572319030762,0.37498998641967773,0.0,26,0,Short
sub001-ses04-block8-game2_000::b0026,test/sub001/ses-04/sub001-ses04-block8-game2_000.npy,sub001,04,8,2,000,710,711,709,712,2,37328,37375,37432,1,0.939604144946877,1.1334137639016044,0.8578775809426279,0.44591958849380275,0.19361955520163532,0.6196781239084235,0.0014276504516601562,3.4250991344451904,0.6577365398406982,0.9572596549987793,0.0,0.0,26,0,Short
sub001-ses04-block8-game2_000::b0027,test/sub001/ses-04/sub001-ses04-block8-game2_000.npy,sub001,04,8,2,000,734,752,733,753,19,38528,39411,39463,2,0.670482803888875,0.6111598629345735,0.9998914713372417,0.6577785762609698,0.7104754479885784,0.4538002194463584,3.0915749073028564,0.0,2.9528820514678955,0.0,0.0,0.0,26,0,Short
sub001-ses04-block8-game2_000::b0028,test/sub001/ses-04/sub001-ses04-block8-game2_000.npy,sub001,04,8,2,000,762,783,761,784,22,39913,40983,41035,3,1.008403510268372,1.0224172157269724,1.0157839591764233,0.34569528317990855,0.41049915414726246,0.51082035772123,0.06819486618041992,0.5278928279876709,0.09605860710144043,0.0,0.5260770320892334,0.3329610824584961,26,0,Short
sub001-ses04-block8-game2_000::b0029,test/sub001/ses-04/sub001-ses04-block8-game2_000.npy,sub001,04,8,2,000,793,803,792,804,11,41485,41998,42049,2,0.7529963082485247,0.6355229987374614,0.9034039811157638,0.6143145831063854,0.7215795001449419,0.5443222288947708,3.045304298400879,2.760998487472534,0.20026946067810059,0.22344660758972168,0.0,0.28836560249328613,26,0,Short
sub001-ses04-block8-game2_000::b0030,test/sub001/ses-04/sub001-ses04-block8-game2_000.npy,sub001,04,8,2,000,808,822,807,823,15,42250,42935,42979,2,0.5290281511851703,0.5136081585666794,1.026883483445152,0.7740841251379849,0.7936304904905804,0.4380769727109502,0.22103047370910645,3.2377278804779053,0.16341137886047363,0.42340087890625,0.2814297676086426,0.3857734203338623,26,0,Short
sub001-ses04-block8-game2_000::b0031,test/sub001/ses-04/sub001-ses04-block8-game2_000.npy,sub001,04,8,2,000,850,854,849,855,5,44335,44525,44577,1,0.848198528797519,0.8243947950621383,1.0482903183013117,0.521182902415263,0.5452684950752945,0.32359854245110214,0.2516155242919922,0.06029224395751953,4.67910099029541,0.19691729545593262,0.1671133041381836,1.1038799285888672,26,0,Short
sub001-ses04-block8-game2_000::b0032,test/sub001/ses-04/sub001-ses04-block8-game2_000.npy,sub001,04,8,2,000,860,865,859,866,6,44838,45080,45138,2,0.792131745451779,0.8807456650572127,1.0786011142044143,0.547824642028926,0.4858045111553799,0.331781249569489,0.61564040184021,4.006028652191162,3.8928959369659424,0.28845930099487305,0.23105478286743164,0.10915064811706543,26,0,Short
sub001-ses04-block8-game2_000::b0033,test/sub001/ses-04/sub001-ses04-block8-game2_000.npy,sub001,04,8,2,000,912,918,911,919,7,47408,47707,47759,1,0.6584801331502125,0.58654705479159,0.9837068910165385,0.6628557915989088,0.7572524349790337,0.45052725159583806,4.109871864318848,0.0,0.0,0.5176854133605957,0.0,0.0,26,0,Short
sub001-ses04-block8-game2_000::b0034,test/sub001/ses-04/sub001-ses04-block8-game2_000.npy,sub001,04,8,2,000,924,933,923,934,10,48013,48471,48523,2,0.8031265120743087,0.8635508332722817,0.9015205916963527,0.5386948509426308,0.4889300843238561,0.5269751219031116,0.2959766387939453,0.1998600959777832,4.128162384033203,0.4059453010559082,0.6868796348571777,0.0,26,0,Short
sub001-ses04-block8-game2_000::b0035,test/sub001/ses-04/sub001-ses04-block8-game2_000.npy,sub001,04,8,2,000,974,977,973,978,4,50483,50629,50678,1,0.8626589039840792,0.8457691992931797,1.054694313548873,0.47463310559564686,0.4716680986089854,0.3626408709860653,4.31030797958374,0.0014519691467285156,0.04174613952636719,0.0967402458190918,0.1734471321105957,0.13199663162231445,26,0,Short
sub001-ses04-block8-game2_000::b0036,test/sub001/ses-04/sub001-ses04-block8-game2_000.npy,sub001,04,8,2,000,983,993,982,994,11,50937,51428,51478,3,0.8768936953650317,0.9669192843312368,1.0679326173882213,0.479937791954433,0.4227937366734634,0.39759098433430273,4.009763717651367,4.382402420043945,0.08849406242370605,0.0,0.3063631057739258,0.36733531951904297,26,0,Short
sub001-ses04-block8-game2_000::b0037,test/sub001/ses-04/sub001-ses04-block8-game2_000.npy,sub001,04,8,2,000,1090,1091,1089,1092,2,56227,56278,56332,1,0.8286593192740754,0.7422873974093815,0.9464349623204023,0.5553348841047906,0.6530321439804999,0.38282844498887647,0.334993839263916,0.0730123519897461,0.045008182525634766,0.03698396682739258,0.2151808738708496,0.08562707901000977,26,0,Short
sub001-ses04-block8-game2_000::b0038,test/sub001/ses-04/sub001-ses04-block8-game2_000.npy,sub001,04,8,2,000,1094,1098,1093,1099,5,56442,56648,56699,1,0.7931983587383102,0.8617057391902163,0.9763449358603937,0.49654700233094307,0.494869259969172,0.35094451242850055,0.025261402130126953,3.3454082012176514,0.0,0.011332988739013672,0.0,0.0,26,0,Short
sub001-ses04-block8-game2_000::b0039,test/sub001/ses-04/sub001-ses04-block8-game2_000.npy,sub001,04,8,2,000,1102,1104,1101,1105,3,56853,56957,57012,1,0.9296135489720395,0.817211538753793,1.1172945435486443,0.45585181927466545,0.5321653923613859,0.14510090139919973,4.296306610107422,3.477565288543701,4.199666976928711,0.05940580368041992,0.0,0.0,26,0,Short
sub001-ses04-block8-game2_000::b0040,test/sub001/ses-04/sub001-ses04-block8-game2_000.npy,sub001,04,8,2,000,1108,1110,1107,1111,3,57166,57269,57317,1,0.8452234174898252,0.8079397260655906,1.1189401781475976,0.506143077515796,0.5347705602810611,0.10590252344317425,0.041382789611816406,0.22459793090820312,0.24651527404785156,0.0,0.038041114807128906,0.06296300888061523,26,0,Short
sub001-ses04-block8-game2_000::b0041,test/sub001/ses-04/sub001-ses04-block8-game2_000.npy,sub001,04,8,2,000,1122,1123,1121,1124,2,57894,57940,57985,1,0.8764083974049608,0.8744997412546559,1.0913081778390732,0.5012653552064477,0.5102005303750788,0.22330572761793993,0.0,3.972007989883423,0.0,0.0,0.404665470123291,0.0,26,0,Short
sub001-ses04-block8-game2_000::b0042,test/sub001/ses-04/sub001-ses04-block8-game2_000.npy,sub001,04,8,2,000,1129,1131,1128,1132,3,58245,58347,58396,1,0.9957372674815034,0.9221332578111399,1.1585559905873017,0.4767148344870327,0.49873768821432013,0.2132655406010362,0.0,0.0,0.0243680477142334,0.0,0.0,0.16254401206970215,26,0,Short
sub001-ses04-block8-game2_000::b0043,test/sub001/ses-04/sub001-ses04-block8-game2_000.npy,sub001,04,8,2,000,1136,1137,1135,1138,2,58608,58657,58710,1,0.8999610173649704,0.9663629502645418,1.0000755524774638,0.4545914043277484,0.42900460050756783,0.3643357378569718,3.8165760040283203,0.0,3.8281824588775635,0.0,0.0,0.0,26,0,Short
sub001-ses04-block8-game2_000::b0044,test/sub001/ses-04/sub001-ses04-block8-game2_000.npy,sub001,04,8,2,000,1142,1143,1141,1144,2,58913,58965,59016,1,0.8508774785215707,0.8604255002081153,1.1570025394245844,0.5209915277758046,0.49998923878505336,0.2968075407881163,0.3124840259552002,3.750572681427002,3.462113618850708,0.2661130428314209,0.5087215900421143,0.0,26,0,Short
sub001-ses04-block8-game2_000::b0045,test/sub001/ses-04/sub001-ses04-block8-game2_000.npy,sub001,04,8,2,000,1148,1149,1147,1150,2,59220,59265,59315,1,0.9878346220466832,0.8784332570171423,1.122785177072338,0.44604817632342864,0.5413121786697564,0.34094434593288925,4.0179667472839355,3.3520610332489014,3.218780517578125,0.1551051139831543,0.08031415939331055,0.0,26,0,Short
sub001-ses04-block8-game2_000::b0046,test/sub001/ses-04/sub001-ses04-block8-game2_000.npy,sub001,04,8,2,000,1155,1156,1154,1157,2,59577,59630,59679,1,0.972175055772328,0.9712683175730471,1.0799798167111028,0.4347380171964247,0.40096304026034096,0.34613560819125266,0.06519699096679688,0.0,0.0,0.1070549488067627,0.0,0.0,26,0,Short
sub001-ses04-block8-game2_000::b0047,test/sub001/ses-04/sub001-ses04-block8-game2_000.npy,sub001,04,8,2,000,1162,1163,1161,1164,2,59935,59988,60037,1,0.8794806984206318,0.9735044495407383,1.064406826425227,0.4668661104892372,0.463958615192824,0.23471387990745862,0.031616926193237305,3.7341971397399902,3.706716537475586,0.0,0.47963881492614746,0.11702561378479004,26,0,Short
sub001-ses04-block8-game2_000::b0048,test/sub001/ses-04/sub001-ses04-block8-game2_000.npy,sub001,04,8,2,000,1168,1169,1167,1170,2,60259,60310,60361,1,0.9274441892286973,0.9730149516583981,0.9910033100772554,0.4887027743399489,0.45308911524249296,0.3960336367149925,0.045511484146118164,0.16365289688110352,0.0,0.20291352272033691,0.2059459686279297,0.0,26,0,Short
sub001-ses04-block8-game2_000::b0049,test/sub001/ses-04/sub001-ses04-block8-game2_000.npy,sub001,04,8,2,000,1174,1176,1173,1177,3,60572,60673,60726,1,0.9248077237367478,0.8260875425139692,0.9149833164515054,0.5063768468272359,0.4779076993103535,0.5299096593694204,3.398538112640381,0.0,3.8604934215545654,0.0,0.0,0.6636111736297607,26,0,Short
sub001-ses04-block8-game2_000::b0050,test/sub001/ses-04/sub001-ses04-block8-game2_000.npy,sub001,04,8,2,000,1180,1181,1179,1182,2,60893,60943,60995,1,0.8645861737790174,0.9384548958014816,0.9025907137782205,0.5452929789649251,0.4160039335964332,0.4496652516165148,0.21224713325500488,0.021379947662353516,0.06199812889099121,0.5518267154693604,0.0,0.0,26,0,Short
sub001-ses04-block8-game2_000::b0051,test/sub001/ses-04/sub001-ses04-block8-game2_000.npy,sub001,04,8,2,000,1186,1187,1185,1188,2,61213,61268,61320,1,1.06249842471514,0.9008726604927898,0.9252765595967548,0.42873702161182486,0.460981889960144,0.4563965773041511,3.6543428897857666,3.723940849304199,3.301675319671631,0.40823912620544434,0.35936927795410156,0.0,26,0,Short
sub001-ses04-block8-game2_000::b0052,test/sub001/ses-04/sub001-ses04-block8-game2_000.npy,sub001,04,8,2,000,1192,1193,1191,1194,2,61524,61576,61625,1,1.0759121159905818,0.8851452048693376,0.894210755252449,0.4505759176035266,0.5076476649060249,0.5647520826152841,0.35243940353393555,0.0,3.206512212753296,0.572390079498291,0.0,0.0,26,0,Short
sub001-ses04-block8-game2_000::b0053,test/sub001/ses-04/sub001-ses04-block8-game2_000.npy,sub001,04,8,2,000,1198,1203,1197,1204,6,61837,62094,62145,1,1.135989368476386,0.8889779559385844,1.1063397351020687,0.4351608607089733,0.5218180223447392,0.27007545425416424,0.059195518493652344,0.0,0.17662882804870605,0.6338639259338379,0.0,0.15257501602172852,26,0,Short
sub001-ses04-block8-game2_000::b0054,test/sub001/ses-04/sub001-ses04-block8-game2_000.npy,sub001,04,8,2,000,1210,1213,1209,1214,4,62455,62599,62649,1,0.8765195797143357,0.873325134178027,0.9285764656886503,0.484408737317346,0.5069435875649557,0.5167555398697731,0.07547259330749512,0.0,0.0,0.26484227180480957,0.0,0.0,26,0,Short
sub001-ses04-block8-game2_000::b0055,test/sub001/ses-04/sub001-ses04-block8-game2_000.npy,sub001,04,8,2,000,1268,1273,1267,1274,6,65335,65586,65636,1,0.686719145886848,0.6977890309219476,1.4475813074842938,0.6602115342214351,0.6962762667593166,0.014659855332924854,0.2150111198425293,0.8888225555419922,0.0,0.19155359268188477,0.9238367080688477,0.0,26,0,Short
sub001-ses04-block8-game2_000::b0056,test/sub001/ses-04/sub001-ses04-block8-game2_000.npy,sub001,04,8,2,000,1279,1279,1278,1280,1,65879,65879,65929,2,0.9113815066312712,0.9335004179043197,1.0016517190604766,0.42104162528850186,0.4184480758091029,0.4433403532224812,0.0,0.0,0.10286664962768555,0.0,0.0,0.27348804473876953,26,0,Short
sub001-ses04-block8-game2_000::b0057,test/sub001/ses-04/sub001-ses04-block8-game2_000.npy,sub001,04,8,2,000,1333,1346,1332,1347,14,68530,69158,69206,1,0.6682816681709518,0.7333724868783138,1.0335072002544519,0.6608193398216384,0.5764719439694271,0.29692097982822263,0.0,0.0,0.0,0.0,0.0,0.0,26,0,Short
sub001-ses04-block8-game2_000::b0058,test/sub001/ses-04/sub001-ses04-block8-game2_000.npy,sub001,04,8,2,000,1356,1364,1355,1365,9,69644,70025,70071,1,0.7875316575538365,0.8494652766234206,1.3069632442391135,0.5348580881580369,0.512609816155104,0.20641436592464008,0.12120223045349121,3.8283298015594482,3.9702930450439453,0.25482940673828125,0.06129312515258789,0.4538540840148926,26,0,Short
sub001-ses04-block8-game2_000::b0059,test/sub001/ses-04/sub001-ses04-block8-game2_000.npy,sub001,04,8,2,000,1398,1399,1397,1400,2,71641,71689,71734,1,1.210860216704552,1.2743001042708237,1.1341759737763444,0.1947464459049149,0.16383595588648164,0.3370619319223851,2.7324185371398926,0.0,2.6250665187835693,0.20610928535461426,0.0,0.4548048973083496,26,0,Short
sub001-ses04-block8-game2_000::b0060,test/sub001/ses-04/sub001-ses04-block8-game2_000.npy,sub001,04,8,2,000,1406,1421,1405,1422,16,72029,72755,72803,3,1.0062102898119123,1.1109107365994615,1.1007600564839806,0.44924313529562554,0.3545706680458979,0.3466688180671577,0.0,2.6499338150024414,2.9084503650665283,0.0,0.15540146827697754,0.28145670890808105,26,0,Short
sub001-ses04-block8-game2_000::b0061,test/sub001/ses-04/sub001-ses04-block8-game2_000.npy,sub001,04,8,2,000,1472,1475,1471,1476,4,75298,75441,75491,2,1.009942088586406,0.9308739585600381,1.0027655595545077,0.4068166764849276,0.46682002081895907,0.417965233238909,0.27599310874938965,0.0,2.9317307472229004,0.27803587913513184,0.0,0.19572925567626953,26,0,Short
sub001-ses04-block8-game2_000::b0062,test/sub001/ses-04/sub001-ses04-block8-game2_000.npy,sub001,04,8,2,000,1492,1509,1491,1510,18,76285,77134,77186,2,0.9705180183429938,0.9509164383864843,0.9403088118133962,0.38137827137675817,0.46951787315809895,0.5001912476690316,0.06763505935668945,3.113335132598877,0.0,0.0,0.0,0.0,26,0,Short
sub001-ses04-block8-game2_000::b0063,test/sub001/ses-04/sub001-ses04-block8-game2_000.npy,sub001,04,8,2,000,1539,1551,1538,1552,13,78596,79165,79209,1,0.9229860913235871,0.9353022723716475,1.1329923412777736,0.3471019640470226,0.4898799054348737,0.26467428633514184,3.353849411010742,0.0,0.0,0.3988938331604004,0.0,0.0,26,0,Short
sub001-ses04-block8-game2_000::b0064,test/sub001/ses-04/sub001-ses04-block8-game2_000.npy,sub001,04,8,2,000,1556,1560,1555,1561,5,79402,79590,79636,1,0.8758360287313244,0.8986486933583169,0.9314200037987629,0.4489523010905433,0.47922081384480053,0.4565197468933355,0.0,0.0,0.0,0.0,0.0,0.0,26,0,Short
sub001-ses04-block8-game2_000::b0065,test/sub001/ses-04/sub001-ses04-block8-game2_000.npy,sub001,04,8,2,000,1565,1567,1564,1568,3,79829,79928,79975,1,1.0845750983674227,0.8525447568571587,0.9986972329531134,0.3495133308730926,0.5341156684479968,0.34009918134651684,0.2155914306640625,0.17281389236450195,0.0,0.744572639465332,0.29731225967407227,0.0,26,0,Short
sub001-ses04-block8-game2_000::b0066,test/sub001/ses-04/sub001-ses04-block8-game2_000.npy,sub001,04,8,2,000,1580,1587,1579,1588,8,80559,80903,80951,1,1.105104256125123,1.302745462498157,1.0527638157972503,0.20872100124801185,0.19968884530462602,0.2802493083999567,0.0,0.0,0.0,0.0,0.0,0.0,26,0,Short
sub001-ses04-block8-game2_000::b0067,test/sub001/ses-04/sub001-ses04-block8-game2_000.npy,sub001,04,8,2,000,1594,1597,1593,1598,4,81238,81382,81432,1,0.9340550530883893,0.8881527387652918,1.0180749833238079,0.47730886759901947,0.4788181546863894,0.2531008937900373,0.0,0.0,0.0,0.0,0.0,0.0,26,0,Short
sub001-ses04-block8-game2_000::b0068,test/sub001/ses-04/sub001-ses04-block8-game2_000.npy,sub001,04,8,2,000,1601,1603,1600,1604,3,81572,81662,81709,1,0.7858637883914938,0.8169372520550542,0.9945677429528991,0.5459499686413594,0.5358820592031205,0.28366543198343175,0.0,0.2449650764465332,3.9315199851989746,0.0,0.5095291137695312,1.0091166496276855,26,0,Short
sub001-ses04-block8-game2_000::b0069,test/sub001/ses-04/sub001-ses04-block8-game2_000.npy,sub001,04,8,2,000,1609,1611,1608,1612,3,81955,82057,82107,1,0.8244973345099053,0.755174399458386,0.9146260037757782,0.5455977586461056,0.5963247656183225,0.47775413431833047,0.13039517402648926,3.5976176261901855,3.512787342071533,0.5603337287902832,0.5441608428955078,0.31490159034729004,26,0,Short
sub001-ses04-block8-game2_000::b0070,test/sub001/ses-04/sub001-ses04-block8-game2_000.npy,sub001,04,8,2,000,1616,1618,1615,1619,3,82300,82394,82443,1,0.8213001354688106,0.8537436594876257,1.0457478249695003,0.5380746108091201,0.4929559648813487,0.1810000808977505,0.24274253845214844,3.4324417114257812,0.24674296379089355,0.5886340141296387,0.23147177696228027,0.6888937950134277,26,0,Short
sub001-ses04-block8-game2_000::b0071,test/sub001/ses-04/sub001-ses04-block8-game2_000.npy,sub001,04,8,2,000,1624,1626,1623,1627,3,82691,82794,82839,1,0.8723537429169728,0.8977989863765051,1.0361076762282113,0.5089449879620274,0.4673844622669623,0.23925553981144926,0.33822059631347656,0.0,0.19206833839416504,0.5916361808776855,0.0,0.415175199508667,26,0,Short
sub001-ses04-block8-game2_000::b0072,test/sub001/ses-04/sub001-ses04-block8-game2_000.npy,sub001,04,8,2,000,1632,1635,1631,1636,4,83081,83223,83272,1,0.8983679271791442,0.877826534891381,1.0922437719726632,0.4545112183560995,0.47982951917473704,0.21851136543050614,0.48424768447875977,0.0,0.035654544830322266,0.4183046817779541,0.0,0.1718578338623047,26,0,Short
sub001-ses04-block8-game2_000::b0073,test/sub001/ses-04/sub001-ses04-block8-game2_000.npy,sub001,04,8,2,000,1640,1641,1639,1642,2,83465,83512,83555,2,0.8683558323278515,0.8793543780826142,0.9901024021446745,0.529521515959289,0.456547008614784,0.3302195187969841,0.3648529052734375,0.23922157287597656,3.412813901901245,0.48650550842285156,0.0,0.11398720741271973,26,0,Short
sub001-ses04-block8-game2_000::b0074,test/sub001/ses-04/sub001-ses04-block8-game2_000.npy,sub001,04,8,2,000,1658,1659,1657,1660,2,84328,84378,84428,1,0.8728849263024709,0.8684561917016883,0.9677129214593645,0.48293514018192607,0.46371847976988867,0.32311619307891487,3.418227434158325,3.210709571838379,3.172287940979004,0.44712209701538086,0.0,0.2378685474395752,26,0,Short
sub001-ses04-block8-game2_000::b0075,test/sub001/ses-04/sub001-ses04-block8-game2_000.npy,sub001,04,8,2,000,1665,1667,1664,1668,3,84672,84770,84819,1,1.1285099351085437,1.0334629928544643,1.0159460119212018,0.18024383198553784,0.4411829193568471,0.3250852731933888,0.0,3.1507201194763184,3.3522462844848633,0.0,0.0,0.573807954788208,26,0,Short
sub001-ses04-block8-game2_000::b0076,test/sub001/ses-04/sub001-ses04-block8-game2_000.npy,sub001,04,8,2,000,1674,1677,1673,1678,4,85107,85253,85297,1,1.0085062152863848,0.9578744165951737,1.0173428544973884,0.3871564011619876,0.43646243073932334,0.37611650859160795,0.0,3.006302833557129,0.0,0.0,0.0,0.0,26,0,Short
sub001-ses04-block8-game2_000::b0077,test/sub001/ses-04/sub001-ses04-block8-game2_000.npy,sub001,04,8,2,000,1682,1688,1681,1689,7,85491,85783,85830,3,0.9760905681940406,0.9177281873966436,1.181843890798219,0.42785939699870257,0.4445984965024325,0.0968929597766005,0.0,3.4028358459472656,3.2033681869506836,0.0,0.10158371925354004,0.0,26,0,Short
sub001-ses04-block8-game2_000::b0078,test/sub001/ses-04/sub001-ses04-block8-game2_000.npy,sub001,04,8,2,000,1762,1763,1761,1764,2,89491,89542,89589,1,0.627370607987437,0.6306062976969011,0.9157178430178065,0.7384158714054286,0.7378533614528529,0.4740654955594433,0.024646759033203125,0.020118236541748047,0.02057027816772461,0.3332948684692383,0.062390804290771484,0.13416576385498047,26,0,Short
sub001-ses04-block8-game2_000::b0079,test/sub001/ses-04/sub001-ses04-block8-game2_000.npy,sub001,04,8,2,000,1768,1772,1767,1773,5,89789,89981,90031,1,0.9192704428989054,0.9100911703310044,1.0764282877550997,0.4013056805817706,0.41168895450138965,0.29933912079379715,0.0,3.8941633701324463,0.1049814224243164,0.0,0.0,0.6460952758789062,26,0,Short
sub001-ses04-block8-game2_000::b0080,test/sub001/ses-04/sub001-ses04-block8-game2_000.npy,sub001,04,8,2,000,1793,1800,1792,1801,8,91033,91395,91449,2,1.1160623426502498,0.9105945647355383,0.8910298777057889,0.38906574857092285,0.47223309891828075,0.5461865923740564,0.04725813865661621,0.0,0.2926633358001709,0.0,0.0,0.5075051784515381,26,0,Short
sub001-ses04-block8-game2_000::b0081,test/sub001/ses-04/sub001-ses04-block8-game2_000.npy,sub001,04,8,2,000,1823,1837,1822,1838,15,92536,93227,93276,2,0.5646076853023562,0.6187147140833065,0.9474107780534562,0.7047124252827343,0.6390002929895124,0.4560227175646259,0.5821363925933838,0.0,0.259777307510376,0.8009562492370605,0.0,0.4596271514892578,26,0,Short
sub001-ses04-block8-game2_000::b0082,test/sub001/ses-04/sub001-ses04-block8-game2_000.npy,sub001,04,8,2,000,1860,1879,1859,1880,20,94335,95242,95288,3,0.7587406969267464,0.8563760674590972,1.011867018298021,0.5865332298830783,0.44097979254852526,0.47844561064081803,3.422421455383301,3.422714948654175,0.0,0.0765383243560791,0.13108110427856445,0.0,26,0,Short
sub001-ses04-block8-game2_000::b0083,test/sub001/ses-04/sub001-ses04-block8-game2_000.npy,sub001,04,8,2,000,1898,1909,1897,1910,12,96182,96727,96774,1,0.39530708383763136,0.34298060567439304,1.095191795764479,0.8567425039557052,0.8812872011053665,0.394463482412418,3.880772113800049,0.0,3.8417365550994873,0.3912086486816406,0.0,0.30583882331848145,26,0,Short
sub001-ses04-block8-game2_000::b0084,test/sub001/ses-04/sub001-ses04-block8-game2_000.npy,sub001,04,8,2,000,1914,1924,1913,1925,11,96967,97447,97494,1,0.9629309027388523,0.9028056015368342,1.040797040314675,0.4330427157774002,0.4629779531916124,0.35258333199329317,0.29110145568847656,0.021376609802246094,0.3363068103790283,0.4283154010772705,0.19199562072753906,0.7843146324157715,26,0,Short
sub001-ses04-block8-game2_000::b0085,test/sub001/ses-04/sub001-ses04-block8-game2_000.npy,sub001,04,8,2,000,1930,1934,1929,1935,5,97740,97933,97980,1,0.8536050296212871,0.8765658142784505,1.286494480568666,0.5130396142697087,0.4975568345140633,0.3018411676706354,0.0,4.035854339599609,3.7208564281463623,0.0,0.34763503074645996,0.38538146018981934,26,0,Short
sub001-ses04-block8-game2_000::b0086,test/sub001/ses-04/sub001-ses04-block8-game2_000.npy,sub001,04,8,2,000,1964,1980,1963,1981,17,99393,100164,100215,2,0.9239660427481375,1.0051588740984225,1.2490980284674753,0.4785221548597954,0.3950011595002514,0.31034997173212864,3.5352559089660645,0.0,2.7236416339874268,0.9347772598266602,0.0,0.5580542087554932,26,0,Short
sub001-ses04-block8-game2_000::b0087,test/sub001/ses-04/sub001-ses04-block8-game2_000.npy,sub001,04,8,2,000,2009,2009,2008,2010,1,101533,101533,101579,2,1.1683418355674986,1.1235634222476925,1.0059153038532271,0.3293798085721761,0.39278132214678196,0.47821032880024783,0.0,0.0,0.0,0.0,0.0,0.0,26,0,Short
sub001-ses04-block8-game2_000::b0088,test/sub001/ses-04/sub001-ses04-block8-game2_000.npy,sub001,04,8,2,000,2021,2043,2020,2044,23,102121,103183,103231,3,1.2498217765202082,1.2882882067623949,1.2169477192300482,0.24582594642018152,0.1596144141168454,0.2584957947799622,2.4490132331848145,0.0,0.09627175331115723,0.034162282943725586,0.0,0.0,26,0,Short
sub001-ses04-block8-game2_000::b0089,test/sub001/ses-04/sub001-ses04-block8-game2_000.npy,sub001,04,8,2,000,2090,2093,2089,2094,4,105486,105627,105672,1,0.9555112642981721,0.9199536683605036,1.2469150617498954,0.47723606368869753,0.5110698174143382,0.30259904969765106,0.4757697582244873,0.0,0.0,0.6970341205596924,0.0,0.0,26,0,Short
sub001-ses04-block8-game2_000::b0090,test/sub001/ses-04/sub001-ses04-block8-game2_000.npy,sub001,04,8,2,000,2101,2103,2100,2104,3,106009,106107,106153,3,0.9895517435211542,1.0668996935641892,1.1340283348419151,0.4516924357092055,0.36242614321037897,0.25363028586021324,3.089787721633911,2.6653943061828613,3.849531888961792,0.34332728385925293,0.11991095542907715,0.9498946666717529,26,0,Short
sub001-ses04-block8-game2_000::b0091,test/sub001/ses-04/sub001-ses04-block8-game2_000.npy,sub001,04,8,2,000,2128,2133,2127,2134,6,107312,107560,107608,2,0.8118112436467697,0.553985485966409,1.0592503292604079,0.5847444557584033,0.7596476851808586,0.38830428089381436,0.4062492847442627,3.0273361206054688,3.06827712059021,0.510150671005249,0.20955705642700195,0.37592363357543945,26,0,Short
sub001-ses04-block8-game2_000::b0092,test/sub001/ses-04/sub001-ses04-block8-game2_000.npy,sub001,04,8,2,000,2145,2159,2144,2160,15,108146,108832,108880,3,1.0991962335645602,1.2150638689365152,1.1416303873878946,0.27864769141366325,0.02325394272742548,0.30882023351320065,0.10382771492004395,3.3593132495880127,0.0,0.494065523147583,0.0,0.0,26,0,Short
sub001-ses04-block8-game2_000::b0093,test/sub001/ses-04/sub001-ses04-block8-game2_000.npy,sub001,04,8,2,000,2168,2183,2167,2184,16,109277,110002,110052,1,0.6013163306438208,0.6107303461222804,0.9777828131474291,0.732101017026862,0.7437056391960528,0.4496606741048632,3.203005075454712,0.02703094482421875,0.0,0.34665703773498535,0.03288745880126953,0.0,26,0,Short
sub001-ses04-block8-game2_000::b0094,test/sub001/ses-04/sub001-ses04-block8-game2_000.npy,sub001,04,8,2,000,2190,2203,2189,2204,14,110342,110991,111037,3,0.8879864655805061,1.0081598166802346,1.013463504204145,0.47381293129452373,0.3991466826048856,0.3312994164583733,4.0667500495910645,0.0,0.1796283721923828,0.7086920738220215,0.0,0.6844890117645264,26,0,Short
sub001-ses04-block8-game2_000::b0095,test/sub001/ses-04/sub001-ses04-block8-game2_000.npy,sub001,04,8,2,000,2210,2213,2209,2214,4,111333,111480,111527,1,1.1320925407510214,1.1768017038659644,0.8872761412454672,0.38064943836654286,0.3633458122628369,0.46285298153473514,0.39085936546325684,0.0,0.0,0.840583324432373,0.0,0.0,26,0,Short
sub001-ses04-block8-game2_000::b0096,test/sub001/ses-04/sub001-ses04-block8-game2_000.npy,sub001,04,8,2,000,2220,2228,2219,2229,9,111836,112219,112273,2,0.8809025080469821,0.8908354518086763,1.0538627076029605,0.5031681708259635,0.5158815497195338,0.27170009675327,3.8028485774993896,3.070358991622925,3.8569295406341553,0.2815861701965332,0.0,0.8489456176757812,26,0,Short
sub001-ses04-block8-game2_000::b0097,test/sub001/ses-04/sub001-ses04-block8-game2_000.npy,sub001,04,8,2,000,2236,2241,2235,2242,6,112608,112853,112904,1,1.0047770063831232,1.2127947238503367,0.9883346773632822,0.4670582156533968,0.15249739091044945,0.4574161303676607,3.189009428024292,0.0,0.0,0.8849852085113525,0.0,0.0,26,0,Short
sub001-ses04-block8-game2_000::b0098,test/sub001/ses-04/sub001-ses04-block8-game2_000.npy,sub001,04,8,2,000,2248,2261,2247,2262,14,113199,113813,113859,3,0.9275185346959183,0.9610958101604172,1.132034681883319,0.45968521856104094,0.4701351042096219,0.3410353935102711,0.06808710098266602,3.014758348464966,2.6063385009765625,0.9199459552764893,0.0,0.2536051273345947,26,0,Short
sub001-ses04-block8-game2_000::b0099,test/sub001/ses-04/sub001-ses04-block8-game2_000.npy,sub001,04,8,2,000,2311,2314,2310,2315,4,116289,116433,116480,1,0.9317774370089229,0.8819292232362363,1.1444129987943077,0.45922735749054805,0.49944700167540557,0.24769033223750253,3.1153547763824463,0.1085360050201416,3.4162871837615967,0.0,0.7967872619628906,0.6271500587463379,26,0,Short
sub001-ses04-block8-game2_000::b0100,test/sub001/ses-04/sub001-ses04-block8-game2_000.npy,sub001,04,8,2,000,2319,2323,2318,2324,5,116677,116869,116920,1,1.0843612188948035,0.9594337332877694,0.9191226099568403,0.34236938796904703,0.5069548927972962,0.5096248713552276,0.0,2.821317434310913,3.7313849925994873,0.0,0.0,0.6013996601104736,26,0,Short
sub001-ses04-block8-game2_000::b0101,test/sub001/ses-04/sub001-ses04-block8-game2_000.npy,sub001,04,8,2,000,2328,2330,2327,2331,3,117121,117215,117261,1,0.98173877922709,0.9478399636056123,0.9143091571971447,0.38241363919634774,0.4983939980083676,0.5168358175012118,0.0,0.0,3.4820892810821533,0.0,0.0,0.7006642818450928,26,0,Short
sub001-ses04-block8-game2_000::b0102,test/sub001/ses-04/sub001-ses04-block8-game2_000.npy,sub001,04,8,2,000,2336,2339,2335,2340,4,117511,117661,117713,1,0.9262336344059088,0.9636860254363571,1.0476928064985676,0.5098316925486173,0.4664918518637502,0.3872450718888214,0.0174713134765625,3.276249885559082,3.0555105209350586,0.6974952220916748,0.03301644325256348,0.0,26,0,Short
sub001-ses04-block8-game2_000::b0103,test/sub001/ses-04/sub001-ses04-block8-game2_000.npy,sub001,04,8,2,000,2353,2355,2352,2356,3,118373,118471,118521,1,1.0573563872750695,1.0535203626487262,0.9215262520582516,0.4604407598194307,0.4434472504139043,0.5633431135970339,0.08847165107727051,2.6450605392456055,0.14057230949401855,0.1621241569519043,0.0,0.5921318531036377,26,0,Short
sub001-ses04-block8-game2_000::b0104,test/sub001/ses-04/sub001-ses04-block8-game2_000.npy,sub001,04,8,2,000,2362,2363,2361,2364,2,118836,118885,118939,1,0.8735665926956813,0.8714802530685252,1.2202800736056139,0.6135803153231494,0.5940277238969711,0.343195879253401,0.16208720207214355,0.5168588161468506,0.02351689338684082,0.6013753414154053,0.5268211364746094,0.0,26,0,Short
sub001-ses04-block8-game2_000::b0105,test/sub001/ses-04/sub001-ses04-block8-game2_000.npy,sub001,04,8,2,000,2370,2373,2369,2374,4,119241,119391,119441,1,1.1043412224266989,1.202755862009806,1.0301822460251377,0.4278460783302742,0.12807648009594208,0.5596540494818085,0.04933285713195801,0.0,2.33316969871521,0.0,0.0,0.0,26,0,Short
sub001-ses04-block8-game2_000::b0106,test/sub001/ses-04/sub001-ses04-block8-game2_000.npy,sub001,04,8,2,000,2378,2381,2377,2382,4,119641,119794,119847,1,1.0431978193250326,1.0720240647423982,1.1099585775483105,0.46495676332565977,0.47323964371081756,0.42854482253669635,0.02118539810180664,2.9324262142181396,0.0,0.7569935321807861,0.8174242973327637,0.0,26,0,Short
sub001-ses04-block8-game2_000::b0107,test/sub001/ses-04/sub001-ses04-block8-game2_000.npy,sub001,04,8,2,000,2387,2389,2386,2390,3,120110,120212,120262,1,1.249943524950583,1.1239877367214015,1.1490122396936833,0.20984657229436793,0.4580644920029955,0.470244376771914,1.0138152837753296,0.0,0.0,0.18192267417907715,0.0,0.0,26,0,Short
sub001-ses04-block8-game2_000::b0108,test/sub001/ses-04/sub001-ses04-block8-game2_000.npy,sub001,04,8,2,000,2414,2423,2413,2424,10,121502,121943,121997,2,0.6878723909687178,0.8393824756168783,1.1196493890937222,0.7301111862828169,0.6258292360639772,0.39184354993240994,2.4853134155273438,2.4824302196502686,2.603839159011841,0.0,0.025143146514892578,0.06510686874389648,26,0,Short
sub001-ses04-block8-game2_000::b0109,test/sub001/ses-04/sub001-ses04-block8-game2_000.npy,sub001,04,8,2,000,2469,2471,2468,2472,3,124264,124358,124409,1,0.9681124036926538,1.0175245089248839,1.0841557348740625,0.483584814929516,0.47314677376480496,0.3684393578131663,2.6259355545043945,0.0,2.8769094944000244,0.0,0.0,0.0,26,0,Short
sub001-ses04-block8-game2_000::b0110,test/sub001/ses-04/sub001-ses04-block8-game2_000.npy,sub001,04,8,2,000,2480,2483,2479,2484,4,124801,124949,125002,1,0.9543483106330181,1.1503441909267833,1.0286860116467322,0.48620928484810466,0.37807593696543174,0.4290958605168437,0.0,2.598822593688965,0.0,0.0,0.03630709648132324,0.0,26,0,Short
sub001-ses04-block8-game2_000::b0111,test/sub001/ses-04/sub001-ses04-block8-game2_000.npy,sub001,04,8,2,000,2488,2491,2487,2492,4,125206,125361,125410,1,1.0255427405138937,1.018224966053821,1.3073932788286484,0.4377991816992053,0.46237459248029267,0.01004521103707201,0.045562028884887695,0.2663140296936035,2.176100730895996,0.47154712677001953,0.2762172222137451,0.0,26,0,Short
sub001-ses04-block8-game2_000::b0112,test/sub001/ses-04/sub001-ses04-block8-game2_000.npy,sub001,04,8,2,000,2498,2499,2497,2500,2,125713,125767,125819,1,1.0834073973032279,1.0749298937423815,1.285789819016426,0.4938379187667682,0.5253697937681407,0.2704233462509002,2.1605818271636963,2.0580854415893555,0.0,0.0,0.0,0.0,26,0,Short
sub001-ses04-block8-game2_000::b0113,test/sub001/ses-04/sub001-ses04-block8-game2_000.npy,sub001,04,8,2,000,2506,2509,2505,2510,4,126131,126273,126323,1,1.0608144560202573,1.1520243290052,1.218781329368594,0.4723397468240469,0.4226316493259399,0.2945555322903971,1.8961408138275146,0.19918131828308105,0.24957609176635742,0.0,0.0,0.344174861907959,26,0,Short
sub001-ses04-block8-game2_000::b0114,test/sub001/ses-04/sub001-ses04-block8-game2_000.npy,sub001,04,8,2,000,2516,2517,2515,2518,2,126623,126673,126723,2,1.1150735026910619,1.109045551240226,1.1565053283081148,0.4225362947377935,0.4239540523395194,0.41090578239612113,0.10846555233001709,2.071875810623169,0.09432554244995117,0.0,0.0,0.0,26,0,Short
sub001-ses04-block8-game2_000::b0115,test/sub001/ses-04/sub001-ses04-block8-game2_000.npy,sub001,04,8,2,000,2527,2529,2526,2530,3,127193,127295,127351,1,0.9512824445757115,0.9713271476441012,1.1848309170472429,0.5231914766539228,0.5033712268676915,0.29416803430276733,0.1687452793121338,0.2561511993408203,1.9379266500473022,0.0,0.0,0.0,26,0,Short
sub001-ses04-block8-game2_000::b0116,test/sub001/ses-04/sub001-ses04-block8-game2_000.npy,sub001,04,8,2,000,2534,2537,2533,2538,4,127554,127708,127762,1,1.0283589587410937,1.1254288511632409,1.051909226004257,0.47533356532672955,0.39667650173934565,0.5075688316490956,0.0724947452545166,0.0,2.0352818965911865,0.4445614814758301,0.0,0.11925339698791504,26,0,Short
sub001-ses04-block8-game2_000::b0117,test/sub001/ses-04/sub001-ses04-block8-game2_000.npy,sub001,04,8,2,000,2544,2547,2543,2548,4,128075,128226,128277,1,1.0733448355430393,1.162887147813557,1.2257196249544275,0.4244928456795969,0.36209413066640084,0.3304859829144178,0.15942692756652832,0.19096755981445312,0.00027370452880859375,0.5944685935974121,0.6861404180526733,0.15748333930969238,26,0,Short
sub001-ses04-block8-game2_000::b0118,test/sub001/ses-04/sub001-ses04-block8-game2_000.npy,sub001,04,8,2,000,2553,2554,2552,2555,2,128535,128586,128632,1,1.0599312797118934,1.0543494244273117,0.9974225514080948,0.43644267366177925,0.45930933338985436,0.5736835124213538,0.06848526000976562,2.004978895187378,0.0,0.050065040588378906,0.06546783447265625,0.0,26,0,Short
sub001-ses04-block8-game2_000::b0119,test/sub001/ses-04/sub001-ses04-block8-game2_000.npy,sub001,04,8,2,000,2560,2561,2559,2562,2,128883,128934,128983,1,1.0647721281282798,1.0390693266199904,1.2002992578023521,0.4317068089928867,0.4454033718950676,0.3056276767661789,2.1919283866882324,2.121964931488037,0.08453822135925293,0.1688227653503418,0.2396082878112793,0.40546083450317383,26,0,Short
sub001-ses04-block8-game2_000::b0120,test/sub001/ses-04/sub001-ses04-block8-game2_000.npy,sub001,04,8,2,000,2567,2571,2566,2572,5,129231,129431,129482,4,1.0569288759450435,1.0866273120366348,1.170837896777491,0.4355034895407365,0.39406690431068236,0.3595378266556906,0.0,2.334636688232422,0.2961466312408447,0.0,0.4146428108215332,0.4995748996734619,26,0,Short
sub001-ses04-block8-game2_000::b0121,test/sub001/ses-04/sub001-ses04-block8-game2_000.npy,sub001,04,8,2,000,2580,2584,2579,2585,5,129869,130076,130129,1,1.1219283071874013,1.0589987528080893,1.1494962401944633,0.443222233717134,0.4435783371647993,0.38102006367083097,0.23815512657165527,0.0,0.1415807008743286,0.09074807167053223,0.0,0.0,26,0,Short
sub001-ses04-block8-game2_000::b0122,test/sub001/ses-04/sub001-ses04-block8-game2_000.npy,sub001,04,8,2,000,2592,2597,2591,2598,6,130468,130710,130757,1,1.056222683992231,1.2062486555885592,1.2779143530089168,0.42295967564491865,0.3793191442478642,0.240387207206118,0.0,0.16881227493286133,0.0,0.0,0.0,0.0,26,0,Short
sub001-ses04-block8-game2_000::b0123,test/sub001/ses-04/sub001-ses04-block8-game2_000.npy,sub001,04,8,2,000,2606,2609,2605,2610,4,131151,131300,131349,1,1.245159312376655,1.2184529039921768,1.3212256882978834,0.31385617066285987,0.35014151782229874,0.2517705716579957,0.0,2.240731716156006,0.0,0.0,0.5542501211166382,0.0,26,0,Short
sub001-ses04-block8-game2_000::b0124,test/sub001/ses-04/sub001-ses04-block8-game2_000.npy,sub001,04,8,2,000,2618,2619,2617,2620,2,131747,131796,131843,3,1.2035035002155023,1.2035968019203342,1.1142994037953686,0.39452133213769774,0.4084895887293699,0.45143534494840265,0.10322844982147217,0.01968061923980713,1.7903081178665161,0.4315207004547119,0.12394535541534424,0.1782292127609253,26,0,Short
sub001-ses04-block8-game2_000::b0125,test/sub001/ses-04/sub001-ses04-block8-game2_000.npy,sub001,04,8,2,000,2640,2684,2639,2685,45,132836,135046,135099,2,0.7264666160337834,0.7552415810313284,1.1758601905876367,0.6716768637665457,0.6593579600825968,0.3875606173224945,1.8673350811004639,0.021605730056762695,1.6529620885849,0.007829427719116211,0.05147385597229004,0.1842975616455078,26,1,Long
sub001-ses04-block8-game2_000::b0126,test/sub001/ses-04/sub001-ses04-block8-game2_000.npy,sub001,04,8,2,000,2707,2707,2706,2708,1,136147,136147,136196,1,1.11007124345735,0.9631147777306786,1.2441230240719459,0.36911263215475254,0.5135554098007279,0.27365964189640557,0.0,0.0,0.0,0.0,0.0,0.0,26,0,Short
sub001-ses04-block8-game2_000::b0127,test/sub001/ses-04/sub001-ses04-block8-game2_000.npy,sub001,04,8,2,000,2713,2729,2712,2730,17,136435,137199,137255,1,1.2155167804991858,1.086664262984549,1.3415273011637474,0.37535174453507025,0.45757586797753524,0.13853101042502125,0.0618513822555542,1.79839289188385,0.06064414978027344,0.24146294593811035,0.0030698776245117188,0.20294010639190674,26,0,Short
sub001-ses04-block8-game2_000::b0128,test/sub001/ses-04/sub001-ses04-block8-game2_000.npy,sub001,04,8,2,000,2736,2738,2735,2739,3,137537,137630,137677,1,0.9879930932310411,1.1269327746181832,1.2766821447470331,0.47435864710019904,0.41567009902343305,0.3290491253025154,1.4719009399414062,0.0,0.09446406364440918,0.0,0.0,0.13162922859191895,26,0,Short
sub001-ses04-block8-game2_000::b0129,test/sub001/ses-04/sub001-ses04-block8-game2_000.npy,sub001,04,8,2,000,2744,2745,2743,2746,2,137906,137954,138003,1,1.3046808813552095,1.1912991766913414,1.2670119876284889,0.3230580095716651,0.41117556899790386,0.39624222007367743,1.5114123821258545,0.0,0.059960365295410156,0.056807637214660645,0.0,0.13306355476379395,26,0,Short
sub001-ses04-block8-game2_000::b0130,test/sub001/ses-04/sub001-ses04-block8-game2_000.npy,sub001,04,8,2,000,2752,2754,2751,2755,3,138290,138394,138450,1,1.3620972792489412,1.267567650177984,1.2985373728855565,0.27765908865539934,0.3841420118491381,0.2456418298424478,1.4026271104812622,1.3562793731689453,0.3528493642807007,0.18368840217590332,0.01567709445953369,0.5548640489578247,26,0,Short
sub001-ses04-block8-game2_000::b0131,test/sub001/ses-04/sub001-ses04-block8-game2_000.npy,sub001,04,8,2,000,2760,2762,2759,2763,3,138695,138789,138844,1,1.2264019987501151,1.3050447424676805,1.3358399799927811,0.43695174459578634,0.3679468144121363,0.3048130721272161,0.0,0.0,1.0841845273971558,0.0,0.0,0.0,26,0,Short
sub001-ses04-block8-game2_000::b0132,test/sub001/ses-04/sub001-ses04-block8-game2_000.npy,sub001,04,8,2,000,2768,2803,2767,2804,36,139101,140820,140867,2,1.22783741698272,1.2396129567976542,1.0374966170552327,0.4356842200964618,0.4086002381544972,0.5418418671526811,0.0,1.221688151359558,0.9514120817184448,0.0,0.0,0.0,26,1,Long
sub001-ses04-block8-game2_000::b0133,test/sub001/ses-04/sub001-ses04-block8-game2_000.npy,sub001,04,8,2,000,2828,2860,2827,2861,33,142031,143582,143628,2,1.2000758862341636,1.028465106719578,1.0899509155352092,0.07032787420394376,0.3412284270986695,0.49509553806443785,1.2181884050369263,1.3299362659454346,1.185367465019226,0.0,0.4736056327819824,0.04941070079803467,26,1,Long
sub001-ses04-block8-game2_000::b0134,test/sub001/ses-04/sub001-ses04-block8-game2_000.npy,sub001,04,8,2,000,2875,2901,2874,2902,27,144308,145572,145624,1,1.3312729064079658,1.3259429834961234,1.1820155370859715,0.004829890043474394,0.17725933488448503,0.3485235753896788,1.2786530256271362,0.0,0.0,0.0,0.0,0.0,26,1,Long
sub001-ses04-block8-game2_000::b0135,test/sub001/ses-04/sub001-ses04-block8-game2_000.npy,sub001,04,8,2,000,2908,2955,2907,2956,48,145909,148164,148213,1,1.2365265328076576,1.2028259529272525,1.2173288944869016,0.38272991055351646,0.39350267344300166,0.3484142434138212,0.011873722076416016,0.05911839008331299,0.0,0.12177801132202148,0.010569930076599121,0.0,26,1,Long
sub001-ses04-block8-game2_000::b0136,test/sub001/ses-04/sub001-ses04-block8-game2_000.npy,sub001,04,8,2,000,2962,2964,2961,2965,3,148496,148587,148635,1,1.1743355997032945,1.2838427420250897,0.9953537222113629,0.3916275273501748,0.2847374316307824,0.5068165626249689,0.15435004234313965,0.0,0.0,0.44125258922576904,0.0,0.0,26,0,Short
sub001-ses04-block8-game2_000::b0137,test/sub001/ses-04/sub001-ses04-block8-game2_000.npy,sub001,04,8,2,000,2977,2978,2976,2979,2,149211,149259,149307,1,1.2534822321521557,1.1718917530443047,1.2424358916464746,0.34034804504652116,0.41104156195817726,0.23983257058041468,1.48119056224823,1.4474378824234009,1.679634690284729,0.18203425407409668,0.015772104263305664,0.3202766180038452,26,0,Short
sub001-ses04-block8-game2_000::b0138,test/sub001/ses-04/sub001-ses04-block8-game2_000.npy,sub001,04,8,2,000,2985,2992,2984,2993,8,149602,149945,149996,1,1.1982811932049875,1.2202854576218891,1.1191210349937568,0.41065924860594594,0.3781275795641631,0.39916820104957945,0.0,1.3973276615142822,0.0,0.0,0.0,0.0,26,0,Short
sub001-ses04-block8-game2_000::b0139,test/sub001/ses-04/sub001-ses04-block8-game2_000.npy,sub001,04,8,2,000,3000,3003,2999,3004,4,150328,150472,150520,1,1.1240993615208967,1.1043095623837746,1.1008703215891333,0.4543368396965569,0.48601489374627116,0.4403832510087709,1.4980913400650024,0.029627084732055664,0.0,0.07872486114501953,0.1009676456451416,0.0,26,0,Short
sub001-ses04-block8-game2_000::b0140,test/sub001/ses-04/sub001-ses04-block8-game2_000.npy,sub001,04,8,2,000,3008,3020,3007,3021,13,150704,151269,151318,3,1.3090852462853053,1.22602170092632,1.1721213989310428,0.3590688895357609,0.38784522264395827,0.3665884224310362,0.0,0.0,0.06265950202941895,0.0,0.0,0.0,26,0,Short
sub001-ses04-block8-game2_000::b0141,test/sub001/ses-04/sub001-ses04-block8-game2_000.npy,sub001,04,8,2,000,3051,3058,3050,3059,8,152783,153128,153175,2,0.6468331471064932,0.5081879259585621,1.0164523986591998,0.7330144388519703,0.7808106897556876,0.5549675310781803,0.0,0.02007317543029785,1.3264307975769043,0.0,0.1257692575454712,0.08275294303894043,26,0,Short
sub001-ses04-block8-game2_000::b0142,test/sub001/ses-04/sub001-ses04-block8-game2_000.npy,sub001,04,8,2,000,3086,3096,3085,3097,11,154507,154999,155047,1,1.2139154590843138,1.1261014206546154,1.065793889415254,0.3324432114343443,0.35745271636837717,0.456568601259807,0.0,1.8775161504745483,0.17110323905944824,0.0,0.14456093311309814,0.36102569103240967,26,0,Short
sub001-ses04-block8-game2_000::b0143,test/sub001/ses-04/sub001-ses04-block8-game2_000.npy,sub001,04,8,2,000,3102,3110,3101,3111,9,155292,155691,155737,3,1.14725559007979,1.047014247863829,1.2293445562460934,0.42723257765305694,0.5036636649480507,0.22714969210526126,0.09729993343353271,1.4077457189559937,0.0,0.46760988235473633,0.3021848201751709,0.0,26,0,Short
sub001-ses04-block8-game2_000::b0144,test/sub001/ses-04/sub001-ses04-block8-game2_000.npy,sub001,04,8,2,000,3234,3253,3233,3254,20,161878,162807,162853,2,0.4664424406609801,0.42432229410282957,0.9086669287970411,0.8175545458662222,0.8432545185385326,0.641383992366399,0.2043360471725464,0.0,0.0,0.0015883445739746094,0.0,0.0,26,0,Short
sub001-ses04-block8-game2_000::b0145,test/sub001/ses-04/sub001-ses04-block8-game2_000.npy,sub001,04,8,2,000,3266,3274,3265,3275,9,163451,163830,163880,2,1.0620976650392944,1.0430665211451793,1.149587805848047,0.317159849719856,0.45811179526384055,0.4582579485990941,0.060088396072387695,1.1590362787246704,1.7149574756622314,0.026687264442443848,0.0,0.02968454360961914,26,0,Short
sub001-ses04-block8-game2_000::b0146,test/sub001/ses-04/sub001-ses04-block8-game2_000.npy,sub001,04,8,2,000,3297,3309,3296,3310,13,164960,165544,165590,1,0.7821032511336591,0.9541561589254405,0.9675654676478566,0.6246516077602641,0.5008030827991272,0.6237088763357461,0.18786942958831787,0.09066569805145264,0.11454451084136963,0.310552716255188,0.39799797534942627,0.0,26,0,Short
sub001-ses04-block8-game2_000::b0147,test/sub001/ses-04/sub001-ses04-block8-game2_000.npy,sub001,04,8,2,000,3316,3331,3315,3332,16,165892,166639,166687,1,1.2637987232673404,1.1867583570725735,0.8722037839208803,0.39709797031695504,0.28931182570897784,0.652530585397401,0.23952758312225342,0.013138055801391602,0.0,0.3006563186645508,0.17290973663330078,0.0,26,0,Short
sub001-ses04-block8-game2_000::b0148,test/sub001/ses-04/sub001-ses04-block8-game2_000.npy,sub001,04,8,2,000,3414,3420,3413,3421,7,170802,171106,171151,3,0.6041674732105684,0.969592825237167,1.0436534804587934,0.746542278625054,0.48991644850796773,0.5580322068621586,2.1497597694396973,1.0882049798965454,1.1914165019989014,0.7370090484619141,0.0,0.42596328258514404,26,0,Short
sub001-ses04-block8-game2_000::b0149,test/sub001/ses-04/sub001-ses04-block8-game2_000.npy,sub001,04,8,2,000,3448,3462,3447,3463,15,172501,173167,173217,2,0.9364591062914625,0.6947957205984004,0.934304626796688,0.20598387855086425,0.6528612951983839,0.605098436952646,0.641435980796814,0.9151962399482727,1.255584716796875,1.0422192811965942,0.05718785524368286,1.2268060445785522,26,0,Short
sub001-ses04-block8-game2_000::b0150,test/sub001/ses-04/sub001-ses04-block8-game2_000.npy,sub001,04,8,2,000,3483,3490,3482,3491,8,174221,174561,174609,3,1.0885775450760893,1.0729542628871216,0.8671022714604623,0.27460940147090823,0.141024398948775,0.5233009853727905,0.0013343095779418945,1.0556721687316895,0.026996612548828125,0.006422638893127441,0.0,0.0,26,0,Short
sub001-ses04-block8-game2_000::b0151,test/sub001/ses-04/sub001-ses04-block8-game2_000.npy,sub001,04,8,2,000,3514,3557,3513,3558,44,175727,177756,177802,1,0.4340433284740931,0.4646424669514584,0.9408027749164255,0.8193697641780868,0.809752013275971,0.6156450670874282,0.0,0.2015211582183838,0.2767843008041382,0.0,0.560320258140564,0.0,26,1,Long
sub001-ses04-block8-game2_000::b0152,test/sub001/ses-04/sub001-ses04-block8-game2_000.npy,sub001,04,8,2,000,3564,3603,3563,3604,40,178092,180029,180077,1,1.118882890354893,1.2509773683803747,0.7593962961550362,0.38662552194549304,0.3560515849942426,0.7331876087798042,0.06029176712036133,0.2933872938156128,0.0,1.7125067710876465,0.010121583938598633,0.0,26,1,Long
sub001-ses04-block8-game2_000::b0153,test/sub001/ses-04/sub001-ses04-block8-game2_000.npy,sub001,04,8,2,000,3610,3619,3609,3620,10,180363,180809,180856,1,1.1947501080806664,1.011943177944664,1.094473241197683,0.38004134229312103,0.4162369686372753,0.5450065546277333,0.0,0.39867639541625977,0.9483293890953064,0.0,1.489868402481079,0.9450821280479431,26,0,Short
sub001-ses04-block8-game2_000::b0154,test/sub001/ses-04/sub001-ses04-block8-game2_000.npy,sub001,04,8,2,000,3624,3629,3623,3630,6,181053,181306,181349,1,1.3050222445180382,1.2585355629855102,0.6927238630416649,0.31641214534765233,0.3704104317937821,0.7582892828004935,0.1505754590034485,0.796440064907074,0.0,0.08312118053436279,1.9034101963043213,0.0,26,0,Short
sub001-ses04-block8-game2_000::b0155,test/sub001/ses-04/sub001-ses04-block8-game2_000.npy,sub001,04,8,2,000,3636,3665,3635,3666,30,181633,183085,183133,2,1.2423171976316874,1.3572273128245012,1.0143828305993372,0.42277624458670027,0.31309542242403066,0.50956511946544,0.0,0.6761642694473267,0.3900424540042877,0.0,0.0071623921394348145,0.0,26,1,Long
sub001-ses04-block8-game2_000::b0156,test/sub001/ses-04/sub001-ses04-block8-game2_000.npy,sub001,04,8,2,000,3681,3690,3680,3691,10,183869,184295,184340,3,0.9037242721477919,0.8711019966029382,0.861241319685854,0.4362028364287429,0.35616672094601365,0.6334627358852357,0.0,0.8625074625015259,0.06102192401885986,0.0,0.20134681463241577,0.08298611640930176,26,0,Short
sub001-ses04-block8-game2_000::b0157,test/sub001/ses-04/sub001-ses04-block8-game2_000.npy,sub001,04,8,2,000,3707,3733,3706,3734,27,185141,186418,186466,1,0.5620694337276771,0.2538143117449602,0.896395336832132,0.7317475280612266,0.9199113524506176,0.6629660231639635,0.6794564127922058,0.5263522267341614,1.2183728218078613,0.5680104494094849,0.5847324132919312,2.1773621439933777,26,1,Long
sub001-ses04-block8-game2_000::b0158,test/sub001/ses-04/sub001-ses04-block8-game2_000.npy,sub001,04,8,2,000,3739,3913,3738,3914,175,186707,195417,195469,2,1.1702404164188538,1.172554088579,0.6308459653916678,0.41808232187712924,0.3668941196271795,0.7837388158246992,0.0,0.0,0.7436819076538086,0.0,0.0,0.9955587387084961,26,1,Long
sub001-ses04-block8-game2_000::b0159,test/sub001/ses-04/sub001-ses04-block8-game2_000.npy,sub001,04,8,2,000,3922,3933,3921,3934,12,195857,196414,196463,1,0.6095308641690023,0.581131007843368,0.7314548330777007,0.6586535255178582,0.6444911182436464,0.7116731745425035,0.0009810924530029297,3.3836731910705566,3.572324514389038,0.03224468231201172,0.0,0.0,26,0,Short
sub001-ses04-block8-game2_000::b0160,test/sub001/ses-04/sub001-ses04-block8-game2_000.npy,sub001,04,8,2,000,3941,3947,3940,3948,7,196824,197124,197171,2,0.8677435260982834,0.9393323251700749,0.7515720591549224,0.4579223979934839,0.4722297094581236,0.6610207472031258,4.193857669830322,3.709249258041382,0.3786633014678955,0.6116611957550049,0.3226280212402344,0.7923831939697266,26,0,Short
sub001-ses04-block8-game2_000::b0161,test/sub001/ses-04/sub001-ses04-block8-game2_000.npy,sub001,04,8,2,000,3970,3979,3969,3980,10,198242,198689,198738,3,0.5104355965697049,0.8096646017105423,0.8305305569545439,0.7954471357951873,0.29180863475584645,0.6221476902513982,0.1432781219482422,3.3254411220550537,0.0,0.9702951908111572,0.10718083381652832,0.0,26,0,Short
sub001-ses04-block8-game2_000::b0162,test/sub001/ses-04/sub001-ses04-block8-game2_000.npy,sub001,04,8,2,000,3986,4001,3985,4002,16,199041,199786,199834,2,0.3433052133393196,0.40335794046925566,0.778802343150684,0.8720091850594592,0.8523702910911616,0.6624614472617223,3.7060751914978027,3.803487777709961,3.7564263343811035,0.017353534698486328,0.7065620422363281,0.3043632507324219,26,0,Short
sub001-ses04-block8-game2_000::b0163,test/sub001/ses-04/sub001-ses04-block8-game2_000.npy,sub001,04,8,2,000,4008,4043,4007,4044,36,200128,201851,201900,1,0.6596410586496724,0.704180767264459,0.6010152875911632,0.6319123907058125,0.5518678370627608,0.7739879253609281,0.2550196647644043,0.2821049690246582,0.26984643936157227,0.46410512924194336,0.29834842681884766,1.100684642791748,26,1,Long
sub001-ses04-block8-game2_000::b0164,test/sub001/ses-04/sub001-ses04-block8-game2_000.npy,sub001,04,8,2,000,4050,4063,4049,4064,14,202224,202860,202915,1,0.8807400314424445,0.7573211994847692,0.7857770998505023,0.4825926786389476,0.528917163472181,0.6169645200505502,0.24476003646850586,3.939990997314453,4.71732234954834,0.43000030517578125,0.0,0.9056334495544434,26,0,Short
sub001-ses04-block8-game2_000::b0165,test/sub001/ses-04/sub001-ses04-block8-game2_000.npy,sub001,04,8,2,000,4080,4089,4079,4090,10,203798,204262,204314,1,0.8491404145705937,0.8210233164052076,0.7973493162551832,0.5010055363396972,0.48280491274186554,0.5484603132248798,0.6594834327697754,0.6737477779388428,0.0,0.6797456741333008,0.0,0.0,26,0,Short
sub001-ses04-block8-game2_000::b0166,test/sub001/ses-04/sub001-ses04-block8-game2_000.npy,sub001,04,8,2,000,4096,4099,4095,4100,4,204630,204784,204837,1,0.7062357144637333,0.7545601781960002,0.7255079901325973,0.5640621414541149,0.5184269904122558,0.6477640672052726,0.0,0.0,0.3567633628845215,0.0,0.0,0.7724337577819824,26,0,Short
sub001-ses04-block8-game2_000::b0167,test/sub001/ses-04/sub001-ses04-block8-game2_000.npy,sub001,04,8,2,000,4113,4115,4112,4116,3,205527,205623,205677,2,0.8421724766087116,0.8276224808532199,0.9324833995397237,0.5071144646811256,0.4835013987195143,0.4853894904254299,0.14530372619628906,4.2795586585998535,0.0,0.5726785659790039,0.0,0.0,26,0,Short
sub001-ses04-block8-game2_000::b0168,test/sub001/ses-04/sub001-ses04-block8-game2_000.npy,sub001,04,8,2,000,4141,4145,4140,4146,5,206978,207195,207245,2,0.395773325402247,0.916208928747434,1.110991482658588,0.8184392006262248,0.511308533752259,0.31529555133905385,4.358417987823486,0.0,4.2514142990112305,0.6237361431121826,0.0,0.913661003112793,26,0,Short
sub001-ses04-block8-game2_000::b0169,test/sub001/ses-04/sub001-ses04-block8-game2_000.npy,sub001,04,8,2,000,4161,4169,4160,4170,9,207991,208404,208453,2,0.7851549768353511,0.9639828248944531,0.8660768622706835,0.5074810229181954,0.3870202028186676,0.4439998967866479,0.29878997802734375,0.0,4.209384441375732,0.7597084045410156,0.0,0.47182321548461914,26,0,Short
sub001-ses04-block8-game2_000::b0170,test/sub001/ses-04/sub001-ses04-block8-game2_000.npy,sub001,04,8,2,000,4204,4207,4203,4208,4,210185,210336,210386,1,0.46899678313919796,0.6527438093967165,0.9891328502278889,0.7826015917006462,0.6992955899318404,0.38345786999584525,4.011655807495117,4.517284393310547,0.27405452728271484,0.0,0.10832357406616211,0.4205751419067383,26,0,Short
sub001-ses04-block8-game2_000::b0171,test/sub001/ses-04/sub001-ses04-block8-game2_000.npy,sub001,04,8,2,000,4212,4221,4211,4222,10,210603,211062,211115,2,0.9170609321085538,0.9572049266486604,0.9809370571272007,0.4927285351625378,0.437445268653744,0.3567247374883701,0.13808774948120117,4.583972930908203,0.19036054611206055,0.4948616027832031,0.0,0.5863566398620605,26,0,Short
sub001-ses04-block8-game2_000::b0172,test/sub001/ses-04/sub001-ses04-block8-game2_000.npy,sub001,04,8,2,000,4254,4255,4253,4256,2,212711,212758,212809,1,0.727865518619266,0.7050234296963614,1.0191848131406704,0.6268432065605374,0.6345173069669441,0.283163105074175,3.7225515842437744,0.0,0.016210556030273438,0.5769925117492676,0.0,0.4390993118286133,26,0,Short
sub001-ses04-block8-game2_000::b0173,test/sub001/ses-04/sub001-ses04-block8-game2_000.npy,sub001,04,8,2,000,4262,4265,4261,4266,4,213115,213261,213315,2,0.921118752675489,0.8070191188909546,1.0952275084316667,0.44724538833025795,0.4756891529657816,0.3284755251818809,4.672611713409424,4.635566234588623,0.14542627334594727,0.3919229507446289,0.4072451591491699,0.3419981002807617,26,0,Short
sub001-ses04-block8-game2_000::b0174,test/sub001/ses-04/sub001-ses04-block8-game2_000.npy,sub001,04,8,2,000,4349,4469,4348,4470,121,217727,224684,224734,2,0.5934530610031271,1.2360745702596665,0.7943136201038721,0.7649555830220773,0.20818795539057278,0.6677011742853494,0.0,0.0,3.6506645679473877,0.0,0.0,0.0,26,1,Long
sub001-ses04-block8-game2_000::b0175,test/sub001/ses-04/sub001-ses04-block8-game2_000.npy,sub001,04,8,2,000,4480,4491,4479,4492,12,225224,225771,225824,2,0.5463247108761554,0.4079138099421383,0.8500996630314415,0.7536847432544576,0.8465914034827129,0.5934560187108671,0.0970621109008789,3.8692922592163086,3.6863224506378174,0.423783540725708,0.9807746410369873,0.20024609565734863,26,0,Short
sub001-ses04-block8-game2_000::b0176,test/sub001/ses-04/sub001-ses04-block8-game2_000.npy,sub001,04,8,2,000,4500,4514,4499,4515,15,226220,226932,226980,2,0.3841937615861607,0.32861872906024403,0.9238505582436413,0.8356280460835844,0.8738910707463942,0.31192467995509343,3.741833448410034,3.684581756591797,0.7504761219024658,1.0029120445251465,0.8956699371337891,0.3755197525024414,26,0,Short
sub001-ses04-block8-game2_000::b0177,test/sub001/ses-04/sub001-ses04-block8-game2_000.npy,sub001,04,8,2,000,4524,4525,4523,4526,2,227423,227475,227525,1,0.5569325358367052,0.4295925625868081,0.932810970653803,0.7724790713809324,0.8244518494117645,0.5087189491833837,0.8445718288421631,0.0,0.8336117267608643,0.02744293212890625,0.0,0.6600723266601562,26,0,Short
sub001-ses04-block8-game2_000::b0178,test/sub001/ses-04/sub001-ses04-block8-game2_000.npy,sub001,04,8,2,000,4532,4535,4531,4536,4,227859,228013,228063,2,0.89918081509026,0.952414560023465,0.9512785995369258,0.5227180629623656,0.47985558087256697,0.5232631848427206,0.22868943214416504,0.24997901916503906,3.9494149684906006,0.5690920352935791,1.4045820236206055,0.614748477935791,26,0,Short
sub001-ses04-block8-game2_000::b0179,test/sub001/ses-04/sub001-ses04-block8-game2_000.npy,sub001,04,8,2,000,4562,4572,4561,4573,11,229368,229865,229917,3,0.2963527135938067,0.3226050263772037,0.9090011503543352,0.9043049800304755,0.8907296264045887,0.5356356497547374,3.3064076900482178,3.276308059692383,0.056273460388183594,0.14675593376159668,0.858180046081543,0.352994441986084,26,0,Short
sub001-ses04-block8-game2_000::b0180,test/sub001/ses-04/sub001-ses04-block8-game2_000.npy,sub001,04,8,2,000,4589,4639,4588,4640,51,230718,233191,233239,3,0.25221018851456745,0.3393550565054066,1.1816913341115722,0.918751494403374,0.8817885791577862,0.3110466447536941,0.11722040176391602,0.4956934452056885,0.23267078399658203,0.18052172660827637,0.5413079261779785,1.0166988372802734,26,1,Long
sub001-ses04-block8-game2_000::b0181,test/sub001/ses-04/sub001-ses04-block8-game2_000.npy,sub001,04,8,2,000,4654,4657,4653,4658,4,233996,234156,234210,1,0.348457173489749,0.4224499460201002,0.8070678090911699,0.8803774255235898,0.8447224518579531,0.5789709509458316,0.24304461479187012,4.575291156768799,0.08530426025390625,0.0,0.24292564392089844,0.03120899200439453,26,0,Short
sub001-ses04-block8-game2_000::b0182,test/sub001/ses-04/sub001-ses04-block8-game2_000.npy,sub001,04,8,2,000,4662,4665,4661,4666,4,234418,234574,234624,2,0.7898299105119833,0.9152309440889441,0.8185232199777122,0.5243895023033903,0.49471720784172213,0.6301989384551822,0.20960283279418945,0.3366689682006836,3.6963727474212646,0.14490413665771484,0.24628114700317383,0.02402782440185547,26,0,Short
sub001-ses04-block8-game2_000::b0183,test/sub001/ses-04/sub001-ses04-block8-game2_000.npy,sub001,04,8,2,000,4679,4717,4678,4718,39,235269,237195,237245,2,0.6350012823271782,0.26887987852315925,0.8934653987464994,0.7192871488872717,0.9049085314356713,0.5680655162685555,3.355847120285034,0.1457655429840088,0.0,0.10972023010253906,0.0,0.0,26,1,Long
sub001-ses04-block8-game2_000::b0184,test/sub001/ses-04/sub001-ses04-block8-game2_000.npy,sub001,04,8,2,000,4724,4736,4723,4737,13,237543,238128,238174,1,0.541114423856279,0.76723141072292,0.8302231005054125,0.7366370384289234,0.5598801233140456,0.6139055974972993,2.934133529663086,0.0,0.0,0.0,0.0,0.0,26,0,Short
sub001-ses04-block8-game2_000::b0185,test/sub001/ses-04/sub001-ses04-block8-game2_000.npy,sub001,04,8,2,000,4742,4765,4741,4766,24,238421,239528,239579,1,0.9837536970326473,0.9432315704714279,0.9600905230540373,0.44670988434663367,0.4213687671376276,0.4651945245015544,0.4365835189819336,0.07104611396789551,4.12522029876709,0.0,0.2748756408691406,1.1521034240722656,26,0,Short
sub001-ses04-block8-game2_000::b0186,test/sub001/ses-04/sub001-ses04-block8-game2_000.npy,sub001,04,8,2,000,4772,4775,4771,4776,4,239895,240050,240098,1,0.9259156598017626,0.9002123856386322,0.7266927395666353,0.5142239504262931,0.44793751821089595,0.6654420207053513,3.5904245376586914,0.0,0.4123079776763916,0.0,0.0,0.7520277500152588,26,0,Short
sub001-ses04-block8-game2_000::b0187,test/sub001/ses-04/sub001-ses04-block8-game2_000.npy,sub001,04,8,2,000,4780,4783,4779,4784,4,240298,240451,240496,1,0.8621537256091482,0.9130892361526665,0.7599010553386197,0.49012374016455706,0.496473095564584,0.649836989338086,0.18731188774108887,0.47597813606262207,0.0,1.0401296615600586,1.1992177963256836,0.0,26,0,Short
sub001-ses04-block8-game2_000::b0188,test/sub001/ses-04/sub001-ses04-block8-game2_000.npy,sub001,04,8,2,000,4790,4791,4789,4792,2,240797,240847,240895,1,1.000711047644494,0.8954955086887028,0.8581065551784416,0.46979149584255286,0.5090372339180919,0.5485373653535404,3.4489827156066895,0.0,0.22327136993408203,0.09433746337890625,0.0,0.7689540386199951,26,0,Short
sub001-ses04-block8-game2_000::b0189,test/sub001/ses-04/sub001-ses04-block8-game2_000.npy,sub001,04,8,2,000,4798,4799,4797,4800,2,241222,241276,241328,1,0.8085671634557362,0.8860200119898053,0.9274390702686268,0.5082937323644658,0.48053599338844716,0.601921497162087,0.10426521301269531,0.0046427249908447266,0.036828041076660156,0.7484078407287598,0.6541695594787598,0.5497162342071533,26,0,Short
sub001-ses04-block8-game2_000::b0190,test/sub001/ses-04/sub001-ses04-block8-game2_000.npy,sub001,04,8,2,000,4806,4807,4805,4808,2,241646,241697,241747,1,0.9666849773206478,1.1906061414617803,1.1298389854827027,0.43445995587088804,0.02558459979712624,0.33450702051280135,0.24972295761108398,0.0,0.087677001953125,0.2923409938812256,0.0,0.0,26,0,Short
sub001-ses04-block8-game2_000::b0191,test/sub001/ses-04/sub001-ses04-block8-game2_000.npy,sub001,04,8,2,000,4831,4835,4830,4836,5,242981,243193,243239,1,0.8969022876958443,0.9260496843040549,0.7860768037875194,0.4976551773285913,0.5236552600479036,0.6592045427117779,0.11764383316040039,4.667381763458252,0.0,0.14344453811645508,0.7667098045349121,0.0,26,0,Short
sub001-ses04-block8-game2_000::b0192,test/sub001/ses-04/sub001-ses04-block8-game2_000.npy,sub001,04,8,2,000,4842,4845,4841,4846,4,243544,243692,243742,1,0.8946757878570408,0.9078881992713104,0.9227664917356017,0.5246303104649241,0.44788901942695963,0.49103921420611707,4.4195122718811035,0.0,3.622206211090088,0.44405031204223633,0.0,0.0,26,0,Short
sub001-ses04-block8-game2_000::b0193,test/sub001/ses-04/sub001-ses04-block8-game2_000.npy,sub001,04,8,2,000,4852,4853,4851,4854,2,244056,244104,244154,1,0.8962213821366458,0.8107164782324328,0.8848298738203666,0.4731390433895003,0.5481180593885565,0.5408572609228601,3.6356608867645264,0.007607221603393555,0.0,0.0,0.5293533802032471,0.0,26,0,Short
sub001-ses04-block8-game2_000::b0194,test/sub001/ses-04/sub001-ses04-block8-game2_000.npy,sub001,04,8,2,000,4860,4862,4859,4863,3,244457,244559,244611,1,0.8556125673989768,0.9090774040789662,0.7942156850318439,0.49467574803469516,0.5061657474275478,0.5631045621413158,0.1591784954071045,0.0,4.001873970031738,0.0697481632232666,0.0,0.004757404327392578,26,0,Short
sub001-ses04-block8-game2_000::b0195,test/sub001/ses-04/sub001-ses04-block8-game2_000.npy,sub001,04,8,2,000,4877,4877,4876,4878,1,245328,245328,245382,1,0.9389936573330949,1.0676590575965976,1.0481472688137663,0.45225341836010646,0.412881712599721,0.39144044818842183,3.7002899646759033,4.301976680755615,4.390768051147461,0.0,0.25734710693359375,0.4242997169494629,26,0,Short
sub001-ses04-block8-game2_000::b0196,test/sub001/ses-04/sub001-ses04-block8-game2_000.npy,sub001,04,8,2,000,4899,4925,4898,4926,27,246484,247798,247850,2,0.8649152770072953,0.406321201263765,0.8505032760593413,0.5841079102943882,0.8102608892556699,0.5304471252995886,4.614213943481445,0.20715951919555664,0.0,0.4660658836364746,1.0424489974975586,0.0,26,1,Long
sub001-ses04-block8-game2_000::b0197,test/sub001/ses-04/sub001-ses04-block8-game2_000.npy,sub001,04,8,2,000,4976,4979,4975,4980,4,250434,250593,250646,1,0.5125397833651036,0.6472251940539292,0.8661759543572779,0.7794545245532807,0.7133418552169948,0.457422153309655,0.19396352767944336,0.7194843292236328,0.2372732162475586,0.3455777168273926,0.33086585998535156,0.3177618980407715,26,0,Short
sub001-ses04-block8-game2_000::b0198,test/sub001/ses-04/sub001-ses04-block8-game2_000.npy,sub001,04,8,2,000,4987,4992,4986,4993,6,251024,251281,251334,3,0.7094413799263947,0.7470704697497397,0.883341132712961,0.5737645219739106,0.5023247415641279,0.33926587389847346,0.026372909545898438,5.113373279571533,0.0,0.1946854591369629,0.0,0.0,26,0,Short
sub001-ses04-block8-game2_000::b0199,test/sub001/ses-04/sub001-ses04-block8-game2_000.npy,sub001,04,8,2,000,5005,5017,5004,5018,13,251964,252587,252636,2,0.7852590165249991,0.9478521774222064,0.7698946521413432,0.6455759767985245,0.5257799230319123,0.5860307998197288,0.17997312545776367,0.1772603988647461,0.0,0.16487789154052734,0.0,0.0,26,0,Short
sub001-ses04-block8-game2_000::b0200,test/sub001/ses-04/sub001-ses04-block8-game2_000.npy,sub001,04,8,2,000,5046,5048,5045,5049,3,254051,254153,254207,1,0.45407445406627284,0.5207341408791115,0.8493804598090406,0.8277944874331037,0.7670770218022489,0.5309889294787098,0.34120607376098633,0.0,4.964500427246094,0.3195204734802246,0.0,0.26018571853637695,26,0,Short
sub001-ses04-block8-game2_000::b0201,test/sub001/ses-04/sub001-ses04-block8-game2_000.npy,sub001,04,8,2,000,5055,5059,5054,5060,5,254525,254728,254777,2,0.814280848517992,0.8945770064641625,0.8198387289574253,0.4972077733002371,0.48709541541605017,0.5382303735390351,0.23782682418823242,0.04767131805419922,0.1376667022705078,0.27593278884887695,0.9249248504638672,0.14170360565185547,26,0,Short
sub001-ses04-block8-game2_000::b0202,test/sub001/ses-04/sub001-ses04-block8-game2_000.npy,sub001,04,8,2,000,5078,5083,5077,5084,6,255673,255918,255972,2,0.4638229834400061,0.24953046911103005,1.0417896119853796,0.8231021045164788,0.9177148215310669,0.5241513944404484,0.3153707981109619,0.018036842346191406,0.18511724472045898,0.0,0.13679194450378418,0.2998218536376953,26,0,Short
sub001-ses04-block8-game2_000::b0203,test/sub001/ses-04/sub001-ses04-block8-game2_000.npy,sub001,04,8,2,000,5094,5127,5093,5128,34,256471,258134,258184,3,0.3954656410213863,0.17326629939657032,0.7852383860083296,0.8267406945847063,0.9466579118855613,0.6839371876125311,0.0,3.808729410171509,3.8428430557250977,0.0,0.0,0.0,26,1,Long
sub001-ses04-block8-game2_000::b0204,test/sub001/ses-04/sub001-ses04-block8-game2_000.npy,sub001,04,8,2,000,5136,5147,5135,5148,12,258593,259139,259190,1,0.3206897336393695,0.4151050786699698,0.9598812286981183,0.8828850023264617,0.8494207394570734,0.48198343746620154,0.29166388511657715,3.760181427001953,3.9496350288391113,0.0,0.0,0.2726452350616455,26,0,Short
sub001-ses04-block8-game2_000::b0205,test/sub001/ses-04/sub001-ses04-block8-game2_000.npy,sub001,04,8,2,000,5155,5175,5154,5176,21,259542,260477,260527,2,0.8693977299735851,0.953863499315873,0.900430367681434,0.4909510532284696,0.4474044931326163,0.6143957212871235,0.1206216812133789,0.10231924057006836,0.08540606498718262,0.23852825164794922,0.18783950805664062,0.298276424407959,26,0,Short
sub001-ses04-block8-game2_000::b0206,test/sub001/ses-04/sub001-ses04-block8-game2_000.npy,sub001,04,8,2,000,5186,5197,5185,5198,12,261011,261530,261578,3,0.39339721420688617,0.7434655012488092,0.8455113720608961,0.8082696309167393,0.5890330674544638,0.6092663142460498,0.2240591049194336,0.0,3.930429458618164,0.07128071784973145,0.0,0.023027420043945312,26,0,Short
sub001-ses04-block8-game2_000::b0207,test/sub001/ses-04/sub001-ses04-block8-game2_000.npy,sub001,04,8,2,000,5207,5226,5206,5227,20,262022,262945,262995,1,0.2935243182294941,0.4789864818852665,0.8795945025075572,0.8962397052117784,0.8155093823151689,0.5762516143010316,3.6849396228790283,0.0,0.2323775291442871,0.04925346374511719,0.0,0.16634845733642578,26,0,Short
sub001-ses04-block8-game2_000::b0208,test/sub001/ses-04/sub001-ses04-block8-game2_000.npy,sub001,04,8,2,000,5233,5247,5232,5248,15,263293,263974,264023,2,0.9071609019417309,0.8722254342976409,1.0128587014683783,0.47277752021204167,0.47851649777154576,0.3540186368840288,0.15198040008544922,0.1667184829711914,3.70349383354187,0.22801995277404785,0.7339911460876465,0.3345613479614258,26,0,Short
sub001-ses04-block8-game2_000::b0209,test/sub001/ses-04/sub001-ses04-block8-game2_000.npy,sub001,04,8,2,000,5288,5290,5287,5291,3,265943,266038,266083,1,0.8673602823080286,0.8122522247274506,1.1872055265147807,0.5589560168145917,0.5695014181647848,0.2007766775051002,3.3310844898223877,0.6083967685699463,0.0,0.19214892387390137,0.0,0.0,26,0,Short
sub001-ses04-block8-game2_000::b0210,test/sub001/ses-04/sub001-ses04-block8-game2_000.npy,sub001,04,8,2,000,5296,5298,5295,5299,3,266318,266418,266468,1,0.9534329027993148,1.019324013146689,1.3141288043153412,0.5429159025376447,0.4394462516002082,0.09520997249329166,2.0621843338012695,0.7311275005340576,2.0956215858459473,0.0,0.34274721145629883,0.2334911823272705,26,0,Short
sub001-ses04-block8-game2_000::b0211,test/sub001/ses-04/sub001-ses04-block8-game2_000.npy,sub001,04,8,2,000,5304,5307,5303,5308,4,266717,266860,266907,1,1.0501281105588598,0.922228086397064,1.2898505074818585,0.43778943803965187,0.5360347344077675,0.03386737082995195,0.3862571716308594,0.0933384895324707,1.8713246583938599,0.7884154319763184,0.015246152877807617,0.0,26,0,Short
sub001-ses04-block8-game2_000::b0212,test/sub001/ses-04/sub001-ses04-block8-game2_000.npy,sub001,04,8,2,000,5336,5391,5335,5392,56,268342,271074,271125,2,0.41358073487374225,0.38538785561627076,0.7595493311841379,0.8489974219530477,0.8591159631228539,0.6712692661259615,0.0,0.0,0.15912556648254395,0.0,0.0,0.5190896987915039,26,1,Long
sub001-ses04-block8-game2_000::b0213,test/sub001/ses-04/sub001-ses04-block8-game2_000.npy,sub001,04,8,2,000,5406,5413,5405,5414,8,271818,272159,272206,3,0.5177833069804703,0.6900486680197533,0.9133302726897671,0.7735582313950238,0.5846281695090962,0.5713369690585751,3.495173692703247,0.0,0.0,0.4419553279876709,0.0,0.0,26,0,Short
sub001-ses04-block8-game2_000::b0214,test/sub001/ses-04/sub001-ses04-block8-game2_000.npy,sub001,04,8,2,000,5426,5433,5425,5434,8,272810,273149,273198,1,0.359015701895012,0.3387104014512407,1.019817446566485,0.8722071553140144,0.8825015368995842,0.1534409107086051,4.169702529907227,0.0,0.3153872489929199,0.8243377208709717,0.0,0.8493738174438477,26,0,Short
sub001-ses04-block8-game2_000::b0215,test/sub001/ses-04/sub001-ses04-block8-game2_000.npy,sub001,04,8,2,000,5438,5444,5437,5445,7,273409,273700,273749,2,0.8625445434221015,0.872678331571267,1.0260066197238134,0.48173104626704194,0.5033363100123145,0.4605104338014943,0.0,0.32287001609802246,3.530601978302002,0.0,0.15582942962646484,0.23190975189208984,26,0,Short
sub001-ses04-block8-game2_000::b0216,test/sub001/ses-04/sub001-ses04-block8-game2_000.npy,sub001,04,8,2,000,5474,5497,5473,5498,24,275118,276230,276278,1,0.8995298949062707,0.9164982841271214,1.0415723991491996,0.46567587235666497,0.47981072673825687,0.3126006412758136,3.153170585632324,3.273637533187866,0.0,0.0,0.11390399932861328,0.0,26,0,Short
sub001-ses04-block8-game2_000::b0217,test/sub001/ses-04/sub001-ses04-block8-game2_000.npy,sub001,04,8,2,000,5504,5507,5503,5508,4,276576,276715,276762,1,0.8846200234738797,0.8757754831690931,0.9776165448505013,0.4687663266042895,0.5115743188409358,0.2153812912622179,3.4298598766326904,4.049261093139648,0.0,0.0,0.43529701232910156,0.0,26,0,Short
sub001-ses04-block8-game2_000::b0218,test/sub001/ses-04/sub001-ses04-block8-game2_000.npy,sub001,04,8,2,000,5514,5521,5513,5522,8,277073,277410,277453,1,0.7639024844812526,0.8428693798427389,0.9037440385710214,0.5808566482508675,0.47399372000639683,0.2918034104168222,4.041294574737549,3.563803195953369,3.9850218296051025,0.8196544647216797,0.20776867866516113,0.5250117778778076,26,0,Short
sub001-ses04-block8-game2_000::b0219,test/sub001/ses-04/sub001-ses04-block8-game2_000.npy,sub001,04,8,2,000,5528,5537,5527,5538,10,277747,278196,278245,1,0.7779104817741709,0.9845797449071924,1.153451844215249,0.5724282651253495,0.4888581933608539,0.26955205750400646,4.086269378662109,4.035650253295898,0.13437438011169434,0.4399986267089844,0.8097343444824219,0.0,26,0,Short
sub001-ses04-block8-game2_000::b0220,test/sub001/ses-04/sub001-ses04-block8-game2_000.npy,sub001,04,8,2,000,5544,5547,5543,5548,4,278547,278692,278746,1,0.8526272234108764,0.8580881305638913,1.0490466269386491,0.5078119124782117,0.49521873703928554,0.19755901750562016,3.8731749057769775,3.071183681488037,0.0,0.46038150787353516,0.0,0.0,26,0,Short
sub001-ses04-block8-game2_000::b0221,test/sub001/ses-04/sub001-ses04-block8-game2_000.npy,sub001,04,8,2,000,5552,5555,5551,5556,4,278940,279087,279136,1,0.855759376482782,0.928805647629573,1.1136892326481498,0.535644122837468,0.5071273942383513,0.12007295401978219,1.6992883682250977,0.0,1.7520122528076172,0.9031798839569092,0.0,0.0,26,0,Short
sub001-ses04-block8-game2_000::b0222,test/sub001/ses-04/sub001-ses04-block8-game2_000.npy,sub001,04,8,2,000,5561,5561,5560,5562,1,279386,279386,279434,1,0.8566086327206142,1.056221228451625,1.2454128869813423,0.44315181919774094,0.4372790544300881,0.3334543289649894,1.8760141134262085,3.3342652320861816,0.15960049629211426,1.1970634460449219,0.6597373485565186,0.3548717498779297,26,0,Short
sub001-ses04-block8-game2_000::b0223,test/sub001/ses-04/sub001-ses04-block8-game2_000.npy,sub001,04,8,2,000,5567,5567,5566,5568,1,279685,279685,279733,3,0.7905132654104415,0.9052071962038672,1.064632910879118,0.5536320220194995,0.5001336004674509,0.2735905832785682,3.258408546447754,0.746185302734375,0.7821338176727295,0.24972271919250488,0.6816771030426025,0.4261474609375,26,0,Short
sub001-ses04-block8-game2_001::b0001,test/sub001/ses-04/sub001-ses04-block8-game2_001.npy,sub001,04,8,2,001,89,106,88,107,18,4584,5443,5491,2,0.7771890913114923,0.7874997197299274,0.5630924444751128,0.4142839739527271,0.1537939298742378,0.7978145076202721,0.0,2.5821986198425293,2.618844509124756,0.0,0.11210775375366211,0.37198686599731445,26,0,Short
sub001-ses04-block8-game2_001::b0002,test/sub001/ses-04/sub001-ses04-block8-game2_001.npy,sub001,04,8,2,001,113,128,112,129,16,5796,6541,6592,2,0.807145994262946,0.8792864090370631,0.7988414911367128,0.3858331742175504,0.28632225246966264,0.6573104104748985,0.02746129035949707,0.0,0.7310683727264404,0.04050850868225098,0.0,0.5828714370727539,26,0,Short
sub001-ses04-block8-game2_001::b0003,test/sub001/ses-04/sub001-ses04-block8-game2_001.npy,sub001,04,8,2,001,137,160,136,161,24,6992,8165,8217,3,0.7806864016042431,0.6875509642267389,0.7651568177586472,0.4822675363927308,0.5618496967632942,0.6802230244569732,0.10223698616027832,3.495398998260498,3.5546576976776123,0.38834214210510254,0.0,0.15493226051330566,26,0,Short
sub001-ses04-block8-game2_001::b0004,test/sub001/ses-04/sub001-ses04-block8-game2_001.npy,sub001,04,8,2,001,168,176,167,177,9,8578,8981,9028,2,0.5327334192193208,0.455837349726386,0.6857672497934293,0.7668209796300656,0.8234392934941608,0.730176013981888,3.669102191925049,0.18824338912963867,0.0,0.24964237213134766,0.2858562469482422,0.0,26,0,Short
sub001-ses04-block8-game2_001::b0005,test/sub001/ses-04/sub001-ses04-block8-game2_001.npy,sub001,04,8,2,001,184,186,183,187,3,9380,9484,9532,1,0.6602224313135739,0.6540152616201322,0.6384231483636277,0.6361442168382265,0.5868158036019959,0.7540670866631406,0.1849813461303711,0.0,0.0,0.513251781463623,0.0,0.0,26,0,Short
sub001-ses04-block8-game2_001::b0006,test/sub001/ses-04/sub001-ses04-block8-game2_001.npy,sub001,04,8,2,001,193,208,192,209,16,9848,10607,10658,2,0.9094080989600181,0.8465623198740538,0.772157471640905,0.40606279572424514,0.4330226999908674,0.6477864334162429,3.821580171585083,3.7538890838623047,0.0,0.0037529468536376953,0.0,0.0,26,0,Short
sub001-ses04-block8-game2_001::b0007,test/sub001/ses-04/sub001-ses04-block8-game2_001.npy,sub001,04,8,2,001,220,241,219,242,22,11213,12264,12311,2,0.6067890003658213,0.6112180367368489,0.620134639640094,0.6367575883181262,0.6396580338609634,0.7383224382833997,3.797452449798584,0.2870204448699951,4.045592784881592,0.279083251953125,0.6967179775238037,0.7637667655944824,26,0,Short
sub001-ses04-block8-game2_001::b0008,test/sub001/ses-04/sub001-ses04-block8-game2_001.npy,sub001,04,8,2,001,247,262,246,263,16,12565,13340,13392,2,0.8756327491946544,0.9503512699945129,0.7999551647960019,0.3285287875388514,0.15871007336394566,0.5532679055914754,0.0,0.0,0.9348044395446777,0.0,0.0,0.7887635231018066,26,0,Short
sub001-ses04-block8-game2_001::b0009,test/sub001/ses-04/sub001-ses04-block8-game2_001.npy,sub001,04,8,2,001,269,280,268,281,12,13680,14221,14276,1,0.9652237649343005,0.9183663778239726,1.0055408109828003,0.07604572048432567,0.0054129486597951915,0.41085871837799004,3.4595019817352295,0.0,3.307751178741455,0.015504121780395508,0.0,0.0,26,0,Short
sub001-ses04-block8-game2_001::b0010,test/sub001/ses-04/sub001-ses04-block8-game2_001.npy,sub001,04,8,2,001,286,299,285,300,14,14536,15217,15270,1,0.8554006950230558,0.8267352869399588,1.060067837569282,0.4451293010160218,0.4835358956297062,0.45654438348909665,0.0,1.2325994968414307,0.0,0.0,1.0723967552185059,0.0,26,0,Short
sub001-ses04-block8-game2_001::b0011,test/sub001/ses-04/sub001-ses04-block8-game2_001.npy,sub001,04,8,2,001,304,307,303,308,4,15489,15643,15694,1,0.8483692762288989,0.8323360286317457,0.7687772155266762,0.45268903232156843,0.4677789119630613,0.6278450537344296,3.916229724884033,0.0,0.6916801929473877,0.0,0.0,0.1965045928955078,26,0,Short
sub001-ses04-block8-game2_001::b0012,test/sub001/ses-04/sub001-ses04-block8-game2_001.npy,sub001,04,8,2,001,322,326,321,327,5,16430,16641,16692,1,0.7335649986067443,0.8032441498573886,0.7693034581571351,0.5491928447226578,0.5049662892732396,0.5161814145892807,0.0,0.8016691207885742,5.218667984008789,0.0,0.12479686737060547,0.4066963195800781,26,0,Short
sub001-ses04-block8-game2_001::b0013,test/sub001/ses-04/sub001-ses04-block8-game2_001.npy,sub001,04,8,2,001,343,346,342,347,4,17564,17715,17771,1,0.7812508809437952,0.6872281864567711,0.8667278301123486,0.5013198685821998,0.5664382054132479,0.4607447859286687,4.6951141357421875,0.3257274627685547,0.42651796340942383,0.0,0.443359375,0.6939506530761719,26,0,Short
sub001-ses04-block8-game2_001::b0014,test/sub001/ses-04/sub001-ses04-block8-game2_001.npy,sub001,04,8,2,001,353,356,352,357,4,18102,18255,18306,1,1.0616041536210319,0.8210432288397661,1.0407390212822794,0.2844422418926428,0.564163999175215,0.2689533469735015,0.0,0.0,4.638547420501709,0.0,0.0,0.0,26,0,Short
sub001-ses04-block8-game2_001::b0015,test/sub001/ses-04/sub001-ses04-block8-game2_001.npy,sub001,04,8,2,001,361,363,360,364,3,18516,18616,18666,1,0.779407447637828,0.8292583925732774,0.9774838177916536,0.5324774855931177,0.49817621854023564,0.4145580336874962,4.506698131561279,0.0,4.9514479637146,0.0,0.0,0.2945389747619629,26,0,Short
sub001-ses04-block8-game2_001::b0016,test/sub001/ses-04/sub001-ses04-block8-game2_001.npy,sub001,04,8,2,001,369,373,368,374,5,18946,19165,19217,1,0.7705188588219845,0.7703285704046503,0.8917552952188623,0.5227567027048474,0.5320542486514132,0.43144080580301836,0.09985923767089844,5.290602207183838,4.952856540679932,0.005526065826416016,0.7123689651489258,0.2623715400695801,26,0,Short
sub001-ses04-block8-game2_001::b0017,test/sub001/ses-04/sub001-ses04-block8-game2_001.npy,sub001,04,8,2,001,381,383,380,384,3,19596,19700,19751,1,0.8438621304630982,0.8268386167077636,1.3349645595027522,0.5119525641957403,0.4928865961022653,0.079036123202268,0.0,0.1268477439880371,0.05605125427246094,0.0,0.0,0.3123745918273926,26,0,Short
sub001-ses04-block8-game2_001::b0018,test/sub001/ses-04/sub001-ses04-block8-game2_001.npy,sub001,04,8,2,001,430,432,429,433,3,22271,22382,22435,1,0.8165747193662568,0.7995541066770833,1.1182537853657544,0.5268187587952253,0.5343693227523475,0.2711525008293755,5.171953201293945,0.5038390159606934,5.2985453605651855,0.060945987701416016,0.08733129501342773,0.2983536720275879,26,0,Short
sub001-ses04-block8-game2_001::b0019,test/sub001/ses-04/sub001-ses04-block8-game2_001.npy,sub001,04,8,2,001,438,440,437,441,3,22703,22815,22868,1,0.9185642843656372,0.8926298645903266,1.297263277033867,0.4306474229134799,0.48507101565249056,0.25788267575811896,0.0940561294555664,0.36554718017578125,0.00018596649169921875,0.4402289390563965,0.0,0.18378591537475586,26,0,Short
sub001-ses04-block8-game2_001::b0020,test/sub001/ses-04/sub001-ses04-block8-game2_001.npy,sub001,04,8,2,001,453,455,452,456,3,23545,23651,23702,1,0.85230895697917,0.742941670457005,1.1969557535494149,0.4923509709092684,0.5421315038432536,0.19936537160799733,0.17893552780151367,0.36266660690307617,0.19227123260498047,0.6939778327941895,0.07081747055053711,0.40498876571655273,26,0,Short
sub001-ses04-block8-game2_001::b0021,test/sub001/ses-04/sub001-ses04-block8-game2_001.npy,sub001,04,8,2,001,461,464,460,465,4,23969,24121,24171,1,0.6913717568240398,0.7863571284203799,1.0460288125524386,0.6023831415143615,0.5293511743841033,0.1021375736619613,0.060302734375,4.458218097686768,4.4872331619262695,0.24064159393310547,0.2602105140686035,0.33106470108032227,26,0,Short
sub001-ses04-block8-game2_001::b0022,test/sub001/ses-04/sub001-ses04-block8-game2_001.npy,sub001,04,8,2,001,469,472,468,473,4,24391,24553,24607,1,0.810449037056606,1.0471831650226853,1.1607291576221361,0.5328398034559051,0.38300249347800597,0.09317824279095754,0.35727548599243164,0.0,5.020339012145996,0.3664588928222656,0.0,0.884610652923584,26,0,Short
sub001-ses04-block8-game2_001::b0023,test/sub001/ses-04/sub001-ses04-block8-game2_001.npy,sub001,04,8,2,001,477,480,476,481,4,24824,24977,25030,1,0.9976670290389557,0.7745402108021704,0.855186361661378,0.4386423005153907,0.5170817203185529,0.45481867250853814,0.4781475067138672,4.558592319488525,0.04345417022705078,0.5015058517456055,0.49616479873657227,0.10865116119384766,26,0,Short
sub001-ses04-block8-game2_001::b0024,test/sub001/ses-04/sub001-ses04-block8-game2_001.npy,sub001,04,8,2,001,487,489,486,490,3,25347,25449,25502,1,0.7084578052152066,0.7999200925914485,1.1626935295405258,0.6001365923715708,0.5178777461228413,0.36601319257178866,0.2094707489013672,0.4867873191833496,0.1738448143005371,0.6009683609008789,0.18158388137817383,0.4717845916748047,26,0,Short
sub001-ses04-block8-game2_001::b0025,test/sub001/ses-04/sub001-ses04-block8-game2_001.npy,sub001,04,8,2,001,495,498,494,499,4,25780,25938,25990,1,1.0620655019996852,0.7791810167899872,1.1557240448993944,0.33768867897691407,0.5427746083235319,0.13544028501528615,4.445772647857666,0.0020499229431152344,0.06827306747436523,0.21650075912475586,0.3798227310180664,0.6855382919311523,26,0,Short
sub001-ses04-block8-game2_001::b0026,test/sub001/ses-04/sub001-ses04-block8-game2_001.npy,sub001,04,8,2,001,503,507,502,508,5,26200,26403,26453,1,0.8501270303959453,0.7826003740407232,0.9980529516763688,0.48132773577078314,0.5478435012721907,0.16735843440861375,0.0023889541625976562,4.474449634552002,0.015105724334716797,0.05050086975097656,0.4554762840270996,0.0,26,0,Short
sub001-ses04-block8-game2_001::b0027,test/sub001/ses-04/sub001-ses04-block8-game2_001.npy,sub001,04,8,2,001,513,514,512,515,2,26725,26775,26826,1,0.8204727474578094,0.9858079975688921,0.9811061590689583,0.5398117276064885,0.4881815747446463,0.33858945402328167,0.037964820861816406,0.008890151977539062,4.6096696853637695,0.0,0.4963498115539551,0.7589235305786133,26,0,Short
sub001-ses04-block8-game2_001::b0028,test/sub001/ses-04/sub001-ses04-block8-game2_001.npy,sub001,04,8,2,001,521,524,520,525,4,27152,27313,27363,1,0.8411457512015716,0.814287817524807,0.894405696134593,0.529109908310714,0.5439023064730601,0.42877193399556013,3.858327865600586,4.877616882324219,4.051528453826904,0.0,0.393831729888916,0.05479240417480469,26,0,Short
sub001-ses04-block8-game2_001::b0029,test/sub001/ses-04/sub001-ses04-block8-game2_001.npy,sub001,04,8,2,001,541,551,540,552,11,28222,28758,28818,1,0.9492419495540305,0.8829058338603325,1.1321941464369858,0.4890696011279628,0.5032790996922359,0.33650703356526845,3.6772820949554443,4.039845943450928,3.5753958225250244,0.0,0.4330604076385498,0.0,26,0,Short
sub001-ses04-block8-game2_001::b0030,test/sub001/ses-04/sub001-ses04-block8-game2_001.npy,sub001,04,8,2,001,621,629,620,630,9,32346,32744,32795,2,0.8403225108778145,0.8846078386695333,0.9109506351581896,0.5359039086489764,0.47208804807393456,0.5546586683730724,0.37278223037719727,0.0,0.38939714431762695,0.567589282989502,0.0,0.5444245338439941,26,0,Short
sub001-ses04-block8-game2_001::b0031,test/sub001/ses-04/sub001-ses04-block8-game2_001.npy,sub001,04,8,2,001,665,675,664,676,11,34521,35028,35076,1,0.3730509098790538,0.25548637737024277,0.9305733658172596,0.843503290432353,0.909539649259481,0.5722055802666601,3.6642675399780273,0.0,0.71728515625,0.6143558025360107,0.0,0.0868382453918457,26,0,Short
sub001-ses04-block8-game2_001::b0032,test/sub001/ses-04/sub001-ses04-block8-game2_001.npy,sub001,04,8,2,001,681,695,680,696,15,35324,36011,36060,3,0.8192576899377605,0.894227276621835,0.7837453671323076,0.48125666359293456,0.5000538560591068,0.656288136206513,0.0,0.0,3.6325700283050537,0.0,0.0,0.0,26,0,Short
sub001-ses04-block8-game2_001::b0033,test/sub001/ses-04/sub001-ses04-block8-game2_001.npy,sub001,04,8,2,001,707,714,706,715,8,36598,36942,36987,2,1.0984158368003833,0.6025236372491087,0.770336646398873,0.2709757889806069,0.7364235974682324,0.642229590113183,0.0,0.0,0.0,0.0,0.0,0.0,26,0,Short
sub001-ses04-block8-game2_001::b0034,test/sub001/ses-04/sub001-ses04-block8-game2_001.npy,sub001,04,8,2,001,719,736,718,737,18,37178,38045,38102,2,0.39513611210764354,0.4932279101100695,0.9037926325594112,0.8230176201835031,0.7632476318381317,0.5312469899446258,3.7427995204925537,0.5892601013183594,4.617937088012695,0.17086219787597656,0.42733335494995117,0.21561241149902344,26,0,Short
sub001-ses04-block8-game2_001::b0035,test/sub001/ses-04/sub001-ses04-block8-game2_001.npy,sub001,04,8,2,001,743,758,742,759,16,38384,39122,39168,1,0.607635413175609,0.6138922064868305,0.8866120234483893,0.6645715333668314,0.6747874458224785,0.48988603149834087,3.303014039993286,0.0,4.1701340675354,0.0,0.0,0.13176965713500977,26,0,Short
sub001-ses04-block8-game2_001::b0036,test/sub001/ses-04/sub001-ses04-block8-game2_001.npy,sub001,04,8,2,001,764,776,763,777,13,39432,40065,40117,1,0.8140887271985913,0.745294048948682,0.8884453900876333,0.5455359362930141,0.5440778981011432,0.44935984677950336,0.0029730796813964844,0.12252664566040039,0.5725674629211426,0.0,0.03653287887573242,0.0,26,0,Short
sub001-ses04-block8-game2_001::b0037,test/sub001/ses-04/sub001-ses04-block8-game2_001.npy,sub001,04,8,2,001,783,786,782,787,4,40434,40589,40641,1,0.8702080978708573,0.9275140337565422,1.0169991383216004,0.42711748243738523,0.38377155009425523,0.40412680425397,0.6052794456481934,0.0,4.488103866577148,0.0,0.0,0.0,26,0,Short
sub001-ses04-block8-game2_001::b0038,test/sub001/ses-04/sub001-ses04-block8-game2_001.npy,sub001,04,8,2,001,791,792,790,793,2,40852,40904,40956,1,0.7488471667575616,0.7384772039976036,0.7894838634029312,0.4796345054004021,0.5366631439678546,0.5445159807541989,5.082972526550293,4.874077796936035,0.32372570037841797,0.0,0.27520132064819336,0.3776259422302246,26,0,Short
sub001-ses04-block8-game2_001::b0039,test/sub001/ses-04/sub001-ses04-block8-game2_001.npy,sub001,04,8,2,001,809,813,808,814,5,41791,41998,42053,1,0.7240895214964873,0.7994702088397887,0.9932381860071318,0.4891326695085144,0.4296376121683429,0.17965060256699655,0.3000621795654297,0.0,0.31219911575317383,0.4982328414916992,0.0,1.248748779296875,26,0,Short
sub001-ses04-block8-game2_001::b0040,test/sub001/ses-04/sub001-ses04-block8-game2_001.npy,sub001,04,8,2,001,821,824,820,825,4,42428,42575,42625,1,0.7952513504632972,0.673619052795288,0.9537735364310745,0.44218890123390847,0.5636746141476635,0.2772688180345598,0.05571460723876953,0.024749279022216797,0.7046794891357422,0.3555784225463867,0.44103050231933594,0.4480304718017578,26,0,Short
sub001-ses04-block8-game2_001::b0041,test/sub001/ses-04/sub001-ses04-block8-game2_001.npy,sub001,04,8,2,001,830,832,829,833,3,42899,43001,43049,1,0.7092338244260367,0.6969860344696405,1.1621605884839439,0.5785256410860038,0.5156941576797573,0.4198061119788431,0.022638797760009766,5.6546783447265625,0.11012935638427734,0.4419255256652832,0.2684788703918457,0.08840036392211914,26,0,Short
sub001-ses04-block8-game2_001::b0042,test/sub001/ses-04/sub001-ses04-block8-game2_001.npy,sub001,04,8,2,001,838,841,837,842,4,43318,43476,43531,1,0.7738006499639756,0.7870654170197904,0.8442350262607589,0.47853686603413814,0.4784571397170402,0.47033843450117085,0.0,0.12101364135742188,0.20407485961914062,0.0,0.0,0.0,26,0,Short
sub001-ses04-block8-game2_001::b0043,test/sub001/ses-04/sub001-ses04-block8-game2_001.npy,sub001,04,8,2,001,847,849,846,850,3,43795,43898,43947,1,0.7648609105621911,1.0282884968802577,0.8984645983030775,0.48294242822839173,0.40088583309928316,0.2877198605743931,0.032152652740478516,0.0,5.463781356811523,0.0,0.0,0.14088726043701172,26,0,Short
sub001-ses04-block8-game2_001::b0044,test/sub001/ses-04/sub001-ses04-block8-game2_001.npy,sub001,04,8,2,001,855,858,854,859,4,44212,44364,44415,1,0.8532610328385569,0.8673154624395029,1.2446172532827227,0.2929939845149448,0.48942289015568274,0.34180019870658485,0.1747756004333496,0.0,0.009411334991455078,0.5064516067504883,0.0,0.19382095336914062,26,0,Short
sub001-ses04-block8-game2_001::b0045,test/sub001/ses-04/sub001-ses04-block8-game2_001.npy,sub001,04,8,2,001,863,866,862,867,4,44636,44788,44843,1,0.745806023112926,0.8066415274739542,1.0111546585270013,0.5087208010460844,0.45328140164730246,0.26705495905968046,0.08897256851196289,5.389967918395996,0.35571765899658203,0.017783164978027344,0.4180121421813965,0.4726295471191406,26,0,Short
sub001-ses04-block8-game2_001::b0046,test/sub001/ses-04/sub001-ses04-block8-game2_001.npy,sub001,04,8,2,001,899,899,898,900,1,46520,46520,46573,1,0.7223941148570137,0.9553484756612461,0.8920886274575457,0.639597682622673,0.456898455623574,0.40416551187965555,0.1242823600769043,0.3431406021118164,0.00014495849609375,0.6667518615722656,0.3058624267578125,0.06396675109863281,26,0,Short
sub001-ses04-block8-game2_001::b0047,test/sub001/ses-04/sub001-ses04-block8-game2_001.npy,sub001,04,8,2,001,905,908,904,909,4,46844,46994,47046,2,0.7763845214011152,0.7066409080263908,1.0113006954238213,0.5070628727034465,0.5629016271803359,0.1496319748847187,0.1822953224182129,5.257627010345459,5.523414134979248,1.1391334533691406,0.0,0.3563680648803711,26,0,Short
sub001-ses04-block8-game2_001::b0048,test/sub001/ses-04/sub001-ses04-block8-game2_001.npy,sub001,04,8,2,001,953,954,952,955,2,49200,49252,49302,1,1.1198941987875775,1.0234901452730116,1.0621746752856296,0.36344056713965345,0.438985193662631,0.013727683918190514,0.029111862182617188,4.523706912994385,0.0,0.8531537055969238,0.4279623031616211,0.0,26,0,Short
sub001-ses04-block8-game2_001::b0049,test/sub001/ses-04/sub001-ses04-block8-game2_001.npy,sub001,04,8,2,001,961,966,960,967,6,49596,49842,49892,1,0.7885082368028504,0.7892067619320171,1.0380879181716338,0.5446128188077743,0.5521168006025992,0.2206577443836082,0.1680150032043457,4.377781391143799,0.0,0.13052654266357422,0.2785358428955078,0.0,26,0,Short
sub001-ses04-block8-game2_001::b0050,test/sub001/ses-04/sub001-ses04-block8-game2_001.npy,sub001,04,8,2,001,974,999,973,1000,26,50254,51485,51532,1,1.0797905062169784,0.9389078223652131,1.0313858673937584,0.15863138198152604,0.507711224345844,0.2616570579807724,0.4100804328918457,3.8344943523406982,3.1589064598083496,0.7494378089904785,0.2444159984588623,0.0048520565032958984,26,1,Long
sub001-ses04-block8-game2_001::b0051,test/sub001/ses-04/sub001-ses04-block8-game2_001.npy,sub001,04,8,2,001,1005,1028,1004,1029,24,51782,52903,52952,3,0.8835112643352986,1.0015308183266936,1.172071700795591,0.4836637474361297,0.45531973508471557,0.41451295396929366,2.963675022125244,0.03694605827331543,3.8267390727996826,0.0,0.0,0.062165260314941406,26,0,Short
sub001-ses04-block8-game2_001::b0052,test/sub001/ses-04/sub001-ses04-block8-game2_001.npy,sub001,04,8,2,001,1058,1066,1057,1067,9,54442,54852,54900,2,0.4691498742999069,0.4887306595271042,0.8937315777313769,0.8059257837129766,0.8118396823181466,0.6091577171304917,3.761655807495117,0.10099411010742188,4.003325462341309,0.0,0.35486841201782227,0.2908172607421875,26,0,Short
sub001-ses04-block8-game2_001::b0053,test/sub001/ses-04/sub001-ses04-block8-game2_001.npy,sub001,04,8,2,001,1084,1104,1083,1105,21,55727,56726,56772,2,0.6144134296306234,0.7785072463764257,0.9439474577009392,0.7356837318317577,0.5740858942980319,0.4178633602675492,3.955615997314453,0.0,4.005683898925781,0.1801743507385254,0.0,0.24216175079345703,26,0,Short
sub001-ses04-block8-game2_001::b0054,test/sub001/ses-04/sub001-ses04-block8-game2_001.npy,sub001,04,8,2,001,1129,1132,1128,1133,4,57994,58141,58190,1,0.8876956916164529,0.9458326437771225,0.8608066147261362,0.4798612807228526,0.42849533790943245,0.45491029011329814,4.645771503448486,0.0,4.263242721557617,0.8542861938476562,0.0,0.05670452117919922,26,0,Short
sub001-ses04-block8-game2_001::b0055,test/sub001/ses-04/sub001-ses04-block8-game2_001.npy,sub001,04,8,2,001,1139,1148,1138,1149,10,58491,58944,58996,1,0.841303103386382,0.817097048001538,0.9082295212526438,0.5265760670539463,0.4781180518192971,0.32917710688477364,4.128435134887695,4.089969158172607,3.782944917678833,0.2380385398864746,0.0,0.0,26,0,Short
sub001-ses04-block8-game2_001::b0056,test/sub001/ses-04/sub001-ses04-block8-game2_001.npy,sub001,04,8,2,001,1155,1158,1154,1159,4,59314,59467,59522,1,0.7688486705827737,0.7167984841852018,0.9173014565866251,0.5510920585767662,0.6292423407402348,0.26131279270894286,0.0,3.6343283653259277,0.0,0.0,0.0,0.0,26,0,Short
sub001-ses04-block8-game2_001::b0057,test/sub001/ses-04/sub001-ses04-block8-game2_001.npy,sub001,04,8,2,001,1165,1167,1164,1168,3,59849,59950,59999,1,0.8583604876600177,0.7463574587652427,0.9460267192440693,0.547736530307992,0.5781259995486638,0.24289657515676139,4.563792705535889,0.10358476638793945,0.0,0.3962879180908203,0.0,0.0,26,0,Short
sub001-ses04-block8-game2_001::b0058,test/sub001/ses-04/sub001-ses04-block8-game2_001.npy,sub001,04,8,2,001,1175,1178,1174,1179,4,60369,60520,60573,1,0.7176724577838102,0.8669536865786516,0.9170955160966356,0.6072753881757921,0.4894478550018735,0.2161803968255963,4.638415813446045,0.0,0.1654987335205078,0.46112632751464844,0.0,0.0,26,0,Short
sub001-ses04-block8-game2_001::b0059,test/sub001/ses-04/sub001-ses04-block8-game2_001.npy,sub001,04,8,2,001,1185,1190,1184,1191,6,60894,61155,61201,1,0.7463231892616878,0.7835155537344136,0.9217259764564212,0.593777124173748,0.5515328231923278,0.21976953356120382,0.0,4.629613876342773,0.15709924697875977,0.0,0.0,0.06756830215454102,26,0,Short
sub001-ses04-block8-game2_001::b0060,test/sub001/ses-04/sub001-ses04-block8-game2_001.npy,sub001,04,8,2,001,1205,1212,1204,1213,8,61894,62255,62308,2,0.6730041647272589,0.5510777789430275,0.9845690793432775,0.6855905447691977,0.777508234775278,0.5609978655356791,0.0,3.8749420642852783,0.2944037914276123,0.0,0.07445526123046875,0.17114639282226562,26,0,Short
sub001-ses04-block8-game2_001::b0061,test/sub001/ses-04/sub001-ses04-block8-game2_001.npy,sub001,04,8,2,001,1224,1239,1223,1240,16,62878,63628,63679,2,0.6744556741992194,0.8893962635974537,1.146953235118212,0.7136251948186241,0.5280418038575492,0.34450035366553694,4.795694828033447,0.0,0.0,0.4781951904296875,0.0,0.0,26,0,Short
sub001-ses04-block8-game2_001::b0062,test/sub001/ses-04/sub001-ses04-block8-game2_001.npy,sub001,04,8,2,001,1249,1250,1248,1251,2,64115,64167,64216,1,0.9774462204620645,1.1972957945208877,0.9675658552976039,0.5234080132123925,0.3027640782450148,0.040377658281972206,0.0814671516418457,0.023419857025146484,0.06544065475463867,0.6534347534179688,0.7083783149719238,0.5608611106872559,26,0,Short
sub001-ses04-block8-game2_001::b0063,test/sub001/ses-04/sub001-ses04-block8-game2_001.npy,sub001,04,8,2,001,1256,1258,1255,1259,3,64483,64582,64633,1,0.8208839685508279,0.7953500626864326,1.0376067535474345,0.5303797810279831,0.5778428947808485,0.08597297315479263,0.03464984893798828,0.0,4.290977478027344,0.36365795135498047,0.0,0.0,26,0,Short
sub001-ses04-block8-game2_001::b0064,test/sub001/ses-04/sub001-ses04-block8-game2_001.npy,sub001,04,8,2,001,1263,1266,1262,1267,4,64842,64991,65039,1,0.6921563487244898,0.8119283359298161,1.0378599519534313,0.6141927629218545,0.5686986984324172,0.09869292750996939,4.226000785827637,0.03709840774536133,0.3794865608215332,0.0,0.2649412155151367,0.2120652198791504,26,0,Short
sub001-ses04-block8-game2_001::b0065,test/sub001/ses-04/sub001-ses04-block8-game2_001.npy,sub001,04,8,2,001,1271,1273,1270,1274,3,65254,65348,65401,1,0.9884394097811827,0.8792473886088759,0.9862871235216065,0.46827043230091514,0.5511190087182741,0.10343065768011683,0.0710902214050293,0.09205150604248047,4.644186973571777,1.1083154678344727,0.18802213668823242,0.5515842437744141,26,0,Short
sub001-ses04-block8-game2_001::b0066,test/sub001/ses-04/sub001-ses04-block8-game2_001.npy,sub001,04,8,2,001,1280,1284,1279,1285,5,65710,65905,65955,1,0.6613155405692658,0.7344360370070552,1.159568834012029,0.6662174846412665,0.5949721510281558,0.002227070775079998,0.0413508415222168,4.591930866241455,0.020773887634277344,0.18403387069702148,0.49578428268432617,0.23587417602539062,26,0,Short
sub001-ses04-block8-game2_001::b0067,test/sub001/ses-04/sub001-ses04-block8-game2_001.npy,sub001,04,8,2,001,1291,1292,1290,1293,2,66257,66306,66358,1,0.74609496897636,0.7543233036739126,0.931835996611474,0.5908778150887359,0.6109950640933758,0.02961276412321323,4.386782646179199,0.20288801193237305,0.0,0.008590221405029297,0.7966532707214355,0.0,26,0,Short
sub001-ses04-block8-game2_001::b0068,test/sub001/ses-04/sub001-ses04-block8-game2_001.npy,sub001,04,8,2,001,1299,1301,1298,1302,3,66665,66759,66808,1,0.7902906390845803,0.7826752751255515,1.0208023240695783,0.5774157693999571,0.5310758746518764,0.037368815506847175,4.286657333374023,0.5311069488525391,0.03188657760620117,0.3770160675048828,0.47173643112182617,0.4980487823486328,26,0,Short
sub001-ses04-block8-game2_001::b0069,test/sub001/ses-04/sub001-ses04-block8-game2_001.npy,sub001,04,8,2,001,1307,1310,1306,1311,4,67059,67203,67254,1,0.916540433337797,0.8071153279426746,1.0576356591766856,0.5196155096020673,0.5825135639438299,0.015925133052255958,4.177865505218506,0.0,0.04524946212768555,0.22220659255981445,0.0,0.22522592544555664,26,0,Short
sub001-ses04-block8-game2_001::b0070,test/sub001/ses-04/sub001-ses04-block8-game2_001.npy,sub001,04,8,2,001,1316,1319,1315,1320,4,67505,67650,67699,1,0.9029398306508244,0.8077093439310811,1.1115814344071828,0.47447514771545884,0.5961714044117192,0.0690487284266692,0.9801540374755859,4.387433052062988,3.5560688972473145,0.11525964736938477,0.536651611328125,0.0,26,0,Short
sub001-ses04-block8-game2_001::b0071,test/sub001/ses-04/sub001-ses04-block8-game2_001.npy,sub001,04,8,2,001,1327,1328,1326,1329,2,68053,68099,68146,1,0.8070723763336702,0.7651353296082647,1.1716926779596197,0.5870272600908137,0.5724832580900969,0.11615904039472863,0.10149860382080078,0.18387365341186523,0.0,0.5255081653594971,0.5098187923431396,0.0,26,0,Short
sub001-ses04-block8-game2_001::b0072,test/sub001/ses-04/sub001-ses04-block8-game2_001.npy,sub001,04,8,2,001,1335,1337,1334,1338,3,68444,68542,68590,1,0.8863656312822614,0.7344394793974249,1.1462718869657804,0.49591096296514003,0.6001911017645039,0.10762950283416739,4.0817694664001465,3.5574960708618164,3.9772255420684814,0.43503284454345703,0.0,0.32282280921936035,26,0,Short
sub001-ses04-block8-game2_001::b0073,test/sub001/ses-04/sub001-ses04-block8-game2_001.npy,sub001,04,8,2,001,1344,1346,1343,1347,3,68884,68984,69037,1,0.9123879335032263,0.8447844634013364,1.1429897723371456,0.5031987628612739,0.5635872839377227,0.01838321568273299,0.08142447471618652,3.4381890296936035,3.4664089679718018,0.7235226631164551,0.44362378120422363,0.0,26,0,Short
sub001-ses04-block8-game2_001::b0074,test/sub001/ses-04/sub001-ses04-block8-game2_001.npy,sub001,04,8,2,001,1352,1355,1351,1356,4,69281,69436,69485,1,0.8940885527710547,0.9063602145449252,1.0732989552544594,0.5053208466007407,0.4750520284182006,0.24078318595047082,0.3840005397796631,3.372659206390381,0.08453655242919922,0.13722586631774902,0.13618922233581543,0.13806748390197754,26,0,Short
sub001-ses04-block8-game2_001::b0075,test/sub001/ses-04/sub001-ses04-block8-game2_001.npy,sub001,04,8,2,001,1363,1364,1362,1365,2,69833,69880,69928,1,0.8711000365179571,0.8454807465228532,1.1867619038457466,0.5062978441314065,0.5371684046770555,0.1567391251938669,0.23122596740722656,3.2645740509033203,0.4350314140319824,0.0,0.24800634384155273,0.41563868522644043,26,0,Short
sub001-ses04-block8-game2_001::b0076,test/sub001/ses-04/sub001-ses04-block8-game2_001.npy,sub001,04,8,2,001,1371,1372,1370,1373,2,70223,70273,70319,1,0.9776580571626488,0.8490436255556002,1.2720142132589831,0.4738396868188799,0.5713503047892484,0.11984530893408057,0.06292891502380371,0.0,0.547379732131958,0.0034193992614746094,0.0,1.0539302825927734,26,0,Short
sub001-ses04-block8-game2_001::b0077,test/sub001/ses-04/sub001-ses04-block8-game2_001.npy,sub001,04,8,2,001,1379,1383,1378,1384,5,70604,70790,70836,1,0.8715992629585806,0.7991662284718976,1.142090734810787,0.5163383997369737,0.5979034048602648,0.2335435524322912,2.955615997314453,0.6157004833221436,0.0,0.0,0.9603493213653564,0.0,26,0,Short
sub001-ses04-block8-game2_001::b0078,test/sub001/ses-04/sub001-ses04-block8-game2_001.npy,sub001,04,8,2,001,1441,1448,1440,1449,8,73656,73996,74045,3,0.8652110262946725,0.8983730883965843,1.342510252413948,0.4989340035242604,0.4545296727447735,0.19516406970547812,0.15828752517700195,3.8148937225341797,0.6898777484893799,0.28468751907348633,0.49391746520996094,0.7485237121582031,26,0,Short
sub001-ses04-block8-game2_001::b0079,test/sub001/ses-04/sub001-ses04-block8-game2_001.npy,sub001,04,8,2,001,1495,1502,1494,1503,8,76311,76650,76698,1,0.5240914427029633,0.6093468933332906,0.8150700699642437,0.7956515042264846,0.7444809252609688,0.5827756157440825,0.21474289894104004,0.1398482322692871,0.0,0.2841498851776123,0.40670299530029297,0.0,26,0,Short
sub001-ses04-block8-game2_001::b0080,test/sub001/ses-04/sub001-ses04-block8-game2_001.npy,sub001,04,8,2,001,1507,1520,1506,1521,14,76896,77538,77592,3,0.8749980259796735,0.9391393849954521,0.9568031222524863,0.4566403907601622,0.4521615820865545,0.48906276299657564,0.013990163803100586,3.653712272644043,0.2003934383392334,0.570023775100708,0.08263278007507324,0.07397675514221191,26,0,Short
sub001-ses04-block8-game2_001::b0081,test/sub001/ses-04/sub001-ses04-block8-game2_001.npy,sub001,04,8,2,001,1534,1534,1533,1535,1,78252,78252,78299,1,0.7384258980335034,1.1164655788846893,0.8667300629702414,0.6362282630244611,0.3847802378494047,0.49820218107381986,0.18396234512329102,0.12103390693664551,0.0,0.1571803092956543,0.41020846366882324,0.0,26,0,Short
sub001-ses04-block8-game2_001::b0082,test/sub001/ses-04/sub001-ses04-block8-game2_001.npy,sub001,04,8,2,001,1539,1542,1538,1543,4,78506,78655,78708,2,0.8347990063416603,0.8487321523453513,0.9641237397115633,0.5381799795110214,0.5287414030491675,0.39128658353358925,0.028278350830078125,0.018826007843017578,0.0,0.3879823684692383,0.1002199649810791,0.0,26,0,Short
sub001-ses04-block8-game2_001::b0083,test/sub001/ses-04/sub001-ses04-block8-game2_001.npy,sub001,04,8,2,001,1572,1579,1571,1580,8,80144,80502,80553,2,0.6837748576633478,0.6651362961275108,1.0016776090204917,0.668863811664204,0.6906657966640685,0.35733088985116274,0.005427122116088867,0.1412367820739746,4.163654804229736,0.06767940521240234,0.08538532257080078,0.4516136646270752,26,0,Short
sub001-ses04-block8-game2_001::b0084,test/sub001/ses-04/sub001-ses04-block8-game2_001.npy,sub001,04,8,2,001,1589,1590,1588,1591,2,81005,81054,81108,1,0.9373958444461677,0.9453957618641351,1.041709872788362,0.4369191184835882,0.3861903231604136,0.341232076172012,0.0,0.0,0.3845069408416748,0.0,0.0,0.3733057975769043,26,0,Short
sub001-ses04-block8-game2_001::b0085,test/sub001/ses-04/sub001-ses04-block8-game2_001.npy,sub001,04,8,2,001,1597,1600,1596,1601,4,81406,81558,81608,1,0.9144388196216751,0.8982991712279332,1.048990648774729,0.44479427262282584,0.4329312666558641,0.26299197488041004,3.673069953918457,0.1989879608154297,3.3622703552246094,0.0,0.3145561218261719,0.0,26,0,Short
sub001-ses04-block8-game2_001::b0086,test/sub001/ses-04/sub001-ses04-block8-game2_001.npy,sub001,04,8,2,001,1606,1611,1605,1612,6,81857,82104,82154,1,0.89719366196819,0.8453707755286264,1.0273598086835205,0.49292902269187966,0.5225202751522475,0.2868559940265574,0.051833152770996094,0.03327584266662598,0.0,0.013038158416748047,0.4014763832092285,0.0,26,0,Short
sub001-ses04-block8-game2_001::b0087,test/sub001/ses-04/sub001-ses04-block8-game2_001.npy,sub001,04,8,2,001,1617,1620,1616,1621,4,82404,82556,82606,1,0.8805746550164888,0.9020919375376834,1.11350731035062,0.46868418412420576,0.47477786019198576,0.10793090519337234,3.7323341369628906,0.0,0.2048206329345703,0.2994496822357178,0.0,0.009877920150756836,26,0,Short
sub001-ses04-block8-game2_001::b0088,test/sub001/ses-04/sub001-ses04-block8-game2_001.npy,sub001,04,8,2,001,1627,1629,1626,1630,3,82900,82998,83051,1,0.8973120324923826,0.8585582942077634,1.0702253809565747,0.48094490442483695,0.5383100649577054,0.21446991874602184,0.06922268867492676,4.032382011413574,0.29024314880371094,0.18135452270507812,0.4475395679473877,0.47905778884887695,26,0,Short
sub001-ses04-block8-game2_001::b0089,test/sub001/ses-04/sub001-ses04-block8-game2_001.npy,sub001,04,8,2,001,1635,1636,1634,1637,2,83302,83349,83395,1,0.7795386929054018,0.8592513710235659,1.1960821324670665,0.5734532502268337,0.5197179546702396,0.10818346895704078,3.7899861335754395,3.1856322288513184,0.31247639656066895,0.19783258438110352,0.0,0.06934022903442383,26,0,Short
sub001-ses04-block8-game2_001::b0090,test/sub001/ses-04/sub001-ses04-block8-game2_001.npy,sub001,04,8,2,001,1643,1646,1642,1647,4,83692,83838,83887,1,0.8820821321952705,1.167896190835066,1.0892801576300823,0.5103417834723685,0.24848434805793185,0.26366004905583035,0.22591948509216309,0.0,3.6083693504333496,0.41708898544311523,0.0,0.5010583400726318,26,0,Short
sub001-ses04-block8-game2_001::b0091,test/sub001/ses-04/sub001-ses04-block8-game2_001.npy,sub001,04,8,2,001,1652,1654,1651,1655,3,84129,84230,84277,1,0.8309803305229956,0.9762948299014583,1.1616237045958353,0.4694744189206473,0.45096425625733283,0.16384741220208077,0.03985953330993652,3.733952760696411,0.0,0.540053129196167,0.6338889598846436,0.0,26,0,Short
sub001-ses04-block8-game2_001::b0092,test/sub001/ses-04/sub001-ses04-block8-game2_001.npy,sub001,04,8,2,001,1742,1760,1741,1761,19,88472,89341,89393,3,0.882976172022677,0.8796333620504129,1.0659147716750932,0.4854687581782322,0.5024752287282458,0.24513220442940437,2.8605570793151855,0.0,0.0,0.04793500900268555,0.0,0.0,26,0,Short
sub001-ses04-block8-game2_001::b0093,test/sub001/ses-04/sub001-ses04-block8-game2_001.npy,sub001,04,8,2,001,1768,1775,1767,1776,8,89745,90082,90133,2,0.651203448981355,0.485878947802951,1.0105753784615632,0.7219802266159593,0.8144125157775531,0.3870554324058797,2.7642102241516113,0.0,0.06435012817382812,0.0,0.0,0.25333094596862793,26,0,Short
sub001-ses04-block8-game2_001::b0094,test/sub001/ses-04/sub001-ses04-block8-game2_001.npy,sub001,04,8,2,001,1783,1810,1782,1811,28,90472,91784,91832,1,0.9399756843219016,1.1287974251536954,1.0679520747966924,0.5486750482256479,0.32779101402750155,0.26086117373498624,2.8976876735687256,2.8680217266082764,0.0,0.0,0.0,0.0,26,1,Long
sub001-ses04-block8-game2_001::b0095,test/sub001/ses-04/sub001-ses04-block8-game2_001.npy,sub001,04,8,2,001,1823,1826,1822,1827,4,92417,92566,92608,1,0.9084510437636735,0.9867206078636934,1.1353588888014507,0.46710555571288886,0.4214379619239381,0.18665162444892264,0.07909464836120605,0.2854654788970947,0.0,0.3380599021911621,0.0417935848236084,0.0,26,0,Short
sub001-ses04-block8-game2_001::b0096,test/sub001/ses-04/sub001-ses04-block8-game2_001.npy,sub001,04,8,2,001,1833,1834,1832,1835,2,92893,92938,92985,1,0.8871580497745739,0.9776344256642135,1.100257088870898,0.5313032247777844,0.3956316257797829,0.18380292463985204,0.0,2.8298020362854004,0.0,0.0,0.0,0.0,26,0,Short
sub001-ses04-block8-game2_001::b0097,test/sub001/ses-04/sub001-ses04-block8-game2_001.npy,sub001,04,8,2,001,1840,1852,1839,1853,13,93236,93810,93856,1,0.9178867451709785,0.8801445643294805,1.1374090775611407,0.4544456674333321,0.5236198571960814,0.12485703274206744,2.962777614593506,3.1916604042053223,0.055855512619018555,0.16328859329223633,0.4761929512023926,0.2811455726623535,26,0,Short
sub001-ses04-block8-game2_001::b0098,test/sub001/ses-04/sub001-ses04-block8-game2_001.npy,sub001,04,8,2,001,1857,1860,1856,1861,4,94057,94207,94257,1,0.879555187574463,0.8984585844676615,0.9526744125273497,0.538525842941544,0.49260682112407017,0.35917426223421955,0.20894360542297363,0.0,0.061029911041259766,0.30594825744628906,0.0,0.1699838638305664,26,0,Short
sub001-ses04-block8-game2_001::b0099,test/sub001/ses-04/sub001-ses04-block8-game2_001.npy,sub001,04,8,2,001,1874,1876,1873,1877,3,94903,94999,95046,1,0.884671117934128,0.9174896939744105,0.9987423889654627,0.4901681150762617,0.4348307439604047,0.18538922793998291,0.0,0.0,0.05618906021118164,0.0,0.0,0.5828061103820801,26,0,Short
sub001-ses04-block8-game2_001::b0100,test/sub001/ses-04/sub001-ses04-block8-game2_001.npy,sub001,04,8,2,001,1896,1905,1895,1906,10,95968,96397,96445,1,0.8861661125388967,0.8250578849125529,1.0256268586345976,0.4779503491898661,0.5396645409303948,0.07140227795363357,0.0,3.4627845287323,0.0,0.0,0.19254136085510254,0.0,26,0,Short
sub001-ses04-block8-game2_001::b0101,test/sub001/ses-04/sub001-ses04-block8-game2_001.npy,sub001,04,8,2,001,1931,1942,1930,1943,12,97684,98216,98262,3,0.36671749069079684,0.570639368660254,1.0101588148425238,0.8687289433387261,0.6962681342080697,0.4753911487875313,3.166846513748169,0.0,3.160062551498413,0.0,0.0,0.30498552322387695,26,0,Short
sub001-ses04-block8-game2_001::b0102,test/sub001/ses-04/sub001-ses04-block8-game2_001.npy,sub001,04,8,2,001,1965,1969,1964,1970,5,99333,99523,99575,1,0.5468006400484888,0.6524654829623859,1.2469570375868826,0.7725087789705005,0.7085539877834675,0.1759962757040182,0.08691716194152832,0.04823017120361328,0.11304926872253418,0.5317466259002686,0.6284403800964355,0.29156923294067383,26,0,Short
sub001-ses04-block8-game2_001::b0103,test/sub001/ses-04/sub001-ses04-block8-game2_001.npy,sub001,04,8,2,001,1974,1976,1973,1977,3,99769,99868,99912,1,0.8505557517786024,1.1096316179010917,1.0097718751658527,0.5409467069905443,0.36000836653542856,0.23126362098675507,0.0,0.3957679271697998,0.0,0.0,0.27628326416015625,0.0,26,0,Short
sub001-ses04-block8-game2_001::b0104,test/sub001/ses-04/sub001-ses04-block8-game2_001.npy,sub001,04,8,2,001,1982,1988,1981,1989,7,100169,100447,100498,1,0.8838708863755271,0.8967294406914589,1.2128737555539477,0.5185187655949905,0.4785360728707025,0.3130655655514626,0.19619297981262207,3.355576992034912,0.0,0.9035301208496094,0.31015706062316895,0.0,26,0,Short
sub001-ses04-block8-game2_001::b0105,test/sub001/ses-04/sub001-ses04-block8-game2_001.npy,sub001,04,8,2,001,2085,2093,2084,2094,9,105266,105659,105709,1,0.9719473720804849,0.9477280053684165,1.0758743148708099,0.41943967590785974,0.4638186933709709,0.3360592520789879,0.09826922416687012,3.2033138275146484,2.2423250675201416,0.0,0.0,0.0,26,0,Short
sub001-ses04-block8-game2_001::b0106,test/sub001/ses-04/sub001-ses04-block8-game2_001.npy,sub001,04,8,2,001,2135,2140,2134,2141,6,107817,108072,108117,2,0.9541799728487821,0.9508396423919991,1.146745215001896,0.4334911923811513,0.4664065868470755,0.3770742620471566,0.23256230354309082,2.4653217792510986,2.7706873416900635,0.04165077209472656,0.0,0.014251708984375,26,0,Short
sub001-ses04-block8-game2_001::b0107,test/sub001/ses-04/sub001-ses04-block8-game2_001.npy,sub001,04,8,2,001,2182,2210,2181,2211,29,110174,111540,111586,1,1.0728463823824839,1.2611653977834314,1.1322727036361633,0.3223100737588767,0.04587742376106552,0.2791170368168536,2.4976322650909424,0.3810298442840576,0.0,0.0,0.49311375617980957,0.0,26,1,Long
sub001-ses04-block8-game2_001::b0108,test/sub001/ses-04/sub001-ses04-block8-game2_001.npy,sub001,04,8,2,001,2219,2234,2218,2235,16,111986,112720,112770,1,0.9367362443678819,0.9385601083752408,1.1328913396399742,0.4467948835885881,0.44461144351344845,0.2387814993145203,0.14956259727478027,3.626220703125,3.5362725257873535,0.6664972305297852,0.7099528312683105,0.30370235443115234,26,0,Short
sub001-ses04-block8-game2_001::b0109,test/sub001/ses-04/sub001-ses04-block8-game2_001.npy,sub001,04,8,2,001,2240,2243,2239,2244,4,113015,113156,113201,1,0.9064192641773808,0.9162476564738801,1.0397027042707558,0.4787946160626721,0.4826381178776671,0.38388980749438806,0.2413177490234375,0.07706665992736816,0.0,0.511314868927002,0.5066883563995361,0.0,26,0,Short
sub001-ses04-block8-game2_001::b0110,test/sub001/ses-04/sub001-ses04-block8-game2_001.npy,sub001,04,8,2,001,2249,2251,2248,2252,3,113464,113561,113612,1,0.9260533839266389,0.9064497206906084,1.0580462681638847,0.4181324406472532,0.49520240488404965,0.3309206312540416,3.646763324737549,3.354916572570801,0.11486268043518066,0.5309255123138428,0.2714719772338867,0.36757564544677734,26,0,Short
sub001-ses04-block8-game2_001::b0111,test/sub001/ses-04/sub001-ses04-block8-game2_001.npy,sub001,04,8,2,001,2265,2274,2264,2275,10,114270,114716,114760,1,0.8970064667947608,0.9939479695953783,1.0486829281845587,0.4485793915953358,0.4525691460628336,0.385331985778307,0.1343836784362793,0.038980722427368164,0.0,0.5437421798706055,0.3369114398956299,0.0,26,0,Short
sub001-ses04-block8-game2_001::b0112,test/sub001/ses-04/sub001-ses04-block8-game2_001.npy,sub001,04,8,2,001,2281,2284,2280,2285,4,115076,115229,115280,1,0.9558286713572823,0.9394400925981657,0.9526166683625451,0.45240086180083716,0.460286954696304,0.4770932194854868,3.5383660793304443,0.0,3.4053778648376465,0.43326783180236816,0.0,0.2444019317626953,26,0,Short
sub001-ses04-block8-game2_001::b0113,test/sub001/ses-04/sub001-ses04-block8-game2_001.npy,sub001,04,8,2,001,2298,2301,2297,2302,4,115944,116091,116144,1,0.9619697992415446,0.9347890322921364,0.9398111151986166,0.42450438463970414,0.4769080548771361,0.43358844129122925,3.6459834575653076,0.0029473304748535156,3.521752119064331,0.2979280948638916,0.0,0.13158059120178223,26,0,Short
sub001-ses04-block8-game2_001::b0114,test/sub001/ses-04/sub001-ses04-block8-game2_001.npy,sub001,04,8,2,001,2316,2318,2315,2319,3,116838,116937,116981,1,0.949346644498784,0.9458214292865058,0.9111916744037141,0.4750697797198072,0.47067662461273985,0.49941757975400297,0.06880426406860352,0.10675954818725586,0.1235044002532959,0.31894397735595703,0.3849010467529297,0.19488525390625,26,0,Short
sub001-ses04-block8-game2_001::b0115,test/sub001/ses-04/sub001-ses04-block8-game2_001.npy,sub001,04,8,2,001,2323,2326,2322,2327,4,117183,117321,117368,1,1.0172767796744744,1.0280837605720068,1.1574476600920818,0.41929144634046156,0.42191225053095044,0.30031358570361216,0.04383730888366699,3.202275276184082,3.2652416229248047,0.0,0.310809850692749,0.569709062576294,26,0,Short
sub001-ses04-block8-game2_001::b0116,test/sub001/ses-04/sub001-ses04-block8-game2_001.npy,sub001,04,8,2,001,2331,2332,2330,2333,2,117562,117609,117657,2,1.0251157775440873,0.9758634221030352,1.0104181518285293,0.41712825433529954,0.4317367856319966,0.26442337409108196,3.013697385787964,0.0,0.0,0.11881494522094727,0.0,0.0,26,0,Short
sub001-ses04-block8-game2_001::b0117,test/sub001/ses-04/sub001-ses04-block8-game2_001.npy,sub001,04,8,2,001,2339,2341,2338,2342,3,117957,118053,118104,1,1.2087908372523266,1.2403372277025044,1.0818874166728047,0.19937578247167992,0.022854620030231865,0.3786887896398258,3.236574411392212,3.3144614696502686,3.5403804779052734,0.8790004253387451,0.6446080207824707,0.6472179889678955,26,0,Short
sub001-ses04-block8-game2_001::b0118,test/sub001/ses-04/sub001-ses04-block8-game2_001.npy,sub001,04,8,2,001,2347,2354,2346,2355,8,118357,118709,118761,3,0.9291443413953443,0.9666393137815184,1.1748680574874086,0.4985883380709119,0.42854755595449745,0.3524795499205192,3.354844808578491,0.0,2.5508949756622314,0.8082621097564697,0.0,0.3143465518951416,26,0,Short
sub001-ses04-block8-game2_001::b0119,test/sub001/ses-04/sub001-ses04-block8-game2_001.npy,sub001,04,8,2,001,2366,2374,2365,2375,9,119313,119704,119752,1,0.5456922526043199,0.8736544794217946,1.1230031846009962,0.7641059567793038,0.5413541627137666,0.41491822939545403,0.18308806419372559,0.0,0.11107444763183594,0.4644796848297119,0.0,0.19310545921325684,26,0,Short
sub001-ses04-block8-game2_001::b0120,test/sub001/ses-04/sub001-ses04-block8-game2_001.npy,sub001,04,8,2,001,2383,2410,2382,2411,28,120152,121502,121553,3,1.120732915746089,1.0402971529290352,1.0524658894623102,0.3381665575936831,0.5080305223776925,0.47037151619269496,0.0,0.0,2.562788963317871,0.0,0.0,0.0,26,1,Long
sub001-ses04-block8-game2_001::b0121,test/sub001/ses-04/sub001-ses04-block8-game2_001.npy,sub001,04,8,2,001,2421,2426,2420,2427,6,122060,122299,122346,1,0.7949127453660181,0.7562592769949125,1.0100239999857372,0.471757200652723,0.5824994168194468,0.47281646266750765,0.0,0.048720598220825195,2.5479791164398193,0.0,0.043200016021728516,0.0,26,0,Short
sub001-ses04-block8-game2_001::b0122,test/sub001/ses-04/sub001-ses04-block8-game2_001.npy,sub001,04,8,2,001,2433,2442,2432,2443,10,122635,123106,123164,2,1.1707979015768477,1.1180810402328265,1.1562074602802186,0.35032759752815734,0.4008279463966393,0.3339201121149223,0.0,2.5869202613830566,0.022214651107788086,0.0,0.0,0.10917448997497559,26,0,Short
sub001-ses04-block8-game2_001::b0123,test/sub001/ses-04/sub001-ses04-block8-game2_001.npy,sub001,04,8,2,001,2471,2478,2470,2479,8,124553,124908,124958,2,0.830373691791995,0.6905413878051601,0.8955028621237637,0.6129696965410516,0.7192677267084686,0.6015465672250955,0.07587671279907227,2.229985237121582,2.57483172416687,0.5635755062103271,0.0,0.30529284477233887,26,0,Short
sub001-ses04-block8-game2_001::b0124,test/sub001/ses-04/sub001-ses04-block8-game2_001.npy,sub001,04,8,2,001,2494,2536,2493,2537,43,125720,127788,127839,1,0.9721075890522666,0.9920046447999189,1.0418307924896577,0.4288637611066253,0.4880536246949112,0.5343436290757153,0.0,3.230055570602417,2.3431034088134766,0.0,0.1358809471130371,0.4831528663635254,26,1,Long
sub001-ses04-block8-game2_001::b0125,test/sub001/ses-04/sub001-ses04-block8-game2_001.npy,sub001,04,8,2,001,2543,2546,2542,2547,4,128153,128295,128345,1,1.2209482855548135,1.1885895525536454,1.042187246812095,0.35936454871395695,0.3992108346633524,0.449941173281447,2.104078769683838,0.0,2.3968353271484375,0.11464047431945801,0.0,0.5516083240509033,26,0,Short
sub001-ses04-block8-game2_001::b0126,test/sub001/ses-04/sub001-ses04-block8-game2_001.npy,sub001,04,8,2,001,2552,2572,2551,2573,21,128607,129627,129672,2,1.146230032605763,1.1724355949460805,1.1814827075976442,0.3963820982549078,0.3700231558904674,0.40871078864699195,2.620253562927246,2.1757678985595703,0.0,0.8493666648864746,0.2546412944793701,0.0,26,0,Short
sub001-ses04-block8-game2_001::b0127,test/sub001/ses-04/sub001-ses04-block8-game2_001.npy,sub001,04,8,2,001,2595,2610,2594,2611,16,130768,131499,131548,1,0.8935049641620542,1.0883998224216718,1.1297770667349498,0.5562258855006759,0.4231694427600783,0.3335886636431626,0.19799327850341797,0.0,2.6244540214538574,0.47353458404541016,0.0,0.2750205993652344,26,0,Short
sub001-ses04-block8-game2_001::b0128,test/sub001/ses-04/sub001-ses04-block8-game2_001.npy,sub001,04,8,2,001,2617,2623,2616,2624,7,131836,132131,132180,3,1.1372884434067045,1.0652275066356391,1.0936794227402395,0.3801785761078684,0.43812191401909883,0.4244303358451531,0.03989052772521973,2.373321533203125,0.0,0.06805872917175293,0.13386201858520508,0.0,26,0,Short
sub001-ses04-block8-game2_001::b0129,test/sub001/ses-04/sub001-ses04-block8-game2_001.npy,sub001,04,8,2,001,2635,2660,2634,2661,26,132727,133966,134012,1,1.0044286903062076,1.005758786685818,0.9908013328156242,0.3929278492540622,0.42222782269567005,0.6018577578468052,0.09524941444396973,2.0490634441375732,1.782172441482544,0.1961827278137207,0.263683557510376,0.23114442825317383,26,1,Long
sub001-ses04-block8-game2_001::b0130,test/sub001/ses-04/sub001-ses04-block8-game2_001.npy,sub001,04,8,2,001,2669,2682,2668,2683,14,134409,135054,135103,3,1.1563699290918403,1.2676270155075193,0.9788488070365737,0.4258478773896409,0.35734435058510594,0.5956028427889523,1.8975646495819092,0.0,1.870832920074463,0.18550419807434082,0.0,0.3789553642272949,26,0,Short
sub001-ses04-block8-game2_001::b0131,test/sub001/ses-04/sub001-ses04-block8-game2_001.npy,sub001,04,8,2,001,2695,2698,2694,2699,4,135700,135849,135899,1,1.1468771263250492,1.129092176659739,1.0882422102294522,0.45920256283735406,0.42589359158754575,0.4175628058116591,0.18083035945892334,1.8961589336395264,2.354825019836426,0.025507450103759766,0.20123934745788574,0.7756264209747314,26,0,Short
sub001-ses04-block8-game2_001::b0132,test/sub001/ses-04/sub001-ses04-block8-game2_001.npy,sub001,04,8,2,001,2712,2713,2711,2714,2,136533,136580,136628,1,1.1076112788047288,1.163977169536727,1.0982973439251817,0.40279426416325603,0.42668073763025494,0.4785336824935671,1.8717243671417236,1.393440842628479,0.06070971488952637,0.11766767501831055,0.0,0.18779635429382324,26,0,Short
sub001-ses04-block8-game2_001::b0133,test/sub001/ses-04/sub001-ses04-block8-game2_001.npy,sub001,04,8,2,001,2719,2721,2718,2722,3,136877,136978,137025,1,1.3459962765512767,1.2432046033426305,1.0144131949549058,0.30999355089656366,0.18166184988543532,0.488154276226391,1.6355879306793213,0.0,0.0,0.6257220506668091,0.0,0.0,26,0,Short
sub001-ses04-block8-game2_001::b0134,test/sub001/ses-04/sub001-ses04-block8-game2_001.npy,sub001,04,8,2,001,2793,2803,2792,2804,11,140566,141063,141111,2,1.082110959458621,1.1774331864560574,1.1291992569201705,0.4332595973889799,0.3409778634309787,0.5053083458431087,0.0,1.7091602087020874,0.3115196228027344,0.0,0.044448137283325195,0.9257668256759644,26,0,Short
sub001-ses04-block8-game2_001::b0135,test/sub001/ses-04/sub001-ses04-block8-game2_001.npy,sub001,04,8,2,001,2844,2854,2843,2855,11,143075,143540,143584,1,0.9796764272142415,1.0682073688423412,1.296711946651301,0.5411233883035259,0.4481857159401914,0.005588941226107091,0.0,0.0,1.705867052078247,0.0,0.0,0.0,26,0,Short
sub001-ses04-block8-game2_001::b0136,test/sub001/ses-04/sub001-ses04-block8-game2_001.npy,sub001,04,8,2,001,2862,2864,2861,2865,3,143917,144006,144050,1,1.085562954539137,1.1379670466366714,1.3757268161410698,0.45680584790073275,0.28085621889511264,0.2455581471010824,0.0,1.9110894203186035,0.0,0.0,0.4238685369491577,0.0,26,0,Short
sub001-ses04-block8-game2_001::b0137,test/sub001/ses-04/sub001-ses04-block8-game2_001.npy,sub001,04,8,2,001,2869,2871,2868,2872,3,144240,144341,144394,1,1.0480058235224943,1.2413671164382614,1.2467474925128894,0.18044625568982164,0.36637392798718926,0.19255976178454964,1.4802587032318115,1.4862339496612549,1.4980320930480957,0.30553340911865234,0.0350109338760376,0.4143143892288208,26,0,Short
sub001-ses04-block8-game2_001::b0138,test/sub001/ses-04/sub001-ses04-block8-game2_001.npy,sub001,04,8,2,001,2877,2880,2876,2881,4,144621,144765,144811,1,1.1918227231309833,1.2292607216186562,1.0546422027436986,0.3573478192912296,0.36535614016459506,0.5303194497486916,0.0,0.0,0.19728010892868042,0.0,0.0,0.0,26,0,Short
sub001-ses04-block8-game2_001::b0139,test/sub001/ses-04/sub001-ses04-block8-game2_001.npy,sub001,04,8,2,001,2885,2886,2884,2887,2,145001,145048,145099,1,1.184991354797965,1.166885177000635,1.287123854678814,0.3574708046408823,0.41446736937142414,0.3778415327593393,0.0,0.0,0.0,0.0,0.0,0.0,26,0,Short
sub001-ses04-block8-game2_001::b0140,test/sub001/ses-04/sub001-ses04-block8-game2_001.npy,sub001,04,8,2,001,2893,2902,2892,2903,10,145382,145809,145856,1,1.1658468129930664,1.1367470512899835,1.2385599240890541,0.3561226909756235,0.3265963299142183,0.2989081712444914,1.410773754119873,0.2069002389907837,1.3347119092941284,0.7994933128356934,0.31696808338165283,0.0,26,0,Short
sub001-ses04-block8-game2_001::b0141,test/sub001/ses-04/sub001-ses04-block8-game2_001.npy,sub001,04,8,2,001,2926,2929,2925,2930,4,146958,147097,147149,1,1.2800905395480924,1.2299782371581678,1.3356583406143163,0.31060447488644183,0.42521323549558215,0.3215777710155536,1.3888362646102905,1.4326574802398682,1.4564608335494995,0.09641289710998535,0.46920984983444214,0.665107250213623,26,0,Short
sub001-ses04-block8-game2_001::b0142,test/sub001/ses-04/sub001-ses04-block8-game2_001.npy,sub001,04,8,2,001,2934,2952,2933,2953,19,147351,148240,148288,2,1.2151261744169377,1.2667377460812093,1.225210216712496,0.43426311470983564,0.42718644406255035,0.40683178060624614,0.0,1.4372729063034058,1.0755367279052734,0.0,0.18603932857513428,0.43020451068878174,26,0,Short
sub001-ses04-block8-game2_001::b0143,test/sub001/ses-04/sub001-ses04-block8-game2_001.npy,sub001,04,8,2,001,2960,2964,2959,2965,5,148622,148814,148858,1,1.1411709835155264,1.259999842382786,1.3168406748371957,0.34618080908561816,0.11333885445670949,0.23168087168945856,0.5550112724304199,0.0,0.0,0.0,0.0,0.0,26,0,Short
sub001-ses04-block8-game2_001::b0144,test/sub001/ses-04/sub001-ses04-block8-game2_001.npy,sub001,04,8,2,001,2970,2972,2969,2973,3,149100,149202,149255,3,1.4565872143201073,1.3356054735017833,1.30824677664805,0.2532067454703075,0.3215551442805165,0.3044209984486336,0.1221446841955185,0.9938588663935661,0.042376577854156494,0.0,0.007773637771606445,0.032491207122802734,26,0,Short
sub001-ses04-block8-game2_001::b0145,test/sub001/ses-04/sub001-ses04-block8-game2_001.npy,sub001,04,8,2,001,3001,3007,3000,3008,7,150641,150926,150975,3,0.691698138302108,0.4617775467444838,1.1573498012591774,0.6988724310992837,0.8251369067701201,0.4922224562434325,0.055980682373046875,0.21743571758270264,1.0090490579605103,0.2935978174209595,0.0,0.1957179307937622,26,0,Short
sub001-ses04-block8-game2_001::b0146,test/sub001/ses-04/sub001-ses04-block8-game2_001.npy,sub001,04,8,2,001,3027,3029,3026,3030,3,151898,151999,152047,1,1.1015839697414538,1.2118296790799419,1.285226401173498,0.4738395320477856,0.4070705352502024,0.3286853207587988,0.0,0.0,0.0,0.0,0.0,0.0,26,0,Short
sub001-ses04-block8-game2_001::b0147,test/sub001/ses-04/sub001-ses04-block8-game2_001.npy,sub001,04,8,2,001,3036,3037,3035,3038,2,152332,152379,152429,1,1.2056442510624708,1.1016384989831076,1.3520618700895706,0.45101031876244685,0.44932450715152705,0.2433357489513926,1.5496172904968262,1.803817868232727,0.0,0.37412071228027344,0.6012729406356812,0.0,26,0,Short
sub001-ses04-block8-game2_001::b0148,test/sub001/ses-04/sub001-ses04-block8-game2_001.npy,sub001,04,8,2,001,3079,3086,3078,3087,8,154358,154706,154751,2,0.9611382168354692,1.0544944847980895,1.0044820972058275,0.49665900172672406,0.41300143488939256,0.5539744115200547,0.757969081401825,0.8088186383247375,0.17391455173492432,0.21556341648101807,0.3655461072921753,0.5712587833404541,26,0,Short
sub001-ses04-block8-game2_001::b0149,test/sub001/ses-04/sub001-ses04-block8-game2_001.npy,sub001,04,8,2,001,3117,3121,3116,3122,5,156228,156421,156469,1,1.1536750018579662,1.1817471636896903,1.0702061974593216,0.37702209172214274,0.2576018571028972,0.5647138247773081,0.0,0.0,0.6507717967033386,0.0,0.0,0.0,26,0,Short
sub001-ses04-block8-game2_001::b0150,test/sub001/ses-04/sub001-ses04-block8-game2_001.npy,sub001,04,8,2,001,3126,3132,3125,3133,7,156655,156931,156974,1,1.2562253250058386,1.3642645282385049,1.1163258435420829,0.37355269879166014,0.3034346679877139,0.4406421044802501,0.0,0.0,0.0,0.0,0.0,0.0,26,0,Short
sub001-ses04-block8-game2_001::b0151,test/sub001/ses-04/sub001-ses04-block8-game2_001.npy,sub001,04,8,2,001,3140,3162,3139,3163,23,157292,158316,158365,1,1.3423943286241653,1.3023187842992774,0.8618136337138197,0.22195340397698993,0.3904778966693568,0.6672664165851003,0.6368891596794128,0.0,0.15574300289154053,0.0,0.0,0.5024960041046143,26,0,Short
sub001-ses04-block8-game2_001::b0152,test/sub001/ses-04/sub001-ses04-block8-game2_001.npy,sub001,04,8,2,001,3167,3169,3166,3170,3,158546,158634,158679,1,1.213335918301859,1.1768071228641328,1.0113996587653942,0.4030752850311393,0.43580612872456487,0.5609710320293576,0.0,1.0781763792037964,1.151486873626709,0.0,0.22463035583496094,0.38643282651901245,26,0,Short
sub001-ses04-block8-game2_001::b0153,test/sub001/ses-04/sub001-ses04-block8-game2_001.npy,sub001,04,8,2,001,3175,3177,3174,3178,3,158913,159009,159057,1,1.2569697693538313,1.2922268587397594,0.9773265655878018,0.38513955727395943,0.33071811182171296,0.5829012230159379,0.22515869140625,1.0497610569000244,1.256402611732483,0.6045348048210144,0.05463266372680664,0.7209399938583374,26,0,Short
sub001-ses04-block8-game2_001::b0154,test/sub001/ses-04/sub001-ses04-block8-game2_001.npy,sub001,04,8,2,001,3183,3184,3182,3185,2,159291,159335,159383,1,1.1939235209140875,1.2197140566122429,1.2805597520448406,0.40733558409121773,0.34056250333256816,0.3126377010616841,0.0,0.8637789487838745,1.531556487083435,0.0,0.0,0.5414174795150757,26,0,Short
sub001-ses04-block8-game2_001::b0155,test/sub001/ses-04/sub001-ses04-block8-game2_001.npy,sub001,04,8,2,001,3198,3198,3197,3199,1,160012,160012,160055,1,1.165419448053651,1.307561915880799,1.2206195051246387,0.3787655445010035,0.3709542280929019,0.08015881097842631,1.527143955230713,0.0,0.0,0.08354604244232178,0.0,0.0,26,0,Short
sub001-ses04-block8-game2_001::b0156,test/sub001/ses-04/sub001-ses04-block8-game2_001.npy,sub001,04,8,2,001,3206,3221,3205,3222,16,160393,161136,161188,3,1.1278801659527722,1.1311192950243343,1.2040992821011876,0.45425147205291055,0.4256331215495023,0.453947794679023,0.0,1.179344654083252,0.011619269847869873,0.0,0.0,0.18873804807662964,26,0,Short
sub001-ses04-block8-game2_001::b0157,test/sub001/ses-04/sub001-ses04-block8-game2_001.npy,sub001,04,8,2,001,3242,3244,3241,3245,3,162147,162252,162305,2,0.2894194772968554,0.3065043219354125,1.0496564560712691,0.9009052447674547,0.8931332650471794,0.3656038539594797,0.0,0.8349881172180176,0.04680699110031128,0.0,0.0,0.14664733409881592,26,0,Short
sub001-ses04-block8-game2_001::b0158,test/sub001/ses-04/sub001-ses04-block8-game2_001.npy,sub001,04,8,2,001,3259,3263,3258,3264,5,162987,163191,163236,3,0.9101681233611624,0.9559496659437713,1.02086212718473,0.4946549043358032,0.45755316595710716,0.4901266716244995,0.9484156370162964,0.007160604000091553,0.0,0.05880254507064819,0.11016315221786499,0.0,26,0,Short
sub001-ses04-block8-game2_001::b0159,test/sub001/ses-04/sub001-ses04-block8-game2_001.npy,sub001,04,8,2,001,3321,3324,3320,3325,4,166075,166225,166268,2,0.39751001656960316,0.4068743067433268,0.965561751581293,0.842985645529292,0.8510856321216,0.5967214217120218,0.5816999673843384,0.3551957607269287,0.07317113876342773,0.4548722505569458,0.0,0.4135260581970215,26,0,Short
sub001-ses04-block8-game2_001::b0160,test/sub001/ses-04/sub001-ses04-block8-game2_001.npy,sub001,04,8,2,001,3347,3370,3346,3371,24,167332,168432,168482,2,1.2899390185608908,1.3552507466421493,0.9039470650653074,0.4001973168592054,0.35723745667827056,0.5854297206356771,0.8704361915588379,0.8067142367362976,0.6301876902580261,0.2402539849281311,0.017096102237701416,0.0,26,0,Short
sub001-ses04-block8-game2_001::b0161,test/sub001/ses-04/sub001-ses04-block8-game2_001.npy,sub001,04,8,2,001,3379,3386,3378,3387,8,168857,169199,169248,4,1.3890772005391867,1.1238912421107745,1.0068069270222653,0.09397057012070448,0.17983255741150833,0.5393402379995751,0.7065224647521973,0.0066814422607421875,0.8833636045455933,0.14816725254058838,0.0,0.0,26,0,Short
sub001-ses04-block8-game2_001::b0162,test/sub001/ses-04/sub001-ses04-block8-game2_001.npy,sub001,04,8,2,001,3394,3396,3393,3397,3,169593,169693,169742,1,1.2375426764143633,1.312354551235365,1.0538087577288882,0.3627069515376652,0.3888681659690899,0.4814304769025141,0.0,0.6202992796897888,0.0,0.0,0.0,0.0,26,0,Short
sub001-ses04-block8-game2_001::b0163,test/sub001/ses-04/sub001-ses04-block8-game2_001.npy,sub001,04,8,2,001,3403,3404,3402,3405,2,170036,170082,170130,1,1.2382054870123047,1.3378051162313005,0.9770186410480786,0.41656209796263055,0.3784924326233532,0.4744327477347523,0.0,0.9251079559326172,0.7418976426124573,0.0,0.17365384101867676,0.0,26,0,Short
sub001-ses04-block8-game2_001::b0164,test/sub001/ses-04/sub001-ses04-block8-game2_001.npy,sub001,04,8,2,001,3411,3412,3410,3413,2,170416,170466,170517,1,1.4436614189610355,1.2605349124077376,0.9503930593249783,0.30233544433004433,0.43639611110481785,0.5793938147373681,0.010529756546020508,0.07029581069946289,0.5718991756439209,0.0,0.1601061224937439,0.0,26,0,Short
sub001-ses04-block8-game2_001::b0165,test/sub001/ses-04/sub001-ses04-block8-game2_001.npy,sub001,04,8,2,001,3419,3420,3418,3421,2,170810,170857,170906,1,1.4388109467486443,1.4200066991350513,1.063057217463403,0.3229376831460785,0.33759005973823686,0.49654680234734666,0.0,0.5931701064109802,0.0,0.0,0.1504693627357483,0.0,26,0,Short
sub001-ses04-block8-game2_001::b0166,test/sub001/ses-04/sub001-ses04-block8-game2_001.npy,sub001,04,8,2,001,3435,3437,3434,3438,3,171562,171656,171710,1,1.5085185939496442,1.3243953531086068,1.3359389705239078,0.20391496204217943,0.30408156712312273,0.39673801788030344,0.5007023811340332,0.0,0.12783953547477722,0.1711658239364624,0.0,0.0,26,0,Short
sub001-ses04-block8-game2_001::b0167,test/sub001/ses-04/sub001-ses04-block8-game2_001.npy,sub001,04,8,2,001,3443,3474,3442,3475,32,171964,173449,173498,3,1.4423169298219063,1.2175731126002447,0.9255522732399363,0.050882705509296744,0.4183875801922722,0.5301918119020642,0.0,0.1160622239112854,0.0,0.0,0.16298043727874756,0.0,26,1,Long
sub001-ses04-block8-game2_001::b0168,test/sub001/ses-04/sub001-ses04-block8-game2_001.npy,sub001,04,8,2,001,3503,3508,3502,3509,6,174849,175091,175137,4,0.9638639035346965,0.8224798055763276,1.2248720669853859,0.2879693929882273,0.5464558722782441,0.471034921374872,2.9214749336242676,0.0,0.0,0.9640587568283081,0.0,0.0,26,0,Short
sub001-ses04-block8-game2_001::b0169,test/sub001/ses-04/sub001-ses04-block8-game2_001.npy,sub001,04,8,2,001,3518,3529,3517,3530,12,175574,176089,176134,1,1.0099002886883666,0.9939044184767555,1.2957536953229143,0.4649301293330529,0.5160140396282714,0.3554821311794434,0.863109290599823,0.6095826029777527,0.057445406913757324,0.07764768600463867,0.6280668377876282,0.10931503772735596,26,0,Short
sub001-ses04-block8-game2_001::b0170,test/sub001/ses-04/sub001-ses04-block8-game2_001.npy,sub001,04,8,2,001,3572,3574,3571,3575,3,178118,178207,178252,1,1.186033223236672,1.2372376507294143,1.1751307514924907,0.25078520957475364,0.26835765142086443,0.4252259820576177,0.0,0.0,1.6894710063934326,0.0,0.0,0.7768362760543823,26,0,Short
sub001-ses04-block8-game2_001::b0171,test/sub001/ses-04/sub001-ses04-block8-game2_001.npy,sub001,04,8,2,001,3579,3582,3578,3583,4,178439,178572,178616,1,1.400262693157024,1.249816873415091,1.3268687712872949,0.1965677351661162,0.3151860468377338,0.10917420167607739,1.2464991807937622,0.0,1.0226508378982544,0.5178918838500977,0.0,0.0,26,0,Short
sub001-ses04-block8-game2_001::b0172,test/sub001/ses-04/sub001-ses04-block8-game2_001.npy,sub001,04,8,2,001,3702,3707,3701,3708,6,184282,184530,184575,1,0.7442526731360823,1.0776407323778185,0.6407163122670032,0.6312345983139646,0.2278443370753016,0.7923748885059028,0.0010555775370448828,0.15341222286224365,0.0,0.0,0.0,0.0,26,0,Short
sub001-ses04-block8-game2_001::b0173,test/sub001/ses-04/sub001-ses04-block8-game2_001.npy,sub001,04,8,2,001,3715,3721,3714,3722,7,184900,185200,185252,1,1.3435404845889627,1.418215666173035,1.239578551123664,0.24779376075919154,0.21396188140064265,0.47839659260323214,0.0,0.25714603066444397,0.0,0.0,0.004847347736358643,0.0,26,0,Short
sub001-ses04-block8-game2_001::b0174,test/sub001/ses-04/sub001-ses04-block8-game2_001.npy,sub001,04,8,2,001,3728,3732,3727,3733,5,185583,185823,185884,1,1.516782010247562,1.5038767421071402,0.3230635248590686,0.11703894677101923,0.1805348174019074,0.9084136593899838,0.03549183905124664,0.0,0.0,0.0,0.0,0.003945936448872089,26,0,Short
sub001-ses04-block8-game2_001::b0175,test/sub001/ses-04/sub001-ses04-block8-game2_001.npy,sub001,04,8,2,001,3743,3743,3742,3744,1,186498,186498,186559,2,1.4837325153020557,1.5008203127035795,0.4662401164828555,0.18894940209786343,0.10233977735327549,0.8570178405083955,0.04263005033135414,0.0,0.030247751623392105,0.0,0.0,0.0,26,0,Short
sub001-ses04-block8-game2_002::b0001,test/sub001/ses-04/sub001-ses04-block8-game2_002.npy,sub001,04,8,2,002,25,57,24,58,33,1260,2889,2941,2,0.9162380542410377,0.7869170439133916,0.566752380795582,0.2879367086320993,0.2783690668521733,0.8003299894865005,0.0,2.6020519733428955,2.570739269256592,0.0,0.17537665367126465,0.32210707664489746,26,1,Long
sub001-ses04-block8-game2_002::b0002,test/sub001/ses-04/sub001-ses04-block8-game2_002.npy,sub001,04,8,2,002,67,76,66,77,10,3403,3871,3920,2,0.8456573568125151,0.8143096755199637,0.531206348031122,0.36926817022612524,0.3878527367669877,0.8090600421712695,2.7107365131378174,0.0,2.6060564517974854,0.0017583370208740234,0.0,0.4157547950744629,26,0,Short
sub001-ses04-block8-game2_002::b0003,test/sub001/ses-04/sub001-ses04-block8-game2_002.npy,sub001,04,8,2,002,87,104,86,105,18,4441,5301,5347,2,0.7324666214398342,0.8246420399539081,0.5720983012592419,0.5467670242345378,0.3998124316127039,0.7932776823993135,0.0,0.0,0.0,0.0,0.0,0.0,26,0,Short
sub001-ses04-block8-game2_002::b0004,test/sub001/ses-04/sub001-ses04-block8-game2_002.npy,sub001,04,8,2,002,112,124,111,125,13,5699,6306,6358,2,0.8120356164216486,0.7867128298924693,0.5446506874083866,0.41939668267063857,0.46705009755584653,0.8031987794998676,0.03192305564880371,2.684123992919922,0.03568911552429199,0.04022359848022461,0.03201603889465332,0.0,26,0,Short
sub001-ses04-block8-game2_002::b0005,test/sub001/ses-04/sub001-ses04-block8-game2_002.npy,sub001,04,8,2,002,132,156,131,157,25,6707,7907,7957,3,0.7625259313542438,0.7116059271721613,0.6266799681782502,0.5035479552328127,0.547418684013899,0.7571874291487863,3.4062929153442383,3.4352335929870605,3.3532938957214355,0.0,0.0,0.0,26,0,Short
sub001-ses04-block8-game2_002::b0006,test/sub001/ses-04/sub001-ses04-block8-game2_002.npy,sub001,04,8,2,002,165,172,164,173,8,8354,8699,8752,2,0.4287014331153448,0.5499146936355839,0.7141938412626356,0.8310322785682188,0.7634866639819808,0.6981654321746629,0.021092891693115234,3.50185489654541,3.4668495655059814,0.056181907653808594,0.07648420333862305,0.0,26,0,Short
sub001-ses04-block8-game2_002::b0007,test/sub001/ses-04/sub001-ses04-block8-game2_002.npy,sub001,04,8,2,002,179,182,178,183,4,9051,9206,9252,1,0.6110329876100531,0.7058771146158174,0.5891770793206288,0.6565103144602297,0.5580045991302529,0.7530915807834304,3.67199969291687,3.7600903511047363,3.619004487991333,0.03984856605529785,0.6388959884643555,0.0,26,0,Short
sub001-ses04-block8-game2_002::b0008,test/sub001/ses-04/sub001-ses04-block8-game2_002.npy,sub001,04,8,2,002,187,205,186,206,19,9471,10365,10418,2,0.8995645214275798,0.9113493296847289,0.6146373814846845,0.41423934553060726,0.41154801269496716,0.7740950640688542,0.0,3.6284639835357666,0.19604063034057617,0.0,0.0,0.8333232402801514,26,0,Short
sub001-ses04-block8-game2_002::b0009,test/sub001/ses-04/sub001-ses04-block8-game2_002.npy,sub001,04,8,2,002,225,244,224,245,20,11363,12317,12365,1,0.829078214895264,0.7660429863298064,0.7546393610109198,0.3481005642004457,0.4742413955744763,0.5937761906157831,0.21901464462280273,0.0,0.011852741241455078,0.02691936492919922,0.0,0.22800636291503906,26,0,Short
sub001-ses04-block8-game2_002::b0010,test/sub001/ses-04/sub001-ses04-block8-game2_002.npy,sub001,04,8,2,002,254,264,253,265,11,12858,13373,13421,1,0.8307297941888546,0.8342442751662628,0.813663196376685,0.4509465905329598,0.46375357647253873,0.5647703061896543,0.18137121200561523,0.39933061599731445,4.330214500427246,0.026679039001464844,0.42894697189331055,0.0,26,0,Short
sub001-ses04-block8-game2_002::b0011,test/sub001/ses-04/sub001-ses04-block8-game2_002.npy,sub001,04,8,2,002,271,276,270,277,6,13757,14017,14068,1,0.8131186493707014,0.8123705517363725,0.899393561739986,0.4627230648385849,0.47482915552288063,0.41924876529322413,0.04382610321044922,4.439959526062012,4.357730865478516,0.23004722595214844,0.23395109176635742,0.0,26,0,Short
sub001-ses04-block8-game2_002::b0012,test/sub001/ses-04/sub001-ses04-block8-game2_002.npy,sub001,04,8,2,002,285,290,284,291,6,14503,14765,14819,1,0.7967042048405584,0.9817617441076618,0.9751250081718494,0.46197263345295303,0.33586018683030217,0.25186234733150753,0.0,0.17996597290039062,4.826983451843262,0.0,0.23052549362182617,0.34293079376220703,26,0,Short
sub001-ses04-block8-game2_002::b0013,test/sub001/ses-04/sub001-ses04-block8-game2_002.npy,sub001,04,8,2,002,297,300,296,301,4,15141,15290,15342,1,0.8023257145382829,0.7334708750496032,0.9904582172524092,0.49595575059464425,0.5556765073196704,0.36161634418501665,0.19598150253295898,0.10722637176513672,4.793067455291748,0.42189741134643555,0.486236572265625,0.3372206687927246,26,0,Short
sub001-ses04-block8-game2_002::b0014,test/sub001/ses-04/sub001-ses04-block8-game2_002.npy,sub001,04,8,2,002,306,308,305,309,3,15618,15721,15770,1,0.8195241384132519,0.8226188229771016,1.0170356805276652,0.46604273004145025,0.4789652093754799,0.10648540678614787,4.710732460021973,4.329659461975098,0.15256834030151367,0.14632034301757812,0.0,0.8864970207214355,26,0,Short
sub001-ses04-block8-game2_002::b0015,test/sub001/ses-04/sub001-ses04-block8-game2_002.npy,sub001,04,8,2,002,315,317,314,318,3,16092,16192,16243,1,0.7383916691838435,0.7812201691590642,1.095521631077857,0.5429406499731064,0.5060841631681972,0.33836890994474045,4.502677917480469,0.0,0.09441661834716797,0.052710533142089844,0.0,0.09477519989013672,26,0,Short
sub001-ses04-block8-game2_002::b0016,test/sub001/ses-04/sub001-ses04-block8-game2_002.npy,sub001,04,8,2,002,323,325,322,326,3,16506,16611,16661,1,0.7667687183019928,0.7642967607839652,0.9050580029750808,0.5360016870112423,0.5338401467873404,0.4554646770429017,4.460239887237549,0.0,0.0028514862060546875,0.08610105514526367,0.0,0.1883392333984375,26,0,Short
sub001-ses04-block8-game2_002::b0017,test/sub001/ses-04/sub001-ses04-block8-game2_002.npy,sub001,04,8,2,002,331,332,330,333,2,16929,16986,17037,1,0.7630340716878417,0.7589213536320413,0.9736570444435333,0.5096500028524562,0.5502240610911716,0.31120195893666214,0.0,0.2679252624511719,4.458629131317139,0.0,0.649683952331543,0.0,26,0,Short
sub001-ses04-block8-game2_002::b0018,test/sub001/ses-04/sub001-ses04-block8-game2_002.npy,sub001,04,8,2,002,345,346,344,347,2,17672,17724,17772,3,0.772433665714214,0.7488180219312889,0.9797955571311924,0.5577515332905567,0.5181315227614736,0.1987815083036581,0.05241680145263672,0.0,0.0,0.5573234558105469,0.0,0.0,26,0,Short
sub001-ses04-block8-game2_002::b0019,test/sub001/ses-04/sub001-ses04-block8-game2_002.npy,sub001,04,8,2,002,388,389,387,390,2,20056,20109,20165,1,0.8103053795408461,0.7966911926948832,1.0382341990737916,0.4796021540265456,0.5542431623953454,0.23654932542402846,5.1769022941589355,4.6899189949035645,0.006355762481689453,0.4026365280151367,0.04147005081176758,0.2423996925354004,26,0,Short
sub001-ses04-block8-game2_002::b0020,test/sub001/ses-04/sub001-ses04-block8-game2_002.npy,sub001,04,8,2,002,395,397,394,398,3,20441,20549,20604,1,0.8790319721830397,0.9246596085370842,1.1979727414915513,0.4646344017721335,0.4010801446036055,0.15545341848037292,0.10621500015258789,0.0,4.862694263458252,0.5860714912414551,0.0,0.0,26,0,Short
sub001-ses04-block8-game2_002::b0021,test/sub001/ses-04/sub001-ses04-block8-game2_002.npy,sub001,04,8,2,002,403,404,402,405,2,20886,20938,20991,1,0.7825316611619524,0.8674843569287072,1.1143948267658745,0.5628249589779715,0.5202752884686318,0.2570996600724708,0.022836685180664062,3.786020278930664,0.5001070499420166,0.4701404571533203,0.0,0.04316568374633789,26,0,Short
sub001-ses04-block8-game2_002::b0022,test/sub001/ses-04/sub001-ses04-block8-game2_002.npy,sub001,04,8,2,002,411,412,410,413,2,21317,21371,21425,1,0.741185001387241,0.7399865524484821,1.1391291064685136,0.5569567615312532,0.5836874499951774,0.06754633140053234,4.58824348449707,4.684659004211426,0.05831432342529297,0.0,0.0,0.07284116744995117,26,0,Short
sub001-ses04-block8-game2_002::b0023,test/sub001/ses-04/sub001-ses04-block8-game2_002.npy,sub001,04,8,2,002,419,423,418,424,5,21752,21967,22020,1,0.850434650830178,0.8007967035979029,1.0926389625101571,0.5140958760290465,0.5306543281419983,0.16931542483041362,3.6804885864257812,0.0,0.033458709716796875,0.0,0.0,0.11022663116455078,26,0,Short
sub001-ses04-block8-game2_002::b0024,test/sub001/ses-04/sub001-ses04-block8-game2_002.npy,sub001,04,8,2,002,429,431,428,432,3,22283,22397,22450,1,0.8563630155881119,0.9056769012538248,1.1678721306640398,0.4832631827716982,0.4663597232090209,0.24834275431585723,0.08041810989379883,3.442746877670288,0.13186931610107422,0.40218448638916016,0.0,0.3580360412597656,26,0,Short
sub001-ses04-block8-game2_002::b0025,test/sub001/ses-04/sub001-ses04-block8-game2_002.npy,sub001,04,8,2,002,439,441,438,442,3,22831,22936,22988,1,0.845127519844165,0.8196010317498204,1.1260965529111686,0.5156452008521131,0.5217143417331133,0.2113804694857399,0.1580662727355957,3.8594460487365723,0.24573278427124023,0.0,0.0,0.0,26,0,Short
sub001-ses04-block8-game2_002::b0026,test/sub001/ses-04/sub001-ses04-block8-game2_002.npy,sub001,04,8,2,002,447,451,446,452,5,23267,23472,23526,1,0.8289969696101867,0.7438400279855514,0.9512760852614712,0.5157962146244024,0.573085929684327,0.1896559231452925,3.2597672939300537,4.566389560699463,3.2996881008148193,0.0,0.5673956871032715,0.0,26,0,Short
sub001-ses04-block8-game2_002::b0027,test/sub001/ses-04/sub001-ses04-block8-game2_002.npy,sub001,04,8,2,002,469,471,468,472,3,24456,24570,24623,1,0.8175328865192312,0.8118120271773344,1.0751644503719053,0.5192571574514823,0.5459000787837484,0.005563813969711895,3.9660656452178955,0.05138826370239258,0.21239042282104492,0.0,0.5533661842346191,0.0,26,0,Short
sub001-ses04-block8-game2_002::b0028,test/sub001/ses-04/sub001-ses04-block8-game2_002.npy,sub001,04,8,2,002,486,488,485,489,3,25363,25470,25521,1,0.8534868677185545,0.786539250721029,0.9275102364437445,0.48088668340800017,0.5519319454029095,0.4404975406320044,0.20565438270568848,3.944467782974243,0.01643085479736328,0.04145097732543945,0.4932694435119629,0.1500232219696045,26,0,Short
sub001-ses04-block8-game2_002::b0029,test/sub001/ses-04/sub001-ses04-block8-game2_002.npy,sub001,04,8,2,002,495,498,494,499,4,25846,26003,26058,1,0.8423493888608378,0.7334093656224516,0.9871533601297773,0.5027702323502694,0.5922908535111464,0.2530457328482501,0.22347021102905273,0.0,0.032971858978271484,0.1451406478881836,0.0,0.0,26,0,Short
sub001-ses04-block8-game2_002::b0030,test/sub001/ses-04/sub001-ses04-block8-game2_002.npy,sub001,04,8,2,002,505,508,504,509,4,26384,26544,26595,1,0.8078777692424068,0.800878228178664,0.9895901290822504,0.5733286071253396,0.5576440831830177,0.19211836782491082,4.125133514404297,0.041069984436035156,0.15936803817749023,0.007354259490966797,0.2943115234375,0.9506862163543701,26,0,Short
sub001-ses04-block8-game2_002::b0031,test/sub001/ses-04/sub001-ses04-block8-game2_002.npy,sub001,04,8,2,002,515,518,514,519,4,26921,27080,27131,1,0.7980087561429048,0.8283707900144981,1.0671548338102868,0.5357682184115785,0.561098176601901,0.14443788068898028,0.45007896423339844,0.03197336196899414,0.08011484146118164,0.1431894302368164,1.158998727798462,1.0165750980377197,26,0,Short
sub001-ses04-block8-game2_002::b0032,test/sub001/ses-04/sub001-ses04-block8-game2_002.npy,sub001,04,8,2,002,525,527,524,528,3,27452,27555,27609,1,0.8145314255197632,0.8493891148360583,1.0200950870204266,0.5388022749934996,0.5252947942584504,0.3225920957877653,0.0575098991394043,0.07168054580688477,0.1588602066040039,0.0,1.238431692123413,0.0,26,0,Short
sub001-ses04-block8-game2_002::b0033,test/sub001/ses-04/sub001-ses04-block8-game2_002.npy,sub001,04,8,2,002,533,536,532,537,4,27888,28039,28090,1,0.7776655180474987,0.8641615733575493,1.0294808634863168,0.5505542603042732,0.5524305015619813,0.34344506837258737,0.10057759284973145,0.0,0.0,0.09315729141235352,0.0,0.0,26,0,Short
sub001-ses04-block8-game2_002::b0034,test/sub001/ses-04/sub001-ses04-block8-game2_002.npy,sub001,04,8,2,002,543,554,542,555,12,28409,28969,29023,1,0.9608128251245653,0.979184927718776,0.9625292487191763,0.4722199584036451,0.4871858632276459,0.46278721787184474,0.015336275100708008,3.284463882446289,3.510228395462036,0.15733695030212402,0.33283162117004395,0.5192923545837402,26,0,Short
sub001-ses04-block8-game2_002::b0035,test/sub001/ses-04/sub001-ses04-block8-game2_002.npy,sub001,04,8,2,002,563,570,562,571,8,29447,29814,29868,2,0.8324791389788258,0.8451915095026034,0.8950068420677794,0.4965280239801382,0.5517106862879377,0.5193175676654462,0.03910970687866211,0.24116015434265137,0.0,0.0,1.0955734252929688,0.0,26,0,Short
sub001-ses04-block8-game2_002::b0036,test/sub001/ses-04/sub001-ses04-block8-game2_002.npy,sub001,04,8,2,002,583,608,582,609,26,30492,31800,31850,2,1.0807765410622603,1.0016905218871464,0.9837736706282479,0.0374330539878317,0.4759782689994173,0.5471051155296434,1.1669906377792358,3.457289457321167,3.4068617820739746,0.0,0.8297479152679443,0.1675262451171875,26,1,Long
sub001-ses04-block8-game2_002::b0037,test/sub001/ses-04/sub001-ses04-block8-game2_002.npy,sub001,04,8,2,002,673,684,672,685,12,35083,35644,35693,3,0.32925056647938966,0.4947463045875502,0.843447140557905,0.8868459365551179,0.7889494232857125,0.5784571937222286,4.105357646942139,0.05120658874511719,4.274787902832031,0.1891767978668213,0.0,0.18379783630371094,26,0,Short
sub001-ses04-block8-game2_002::b0038,test/sub001/ses-04/sub001-ses04-block8-game2_002.npy,sub001,04,8,2,002,693,696,692,697,4,36091,36246,36293,1,1.3368997548593646,0.6355834659124061,1.1396428698592662,0.09008430758497493,0.7033223390528174,0.41679232995856297,0.0,0.0,0.0,0.0,0.0,0.0,26,0,Short
sub001-ses04-block8-game2_002::b0039,test/sub001/ses-04/sub001-ses04-block8-game2_002.npy,sub001,04,8,2,002,703,708,702,709,6,36608,36857,36906,2,0.7530260870870141,0.8942734585755193,0.8680913745475826,0.5863477224590589,0.3865484654546722,0.5724987053469475,0.13127851486206055,0.0,0.04094362258911133,0.9233496189117432,0.0,0.0,26,0,Short
sub001-ses04-block8-game2_002::b0040,test/sub001/ses-04/sub001-ses04-block8-game2_002.npy,sub001,04,8,2,002,734,738,733,739,5,38147,38348,38399,2,0.39355657801489696,0.42366255724866586,0.9448049317787776,0.8254804713860591,0.8178434247648456,0.3080860181230103,4.028977870941162,4.342329025268555,0.25423455238342285,0.0,0.28680419921875,0.0,26,0,Short
sub001-ses04-block8-game2_002::b0041,test/sub001/ses-04/sub001-ses04-block8-game2_002.npy,sub001,04,8,2,002,756,759,755,760,4,39273,39420,39476,1,1.2613521437256752,0.8327842183116082,0.8486015329782504,0.07823037801526755,0.4884948887332219,0.5608390667322536,0.10760068893432617,0.11310482025146484,0.03165578842163086,0.6724600791931152,0.0,0.6542568206787109,26,0,Short
sub001-ses04-block8-game2_002::b0042,test/sub001/ses-04/sub001-ses04-block8-game2_002.npy,sub001,04,8,2,002,830,835,829,836,6,42917,43162,43209,3,0.6235608298695218,1.0171368063343134,1.0492986387085068,0.7288464286405678,0.38004425991720747,0.16521112811196498,0.0,4.098733425140381,5.228862762451172,0.0,0.11364459991455078,1.4027624130249023,26,0,Short
sub001-ses04-block8-game2_002::b0043,test/sub001/ses-04/sub001-ses04-block8-game2_002.npy,sub001,04,8,2,002,843,848,842,849,6,43575,43827,43876,1,0.9062229176344178,0.7074186158129014,0.9973733894578485,0.32324369413699194,0.680554309537841,0.30723410334153306,0.0,0.0,0.0,0.0,0.0,0.0,26,0,Short
sub001-ses04-block8-game2_002::b0044,test/sub001/ses-04/sub001-ses04-block8-game2_002.npy,sub001,04,8,2,002,855,857,854,858,3,44198,44297,44347,1,0.712317534124966,0.7854807474821641,1.031157683766337,0.5911211624225591,0.5762211238255128,0.06349514020386476,0.044423580169677734,0.5552582740783691,5.748249053955078,0.763521671295166,0.6568808555603027,1.015881061553955,26,0,Short
sub001-ses04-block8-game2_002::b0045,test/sub001/ses-04/sub001-ses04-block8-game2_002.npy,sub001,04,8,2,002,864,865,863,866,2,44668,44718,44765,1,0.7045797302201358,0.7403426199670432,0.9815767008807067,0.5798213380477778,0.5637773208178145,0.1972659903911787,0.07549238204956055,0.03803682327270508,5.34608793258667,0.33297061920166016,0.5487208366394043,0.34826135635375977,26,0,Short
sub001-ses04-block8-game2_002::b0046,test/sub001/ses-04/sub001-ses04-block8-game2_002.npy,sub001,04,8,2,002,872,873,871,874,2,45080,45129,45178,1,0.7471065957527152,0.7458955649418372,0.9569517379766903,0.5227697655919232,0.5524016074332034,0.2906724343560398,0.0,0.6104249954223633,0.03113412857055664,0.0,0.2869992256164551,0.27950525283813477,26,0,Short
sub001-ses04-block8-game2_002::b0047,test/sub001/ses-04/sub001-ses04-block8-game2_002.npy,sub001,04,8,2,002,879,880,878,881,2,45449,45503,45555,1,0.7362138246655138,0.7115351262565102,0.9578750222079554,0.5649614402839601,0.5461485418108015,0.29425157553883785,0.1715078353881836,0.3105893135070801,0.2910470962524414,0.3119387626647949,0.5768918991088867,0.40672874450683594,26,0,Short
sub001-ses04-block8-game2_002::b0048,test/sub001/ses-04/sub001-ses04-block8-game2_002.npy,sub001,04,8,2,002,887,890,886,891,4,45867,46018,46066,1,0.866750018928934,0.8535641871658992,0.9308456941226181,0.5182625532705297,0.5362302007491188,0.29587733618602563,0.3562893867492676,0.0,0.0,0.5256824493408203,0.0,0.0,26,0,Short
sub001-ses04-block8-game2_002::b0049,test/sub001/ses-04/sub001-ses04-block8-game2_002.npy,sub001,04,8,2,002,895,897,894,898,3,46275,46377,46427,1,0.8658016322963924,0.8492503532644745,1.0953706475242582,0.5530587944155899,0.5445875538334011,0.26897426336896435,0.054996490478515625,0.46286487579345703,0.15264892578125,0.585362434387207,0.5478625297546387,0.2786436080932617,26,0,Short
sub001-ses04-block8-game2_002::b0050,test/sub001/ses-04/sub001-ses04-block8-game2_002.npy,sub001,04,8,2,002,903,906,902,907,4,46688,46842,46891,1,0.7418649095179537,0.8194815467284784,1.0640854060651448,0.5874699546726915,0.49597472459778424,0.2492591081956257,4.564906120300293,0.16284418106079102,4.948477745056152,0.25384092330932617,0.8987188339233398,1.1047606468200684,26,0,Short
sub001-ses04-block8-game2_002::b0051,test/sub001/ses-04/sub001-ses04-block8-game2_002.npy,sub001,04,8,2,002,913,914,912,915,2,47204,47255,47303,1,0.6999958567020955,0.8460272277184073,1.0428545273213077,0.585994151969379,0.5059358866641773,0.35154867311890986,0.08940696716308594,4.997518539428711,0.03139638900756836,0.44504642486572266,0.6970376968383789,1.146005630493164,26,0,Short
sub001-ses04-block8-game2_002::b0052,test/sub001/ses-04/sub001-ses04-block8-game2_002.npy,sub001,04,8,2,002,921,924,920,925,4,47617,47768,47817,1,0.782691006533435,0.9547407321584047,1.0348465756654757,0.5363739738979104,0.43123042860799454,0.3397340471209109,5.004290580749512,0.0,0.0,0.5178027153015137,0.0,0.0,26,0,Short
sub001-ses04-block8-game2_002::b0053,test/sub001/ses-04/sub001-ses04-block8-game2_002.npy,sub001,04,8,2,002,930,932,929,933,3,48073,48166,48216,1,0.7394624685193004,0.8081268937261298,1.022509729400061,0.5883064084483807,0.5400124933404811,0.23441206153568267,0.1281275749206543,0.20519065856933594,4.9432806968688965,1.1265959739685059,0.5793828964233398,0.908637523651123,26,0,Short
sub001-ses04-block8-game2_002::b0054,test/sub001/ses-04/sub001-ses04-block8-game2_002.npy,sub001,04,8,2,002,939,942,938,943,4,48524,48667,48716,1,0.7965118245831143,0.8275630747363804,0.9552003234785559,0.5553898264329445,0.5111318125894404,0.38439882409863413,0.0,0.1665635108947754,0.23464298248291016,0.0,0.6419272422790527,0.4303312301635742,26,0,Short
sub001-ses04-block8-game2_002::b0055,test/sub001/ses-04/sub001-ses04-block8-game2_002.npy,sub001,04,8,2,002,948,950,947,951,3,48967,49065,49113,1,0.8263287298606267,0.771659047401281,1.132740208790898,0.4953357102773693,0.5680423922782033,0.3619754952764217,1.1132326126098633,0.0,1.5530765056610107,0.9628238677978516,0.0,0.7470083236694336,26,0,Short
sub001-ses04-block8-game2_002::b0056,test/sub001/ses-04/sub001-ses04-block8-game2_002.npy,sub001,04,8,2,002,957,960,956,961,4,49411,49560,49611,1,0.7817913870396659,0.9201208450719058,1.1743456762454878,0.5637530705093573,0.5083954090741605,0.22937906136212222,4.644145488739014,4.6526899337768555,0.2550845146179199,0.0,0.7103323936462402,0.8979935646057129,26,0,Short
sub001-ses04-block8-game2_002::b0057,test/sub001/ses-04/sub001-ses04-block8-game2_002.npy,sub001,04,8,2,002,966,968,965,969,3,49876,49972,50023,1,0.8271105947120525,1.046370712577315,1.2844599528500495,0.5192935213885773,0.3748528333213736,0.0844589553605587,0.28766298294067383,4.352044105529785,0.06549978256225586,0.7835888862609863,0.5702557563781738,1.0442965030670166,26,0,Short
sub001-ses04-block8-game2_002::b0058,test/sub001/ses-04/sub001-ses04-block8-game2_002.npy,sub001,04,8,2,002,975,978,974,979,4,50333,50490,50541,1,0.9634802514239106,0.9023739653547254,0.772274170802544,0.4777692090417889,0.45457701092382985,0.6308691325038501,0.03725290298461914,3.918238639831543,0.11634969711303711,1.1751964092254639,0.2282397747039795,1.5833475589752197,26,0,Short
sub001-ses04-block8-game2_002::b0059,test/sub001/ses-04/sub001-ses04-block8-game2_002.npy,sub001,04,8,2,002,984,1032,983,1033,49,50798,53167,53213,3,0.7822204523686248,0.818601264592007,0.9364990966030118,0.5336613176588674,0.5066150855974687,0.43960860641426375,0.05418682098388672,0.5268981456756592,0.0,0.7976107597351074,0.30153989791870117,0.0,26,1,Long
sub001-ses04-block8-game2_002::b0060,test/sub001/ses-04/sub001-ses04-block8-game2_002.npy,sub001,04,8,2,002,1063,1066,1062,1067,4,54735,54879,54925,2,0.18349267263985766,0.21104593596235866,1.0634521840406885,0.9463933642299782,0.9354431314763185,0.444269934756837,0.2684769630432129,4.445146083831787,0.0,0.40564584732055664,0.5831468105316162,0.0,26,0,Short
sub001-ses04-block8-game2_002::b0061,test/sub001/ses-04/sub001-ses04-block8-game2_002.npy,sub001,04,8,2,002,1115,1120,1114,1121,6,57279,57529,57583,1,0.7511019371926279,0.7375734483951851,0.8146483493221981,0.6572148233932759,0.6665438360589326,0.5102409642105437,3.9541397094726562,0.0,0.1567401885986328,0.0,0.0,0.09319877624511719,26,0,Short
sub001-ses04-block8-game2_002::b0062,test/sub001/ses-04/sub001-ses04-block8-game2_002.npy,sub001,04,8,2,002,1159,1179,1158,1180,21,59491,60466,60515,2,0.32485938025972305,0.33311955554477135,0.7409970402308311,0.8897501832728755,0.8854694466594578,0.6598702465542614,0.12657761573791504,0.0,4.222189903259277,0.20757579803466797,0.0,0.4170863628387451,26,0,Short
sub001-ses04-block8-game2_002::b0063,test/sub001/ses-04/sub001-ses04-block8-game2_002.npy,sub001,04,8,2,002,1235,1238,1234,1239,4,63297,63449,63499,1,0.9695941117855295,0.8917036174938441,0.9857567057983869,0.440965483662891,0.5638115729991461,0.12061132033040423,4.796802043914795,0.005389213562011719,4.843301296234131,0.2260298728942871,0.6649904251098633,0.2026538848876953,26,0,Short
sub001-ses04-block8-game2_002::b0064,test/sub001/ses-04/sub001-ses04-block8-game2_002.npy,sub001,04,8,2,002,1245,1246,1244,1247,2,63808,63855,63901,1,0.7864897694241989,0.8192465244595234,0.9958292852515132,0.5217752603296162,0.5188818695666781,0.10017032563789902,0.22555971145629883,4.539315700531006,0.007328987121582031,0.5898489952087402,0.5389204025268555,0.6665201187133789,26,0,Short
sub001-ses04-block8-game2_002::b0065,test/sub001/ses-04/sub001-ses04-block8-game2_002.npy,sub001,04,8,2,002,1269,1274,1268,1275,6,65035,65278,65326,1,0.7369587495757833,0.6955699192626914,0.956139613261576,0.6046745244895458,0.599039346365323,0.33733882252831343,0.22923803329467773,4.334662914276123,0.0,1.3392977714538574,0.13779926300048828,0.0,26,0,Short
sub001-ses04-block8-game2_002::b0066,test/sub001/ses-04/sub001-ses04-block8-game2_002.npy,sub001,04,8,2,002,1277,1280,1276,1281,4,65421,65569,65620,1,0.7856861143119162,0.7902131649660699,1.301815518000671,0.5448500900310139,0.5666823818053304,0.19137168894945147,0.0,0.0,0.016010284423828125,0.0,0.0,0.6932206153869629,26,0,Short
sub001-ses04-block8-game2_002::b0067,test/sub001/ses-04/sub001-ses04-block8-game2_002.npy,sub001,04,8,2,002,1287,1290,1286,1291,4,65929,66073,66120,1,0.7130014112839301,0.783051487931403,1.0214542109242,0.6094509479287782,0.573420881600532,0.07385729358923099,0.03450822830200195,4.649360656738281,4.548948287963867,0.2667961120605469,0.6978590488433838,0.6184172630310059,26,0,Short
sub001-ses04-block8-game2_002::b0068,test/sub001/ses-04/sub001-ses04-block8-game2_002.npy,sub001,04,8,2,002,1295,1298,1294,1299,4,66314,66462,66509,1,0.9213632165174137,0.7863743450221883,1.0350308210358912,0.46022079494567125,0.5774920428198747,0.1458119011390977,4.190698623657227,0.0,4.487382411956787,0.15230560302734375,0.0,0.8848276138305664,26,0,Short
sub001-ses04-block8-game2_002::b0069,test/sub001/ses-04/sub001-ses04-block8-game2_002.npy,sub001,04,8,2,002,1305,1308,1304,1309,4,66795,66942,66990,1,0.8704378458859685,0.7952733076857343,1.0141822208486,0.5174232499570326,0.5450199118746504,0.3673307505818486,0.059949398040771484,3.9780986309051514,0.805274486541748,0.0,0.0,0.2054128646850586,26,0,Short
sub001-ses04-block8-game2_002::b0070,test/sub001/ses-04/sub001-ses04-block8-game2_002.npy,sub001,04,8,2,002,1315,1317,1314,1318,3,67284,67380,67431,1,0.8036330126324837,0.8058336785800662,1.227529173636053,0.5250386632948096,0.5294012903486108,0.1628103236976045,0.21213102340698242,0.0,0.0,0.24127411842346191,0.0,0.0,26,0,Short
sub001-ses04-block8-game2_002::b0071,test/sub001/ses-04/sub001-ses04-block8-game2_002.npy,sub001,04,8,2,002,1325,1326,1324,1327,2,67784,67835,67881,1,0.9845169652696968,0.8994360780334616,1.1281935204899565,0.4695961270598692,0.4919040057002122,0.29336764135631715,0.05212688446044922,2.901353120803833,0.06184196472167969,0.0,0.0,0.0,26,0,Short
sub001-ses04-block8-game2_002::b0072,test/sub001/ses-04/sub001-ses04-block8-game2_002.npy,sub001,04,8,2,002,1333,1336,1332,1337,4,68176,68318,68362,1,1.0683079899427053,0.9337417288900972,1.268525619822275,0.381469571652179,0.4616035526752109,0.2390403959524272,0.15057086944580078,0.14484167098999023,0.0,0.0,0.0,0.0,26,0,Short
sub001-ses04-block8-game2_002::b0073,test/sub001/ses-04/sub001-ses04-block8-game2_002.npy,sub001,04,8,2,002,1349,1353,1348,1354,5,68965,69164,69209,1,0.44668457044612364,0.41777028970691593,1.0239996666329292,0.830645010912557,0.8357283657754031,0.43578678161712003,2.782540798187256,0.0,0.0,0.185990571975708,0.0,0.0,26,0,Short
sub001-ses04-block8-game2_002::b0074,test/sub001/ses-04/sub001-ses04-block8-game2_002.npy,sub001,04,8,2,002,1362,1384,1361,1385,23,69604,70662,70713,2,0.9941218749958057,1.0216805253897516,1.1656453230360937,0.45302149049798546,0.38001131152963313,0.30121053378355095,0.20149469375610352,2.8534741401672363,0.0,0.28348517417907715,0.11872267723083496,0.0,26,0,Short
sub001-ses04-block8-game2_002::b0075,test/sub001/ses-04/sub001-ses04-block8-game2_002.npy,sub001,04,8,2,002,1400,1411,1399,1412,12,71436,71963,72010,3,1.3103298833012322,1.2564484532811497,0.986533032832973,0.018435940129127693,0.14527570276745422,0.42277573417662867,0.0,0.0,2.9803690910339355,0.0,0.0,0.09999728202819824,26,0,Short
sub001-ses04-block8-game2_002::b0076,test/sub001/ses-04/sub001-ses04-block8-game2_002.npy,sub001,04,8,2,002,1506,1520,1505,1521,15,76696,77410,77457,3,0.4313884863097335,0.47684803965439754,0.7784965507934531,0.8334101137040337,0.7669293148719715,0.531855916780746,4.456300735473633,0.0,4.70627498626709,0.010453224182128906,0.0,0.11661052703857422,26,0,Short
sub001-ses04-block8-game2_002::b0077,test/sub001/ses-04/sub001-ses04-block8-game2_002.npy,sub001,04,8,2,002,1531,1546,1530,1547,16,77981,78743,78795,1,0.649479342864251,0.753647248900662,1.035790132054176,0.6621067600516642,0.5882133887886959,0.279718142148098,0.32924509048461914,0.0,0.0778799057006836,0.730283260345459,0.0,0.44110774993896484,26,0,Short
sub001-ses04-block8-game2_002::b0078,test/sub001/ses-04/sub001-ses04-block8-game2_002.npy,sub001,04,8,2,002,1553,1554,1552,1555,2,79121,79171,79222,1,0.6841069568970317,0.7782182181990922,1.0274096681661276,0.5990757655669028,0.5556003463482089,0.21053060566730203,0.029034137725830078,5.832383155822754,0.9294462203979492,0.2464890480041504,0.7979998588562012,0.0,26,0,Short
sub001-ses04-block8-game2_002::b0079,test/sub001/ses-04/sub001-ses04-block8-game2_002.npy,sub001,04,8,2,002,1562,1562,1561,1563,1,79586,79586,79636,1,0.9635120490872049,0.9389192402715023,1.3043658564258618,0.45941850562978703,0.47769054998425164,0.24412251519895045,0.29991579055786133,0.6882643699645996,0.15536975860595703,0.1685009002685547,0.05761241912841797,0.374544620513916,26,0,Short
sub001-ses04-block8-game2_002::b0080,test/sub001/ses-04/sub001-ses04-block8-game2_002.npy,sub001,04,8,2,002,1568,1568,1567,1569,1,79900,79900,79950,2,0.8740019785033064,0.7788018557408622,1.1508517174910105,0.533678956554738,0.5599471621793806,0.2715765431912252,4.875842571258545,3.862593173980713,5.247746467590332,0.0,0.0,0.7338171005249023,26,0,Short
sub001-ses04-block8-game2_002::b0081,test/sub001/ses-04/sub001-ses04-block8-game2_002.npy,sub001,04,8,2,002,1577,1580,1576,1581,4,80365,80513,80564,1,1.2282501074382826,1.050376967020138,0.8867743692240886,0.28330265960385836,0.43022402139806404,0.4401039666162529,0.15422391891479492,4.482994079589844,4.7884955406188965,0.3502631187438965,0.052229881286621094,0.12656068801879883,26,0,Short
sub001-ses04-block8-game2_002::b0082,test/sub001/ses-04/sub001-ses04-block8-game2_002.npy,sub001,04,8,2,002,1583,1588,1582,1589,6,80675,80928,80981,1,0.8479147892971244,0.8047732254403545,1.0240567166127434,0.4973000447754521,0.5161918461349356,0.294987793692335,0.0,0.0,4.508443355560303,0.0,0.0,0.29417943954467773,26,0,Short
sub001-ses04-block8-game2_002::b0083,test/sub001/ses-04/sub001-ses04-block8-game2_002.npy,sub001,04,8,2,002,1593,1594,1592,1595,2,81198,81245,81295,1,0.7717881058498817,0.9564964854153513,1.0666589775469726,0.5621418807146917,0.49327562742506964,0.4097073158403668,0.13877296447753906,4.582591533660889,0.0,0.0,0.16158628463745117,0.0,26,0,Short
sub001-ses04-block8-game2_002::b0084,test/sub001/ses-04/sub001-ses04-block8-game2_002.npy,sub001,04,8,2,002,1599,1601,1598,1602,3,81505,81597,81647,1,0.9227041733029353,0.987503907366302,0.9062470859193252,0.47730582332637916,0.47440299644814926,0.46303683997506906,0.11394882202148438,4.933176040649414,0.06055259704589844,0.12341833114624023,0.793337345123291,0.16898393630981445,26,0,Short
sub001-ses04-block8-game2_002::b0085,test/sub001/ses-04/sub001-ses04-block8-game2_002.npy,sub001,04,8,2,002,1651,1652,1650,1653,2,84134,84186,84237,1,0.7431375011069585,0.8958103359926984,1.0362371042818614,0.5453711752043755,0.4905543620885654,0.15274963183575552,0.11772727966308594,0.0,4.583949089050293,0.30164098739624023,0.0,0.3021388053894043,26,0,Short
sub001-ses04-block8-game2_002::b0086,test/sub001/ses-04/sub001-ses04-block8-game2_002.npy,sub001,04,8,2,002,1659,1660,1658,1661,2,84564,84615,84664,1,0.810323380989363,1.1114836721725636,1.0357428195618539,0.5713951157539625,0.33883967720429964,0.03583962103058047,0.346987247467041,3.6236190795898438,4.586748123168945,0.4946632385253906,0.0,0.5925474166870117,26,0,Short
sub001-ses04-block8-game2_002::b0087,test/sub001/ses-04/sub001-ses04-block8-game2_002.npy,sub001,04,8,2,002,1667,1668,1666,1669,2,84971,85023,85071,1,0.8220488328071363,0.8441933038913089,1.0960660766190136,0.569416535132018,0.4906627602440813,0.3078695471347773,0.6911993026733398,0.03496360778808594,4.209198951721191,0.5673909187316895,0.8269345760345459,0.3225102424621582,26,0,Short
sub001-ses04-block8-game2_002::b0088,test/sub001/ses-04/sub001-ses04-block8-game2_002.npy,sub001,04,8,2,002,1691,1692,1690,1693,2,86198,86247,86303,1,1.2625001434260015,0.9245662915813457,0.9842062507422308,0.13102862143049265,0.4558164878434263,0.42410988179302067,3.8475348949432373,3.827667474746704,0.3160276412963867,0.0,0.2477428913116455,0.0,26,0,Short
sub001-ses04-block8-game2_002::b0089,test/sub001/ses-04/sub001-ses04-block8-game2_002.npy,sub001,04,8,2,002,1697,1699,1696,1700,3,86507,86609,86659,1,0.8986709914961275,0.9238427846674541,1.022056643464401,0.5001131866519287,0.4748417984959119,0.3980737749687063,0.0,3.603661060333252,0.09127593040466309,0.0,0.0,0.09465384483337402,26,0,Short
sub001-ses04-block8-game2_002::b0090,test/sub001/ses-04/sub001-ses04-block8-game2_002.npy,sub001,04,8,2,002,1717,1724,1716,1725,8,87505,87856,87902,1,1.219089639984436,1.0433085602557997,1.0520605416364244,0.14953802638656222,0.39584326147172033,0.10738097775156619,0.029178142547607422,0.0,3.313448190689087,0.4417076110839844,0.0,0.574782133102417,26,0,Short
sub001-ses04-block8-game2_002::b0091,test/sub001/ses-04/sub001-ses04-block8-game2_002.npy,sub001,04,8,2,002,1731,1734,1730,1735,4,88210,88358,88410,1,0.9145383312310111,0.9063352440753631,1.0441135360659481,0.4673996792178169,0.48916232201066,0.4461306309871603,0.04071998596191406,0.0,3.7246696949005127,0.4389927387237549,0.0,0.8562908172607422,26,0,Short
sub001-ses04-block8-game2_002::b0092,test/sub001/ses-04/sub001-ses04-block8-game2_002.npy,sub001,04,8,2,002,1741,1742,1740,1743,2,88710,88760,88804,2,1.0021825650531562,0.8758135430738825,1.1755866761930882,0.41599305867382047,0.48301139299435464,0.2712513790963845,0.3131997585296631,0.0,0.0,0.41513991355895996,0.0,0.0,26,0,Short
sub001-ses04-block8-game2_002::b0093,test/sub001/ses-04/sub001-ses04-block8-game2_002.npy,sub001,04,8,2,002,1759,1780,1758,1781,22,89584,90611,90659,3,0.9756167774819168,1.0190565437193864,1.1625082353818201,0.39300773249383036,0.4147834722481638,0.4028235182950721,2.8827972412109375,2.516244649887085,0.14968085289001465,0.39281678199768066,0.0,0.0,26,0,Short
sub001-ses04-block8-game2_002::b0094,test/sub001/ses-04/sub001-ses04-block8-game2_002.npy,sub001,04,8,2,002,1795,1822,1794,1823,28,91363,92723,92770,2,0.921843079424473,0.6197471249640621,1.0700955653464288,0.4672069604727072,0.729923434218815,0.4089138201144217,2.888509750366211,2.653343677520752,0.03957176208496094,0.0,0.0,0.707982063293457,26,1,Long
sub001-ses04-block8-game2_002::b0095,test/sub001/ses-04/sub001-ses04-block8-game2_002.npy,sub001,04,8,2,002,1830,1838,1829,1839,9,93111,93500,93550,1,0.9055351444546035,0.888493545371603,1.0906064479045257,0.45500932025741975,0.4530785144691642,0.37117346066572277,0.06949496269226074,3.2094533443450928,0.0,0.2139594554901123,0.3544631004333496,0.0,26,0,Short
sub001-ses04-block8-game2_002::b0096,test/sub001/ses-04/sub001-ses04-block8-game2_002.npy,sub001,04,8,2,002,1845,1846,1844,1847,2,93849,93898,93946,3,0.9989648104158881,0.9774428505416962,1.0929765266786062,0.4209458946817713,0.436172873478621,0.3908670439140175,2.797224998474121,2.807533025741577,0.01864147186279297,0.12518572807312012,0.01665496826171875,0.3862009048461914,26,0,Short
sub001-ses04-block8-game2_002::b0097,test/sub001/ses-04/sub001-ses04-block8-game2_002.npy,sub001,04,8,2,002,1855,1860,1854,1861,6,94351,94589,94637,1,0.6539016302733853,0.57986378879149,1.059792934729025,0.7062189882328435,0.7670784143286725,0.380298796820959,2.8997836112976074,0.06373834609985352,3.346738815307617,0.003426074981689453,0.24588656425476074,0.3901329040527344,26,0,Short
sub001-ses04-block8-game2_002::b0098,test/sub001/ses-04/sub001-ses04-block8-game2_002.npy,sub001,04,8,2,002,1876,1877,1875,1878,2,95378,95429,95479,1,1.02355771505882,0.9734483885439182,1.1719733515394217,0.3899764173785394,0.43255380088590073,0.29489626609218933,0.12416791915893555,0.0,3.1857240200042725,0.31352782249450684,0.0,0.0,26,0,Short
sub001-ses04-block8-game2_002::b0099,test/sub001/ses-04/sub001-ses04-block8-game2_002.npy,sub001,04,8,2,002,1884,1886,1883,1887,3,95773,95877,95927,1,0.9887690772217548,1.0741497532407753,1.1465792463992568,0.4550218864801894,0.3652368462126669,0.26321549598172783,0.0,2.4478096961975098,0.13520407676696777,0.0,0.0,0.25783729553222656,26,0,Short
sub001-ses04-block8-game2_002::b0100,test/sub001/ses-04/sub001-ses04-block8-game2_002.npy,sub001,04,8,2,002,1892,1894,1891,1895,3,96178,96276,96326,1,0.9442000333355884,1.0971875357773873,1.1986084899157494,0.47729575157833404,0.36101657477622767,0.28565211868793444,0.0,0.02999734878540039,0.009139060974121094,0.0,0.0,0.0,26,0,Short
sub001-ses04-block8-game2_002::b0101,test/sub001/ses-04/sub001-ses04-block8-game2_002.npy,sub001,04,8,2,002,1899,1900,1898,1901,2,96521,96571,96622,1,1.0777742154564438,0.9724524038221503,1.1709345533137783,0.4459234829767439,0.4856954717442023,0.3721701430619264,0.3908042907714844,0.255540132522583,0.32877206802368164,0.0,0.332977294921875,0.1877908706665039,26,0,Short
sub001-ses04-block8-game2_002::b0102,test/sub001/ses-04/sub001-ses04-block8-game2_002.npy,sub001,04,8,2,002,1907,1907,1906,1908,1,96924,96924,96975,2,1.2295837615381293,1.088949806585506,1.4872126148691658,0.2586050198679087,0.45275500313706696,0.08602217251439165,0.0200345516204834,2.1215996742248535,0.059508562088012695,0.04742550849914551,0.0,0.0,26,0,Short
sub001-ses04-block8-game2_002::b0103,test/sub001/ses-04/sub001-ses04-block8-game2_002.npy,sub001,04,8,2,002,1936,1937,1935,1938,2,98378,98428,98474,1,1.2020497741834855,1.2165327583216026,1.2763911304088722,0.14176981823358326,0.20864177329248607,0.2876639770570624,2.349928140640259,2.9576752185821533,3.17852783203125,0.4508635997772217,0.4170267581939697,0.5829455852508545,26,0,Short
sub001-ses04-block8-game2_002::b0104,test/sub001/ses-04/sub001-ses04-block8-game2_002.npy,sub001,04,8,2,002,1945,1948,1944,1949,4,98821,98961,99005,1,0.9848193555898874,0.9408439135972972,1.1984411899578424,0.45141537856121816,0.47872750141067355,0.35213019737300083,0.3658773899078369,0.0,0.0,0.04224872589111328,0.0,0.0,26,0,Short
sub001-ses04-block8-game2_002::b0105,test/sub001/ses-04/sub001-ses04-block8-game2_002.npy,sub001,04,8,2,002,1953,1956,1952,1957,4,99197,99347,99397,1,0.9859894066377939,0.9907168586611814,1.395289647791782,0.44856966651776303,0.4565629662417917,0.09605756716606706,0.0,0.0,3.2549238204956055,0.0,0.0,0.585026741027832,26,0,Short
sub001-ses04-block8-game2_002::b0106,test/sub001/ses-04/sub001-ses04-block8-game2_002.npy,sub001,04,8,2,002,1963,1965,1962,1966,3,99695,99791,99842,1,1.1404002635511397,1.0437782541716727,1.1985282687192154,0.3540134086449489,0.3890781315766306,0.29226480133143384,2.5729193687438965,0.0,2.2500290870666504,0.0,0.0,0.1262812614440918,26,0,Short
sub001-ses04-block8-game2_002::b0107,test/sub001/ses-04/sub001-ses04-block8-game2_002.npy,sub001,04,8,2,002,1991,1996,1990,1997,6,101093,101344,101394,1,1.1249668574114724,1.1728130653349835,1.2432742027823043,0.3382439567927059,0.3380344762362426,0.3623812498865972,2.618084192276001,0.0,0.0,0.1666562557220459,0.0,0.0,26,0,Short
sub001-ses04-block8-game2_002::b0108,test/sub001/ses-04/sub001-ses04-block8-game2_002.npy,sub001,04,8,2,002,2009,2014,2008,2015,6,102007,102256,102303,3,1.0658463252652721,1.1123757003568269,1.1820319427319768,0.42022626878561037,0.4272045786638783,0.4365265237848093,0.0,2.3256866931915283,0.09480643272399902,0.0,0.0,0.0,26,0,Short
sub001-ses04-block8-game2_002::b0109,test/sub001/ses-04/sub001-ses04-block8-game2_002.npy,sub001,04,8,2,002,2057,2062,2056,2063,6,104444,104683,104732,1,1.0024348245051353,1.0797898399276151,0.9981984392761852,0.5130909404262629,0.44617653694382775,0.41631555127884307,0.004667758941650391,0.13367986679077148,0.0,0.4650990962982178,0.29798054695129395,0.0,26,0,Short
sub001-ses04-block8-game2_002::b0110,test/sub001/ses-04/sub001-ses04-block8-game2_002.npy,sub001,04,8,2,002,2137,2138,2136,2139,2,108364,108415,108469,1,1.1611908411029614,1.072302369433943,1.093892436425338,0.3844451892884728,0.47118977033471676,0.3010389782650238,0.35808587074279785,0.03308367729187012,2.4482133388519287,0.11818528175354004,0.10614514350891113,0.07156705856323242,26,0,Short
sub001-ses04-block8-game2_002::b0111,test/sub001/ses-04/sub001-ses04-block8-game2_002.npy,sub001,04,8,2,002,2145,2148,2144,2149,4,108767,108918,108967,1,1.1426387551684412,1.060544353089095,1.0041569732808966,0.37217418564352817,0.4767509319706569,0.37325758694451616,2.496644973754883,0.0,2.507441997528076,0.32543110847473145,0.0,0.1611955165863037,26,0,Short
sub001-ses04-block8-game2_002::b0112,test/sub001/ses-04/sub001-ses04-block8-game2_002.npy,sub001,04,8,2,002,2153,2154,2152,2155,2,109166,109217,109266,1,1.1435054934062363,1.0323739124910416,1.2032520320414222,0.4271825838290892,0.5124187584852735,0.3399734540862598,1.4981098175048828,0.12120568752288818,2.009528636932373,0.0,0.0,0.0,26,0,Short
sub001-ses04-block8-game2_002::b0113,test/sub001/ses-04/sub001-ses04-block8-game2_002.npy,sub001,04,8,2,002,2161,2164,2160,2165,4,109562,109713,109760,1,1.0346203181024274,1.0224273144733669,0.9774050683361661,0.5025472720936525,0.5064268620113703,0.42094200113253516,0.0,1.9924310445785522,0.0,0.0,0.0,0.0,26,0,Short
sub001-ses04-block8-game2_002::b0114,test/sub001/ses-04/sub001-ses04-block8-game2_002.npy,sub001,04,8,2,002,2169,2172,2168,2173,4,109953,110093,110140,1,1.099711788303102,1.0524154997257322,1.0011798747652318,0.4337341041981727,0.45152611161721523,0.440484598178865,0.0,0.0,0.0,0.0,0.0,0.0,26,0,Short
sub001-ses04-block8-game2_002::b0115,test/sub001/ses-04/sub001-ses04-block8-game2_002.npy,sub001,04,8,2,002,2179,2180,2178,2181,2,110440,110490,110537,1,1.04400198449408,0.9979006526860497,1.040445577240638,0.44062893325659175,0.4953662987656635,0.3715282713168106,0.012533426284790039,2.432255506515503,0.0,0.3422536849975586,0.2846713066101074,0.0,26,0,Short
sub001-ses04-block8-game2_002::b0116,test/sub001/ses-04/sub001-ses04-block8-game2_002.npy,sub001,04,8,2,002,2187,2189,2186,2190,3,110829,110927,110976,4,1.023204040358587,1.1920132221810984,1.0572243203497875,0.46119174684186187,0.39811990052277935,0.3997270781072528,2.4569153785705566,0.0,0.0,0.49786996841430664,0.0,0.0,26,0,Short
sub001-ses04-block8-game2_002::b0117,test/sub001/ses-04/sub001-ses04-block8-game2_002.npy,sub001,04,8,2,002,2203,2204,2202,2205,2,111602,111651,111701,1,1.0187354487008733,1.0770973275435545,1.2103363932190252,0.48652589713239736,0.47258650056377755,0.2847948939086744,0.0,1.9607820510864258,2.0171701908111572,0.0,0.0,0.4740622043609619,26,0,Short
sub001-ses04-block8-game2_002::b0118,test/sub001/ses-04/sub001-ses04-block8-game2_002.npy,sub001,04,8,2,002,2211,2213,2210,2214,3,111999,112097,112146,1,1.0523860997499437,1.1462966859108865,1.066180469028656,0.47064970170385034,0.43205556821482843,0.40090276138467995,0.08093786239624023,0.0,2.134065628051758,0.12796926498413086,0.0,0.04158353805541992,26,0,Short
sub001-ses04-block8-game2_002::b0119,test/sub001/ses-04/sub001-ses04-block8-game2_002.npy,sub001,04,8,2,002,2227,2229,2226,2230,3,112771,112865,112912,1,1.272583338936999,1.0777803097889878,1.1012736299033876,0.16345662626997104,0.020402619599175165,0.3363583719733577,0.0,0.0,0.10395240783691406,0.0,0.0,0.0,26,0,Short
sub001-ses04-block8-game2_002::b0120,test/sub001/ses-04/sub001-ses04-block8-game2_002.npy,sub001,04,8,2,002,2235,2238,2234,2239,4,113156,113296,113344,3,1.189626288913488,1.0797167369313834,1.2337696173220052,0.35022996361733894,0.42046907167909775,0.13851933152006968,0.0,2.000917911529541,2.7098026275634766,0.0,0.5660085678100586,0.6706392765045166,26,0,Short
sub001-ses04-block8-game2_002::b0121,test/sub001/ses-04/sub001-ses04-block8-game2_002.npy,sub001,04,8,2,002,2319,2326,2318,2327,8,117336,117672,117724,2,0.9706147937641127,0.9629854720805482,1.105656602267298,0.4290941666583243,0.4369817471772963,0.22113685034009745,0.07765698432922363,3.1976370811462402,3.4450035095214844,0.47400879859924316,0.5079329013824463,1.0387554168701172,26,0,Short
sub001-ses04-block8-game2_002::b0122,test/sub001/ses-04/sub001-ses04-block8-game2_002.npy,sub001,04,8,2,002,2334,2336,2333,2337,3,118061,118156,118208,1,1.2747239143185662,1.224698556391873,1.0827198558951117,0.06783373630000239,0.25037544823194235,0.26068893254106745,3.1189727783203125,0.03426027297973633,2.3688714504241943,0.919804573059082,0.4278860092163086,0.0,26,0,Short
sub001-ses04-block8-game2_002::b0123,test/sub001/ses-04/sub001-ses04-block8-game2_002.npy,sub001,04,8,2,002,2351,2354,2350,2355,4,118917,119067,119116,1,1.1004539090691736,1.0402478983762447,1.2004370638303319,0.41538103988665886,0.4213809340543986,0.22426501171044227,0.0,0.0,0.0322728157043457,0.0,0.0,0.13053202629089355,26,0,Short
sub001-ses04-block8-game2_002::b0124,test/sub001/ses-04/sub001-ses04-block8-game2_002.npy,sub001,04,8,2,002,2360,2362,2359,2363,3,119369,119469,119519,1,1.130995184520307,1.0556543225138912,1.259081301639031,0.3777733830165333,0.4046651818315185,0.115967474875247,0.0,1.8579025268554688,0.16343903541564941,0.0,0.0,0.49091625213623047,26,0,Short
sub001-ses04-block8-game2_002::b0125,test/sub001/ses-04/sub001-ses04-block8-game2_002.npy,sub001,04,8,2,002,2367,2368,2366,2369,2,119725,119776,119826,1,1.1654684564483433,1.0949476656470145,1.025260667755219,0.38589271621819987,0.38428449622916727,0.5151343235291811,2.0054357051849365,0.0,0.171838641166687,0.0,0.0,0.30946671962738037,26,0,Short
sub001-ses04-block8-game2_002::b0126,test/sub001/ses-04/sub001-ses04-block8-game2_002.npy,sub001,04,8,2,002,2379,2383,2378,2384,5,120324,120515,120560,1,1.1731727410817423,1.1277944970150378,1.2009392361525149,0.4174669689053156,0.4306811768686199,0.32406722718231074,0.0,0.0,1.819962978363037,0.0,0.0,0.09386920928955078,26,0,Short
sub001-ses04-block8-game2_002::b0127,test/sub001/ses-04/sub001-ses04-block8-game2_002.npy,sub001,04,8,2,002,2389,2392,2388,2393,4,120802,120945,120997,1,1.188199335714088,1.0985917999403776,1.2784693903529825,0.3798076349444244,0.4088696242100145,0.24736434262317974,0.1395249366760254,0.0,2.283674955368042,0.25531768798828125,0.0,0.8824968338012695,26,0,Short
sub001-ses04-block8-game2_002::b0128,test/sub001/ses-04/sub001-ses04-block8-game2_002.npy,sub001,04,8,2,002,2399,2404,2398,2405,6,121302,121550,121599,1,1.0825610784728497,1.1488969500851547,1.2566808660749371,0.44271085737138816,0.4382538639767556,0.27511308172299787,0.06674051284790039,1.6327790021896362,0.0,0.6995594501495361,0.0,0.0,26,0,Short
sub001-ses04-block8-game2_002::b0129,test/sub001/ses-04/sub001-ses04-block8-game2_002.npy,sub001,04,8,2,002,2411,2412,2410,2413,2,121902,121952,121999,2,1.10478115421351,1.1427216835379035,1.152365127986556,0.4256209492811438,0.4420029123671307,0.3468925928828383,0.06040024757385254,0.21271872520446777,1.6428894996643066,0.486710786819458,0.5000078678131104,0.33963680267333984,26,0,Short
sub001-ses04-block8-game2_002::b0130,test/sub001/ses-04/sub001-ses04-block8-game2_002.npy,sub001,04,8,2,002,2419,2423,2418,2424,5,122280,122474,122525,1,1.2880323185817972,1.3001616829050318,1.138429431292797,0.2717899520730025,0.13294169850768917,0.34368980436028645,0.0,1.833849310874939,0.0,0.0,0.03606247901916504,0.0,26,0,Short
sub001-ses04-block8-game2_002::b0131,test/sub001/ses-04/sub001-ses04-block8-game2_002.npy,sub001,04,8,2,002,2431,2436,2430,2437,6,122850,123094,123146,3,1.1349185767556844,1.1179347859595543,1.1195969775298331,0.41900331426010695,0.4421608074235413,0.4786281659687349,1.76066255569458,1.9477370977401733,1.6344748735427856,0.030697941780090332,0.177254319190979,0.0,26,0,Short
sub001-ses04-block8-game2_002::b0132,test/sub001/ses-04/sub001-ses04-block8-game2_002.npy,sub001,04,8,2,002,2457,2462,2456,2463,6,124116,124362,124411,1,0.4880227065493616,0.4458121334972515,1.1624479391273745,0.8111987834968404,0.8362270101753366,0.3899794163252429,1.7129329442977905,0.3237341642379761,0.319541335105896,0.0,0.11261272430419922,0.0,26,0,Short
sub001-ses04-block8-game2_002::b0133,test/sub001/ses-04/sub001-ses04-block8-game2_002.npy,sub001,04,8,2,002,2471,2476,2470,2477,6,124812,125059,125109,2,1.110884577266175,1.1754365524881052,1.1459921581154353,0.43581361742202507,0.4545532809322808,0.48772480387483985,0.2342458963394165,1.878352403640747,1.6025760173797607,0.49085259437561035,0.4571959972381592,0.0,26,0,Short
sub001-ses04-block8-game2_002::b0134,test/sub001/ses-04/sub001-ses04-block8-game2_002.npy,sub001,04,8,2,002,2512,2513,2511,2514,2,126813,126866,126918,1,1.3031194794087642,1.2737598889255493,1.1789165036240858,0.20777640627814914,0.08639568577573709,0.4543883991816427,0.004155993461608887,0.13476073741912842,1.4638184309005737,0.427398681640625,0.061277031898498535,0.07921028137207031,26,0,Short
sub001-ses04-block8-game2_002::b0135,test/sub001/ses-04/sub001-ses04-block8-game2_002.npy,sub001,04,8,2,002,2521,2522,2520,2523,2,127249,127299,127354,1,1.312168771060111,1.32972240636916,1.1667064179781772,0.28358896972150294,0.2958961087396712,0.4555350101315574,1.2165316343307495,1.4137405157089233,0.05474674701690674,0.03972625732421875,0.07233631610870361,0.11716341972351074,26,0,Short
sub001-ses04-block8-game2_002::b0136,test/sub001/ses-04/sub001-ses04-block8-game2_002.npy,sub001,04,8,2,002,2528,2531,2527,2532,4,127605,127748,127796,1,1.266642860389086,1.3288524887796935,1.2681319927104693,0.38669341847533717,0.31244946703331566,0.3625214292985073,1.4306180477142334,0.05357861518859863,0.00026285648345947266,0.04989743232727051,0.0,0.03179442882537842,26,0,Short
sub001-ses04-block8-game2_002::b0137,test/sub001/ses-04/sub001-ses04-block8-game2_002.npy,sub001,04,8,2,002,2537,2539,2536,2540,3,128037,128138,128187,1,1.182514148135714,1.2934444623878414,1.3518036538943612,0.4212570633919479,0.2842420078075701,0.29152417826630095,1.4208359718322754,1.4250949621200562,1.3919434547424316,0.0,0.02553236484527588,0.0,26,0,Short
sub001-ses04-block8-game2_002::b0138,test/sub001/ses-04/sub001-ses04-block8-game2_002.npy,sub001,04,8,2,002,2546,2548,2545,2549,3,128479,128578,128628,1,1.1766819661525183,1.1006923420783379,1.3092869658163997,0.37907980874894653,0.4935880112834652,0.2837895275877921,0.0,0.0,0.0,0.0,0.0,0.0,26,0,Short
sub001-ses04-block8-game2_002::b0139,test/sub001/ses-04/sub001-ses04-block8-game2_002.npy,sub001,04,8,2,002,2555,2564,2554,2565,10,128904,129331,129379,2,1.1819559508054847,1.2550508198581207,1.21657155599128,0.4351815011651382,0.34292448190252456,0.3521700147855824,0.0,0.0,0.15526175498962402,0.0,0.0,0.09939074516296387,26,0,Short
sub001-ses04-block8-game2_002::b0140,test/sub001/ses-04/sub001-ses04-block8-game2_002.npy,sub001,04,8,2,002,2591,2748,2590,2749,158,130619,140042,140087,1,0.8684162446187769,1.042385105770085,1.1546692845397943,0.6030875777775071,0.33689440160287526,0.4420977468122943,1.6195632219314575,1.6658767461776733,1.5922493934631348,1.1944729089736938,0.058727264404296875,1.5443216562271118,26,1,Long
sub001-ses04-block8-game2_002::b0141,test/sub001/ses-04/sub001-ses04-block8-game2_002.npy,sub001,04,8,2,002,2755,2758,2754,2759,4,140407,140565,140617,1,1.089015942093659,1.1823886846351344,0.9829378993295862,0.45945316975372064,0.45036363849373706,0.5832552328812498,0.031101703643798828,0.17617106437683105,1.970235824584961,0.2378917932510376,0.3953089714050293,0.2264695167541504,26,0,Short
sub001-ses04-block8-game2_002::b0142,test/sub001/ses-04/sub001-ses04-block8-game2_002.npy,sub001,04,8,2,002,2765,2768,2764,2769,4,140941,141101,141154,1,1.3174131562780262,1.3385178637755673,0.9514659057608026,0.23062996768342958,0.24295922319402619,0.6037381312646639,1.6901874542236328,0.10518324375152588,0.0,1.3314969539642334,1.4821547269821167,0.0,26,0,Short
sub001-ses04-block8-game2_002::b0143,test/sub001/ses-04/sub001-ses04-block8-game2_002.npy,sub001,04,8,2,002,2775,2790,2774,2791,16,141481,142280,142329,1,1.1459554233534106,1.1491930944468516,1.2018093554152163,0.4709291164576084,0.46447143533094326,0.37264072759240624,0.19404089450836182,0.17770445346832275,0.0,0.34093213081359863,0.3961031436920166,0.0,26,0,Short
sub001-ses04-block8-game2_002::b0144,test/sub001/ses-04/sub001-ses04-block8-game2_002.npy,sub001,04,8,2,002,2799,2822,2798,2823,24,142742,143949,144002,2,1.199574620536743,1.1652443338661722,1.2226138173572965,0.4372652460120736,0.4476929904928051,0.407165259578368,0.0019032955169677734,0.04083812236785889,0.13080549240112305,0.20557022094726562,0.1831042766571045,0.1471562385559082,26,0,Short
sub001-ses04-block8-game2_002::b0145,test/sub001/ses-04/sub001-ses04-block8-game2_002.npy,sub001,04,8,2,002,2888,2898,2887,2899,11,147255,147755,147803,3,1.3049922378561876,1.3905028995426005,0.9247229193215595,0.1723799876799062,0.28049743798024773,0.6460290866487666,0.0,0.0,0.0,0.0,0.0,0.0,26,0,Short
sub001-ses04-block8-game2_002::b0146,test/sub001/ses-04/sub001-ses04-block8-game2_002.npy,sub001,04,8,2,002,2928,2938,2927,2939,11,149240,149712,149757,2,0.6624625625426523,0.9065069514190811,1.2691383247350483,0.723164101156865,0.5292381740826286,0.31363716288975907,1.866041898727417,0.0,1.3950908184051514,0.38464975357055664,0.0,0.0,26,0,Short
sub001-ses04-block8-game2_002::b0147,test/sub001/ses-04/sub001-ses04-block8-game2_002.npy,sub001,04,8,2,002,2954,2956,2953,2957,3,150477,150580,150632,1,1.1512202685283017,1.260264997687422,1.0149113987089997,0.48377514726156684,0.3916862980559048,0.5577771500145048,0.1996006965637207,1.181213617324829,1.564305067062378,0.2800537347793579,0.0,0.2992374897003174,26,0,Short
sub001-ses04-block8-game2_002::b0148,test/sub001/ses-04/sub001-ses04-block8-game2_002.npy,sub001,04,8,2,002,2963,2964,2962,2965,2,150921,150969,151015,1,1.1811443498931296,1.2222761006192442,1.3004138506779515,0.38290165428065615,0.36667197260278983,0.2982641342156638,0.0,0.0,0.1264122724533081,0.0,0.0,0.3046954870223999,26,0,Short
sub001-ses04-block8-game2_002::b0149,test/sub001/ses-04/sub001-ses04-block8-game2_002.npy,sub001,04,8,2,002,2971,2972,2970,2973,2,151303,151355,151406,1,1.2812559850451717,1.207412342443773,1.1533323390096804,0.3251327101609597,0.40017748915121254,0.4207798967454578,1.8450130224227905,0.09774017333984375,0.27364814281463623,0.36465907096862793,0.5987457036972046,0.5296099185943604,26,0,Short
sub001-ses04-block8-game2_002::b0150,test/sub001/ses-04/sub001-ses04-block8-game2_002.npy,sub001,04,8,2,002,2988,3036,2987,3037,49,152142,154461,154515,3,0.873094653881334,0.4266856769821966,1.1786841248972506,0.44628091452104823,0.8334733790413265,0.47192441220205594,1.5645554065704346,0.7576367855072021,0.056647658348083496,0.10659539699554443,0.0,0.5133965015411377,26,1,Long
sub001-ses04-block8-game2_002::b0151,test/sub001/ses-04/sub001-ses04-block8-game2_002.npy,sub001,04,8,2,002,3055,3058,3054,3059,4,155415,155563,155617,2,0.4090884614691469,0.9026865715452239,0.91142355229547,0.8526844465824077,0.4395525469764428,0.640527608276438,0.4506704807281494,1.7435041666030884,1.4715580940246582,0.23449814319610596,0.1888875961303711,0.0,26,0,Short
sub001-ses04-block8-game2_002::b0152,test/sub001/ses-04/sub001-ses04-block8-game2_002.npy,sub001,04,8,2,002,3071,3073,3070,3074,3,156238,156341,156393,2,0.7835925027770483,0.7055935852047902,1.0309448897230986,0.656951805107711,0.7033485414875926,0.5430659992968875,1.7451741695404053,0.0,1.8837416172027588,0.0,0.0,0.3117220401763916,26,0,Short
sub001-ses04-block8-game2_002::b0153,test/sub001/ses-04/sub001-ses04-block8-game2_002.npy,sub001,04,8,2,002,3091,3092,3090,3093,2,157246,157297,157341,1,1.2538918435315387,1.1714723895783483,1.1695567944643537,0.32862118597497136,0.4175957874939906,0.4539383738213713,0.02354252338409424,0.5168628692626953,1.581636667251587,0.0,0.7464847564697266,0.04781532287597656,26,0,Short
sub001-ses04-block8-game2_002::b0154,test/sub001/ses-04/sub001-ses04-block8-game2_002.npy,sub001,04,8,2,002,3107,3109,3106,3110,3,158040,158138,158188,1,1.1537891827240023,1.2862818698376186,1.0954529376290187,0.21752534507140792,0.13773517464431845,0.4487171781050013,0.0,1.388556957244873,0.10622739791870117,0.0,0.0,0.07291316986083984,26,0,Short
sub001-ses04-block8-game2_002::b0155,test/sub001/ses-04/sub001-ses04-block8-game2_002.npy,sub001,04,8,2,002,3125,3126,3124,3127,2,158917,158965,159012,4,1.2319469075449767,1.1518066095856172,0.9754683196562265,0.4159681542096416,0.3816055043236262,0.5948915199372109,0.16212964057922363,0.4182170629501343,0.18156230449676514,0.20186150074005127,0.5831927061080933,0.17586994171142578,26,0,Short
sub001-ses04-block8-game2_002::b0156,test/sub001/ses-04/sub001-ses04-block8-game2_002.npy,sub001,04,8,2,002,3141,3142,3140,3143,2,159701,159753,159803,1,1.2288894444503828,1.2921221637569609,0.875591097329082,0.227776261940353,0.2682887532169266,0.6444304771734122,0.592535674571991,0.6620967388153076,0.15794748067855835,0.0,0.0,0.0,26,0,Short
sub001-ses04-block8-game2_002::b0157,test/sub001/ses-04/sub001-ses04-block8-game2_002.npy,sub001,04,8,2,002,3149,3158,3148,3159,10,160083,160504,160549,3,1.4175589481883004,1.399237653810566,0.6949173000554096,0.24041576567194328,0.3218191534804995,0.7385450598411062,0.6386198401451111,0.0,0.0,0.13303524255752563,0.0,0.0,26,0,Short
sub001-ses04-block8-game2_002::b0158,test/sub001/ses-04/sub001-ses04-block8-game2_002.npy,sub001,04,8,2,002,3171,3172,3170,3173,2,161168,161225,161283,2,1.2604283223327166,0.7726087960229788,0.6816749595252609,0.04317438087102776,0.591057290060692,0.7217288040909051,0.22681523859500885,0.095592200756073,0.01730591058731079,0.0,0.09920984506607056,0.01753973960876465,26,0,Short
sub001-ses04-block8-game2_002::b0159,test/sub001/ses-04/sub001-ses04-block8-game2_002.npy,sub001,04,8,2,002,3201,3206,3200,3207,6,162651,162901,162954,3,1.4427457243680801,1.5017739004128663,0.8308364120316198,0.25346405940088423,0.20853589668585887,0.6466945880046533,0.6088963150978088,0.0,0.025627702474594116,0.01780170202255249,0.0,0.0742751955986023,26,0,Short
sub001-ses04-block8-game2_002::b0160,test/sub001/ses-04/sub001-ses04-block8-game2_002.npy,sub001,04,8,2,002,3217,3217,3216,3218,1,163460,163460,163518,1,0.3274422484598858,0.5957608569645088,1.0683659538628323,0.8750267190791546,0.7328127384437106,0.49942071406956434,0.00053367018699646,0.34521815180778503,0.45842045545578003,0.0,0.0,0.14336994290351868,26,0,Short
sub001-ses04-block8-game2_002::b0161,test/sub001/ses-04/sub001-ses04-block8-game2_002.npy,sub001,04,8,2,002,3224,3226,3223,3227,3,163826,163932,163983,1,1.5294296596263524,1.525920041956197,0.9676153761703621,0.1592560050671265,0.1682720872623989,0.5629177590928292,0.3172103762626648,0.29954060912132263,0.0,0.0,0.0,0.0,26,0,Short
sub001-ses04-block8-game2_002::b0162,test/sub001/ses-04/sub001-ses04-block8-game2_002.npy,sub001,04,8,2,002,3231,3233,3230,3234,3,164165,164271,164326,1,1.454074174759935,1.4526876064965952,0.9505301709528633,0.246392517742217,0.2550506498859227,0.579627685785991,0.0,0.3307614326477051,0.0,0.0,0.0,0.0,26,0,Short
sub001-ses04-block8-game2_002::b0163,test/sub001/ses-04/sub001-ses04-block8-game2_002.npy,sub001,04,8,2,002,3237,3238,3236,3239,2,164476,164526,164574,2,1.4848231230379703,1.506072824455987,1.0934104034772156,0.19333230296060433,0.22024056942328485,0.5110647784442222,0.031308114528656006,0.30156978964805603,0.3022075295448303,0.09748801589012146,0.001679837703704834,0.022777706384658813,26,0,Short
sub001-ses04-block8-game2_002::b0164,test/sub001/ses-04/sub001-ses04-block8-game2_002.npy,sub001,04,8,2,002,3257,3262,3256,3263,6,165477,165714,165759,3,0.6185075108316815,0.7930860805047987,0.8428558146504311,0.7451554851182944,0.6153179079658008,0.6530590117504158,0.3807993233203888,0.3206257224082947,0.23022638261318207,1.0244895815849304,0.09912660717964172,0.0,26,0,Short
sub001-ses04-block8-game2_002::b0165,test/sub001/ses-04/sub001-ses04-block8-game2_002.npy,sub001,04,8,2,002,3313,3316,3312,3317,4,168574,168761,168818,2,0.4296818648959433,0.5253088100210312,0.32433109273236593,0.8402219533296982,0.7942995357882523,0.9049974133781021,0.035616301000118256,0.06095420941710472,0.011174358427524567,0.024845033884048462,0.03339153528213501,0.0,26,0,Short
