Gym has been unmaintained since 2022 and does not support NumPy 2.0 amongst other critical functionality.
Please upgrade to Gymnasium, the maintained drop-in replacement of Gym, or contact the authors of your software and request that they upgrade.
Users of this version of Gym should be able to simply replace 'import gym' with 'import gymnasium as gym' in the vast majority of cases.
See the migration guide at https://gymnasium.farama.org/introduction/migration_guide/ for additional information.
/home/jeongmin/miniconda3/envs/thinker/lib/python3.10/site-packages/pygame/pkgdata.py:25: UserWarning: pkg_resources is deprecated as an API. See https://setuptools.pypa.io/en/latest/pkg_resources.html. The pkg_resources package is slated for removal as early as 2025-11-30. Refrain from using this package or pin to Setuptools<81.
  from pkg_resources import resource_stream, resource_exists
Gym has been unmaintained since 2022 and does not support NumPy 2.0 amongst other critical functionality.
Please upgrade to Gymnasium, the maintained drop-in replacement of Gym, or contact the authors of your software and request that they upgrade.
Users of this version of Gym should be able to simply replace 'import gym' with 'import gymnasium as gym' in the vast majority of cases.
See the migration guide at https://gymnasium.farama.org/introduction/migration_guide/ for additional information.
/home/jeongmin/miniconda3/envs/thinker/lib/python3.10/site-packages/pygame/pkgdata.py:25: UserWarning: pkg_resources is deprecated as an API. See https://setuptools.pypa.io/en/latest/pkg_resources.html. The pkg_resources package is slated for removal as early as 2025-11-30. Refrain from using this package or pin to Setuptools<81.
  from pkg_resources import resource_stream, resource_exists
Initializing...
fatal: not a git repository (or any parent up to mount point /)
Stopping at filesystem boundary (GIT_DISCOVERY_ACROSS_FILESYSTEM not set).
2026-08-24 15:59:05,738	INFO worker.py:2003 -- Started a local Ray instance. View the dashboard at [1m[32m127.0.0.1:8265 [39m[22m
/home/jeongmin/miniconda3/envs/thinker/lib/python3.10/site-packages/ray/_private/worker.py:2051: FutureWarning: Tip: In future versions of Ray, Ray will no longer override accelerator visible devices env var if num_gpus=0 or num_gpus=None (default). To enable this behavior and turn off this error message, set RAY_ACCEL_ENV_VAR_OVERRIDE_ON_ZERO=0
  warnings.warn(
Detected 1 GPU 12 CPU
[36m(pid=1433935)[0m Gym has been unmaintained since 2022 and does not support NumPy 2.0 amongst other critical functionality.
[36m(pid=1433935)[0m Please upgrade to Gymnasium, the maintained drop-in replacement of Gym, or contact the authors of your software and request that they upgrade.
[36m(pid=1433935)[0m Users of this version of Gym should be able to simply replace 'import gym' with 'import gymnasium as gym' in the vast majority of cases.
[36m(pid=1433935)[0m See the migration guide at https://gymnasium.farama.org/introduction/migration_guide/ for additional information.
[36m(pid=1433933)[0m /home/jeongmin/miniconda3/envs/thinker/lib/python3.10/site-packages/pygame/pkgdata.py:25: UserWarning: pkg_resources is deprecated as an API. See https://setuptools.pypa.io/en/latest/pkg_resources.html. The pkg_resources package is slated for removal as early as 2025-11-30. Refrain from using this package or pin to Setuptools<81.
[36m(pid=1433933)[0m   from pkg_resources import resource_stream, resource_exists
[36m(SelfPlayWorker pid=1433935)[0m Initializing actor 0 with device cuda
[36m(LogWorker pid=1433929)[0m Initalizing log worker
[36m(SelfPlayWorker pid=1433935)[0m Initializing env 0 with device cuda
[36m(SelfPlayWorker pid=1433935)[0m Init. environment with obs space [91mBox(0, 255, (12, 84, 84), uint8)[0m and action space [91mDiscrete(9)[0m
[36m(SelfPlayWorker pid=1433935)[0m Model network size: 11061450
[36m(SelfPlayWorker pid=1433935)[0m Actor network size: 1708875
[36m(SelfPlayWorker pid=1433935)[0m Actor 0 started.
[36m(SelfPlayWorker pid=1433935)[0m /scratch/jeongmin/dt-10484/p/thinker/thinker/actor_net.py:944: FutureWarning: `torch.cuda.amp.autocast(args...)` is deprecated. Please use `torch.amp.autocast('cuda', args...)` instead.
[36m(SelfPlayWorker pid=1433935)[0m   with autocast(enabled=self.float16):
[36m(SelfPlayWorker pid=1433935)[0m /scratch/jeongmin/dt-10484/p/thinker/thinker/actor_net.py:1477: FutureWarning: `torch.cuda.amp.autocast(args...)` is deprecated. Please use `torch.amp.autocast('cuda', args...)` instead.
[36m(SelfPlayWorker pid=1433935)[0m   with autocast(enabled=self.float16):
[36m(ActorLearner pid=1433940)[0m Init. actor-learning: Using CUDA.
[36m(ModelLearner pid=1433939)[0m Init. model-learning: Using CUDA.
[36m(ActorBuffer pid=1433932)[0m Gym has been unmaintained since 2022 and does not support NumPy 2.0 amongst other critical functionality.[32m [repeated 5x across cluster] (Ray deduplicates logs by default. Set RAY_DEDUP_LOGS=0 to disable log deduplication, or see https://docs.ray.io/en/master/ray-observability/user-guides/configure-logging.html#log-deduplication for more options.)[0m
[36m(ActorBuffer pid=1433932)[0m Please upgrade to Gymnasium, the maintained drop-in replacement of Gym, or contact the authors of your software and request that they upgrade.[32m [repeated 5x across cluster][0m
[36m(ActorBuffer pid=1433932)[0m Users of this version of Gym should be able to simply replace 'import gym' with 'import gymnasium as gym' in the vast majority of cases.[32m [repeated 5x across cluster][0m
[36m(ActorBuffer pid=1433932)[0m See the migration guide at https://gymnasium.farama.org/introduction/migration_guide/ for additional information.[32m [repeated 5x across cluster][0m
[36m(pid=1433940)[0m /home/jeongmin/miniconda3/envs/thinker/lib/python3.10/site-packages/pygame/pkgdata.py:25: UserWarning: pkg_resources is deprecated as an API. See https://setuptools.pypa.io/en/latest/pkg_resources.html. The pkg_resources package is slated for removal as early as 2025-11-30. Refrain from using this package or pin to Setuptools<81.[32m [repeated 4x across cluster][0m
[36m(pid=1433940)[0m   from pkg_resources import resource_stream, resource_exists[32m [repeated 4x across cluster][0m
[36m(ActorLearner pid=1433940)[0m Symlinked log directory: /scratch/jeongmin/dt-10484/p/logs/thinker/latest
[36m(ActorLearner pid=1433940)[0m Saving arguments to /scratch/jeongmin/dt-10484/p/logs/thinker/dynamic-enduro-v5-test-10484/meta.json
[36m(ActorLearner pid=1433940)[0m Saving messages to /scratch/jeongmin/dt-10484/p/logs/thinker/dynamic-enduro-v5-test-10484/out.log
[36m(ActorLearner pid=1433940)[0m Saving logs data to /scratch/jeongmin/dt-10484/p/logs/thinker/dynamic-enduro-v5-test-10484/logs.csv
[36m(ActorLearner pid=1433940)[0m /scratch/jeongmin/dt-10484/p/thinker/thinker/learn_actor.py:195: FutureWarning: `torch.cuda.amp.GradScaler(args...)` is deprecated. Please use `torch.amp.GradScaler('cuda', args...)` instead.
[36m(ActorLearner pid=1433940)[0m   self.scaler = GradScaler(init_scale=2**8)
[36m(ModelLearner pid=1433939)[0m   self.scaler_m = GradScaler(init_scale=2**3) if self.flags.float16 else None
[36m(ModelLearner pid=1433939)[0m   self.scaler_p = GradScaler(init_scale=2**3) if self.flags.float16 else None
[36m(ActorLearner pid=1433940)[0m /scratch/jeongmin/dt-10484/p/thinker/thinker/actor_net.py:944: FutureWarning: `torch.cuda.amp.autocast(args...)` is deprecated. Please use `torch.amp.autocast('cuda', args...)` instead.
[36m(ActorLearner pid=1433940)[0m   with autocast(enabled=self.float16):
[36m(ActorLearner pid=1433940)[0m /scratch/jeongmin/dt-10484/p/thinker/thinker/actor_net.py:1477: FutureWarning: `torch.cuda.amp.autocast(args...)` is deprecated. Please use `torch.amp.autocast('cuda', args...)` instead.
[36m(ActorLearner pid=1433940)[0m   with autocast(enabled=self.float16):
[36m(ActorLearner pid=1433940)[0m Triggering actor step-based checkpoint at step 368 (milestone 0)
[36m(ActorLearner pid=1433940)[0m Saving actor checkpoint to /scratch/jeongmin/dt-10484/p/logs/thinker/dynamic-enduro-v5-test-10484/ckp_actor.tar
[36m(ActorBuffer pid=1433932)[0m /home/jeongmin/miniconda3/envs/thinker/lib/python3.10/site-packages/pygame/pkgdata.py:25: UserWarning: pkg_resources is deprecated as an API. See https://setuptools.pypa.io/en/latest/pkg_resources.html. The pkg_resources package is slated for removal as early as 2025-11-30. Refrain from using this package or pin to Setuptools<81.
[36m(ActorBuffer pid=1433932)[0m   from pkg_resources import resource_stream, resource_exists
[36m(ActorLearner pid=1433940)[0m Saved actor checkpoint at step 368 to /scratch/jeongmin/dt-10484/p/logs/thinker/dynamic-enduro-v5-test-10484/ckp_actor.tar_step_368
[36m(ActorLearner pid=1433940)[0m /scratch/jeongmin/dt-10484/p/thinker/thinker/learn_actor.py:441: UserWarning: Converting a tensor with requires_grad=True to a scalar may lead to unexpected behavior.
[36m(ActorLearner pid=1433940)[0m Consider using tensor.detach() first. (Triggered internally at /pytorch/torch/csrc/autograd/generated/python_variable_methods.cpp:838.)
[36m(ActorLearner pid=1433940)[0m   "\033[1;34m[%s] Steps %i @ %.1f SPS (%.1f). (T_q: %.2f) Eps %i. \033[0m"
[36m(ActorLearner pid=1433940)[0m [1;34m[dynamic-enduro-v5-test-10484] Steps 1360 @ 2532.6 SPS (2532.6). (T_q: 1.51) Eps 0. [0mRet [1;31m0.000000[0m (0.000000/0.000000). Loss -0.00 pg_loss 0.00 entropy_loss -0.23 reg_loss 0.00 total_norm 0.00 mean_abs_v 0.00 last_lr: 3.0000e-04
[36m(ModelLearner pid=1433939)[0m Symlinked log directory: /scratch/jeongmin/dt-10484/p/logs/thinker/latest
[36m(ModelLearner pid=1433939)[0m Saving arguments to /scratch/jeongmin/dt-10484/p/logs/thinker/dynamic-enduro-v5-test-10484/meta_model.json
[36m(ModelLearner pid=1433939)[0m Saving messages to /scratch/jeongmin/dt-10484/p/logs/thinker/dynamic-enduro-v5-test-10484/out_model.log
[36m(ModelLearner pid=1433939)[0m Saving logs data to /scratch/jeongmin/dt-10484/p/logs/thinker/dynamic-enduro-v5-test-10484/logs_model.csv
[36m(ModelLearner pid=1433939)[0m /scratch/jeongmin/dt-10484/p/thinker/thinker/learn_model.py:105: FutureWarning: `torch.cuda.amp.GradScaler(args...)` is deprecated. Please use `torch.amp.GradScaler('cuda', args...)` instead.[32m [repeated 2x across cluster][0m
[36m(ModelLearner pid=1433939)[0m [dynamic-enduro-v5-test-10484] Preloading: 1552/10000
[36m(LogWorker pid=1433929)[0m Steps -1: Read fields for actor
[36m(LogWorker pid=1433929)[0m ['_tick', '_time', 'rmean_episode_return', 'max_episode_return', 'rmean_len', 'rmean_im_episode_return', 'rmean_think_episode_return', 'search/proceed_ratio', 'search/reset_ratio', 'search/stop_ratio', 'search/wait_fraction', 'search/active_batch_fraction', 'search/active_batch_size', 'max_budget', 'mean_budget', 'search/mean_steps', 'search/median_steps', 'search/p95_steps', 'search/forced_stop_rate', 'search/real_transition_fraction', 'step', 'real_step', 'tot_eps', 'episode_returns', 'episode_lens', 'done_ids', 'actor/total_norm', 'actor/mean_abs_v', 'actor/pg_loss', 'actor/baseline_loss', 'actor/im_pg_loss', 'actor/im_baseline_loss', 'actor/think_pg_loss', 'actor/think_baseline_loss', 'actor/entropy_loss', 'actor/im_entropy_loss', 'actor/reg_loss', 'actor/total_loss', 'sps']
[36m(ModelLearner pid=1433939)[0m [dynamic-enduro-v5-test-10484] Preloading: 2288/10000
[36m(ActorLearner pid=1433940)[0m [1;34m[dynamic-enduro-v5-test-10484] Steps 2288 @ 1720.4 SPS (1720.4). (T_q: 3.90) Eps 0. [0mRet [1;31m0.000000[0m (0.000000/0.000000). Loss -0.00 pg_loss 0.00 entropy_loss -0.33 reg_loss 0.00 total_norm 0.00 mean_abs_v 0.01 last_lr: 2.9999e-04
[36m(ModelLearner pid=1433939)[0m [dynamic-enduro-v5-test-10484] Preloading: 3024/10000
[36m(ActorLearner pid=1433940)[0m [1;34m[dynamic-enduro-v5-test-10484] Steps 3040 @ 1501.6 SPS (1501.6). (T_q: 3.74) Eps 0. [0mRet [1;31m0.000000[0m (0.000000/0.000000). Loss -0.00 pg_loss 0.00 entropy_loss -0.25 reg_loss 0.00 total_norm 0.00 mean_abs_v 0.02 last_lr: 2.9999e-04
[36m(ModelLearner pid=1433939)[0m [dynamic-enduro-v5-test-10484] Preloading: 3536/10000
[36m(ActorLearner pid=1433940)[0m [1;34m[dynamic-enduro-v5-test-10484] Steps 3744 @ 1390.7 SPS (1390.7). (T_q: 3.94) Eps 0. [0mRet [1;31m0.000000[0m (0.000000/0.000000). Loss -0.00 pg_loss 0.00 entropy_loss -0.25 reg_loss 0.00 total_norm 0.00 mean_abs_v 0.03 last_lr: 2.9999e-04
[36m(ModelLearner pid=1433939)[0m [dynamic-enduro-v5-test-10484] Preloading: 4112/10000
[36m(ActorLearner pid=1433940)[0m [1;34m[dynamic-enduro-v5-test-10484] Steps 4544 @ 1325.8 SPS (1325.8). (T_q: 3.73) Eps 0. [0mRet [1;31m0.000000[0m (0.000000/0.000000). Loss -0.00 pg_loss 0.00 entropy_loss -0.29 reg_loss 0.00 total_norm 0.00 mean_abs_v 0.04 last_lr: 2.9999e-04
[36m(ModelLearner pid=1433939)[0m [dynamic-enduro-v5-test-10484] Preloading: 4944/10000
[36m(ActorLearner pid=1433940)[0m [1;34m[dynamic-enduro-v5-test-10484] Steps 5360 @ 1283.3 SPS (1283.3). (T_q: 3.94) Eps 0. [0mRet [1;31m0.000000[0m (0.000000/0.000000). Loss -0.00 pg_loss 0.00 entropy_loss -0.28 reg_loss 0.00 total_norm 0.00 mean_abs_v 0.06 last_lr: 2.9998e-04
[36m(ModelLearner pid=1433939)[0m [dynamic-enduro-v5-test-10484] Preloading: 5552/10000
[36m(ModelLearner pid=1433939)[0m [dynamic-enduro-v5-test-10484] Preloading: 6256/10000
[36m(ActorLearner pid=1433940)[0m [1;34m[dynamic-enduro-v5-test-10484] Steps 6256 @ 1248.5 SPS (1248.5). (T_q: 3.94) Eps 0. [0mRet [1;31m0.000000[0m (0.000000/0.000000). Loss -0.00 pg_loss 0.00 entropy_loss -0.32 reg_loss 0.00 total_norm 0.00 mean_abs_v 0.10 last_lr: 2.9998e-04
[36m(ActorLearner pid=1433940)[0m Saving actor checkpoint to /scratch/jeongmin/dt-10484/p/logs/thinker/dynamic-enduro-v5-test-10484/ckp_actor.tar
[36m(ModelLearner pid=1433939)[0m [dynamic-enduro-v5-test-10484] Preloading: 7184/10000
[36m(ActorLearner pid=1433940)[0m [1;34m[dynamic-enduro-v5-test-10484] Steps 7184 @ 1229.2 SPS (1229.2). (T_q: 3.74) Eps 0. [0mRet [1;31m0.000000[0m (0.000000/0.000000). Loss -0.00 pg_loss 0.00 entropy_loss -0.32 reg_loss 0.00 total_norm 0.00 mean_abs_v 0.21 last_lr: 2.9998e-04
[36m(ModelLearner pid=1433939)[0m [dynamic-enduro-v5-test-10484] Preloading: 7728/10000
[36m(ActorLearner pid=1433940)[0m [1;34m[dynamic-enduro-v5-test-10484] Steps 7888 @ 1213.5 SPS (1213.5). (T_q: 3.79) Eps 0. [0mRet [1;31m0.000000[0m (0.000000/0.000000). Loss -0.00 pg_loss 0.00 entropy_loss -0.22 reg_loss 0.00 total_norm 0.00 mean_abs_v 0.46 last_lr: 2.9998e-04
[36m(ModelLearner pid=1433939)[0m [dynamic-enduro-v5-test-10484] Preloading: 8176/10000
[36m(ActorLearner pid=1433940)[0m [1;34m[dynamic-enduro-v5-test-10484] Steps 8448 @ 1201.9 SPS (1201.9). (T_q: 3.66) Eps 0. [0mRet [1;31m0.000000[0m (0.000000/0.000000). Loss -0.00 pg_loss 0.00 entropy_loss -0.21 reg_loss 0.00 total_norm 0.00 mean_abs_v 1.06 last_lr: 2.9997e-04
[36m(ModelLearner pid=1433939)[0m [dynamic-enduro-v5-test-10484] Preloading: 9056/10000
[36m(ActorLearner pid=1433940)[0m [1;34m[dynamic-enduro-v5-test-10484] Steps 9680 @ 1188.9 SPS (1188.9). (T_q: 3.89) Eps 0. [0mRet [1;31m0.000000[0m (0.000000/0.000000). Loss -0.00 pg_loss 0.00 entropy_loss -0.42 reg_loss 0.00 total_norm 0.00 mean_abs_v 0.84 last_lr: 2.9997e-04
[36m(ModelLearner pid=1433939)[0m [dynamic-enduro-v5-test-10484] Preloading: 9984/10000
[36m(ModelLearner pid=1433939)[0m /scratch/jeongmin/dt-10484/p/thinker/thinker/learn_model.py:295: FutureWarning: `torch.cuda.amp.autocast(args...)` is deprecated. Please use `torch.amp.autocast('cuda', args...)` instead.
[36m(ModelLearner pid=1433939)[0m   with autocast(enabled=self.flags.float16):
[36m(ModelLearner pid=1433939)[0m /scratch/jeongmin/dt-10484/p/thinker/thinker/learn_model.py:310: FutureWarning: `torch.cuda.amp.autocast(args...)` is deprecated. Please use `torch.amp.autocast('cuda', args...)` instead.
[36m(ModelLearner pid=1433939)[0m   with autocast(enabled=self.flags.float16):
[36m(ModelLearner pid=1433939)[0m Saving model checkpoint to /scratch/jeongmin/dt-10484/p/logs/thinker/dynamic-enduro-v5-test-10484/ckp_model.tar
[36m(ModelLearner pid=1433939)[0m Triggering model step-based checkpoint at step 10000 (milestone 0)
[36m(ModelLearner pid=1433939)[0m Saving model checkpoint to /scratch/jeongmin/dt-10484/p/logs/thinker/dynamic-enduro-v5-test-10484/ckp_model.tar
[36m(ModelLearner pid=1433939)[0m Saved model checkpoint at step 10000 to /scratch/jeongmin/dt-10484/p/logs/thinker/dynamic-enduro-v5-test-10484/ckp_model.tar_step_10000
[36m(ModelLearner pid=1433939)[0m [dynamic-enduro-v5-test-10484] Steps 10480 (10752[22.4]) @ 151.0 SPS (151.0). norm_m 6247.86 norm_p 10.93 total_loss_m 1.092410 total_loss_p 1.098603 fea_loss 0.044484 done_loss 0.647566
[36m(ActorLearner pid=1433940)[0m [1;34m[dynamic-enduro-v5-test-10484] Steps 10752 @ 1094.7 SPS (1094.7). (T_q: 7.65) Eps 0. [0mRet [1;31m0.000000[0m (0.000000/0.000000). Loss -0.00 pg_loss 0.00 entropy_loss -0.34 reg_loss 0.00 total_norm 0.00 mean_abs_v 0.45 last_lr: 2.9997e-04
[36m(ModelLearner pid=1433939)[0m [dynamic-enduro-v5-test-10484] Steps 10752 (24192[32.1]) @ 314.4 SPS (314.4). norm_m 2366.25 norm_p 6.89 total_loss_m 0.760935 total_loss_p 1.098523 fea_loss 0.012025 done_loss 0.640683
[36m(LogWorker pid=1433929)[0m Steps 10256: Read fields for model
[36m(LogWorker pid=1433929)[0m ['_tick', '_time', 'step', 'real_step', 'model/total_norm_m', 'model/total_norm_p', 'model/rs_loss', 'model/done_loss', 'model/img_loss', 'model/fea_loss', 'model/noise_loss', 'model/total_loss_m', 'model/vs_loss', 'model/policy_loss', 'model/reg_loss', 'model/total_loss_p']
[36m(ModelLearner pid=1433939)[0m [dynamic-enduro-v5-test-10484] Steps 11024 (37632[36.7]) @ 454.4 SPS (454.4). norm_m 2259.48 norm_p 4.45 total_loss_m 0.707405 total_loss_p 1.098457 fea_loss 0.007844 done_loss 0.628970
[36m(ActorLearner pid=1433940)[0m [1;34m[dynamic-enduro-v5-test-10484] Steps 11168 @ 1009.5 SPS (1009.5). (T_q: 7.00) Eps 0. [0mRet [1;31m0.000000[0m (0.000000/0.000000). Loss -0.00 pg_loss 0.00 entropy_loss -0.29 reg_loss 0.00 total_norm 0.00 mean_abs_v 0.37 last_lr: 2.9997e-04
[36m(ModelLearner pid=1433939)[0m [dynamic-enduro-v5-test-10484] Steps 11232 (51072[41.4]) @ 576.1 SPS (576.1). norm_m 3114.71 norm_p 10.29 total_loss_m 0.689746 total_loss_p 1.098484 fea_loss 0.008867 done_loss 0.601078
[36m(ActorLearner pid=1433940)[0m [1;34m[dynamic-enduro-v5-test-10484] Steps 11472 @ 952.1 SPS (952.1). (T_q: 6.13) Eps 0. [0mRet [1;31m0.000000[0m (0.000000/0.000000). Loss -0.00 pg_loss 0.00 entropy_loss -0.20 reg_loss 0.00 total_norm 0.00 mean_abs_v 0.33 last_lr: 2.9997e-04
[36m(ActorLearner pid=1433940)[0m [1;34m[dynamic-enduro-v5-test-10484] Steps 12112 @ 960.3 SPS (960.3). (T_q: 3.84) Eps 0. [0mRet [1;31m0.000000[0m (0.000000/0.000000). Loss -0.00 pg_loss 0.00 entropy_loss -0.23 reg_loss 0.00 total_norm 0.00 mean_abs_v 0.26 last_lr: 2.9996e-04
[36m(ModelLearner pid=1433939)[0m [dynamic-enduro-v5-test-10484] Steps 11392 (61824[44.4]) @ 605.8 SPS (605.8). norm_m 11056.77 norm_p 12.76 total_loss_m 0.585110 total_loss_p 1.098596 fea_loss 0.016489 done_loss 0.420221
[36m(ActorLearner pid=1433940)[0m [1;34m[dynamic-enduro-v5-test-10484] Steps 12720 @ 958.0 SPS (958.0). (T_q: 4.64) Eps 0. [0mRet [1;31m0.000000[0m (0.000000/0.000000). Loss -0.00 pg_loss 0.00 entropy_loss -0.19 reg_loss 0.00 total_norm 0.00 mean_abs_v 0.25 last_lr: 2.9996e-04
[36m(ModelLearner pid=1433939)[0m [dynamic-enduro-v5-test-10484] Steps 12368 (64512[27.2]) @ 593.5 SPS (593.5). norm_m 24059.17 norm_p 22.00 total_loss_m 0.398048 total_loss_p 1.098674 fea_loss 0.033290 done_loss 0.065143
[36m(ActorLearner pid=1433940)[0m [1;34m[dynamic-enduro-v5-test-10484] Steps 13184 @ 956.0 SPS (956.0). (T_q: 4.70) Eps 0. [0mRet [1;31m0.000000[0m (0.000000/0.000000). Loss 0.02 pg_loss 0.00 entropy_loss -0.12 reg_loss 1.35 total_norm 0.05 mean_abs_v 0.89 last_lr: 2.9996e-04
[36m(ModelLearner pid=1433939)[0m [dynamic-enduro-v5-test-10484] Steps 12912 (67200[23.1]) @ 569.2 SPS (569.2). norm_m inf norm_p 6.44 total_loss_m 1.961815 total_loss_p 1.098630 fea_loss 0.195609 done_loss 0.005728
[36m(LogWorker pid=1433929)[0m Steps 12720: Cannot read value inf for key model/total_norm_m: name 'inf' is not defined
[36m(ActorLearner pid=1433940)[0m [1;34m[dynamic-enduro-v5-test-10484] Steps 13584 @ 954.4 SPS (954.4). (T_q: 4.60) Eps 0. [0mRet [1;31m0.000000[0m (0.000000/0.000000). Loss 0.02 pg_loss 0.00 entropy_loss -0.13 reg_loss 0.42 total_norm 0.35 mean_abs_v 1.03 last_lr: 2.9996e-04
[36m(ModelLearner pid=1433939)[0m [dynamic-enduro-v5-test-10484] Steps 13456 (69888[20.2]) @ 567.4 SPS (567.4). norm_m 296352.09 norm_p 20.39 total_loss_m 1.714089 total_loss_p 1.098642 fea_loss 0.171044 done_loss 0.003650
[36m(ActorLearner pid=1433940)[0m [1;34m[dynamic-enduro-v5-test-10484] Steps 14480 @ 952.3 SPS (952.3). (T_q: 4.59) Eps 0. [0mRet [1;31m0.000000[0m (0.000000/0.000000). Loss -0.00 pg_loss 0.00 entropy_loss -0.30 reg_loss 0.00 total_norm 0.00 mean_abs_v 0.30 last_lr: 2.9996e-04
[36m(ModelLearner pid=1433939)[0m [dynamic-enduro-v5-test-10484] Steps 13984 (72576[18.2]) @ 564.6 SPS (564.6). norm_m 6907.64 norm_p 29.55 total_loss_m 0.271174 total_loss_p 1.098681 fea_loss 0.026163 done_loss 0.009545
[36m(ActorLearner pid=1433940)[0m [1;34m[dynamic-enduro-v5-test-10484] Steps 15440 @ 943.7 SPS (943.7). (T_q: 5.32) Eps 0. [0mRet [1;31m0.000000[0m (0.000000/0.000000). Loss -0.00 pg_loss 0.00 entropy_loss -0.33 reg_loss 0.00 total_norm 0.00 mean_abs_v 0.23 last_lr: 2.9995e-04
[36m(ModelLearner pid=1433939)[0m [dynamic-enduro-v5-test-10484] Steps 15056 (77952[15.4]) @ 569.4 SPS (569.4). norm_m 21333.77 norm_p 24.26 total_loss_m 0.467970 total_loss_p 1.098622 fea_loss 0.020932 done_loss 0.258654
[36m(ActorLearner pid=1433940)[0m [1;34m[dynamic-enduro-v5-test-10484] Steps 16432 @ 938.0 SPS (938.0). (T_q: 5.27) Eps 0. [0mRet [1;31m0.000000[0m (0.000000/0.000000). Loss -0.00 pg_loss 0.00 entropy_loss -0.35 reg_loss 0.00 total_norm 0.00 mean_abs_v 0.22 last_lr: 2.9995e-04
[36m(ModelLearner pid=1433939)[0m [dynamic-enduro-v5-test-10484] Steps 16144 (83328[13.6]) @ 574.5 SPS (574.5). norm_m 12782.49 norm_p 18.42 total_loss_m 0.631922 total_loss_p 1.098603 fea_loss 0.031893 done_loss 0.312990
[36m(ActorLearner pid=1433940)[0m [1;34m[dynamic-enduro-v5-test-10484] Steps 17376 @ 932.0 SPS (932.0). (T_q: 5.27) Eps 0. [0mRet [1;31m0.000000[0m (0.000000/0.000000). Loss -0.00 pg_loss 0.00 entropy_loss -0.30 reg_loss 0.00 total_norm 0.00 mean_abs_v 0.23 last_lr: 2.9995e-04
[36m(ModelLearner pid=1433939)[0m [dynamic-enduro-v5-test-10484] Steps 17216 (88704[12.3]) @ 577.8 SPS (577.8). norm_m 10706.08 norm_p 20.77 total_loss_m 0.612520 total_loss_p 1.098675 fea_loss 0.032891 done_loss 0.283607
[36m(ActorLearner pid=1433940)[0m [1;34m[dynamic-enduro-v5-test-10484] Steps 18304 @ 927.8 SPS (927.8). (T_q: 5.15) Eps 0. [0mRet [1;31m0.000000[0m (0.000000/0.000000). Loss -0.00 pg_loss 0.00 entropy_loss -0.31 reg_loss 0.00 total_norm 0.00 mean_abs_v 0.25 last_lr: 2.9995e-04
[36m(ModelLearner pid=1433939)[0m [dynamic-enduro-v5-test-10484] Steps 18288 (94080[11.3]) @ 576.5 SPS (576.5). norm_m 10719.01 norm_p 15.22 total_loss_m 0.719205 total_loss_p 1.098682 fea_loss 0.049675 done_loss 0.222455
[36m(ActorLearner pid=1433940)[0m [1;34m[dynamic-enduro-v5-test-10484] Steps 19072 @ 927.9 SPS (927.9). (T_q: 4.61) Eps 0. [0mRet [1;31m0.000000[0m (0.000000/0.000000). Loss -0.00 pg_loss 0.00 entropy_loss -0.23 reg_loss 0.00 total_norm 0.00 mean_abs_v 0.29 last_lr: 2.9994e-04
[36m(ModelLearner pid=1433939)[0m [dynamic-enduro-v5-test-10484] Steps 18832 (96768[11.0]) @ 575.1 SPS (575.1). norm_m 10389.81 norm_p 15.48 total_loss_m 0.677603 total_loss_p 1.098682 fea_loss 0.049850 done_loss 0.179099
[36m(ActorLearner pid=1433940)[0m [1;34m[dynamic-enduro-v5-test-10484] Steps 19696 @ 928.5 SPS (928.5). (T_q: 4.40) Eps 0. [0mRet [1;31m0.000000[0m (0.000000/0.000000). Loss -0.00 pg_loss 0.00 entropy_loss -0.22 reg_loss 0.00 total_norm 0.00 mean_abs_v 0.38 last_lr: 2.9994e-04
[36m(ModelLearner pid=1433939)[0m [dynamic-enduro-v5-test-10484] Steps 19360 (99456[10.6]) @ 570.4 SPS (570.4). norm_m 11024.64 norm_p 12.22 total_loss_m 0.791731 total_loss_p 1.098645 fea_loss 0.066653 done_loss 0.125203
[36m(ActorLearner pid=1433940)[0m [1;34m[dynamic-enduro-v5-test-10484] Steps 20432 @ 928.6 SPS (928.6). (T_q: 4.56) Eps 0. [0mRet [1;31m0.000000[0m (0.000000/0.000000). Loss -0.00 pg_loss 0.00 entropy_loss -0.24 reg_loss 0.00 total_norm 0.00 mean_abs_v 0.58 last_lr: 2.9994e-04
[36m(ModelLearner pid=1433939)[0m [dynamic-enduro-v5-test-10484] Steps 20432 (104832[10.0]) @ 570.1 SPS (570.1). norm_m 7724.14 norm_p 4.89 total_loss_m 0.850068 total_loss_p 1.098537 fea_loss 0.083794 done_loss 0.012124
[36m(ActorLearner pid=1433940)[0m [1;34m[dynamic-enduro-v5-test-10484] Steps 21232 @ 928.8 SPS (928.8). (T_q: 4.50) Eps 0. [0mRet [1;31m0.000000[0m (0.000000/0.000000). Loss -0.00 pg_loss 0.00 entropy_loss -0.29 reg_loss 0.00 total_norm 0.00 mean_abs_v 0.47 last_lr: 2.9994e-04
[36m(ModelLearner pid=1433939)[0m [dynamic-enduro-v5-test-10484] Steps 21520 (110208[9.6]) @ 572.1 SPS (572.1). norm_m 47864.13 norm_p 4.47 total_loss_m 0.979995 total_loss_p 1.098593 fea_loss 0.097999 done_loss 0.000000
[36m(ActorLearner pid=1433940)[0m [1;34m[dynamic-enduro-v5-test-10484] Steps 22128 @ 924.2 SPS (924.2). (T_q: 5.31) Eps 0. [0mRet [1;31m0.000000[0m (0.000000/0.000000). Loss -0.00 pg_loss 0.00 entropy_loss -0.32 reg_loss 0.00 total_norm 0.00 mean_abs_v 0.51 last_lr: 2.9993e-04
[36m(ActorLearner pid=1433940)[0m [1;34m[dynamic-enduro-v5-test-10484] Steps 23104 @ 923.3 SPS (923.3). (T_q: 4.60) Eps 0. [0mRet [1;31m0.000000[0m (0.000000/0.000000). Loss -0.00 pg_loss 0.00 entropy_loss -0.32 reg_loss 0.00 total_norm 0.00 mean_abs_v 0.50 last_lr: 2.9993e-04
[36m(ModelLearner pid=1433939)[0m [dynamic-enduro-v5-test-10484] Steps 22592 (115584[9.2]) @ 572.4 SPS (572.4). norm_m 13220.84 norm_p 4.11 total_loss_m 1.056331 total_loss_p 1.098596 fea_loss 0.105532 done_loss 0.001013
[36m(ActorLearner pid=1433940)[0m [1;34m[dynamic-enduro-v5-test-10484] Steps 23984 @ 920.6 SPS (920.6). (T_q: 5.13) Eps 0. [0mRet [1;31m0.000000[0m (0.000000/0.000000). Loss -0.00 pg_loss 0.00 entropy_loss -0.32 reg_loss 0.00 total_norm 0.00 mean_abs_v 0.45 last_lr: 2.9993e-04
[36m(ModelLearner pid=1433939)[0m [dynamic-enduro-v5-test-10484] Steps 23664 (120960[8.9]) @ 574.2 SPS (574.2). norm_m 9183.59 norm_p 7.62 total_loss_m 1.048373 total_loss_p 1.098583 fea_loss 0.104519 done_loss 0.003186
[36m(ActorLearner pid=1433940)[0m [1;34m[dynamic-enduro-v5-test-10484] Steps 24880 @ 917.2 SPS (917.2). (T_q: 5.21) Eps 0. [0mRet [1;31m0.000000[0m (0.000000/0.000000). Loss -0.00 pg_loss 0.00 entropy_loss -0.30 reg_loss 0.00 total_norm 0.00 mean_abs_v 0.41 last_lr: 2.9993e-04
[36m(ModelLearner pid=1433939)[0m [dynamic-enduro-v5-test-10484] Steps 24736 (126336[8.6]) @ 576.3 SPS (576.3). norm_m 8927.11 norm_p 5.77 total_loss_m 1.109534 total_loss_p 1.098580 fea_loss 0.110789 done_loss 0.001642
[36m(ActorLearner pid=1433940)[0m [1;34m[dynamic-enduro-v5-test-10484] Steps 25680 @ 921.2 SPS (921.2). (T_q: 3.89) Eps 0. [0mRet [1;31m0.000000[0m (0.000000/0.000000). Loss -0.00 pg_loss 0.00 entropy_loss -0.28 reg_loss 0.00 total_norm 0.00 mean_abs_v 0.37 last_lr: 2.9992e-04
[36m(ModelLearner pid=1433939)[0m [dynamic-enduro-v5-test-10484] Steps 25808 (131712[8.3]) @ 576.6 SPS (576.6). norm_m 35257.42 norm_p 4.61 total_loss_m 1.080767 total_loss_p 1.098570 fea_loss 0.108063 done_loss 0.000137
[36m(ActorLearner pid=1433940)[0m [1;34m[dynamic-enduro-v5-test-10484] Steps 26560 @ 917.6 SPS (917.6). (T_q: 5.37) Eps 0. [0mRet [1;31m0.000000[0m (0.000000/0.000000). Loss -0.00 pg_loss 0.00 entropy_loss -0.29 reg_loss 0.00 total_norm 0.00 mean_abs_v 0.37 last_lr: 2.9992e-04
[36m(ActorLearner pid=1433940)[0m [1;34m[dynamic-enduro-v5-test-10484] Steps 27296 @ 918.4 SPS (918.4). (T_q: 4.53) Eps 0. [0mRet [1;31m0.000000[0m (0.000000/0.000000). Loss -0.00 pg_loss 0.00 entropy_loss -0.25 reg_loss 0.00 total_norm 0.00 mean_abs_v 0.37 last_lr: 2.9992e-04
[36m(ModelLearner pid=1433939)[0m [dynamic-enduro-v5-test-10484] Steps 26896 (137088[8.1]) @ 574.0 SPS (574.0). norm_m 80804.14 norm_p 7.75 total_loss_m 0.822060 total_loss_p 1.098597 fea_loss 0.082205 done_loss 0.000009
[36m(ActorLearner pid=1433940)[0m [1;34m[dynamic-enduro-v5-test-10484] Steps 28096 @ 915.3 SPS (915.3). (T_q: 5.35) Eps 0. [0mRet [1;31m0.000000[0m (0.000000/0.000000). Loss -0.00 pg_loss 0.00 entropy_loss -0.28 reg_loss 0.00 total_norm 0.00 mean_abs_v 0.41 last_lr: 2.9992e-04
[36m(ModelLearner pid=1433939)[0m [dynamic-enduro-v5-test-10484] Steps 27968 (142464[7.9]) @ 574.8 SPS (574.8). norm_m 45439.50 norm_p 8.62 total_loss_m 0.736853 total_loss_p 1.098579 fea_loss 0.073673 done_loss 0.000121
[36m(ActorLearner pid=1433940)[0m [1;34m[dynamic-enduro-v5-test-10484] Steps 28928 @ 883.9 SPS (917.1). (T_q: 4.17) Eps 0. [0mRet [1;31m0.000000[0m (0.000000/0.000000). Loss -0.00 pg_loss 0.00 entropy_loss -0.28 reg_loss 0.00 total_norm 0.00 mean_abs_v 0.45 last_lr: 2.9991e-04
[36m(ModelLearner pid=1433939)[0m [dynamic-enduro-v5-test-10484] Steps 28496 (145152[7.8]) @ 573.4 SPS (573.4). norm_m 39970.33 norm_p 7.10 total_loss_m 0.728915 total_loss_p 1.098616 fea_loss 0.072870 done_loss 0.000211
[36m(ActorLearner pid=1433940)[0m [1;34m[dynamic-enduro-v5-test-10484] Steps 29728 @ 877.8 SPS (914.1). (T_q: 5.25) Eps 0. [0mRet [1;31m0.000000[0m (0.000000/0.000000). Loss -0.00 pg_loss 0.00 entropy_loss -0.27 reg_loss 0.00 total_norm 0.00 mean_abs_v 0.49 last_lr: 2.9991e-04
[36m(ModelLearner pid=1433939)[0m [dynamic-enduro-v5-test-10484] Steps 29584 (150528[7.7]) @ 574.3 SPS (574.3). norm_m 25030.87 norm_p 7.33 total_loss_m 0.588417 total_loss_p 1.098632 fea_loss 0.058833 done_loss 0.000087
[36m(ActorLearner pid=1433940)[0m [1;34m[dynamic-enduro-v5-test-10484] Steps 30592 @ 874.2 SPS (914.5). (T_q: 4.56) Eps 0. [0mRet [1;31m0.000000[0m (0.000000/0.000000). Loss -0.00 pg_loss 0.00 entropy_loss -0.30 reg_loss 0.00 total_norm 0.00 mean_abs_v 0.52 last_lr: 2.9991e-04
[36m(ModelLearner pid=1433939)[0m [dynamic-enduro-v5-test-10484] Steps 30112 (153216[7.6]) @ 572.3 SPS (572.3). norm_m 56803.64 norm_p 4.76 total_loss_m 0.722773 total_loss_p 1.098600 fea_loss 0.072268 done_loss 0.000096
[36m(ActorLearner pid=1433940)[0m [1;34m[dynamic-enduro-v5-test-10484] Steps 31424 @ 867.9 SPS (911.8). (T_q: 5.17) Eps 0. [0mRet [1;31m0.000000[0m (0.000000/0.000000). Loss -0.00 pg_loss 0.00 entropy_loss -0.29 reg_loss 0.00 total_norm 0.00 mean_abs_v 0.52 last_lr: 2.9991e-04
[36m(ModelLearner pid=1433939)[0m [dynamic-enduro-v5-test-10484] Steps 31184 (158592[7.5]) @ 573.9 SPS (573.9). norm_m 20418.57 norm_p 4.40 total_loss_m 0.589832 total_loss_p 1.098615 fea_loss 0.058971 done_loss 0.000122
[36m(ActorLearner pid=1433940)[0m [1;34m[dynamic-enduro-v5-test-10484] Steps 32336 @ 861.6 SPS (909.3). (T_q: 5.27) Eps 0. [0mRet [1;31m0.000000[0m (0.000000/0.000000). Loss -0.00 pg_loss 0.00 entropy_loss -0.30 reg_loss 0.00 total_norm 0.00 mean_abs_v 0.49 last_lr: 2.9990e-04
[36m(ModelLearner pid=1433939)[0m [dynamic-enduro-v5-test-10484] Steps 32272 (163968[7.4]) @ 575.6 SPS (575.6). norm_m 15615.74 norm_p 7.34 total_loss_m 0.449278 total_loss_p 1.098616 fea_loss 0.044910 done_loss 0.000176
[36m(ActorLearner pid=1433940)[0m [1;34m[dynamic-enduro-v5-test-10484] Steps 33232 @ 859.4 SPS (910.8). (T_q: 4.31) Eps 0. [0mRet [1;31m0.000000[0m (0.000000/0.000000). Loss -0.00 pg_loss 0.00 entropy_loss -0.28 reg_loss 0.00 total_norm 0.00 mean_abs_v 0.44 last_lr: 2.9990e-04
[36m(ModelLearner pid=1433939)[0m [dynamic-enduro-v5-test-10484] Steps 32800 (166656[7.3]) @ 574.2 SPS (574.2). norm_m 12813.22 norm_p 5.31 total_loss_m 0.435223 total_loss_p 1.098601 fea_loss 0.043507 done_loss 0.000156
[36m(ActorLearner pid=1433940)[0m [1;34m[dynamic-enduro-v5-test-10484] Steps 34032 @ 853.9 SPS (908.6). (T_q: 5.26) Eps 0. [0mRet [1;31m0.000000[0m (0.000000/0.000000). Loss -0.00 pg_loss 0.00 entropy_loss -0.27 reg_loss 0.00 total_norm 0.00 mean_abs_v 0.40 last_lr: 2.9990e-04
[36m(ModelLearner pid=1433939)[0m [dynamic-enduro-v5-test-10484] Steps 33872 (172032[7.2]) @ 574.9 SPS (574.9). norm_m 10200.83 norm_p 9.71 total_loss_m 0.454813 total_loss_p 1.098578 fea_loss 0.045473 done_loss 0.000085
[36m(ActorLearner pid=1433940)[0m [1;34m[dynamic-enduro-v5-test-10484] Steps 34880 @ 851.4 SPS (909.9). (T_q: 4.25) Eps 0. [0mRet [1;31m0.000000[0m (0.000000/0.000000). Loss -0.00 pg_loss 0.00 entropy_loss -0.31 reg_loss 0.00 total_norm 0.00 mean_abs_v 0.39 last_lr: 2.9990e-04
[36m(ModelLearner pid=1433939)[0m [dynamic-enduro-v5-test-10484] Steps 34416 (174720[7.2]) @ 573.9 SPS (573.9). norm_m 34266.55 norm_p 10.53 total_loss_m 0.409020 total_loss_p 1.098579 fea_loss 0.040894 done_loss 0.000085
[36m(ActorLearner pid=1433940)[0m [1;34m[dynamic-enduro-v5-test-10484] Steps 35696 @ 845.2 SPS (907.8). (T_q: 5.30) Eps 0. [0mRet [1;31m0.000000[0m (0.000000/0.000000). Loss -0.00 pg_loss 0.00 entropy_loss -0.27 reg_loss 0.00 total_norm 0.00 mean_abs_v 0.40 last_lr: 2.9989e-04
[36m(ModelLearner pid=1433939)[0m [dynamic-enduro-v5-test-10484] Steps 35488 (180096[7.1]) @ 574.4 SPS (574.4). norm_m 9721.67 norm_p 10.51 total_loss_m 0.410111 total_loss_p 1.098575 fea_loss 0.041005 done_loss 0.000064
[36m(ActorLearner pid=1433940)[0m [1;34m[dynamic-enduro-v5-test-10484] Steps 36448 @ 842.0 SPS (908.5). (T_q: 4.73) Eps 0. [0mRet [1;31m0.000000[0m (0.000000/0.000000). Loss -0.00 pg_loss 0.00 entropy_loss -0.25 reg_loss 0.00 total_norm 0.00 mean_abs_v 0.42 last_lr: 2.9989e-04
[36m(ModelLearner pid=1433939)[0m [dynamic-enduro-v5-test-10484] Steps 36032 (182784[7.0]) @ 572.7 SPS (572.7). norm_m 10193.45 norm_p 11.52 total_loss_m 0.326574 total_loss_p 1.098551 fea_loss 0.032654 done_loss 0.000036
[36m(ActorLearner pid=1433940)[0m [1;34m[dynamic-enduro-v5-test-10484] Steps 37360 @ 836.3 SPS (906.4). (T_q: 5.35) Eps 0. [0mRet [1;31m0.000000[0m (0.000000/0.000000). Loss -0.00 pg_loss 0.00 entropy_loss -0.30 reg_loss 0.00 total_norm 0.00 mean_abs_v 0.51 last_lr: 2.9989e-04
[36m(ModelLearner pid=1433939)[0m [dynamic-enduro-v5-test-10484] Steps 37104 (188160[6.9]) @ 574.0 SPS (574.0). norm_m 6182.94 norm_p 15.33 total_loss_m 0.293355 total_loss_p 1.098649 fea_loss 0.029332 done_loss 0.000038
[36m(ActorLearner pid=1433940)[0m [1;34m[dynamic-enduro-v5-test-10484] Steps 38256 @ 848.0 SPS (904.4). (T_q: 5.34) Eps 0. [0mRet [1;31m0.000000[0m (0.000000/0.000000). Loss -0.00 pg_loss 0.00 entropy_loss -0.30 reg_loss 0.00 total_norm 0.00 mean_abs_v 0.53 last_lr: 2.9989e-04
[36m(ModelLearner pid=1433939)[0m [dynamic-enduro-v5-test-10484] Steps 38176 (193536[6.9]) @ 575.7 SPS (575.7). norm_m 7219.13 norm_p 11.91 total_loss_m 0.365449 total_loss_p 1.098619 fea_loss 0.036540 done_loss 0.000047
[36m(ActorLearner pid=1433940)[0m [1;34m[dynamic-enduro-v5-test-10484] Steps 39168 @ 869.0 SPS (904.4). (T_q: 4.65) Eps 0. [0mRet [1;31m0.000000[0m (0.000000/0.000000). Loss -0.00 pg_loss 0.00 entropy_loss -0.28 reg_loss 0.00 total_norm 0.00 mean_abs_v 0.50 last_lr: 2.9988e-04
[36m(ModelLearner pid=1433939)[0m [dynamic-enduro-v5-test-10484] Steps 38720 (196224[6.8]) @ 685.9 SPS (574.4). norm_m 14583.13 norm_p 5.61 total_loss_m 0.340302 total_loss_p 1.098583 fea_loss 0.034025 done_loss 0.000048
[36m(ActorLearner pid=1433940)[0m [1;34m[dynamic-enduro-v5-test-10484] Steps 40032 @ 884.6 SPS (902.9). (T_q: 5.16) Eps 0. [0mRet [1;31m0.000000[0m (0.000000/0.000000). Loss -0.00 pg_loss 0.00 entropy_loss -0.29 reg_loss 0.00 total_norm 0.00 mean_abs_v 0.45 last_lr: 2.9988e-04
[36m(ModelLearner pid=1433939)[0m [dynamic-enduro-v5-test-10484] Steps 39792 (201600[6.8]) @ 648.6 SPS (575.2). norm_m 10248.05 norm_p 7.19 total_loss_m 0.403333 total_loss_p 1.098612 fea_loss 0.040329 done_loss 0.000038
[36m(ActorLearner pid=1433940)[0m [1;34m[dynamic-enduro-v5-test-10484] Steps 40864 @ 879.0 SPS (901.9). (T_q: 5.00) Eps 0. [0mRet [1;31m0.000000[0m (0.000000/0.000000). Loss -0.00 pg_loss 0.00 entropy_loss -0.27 reg_loss 0.00 total_norm 0.00 mean_abs_v 0.41 last_lr: 2.9988e-04
[36m(ModelLearner pid=1433939)[0m [dynamic-enduro-v5-test-10484] Steps 40864 (206976[6.7]) @ 610.2 SPS (574.4). norm_m 8575.50 norm_p 2.62 total_loss_m 0.310227 total_loss_p 1.098589 fea_loss 0.031019 done_loss 0.000033
[36m(ActorLearner pid=1433940)[0m [1;34m[dynamic-enduro-v5-test-10484] Steps 41696 @ 879.1 SPS (902.4). (T_q: 4.62) Eps 0. [0mRet [1;31m0.000000[0m (0.000000/0.000000). Loss -0.00 pg_loss 0.00 entropy_loss -0.28 reg_loss 0.00 total_norm 0.00 mean_abs_v 0.39 last_lr: 2.9987e-04
[36m(ModelLearner pid=1433939)[0m [dynamic-enduro-v5-test-10484] Steps 41936 (212352[6.6]) @ 574.8 SPS (575.1). norm_m 12155.87 norm_p 3.63 total_loss_m 0.407487 total_loss_p 1.098582 fea_loss 0.040746 done_loss 0.000026
[36m(ActorLearner pid=1433940)[0m [1;34m[dynamic-enduro-v5-test-10484] Steps 42528 @ 876.2 SPS (900.7). (T_q: 5.31) Eps 0. [0mRet [1;31m0.000000[0m (0.000000/0.000000). Loss -0.00 pg_loss 0.00 entropy_loss -0.30 reg_loss 0.00 total_norm 0.00 mean_abs_v 0.40 last_lr: 2.9987e-04
[36m(ModelLearner pid=1433939)[0m [dynamic-enduro-v5-test-10484] Steps 42480 (215040[6.6]) @ 562.1 SPS (574.0). norm_m 35431.91 norm_p 5.36 total_loss_m 0.490282 total_loss_p 1.098578 fea_loss 0.049028 done_loss 0.000004
[36m(ActorLearner pid=1433940)[0m [1;34m[dynamic-enduro-v5-test-10484] Steps 43376 @ 876.4 SPS (901.4). (T_q: 4.42) Eps 0. [0mRet [1;31m0.000000[0m (0.000000/0.000000). Loss -0.00 pg_loss 0.00 entropy_loss -0.29 reg_loss 0.00 total_norm 0.00 mean_abs_v 0.42 last_lr: 2.9987e-04
[36m(ModelLearner pid=1433939)[0m [dynamic-enduro-v5-test-10484] Steps 43552 (220416[6.6]) @ 566.8 SPS (574.4). norm_m 17129.48 norm_p 4.65 total_loss_m 0.391769 total_loss_p 1.098560 fea_loss 0.039175 done_loss 0.000021
[36m(ActorLearner pid=1433940)[0m [1;34m[dynamic-enduro-v5-test-10484] Steps 44176 @ 873.8 SPS (899.9). (T_q: 5.24) Eps 0. [0mRet [1;31m0.000000[0m (0.000000/0.000000). Loss -0.00 pg_loss 0.00 entropy_loss -0.26 reg_loss 0.00 total_norm 0.00 mean_abs_v 0.45 last_lr: 2.9987e-04
[36m(ModelLearner pid=1433939)[0m [dynamic-enduro-v5-test-10484] Steps 44096 (223104[6.5]) @ 574.9 SPS (573.2). norm_m 4775.33 norm_p 3.08 total_loss_m 0.350692 total_loss_p 1.098546 fea_loss 0.035069 done_loss 0.000005
[36m(ActorLearner pid=1433940)[0m [1;34m[dynamic-enduro-v5-test-10484] Steps 45008 @ 877.6 SPS (900.5). (T_q: 4.45) Eps 0. [0mRet [1;31m0.000000[0m (0.000000/0.000000). Loss -0.00 pg_loss 0.00 entropy_loss -0.29 reg_loss 0.00 total_norm 0.00 mean_abs_v 0.47 last_lr: 2.9986e-04
[36m(ModelLearner pid=1433939)[0m [dynamic-enduro-v5-test-10484] Steps 45168 (228480[6.5]) @ 577.0 SPS (574.0). norm_m 12919.49 norm_p 1.94 total_loss_m 0.402171 total_loss_p 1.098575 fea_loss 0.040214 done_loss 0.000034
[36m(ActorLearner pid=1433940)[0m [1;34m[dynamic-enduro-v5-test-10484] Steps 45856 @ 877.3 SPS (899.1). (T_q: 5.23) Eps 0. [0mRet [1;31m0.000000[0m (0.000000/0.000000). Loss -0.00 pg_loss 0.00 entropy_loss -0.28 reg_loss 0.00 total_norm 0.00 mean_abs_v 0.44 last_lr: 2.9986e-04
[36m(ModelLearner pid=1433939)[0m [dynamic-enduro-v5-test-10484] Steps 46240 (233856[6.5]) @ 580.3 SPS (575.3). norm_m 6133.56 norm_p 3.64 total_loss_m 0.336480 total_loss_p 1.098582 fea_loss 0.033641 done_loss 0.000070
[36m(ActorLearner pid=1433940)[0m [1;34m[dynamic-enduro-v5-test-10484] Steps 46784 @ 878.5 SPS (898.4). (T_q: 5.04) Eps 0. [0mRet [1;31m0.000000[0m (0.000000/0.000000). Loss -0.00 pg_loss 0.00 entropy_loss -0.31 reg_loss 0.00 total_norm 0.00 mean_abs_v 0.45 last_lr: 2.9986e-04
[36m(ModelLearner pid=1433939)[0m [dynamic-enduro-v5-test-10484] Steps 46784 (236544[6.4]) @ 577.2 SPS (574.6). norm_m 9102.66 norm_p 3.01 total_loss_m 0.341544 total_loss_p 1.098567 fea_loss 0.034149 done_loss 0.000054
[36m(ActorLearner pid=1433940)[0m [1;34m[dynamic-enduro-v5-test-10484] Steps 47664 @ 880.9 SPS (898.9). (T_q: 4.51) Eps 0. [0mRet [1;31m0.000000[0m (0.000000/0.000000). Loss -0.00 pg_loss 0.00 entropy_loss -0.31 reg_loss 0.00 total_norm 0.00 mean_abs_v 0.45 last_lr: 2.9986e-04
[36m(ModelLearner pid=1433939)[0m [dynamic-enduro-v5-test-10484] Steps 47856 (241920[6.4]) @ 575.7 SPS (575.3). norm_m 6047.98 norm_p 3.63 total_loss_m 0.324647 total_loss_p 1.098572 fea_loss 0.032456 done_loss 0.000085
[36m(ActorLearner pid=1433940)[0m [1;34m[dynamic-enduro-v5-test-10484] Steps 48480 @ 877.7 SPS (897.4). (T_q: 5.42) Eps 0. [0mRet [1;31m0.000000[0m (0.000000/0.000000). Loss -0.00 pg_loss 0.00 entropy_loss -0.28 reg_loss 0.00 total_norm 0.00 mean_abs_v 0.44 last_lr: 2.9985e-04
[36m(ModelLearner pid=1433939)[0m [dynamic-enduro-v5-test-10484] Steps 48400 (244608[6.4]) @ 571.8 SPS (574.0). norm_m 6789.77 norm_p 2.88 total_loss_m 0.349632 total_loss_p 1.098541 fea_loss 0.034954 done_loss 0.000096
[36m(ActorLearner pid=1433940)[0m [1;34m[dynamic-enduro-v5-test-10484] Steps 49280 @ 877.5 SPS (898.0). (T_q: 4.31) Eps 0. [0mRet [1;31m0.000000[0m (0.000000/0.000000). Loss -0.00 pg_loss 0.00 entropy_loss -0.26 reg_loss 0.00 total_norm 0.00 mean_abs_v 0.44 last_lr: 2.9985e-04
[36m(ModelLearner pid=1433939)[0m [dynamic-enduro-v5-test-10484] Steps 49472 (249984[6.3]) @ 573.4 SPS (574.6). norm_m 22569.59 norm_p 4.38 total_loss_m 0.342427 total_loss_p 1.098573 fea_loss 0.034238 done_loss 0.000050
[36m(ActorLearner pid=1433940)[0m [1;34m[dynamic-enduro-v5-test-10484] Steps 50112 @ 874.6 SPS (896.9). (T_q: 5.34) Eps 0. [0mRet [1;31m0.000000[0m (0.000000/0.000000). Loss -0.00 pg_loss 0.00 entropy_loss -0.30 reg_loss 0.00 total_norm 0.00 mean_abs_v 0.47 last_lr: 2.9985e-04
[36m(ModelLearner pid=1433939)[0m [dynamic-enduro-v5-test-10484] Steps 50000 (252672[6.3]) @ 572.2 SPS (573.3). norm_m 10568.05 norm_p 4.32 total_loss_m 0.317076 total_loss_p 1.098585 fea_loss 0.031702 done_loss 0.000054
[36m(ActorLearner pid=1433940)[0m [1;34m[dynamic-enduro-v5-test-10484] Steps 50928 @ 874.7 SPS (897.4). (T_q: 4.38) Eps 0. [0mRet [1;31m0.000000[0m (0.000000/0.000000). Loss -0.00 pg_loss 0.00 entropy_loss -0.28 reg_loss 0.00 total_norm 0.00 mean_abs_v 0.48 last_lr: 2.9985e-04
[36m(ModelLearner pid=1433939)[0m [dynamic-enduro-v5-test-10484] Steps 51088 (258048[6.3]) @ 576.5 SPS (574.1). norm_m 93658.28 norm_p 8.84 total_loss_m 0.294623 total_loss_p 1.098625 fea_loss 0.029459 done_loss 0.000034
[36m(ActorLearner pid=1433940)[0m [1;34m[dynamic-enduro-v5-test-10484] Steps 51792 @ 875.1 SPS (896.2). (T_q: 5.28) Eps 0. [0mRet [1;31m0.000000[0m (0.000000/0.000000). Loss -0.00 pg_loss 0.00 entropy_loss -0.30 reg_loss 0.00 total_norm 0.00 mean_abs_v 0.48 last_lr: 2.9984e-04
[36m(ActorLearner pid=1433940)[0m [1;34m[dynamic-enduro-v5-test-10484] Steps 52640 @ 875.4 SPS (896.5). (T_q: 4.37) Eps 0. [0mRet [1;31m0.000000[0m (0.000000/0.000000). Loss -0.00 pg_loss 0.00 entropy_loss -0.30 reg_loss 0.00 total_norm 0.00 mean_abs_v 0.48 last_lr: 2.9984e-04
[36m(ModelLearner pid=1433939)[0m [dynamic-enduro-v5-test-10484] Steps 52160 (263424[6.2]) @ 575.9 SPS (573.6). norm_m 27565.62 norm_p 3.41 total_loss_m 0.342507 total_loss_p 1.098537 fea_loss 0.034242 done_loss 0.000091
[36m(SelfPlayWorker pid=1433935)[0m [DEBUG] Episode termination detected:
[36m(SelfPlayWorker pid=1433935)[0m   - done: tensor([False, False, False,  True, False, False, False, False, False, False,
[36m(SelfPlayWorker pid=1433935)[0m         False, False, False, False,  True, False], device='cuda:0')
[36m(SelfPlayWorker pid=1433935)[0m   - truncated_done: tensor([False, False, False, False, False, False, False, False, False, False,
[36m(SelfPlayWorker pid=1433935)[0m         False, False, False, False, False, False], device='cuda:0')
[36m(SelfPlayWorker pid=1433935)[0m   - real_done: tensor([False, False, False,  True, False, False, False, False, False, False,
[36m(SelfPlayWorker pid=1433935)[0m         False, False, False, False,  True, False], device='cuda:0')
[36m(SelfPlayWorker pid=1433935)[0m   - step_status: tensor([0, 0, 0, 0, 0, 0, 0, 0, 0, 0, 0, 0, 0, 0, 0, 0], device='cuda:0')
[36m(SelfPlayWorker pid=1433935)[0m   - counter: 25941
[36m(SelfPlayWorker pid=1433935)[0m [DEBUG] Episode termination detected:
[36m(SelfPlayWorker pid=1433935)[0m   - done: tensor([False, False,  True, False,  True, False, False, False, False, False,
[36m(SelfPlayWorker pid=1433935)[0m          True,  True, False, False, False, False], device='cuda:0')
[36m(SelfPlayWorker pid=1433935)[0m   - truncated_done: tensor([False, False, False, False, False, False, False, False, False, False,
[36m(SelfPlayWorker pid=1433935)[0m         False, False, False, False, False, False], device='cuda:0')
[36m(SelfPlayWorker pid=1433935)[0m   - real_done: tensor([False, False,  True, False,  True, False, False, False, False, False,
[36m(SelfPlayWorker pid=1433935)[0m          True,  True, False, False, False, False], device='cuda:0')
[36m(SelfPlayWorker pid=1433935)[0m   - step_status: tensor([0, 0, 0, 0, 0, 0, 0, 0, 0, 0, 0, 0, 0, 0, 0, 0], device='cuda:0')
[36m(SelfPlayWorker pid=1433935)[0m   - counter: 25951
[36m(SelfPlayWorker pid=1433935)[0m [DEBUG] Episode termination detected:
[36m(SelfPlayWorker pid=1433935)[0m   - done: tensor([False, False, False, False, False, False, False, False, False,  True,
[36m(SelfPlayWorker pid=1433935)[0m         False, False, False, False, False, False], device='cuda:0')
[36m(SelfPlayWorker pid=1433935)[0m   - truncated_done: tensor([False, False, False, False, False, False, False, False, False, False,
[36m(SelfPlayWorker pid=1433935)[0m         False, False, False, False, False, False], device='cuda:0')
[36m(SelfPlayWorker pid=1433935)[0m   - real_done: tensor([False, False, False, False, False, False, False, False, False,  True,
[36m(SelfPlayWorker pid=1433935)[0m         False, False, False, False, False, False], device='cuda:0')
[36m(SelfPlayWorker pid=1433935)[0m   - step_status: tensor([0, 0, 0, 0, 0, 0, 0, 0, 0, 0, 0, 0, 0, 0, 0, 0], device='cuda:0')
[36m(SelfPlayWorker pid=1433935)[0m   - counter: 25956
[36m(SelfPlayWorker pid=1433935)[0m [DEBUG] Episode termination detected:
[36m(SelfPlayWorker pid=1433935)[0m   - done: tensor([ True, False, False, False, False, False, False, False,  True, False,
[36m(SelfPlayWorker pid=1433935)[0m         False, False,  True, False, False, False], device='cuda:0')
[36m(SelfPlayWorker pid=1433935)[0m   - truncated_done: tensor([False, False, False, False, False, False, False, False, False, False,
[36m(SelfPlayWorker pid=1433935)[0m         False, False, False, False, False, False], device='cuda:0')
[36m(SelfPlayWorker pid=1433935)[0m   - real_done: tensor([ True, False, False, False, False, False, False, False,  True, False,
[36m(SelfPlayWorker pid=1433935)[0m         False, False,  True, False, False, False], device='cuda:0')
[36m(SelfPlayWorker pid=1433935)[0m   - step_status: tensor([0, 0, 0, 0, 0, 0, 0, 0, 0, 0, 0, 0, 0, 0, 0, 0], device='cuda:0')
[36m(SelfPlayWorker pid=1433935)[0m   - counter: 25970
[36m(SelfPlayWorker pid=1433935)[0m [DEBUG] Episode termination detected:
[36m(SelfPlayWorker pid=1433935)[0m   - done: tensor([False, False, False, False, False, False, False,  True, False, False,
[36m(SelfPlayWorker pid=1433935)[0m         False, False, False, False, False, False], device='cuda:0')
[36m(SelfPlayWorker pid=1433935)[0m   - truncated_done: tensor([False, False, False, False, False, False, False, False, False, False,
[36m(SelfPlayWorker pid=1433935)[0m         False, False, False, False, False, False], device='cuda:0')
[36m(SelfPlayWorker pid=1433935)[0m   - real_done: tensor([False, False, False, False, False, False, False,  True, False, False,
[36m(SelfPlayWorker pid=1433935)[0m         False, False, False, False, False, False], device='cuda:0')
[36m(SelfPlayWorker pid=1433935)[0m   - step_status: tensor([0, 0, 0, 0, 0, 0, 0, 0, 0, 0, 0, 0, 0, 0, 0, 0], device='cuda:0')
[36m(SelfPlayWorker pid=1433935)[0m   - counter: 25977
[36m(SelfPlayWorker pid=1433935)[0m [DEBUG] Episode termination detected:
[36m(SelfPlayWorker pid=1433935)[0m   - done: tensor([False,  True, False, False, False,  True, False, False, False, False,
[36m(SelfPlayWorker pid=1433935)[0m         False, False, False, False, False, False], device='cuda:0')
[36m(SelfPlayWorker pid=1433935)[0m   - truncated_done: tensor([False, False, False, False, False, False, False, False, False, False,
[36m(SelfPlayWorker pid=1433935)[0m         False, False, False, False, False, False], device='cuda:0')
[36m(SelfPlayWorker pid=1433935)[0m   - real_done: tensor([False,  True, False, False, False,  True, False, False, False, False,
[36m(SelfPlayWorker pid=1433935)[0m         False, False, False, False, False, False], device='cuda:0')
[36m(SelfPlayWorker pid=1433935)[0m   - step_status: tensor([0, 0, 0, 0, 0, 0, 0, 0, 0, 0, 0, 0, 0, 0, 0, 0], device='cuda:0')
[36m(SelfPlayWorker pid=1433935)[0m   - counter: 25984
[36m(SelfPlayWorker pid=1433935)[0m [DEBUG] Episode termination detected:
[36m(SelfPlayWorker pid=1433935)[0m   - done: tensor([False, False, False, False, False, False,  True, False, False, False,
[36m(SelfPlayWorker pid=1433935)[0m         False, False, False,  True, False,  True], device='cuda:0')
[36m(SelfPlayWorker pid=1433935)[0m   - truncated_done: tensor([False, False, False, False, False, False, False, False, False, False,
[36m(SelfPlayWorker pid=1433935)[0m         False, False, False, False, False, False], device='cuda:0')
[36m(SelfPlayWorker pid=1433935)[0m   - real_done: tensor([False, False, False, False, False, False,  True, False, False, False,
[36m(SelfPlayWorker pid=1433935)[0m         False, False, False,  True, False,  True], device='cuda:0')
[36m(SelfPlayWorker pid=1433935)[0m   - step_status: tensor([0, 0, 0, 0, 0, 0, 0, 0, 0, 0, 0, 0, 0, 0, 0, 0], device='cuda:0')
[36m(SelfPlayWorker pid=1433935)[0m   - counter: 25992
[36m(ActorLearner pid=1433940)[0m [DEBUG] Episode counter increased:
[36m(ActorLearner pid=1433940)[0m   - real_done_count: 16
[36m(ActorLearner pid=1433940)[0m   - tot_eps: 16
[36m(ActorLearner pid=1433940)[0m   - train_actor_out.real_done: tensor([[False, False, False,  ..., False, False, False],
[36m(ActorLearner pid=1433940)[0m         [False, False, False,  ..., False, False, False],
[36m(ActorLearner pid=1433940)[0m         [False, False, False,  ..., False, False, False],
[36m(ActorLearner pid=1433940)[0m         ...,
[36m(ActorLearner pid=1433940)[0m         [False, False, False,  ..., False, False, False],
[36m(ActorLearner pid=1433940)[0m         [False, False, False,  ..., False, False, False],
[36m(ActorLearner pid=1433940)[0m         [False, False, False,  ..., False, False, False]], device='cuda:0')
[36m(ActorLearner pid=1433940)[0m   - train_actor_out.done: tensor([[False, False, False,  ..., False, False, False],
[36m(ActorLearner pid=1433940)[0m         [False, False, False,  ..., False, False, False],
[36m(ActorLearner pid=1433940)[0m         [False, False, False,  ..., False, False, False],
[36m(ActorLearner pid=1433940)[0m         ...,
[36m(ActorLearner pid=1433940)[0m         [False, False, False,  ..., False, False, False],
[36m(ActorLearner pid=1433940)[0m         [False, False, False,  ..., False, False, False],
[36m(ActorLearner pid=1433940)[0m         [False, False, False,  ..., False, False, False]], device='cuda:0')
[36m(ActorLearner pid=1433940)[0m   - train_actor_out.truncated_done: tensor([[False, False, False,  ..., False, False, False],
[36m(ActorLearner pid=1433940)[0m         [False, False, False,  ..., False, False, False],
[36m(ActorLearner pid=1433940)[0m         [False, False, False,  ..., False, False, False],
[36m(ActorLearner pid=1433940)[0m         ...,
[36m(ActorLearner pid=1433940)[0m         [False, False, False,  ..., False, False, False],
[36m(ActorLearner pid=1433940)[0m         [False, False, False,  ..., False, False, False],
[36m(ActorLearner pid=1433940)[0m         [False, False, False,  ..., False, False, False]], device='cuda:0')
[36m(ActorLearner pid=1433940)[0m [1;34m[dynamic-enduro-v5-test-10484] Steps 53536 @ 874.8 SPS (895.4). (T_q: 5.20) Eps 16. [0mRet [1;31m0.000000[0m (0.000000/0.000000). Loss -0.00 pg_loss 0.00 entropy_loss -0.29 reg_loss 0.00 total_norm 0.00 mean_abs_v 0.45 last_lr: 2.9984e-04
[36m(ModelLearner pid=1433939)[0m [dynamic-enduro-v5-test-10484] Steps 53232 (268800[6.2]) @ 575.7 SPS (574.2). norm_m 14719.14 norm_p 5.65 total_loss_m 0.351736 total_loss_p 1.098560 fea_loss 0.035160 done_loss 0.000137
[36m(ActorLearner pid=1433940)[0m Sent real_step update to ActorBuffer: 54000
[36m(ActorLearner pid=1433940)[0m [1;34m[dynamic-enduro-v5-test-10484] Steps 54432 @ 874.6 SPS (894.1). (T_q: 5.38) Eps 16. [0mRet [1;31m0.000000[0m (0.000000/0.000000). Loss -0.00 pg_loss 0.00 entropy_loss -0.29 reg_loss 0.00 total_norm 0.00 mean_abs_v 0.42 last_lr: 2.9984e-04
[36m(ModelLearner pid=1433939)[0m [dynamic-enduro-v5-test-10484] Steps 54304 (274176[6.2]) @ 577.7 SPS (575.4). norm_m 13457.00 norm_p 23.44 total_loss_m 0.339976 total_loss_p 1.095454 fea_loss 0.025450 done_loss 0.085479
[36m(ActorLearner pid=1433940)[0m [1;34m[dynamic-enduro-v5-test-10484] Steps 55360 @ 871.0 SPS (894.3). (T_q: 4.65) Eps 16. [0mRet [1;31m0.000000[0m (0.000000/0.000000). Loss -0.00 pg_loss 0.00 entropy_loss -0.31 reg_loss 0.00 total_norm 0.00 mean_abs_v 0.40 last_lr: 2.9983e-04
[36m(ModelLearner pid=1433939)[0m [dynamic-enduro-v5-test-10484] Steps 54848 (276864[6.2]) @ 575.0 SPS (574.6). norm_m 5545.36 norm_p 3.71 total_loss_m 0.341668 total_loss_p 1.095713 fea_loss 0.029499 done_loss 0.046682
[36m(ActorLearner pid=1433940)[0m [1;34m[dynamic-enduro-v5-test-10484] Steps 56160 @ 872.2 SPS (893.7). (T_q: 5.09) Eps 16. [0mRet [1;31m0.000000[0m (0.000000/0.000000). Loss -0.00 pg_loss 0.00 entropy_loss -0.27 reg_loss 0.00 total_norm 0.00 mean_abs_v 0.38 last_lr: 2.9983e-04
[36m(ModelLearner pid=1433939)[0m [dynamic-enduro-v5-test-10484] Steps 55920 (282240[6.1]) @ 573.6 SPS (574.8). norm_m 9281.25 norm_p 2.75 total_loss_m 0.292105 total_loss_p 1.098598 fea_loss 0.029149 done_loss 0.000613
[36m(ActorLearner pid=1433940)[0m [1;34m[dynamic-enduro-v5-test-10484] Steps 56960 @ 871.3 SPS (893.8). (T_q: 4.65) Eps 16. [0mRet [1;31m0.000000[0m (0.000000/0.000000). Loss -0.00 pg_loss 0.00 entropy_loss -0.27 reg_loss 0.00 total_norm 0.00 mean_abs_v 0.38 last_lr: 2.9983e-04
[36m(ModelLearner pid=1433939)[0m [dynamic-enduro-v5-test-10484] Steps 56464 (284928[6.1]) @ 571.5 SPS (573.8). norm_m 30083.41 norm_p 10.98 total_loss_m 0.360635 total_loss_p 1.098538 fea_loss 0.035983 done_loss 0.000809
[36m(ActorLearner pid=1433940)[0m [1;34m[dynamic-enduro-v5-test-10484] Steps 57712 @ 872.1 SPS (893.1). (T_q: 5.20) Eps 16. [0mRet [1;31m0.000000[0m (0.000000/0.000000). Loss -0.00 pg_loss 0.00 entropy_loss -0.26 reg_loss 0.00 total_norm 0.00 mean_abs_v 0.40 last_lr: 2.9983e-04
[36m(ModelLearner pid=1433939)[0m [dynamic-enduro-v5-test-10484] Steps 57536 (290304[6.1]) @ 573.6 SPS (573.8). norm_m 7473.26 norm_p 10.12 total_loss_m 0.291196 total_loss_p 1.098652 fea_loss 0.029058 done_loss 0.000620
[36m(ActorLearner pid=1433940)[0m [1;34m[dynamic-enduro-v5-test-10484] Steps 58512 @ 870.9 SPS (893.7). (T_q: 4.47) Eps 16. [0mRet [1;31m0.000000[0m (0.000000/0.000000). Loss -0.00 pg_loss 0.00 entropy_loss -0.27 reg_loss 0.00 total_norm 0.00 mean_abs_v 0.45 last_lr: 2.9982e-04
[36m(ModelLearner pid=1433939)[0m [dynamic-enduro-v5-test-10484] Steps 58064 (292992[6.1]) @ 570.7 SPS (572.7). norm_m 27405.80 norm_p 5.43 total_loss_m 0.414827 total_loss_p 1.092433 fea_loss 0.026984 done_loss 0.144986
[36m(ActorLearner pid=1433940)[0m [1;34m[dynamic-enduro-v5-test-10484] Steps 59312 @ 871.1 SPS (892.7). (T_q: 5.27) Eps 16. [0mRet [1;31m0.000000[0m (0.000000/0.000000). Loss -0.00 pg_loss 0.00 entropy_loss -0.28 reg_loss 0.00 total_norm 0.00 mean_abs_v 0.50 last_lr: 2.9982e-04
[36m(ModelLearner pid=1433939)[0m [dynamic-enduro-v5-test-10484] Steps 59152 (298368[6.1]) @ 573.2 SPS (573.3). norm_m 15463.69 norm_p 4.41 total_loss_m 0.468332 total_loss_p 1.092886 fea_loss 0.038217 done_loss 0.086161
[36m(ActorLearner pid=1433940)[0m [1;34m[dynamic-enduro-v5-test-10484] Steps 60224 @ 871.2 SPS (893.2). (T_q: 4.70) Eps 16. [0mRet [1;31m0.000000[0m (0.000000/0.000000). Loss -0.00 pg_loss 0.00 entropy_loss -0.31 reg_loss 0.00 total_norm 0.00 mean_abs_v 0.54 last_lr: 2.9982e-04
[36m(ModelLearner pid=1433939)[0m [dynamic-enduro-v5-test-10484] Steps 60224 (303744[6.0]) @ 574.3 SPS (574.3). norm_m 16167.34 norm_p 3.88 total_loss_m 0.323537 total_loss_p 1.097006 fea_loss 0.030010 done_loss 0.023435
[36m(ActorLearner pid=1433940)[0m [1;34m[dynamic-enduro-v5-test-10484] Steps 61216 @ 874.3 SPS (893.7). (T_q: 4.48) Eps 16. [0mRet [1;31m0.000000[0m (0.000000/0.000000). Loss -0.00 pg_loss 0.00 entropy_loss -0.34 reg_loss 0.00 total_norm 0.00 mean_abs_v 0.53 last_lr: 2.9982e-04
[36m(ModelLearner pid=1433939)[0m [dynamic-enduro-v5-test-10484] Steps 61296 (309120[6.0]) @ 578.4 SPS (575.4). norm_m 24998.87 norm_p 3.17 total_loss_m 0.430359 total_loss_p 1.093287 fea_loss 0.032760 done_loss 0.102764
[36m(ActorLearner pid=1433940)[0m [1;34m[dynamic-enduro-v5-test-10484] Steps 62160 @ 874.2 SPS (892.6). (T_q: 5.26) Eps 16. [0mRet [1;31m0.000000[0m (0.000000/0.000000). Loss -0.00 pg_loss 0.00 entropy_loss -0.34 reg_loss 0.00 total_norm 0.00 mean_abs_v 0.46 last_lr: 2.9981e-04
[36m(ModelLearner pid=1433939)[0m [dynamic-enduro-v5-test-10484] Steps 62368 (314496[6.0]) @ 578.1 SPS (576.0). norm_m 15193.46 norm_p 2.28 total_loss_m 0.476443 total_loss_p 1.090399 fea_loss 0.033408 done_loss 0.142361
[36m(ActorLearner pid=1433940)[0m [1;34m[dynamic-enduro-v5-test-10484] Steps 62976 @ 870.3 SPS (891.7). (T_q: 5.16) Eps 16. [0mRet [1;31m0.000000[0m (0.000000/0.000000). Loss -0.00 pg_loss 0.00 entropy_loss -0.29 reg_loss 0.00 total_norm 0.00 mean_abs_v 0.40 last_lr: 2.9981e-04
[36m(ModelLearner pid=1433939)[0m [dynamic-enduro-v5-test-10484] Steps 62912 (317184[6.0]) @ 574.8 SPS (575.2). norm_m 7693.12 norm_p 4.79 total_loss_m 0.327240 total_loss_p 1.096116 fea_loss 0.029507 done_loss 0.032166
[36m(ActorLearner pid=1433940)[0m [1;34m[dynamic-enduro-v5-test-10484] Steps 63840 @ 873.1 SPS (892.1). (T_q: 4.44) Eps 16. [0mRet [1;31m0.000000[0m (0.000000/0.000000). Loss -0.00 pg_loss 0.00 entropy_loss -0.29 reg_loss 0.00 total_norm 0.00 mean_abs_v 0.36 last_lr: 2.9981e-04
[36m(ModelLearner pid=1433939)[0m [dynamic-enduro-v5-test-10484] Steps 63984 (322560[6.0]) @ 576.3 SPS (575.2). norm_m 30895.36 norm_p 2.22 total_loss_m 0.354287 total_loss_p 1.098566 fea_loss 0.035299 done_loss 0.001297
[36m(ActorLearner pid=1433940)[0m [1;34m[dynamic-enduro-v5-test-10484] Steps 64608 @ 869.2 SPS (891.2). (T_q: 5.22) Eps 16. [0mRet [1;31m0.000000[0m (0.000000/0.000000). Loss -0.00 pg_loss 0.00 entropy_loss -0.25 reg_loss 0.00 total_norm 0.00 mean_abs_v 0.34 last_lr: 2.9981e-04
[36m(ModelLearner pid=1433939)[0m [dynamic-enduro-v5-test-10484] Steps 64528 (325248[6.0]) @ 573.8 SPS (574.4). norm_m 14291.23 norm_p 6.82 total_loss_m 0.299590 total_loss_p 1.098533 fea_loss 0.029816 done_loss 0.001434
[36m(ActorLearner pid=1433940)[0m [1;34m[dynamic-enduro-v5-test-10484] Steps 65408 @ 872.2 SPS (891.7). (T_q: 4.42) Eps 16. [0mRet [1;31m0.000000[0m (0.000000/0.000000). Loss -0.00 pg_loss 0.00 entropy_loss -0.29 reg_loss 0.00 total_norm 0.00 mean_abs_v 0.35 last_lr: 2.9980e-04
[36m(ModelLearner pid=1433939)[0m [dynamic-enduro-v5-test-10484] Steps 65600 (330624[5.9]) @ 575.5 SPS (574.6). norm_m 9126.18 norm_p 8.22 total_loss_m 0.367823 total_loss_p 1.092405 fea_loss 0.029791 done_loss 0.069916
[36m(ActorLearner pid=1433940)[0m [1;34m[dynamic-enduro-v5-test-10484] Steps 66240 @ 869.0 SPS (890.8). (T_q: 5.19) Eps 16. [0mRet [1;31m0.000000[0m (0.000000/0.000000). Loss -0.00 pg_loss 0.00 entropy_loss -0.30 reg_loss 0.00 total_norm 0.00 mean_abs_v 0.53 last_lr: 2.9980e-04
[36m(ActorLearner pid=1433940)[0m [1;34m[dynamic-enduro-v5-test-10484] Steps 67088 @ 873.8 SPS (892.0). (T_q: 4.02) Eps 16. [0mRet [1;31m0.000000[0m (0.000000/0.000000). Loss -0.00 pg_loss 0.00 entropy_loss -0.28 reg_loss 0.00 total_norm 0.00 mean_abs_v 0.53 last_lr: 2.9980e-04
[36m(ModelLearner pid=1433939)[0m [dynamic-enduro-v5-test-10484] Steps 66672 (336000[5.9]) @ 574.8 SPS (574.6). norm_m 7513.14 norm_p 5.43 total_loss_m 0.377190 total_loss_p 1.095336 fea_loss 0.034348 done_loss 0.033708
[36m(ActorLearner pid=1433940)[0m [1;34m[dynamic-enduro-v5-test-10484] Steps 67984 @ 873.7 SPS (891.0). (T_q: 5.36) Eps 16. [0mRet [1;31m0.000000[0m (0.000000/0.000000). Loss -0.00 pg_loss 0.00 entropy_loss -0.30 reg_loss 0.00 total_norm 0.00 mean_abs_v 0.49 last_lr: 2.9980e-04
[36m(ModelLearner pid=1433939)[0m [dynamic-enduro-v5-test-10484] Steps 67744 (341376[5.9]) @ 578.5 SPS (575.4). norm_m 7135.15 norm_p 5.89 total_loss_m 0.197334 total_loss_p 1.098616 fea_loss 0.019591 done_loss 0.001424
[36m(ActorLearner pid=1433940)[0m [1;34m[dynamic-enduro-v5-test-10484] Steps 68880 @ 871.3 SPS (890.1). (T_q: 5.20) Eps 16. [0mRet [1;31m0.000000[0m (0.000000/0.000000). Loss -0.00 pg_loss 0.00 entropy_loss -0.30 reg_loss 0.00 total_norm 0.00 mean_abs_v 0.43 last_lr: 2.9979e-04
[36m(ModelLearner pid=1433939)[0m [dynamic-enduro-v5-test-10484] Steps 68816 (346752[5.9]) @ 576.3 SPS (575.0). norm_m 5493.94 norm_p 3.34 total_loss_m 0.187539 total_loss_p 1.098611 fea_loss 0.018585 done_loss 0.001689
[36m(ActorLearner pid=1433940)[0m [1;34m[dynamic-enduro-v5-test-10484] Steps 69760 @ 874.1 SPS (890.7). (T_q: 4.37) Eps 16. [0mRet [1;31m0.000000[0m (0.000000/0.000000). Loss -0.00 pg_loss 0.00 entropy_loss -0.31 reg_loss 0.00 total_norm 0.00 mean_abs_v 0.38 last_lr: 2.9979e-04
[36m(ModelLearner pid=1433939)[0m [dynamic-enduro-v5-test-10484] Steps 69904 (352128[5.9]) @ 575.2 SPS (575.5). norm_m 36156.02 norm_p 9.72 total_loss_m 0.412416 total_loss_p 1.094958 fea_loss 0.037934 done_loss 0.033079
[36m(ActorLearner pid=1433940)[0m [1;34m[dynamic-enduro-v5-test-10484] Steps 70608 @ 873.1 SPS (889.8). (T_q: 5.42) Eps 16. [0mRet [1;31m0.000000[0m (0.000000/0.000000). Loss -0.00 pg_loss 0.00 entropy_loss -0.30 reg_loss 0.00 total_norm 0.00 mean_abs_v 0.36 last_lr: 2.9979e-04
[36m(ActorLearner pid=1433940)[0m [1;34m[dynamic-enduro-v5-test-10484] Steps 71360 @ 874.2 SPS (890.7). (T_q: 4.31) Eps 16. [0mRet [1;31m0.000000[0m (0.000000/0.000000). Loss -0.00 pg_loss 0.00 entropy_loss -0.26 reg_loss 0.00 total_norm 0.00 mean_abs_v 0.36 last_lr: 2.9979e-04
[36m(ModelLearner pid=1433939)[0m [dynamic-enduro-v5-test-10484] Steps 70976 (357504[5.9]) @ 575.8 SPS (575.0). norm_m 93488.26 norm_p 1.69 total_loss_m 0.596641 total_loss_p 1.090437 fea_loss 0.052102 done_loss 0.075617
[36m(ActorLearner pid=1433940)[0m [1;34m[dynamic-enduro-v5-test-10484] Steps 72160 @ 874.4 SPS (890.0). (T_q: 5.19) Eps 16. [0mRet [1;31m0.000000[0m (0.000000/0.000000). Loss -0.00 pg_loss 0.00 entropy_loss -0.28 reg_loss 0.00 total_norm 0.00 mean_abs_v 0.38 last_lr: 2.9978e-04
[36m(ModelLearner pid=1433939)[0m [dynamic-enduro-v5-test-10484] Steps 72048 (362880[5.8]) @ 572.8 SPS (574.1). norm_m 23384.40 norm_p 2.74 total_loss_m 0.287659 total_loss_p 1.098612 fea_loss 0.027525 done_loss 0.012405
[36m(ActorLearner pid=1433940)[0m [1;34m[dynamic-enduro-v5-test-10484] Steps 72944 @ 874.4 SPS (890.4). (T_q: 4.38) Eps 16. [0mRet [1;31m0.000000[0m (0.000000/0.000000). Loss -0.00 pg_loss 0.00 entropy_loss -0.27 reg_loss 0.00 total_norm 0.00 mean_abs_v 0.43 last_lr: 2.9978e-04
[36m(ModelLearner pid=1433939)[0m [dynamic-enduro-v5-test-10484] Steps 73120 (368256[5.8]) @ 573.9 SPS (574.2). norm_m 49431.44 norm_p 1.77 total_loss_m 0.351217 total_loss_p 1.098590 fea_loss 0.034156 done_loss 0.009658
[36m(ModelLearner pid=1433939)[0m Saving model checkpoint to /scratch/jeongmin/dt-10484/p/logs/thinker/dynamic-enduro-v5-test-10484/ckp_model.tar
[36m(ActorLearner pid=1433940)[0m [1;34m[dynamic-enduro-v5-test-10484] Steps 73712 @ 874.3 SPS (889.6). (T_q: 5.37) Eps 16. [0mRet [1;31m0.000000[0m (0.000000/0.000000). Loss -0.00 pg_loss 0.00 entropy_loss -0.27 reg_loss 0.00 total_norm 0.00 mean_abs_v 0.48 last_lr: 2.9978e-04
[36m(ActorLearner pid=1433940)[0m Saving actor checkpoint to /scratch/jeongmin/dt-10484/p/logs/thinker/dynamic-enduro-v5-test-10484/ckp_actor.tar
[36m(ModelLearner pid=1433939)[0m [dynamic-enduro-v5-test-10484] Steps 73664 (370944[5.8]) @ 571.7 SPS (573.6). norm_m 13708.26 norm_p 2.52 total_loss_m 0.331839 total_loss_p 1.098586 fea_loss 0.031678 done_loss 0.015064
[36m(ActorLearner pid=1433940)[0m [1;34m[dynamic-enduro-v5-test-10484] Steps 74624 @ 874.2 SPS (890.1). (T_q: 4.47) Eps 16. [0mRet [1;31m0.000000[0m (0.000000/0.000000). Loss -0.00 pg_loss 0.00 entropy_loss -0.32 reg_loss 0.00 total_norm 0.00 mean_abs_v 0.42 last_lr: 2.9978e-04
[36m(ModelLearner pid=1433939)[0m [dynamic-enduro-v5-test-10484] Steps 74736 (376320[5.8]) @ 574.8 SPS (574.3). norm_m 18313.78 norm_p 3.69 total_loss_m 0.272564 total_loss_p 1.098573 fea_loss 0.025373 done_loss 0.018834
[36m(ActorLearner pid=1433940)[0m [1;34m[dynamic-enduro-v5-test-10484] Steps 75520 @ 874.0 SPS (889.3). (T_q: 5.26) Eps 16. [0mRet [1;31m0.000000[0m (0.000000/0.000000). Loss -0.00 pg_loss 0.00 entropy_loss -0.32 reg_loss 0.00 total_norm 0.00 mean_abs_v 0.45 last_lr: 2.9977e-04
[36m(ModelLearner pid=1433939)[0m [dynamic-enduro-v5-test-10484] Steps 75808 (381696[5.8]) @ 576.5 SPS (575.3). norm_m 5840.94 norm_p 3.68 total_loss_m 0.249499 total_loss_p 1.098574 fea_loss 0.022307 done_loss 0.026433
[36m(ActorLearner pid=1433940)[0m [1;34m[dynamic-enduro-v5-test-10484] Steps 76496 @ 872.7 SPS (888.4). (T_q: 5.30) Eps 16. [0mRet [1;31m0.000000[0m (0.000000/0.000000). Loss -0.00 pg_loss 0.00 entropy_loss -0.32 reg_loss 0.00 total_norm 0.00 mean_abs_v 0.45 last_lr: 2.9977e-04
[36m(ActorLearner pid=1433940)[0m [1;34m[dynamic-enduro-v5-test-10484] Steps 77392 @ 872.0 SPS (888.6). (T_q: 4.51) Eps 16. [0mRet [1;31m0.000000[0m (0.000000/0.000000). Loss -0.00 pg_loss 0.00 entropy_loss -0.29 reg_loss 0.00 total_norm 0.00 mean_abs_v 0.43 last_lr: 2.9977e-04
[36m(ModelLearner pid=1433939)[0m [dynamic-enduro-v5-test-10484] Steps 76880 (387072[5.8]) @ 577.6 SPS (575.0). norm_m 19303.84 norm_p 1.79 total_loss_m 0.310256 total_loss_p 1.096553 fea_loss 0.026153 done_loss 0.048730
[36m(ActorLearner pid=1433940)[0m [1;34m[dynamic-enduro-v5-test-10484] Steps 78224 @ 873.1 SPS (888.2). (T_q: 5.11) Eps 16. [0mRet [1;31m0.000000[0m (0.000000/0.000000). Loss -0.00 pg_loss 0.00 entropy_loss -0.28 reg_loss 0.00 total_norm 0.00 mean_abs_v 0.42 last_lr: 2.9977e-04
[36m(ModelLearner pid=1433939)[0m [dynamic-enduro-v5-test-10484] Steps 77968 (392448[5.8]) @ 577.1 SPS (575.3). norm_m 9705.29 norm_p 4.12 total_loss_m 0.289334 total_loss_p 1.090824 fea_loss 0.019374 done_loss 0.095595
[36m(ActorLearner pid=1433940)[0m [1;34m[dynamic-enduro-v5-test-10484] Steps 79024 @ 872.2 SPS (888.3). (T_q: 4.47) Eps 16. [0mRet [1;31m0.000000[0m (0.000000/0.000000). Loss -0.00 pg_loss 0.00 entropy_loss -0.29 reg_loss 0.00 total_norm 0.00 mean_abs_v 0.41 last_lr: 2.9976e-04
[36m(ModelLearner pid=1433939)[0m [dynamic-enduro-v5-test-10484] Steps 78496 (395136[5.8]) @ 573.5 SPS (574.6). norm_m 17418.65 norm_p 1.66 total_loss_m 0.279731 total_loss_p 1.093690 fea_loss 0.021152 done_loss 0.068208
[36m(ActorLearner pid=1433940)[0m [1;34m[dynamic-enduro-v5-test-10484] Steps 79840 @ 872.7 SPS (887.9). (T_q: 5.06) Eps 16. [0mRet [1;31m0.000000[0m (0.000000/0.000000). Loss -0.00 pg_loss 0.00 entropy_loss -0.27 reg_loss 0.00 total_norm 0.00 mean_abs_v 0.42 last_lr: 2.9976e-04
[36m(ModelLearner pid=1433939)[0m [dynamic-enduro-v5-test-10484] Steps 79568 (400512[5.8]) @ 575.2 SPS (574.9). norm_m 6418.55 norm_p 4.32 total_loss_m 0.272846 total_loss_p 1.094534 fea_loss 0.020999 done_loss 0.062852
[36m(ActorLearner pid=1433940)[0m [1;34m[dynamic-enduro-v5-test-10484] Steps 80688 @ 869.7 SPS (887.2). (T_q: 5.19) Eps 16. [0mRet [1;31m0.000000[0m (0.000000/0.000000). Loss -0.00 pg_loss 0.00 entropy_loss -0.28 reg_loss 0.00 total_norm 0.00 mean_abs_v 0.43 last_lr: 2.9976e-04
[36m(ModelLearner pid=1433939)[0m [dynamic-enduro-v5-test-10484] Steps 80656 (405888[5.7]) @ 572.7 SPS (574.2). norm_m 15657.37 norm_p 1.92 total_loss_m 0.345451 total_loss_p 1.094127 fea_loss 0.028291 done_loss 0.062542
[36m(ActorLearner pid=1433940)[0m [1;34m[dynamic-enduro-v5-test-10484] Steps 81488 @ 872.8 SPS (887.7). (T_q: 4.44) Eps 16. [0mRet [1;31m0.000000[0m (0.000000/0.000000). Loss -0.00 pg_loss 0.00 entropy_loss -0.28 reg_loss 0.00 total_norm 0.00 mean_abs_v 0.44 last_lr: 2.9976e-04
[36m(ModelLearner pid=1433939)[0m [dynamic-enduro-v5-test-10484] Steps 81728 (411264[5.7]) @ 575.7 SPS (574.7). norm_m 10767.02 norm_p 2.19 total_loss_m 0.209353 total_loss_p 1.097795 fea_loss 0.017907 done_loss 0.030282
[36m(ActorLearner pid=1433940)[0m [1;34m[dynamic-enduro-v5-test-10484] Steps 82336 @ 869.9 SPS (886.9). (T_q: 5.30) Eps 16. [0mRet [1;31m0.000000[0m (0.000000/0.000000). Loss -0.00 pg_loss 0.00 entropy_loss -0.29 reg_loss 0.00 total_norm 0.00 mean_abs_v 0.43 last_lr: 2.9975e-04
[36m(ModelLearner pid=1433939)[0m [dynamic-enduro-v5-test-10484] Steps 82256 (413952[5.7]) @ 572.8 SPS (573.9). norm_m 2988.42 norm_p 3.72 total_loss_m 0.224369 total_loss_p 1.096172 fea_loss 0.017690 done_loss 0.047471
[36m(ActorLearner pid=1433940)[0m [1;34m[dynamic-enduro-v5-test-10484] Steps 83120 @ 873.0 SPS (887.4). (T_q: 4.48) Eps 16. [0mRet [1;31m0.000000[0m (0.000000/0.000000). Loss -0.00 pg_loss 0.00 entropy_loss -0.27 reg_loss 0.00 total_norm 0.00 mean_abs_v 0.44 last_lr: 2.9975e-04
[36m(ModelLearner pid=1433939)[0m [dynamic-enduro-v5-test-10484] Steps 83344 (419328[5.7]) @ 575.5 SPS (574.2). norm_m 18458.64 norm_p 4.53 total_loss_m 0.285205 total_loss_p 1.096170 fea_loss 0.023221 done_loss 0.052991
[36m(ActorLearner pid=1433940)[0m [1;34m[dynamic-enduro-v5-test-10484] Steps 83984 @ 873.1 SPS (886.7). (T_q: 5.26) Eps 16. [0mRet [1;31m0.000000[0m (0.000000/0.000000). Loss -0.00 pg_loss 0.00 entropy_loss -0.30 reg_loss 0.00 total_norm 0.00 mean_abs_v 0.44 last_lr: 2.9975e-04
[36m(ActorLearner pid=1433940)[0m [1;34m[dynamic-enduro-v5-test-10484] Steps 84912 @ 872.9 SPS (886.8). (T_q: 4.69) Eps 16. [0mRet [1;31m0.000000[0m (0.000000/0.000000). Loss -0.00 pg_loss 0.00 entropy_loss -0.30 reg_loss 0.00 total_norm 0.00 mean_abs_v 0.44 last_lr: 2.9975e-04
[36m(ModelLearner pid=1433939)[0m [dynamic-enduro-v5-test-10484] Steps 84416 (424704[5.7]) @ 574.1 SPS (574.1). norm_m 12094.23 norm_p 3.01 total_loss_m 0.184549 total_loss_p 1.098565 fea_loss 0.016966 done_loss 0.014884
[36m(ActorLearner pid=1433940)[0m [1;34m[dynamic-enduro-v5-test-10484] Steps 85792 @ 872.8 SPS (886.5). (T_q: 5.05) Eps 16. [0mRet [1;31m0.000000[0m (0.000000/0.000000). Loss -0.00 pg_loss 0.00 entropy_loss -0.27 reg_loss 0.00 total_norm 0.00 mean_abs_v 0.43 last_lr: 2.9974e-04
[36m(ModelLearner pid=1433939)[0m [dynamic-enduro-v5-test-10484] Steps 85488 (430080[5.7]) @ 576.1 SPS (574.6). norm_m 33878.13 norm_p 3.02 total_loss_m 0.337339 total_loss_p 1.084681 fea_loss 0.013359 done_loss 0.203754
[36m(ActorLearner pid=1433940)[0m [1;34m[dynamic-enduro-v5-test-10484] Steps 86624 @ 870.4 SPS (885.8). (T_q: 5.20) Eps 16. [0mRet [1;31m0.000000[0m (0.000000/0.000000). Loss -0.00 pg_loss 0.00 entropy_loss -0.29 reg_loss 0.00 total_norm 0.00 mean_abs_v 0.41 last_lr: 2.9974e-04
[36m(ModelLearner pid=1433939)[0m [dynamic-enduro-v5-test-10484] Steps 86560 (435456[5.7]) @ 574.3 SPS (574.3). norm_m 22820.44 norm_p 4.47 total_loss_m 0.182284 total_loss_p 1.098623 fea_loss 0.017812 done_loss 0.004165
[36m(ActorLearner pid=1433940)[0m [1;34m[dynamic-enduro-v5-test-10484] Steps 87520 @ 872.8 SPS (886.2). (T_q: 4.41) Eps 16. [0mRet [1;31m0.000000[0m (0.000000/0.000000). Loss -0.00 pg_loss 0.00 entropy_loss -0.29 reg_loss 0.00 total_norm 0.00 mean_abs_v 0.41 last_lr: 2.9974e-04
[36m(ModelLearner pid=1433939)[0m [dynamic-enduro-v5-test-10484] Steps 87632 (440832[5.7]) @ 573.4 SPS (574.6). norm_m 6741.60 norm_p 1.14 total_loss_m 0.125350 total_loss_p 1.098613 fea_loss 0.012163 done_loss 0.003720
[36m(ActorLearner pid=1433940)[0m [1;34m[dynamic-enduro-v5-test-10484] Steps 88352 @ 869.6 SPS (885.6). (T_q: 5.20) Eps 16. [0mRet [1;31m0.000000[0m (0.000000/0.000000). Loss -0.00 pg_loss 0.00 entropy_loss -0.30 reg_loss 0.00 total_norm 0.00 mean_abs_v 0.41 last_lr: 2.9973e-04
[36m(ActorLearner pid=1433940)[0m [1;34m[dynamic-enduro-v5-test-10484] Steps 89200 @ 871.9 SPS (885.8). (T_q: 4.59) Eps 16. [0mRet [1;31m0.000000[0m (0.000000/0.000000). Loss -0.00 pg_loss 0.00 entropy_loss -0.28 reg_loss 0.00 total_norm 0.00 mean_abs_v 0.42 last_lr: 2.9973e-04
[36m(ModelLearner pid=1433939)[0m [dynamic-enduro-v5-test-10484] Steps 88720 (446208[5.7]) @ 573.5 SPS (574.2). norm_m 11432.72 norm_p 1.98 total_loss_m 0.122188 total_loss_p 1.098620 fea_loss 0.012006 done_loss 0.002132
[36m(ActorLearner pid=1433940)[0m [1;34m[dynamic-enduro-v5-test-10484] Steps 90048 @ 869.6 SPS (885.4). (T_q: 5.14) Eps 16. [0mRet [1;31m0.000000[0m (0.000000/0.000000). Loss -0.00 pg_loss 0.00 entropy_loss -0.30 reg_loss 0.00 total_norm 0.00 mean_abs_v 0.43 last_lr: 2.9973e-04
[36m(ModelLearner pid=1433939)[0m [dynamic-enduro-v5-test-10484] Steps 89792 (451584[5.7]) @ 574.2 SPS (574.6). norm_m 15364.51 norm_p 3.13 total_loss_m 0.217921 total_loss_p 1.092476 fea_loss 0.011253 done_loss 0.105389
[36m(ActorLearner pid=1433940)[0m [1;34m[dynamic-enduro-v5-test-10484] Steps 90896 @ 866.5 SPS (884.8). (T_q: 5.30) Eps 16. [0mRet [1;31m0.000000[0m (0.000000/0.000000). Loss -0.00 pg_loss 0.00 entropy_loss -0.29 reg_loss 0.00 total_norm 0.00 mean_abs_v 0.48 last_lr: 2.9973e-04
[36m(ModelLearner pid=1433939)[0m [dynamic-enduro-v5-test-10484] Steps 90864 (456960[5.7]) @ 575.0 SPS (574.2). norm_m 16096.32 norm_p 2.11 total_loss_m 0.253819 total_loss_p 1.092877 fea_loss 0.019684 done_loss 0.056976
[36m(ActorLearner pid=1433940)[0m [1;34m[dynamic-enduro-v5-test-10484] Steps 91824 @ 869.4 SPS (885.1). (T_q: 4.56) Eps 16. [0mRet [1;31m0.000000[0m (0.000000/0.000000). Loss -0.00 pg_loss 0.00 entropy_loss -0.32 reg_loss 0.00 total_norm 0.00 mean_abs_v 0.47 last_lr: 2.9972e-04
[36m(ModelLearner pid=1433939)[0m [dynamic-enduro-v5-test-10484] Steps 91936 (462336[5.6]) @ 576.5 SPS (574.8). norm_m 7810.28 norm_p 2.92 total_loss_m 0.244905 total_loss_p 1.092066 fea_loss 0.017150 done_loss 0.073400
[36m(ActorLearner pid=1433940)[0m [1;34m[dynamic-enduro-v5-test-10484] Steps 92720 @ 869.1 SPS (884.4). (T_q: 5.48) Eps 16. [0mRet [1;31m0.000000[0m (0.000000/0.000000). Loss -0.00 pg_loss 0.00 entropy_loss -0.31 reg_loss 0.00 total_norm 0.00 mean_abs_v 0.45 last_lr: 2.9972e-04
[36m(ModelLearner pid=1433939)[0m [dynamic-enduro-v5-test-10484] Steps 93008 (467712[5.6]) @ 579.6 SPS (575.3). norm_m 9751.24 norm_p 3.92 total_loss_m 0.277575 total_loss_p 1.090432 fea_loss 0.016161 done_loss 0.115967
[36m(ActorLearner pid=1433940)[0m [1;34m[dynamic-enduro-v5-test-10484] Steps 93568 @ 866.3 SPS (883.9). (T_q: 5.13) Eps 16. [0mRet [1;31m0.000000[0m (0.000000/0.000000). Loss -0.00 pg_loss 0.00 entropy_loss -0.29 reg_loss 0.00 total_norm 0.00 mean_abs_v 0.41 last_lr: 2.9972e-04
[36m(ActorLearner pid=1433940)[0m Sent real_step update to ActorBuffer: 94000
[36m(ModelLearner pid=1433939)[0m [dynamic-enduro-v5-test-10484] Steps 93552 (470400[5.6]) @ 577.2 SPS (574.7). norm_m 4105.55 norm_p 2.63 total_loss_m 0.139142 total_loss_p 1.098631 fea_loss 0.013341 done_loss 0.005735
[36m(ActorLearner pid=1433940)[0m [1;34m[dynamic-enduro-v5-test-10484] Steps 94432 @ 869.2 SPS (884.3). (T_q: 4.52) Eps 16. [0mRet [1;31m0.000000[0m (0.000000/0.000000). Loss -0.00 pg_loss 0.00 entropy_loss -0.29 reg_loss 0.00 total_norm 0.00 mean_abs_v 0.39 last_lr: 2.9972e-04
[36m(ModelLearner pid=1433939)[0m [dynamic-enduro-v5-test-10484] Steps 94624 (475776[5.6]) @ 576.2 SPS (575.0). norm_m 29672.34 norm_p 1.87 total_loss_m 0.182388 total_loss_p 1.093311 fea_loss 0.009187 done_loss 0.090520
[36m(ActorLearner pid=1433940)[0m [1;34m[dynamic-enduro-v5-test-10484] Steps 95264 @ 866.2 SPS (883.7). (T_q: 5.27) Eps 16. [0mRet [1;31m0.000000[0m (0.000000/0.000000). Loss -0.00 pg_loss 0.00 entropy_loss -0.29 reg_loss 0.00 total_norm 0.00 mean_abs_v 0.38 last_lr: 2.9971e-04
[36m(ModelLearner pid=1433939)[0m [dynamic-enduro-v5-test-10484] Steps 95168 (478464[5.6]) @ 572.4 SPS (574.3). norm_m 2392.15 norm_p 2.04 total_loss_m 0.178701 total_loss_p 1.097374 fea_loss 0.015864 done_loss 0.020062
[36m(ActorLearner pid=1433940)[0m [1;34m[dynamic-enduro-v5-test-10484] Steps 96048 @ 869.3 SPS (884.1). (T_q: 4.47) Eps 16. [0mRet [1;31m0.000000[0m (0.000000/0.000000). Loss -0.00 pg_loss 0.00 entropy_loss -0.29 reg_loss 0.00 total_norm 0.00 mean_abs_v 0.39 last_lr: 2.9971e-04
[36m(ModelLearner pid=1433939)[0m [dynamic-enduro-v5-test-10484] Steps 96240 (483840[5.6]) @ 572.1 SPS (574.6). norm_m 9992.96 norm_p 2.06 total_loss_m 0.176865 total_loss_p 1.098605 fea_loss 0.016777 done_loss 0.009094
[36m(ActorLearner pid=1433940)[0m [1;34m[dynamic-enduro-v5-test-10484] Steps 96912 @ 864.5 SPS (883.5). (T_q: 5.38) Eps 16. [0mRet [1;31m0.000000[0m (0.000000/0.000000). Loss -0.00 pg_loss 0.00 entropy_loss -0.31 reg_loss 0.00 total_norm 0.00 mean_abs_v 0.41 last_lr: 2.9971e-04
[36m(ActorLearner pid=1433940)[0m [1;34m[dynamic-enduro-v5-test-10484] Steps 97792 @ 867.5 SPS (883.8). (T_q: 4.42) Eps 16. [0mRet [1;31m0.000000[0m (0.000000/0.000000). Loss -0.00 pg_loss 0.00 entropy_loss -0.31 reg_loss 0.00 total_norm 0.00 mean_abs_v 0.44 last_lr: 2.9971e-04
[36m(ModelLearner pid=1433939)[0m [dynamic-enduro-v5-test-10484] Steps 97312 (489216[5.6]) @ 573.1 SPS (574.5). norm_m 11716.72 norm_p 1.74 total_loss_m 0.195409 total_loss_p 1.098599 fea_loss 0.018201 done_loss 0.013403
[36m(ActorLearner pid=1433940)[0m [1;34m[dynamic-enduro-v5-test-10484] Steps 98688 @ 868.1 SPS (883.5). (T_q: 5.37) Eps 16. [0mRet [1;31m0.000000[0m (0.000000/0.000000). Loss -0.00 pg_loss 0.00 entropy_loss -0.29 reg_loss 0.00 total_norm 0.00 mean_abs_v 0.42 last_lr: 2.9970e-04
[36m(ModelLearner pid=1433939)[0m [dynamic-enduro-v5-test-10484] Steps 98384 (494592[5.6]) @ 574.4 SPS (574.9). norm_m 15314.42 norm_p 2.36 total_loss_m 0.211737 total_loss_p 1.090855 fea_loss 0.010146 done_loss 0.110275
[36m(ActorLearner pid=1433940)[0m [1;34m[dynamic-enduro-v5-test-10484] Steps 99440 @ 867.4 SPS (883.7). (T_q: 4.60) Eps 16. [0mRet [1;31m0.000000[0m (0.000000/0.000000). Loss -0.00 pg_loss 0.00 entropy_loss -0.24 reg_loss 0.00 total_norm 0.00 mean_abs_v 0.41 last_lr: 2.9970e-04
[36m(ModelLearner pid=1433939)[0m [dynamic-enduro-v5-test-10484] Steps 98928 (497280[5.6]) @ 573.8 SPS (574.2). norm_m 18713.24 norm_p 1.70 total_loss_m 0.180216 total_loss_p 1.091661 fea_loss 0.009328 done_loss 0.086934
[36m(ActorLearner pid=1433940)[0m [1;34m[dynamic-enduro-v5-test-10484] Steps 100288 @ 868.2 SPS (883.4). (T_q: 5.06) Eps 16. [0mRet [1;31m0.000000[0m (0.000000/0.000000). Loss -0.00 pg_loss 0.00 entropy_loss -0.27 reg_loss 0.00 total_norm 0.00 mean_abs_v 0.42 last_lr: 2.9970e-04
[36m(ModelLearner pid=1433939)[0m [dynamic-enduro-v5-test-10484] Steps 100000 (502656[5.6]) @ 574.3 SPS (574.5). norm_m 5155.23 norm_p 1.61 total_loss_m 0.085003 total_loss_p 1.098618 fea_loss 0.007298 done_loss 0.012018
[36m(ActorLearner pid=1433940)[0m [1;34m[dynamic-enduro-v5-test-10484] Steps 101104 @ 864.4 SPS (883.0). (T_q: 5.16) Eps 16. [0mRet [1;31m0.000000[0m (0.000000/0.000000). Loss -0.00 pg_loss 0.00 entropy_loss -0.28 reg_loss 0.00 total_norm 0.00 mean_abs_v 0.43 last_lr: 2.9970e-04
[36m(ModelLearner pid=1433939)[0m [dynamic-enduro-v5-test-10484] Steps 101072 (508032[5.6]) @ 573.4 SPS (574.2). norm_m 3438.70 norm_p 2.03 total_loss_m 0.163041 total_loss_p 1.092496 fea_loss 0.010320 done_loss 0.059841
[36m(ActorLearner pid=1433940)[0m Sent real_step update to ActorBuffer: 102000
[36m(ActorLearner pid=1433940)[0m [1;34m[dynamic-enduro-v5-test-10484] Steps 102000 @ 867.3 SPS (883.3). (T_q: 4.41) Eps 16. [0mRet [1;31m0.000000[0m (0.000000/0.000000). Loss -0.00 pg_loss 0.00 entropy_loss -0.29 reg_loss 0.00 total_norm 0.00 mean_abs_v 0.44 last_lr: 2.9969e-04
[36m(ModelLearner pid=1433939)[0m [dynamic-enduro-v5-test-10484] Steps 102160 (513408[5.6]) @ 573.2 SPS (574.7). norm_m 10723.44 norm_p 3.35 total_loss_m 0.151357 total_loss_p 1.098608 fea_loss 0.014114 done_loss 0.010218
[36m(ActorLearner pid=1433940)[0m [1;34m[dynamic-enduro-v5-test-10484] Steps 102832 @ 863.9 SPS (882.7). (T_q: 5.28) Eps 16. [0mRet [1;31m0.000000[0m (0.000000/0.000000). Loss -0.00 pg_loss 0.00 entropy_loss -0.27 reg_loss 0.00 total_norm 0.00 mean_abs_v 0.46 last_lr: 2.9969e-04
[36m(ActorLearner pid=1433940)[0m [1;34m[dynamic-enduro-v5-test-10484] Steps 103696 @ 868.0 SPS (883.4). (T_q: 4.41) Eps 16. [0mRet [1;31m0.000000[0m (0.000000/0.000000). Loss -0.00 pg_loss 0.00 entropy_loss -0.30 reg_loss 0.00 total_norm 0.00 mean_abs_v 0.45 last_lr: 2.9969e-04
[36m(ModelLearner pid=1433939)[0m [dynamic-enduro-v5-test-10484] Steps 103232 (518784[5.6]) @ 573.4 SPS (574.5). norm_m 4563.41 norm_p 1.93 total_loss_m 0.153016 total_loss_p 1.097404 fea_loss 0.013931 done_loss 0.013710
[36m(ActorLearner pid=1433940)[0m [1;34m[dynamic-enduro-v5-test-10484] Steps 104544 @ 865.3 SPS (883.0). (T_q: 5.27) Eps 16. [0mRet [1;31m0.000000[0m (0.000000/0.000000). Loss -0.00 pg_loss 0.00 entropy_loss -0.29 reg_loss 0.00 total_norm 0.00 mean_abs_v 0.44 last_lr: 2.9969e-04
[36m(ModelLearner pid=1433939)[0m [dynamic-enduro-v5-test-10484] Steps 104304 (524160[5.6]) @ 573.2 SPS (574.7). norm_m 10275.70 norm_p 3.42 total_loss_m 0.080549 total_loss_p 1.098608 fea_loss 0.007721 done_loss 0.003337
[36m(ActorLearner pid=1433940)[0m [1;34m[dynamic-enduro-v5-test-10484] Steps 105392 @ 867.4 SPS (883.1). (T_q: 4.84) Eps 16. [0mRet [1;31m0.000000[0m (0.000000/0.000000). Loss -0.00 pg_loss 0.00 entropy_loss -0.29 reg_loss 0.00 total_norm 0.00 mean_abs_v 0.43 last_lr: 2.9968e-04
[36m(ModelLearner pid=1433939)[0m [dynamic-enduro-v5-test-10484] Steps 105376 (529536[5.6]) @ 574.3 SPS (574.8). norm_m 7319.72 norm_p 2.52 total_loss_m 0.140804 total_loss_p 1.095763 fea_loss 0.011876 done_loss 0.022048
[36m(ActorLearner pid=1433940)[0m [1;34m[dynamic-enduro-v5-test-10484] Steps 106208 @ 870.6 SPS (883.4). (T_q: 4.55) Eps 16. [0mRet [1;31m0.000000[0m (0.000000/0.000000). Loss -0.00 pg_loss 0.00 entropy_loss -0.26 reg_loss 0.00 total_norm 0.00 mean_abs_v 0.42 last_lr: 2.9968e-04
[36m(SelfPlayWorker pid=1433935)[0m [DEBUG] Episode termination detected:
[36m(SelfPlayWorker pid=1433935)[0m   - done: tensor([False, False, False, False, False, False, False, False, False, False,
[36m(SelfPlayWorker pid=1433935)[0m          True, False, False, False, False, False], device='cuda:0')
[36m(SelfPlayWorker pid=1433935)[0m   - truncated_done: tensor([False, False, False, False, False, False, False, False, False, False,
[36m(SelfPlayWorker pid=1433935)[0m         False, False, False, False, False, False], device='cuda:0')
[36m(SelfPlayWorker pid=1433935)[0m   - real_done: tensor([False, False, False, False, False, False, False, False, False, False,
[36m(SelfPlayWorker pid=1433935)[0m          True, False, False, False, False, False], device='cuda:0')
[36m(SelfPlayWorker pid=1433935)[0m   - step_status: tensor([0, 0, 0, 0, 0, 0, 0, 0, 0, 0, 0, 0, 0, 0, 0, 0], device='cuda:0')
[36m(SelfPlayWorker pid=1433935)[0m   - counter: 51091
[36m(SelfPlayWorker pid=1433935)[0m [DEBUG] Episode termination detected:
[36m(SelfPlayWorker pid=1433935)[0m   - done: tensor([False, False, False, False, False, False, False, False, False, False,
[36m(SelfPlayWorker pid=1433935)[0m         False,  True, False, False, False, False], device='cuda:0')
[36m(SelfPlayWorker pid=1433935)[0m   - truncated_done: tensor([False, False, False, False, False, False, False, False, False, False,
[36m(SelfPlayWorker pid=1433935)[0m         False, False, False, False, False, False], device='cuda:0')
[36m(SelfPlayWorker pid=1433935)[0m   - real_done: tensor([False, False, False, False, False, False, False, False, False, False,
[36m(SelfPlayWorker pid=1433935)[0m         False,  True, False, False, False, False], device='cuda:0')
[36m(SelfPlayWorker pid=1433935)[0m   - step_status: tensor([0, 0, 0, 0, 0, 0, 0, 0, 0, 0, 0, 0, 0, 0, 0, 0], device='cuda:0')
[36m(SelfPlayWorker pid=1433935)[0m   - counter: 51101
[36m(SelfPlayWorker pid=1433935)[0m [DEBUG] Episode termination detected:
[36m(SelfPlayWorker pid=1433935)[0m   - done: tensor([ True, False,  True,  True, False, False, False, False, False, False,
[36m(SelfPlayWorker pid=1433935)[0m         False, False, False, False, False, False], device='cuda:0')
[36m(SelfPlayWorker pid=1433935)[0m   - truncated_done: tensor([False, False, False, False, False, False, False, False, False, False,
[36m(SelfPlayWorker pid=1433935)[0m         False, False, False, False, False, False], device='cuda:0')
[36m(SelfPlayWorker pid=1433935)[0m   - real_done: tensor([ True, False,  True,  True, False, False, False, False, False, False,
[36m(SelfPlayWorker pid=1433935)[0m         False, False, False, False, False, False], device='cuda:0')
[36m(SelfPlayWorker pid=1433935)[0m   - step_status: tensor([0, 0, 0, 0, 0, 0, 0, 0, 0, 0, 0, 0, 0, 0, 0, 0], device='cuda:0')
[36m(SelfPlayWorker pid=1433935)[0m   - counter: 51117
[36m(SelfPlayWorker pid=1433935)[0m [DEBUG] Episode termination detected:
[36m(SelfPlayWorker pid=1433935)[0m   - done: tensor([False, False, False, False,  True, False, False, False, False, False,
[36m(SelfPlayWorker pid=1433935)[0m         False, False, False, False, False, False], device='cuda:0')
[36m(SelfPlayWorker pid=1433935)[0m   - truncated_done: tensor([False, False, False, False, False, False, False, False, False, False,
[36m(SelfPlayWorker pid=1433935)[0m         False, False, False, False, False, False], device='cuda:0')
[36m(SelfPlayWorker pid=1433935)[0m   - real_done: tensor([False, False, False, False,  True, False, False, False, False, False,
[36m(SelfPlayWorker pid=1433935)[0m         False, False, False, False, False, False], device='cuda:0')
[36m(SelfPlayWorker pid=1433935)[0m   - step_status: tensor([0, 0, 0, 0, 0, 0, 0, 0, 0, 0, 0, 0, 0, 0, 0, 0], device='cuda:0')
[36m(SelfPlayWorker pid=1433935)[0m   - counter: 51123
[36m(SelfPlayWorker pid=1433935)[0m [DEBUG] Episode termination detected:
[36m(SelfPlayWorker pid=1433935)[0m   - done: tensor([False, False, False, False, False,  True, False, False, False,  True,
[36m(SelfPlayWorker pid=1433935)[0m         False, False, False, False,  True, False], device='cuda:0')
[36m(SelfPlayWorker pid=1433935)[0m   - truncated_done: tensor([False, False, False, False, False, False, False, False, False, False,
[36m(SelfPlayWorker pid=1433935)[0m         False, False, False, False, False, False], device='cuda:0')
[36m(SelfPlayWorker pid=1433935)[0m   - real_done: tensor([False, False, False, False, False,  True, False, False, False,  True,
[36m(SelfPlayWorker pid=1433935)[0m         False, False, False, False,  True, False], device='cuda:0')
[36m(SelfPlayWorker pid=1433935)[0m   - step_status: tensor([0, 0, 0, 0, 0, 0, 0, 0, 0, 0, 0, 0, 0, 0, 0, 0], device='cuda:0')
[36m(SelfPlayWorker pid=1433935)[0m   - counter: 51128
[36m(SelfPlayWorker pid=1433935)[0m [DEBUG] Episode termination detected:
[36m(SelfPlayWorker pid=1433935)[0m   - done: tensor([False, False, False, False, False, False, False,  True, False, False,
[36m(SelfPlayWorker pid=1433935)[0m         False, False, False,  True, False, False], device='cuda:0')
[36m(SelfPlayWorker pid=1433935)[0m   - truncated_done: tensor([False, False, False, False, False, False, False, False, False, False,
[36m(SelfPlayWorker pid=1433935)[0m         False, False, False, False, False, False], device='cuda:0')
[36m(SelfPlayWorker pid=1433935)[0m   - real_done: tensor([False, False, False, False, False, False, False,  True, False, False,
[36m(SelfPlayWorker pid=1433935)[0m         False, False, False,  True, False, False], device='cuda:0')
[36m(SelfPlayWorker pid=1433935)[0m   - step_status: tensor([0, 0, 0, 0, 0, 0, 0, 0, 0, 0, 0, 0, 0, 0, 0, 0], device='cuda:0')
[36m(SelfPlayWorker pid=1433935)[0m   - counter: 51146
[36m(SelfPlayWorker pid=1433935)[0m [DEBUG] Episode termination detected:
[36m(SelfPlayWorker pid=1433935)[0m   - done: tensor([False,  True, False, False, False, False, False, False,  True, False,
[36m(SelfPlayWorker pid=1433935)[0m         False, False,  True, False, False,  True], device='cuda:0')
[36m(SelfPlayWorker pid=1433935)[0m   - truncated_done: tensor([False, False, False, False, False, False, False, False, False, False,
[36m(SelfPlayWorker pid=1433935)[0m         False, False, False, False, False, False], device='cuda:0')
[36m(SelfPlayWorker pid=1433935)[0m   - real_done: tensor([False,  True, False, False, False, False, False, False,  True, False,
[36m(SelfPlayWorker pid=1433935)[0m         False, False,  True, False, False,  True], device='cuda:0')
[36m(SelfPlayWorker pid=1433935)[0m   - step_status: tensor([0, 0, 0, 0, 0, 0, 0, 0, 0, 0, 0, 0, 0, 0, 0, 0], device='cuda:0')
[36m(SelfPlayWorker pid=1433935)[0m   - counter: 51155
[36m(SelfPlayWorker pid=1433935)[0m [DEBUG] Episode termination detected:
[36m(SelfPlayWorker pid=1433935)[0m   - done: tensor([False, False, False, False, False, False,  True, False, False, False,
[36m(SelfPlayWorker pid=1433935)[0m         False, False, False, False, False, False], device='cuda:0')
[36m(SelfPlayWorker pid=1433935)[0m   - truncated_done: tensor([False, False, False, False, False, False, False, False, False, False,
[36m(SelfPlayWorker pid=1433935)[0m         False, False, False, False, False, False], device='cuda:0')
[36m(SelfPlayWorker pid=1433935)[0m   - real_done: tensor([False, False, False, False, False, False,  True, False, False, False,
[36m(SelfPlayWorker pid=1433935)[0m         False, False, False, False, False, False], device='cuda:0')
[36m(SelfPlayWorker pid=1433935)[0m   - step_status: tensor([0, 0, 0, 0, 0, 0, 0, 0, 0, 0, 0, 0, 0, 0, 0, 0], device='cuda:0')
[36m(SelfPlayWorker pid=1433935)[0m   - counter: 51163
[36m(ActorLearner pid=1433940)[0m [DEBUG] Episode counter increased:
[36m(ActorLearner pid=1433940)[0m   - real_done_count: 16
[36m(ActorLearner pid=1433940)[0m   - tot_eps: 32
[36m(ActorLearner pid=1433940)[0m   - train_actor_out.real_done: tensor([[False, False, False,  ..., False, False, False],
[36m(ActorLearner pid=1433940)[0m         [False, False, False,  ..., False, False, False],
[36m(ActorLearner pid=1433940)[0m         [False, False, False,  ..., False, False, False],
[36m(ActorLearner pid=1433940)[0m         ...,
[36m(ActorLearner pid=1433940)[0m         [False, False, False,  ..., False, False, False],
[36m(ActorLearner pid=1433940)[0m         [False, False, False,  ..., False, False, False],
[36m(ActorLearner pid=1433940)[0m         [False, False, False,  ..., False, False, False]], device='cuda:0')
[36m(ActorLearner pid=1433940)[0m   - train_actor_out.done: tensor([[False, False, False,  ..., False, False, False],
[36m(ActorLearner pid=1433940)[0m         [False, False, False,  ..., False, False, False],
[36m(ActorLearner pid=1433940)[0m         [False, False, False,  ..., False, False, False],
[36m(ActorLearner pid=1433940)[0m         ...,
[36m(ActorLearner pid=1433940)[0m         [False, False, False,  ..., False, False, False],
[36m(ActorLearner pid=1433940)[0m         [False, False, False,  ..., False, False, False],
[36m(ActorLearner pid=1433940)[0m         [False, False, False,  ..., False, False, False]], device='cuda:0')
[36m(ActorLearner pid=1433940)[0m   - train_actor_out.truncated_done: tensor([[False, False, False,  ..., False, False, False],
[36m(ActorLearner pid=1433940)[0m         [False, False, False,  ..., False, False, False],
[36m(ActorLearner pid=1433940)[0m         [False, False, False,  ..., False, False, False],
[36m(ActorLearner pid=1433940)[0m         ...,
[36m(ActorLearner pid=1433940)[0m         [False, False, False,  ..., False, False, False],
[36m(ActorLearner pid=1433940)[0m         [False, False, False,  ..., False, False, False],
[36m(ActorLearner pid=1433940)[0m         [False, False, False,  ..., False, False, False]], device='cuda:0')
[36m(ModelLearner pid=1433939)[0m [dynamic-enduro-v5-test-10484] Steps 106448 (534912[5.5]) @ 576.7 SPS (575.0). norm_m 30895.96 norm_p 3.36 total_loss_m 0.206743 total_loss_p 1.097353 fea_loss 0.018441 done_loss 0.022332
[36m(ActorLearner pid=1433940)[0m [1;34m[dynamic-enduro-v5-test-10484] Steps 107088 @ 867.5 SPS (882.7). (T_q: 5.43) Eps 32. [0mRet [1;31m0.000000[0m (0.000000/0.000000). Loss -0.00 pg_loss 0.00 entropy_loss -0.31 reg_loss 0.00 total_norm 0.00 mean_abs_v 0.41 last_lr: 2.9968e-04
[36m(ModelLearner pid=1433939)[0m [dynamic-enduro-v5-test-10484] Steps 106992 (537600[5.5]) @ 574.8 SPS (574.4). norm_m 16169.39 norm_p 2.99 total_loss_m 0.208246 total_loss_p 1.097774 fea_loss 0.018186 done_loss 0.026388
[36m(ActorLearner pid=1433940)[0m [1;34m[dynamic-enduro-v5-test-10484] Steps 107888 @ 869.9 SPS (883.2). (T_q: 4.40) Eps 32. [0mRet [1;31m0.000000[0m (0.000000/0.000000). Loss -0.00 pg_loss 0.00 entropy_loss -0.28 reg_loss 0.00 total_norm 0.00 mean_abs_v 0.41 last_lr: 2.9968e-04
[36m(ModelLearner pid=1433939)[0m [dynamic-enduro-v5-test-10484] Steps 108064 (542976[5.5]) @ 577.3 SPS (574.8). norm_m 11282.81 norm_p 2.16 total_loss_m 0.225829 total_loss_p 1.090438 fea_loss 0.016387 done_loss 0.061959
[36m(ActorLearner pid=1433940)[0m [1;34m[dynamic-enduro-v5-test-10484] Steps 108752 @ 867.7 SPS (882.7). (T_q: 5.22) Eps 32. [0mRet [1;31m0.000000[0m (0.000000/0.000000). Loss -0.00 pg_loss 0.00 entropy_loss -0.28 reg_loss 0.00 total_norm 0.00 mean_abs_v 0.41 last_lr: 2.9967e-04
[36m(ModelLearner pid=1433939)[0m [dynamic-enduro-v5-test-10484] Steps 108608 (545664[5.5]) @ 573.9 SPS (574.2). norm_m 6866.68 norm_p 5.56 total_loss_m 0.286280 total_loss_p 1.095358 fea_loss 0.024814 done_loss 0.038144
[36m(ActorLearner pid=1433940)[0m [1;34m[dynamic-enduro-v5-test-10484] Steps 109536 @ 870.1 SPS (883.1). (T_q: 4.44) Eps 32. [0mRet [1;31m0.000000[0m (0.000000/0.000000). Loss -0.00 pg_loss 0.00 entropy_loss -0.29 reg_loss 0.00 total_norm 0.00 mean_abs_v 0.42 last_lr: 2.9967e-04
[36m(ModelLearner pid=1433939)[0m [dynamic-enduro-v5-test-10484] Steps 109680 (551040[5.5]) @ 572.7 SPS (574.5). norm_m 12547.74 norm_p 1.79 total_loss_m 0.203290 total_loss_p 1.091647 fea_loss 0.012502 done_loss 0.078269
[36m(ActorLearner pid=1433940)[0m [1;34m[dynamic-enduro-v5-test-10484] Steps 110464 @ 869.8 SPS (882.5). (T_q: 5.42) Eps 32. [0mRet [1;31m0.000000[0m (0.000000/0.000000). Loss -0.00 pg_loss 0.00 entropy_loss -0.33 reg_loss 0.00 total_norm 0.00 mean_abs_v 0.43 last_lr: 2.9967e-04
[36m(ModelLearner pid=1433939)[0m [dynamic-enduro-v5-test-10484] Steps 110752 (556416[5.5]) @ 575.3 SPS (575.1). norm_m 26008.97 norm_p 3.79 total_loss_m 0.166562 total_loss_p 1.098616 fea_loss 0.016038 done_loss 0.006187
[36m(ActorLearner pid=1433940)[0m [1;34m[dynamic-enduro-v5-test-10484] Steps 111392 @ 866.5 SPS (882.0). (T_q: 5.28) Eps 32. [0mRet [1;31m0.000000[0m (0.000000/0.000000). Loss -0.00 pg_loss 0.00 entropy_loss -0.33 reg_loss 0.00 total_norm 0.00 mean_abs_v 0.45 last_lr: 2.9967e-04
[36m(ActorLearner pid=1433940)[0m [1;34m[dynamic-enduro-v5-test-10484] Steps 112256 @ 870.9 SPS (882.7). (T_q: 4.31) Eps 32. [0mRet [1;31m0.000000[0m (0.000000/0.000000). Loss -0.00 pg_loss 0.00 entropy_loss -0.29 reg_loss 0.00 total_norm 0.00 mean_abs_v 0.43 last_lr: 2.9966e-04
[36m(ModelLearner pid=1433939)[0m [dynamic-enduro-v5-test-10484] Steps 111824 (561792[5.5]) @ 574.3 SPS (575.0). norm_m 24466.37 norm_p 2.09 total_loss_m 0.190174 total_loss_p 1.091239 fea_loss 0.011152 done_loss 0.078657
[36m(ActorLearner pid=1433940)[0m [1;34m[dynamic-enduro-v5-test-10484] Steps 113104 @ 867.7 SPS (882.2). (T_q: 5.34) Eps 32. [0mRet [1;31m0.000000[0m (0.000000/0.000000). Loss -0.00 pg_loss 0.00 entropy_loss -0.28 reg_loss 0.00 total_norm 0.00 mean_abs_v 0.41 last_lr: 2.9966e-04
[36m(ModelLearner pid=1433939)[0m [dynamic-enduro-v5-test-10484] Steps 112912 (567168[5.5]) @ 576.8 SPS (575.2). norm_m 11276.70 norm_p 2.08 total_loss_m 0.125025 total_loss_p 1.098580 fea_loss 0.011766 done_loss 0.007365
[36m(ActorLearner pid=1433940)[0m [1;34m[dynamic-enduro-v5-test-10484] Steps 113920 @ 870.5 SPS (882.5). (T_q: 4.56) Eps 32. [0mRet [1;31m0.000000[0m (0.000000/0.000000). Loss -0.00 pg_loss 0.00 entropy_loss -0.28 reg_loss 0.00 total_norm 0.00 mean_abs_v 0.40 last_lr: 2.9966e-04
[36m(ModelLearner pid=1433939)[0m [dynamic-enduro-v5-test-10484] Steps 113440 (569856[5.5]) @ 574.4 SPS (574.7). norm_m 12975.39 norm_p 2.20 total_loss_m 0.122888 total_loss_p 1.098605 fea_loss 0.011299 done_loss 0.009902
[36m(ActorLearner pid=1433940)[0m [1;34m[dynamic-enduro-v5-test-10484] Steps 114768 @ 868.7 SPS (882.1). (T_q: 5.10) Eps 32. [0mRet [1;31m0.000000[0m (0.000000/0.000000). Loss -0.00 pg_loss 0.00 entropy_loss -0.29 reg_loss 0.00 total_norm 0.00 mean_abs_v 0.41 last_lr: 2.9966e-04
[36m(ModelLearner pid=1433939)[0m [dynamic-enduro-v5-test-10484] Steps 114512 (575232[5.5]) @ 576.8 SPS (575.0). norm_m 23194.25 norm_p 1.23 total_loss_m 0.190934 total_loss_p 1.098626 fea_loss 0.018077 done_loss 0.010165
[36m(ActorLearner pid=1433940)[0m [1;34m[dynamic-enduro-v5-test-10484] Steps 115616 @ 868.4 SPS (881.8). (T_q: 5.08) Eps 32. [0mRet [1;31m0.000000[0m (0.000000/0.000000). Loss -0.00 pg_loss 0.00 entropy_loss -0.32 reg_loss 0.00 total_norm 0.00 mean_abs_v 0.42 last_lr: 2.9965e-04
[36m(ModelLearner pid=1433939)[0m [dynamic-enduro-v5-test-10484] Steps 115600 (580608[5.5]) @ 575.2 SPS (574.8). norm_m 22563.05 norm_p 2.88 total_loss_m 0.151273 total_loss_p 1.098589 fea_loss 0.013751 done_loss 0.013760
[36m(ActorLearner pid=1433940)[0m [1;34m[dynamic-enduro-v5-test-10484] Steps 116464 @ 871.6 SPS (882.2). (T_q: 4.49) Eps 32. [0mRet [1;31m0.000000[0m (0.000000/0.000000). Loss -0.00 pg_loss 0.00 entropy_loss -0.29 reg_loss 0.00 total_norm 0.00 mean_abs_v 0.43 last_lr: 2.9965e-04
[36m(ModelLearner pid=1433939)[0m [dynamic-enduro-v5-test-10484] Steps 116672 (585984[5.5]) @ 578.6 SPS (575.3). norm_m 14204.43 norm_p 1.44 total_loss_m 0.258979 total_loss_p 1.098608 fea_loss 0.025362 done_loss 0.005360
[36m(ActorLearner pid=1433940)[0m [1;34m[dynamic-enduro-v5-test-10484] Steps 117344 @ 868.3 SPS (881.7). (T_q: 5.35) Eps 32. [0mRet [1;31m0.000000[0m (0.000000/0.000000). Loss -0.00 pg_loss 0.00 entropy_loss -0.29 reg_loss 0.00 total_norm 0.00 mean_abs_v 0.43 last_lr: 2.9965e-04
[36m(ActorLearner pid=1433940)[0m [1;34m[dynamic-enduro-v5-test-10484] Steps 118256 @ 870.9 SPS (881.9). (T_q: 4.51) Eps 32. [0mRet [1;31m0.000000[0m (0.000000/0.000000). Loss -0.00 pg_loss 0.00 entropy_loss -0.30 reg_loss 0.00 total_norm 0.00 mean_abs_v 0.42 last_lr: 2.9965e-04
[36m(ModelLearner pid=1433939)[0m [dynamic-enduro-v5-test-10484] Steps 117744 (591360[5.5]) @ 577.0 SPS (575.0). norm_m 19296.55 norm_p 5.03 total_loss_m 0.147775 total_loss_p 1.098586 fea_loss 0.013627 done_loss 0.011502
[36m(ActorLearner pid=1433940)[0m [1;34m[dynamic-enduro-v5-test-10484] Steps 119056 @ 869.5 SPS (881.7). (T_q: 5.15) Eps 32. [0mRet [1;31m0.000000[0m (0.000000/0.000000). Loss -0.00 pg_loss 0.00 entropy_loss -0.28 reg_loss 0.00 total_norm 0.00 mean_abs_v 0.55 last_lr: 2.9964e-04
[36m(ModelLearner pid=1433939)[0m [dynamic-enduro-v5-test-10484] Steps 118816 (596736[5.5]) @ 578.1 SPS (575.3). norm_m 21640.44 norm_p 2.67 total_loss_m 0.277927 total_loss_p 1.092053 fea_loss 0.022641 done_loss 0.051513
[36m(ActorLearner pid=1433940)[0m [1;34m[dynamic-enduro-v5-test-10484] Steps 119968 @ 868.8 SPS (881.3). (T_q: 5.24) Eps 32. [0mRet [1;31m0.000000[0m (0.000000/0.000000). Loss -0.00 pg_loss 0.00 entropy_loss -0.33 reg_loss 0.00 total_norm 0.00 mean_abs_v 0.53 last_lr: 2.9964e-04
[36m(ModelLearner pid=1433939)[0m [dynamic-enduro-v5-test-10484] Steps 119888 (602112[5.5]) @ 579.2 SPS (575.9). norm_m 15451.31 norm_p 1.06 total_loss_m 0.266123 total_loss_p 1.095724 fea_loss 0.023579 done_loss 0.030334
[36m(ActorLearner pid=1433940)[0m [1;34m[dynamic-enduro-v5-test-10484] Steps 120880 @ 872.0 SPS (881.6). (T_q: 4.32) Eps 32. [0mRet [1;31m0.000000[0m (0.000000/0.000000). Loss -0.00 pg_loss 0.00 entropy_loss -0.29 reg_loss 0.00 total_norm 0.00 mean_abs_v 0.45 last_lr: 2.9964e-04
[36m(ModelLearner pid=1433939)[0m [dynamic-enduro-v5-test-10484] Steps 120432 (604800[5.5]) @ 578.6 SPS (575.5). norm_m 10755.60 norm_p 3.42 total_loss_m 0.123750 total_loss_p 1.098606 fea_loss 0.011575 done_loss 0.008001
[36m(ActorLearner pid=1433940)[0m [1;34m[dynamic-enduro-v5-test-10484] Steps 121744 @ 869.1 SPS (881.2). (T_q: 5.23) Eps 32. [0mRet [1;31m0.000000[0m (0.000000/0.000000). Loss -0.00 pg_loss 0.00 entropy_loss -0.27 reg_loss 0.00 total_norm 0.00 mean_abs_v 0.37 last_lr: 2.9963e-04
[36m(ModelLearner pid=1433939)[0m [dynamic-enduro-v5-test-10484] Steps 121504 (610176[5.5]) @ 578.7 SPS (575.8). norm_m 162110.78 norm_p 6.86 total_loss_m 0.338048 total_loss_p 1.096186 fea_loss 0.030013 done_loss 0.037918
[36m(ActorLearner pid=1433940)[0m [1;34m[dynamic-enduro-v5-test-10484] Steps 122592 @ 872.2 SPS (881.5). (T_q: 4.56) Eps 32. [0mRet [1;31m0.000000[0m (0.000000/0.000000). Loss -0.00 pg_loss 0.00 entropy_loss -0.28 reg_loss 0.00 total_norm 0.00 mean_abs_v 0.32 last_lr: 2.9963e-04
[36m(ModelLearner pid=1433939)[0m [dynamic-enduro-v5-test-10484] Steps 122576 (615552[5.5]) @ 580.1 SPS (575.8). norm_m 148267.19 norm_p 4.38 total_loss_m 0.650555 total_loss_p 1.098185 fea_loss 0.058082 done_loss 0.069732
[36m(ActorLearner pid=1433940)[0m [1;34m[dynamic-enduro-v5-test-10484] Steps 123392 @ 875.3 SPS (881.8). (T_q: 4.38) Eps 32. [0mRet [1;31m0.000000[0m (0.000000/0.000000). Loss -0.00 pg_loss 0.00 entropy_loss -0.28 reg_loss 0.00 total_norm 0.00 mean_abs_v 0.32 last_lr: 2.9963e-04
[36m(ActorLearner pid=1433940)[0m [1;34m[dynamic-enduro-v5-test-10484] Steps 124160 @ 874.9 SPS (882.0). (T_q: 4.38) Eps 32. [0mRet [1;31m0.000000[0m (0.000000/0.000000). Loss -0.00 pg_loss 0.00 entropy_loss -0.28 reg_loss 0.00 total_norm 0.00 mean_abs_v 0.34 last_lr: 2.9963e-04
[36m(ModelLearner pid=1433939)[0m [dynamic-enduro-v5-test-10484] Steps 123664 (620928[5.5]) @ 577.3 SPS (575.3). norm_m 5603.62 norm_p 0.84 total_loss_m 0.273897 total_loss_p 1.088815 fea_loss 0.020499 done_loss 0.068909
[36m(ActorLearner pid=1433940)[0m [1;34m[dynamic-enduro-v5-test-10484] Steps 124992 @ 875.8 SPS (881.8). (T_q: 5.07) Eps 32. [0mRet [1;31m0.000000[0m (0.000000/0.000000). Loss -0.00 pg_loss 0.00 entropy_loss -0.27 reg_loss 0.00 total_norm 0.00 mean_abs_v 0.39 last_lr: 2.9963e-04
[36m(ModelLearner pid=1433939)[0m [dynamic-enduro-v5-test-10484] Steps 124736 (626304[5.5]) @ 579.4 SPS (575.6). norm_m 268765.66 norm_p 1.81 total_loss_m 0.665462 total_loss_p 1.095754 fea_loss 0.052901 done_loss 0.136450
[36m(ActorLearner pid=1433940)[0m [1;34m[dynamic-enduro-v5-test-10484] Steps 125872 @ 872.6 SPS (881.4). (T_q: 5.24) Eps 32. [0mRet [1;31m0.000000[0m (0.000000/0.000000). Loss -0.00 pg_loss 0.00 entropy_loss -0.27 reg_loss 0.00 total_norm 0.00 mean_abs_v 0.45 last_lr: 2.9962e-04
[36m(ModelLearner pid=1433939)[0m [dynamic-enduro-v5-test-10484] Steps 125808 (631680[5.5]) @ 576.4 SPS (575.2). norm_m 11886.66 norm_p 2.01 total_loss_m 0.255450 total_loss_p 1.098217 fea_loss 0.022944 done_loss 0.026007
[36m(ActorLearner pid=1433940)[0m [1;34m[dynamic-enduro-v5-test-10484] Steps 126704 @ 875.7 SPS (881.7). (T_q: 4.53) Eps 32. [0mRet [1;31m0.000000[0m (0.000000/0.000000). Loss -0.00 pg_loss 0.00 entropy_loss -0.31 reg_loss 0.00 total_norm 0.00 mean_abs_v 0.50 last_lr: 2.9962e-04
[36m(ModelLearner pid=1433939)[0m [dynamic-enduro-v5-test-10484] Steps 126880 (637056[5.5]) @ 576.4 SPS (575.6). norm_m 117401.66 norm_p 0.63 total_loss_m 0.634326 total_loss_p 1.092062 fea_loss 0.052336 done_loss 0.110963
[36m(ActorLearner pid=1433940)[0m [1;34m[dynamic-enduro-v5-test-10484] Steps 127552 @ 872.9 SPS (881.3). (T_q: 5.27) Eps 32. [0mRet [1;31m0.000000[0m (0.000000/0.000000). Loss -0.00 pg_loss 0.00 entropy_loss -0.30 reg_loss 0.00 total_norm 0.00 mean_abs_v 0.40 last_lr: 2.9962e-04
[36m(ActorLearner pid=1433940)[0m [1;34m[dynamic-enduro-v5-test-10484] Steps 128384 @ 875.1 SPS (881.5). (T_q: 4.60) Eps 32. [0mRet [1;31m0.000000[0m (0.000000/0.000000). Loss -0.00 pg_loss 0.00 entropy_loss -0.27 reg_loss 0.00 total_norm 0.00 mean_abs_v 0.41 last_lr: 2.9961e-04
[36m(ModelLearner pid=1433939)[0m [dynamic-enduro-v5-test-10484] Steps 127952 (642432[5.4]) @ 576.8 SPS (575.3). norm_m 38902.49 norm_p 1.01 total_loss_m 0.345710 total_loss_p 1.090826 fea_loss 0.027502 done_loss 0.070686
[36m(ActorLearner pid=1433940)[0m [1;34m[dynamic-enduro-v5-test-10484] Steps 129264 @ 872.8 SPS (881.2). (T_q: 5.22) Eps 32. [0mRet [1;31m0.000000[0m (0.000000/0.000000). Loss -0.00 pg_loss 0.00 entropy_loss -0.28 reg_loss 0.00 total_norm 0.00 mean_abs_v 0.41 last_lr: 2.9961e-04
[36m(ModelLearner pid=1433939)[0m [dynamic-enduro-v5-test-10484] Steps 129040 (647808[5.4]) @ 577.1 SPS (575.5). norm_m 3879.18 norm_p 3.10 total_loss_m 0.234780 total_loss_p 1.098593 fea_loss 0.021795 done_loss 0.016829
[36m(ActorLearner pid=1433940)[0m [1;34m[dynamic-enduro-v5-test-10484] Steps 130080 @ 874.5 SPS (881.4). (T_q: 4.48) Eps 32. [0mRet [1;31m0.000000[0m (0.000000/0.000000). Loss -0.00 pg_loss 0.00 entropy_loss -0.28 reg_loss 0.00 total_norm 0.00 mean_abs_v 0.42 last_lr: 2.9961e-04
[36m(ModelLearner pid=1433939)[0m [dynamic-enduro-v5-test-10484] Steps 129568 (650496[5.4]) @ 577.4 SPS (575.1). norm_m 23600.53 norm_p 1.73 total_loss_m 0.343859 total_loss_p 1.083476 fea_loss 0.016791 done_loss 0.175948
[36m(ActorLearner pid=1433940)[0m [1;34m[dynamic-enduro-v5-test-10484] Steps 131008 @ 875.0 SPS (881.2). (T_q: 4.96) Eps 32. [0mRet [1;31m0.000000[0m (0.000000/0.000000). Loss -0.00 pg_loss 0.00 entropy_loss -0.31 reg_loss 0.00 total_norm 0.00 mean_abs_v 0.43 last_lr: 2.9961e-04
[36m(ModelLearner pid=1433939)[0m [dynamic-enduro-v5-test-10484] Steps 130640 (655872[5.4]) @ 578.2 SPS (575.6). norm_m 4615.60 norm_p 1.31 total_loss_m 0.185995 total_loss_p 1.097374 fea_loss 0.014808 done_loss 0.037912
[36m(ActorLearner pid=1433940)[0m [1;34m[dynamic-enduro-v5-test-10484] Steps 131888 @ 871.9 SPS (880.8). (T_q: 5.27) Eps 32. [0mRet [1;31m0.000000[0m (0.000000/0.000000). Loss -0.00 pg_loss 0.00 entropy_loss -0.30 reg_loss 0.00 total_norm 0.00 mean_abs_v 0.42 last_lr: 2.9960e-04
[36m(ModelLearner pid=1433939)[0m [dynamic-enduro-v5-test-10484] Steps 131728 (661248[5.4]) @ 579.8 SPS (575.8). norm_m 3886.87 norm_p 4.69 total_loss_m 0.144012 total_loss_p 1.098636 fea_loss 0.013518 done_loss 0.008832
[36m(ActorLearner pid=1433940)[0m [1;34m[dynamic-enduro-v5-test-10484] Steps 132688 @ 875.5 SPS (881.1). (T_q: 4.49) Eps 32. [0mRet [1;31m0.000000[0m (0.000000/0.000000). Loss -0.00 pg_loss 0.00 entropy_loss -0.28 reg_loss 0.00 total_norm 0.00 mean_abs_v 0.42 last_lr: 2.9960e-04
[36m(ModelLearner pid=1433939)[0m [dynamic-enduro-v5-test-10484] Steps 132256 (663936[5.4]) @ 576.6 SPS (575.4). norm_m 40554.93 norm_p 0.94 total_loss_m 0.323335 total_loss_p 1.092492 fea_loss 0.014382 done_loss 0.179520
[36m(ActorLearner pid=1433940)[0m [1;34m[dynamic-enduro-v5-test-10484] Steps 133488 @ 871.4 SPS (880.8). (T_q: 5.22) Eps 32. [0mRet [1;31m0.000000[0m (0.000000/0.000000). Loss -0.00 pg_loss 0.00 entropy_loss -0.28 reg_loss 0.00 total_norm 0.00 mean_abs_v 0.42 last_lr: 2.9960e-04
[36m(ModelLearner pid=1433939)[0m [dynamic-enduro-v5-test-10484] Steps 133328 (669312[5.4]) @ 579.5 SPS (575.5). norm_m 10713.95 norm_p 1.06 total_loss_m 0.185091 total_loss_p 1.098619 fea_loss 0.016778 done_loss 0.017312
[36m(ActorLearner pid=1433940)[0m [1;34m[dynamic-enduro-v5-test-10484] Steps 134320 @ 877.5 SPS (881.8). (T_q: 3.71) Eps 32. [0mRet [1;31m0.000000[0m (0.000000/0.000000). Loss -0.00 pg_loss 0.00 entropy_loss -0.30 reg_loss 0.00 total_norm 0.00 mean_abs_v 0.43 last_lr: 2.9960e-04
[36m(ModelLearner pid=1433939)[0m [dynamic-enduro-v5-test-10484] Steps 134416 (674688[5.4]) @ 579.2 SPS (575.7). norm_m 6839.98 norm_p 1.91 total_loss_m 0.176775 total_loss_p 1.096965 fea_loss 0.014090 done_loss 0.035870
[36m(ActorLearner pid=1433940)[0m [1;34m[dynamic-enduro-v5-test-10484] Steps 135152 @ 875.6 SPS (881.4). (T_q: 5.07) Eps 32. [0mRet [1;31m0.000000[0m (0.000000/0.000000). Loss -0.00 pg_loss 0.00 entropy_loss -0.27 reg_loss 0.00 total_norm 0.00 mean_abs_v 0.45 last_lr: 2.9959e-04
[36m(ActorLearner pid=1433940)[0m Sent real_step update to ActorBuffer: 136000
[36m(ActorLearner pid=1433940)[0m [1;34m[dynamic-enduro-v5-test-10484] Steps 136000 @ 874.9 SPS (881.6). (T_q: 4.50) Eps 32. [0mRet [1;31m0.000000[0m (0.000000/0.000000). Loss -0.00 pg_loss 0.00 entropy_loss -0.28 reg_loss 0.00 total_norm 0.00 mean_abs_v 0.44 last_lr: 2.9959e-04
[36m(ModelLearner pid=1433939)[0m [dynamic-enduro-v5-test-10484] Steps 135488 (680064[5.4]) @ 579.2 SPS (575.4). norm_m 101559.35 norm_p 1.00 total_loss_m 0.305303 total_loss_p 1.097012 fea_loss 0.023876 done_loss 0.066546
[36m(ActorLearner pid=1433940)[0m [1;34m[dynamic-enduro-v5-test-10484] Steps 136928 @ 876.6 SPS (881.4). (T_q: 5.02) Eps 32. [0mRet [1;31m0.000000[0m (0.000000/0.000000). Loss -0.00 pg_loss 0.00 entropy_loss -0.30 reg_loss 0.00 total_norm 0.00 mean_abs_v 0.45 last_lr: 2.9959e-04
[36m(ModelLearner pid=1433939)[0m [dynamic-enduro-v5-test-10484] Steps 136560 (685440[5.4]) @ 579.7 SPS (575.9). norm_m 6818.44 norm_p 1.75 total_loss_m 0.108709 total_loss_p 1.098606 fea_loss 0.007991 done_loss 0.028795
[36m(ActorLearner pid=1433940)[0m [1;34m[dynamic-enduro-v5-test-10484] Steps 137872 @ 873.3 SPS (881.1). (T_q: 5.18) Eps 32. [0mRet [1;31m0.000000[0m (0.000000/0.000000). Loss -0.00 pg_loss 0.00 entropy_loss -0.31 reg_loss 0.00 total_norm 0.00 mean_abs_v 0.43 last_lr: 2.9959e-04
[36m(ModelLearner pid=1433939)[0m [dynamic-enduro-v5-test-10484] Steps 137632 (690816[5.4]) @ 582.1 SPS (576.4). norm_m 11485.34 norm_p 2.13 total_loss_m 0.164454 total_loss_p 1.092491 fea_loss 0.009753 done_loss 0.066923
[36m(ActorLearner pid=1433940)[0m [1;34m[dynamic-enduro-v5-test-10484] Steps 138720 @ 875.3 SPS (881.1). (T_q: 4.70) Eps 32. [0mRet [1;31m0.000000[0m (0.000000/0.000000). Loss -0.00 pg_loss 0.00 entropy_loss -0.27 reg_loss 0.00 total_norm 0.00 mean_abs_v 0.41 last_lr: 2.9958e-04
[36m(ModelLearner pid=1433939)[0m [dynamic-enduro-v5-test-10484] Steps 138704 (696192[5.4]) @ 581.2 SPS (576.3). norm_m 4382.20 norm_p 2.18 total_loss_m 0.128970 total_loss_p 1.096577 fea_loss 0.008972 done_loss 0.039254
[36m(ActorLearner pid=1433940)[0m [1;34m[dynamic-enduro-v5-test-10484] Steps 139552 @ 875.3 SPS (881.4). (T_q: 4.52) Eps 32. [0mRet [1;31m0.000000[0m (0.000000/0.000000). Loss -0.00 pg_loss 0.00 entropy_loss -0.27 reg_loss 0.00 total_norm 0.00 mean_abs_v 0.39 last_lr: 2.9958e-04
[36m(ActorLearner pid=1433940)[0m [1;34m[dynamic-enduro-v5-test-10484] Steps 140304 @ 878.2 SPS (881.6). (T_q: 4.41) Eps 32. [0mRet [1;31m0.000000[0m (0.000000/0.000000). Loss -0.00 pg_loss 0.00 entropy_loss -0.25 reg_loss 0.00 total_norm 0.00 mean_abs_v 0.39 last_lr: 2.9958e-04
[36m(ModelLearner pid=1433939)[0m [dynamic-enduro-v5-test-10484] Steps 139792 (701568[5.4]) @ 579.3 SPS (575.9). norm_m 35514.60 norm_p 1.92 total_loss_m 0.356127 total_loss_p 1.086375 fea_loss 0.011176 done_loss 0.244372
[36m(ActorLearner pid=1433940)[0m [1;34m[dynamic-enduro-v5-test-10484] Steps 141168 @ 879.0 SPS (881.4). (T_q: 5.07) Eps 32. [0mRet [1;31m0.000000[0m (0.000000/0.000000). Loss -0.00 pg_loss 0.00 entropy_loss -0.28 reg_loss 0.00 total_norm 0.00 mean_abs_v 0.40 last_lr: 2.9958e-04
[36m(ModelLearner pid=1433939)[0m [dynamic-enduro-v5-test-10484] Steps 140864 (706944[5.4]) @ 579.7 SPS (576.1). norm_m 6497.13 norm_p 1.22 total_loss_m 0.113162 total_loss_p 1.098622 fea_loss 0.010649 done_loss 0.006676
[36m(ActorLearner pid=1433940)[0m [1;34m[dynamic-enduro-v5-test-10484] Steps 141936 @ 878.0 SPS (881.7). (T_q: 4.63) Eps 32. [0mRet [1;31m0.000000[0m (0.000000/0.000000). Loss -0.00 pg_loss 0.00 entropy_loss -0.27 reg_loss 0.00 total_norm 0.00 mean_abs_v 0.42 last_lr: 2.9957e-04
[36m(ModelLearner pid=1433939)[0m [dynamic-enduro-v5-test-10484] Steps 141936 (712320[5.4]) @ 581.2 SPS (576.0). norm_m 6291.78 norm_p 0.84 total_loss_m 0.119712 total_loss_p 1.098635 fea_loss 0.010554 done_loss 0.014173
[36m(ActorLearner pid=1433940)[0m [1;34m[dynamic-enduro-v5-test-10484] Steps 142752 @ 881.4 SPS (882.0). (T_q: 4.46) Eps 32. [0mRet [1;31m0.000000[0m (0.000000/0.000000). Loss -0.00 pg_loss 0.00 entropy_loss -0.30 reg_loss 0.00 total_norm 0.00 mean_abs_v 0.45 last_lr: 2.9957e-04
[36m(ModelLearner pid=1433939)[0m Saving model checkpoint to /scratch/jeongmin/dt-10484/p/logs/thinker/dynamic-enduro-v5-test-10484/ckp_model.tar
[36m(ActorLearner pid=1433940)[0m Saving actor checkpoint to /scratch/jeongmin/dt-10484/p/logs/thinker/dynamic-enduro-v5-test-10484/ckp_actor.tar
[36m(ModelLearner pid=1433939)[0m [dynamic-enduro-v5-test-10484] Steps 143008 (717696[5.4]) @ 580.9 SPS (576.3). norm_m 4527.49 norm_p 1.37 total_loss_m 0.094348 total_loss_p 1.098612 fea_loss 0.007987 done_loss 0.014478
[36m(ActorLearner pid=1433940)[0m [1;34m[dynamic-enduro-v5-test-10484] Steps 143600 @ 878.3 SPS (881.6). (T_q: 5.28) Eps 32. [0mRet [1;31m0.000000[0m (0.000000/0.000000). Loss -0.00 pg_loss 0.00 entropy_loss -0.30 reg_loss 0.00 total_norm 0.00 mean_abs_v 0.51 last_lr: 2.9957e-04
[36m(ModelLearner pid=1433939)[0m [dynamic-enduro-v5-test-10484] Steps 143552 (720384[5.4]) @ 581.4 SPS (575.9). norm_m 5017.36 norm_p 1.17 total_loss_m 0.176608 total_loss_p 1.095360 fea_loss 0.012648 done_loss 0.050126
[36m(ActorLearner pid=1433940)[0m [1;34m[dynamic-enduro-v5-test-10484] Steps 144480 @ 881.3 SPS (881.9). (T_q: 4.40) Eps 32. [0mRet [1;31m0.000000[0m (0.000000/0.000000). Loss -0.00 pg_loss 0.00 entropy_loss -0.31 reg_loss 0.00 total_norm 0.00 mean_abs_v 0.51 last_lr: 2.9957e-04
[36m(ModelLearner pid=1433939)[0m [dynamic-enduro-v5-test-10484] Steps 144624 (725760[5.4]) @ 582.1 SPS (576.3). norm_m 5827.36 norm_p 1.55 total_loss_m 0.106501 total_loss_p 1.098639 fea_loss 0.009707 done_loss 0.009429
[36m(ActorLearner pid=1433940)[0m [1;34m[dynamic-enduro-v5-test-10484] Steps 145360 @ 880.9 SPS (881.6). (T_q: 5.11) Eps 32. [0mRet [1;31m0.000000[0m (0.000000/0.000000). Loss -0.00 pg_loss 0.00 entropy_loss -0.29 reg_loss 0.00 total_norm 0.00 mean_abs_v 0.48 last_lr: 2.9956e-04
[36m(ModelLearner pid=1433939)[0m [dynamic-enduro-v5-test-10484] Steps 145696 (731136[5.4]) @ 581.6 SPS (576.6). norm_m 5854.27 norm_p 2.23 total_loss_m 0.104863 total_loss_p 1.098622 fea_loss 0.008984 done_loss 0.015028
[36m(ActorLearner pid=1433940)[0m [1;34m[dynamic-enduro-v5-test-10484] Steps 146272 @ 877.4 SPS (881.2). (T_q: 5.07) Eps 32. [0mRet [1;31m0.000000[0m (0.000000/0.000000). Loss -0.00 pg_loss 0.00 entropy_loss -0.31 reg_loss 0.00 total_norm 0.00 mean_abs_v 0.43 last_lr: 2.9956e-04
[36m(ModelLearner pid=1433939)[0m [dynamic-enduro-v5-test-10484] Steps 146240 (733824[5.4]) @ 580.8 SPS (576.4). norm_m 4110.03 norm_p 1.88 total_loss_m 0.137091 total_loss_p 1.094533 fea_loss 0.008801 done_loss 0.049084
[36m(ActorLearner pid=1433940)[0m [1;34m[dynamic-enduro-v5-test-10484] Steps 147168 @ 880.6 SPS (881.5). (T_q: 4.32) Eps 32. [0mRet [1;31m0.000000[0m (0.000000/0.000000). Loss -0.00 pg_loss 0.00 entropy_loss -0.29 reg_loss 0.00 total_norm 0.00 mean_abs_v 0.38 last_lr: 2.9956e-04
[36m(ModelLearner pid=1433939)[0m [dynamic-enduro-v5-test-10484] Steps 147312 (739200[5.4]) @ 580.8 SPS (576.5). norm_m 5283.66 norm_p 1.80 total_loss_m 0.192448 total_loss_p 1.091285 fea_loss 0.012331 done_loss 0.069133
[36m(ActorLearner pid=1433940)[0m [1;34m[dynamic-enduro-v5-test-10484] Steps 147968 @ 878.2 SPS (881.2). (T_q: 5.08) Eps 32. [0mRet [1;31m0.000000[0m (0.000000/0.000000). Loss -0.00 pg_loss 0.00 entropy_loss -0.27 reg_loss 0.00 total_norm 0.00 mean_abs_v 0.35 last_lr: 2.9956e-04
[36m(ActorLearner pid=1433940)[0m [1;34m[dynamic-enduro-v5-test-10484] Steps 148816 @ 880.5 SPS (881.5). (T_q: 4.40) Eps 32. [0mRet [1;31m0.000000[0m (0.000000/0.000000). Loss -0.00 pg_loss 0.00 entropy_loss -0.27 reg_loss 0.00 total_norm 0.00 mean_abs_v 0.34 last_lr: 2.9955e-04
[36m(ModelLearner pid=1433939)[0m [dynamic-enduro-v5-test-10484] Steps 148384 (744576[5.4]) @ 581.2 SPS (576.2). norm_m 3239.57 norm_p 2.42 total_loss_m 0.074316 total_loss_p 1.098639 fea_loss 0.006604 done_loss 0.008279
[36m(ActorLearner pid=1433940)[0m [1;34m[dynamic-enduro-v5-test-10484] Steps 149568 @ 880.6 SPS (881.1). (T_q: 5.27) Eps 32. [0mRet [1;31m0.000000[0m (0.000000/0.000000). Loss -0.00 pg_loss 0.00 entropy_loss -0.27 reg_loss 0.00 total_norm 0.00 mean_abs_v 0.35 last_lr: 2.9955e-04
[36m(ModelLearner pid=1433939)[0m [dynamic-enduro-v5-test-10484] Steps 149456 (749952[5.4]) @ 578.5 SPS (575.8). norm_m 3146.18 norm_p 1.03 total_loss_m 0.095338 total_loss_p 1.098631 fea_loss 0.008907 done_loss 0.006272
[36m(ActorLearner pid=1433940)[0m [1;34m[dynamic-enduro-v5-test-10484] Steps 150400 @ 880.4 SPS (881.4). (T_q: 4.24) Eps 32. [0mRet [1;31m0.000000[0m (0.000000/0.000000). Loss -0.00 pg_loss 0.00 entropy_loss -0.28 reg_loss 0.00 total_norm 0.00 mean_abs_v 0.38 last_lr: 2.9955e-04
[36m(ModelLearner pid=1433939)[0m [dynamic-enduro-v5-test-10484] Steps 150544 (755328[5.4]) @ 579.9 SPS (576.0). norm_m 2057.50 norm_p 1.67 total_loss_m 0.182213 total_loss_p 1.094520 fea_loss 0.015200 done_loss 0.030208
[36m(ActorLearner pid=1433940)[0m [1;34m[dynamic-enduro-v5-test-10484] Steps 151200 @ 881.0 SPS (881.2). (T_q: 5.06) Eps 32. [0mRet [1;31m0.000000[0m (0.000000/0.000000). Loss -0.00 pg_loss 0.00 entropy_loss -0.29 reg_loss 0.00 total_norm 0.00 mean_abs_v 0.42 last_lr: 2.9955e-04
[36m(ModelLearner pid=1433939)[0m [dynamic-enduro-v5-test-10484] Steps 151072 (758016[5.4]) @ 576.6 SPS (575.6). norm_m 14652.82 norm_p 1.78 total_loss_m 0.117162 total_loss_p 1.098610 fea_loss 0.010799 done_loss 0.009177
[36m(ActorLearner pid=1433940)[0m [1;34m[dynamic-enduro-v5-test-10484] Steps 151984 @ 881.4 SPS (881.4). (T_q: 4.38) Eps 32. [0mRet [1;31m0.000000[0m (0.000000/0.000000). Loss -0.00 pg_loss 0.00 entropy_loss -0.27 reg_loss 0.00 total_norm 0.00 mean_abs_v 0.44 last_lr: 2.9954e-04
[36m(ModelLearner pid=1433939)[0m [dynamic-enduro-v5-test-10484] Steps 152144 (763392[5.4]) @ 578.2 SPS (575.7). norm_m 1865.85 norm_p 0.94 total_loss_m 0.089066 total_loss_p 1.098221 fea_loss 0.008150 done_loss 0.007563
[36m(ActorLearner pid=1433940)[0m [1;34m[dynamic-enduro-v5-test-10484] Steps 152832 @ 878.2 SPS (881.1). (T_q: 5.15) Eps 32. [0mRet [1;31m0.000000[0m (0.000000/0.000000). Loss -0.00 pg_loss 0.00 entropy_loss -0.30 reg_loss 0.00 total_norm 0.00 mean_abs_v 0.47 last_lr: 2.9954e-04
[36m(ActorLearner pid=1433940)[0m [1;34m[dynamic-enduro-v5-test-10484] Steps 153744 @ 878.1 SPS (881.3). (T_q: 4.35) Eps 32. [0mRet [1;31m0.000000[0m (0.000000/0.000000). Loss -0.00 pg_loss 0.00 entropy_loss -0.33 reg_loss 0.00 total_norm 0.00 mean_abs_v 0.50 last_lr: 2.9954e-04
[36m(ModelLearner pid=1433939)[0m [dynamic-enduro-v5-test-10484] Steps 153232 (768768[5.4]) @ 576.9 SPS (575.6). norm_m 2384.74 norm_p 1.40 total_loss_m 0.050449 total_loss_p 1.098604 fea_loss 0.004380 done_loss 0.006651
[36m(ActorLearner pid=1433940)[0m [1;34m[dynamic-enduro-v5-test-10484] Steps 154688 @ 878.2 SPS (881.1). (T_q: 5.10) Eps 32. [0mRet [1;31m0.000000[0m (0.000000/0.000000). Loss -0.00 pg_loss 0.00 entropy_loss -0.32 reg_loss 0.00 total_norm 0.00 mean_abs_v 0.48 last_lr: 2.9954e-04
[36m(ModelLearner pid=1433939)[0m [dynamic-enduro-v5-test-10484] Steps 154304 (774144[5.4]) @ 576.7 SPS (576.0). norm_m 6929.30 norm_p 1.33 total_loss_m 0.130460 total_loss_p 1.098634 fea_loss 0.012740 done_loss 0.003055
[36m(ActorLearner pid=1433940)[0m [1;34m[dynamic-enduro-v5-test-10484] Steps 155520 @ 878.3 SPS (880.8). (T_q: 5.28) Eps 32. [0mRet [1;31m0.000000[0m (0.000000/0.000000). Loss -0.00 pg_loss 0.00 entropy_loss -0.30 reg_loss 0.00 total_norm 0.00 mean_abs_v 0.44 last_lr: 2.9953e-04
[36m(ModelLearner pid=1433939)[0m [dynamic-enduro-v5-test-10484] Steps 155376 (779520[5.4]) @ 579.2 SPS (576.3). norm_m 1620.31 norm_p 1.87 total_loss_m 0.072822 total_loss_p 1.097381 fea_loss 0.005780 done_loss 0.015021
[36m(ActorLearner pid=1433940)[0m [1;34m[dynamic-enduro-v5-test-10484] Steps 156432 @ 877.6 SPS (880.9). (T_q: 4.44) Eps 32. [0mRet [1;31m0.000000[0m (0.000000/0.000000). Loss -0.00 pg_loss 0.00 entropy_loss -0.31 reg_loss 0.00 total_norm 0.00 mean_abs_v 0.41 last_lr: 2.9953e-04
[36m(ModelLearner pid=1433939)[0m [dynamic-enduro-v5-test-10484] Steps 155920 (782208[5.4]) @ 577.0 SPS (576.0). norm_m 2227.26 norm_p 2.79 total_loss_m 0.091056 total_loss_p 1.098591 fea_loss 0.008470 done_loss 0.006354
[36m(ActorLearner pid=1433940)[0m [1;34m[dynamic-enduro-v5-test-10484] Steps 157216 @ 878.5 SPS (880.8). (T_q: 4.95) Eps 32. [0mRet [1;31m0.000000[0m (0.000000/0.000000). Loss -0.00 pg_loss 0.00 entropy_loss -0.25 reg_loss 0.00 total_norm 0.00 mean_abs_v 0.38 last_lr: 2.9953e-04
[36m(ModelLearner pid=1433939)[0m [dynamic-enduro-v5-test-10484] Steps 156992 (787584[5.4]) @ 577.4 SPS (576.2). norm_m 19371.85 norm_p 1.64 total_loss_m 0.302272 total_loss_p 1.090446 fea_loss 0.014641 done_loss 0.155863
[36m(ActorLearner pid=1433940)[0m [1;34m[dynamic-enduro-v5-test-10484] Steps 158128 @ 875.6 SPS (880.4). (T_q: 5.20) Eps 32. [0mRet [1;31m0.000000[0m (0.000000/0.000000). Loss -0.00 pg_loss 0.00 entropy_loss -0.31 reg_loss 0.00 total_norm 0.00 mean_abs_v 0.37 last_lr: 2.9953e-04
[36m(ModelLearner pid=1433939)[0m [dynamic-enduro-v5-test-10484] Steps 158064 (792960[5.4]) @ 578.2 SPS (575.9). norm_m 6895.54 norm_p 0.88 total_loss_m 0.079416 total_loss_p 1.098605 fea_loss 0.006913 done_loss 0.010284
[36m(ActorLearner pid=1433940)[0m [1;34m[dynamic-enduro-v5-test-10484] Steps 158976 @ 878.3 SPS (880.7). (T_q: 4.48) Eps 32. [0mRet [1;31m0.000000[0m (0.000000/0.000000). Loss -0.00 pg_loss 0.00 entropy_loss -0.28 reg_loss 0.00 total_norm 0.00 mean_abs_v 0.37 last_lr: 2.9952e-04
[36m(SelfPlayWorker pid=1433935)[0m [DEBUG] Episode termination detected:
[36m(SelfPlayWorker pid=1433935)[0m   - done: tensor([ True, False, False, False, False, False, False, False, False, False,
[36m(SelfPlayWorker pid=1433935)[0m         False, False, False, False, False, False], device='cuda:0')
[36m(SelfPlayWorker pid=1433935)[0m   - truncated_done: tensor([False, False, False, False, False, False, False, False, False, False,
[36m(SelfPlayWorker pid=1433935)[0m         False, False, False, False, False, False], device='cuda:0')
[36m(SelfPlayWorker pid=1433935)[0m   - real_done: tensor([ True, False, False, False, False, False, False, False, False, False,
[36m(SelfPlayWorker pid=1433935)[0m         False, False, False, False, False, False], device='cuda:0')
[36m(SelfPlayWorker pid=1433935)[0m   - step_status: tensor([0, 0, 0, 0, 0, 0, 0, 0, 0, 0, 0, 0, 0, 0, 0, 0], device='cuda:0')
[36m(SelfPlayWorker pid=1433935)[0m   - counter: 76213
[36m(SelfPlayWorker pid=1433935)[0m [DEBUG] Episode termination detected:
[36m(SelfPlayWorker pid=1433935)[0m   - done: tensor([False, False, False, False, False, False, False, False, False, False,
[36m(SelfPlayWorker pid=1433935)[0m         False,  True, False, False, False, False], device='cuda:0')
[36m(SelfPlayWorker pid=1433935)[0m   - truncated_done: tensor([False, False, False, False, False, False, False, False, False, False,
[36m(SelfPlayWorker pid=1433935)[0m         False, False, False, False, False, False], device='cuda:0')
[36m(SelfPlayWorker pid=1433935)[0m   - real_done: tensor([False, False, False, False, False, False, False, False, False, False,
[36m(SelfPlayWorker pid=1433935)[0m         False,  True, False, False, False, False], device='cuda:0')
[36m(SelfPlayWorker pid=1433935)[0m   - step_status: tensor([0, 0, 0, 0, 0, 0, 0, 0, 0, 0, 0, 0, 0, 0, 0, 0], device='cuda:0')
[36m(SelfPlayWorker pid=1433935)[0m   - counter: 76219
[36m(SelfPlayWorker pid=1433935)[0m [DEBUG] Episode termination detected:
[36m(SelfPlayWorker pid=1433935)[0m   - done: tensor([False, False, False, False, False,  True, False, False, False, False,
[36m(SelfPlayWorker pid=1433935)[0m         False, False, False, False, False, False], device='cuda:0')
[36m(SelfPlayWorker pid=1433935)[0m   - truncated_done: tensor([False, False, False, False, False, False, False, False, False, False,
[36m(SelfPlayWorker pid=1433935)[0m         False, False, False, False, False, False], device='cuda:0')
[36m(SelfPlayWorker pid=1433935)[0m   - real_done: tensor([False, False, False, False, False,  True, False, False, False, False,
[36m(SelfPlayWorker pid=1433935)[0m         False, False, False, False, False, False], device='cuda:0')
[36m(SelfPlayWorker pid=1433935)[0m   - step_status: tensor([0, 0, 0, 0, 0, 0, 0, 0, 0, 0, 0, 0, 0, 0, 0, 0], device='cuda:0')
[36m(SelfPlayWorker pid=1433935)[0m   - counter: 76226
[36m(SelfPlayWorker pid=1433935)[0m [DEBUG] Episode termination detected:
[36m(SelfPlayWorker pid=1433935)[0m   - done: tensor([False, False, False,  True,  True, False, False, False, False, False,
[36m(SelfPlayWorker pid=1433935)[0m         False, False, False, False, False, False], device='cuda:0')
[36m(SelfPlayWorker pid=1433935)[0m   - truncated_done: tensor([False, False, False, False, False, False, False, False, False, False,
[36m(SelfPlayWorker pid=1433935)[0m         False, False, False, False, False, False], device='cuda:0')
[36m(SelfPlayWorker pid=1433935)[0m   - real_done: tensor([False, False, False,  True,  True, False, False, False, False, False,
[36m(SelfPlayWorker pid=1433935)[0m         False, False, False, False, False, False], device='cuda:0')
[36m(SelfPlayWorker pid=1433935)[0m   - step_status: tensor([0, 0, 0, 0, 0, 0, 0, 0, 0, 0, 0, 0, 0, 0, 0, 0], device='cuda:0')
[36m(SelfPlayWorker pid=1433935)[0m   - counter: 76233
[36m(SelfPlayWorker pid=1433935)[0m [DEBUG] Episode termination detected:
[36m(SelfPlayWorker pid=1433935)[0m   - done: tensor([False, False, False, False, False, False, False, False, False, False,
[36m(SelfPlayWorker pid=1433935)[0m          True, False, False,  True, False, False], device='cuda:0')
[36m(SelfPlayWorker pid=1433935)[0m   - truncated_done: tensor([False, False, False, False, False, False, False, False, False, False,
[36m(SelfPlayWorker pid=1433935)[0m         False, False, False, False, False, False], device='cuda:0')
[36m(SelfPlayWorker pid=1433935)[0m   - real_done: tensor([False, False, False, False, False, False, False, False, False, False,
[36m(SelfPlayWorker pid=1433935)[0m          True, False, False,  True, False, False], device='cuda:0')
[36m(SelfPlayWorker pid=1433935)[0m   - step_status: tensor([0, 0, 0, 0, 0, 0, 0, 0, 0, 0, 0, 0, 0, 0, 0, 0], device='cuda:0')
[36m(SelfPlayWorker pid=1433935)[0m   - counter: 76240
[36m(SelfPlayWorker pid=1433935)[0m [DEBUG] Episode termination detected:
[36m(SelfPlayWorker pid=1433935)[0m   - done: tensor([False, False,  True, False, False, False, False, False, False, False,
[36m(SelfPlayWorker pid=1433935)[0m         False, False, False, False, False, False], device='cuda:0')
[36m(SelfPlayWorker pid=1433935)[0m   - truncated_done: tensor([False, False, False, False, False, False, False, False, False, False,
[36m(SelfPlayWorker pid=1433935)[0m         False, False, False, False, False, False], device='cuda:0')
[36m(SelfPlayWorker pid=1433935)[0m   - real_done: tensor([False, False,  True, False, False, False, False, False, False, False,
[36m(SelfPlayWorker pid=1433935)[0m         False, False, False, False, False, False], device='cuda:0')
[36m(SelfPlayWorker pid=1433935)[0m   - step_status: tensor([0, 0, 0, 0, 0, 0, 0, 0, 0, 0, 0, 0, 0, 0, 0, 0], device='cuda:0')
[36m(SelfPlayWorker pid=1433935)[0m   - counter: 76258
[36m(SelfPlayWorker pid=1433935)[0m [DEBUG] Episode termination detected:
[36m(SelfPlayWorker pid=1433935)[0m   - done: tensor([False, False, False, False, False, False,  True, False, False, False,
[36m(SelfPlayWorker pid=1433935)[0m         False, False, False, False,  True, False], device='cuda:0')
[36m(SelfPlayWorker pid=1433935)[0m   - truncated_done: tensor([False, False, False, False, False, False, False, False, False, False,
[36m(SelfPlayWorker pid=1433935)[0m         False, False, False, False, False, False], device='cuda:0')
[36m(SelfPlayWorker pid=1433935)[0m   - real_done: tensor([False, False, False, False, False, False,  True, False, False, False,
[36m(SelfPlayWorker pid=1433935)[0m         False, False, False, False,  True, False], device='cuda:0')
[36m(SelfPlayWorker pid=1433935)[0m   - step_status: tensor([0, 0, 0, 0, 0, 0, 0, 0, 0, 0, 0, 0, 0, 0, 0, 0], device='cuda:0')
[36m(SelfPlayWorker pid=1433935)[0m   - counter: 76268
[36m(SelfPlayWorker pid=1433935)[0m [DEBUG] Episode termination detected:
[36m(SelfPlayWorker pid=1433935)[0m   - done: tensor([False,  True, False, False, False, False, False, False, False, False,
[36m(SelfPlayWorker pid=1433935)[0m         False, False, False, False, False, False], device='cuda:0')
[36m(SelfPlayWorker pid=1433935)[0m   - truncated_done: tensor([False, False, False, False, False, False, False, False, False, False,
[36m(SelfPlayWorker pid=1433935)[0m         False, False, False, False, False, False], device='cuda:0')
[36m(SelfPlayWorker pid=1433935)[0m   - real_done: tensor([False,  True, False, False, False, False, False, False, False, False,
[36m(SelfPlayWorker pid=1433935)[0m         False, False, False, False, False, False], device='cuda:0')
[36m(SelfPlayWorker pid=1433935)[0m   - step_status: tensor([0, 0, 0, 0, 0, 0, 0, 0, 0, 0, 0, 0, 0, 0, 0, 0], device='cuda:0')
[36m(SelfPlayWorker pid=1433935)[0m   - counter: 76273
[36m(SelfPlayWorker pid=1433935)[0m [DEBUG] Episode termination detected:
[36m(SelfPlayWorker pid=1433935)[0m   - done: tensor([False, False, False, False, False, False, False,  True, False,  True,
[36m(SelfPlayWorker pid=1433935)[0m         False, False, False, False, False, False], device='cuda:0')
[36m(SelfPlayWorker pid=1433935)[0m   - truncated_done: tensor([False, False, False, False, False, False, False, False, False, False,
[36m(SelfPlayWorker pid=1433935)[0m         False, False, False, False, False, False], device='cuda:0')
[36m(SelfPlayWorker pid=1433935)[0m   - real_done: tensor([False, False, False, False, False, False, False,  True, False,  True,
[36m(SelfPlayWorker pid=1433935)[0m         False, False, False, False, False, False], device='cuda:0')
[36m(SelfPlayWorker pid=1433935)[0m   - step_status: tensor([0, 0, 0, 0, 0, 0, 0, 0, 0, 0, 0, 0, 0, 0, 0, 0], device='cuda:0')
[36m(SelfPlayWorker pid=1433935)[0m   - counter: 76277
[36m(SelfPlayWorker pid=1433935)[0m [DEBUG] Episode termination detected:
[36m(SelfPlayWorker pid=1433935)[0m   - done: tensor([False, False, False, False, False, False, False, False, False, False,
[36m(SelfPlayWorker pid=1433935)[0m         False, False,  True, False, False, False], device='cuda:0')
[36m(SelfPlayWorker pid=1433935)[0m   - truncated_done: tensor([False, False, False, False, False, False, False, False, False, False,
[36m(SelfPlayWorker pid=1433935)[0m         False, False, False, False, False, False], device='cuda:0')
[36m(SelfPlayWorker pid=1433935)[0m   - real_done: tensor([False, False, False, False, False, False, False, False, False, False,
[36m(SelfPlayWorker pid=1433935)[0m         False, False,  True, False, False, False], device='cuda:0')
[36m(SelfPlayWorker pid=1433935)[0m   - step_status: tensor([0, 0, 0, 0, 0, 0, 0, 0, 0, 0, 0, 0, 0, 0, 0, 0], device='cuda:0')
[36m(SelfPlayWorker pid=1433935)[0m   - counter: 76287
[36m(SelfPlayWorker pid=1433935)[0m [DEBUG] Episode termination detected:
[36m(SelfPlayWorker pid=1433935)[0m   - done: tensor([False, False, False, False, False, False, False, False,  True, False,
[36m(SelfPlayWorker pid=1433935)[0m         False, False, False, False, False,  True], device='cuda:0')
[36m(SelfPlayWorker pid=1433935)[0m   - truncated_done: tensor([False, False, False, False, False, False, False, False, False, False,
[36m(SelfPlayWorker pid=1433935)[0m         False, False, False, False, False, False], device='cuda:0')
[36m(SelfPlayWorker pid=1433935)[0m   - real_done: tensor([False, False, False, False, False, False, False, False,  True, False,
[36m(SelfPlayWorker pid=1433935)[0m         False, False, False, False, False,  True], device='cuda:0')
[36m(SelfPlayWorker pid=1433935)[0m   - step_status: tensor([0, 0, 0, 0, 0, 0, 0, 0, 0, 0, 0, 0, 0, 0, 0, 0], device='cuda:0')
[36m(SelfPlayWorker pid=1433935)[0m   - counter: 76294
[36m(ModelLearner pid=1433939)[0m [dynamic-enduro-v5-test-10484] Steps 159136 (798336[5.4]) @ 577.7 SPS (576.1). norm_m 1429.09 norm_p 0.86 total_loss_m 0.088256 total_loss_p 1.098616 fea_loss 0.007684 done_loss 0.011416
[36m(ActorLearner pid=1433940)[0m [DEBUG] Episode counter increased:
[36m(ActorLearner pid=1433940)[0m   - real_done_count: 16
[36m(ActorLearner pid=1433940)[0m   - tot_eps: 48
[36m(ActorLearner pid=1433940)[0m   - train_actor_out.real_done: tensor([[False, False, False,  ..., False, False, False],
[36m(ActorLearner pid=1433940)[0m         [False, False, False,  ..., False, False, False],
[36m(ActorLearner pid=1433940)[0m         [False, False, False,  ..., False, False, False],
[36m(ActorLearner pid=1433940)[0m         ...,
[36m(ActorLearner pid=1433940)[0m         [False, False, False,  ..., False, False, False],
[36m(ActorLearner pid=1433940)[0m         [False, False, False,  ..., False, False, False],
[36m(ActorLearner pid=1433940)[0m         [False, False, False,  ..., False, False, False]], device='cuda:0')
[36m(ActorLearner pid=1433940)[0m   - train_actor_out.done: tensor([[False, False, False,  ..., False, False, False],
[36m(ActorLearner pid=1433940)[0m         [False, False, False,  ..., False, False, False],
[36m(ActorLearner pid=1433940)[0m         [False, False, False,  ..., False, False, False],
[36m(ActorLearner pid=1433940)[0m         ...,
[36m(ActorLearner pid=1433940)[0m         [False, False, False,  ..., False, False, False],
[36m(ActorLearner pid=1433940)[0m         [False, False, False,  ..., False, False, False],
[36m(ActorLearner pid=1433940)[0m         [False, False, False,  ..., False, False, False]], device='cuda:0')
[36m(ActorLearner pid=1433940)[0m   - train_actor_out.truncated_done: tensor([[False, False, False,  ..., False, False, False],
[36m(ActorLearner pid=1433940)[0m         [False, False, False,  ..., False, False, False],
[36m(ActorLearner pid=1433940)[0m         [False, False, False,  ..., False, False, False],
[36m(ActorLearner pid=1433940)[0m         ...,
[36m(ActorLearner pid=1433940)[0m         [False, False, False,  ..., False, False, False],
[36m(ActorLearner pid=1433940)[0m         [False, False, False,  ..., False, False, False],
[36m(ActorLearner pid=1433940)[0m         [False, False, False,  ..., False, False, False]], device='cuda:0')
[36m(ActorLearner pid=1433940)[0m [1;34m[dynamic-enduro-v5-test-10484] Steps 159792 @ 875.1 SPS (880.2). (T_q: 5.47) Eps 48. [0mRet [1;31m0.000000[0m (0.000000/0.000000). Loss -0.00 pg_loss 0.00 entropy_loss -0.27 reg_loss 0.00 total_norm 0.00 mean_abs_v 0.38 last_lr: 2.9952e-04
[36m(ModelLearner pid=1433939)[0m [dynamic-enduro-v5-test-10484] Steps 159680 (801024[5.4]) @ 577.0 SPS (575.6). norm_m 30645.62 norm_p 2.07 total_loss_m 0.265621 total_loss_p 1.093292 fea_loss 0.011592 done_loss 0.149702
[36m(ActorLearner pid=1433940)[0m [1;34m[dynamic-enduro-v5-test-10484] Steps 160592 @ 877.3 SPS (880.5). (T_q: 4.35) Eps 48. [0mRet [1;31m0.000000[0m (0.000000/0.000000). Loss -0.00 pg_loss 0.00 entropy_loss -0.28 reg_loss 0.00 total_norm 0.00 mean_abs_v 0.40 last_lr: 2.9952e-04
[36m(ModelLearner pid=1433939)[0m [dynamic-enduro-v5-test-10484] Steps 160752 (806400[5.3]) @ 576.3 SPS (575.7). norm_m 8992.09 norm_p 0.79 total_loss_m 0.179563 total_loss_p 1.093707 fea_loss 0.011854 done_loss 0.061020
[36m(ActorLearner pid=1433940)[0m [1;34m[dynamic-enduro-v5-test-10484] Steps 161392 @ 877.5 SPS (880.2). (T_q: 5.21) Eps 48. [0mRet [1;31m0.000000[0m (0.000000/0.000000). Loss -0.00 pg_loss 0.00 entropy_loss -0.30 reg_loss 0.00 total_norm 0.00 mean_abs_v 0.43 last_lr: 2.9952e-04
[36m(ActorLearner pid=1433940)[0m [1;34m[dynamic-enduro-v5-test-10484] Steps 162288 @ 877.2 SPS (880.4). (T_q: 4.54) Eps 48. [0mRet [1;31m0.000000[0m (0.000000/0.000000). Loss -0.00 pg_loss 0.00 entropy_loss -0.29 reg_loss 0.00 total_norm 0.00 mean_abs_v 0.46 last_lr: 2.9951e-04
[36m(ModelLearner pid=1433939)[0m [dynamic-enduro-v5-test-10484] Steps 161824 (811776[5.3]) @ 577.0 SPS (575.6). norm_m 9228.17 norm_p 2.28 total_loss_m 0.178516 total_loss_p 1.087601 fea_loss 0.006699 done_loss 0.111523
[36m(ActorLearner pid=1433940)[0m [1;34m[dynamic-enduro-v5-test-10484] Steps 163216 @ 877.2 SPS (880.1). (T_q: 5.21) Eps 48. [0mRet [1;31m0.000000[0m (0.000000/0.000000). Loss -0.00 pg_loss 0.00 entropy_loss -0.31 reg_loss 0.00 total_norm 0.00 mean_abs_v 0.47 last_lr: 2.9951e-04
[36m(ModelLearner pid=1433939)[0m [dynamic-enduro-v5-test-10484] Steps 162896 (817152[5.3]) @ 577.7 SPS (576.0). norm_m 54729.62 norm_p 1.20 total_loss_m 0.152848 total_loss_p 1.098610 fea_loss 0.012442 done_loss 0.028425
[36m(ActorLearner pid=1433940)[0m [1;34m[dynamic-enduro-v5-test-10484] Steps 164160 @ 870.9 SPS (879.8). (T_q: 5.25) Eps 48. [0mRet [1;31m0.000000[0m (0.000000/0.000000). Loss -0.00 pg_loss 0.00 entropy_loss -0.32 reg_loss 0.00 total_norm 0.00 mean_abs_v 0.46 last_lr: 2.9951e-04
[36m(ModelLearner pid=1433939)[0m [dynamic-enduro-v5-test-10484] Steps 163984 (822528[5.3]) @ 580.9 SPS (576.3). norm_m 5340.69 norm_p 1.09 total_loss_m 0.127863 total_loss_p 1.098622 fea_loss 0.010277 done_loss 0.025096
[36m(ActorLearner pid=1433940)[0m [1;34m[dynamic-enduro-v5-test-10484] Steps 165040 @ 873.1 SPS (879.9). (T_q: 4.46) Eps 48. [0mRet [1;31m0.000000[0m (0.000000/0.000000). Loss -0.00 pg_loss 0.00 entropy_loss -0.31 reg_loss 0.00 total_norm 0.00 mean_abs_v 0.43 last_lr: 2.9950e-04
[36m(ModelLearner pid=1433939)[0m [dynamic-enduro-v5-test-10484] Steps 164512 (825216[5.3]) @ 577.9 SPS (576.0). norm_m 2401.57 norm_p 1.86 total_loss_m 0.105472 total_loss_p 1.096155 fea_loss 0.007786 done_loss 0.027611
[36m(ActorLearner pid=1433940)[0m [1;34m[dynamic-enduro-v5-test-10484] Steps 165856 @ 871.6 SPS (879.8). (T_q: 4.93) Eps 48. [0mRet [1;31m0.000000[0m (0.000000/0.000000). Loss -0.00 pg_loss 0.00 entropy_loss -0.28 reg_loss 0.00 total_norm 0.00 mean_abs_v 0.40 last_lr: 2.9950e-04
[36m(ModelLearner pid=1433939)[0m [dynamic-enduro-v5-test-10484] Steps 165584 (830592[5.3]) @ 577.7 SPS (576.2). norm_m 3514.68 norm_p 2.30 total_loss_m 0.147875 total_loss_p 1.090863 fea_loss 0.009530 done_loss 0.052576
[36m(ActorLearner pid=1433940)[0m [1;34m[dynamic-enduro-v5-test-10484] Steps 166704 @ 870.7 SPS (879.5). (T_q: 5.28) Eps 48. [0mRet [1;31m0.000000[0m (0.000000/0.000000). Loss -0.00 pg_loss 0.00 entropy_loss -0.28 reg_loss 0.00 total_norm 0.00 mean_abs_v 0.38 last_lr: 2.9950e-04
[36m(ModelLearner pid=1433939)[0m [dynamic-enduro-v5-test-10484] Steps 166672 (835968[5.3]) @ 578.1 SPS (575.9). norm_m 6809.67 norm_p 2.06 total_loss_m 0.157994 total_loss_p 1.091248 fea_loss 0.009114 done_loss 0.066852
[36m(ActorLearner pid=1433940)[0m [1;34m[dynamic-enduro-v5-test-10484] Steps 167536 @ 873.6 SPS (879.7). (T_q: 4.48) Eps 48. [0mRet [1;31m0.000000[0m (0.000000/0.000000). Loss -0.00 pg_loss 0.00 entropy_loss -0.27 reg_loss 0.00 total_norm 0.00 mean_abs_v 0.37 last_lr: 2.9950e-04
[36m(ModelLearner pid=1433939)[0m [dynamic-enduro-v5-test-10484] Steps 167744 (841344[5.3]) @ 577.7 SPS (576.0). norm_m 1148.27 norm_p 1.37 total_loss_m 0.161244 total_loss_p 1.097769 fea_loss 0.014230 done_loss 0.018942
[36m(ActorLearner pid=1433940)[0m [1;34m[dynamic-enduro-v5-test-10484] Steps 168272 @ 873.0 SPS (879.7). (T_q: 4.96) Eps 48. [0mRet [1;31m0.000000[0m (0.000000/0.000000). Loss -0.00 pg_loss 0.00 entropy_loss -0.26 reg_loss 0.00 total_norm 0.00 mean_abs_v 0.38 last_lr: 2.9950e-04
[36m(ModelLearner pid=1433939)[0m [dynamic-enduro-v5-test-10484] Steps 168272 (844032[5.3]) @ 575.9 SPS (575.7). norm_m 2057.22 norm_p 2.08 total_loss_m 0.062842 total_loss_p 1.098616 fea_loss 0.005633 done_loss 0.006513
[36m(ActorLearner pid=1433940)[0m [1;34m[dynamic-enduro-v5-test-10484] Steps 169104 @ 873.0 SPS (879.9). (T_q: 4.51) Eps 48. [0mRet [1;31m0.000000[0m (0.000000/0.000000). Loss -0.00 pg_loss 0.00 entropy_loss -0.29 reg_loss 0.00 total_norm 0.00 mean_abs_v 0.40 last_lr: 2.9949e-04
[36m(ModelLearner pid=1433939)[0m [dynamic-enduro-v5-test-10484] Steps 169360 (849408[5.3]) @ 577.7 SPS (575.9). norm_m 7894.15 norm_p 2.34 total_loss_m 0.154151 total_loss_p 1.092871 fea_loss 0.009728 done_loss 0.056869
[36m(ActorLearner pid=1433940)[0m [1;34m[dynamic-enduro-v5-test-10484] Steps 169920 @ 870.5 SPS (879.7). (T_q: 5.28) Eps 48. [0mRet [1;31m0.000000[0m (0.000000/0.000000). Loss -0.00 pg_loss 0.00 entropy_loss -0.27 reg_loss 0.00 total_norm 0.00 mean_abs_v 0.43 last_lr: 2.9949e-04
[36m(ModelLearner pid=1433939)[0m [dynamic-enduro-v5-test-10484] Steps 169888 (852096[5.3]) @ 574.2 SPS (575.6). norm_m 9591.19 norm_p 2.03 total_loss_m 0.122061 total_loss_p 1.090828 fea_loss 0.005805 done_loss 0.064006
[36m(ActorLearner pid=1433940)[0m [1;34m[dynamic-enduro-v5-test-10484] Steps 170768 @ 872.7 SPS (879.9). (T_q: 4.58) Eps 48. [0mRet [1;31m0.000000[0m (0.000000/0.000000). Loss -0.00 pg_loss 0.00 entropy_loss -0.28 reg_loss 0.00 total_norm 0.00 mean_abs_v 0.46 last_lr: 2.9949e-04
[36m(ModelLearner pid=1433939)[0m [dynamic-enduro-v5-test-10484] Steps 170960 (857472[5.3]) @ 573.2 SPS (575.7). norm_m 4119.10 norm_p 1.28 total_loss_m 0.131891 total_loss_p 1.091648 fea_loss 0.007677 done_loss 0.055122
[36m(ActorLearner pid=1433940)[0m [1;34m[dynamic-enduro-v5-test-10484] Steps 171584 @ 870.0 SPS (879.7). (T_q: 5.12) Eps 48. [0mRet [1;31m0.000000[0m (0.000000/0.000000). Loss -0.00 pg_loss 0.00 entropy_loss -0.30 reg_loss 0.00 total_norm 0.00 mean_abs_v 0.47 last_lr: 2.9949e-04
[36m(ActorLearner pid=1433940)[0m [1;34m[dynamic-enduro-v5-test-10484] Steps 172528 @ 869.1 SPS (879.8). (T_q: 4.61) Eps 48. [0mRet [1;31m0.000000[0m (0.000000/0.000000). Loss -0.00 pg_loss 0.00 entropy_loss -0.31 reg_loss 0.00 total_norm 0.00 mean_abs_v 0.61 last_lr: 2.9948e-04
[36m(ModelLearner pid=1433939)[0m [dynamic-enduro-v5-test-10484] Steps 172048 (862848[5.3]) @ 573.2 SPS (575.7). norm_m 2997.11 norm_p 2.03 total_loss_m 0.125920 total_loss_p 1.098584 fea_loss 0.011145 done_loss 0.014475
[36m(ActorLearner pid=1433940)[0m [1;34m[dynamic-enduro-v5-test-10484] Steps 173472 @ 869.9 SPS (879.6). (T_q: 5.06) Eps 48. [0mRet [1;31m0.000000[0m (0.000000/0.000000). Loss -0.00 pg_loss 0.00 entropy_loss -0.31 reg_loss 0.00 total_norm 0.00 mean_abs_v 0.53 last_lr: 2.9948e-04
[36m(ModelLearner pid=1433939)[0m [dynamic-enduro-v5-test-10484] Steps 173120 (868224[5.3]) @ 577.0 SPS (576.1). norm_m 4404.03 norm_p 1.92 total_loss_m 0.145401 total_loss_p 1.098608 fea_loss 0.012865 done_loss 0.016747
[36m(ActorLearner pid=1433940)[0m [1;34m[dynamic-enduro-v5-test-10484] Steps 174368 @ 866.6 SPS (879.3). (T_q: 5.19) Eps 48. [0mRet [1;31m0.000000[0m (0.000000/0.000000). Loss -0.00 pg_loss 0.00 entropy_loss -0.32 reg_loss 0.00 total_norm 0.00 mean_abs_v 0.41 last_lr: 2.9948e-04
[36m(ModelLearner pid=1433939)[0m [dynamic-enduro-v5-test-10484] Steps 174192 (873600[5.3]) @ 577.2 SPS (576.3). norm_m 2011.76 norm_p 1.69 total_loss_m 0.150115 total_loss_p 1.085960 fea_loss 0.007241 done_loss 0.077707
[36m(ActorLearner pid=1433940)[0m [1;34m[dynamic-enduro-v5-test-10484] Steps 175232 @ 868.2 SPS (879.3). (T_q: 4.52) Eps 48. [0mRet [1;31m0.000000[0m (0.000000/0.000000). Loss -0.00 pg_loss 0.00 entropy_loss -0.29 reg_loss 0.00 total_norm 0.00 mean_abs_v 0.34 last_lr: 2.9947e-04
[36m(ModelLearner pid=1433939)[0m [dynamic-enduro-v5-test-10484] Steps 174736 (876288[5.3]) @ 575.9 SPS (576.0). norm_m 2127.11 norm_p 1.02 total_loss_m 0.125823 total_loss_p 1.091661 fea_loss 0.007710 done_loss 0.048722
[36m(ActorLearner pid=1433940)[0m [1;34m[dynamic-enduro-v5-test-10484] Steps 176032 @ 869.5 SPS (879.3). (T_q: 5.15) Eps 48. [0mRet [1;31m0.000000[0m (0.000000/0.000000). Loss -0.00 pg_loss 0.00 entropy_loss -0.25 reg_loss 0.00 total_norm 0.00 mean_abs_v 0.31 last_lr: 2.9947e-04
[36m(ModelLearner pid=1433939)[0m [dynamic-enduro-v5-test-10484] Steps 175808 (881664[5.3]) @ 575.4 SPS (576.1). norm_m 5171.12 norm_p 2.76 total_loss_m 0.143605 total_loss_p 1.098638 fea_loss 0.012163 done_loss 0.021975
[36m(ActorLearner pid=1433940)[0m [1;34m[dynamic-enduro-v5-test-10484] Steps 176816 @ 869.7 SPS (879.5). (T_q: 4.43) Eps 48. [0mRet [1;31m0.000000[0m (0.000000/0.000000). Loss -0.00 pg_loss 0.00 entropy_loss -0.26 reg_loss 0.00 total_norm 0.00 mean_abs_v 0.30 last_lr: 2.9947e-04
[36m(ModelLearner pid=1433939)[0m [dynamic-enduro-v5-test-10484] Steps 176336 (884352[5.3]) @ 575.0 SPS (575.7). norm_m 3182.77 norm_p 1.85 total_loss_m 0.141571 total_loss_p 1.095760 fea_loss 0.011177 done_loss 0.029804
[36m(ActorLearner pid=1433940)[0m [1;34m[dynamic-enduro-v5-test-10484] Steps 177584 @ 869.9 SPS (879.3). (T_q: 5.15) Eps 48. [0mRet [1;31m0.000000[0m (0.000000/0.000000). Loss -0.00 pg_loss 0.00 entropy_loss -0.26 reg_loss 0.00 total_norm 0.00 mean_abs_v 0.32 last_lr: 2.9947e-04
[36m(ModelLearner pid=1433939)[0m [dynamic-enduro-v5-test-10484] Steps 177424 (889728[5.3]) @ 573.3 SPS (575.7). norm_m 4193.98 norm_p 2.21 total_loss_m 0.166339 total_loss_p 1.097780 fea_loss 0.014800 done_loss 0.018340
[36m(ActorLearner pid=1433940)[0m [1;34m[dynamic-enduro-v5-test-10484] Steps 178400 @ 870.0 SPS (879.6). (T_q: 4.56) Eps 48. [0mRet [1;31m0.000000[0m (0.000000/0.000000). Loss -0.00 pg_loss 0.00 entropy_loss -0.30 reg_loss 0.00 total_norm 0.00 mean_abs_v 0.36 last_lr: 2.9946e-04
[36m(ModelLearner pid=1433939)[0m [dynamic-enduro-v5-test-10484] Steps 177952 (892416[5.3]) @ 570.1 SPS (575.5). norm_m 4288.37 norm_p 2.08 total_loss_m 0.082025 total_loss_p 1.098606 fea_loss 0.006966 done_loss 0.012367
[36m(ActorLearner pid=1433940)[0m [1;34m[dynamic-enduro-v5-test-10484] Steps 179200 @ 869.8 SPS (879.3). (T_q: 5.36) Eps 48. [0mRet [1;31m0.000000[0m (0.000000/0.000000). Loss -0.00 pg_loss 0.00 entropy_loss -0.27 reg_loss 0.00 total_norm 0.00 mean_abs_v 0.42 last_lr: 2.9946e-04
[36m(ModelLearner pid=1433939)[0m [dynamic-enduro-v5-test-10484] Steps 179024 (897792[5.3]) @ 571.9 SPS (575.5). norm_m 8445.98 norm_p 1.76 total_loss_m 0.205083 total_loss_p 1.085097 fea_loss 0.011238 done_loss 0.092706
[36m(ActorLearner pid=1433940)[0m [1;34m[dynamic-enduro-v5-test-10484] Steps 180016 @ 870.0 SPS (879.5). (T_q: 4.44) Eps 48. [0mRet [1;31m0.000000[0m (0.000000/0.000000). Loss -0.00 pg_loss 0.00 entropy_loss -0.27 reg_loss 0.00 total_norm 0.00 mean_abs_v 0.49 last_lr: 2.9946e-04
[36m(ModelLearner pid=1433939)[0m [dynamic-enduro-v5-test-10484] Steps 179568 (900480[5.3]) @ 569.3 SPS (575.2). norm_m 2186.01 norm_p 2.45 total_loss_m 0.094349 total_loss_p 1.097801 fea_loss 0.008496 done_loss 0.009385
[36m(ActorLearner pid=1433940)[0m [1;34m[dynamic-enduro-v5-test-10484] Steps 180816 @ 869.6 SPS (879.2). (T_q: 5.15) Eps 48. [0mRet [1;31m0.000000[0m (0.000000/0.000000). Loss -0.00 pg_loss 0.00 entropy_loss -0.29 reg_loss 0.00 total_norm 0.00 mean_abs_v 0.44 last_lr: 2.9946e-04
[36m(ModelLearner pid=1433939)[0m [dynamic-enduro-v5-test-10484] Steps 180640 (905856[5.3]) @ 571.7 SPS (575.4). norm_m 3424.47 norm_p 0.78 total_loss_m 0.089293 total_loss_p 1.098583 fea_loss 0.008486 done_loss 0.004434
[36m(ActorLearner pid=1433940)[0m [1;34m[dynamic-enduro-v5-test-10484] Steps 181728 @ 866.4 SPS (879.0). (T_q: 5.22) Eps 48. [0mRet [1;31m0.000000[0m (0.000000/0.000000). Loss -0.00 pg_loss 0.00 entropy_loss -0.30 reg_loss 0.00 total_norm 0.00 mean_abs_v 0.47 last_lr: 2.9945e-04
[36m(ModelLearner pid=1433939)[0m [dynamic-enduro-v5-test-10484] Steps 181712 (911232[5.3]) @ 573.2 SPS (575.3). norm_m 2086.22 norm_p 1.31 total_loss_m 0.118227 total_loss_p 1.094926 fea_loss 0.009517 done_loss 0.023059
[36m(ActorLearner pid=1433940)[0m [1;34m[dynamic-enduro-v5-test-10484] Steps 182704 @ 869.7 SPS (879.3). (T_q: 4.33) Eps 48. [0mRet [1;31m0.000000[0m (0.000000/0.000000). Loss -0.00 pg_loss 0.00 entropy_loss -0.34 reg_loss 0.00 total_norm 0.00 mean_abs_v 0.46 last_lr: 2.9945e-04
[36m(ModelLearner pid=1433939)[0m [dynamic-enduro-v5-test-10484] Steps 182800 (916608[5.3]) @ 574.5 SPS (575.7). norm_m 2071.29 norm_p 1.72 total_loss_m 0.091890 total_loss_p 1.098619 fea_loss 0.008797 done_loss 0.003916
[36m(ActorLearner pid=1433940)[0m [1;34m[dynamic-enduro-v5-test-10484] Steps 183616 @ 867.2 SPS (879.0). (T_q: 5.30) Eps 48. [0mRet [1;31m0.000000[0m (0.000000/0.000000). Loss -0.00 pg_loss 0.00 entropy_loss -0.30 reg_loss 0.00 total_norm 0.00 mean_abs_v 0.43 last_lr: 2.9945e-04
[36m(ModelLearner pid=1433939)[0m [dynamic-enduro-v5-test-10484] Steps 183872 (921984[5.3]) @ 577.8 SPS (576.0). norm_m 1323.91 norm_p 1.64 total_loss_m 0.100140 total_loss_p 1.098592 fea_loss 0.009491 done_loss 0.005234
[36m(ActorLearner pid=1433940)[0m [1;34m[dynamic-enduro-v5-test-10484] Steps 184480 @ 866.1 SPS (878.7). (T_q: 5.27) Eps 48. [0mRet [1;31m0.000000[0m (0.000000/0.000000). Loss -0.00 pg_loss 0.00 entropy_loss -0.30 reg_loss 0.00 total_norm 0.00 mean_abs_v 0.39 last_lr: 2.9945e-04
[36m(ModelLearner pid=1433939)[0m [dynamic-enduro-v5-test-10484] Steps 184400 (924672[5.3]) @ 575.5 SPS (575.7). norm_m 1094.29 norm_p 0.82 total_loss_m 0.112307 total_loss_p 1.098588 fea_loss 0.010572 done_loss 0.006583
[36m(ActorLearner pid=1433940)[0m [1;34m[dynamic-enduro-v5-test-10484] Steps 185312 @ 869.4 SPS (879.0). (T_q: 4.23) Eps 48. [0mRet [1;31m0.000000[0m (0.000000/0.000000). Loss -0.00 pg_loss 0.00 entropy_loss -0.27 reg_loss 0.00 total_norm 0.00 mean_abs_v 0.36 last_lr: 2.9944e-04
[36m(ModelLearner pid=1433939)[0m [dynamic-enduro-v5-test-10484] Steps 185488 (930048[5.3]) @ 577.1 SPS (575.9). norm_m 2936.41 norm_p 0.78 total_loss_m 0.088667 total_loss_p 1.098575 fea_loss 0.008172 done_loss 0.006950
[36m(ActorLearner pid=1433940)[0m [1;34m[dynamic-enduro-v5-test-10484] Steps 186176 @ 867.1 SPS (878.7). (T_q: 5.27) Eps 48. [0mRet [1;31m0.000000[0m (0.000000/0.000000). Loss -0.00 pg_loss 0.00 entropy_loss -0.26 reg_loss 0.00 total_norm 0.00 mean_abs_v 0.35 last_lr: 2.9944e-04
[36m(ActorLearner pid=1433940)[0m [1;34m[dynamic-enduro-v5-test-10484] Steps 187040 @ 868.4 SPS (878.8). (T_q: 4.58) Eps 48. [0mRet [1;31m0.000000[0m (0.000000/0.000000). Loss -0.00 pg_loss 0.00 entropy_loss -0.29 reg_loss 0.00 total_norm 0.00 mean_abs_v 0.35 last_lr: 2.9944e-04
[36m(ModelLearner pid=1433939)[0m [dynamic-enduro-v5-test-10484] Steps 186560 (935424[5.3]) @ 573.9 SPS (575.7). norm_m 33959.05 norm_p 1.02 total_loss_m 0.342197 total_loss_p 1.087996 fea_loss 0.011805 done_loss 0.224150
[36m(ActorLearner pid=1433940)[0m [1;34m[dynamic-enduro-v5-test-10484] Steps 187824 @ 869.5 SPS (878.7). (T_q: 4.99) Eps 48. [0mRet [1;31m0.000000[0m (0.000000/0.000000). Loss -0.00 pg_loss 0.00 entropy_loss -0.27 reg_loss 0.00 total_norm 0.00 mean_abs_v 0.37 last_lr: 2.9944e-04
[36m(ModelLearner pid=1433939)[0m [dynamic-enduro-v5-test-10484] Steps 187632 (940800[5.3]) @ 572.8 SPS (575.7). norm_m 14987.30 norm_p 1.74 total_loss_m 0.165156 total_loss_p 1.087160 fea_loss 0.009638 done_loss 0.068774
[36m(ActorLearner pid=1433940)[0m [1;34m[dynamic-enduro-v5-test-10484] Steps 188592 @ 869.7 SPS (878.9). (T_q: 4.36) Eps 48. [0mRet [1;31m0.000000[0m (0.000000/0.000000). Loss -0.00 pg_loss 0.00 entropy_loss -0.26 reg_loss 0.00 total_norm 0.00 mean_abs_v 0.38 last_lr: 2.9943e-04
[36m(ModelLearner pid=1433939)[0m [dynamic-enduro-v5-test-10484] Steps 188176 (943488[5.3]) @ 572.2 SPS (575.4). norm_m 100856.18 norm_p 0.60 total_loss_m 0.217980 total_loss_p 1.098592 fea_loss 0.018556 done_loss 0.032422
[36m(ActorLearner pid=1433940)[0m [1;34m[dynamic-enduro-v5-test-10484] Steps 189408 @ 870.3 SPS (878.6). (T_q: 5.30) Eps 48. [0mRet [1;31m0.000000[0m (0.000000/0.000000). Loss -0.00 pg_loss 0.00 entropy_loss -0.29 reg_loss 0.00 total_norm 0.00 mean_abs_v 0.41 last_lr: 2.9943e-04
[36m(ModelLearner pid=1433939)[0m [dynamic-enduro-v5-test-10484] Steps 189248 (948864[5.3]) @ 572.3 SPS (575.5). norm_m 4879.56 norm_p 1.50 total_loss_m 0.095505 total_loss_p 1.098575 fea_loss 0.007421 done_loss 0.021293
[36m(ActorLearner pid=1433940)[0m [1;34m[dynamic-enduro-v5-test-10484] Steps 190288 @ 869.5 SPS (878.7). (T_q: 4.58) Eps 48. [0mRet [1;31m0.000000[0m (0.000000/0.000000). Loss -0.00 pg_loss 0.00 entropy_loss -0.30 reg_loss 0.00 total_norm 0.00 mean_abs_v 0.45 last_lr: 2.9943e-04
[36m(ModelLearner pid=1433939)[0m [dynamic-enduro-v5-test-10484] Steps 189776 (951552[5.3]) @ 571.7 SPS (575.2). norm_m 6760.77 norm_p 1.67 total_loss_m 0.155300 total_loss_p 1.087137 fea_loss 0.007227 done_loss 0.083030
[36m(ActorLearner pid=1433940)[0m [1;34m[dynamic-enduro-v5-test-10484] Steps 191120 @ 870.4 SPS (878.6). (T_q: 4.99) Eps 48. [0mRet [1;31m0.000000[0m (0.000000/0.000000). Loss -0.00 pg_loss 0.00 entropy_loss -0.28 reg_loss 0.00 total_norm 0.00 mean_abs_v 0.47 last_lr: 2.9943e-04
[36m(ModelLearner pid=1433939)[0m [dynamic-enduro-v5-test-10484] Steps 190864 (956928[5.3]) @ 572.2 SPS (575.4). norm_m 2720.19 norm_p 1.35 total_loss_m 0.170391 total_loss_p 1.097794 fea_loss 0.014882 done_loss 0.021576
[36m(ActorLearner pid=1433940)[0m [1;34m[dynamic-enduro-v5-test-10484] Steps 192064 @ 867.5 SPS (878.4). (T_q: 5.22) Eps 48. [0mRet [1;31m0.000000[0m (0.000000/0.000000). Loss -0.00 pg_loss 0.00 entropy_loss -0.32 reg_loss 0.00 total_norm 0.00 mean_abs_v 0.46 last_lr: 2.9942e-04
[36m(ModelLearner pid=1433939)[0m [dynamic-enduro-v5-test-10484] Steps 191936 (962304[5.3]) @ 576.7 SPS (575.8). norm_m 11529.09 norm_p 1.15 total_loss_m 0.169451 total_loss_p 1.093290 fea_loss 0.009430 done_loss 0.075148
[36m(ActorLearner pid=1433940)[0m [1;34m[dynamic-enduro-v5-test-10484] Steps 192928 @ 870.6 SPS (878.7). (T_q: 4.49) Eps 48. [0mRet [1;31m0.000000[0m (0.000000/0.000000). Loss -0.00 pg_loss 0.00 entropy_loss -0.28 reg_loss 0.00 total_norm 0.00 mean_abs_v 0.43 last_lr: 2.9942e-04
[36m(ModelLearner pid=1433939)[0m [dynamic-enduro-v5-test-10484] Steps 192464 (964992[5.3]) @ 574.4 SPS (575.5). norm_m 11669.25 norm_p 1.26 total_loss_m 0.182660 total_loss_p 1.096975 fea_loss 0.014043 done_loss 0.042231
[36m(ActorLearner pid=1433940)[0m [1;34m[dynamic-enduro-v5-test-10484] Steps 193792 @ 870.6 SPS (878.4). (T_q: 5.23) Eps 48. [0mRet [1;31m0.000000[0m (0.000000/0.000000). Loss -0.00 pg_loss 0.00 entropy_loss -0.28 reg_loss 0.00 total_norm 0.00 mean_abs_v 0.41 last_lr: 2.9942e-04
[36m(ModelLearner pid=1433939)[0m [dynamic-enduro-v5-test-10484] Steps 193552 (970368[5.3]) @ 576.0 SPS (575.7). norm_m 5126.69 norm_p 1.36 total_loss_m 0.103848 total_loss_p 1.098579 fea_loss 0.009055 done_loss 0.013296
[36m(ActorLearner pid=1433940)[0m [1;34m[dynamic-enduro-v5-test-10484] Steps 194640 @ 868.5 SPS (878.2). (T_q: 5.17) Eps 48. [0mRet [1;31m0.000000[0m (0.000000/0.000000). Loss -0.00 pg_loss 0.00 entropy_loss -0.30 reg_loss 0.00 total_norm 0.00 mean_abs_v 0.38 last_lr: 2.9942e-04
[36m(ModelLearner pid=1433939)[0m [dynamic-enduro-v5-test-10484] Steps 194624 (975744[5.3]) @ 573.5 SPS (575.6). norm_m 4314.70 norm_p 0.97 total_loss_m 0.130915 total_loss_p 1.098591 fea_loss 0.011833 done_loss 0.012588
[36m(ActorLearner pid=1433940)[0m [1;34m[dynamic-enduro-v5-test-10484] Steps 195488 @ 870.8 SPS (878.4). (T_q: 4.43) Eps 48. [0mRet [1;31m0.000000[0m (0.000000/0.000000). Loss -0.00 pg_loss 0.00 entropy_loss -0.29 reg_loss 0.00 total_norm 0.00 mean_abs_v 0.38 last_lr: 2.9941e-04
[36m(ModelLearner pid=1433939)[0m [dynamic-enduro-v5-test-10484] Steps 195696 (981120[5.3]) @ 572.8 SPS (575.7). norm_m 16065.11 norm_p 0.95 total_loss_m 0.178908 total_loss_p 1.093685 fea_loss 0.007029 done_loss 0.108623
[36m(ActorLearner pid=1433940)[0m [1;34m[dynamic-enduro-v5-test-10484] Steps 196352 @ 870.9 SPS (878.2). (T_q: 5.06) Eps 48. [0mRet [1;31m0.000000[0m (0.000000/0.000000). Loss -0.00 pg_loss 0.00 entropy_loss -0.28 reg_loss 0.00 total_norm 0.00 mean_abs_v 0.37 last_lr: 2.9941e-04
[36m(ModelLearner pid=1433939)[0m [dynamic-enduro-v5-test-10484] Steps 196240 (983808[5.3]) @ 572.2 SPS (575.4). norm_m 5664.24 norm_p 0.74 total_loss_m 0.116792 total_loss_p 1.094882 fea_loss 0.007300 done_loss 0.043789
[36m(ActorLearner pid=1433940)[0m [1;34m[dynamic-enduro-v5-test-10484] Steps 197152 @ 871.2 SPS (878.4). (T_q: 4.20) Eps 48. [0mRet [1;31m0.000000[0m (0.000000/0.000000). Loss -0.00 pg_loss 0.00 entropy_loss -0.29 reg_loss 0.00 total_norm 0.00 mean_abs_v 0.39 last_lr: 2.9941e-04
[36m(ModelLearner pid=1433939)[0m [dynamic-enduro-v5-test-10484] Steps 197312 (989184[5.3]) @ 572.5 SPS (575.6). norm_m 5442.21 norm_p 1.64 total_loss_m 0.139499 total_loss_p 1.098619 fea_loss 0.012050 done_loss 0.018994
[36m(ActorLearner pid=1433940)[0m [1;34m[dynamic-enduro-v5-test-10484] Steps 198016 @ 869.3 SPS (878.1). (T_q: 5.17) Eps 48. [0mRet [1;31m0.000000[0m (0.000000/0.000000). Loss -0.00 pg_loss 0.00 entropy_loss -0.30 reg_loss 0.00 total_norm 0.00 mean_abs_v 0.40 last_lr: 2.9941e-04
[36m(ActorLearner pid=1433940)[0m [1;34m[dynamic-enduro-v5-test-10484] Steps 198784 @ 870.0 SPS (878.4). (T_q: 4.40) Eps 48. [0mRet [1;31m0.000000[0m (0.000000/0.000000). Loss -0.00 pg_loss 0.00 entropy_loss -0.25 reg_loss 0.00 total_norm 0.00 mean_abs_v 0.41 last_lr: 2.9940e-04
[36m(ModelLearner pid=1433939)[0m [dynamic-enduro-v5-test-10484] Steps 198384 (994560[5.3]) @ 572.4 SPS (575.4). norm_m 4301.76 norm_p 1.19 total_loss_m 0.140054 total_loss_p 1.089617 fea_loss 0.007992 done_loss 0.060129
[36m(ActorLearner pid=1433940)[0m [1;34m[dynamic-enduro-v5-test-10484] Steps 199664 @ 869.9 SPS (878.2). (T_q: 5.42) Eps 48. [0mRet [1;31m0.000000[0m (0.000000/0.000000). Loss -0.00 pg_loss 0.00 entropy_loss -0.30 reg_loss 0.00 total_norm 0.00 mean_abs_v 0.43 last_lr: 2.9940e-04
[36m(ModelLearner pid=1433939)[0m [dynamic-enduro-v5-test-10484] Steps 199456 (999936[5.3]) @ 573.6 SPS (575.6). norm_m 4821.55 norm_p 1.03 total_loss_m 0.155555 total_loss_p 1.092474 fea_loss 0.010170 done_loss 0.053860
[36m(ModelLearner pid=1433939)[0m [dynamic-enduro-v5-test-10484] Steps 200352 (1005312[5.3]) @ 583.4 SPS (576.9). norm_m 5451.90 norm_p 1.83 total_loss_m 0.103919 total_loss_p 1.098599 fea_loss 0.007580 done_loss 0.028118
[36m(ActorLearner pid=1433940)[0m [1;34m[dynamic-enduro-v5-test-10484] Steps 200544 @ 864.6 SPS (877.6). (T_q: 5.69) Eps 48. [0mRet [1;31m0.000000[0m (0.000000/0.000000). Loss -0.00 pg_loss 0.00 entropy_loss -0.28 reg_loss 0.00 total_norm 0.00 mean_abs_v 0.43 last_lr: 2.9940e-04
[36m(ModelLearner pid=1433939)[0m [dynamic-enduro-v5-test-10484] Steps 200880 (1013376[5.3]) @ 597.2 SPS (579.2). norm_m 3590.88 norm_p 2.48 total_loss_m 0.143549 total_loss_p 1.098610 fea_loss 0.012987 done_loss 0.013683
[36m(ActorLearner pid=1433940)[0m [1;34m[dynamic-enduro-v5-test-10484] Steps 201440 @ 857.5 SPS (876.4). (T_q: 6.84) Eps 48. [0mRet [1;31m0.000000[0m (0.000000/0.000000). Loss -0.00 pg_loss 0.00 entropy_loss -0.33 reg_loss 0.00 total_norm 0.00 mean_abs_v 0.44 last_lr: 2.9940e-04
[36m(ModelLearner pid=1433939)[0m [dynamic-enduro-v5-test-10484] Steps 201424 (1021440[5.3]) @ 617.1 SPS (582.1). norm_m 2565.60 norm_p 0.77 total_loss_m 0.093158 total_loss_p 1.093291 fea_loss 0.005791 done_loss 0.035247
[36m(ModelLearner pid=1433939)[0m [dynamic-enduro-v5-test-10484] Steps 201984 (1029504[5.4]) @ 633.3 SPS (584.6). norm_m 3928.83 norm_p 2.84 total_loss_m 0.127919 total_loss_p 1.092030 fea_loss 0.007813 done_loss 0.049793
[36m(ActorLearner pid=1433940)[0m [1;34m[dynamic-enduro-v5-test-10484] Steps 202384 @ 846.4 SPS (874.8). (T_q: 7.57) Eps 48. [0mRet [1;31m0.000000[0m (0.000000/0.000000). Loss -0.00 pg_loss 0.00 entropy_loss -0.32 reg_loss 0.00 total_norm 0.00 mean_abs_v 0.43 last_lr: 2.9939e-04
[36m(ModelLearner pid=1433939)[0m [dynamic-enduro-v5-test-10484] Steps 202544 (1037568[5.4]) @ 650.5 SPS (587.1). norm_m 3683.43 norm_p 0.98 total_loss_m 0.092673 total_loss_p 1.098584 fea_loss 0.008425 done_loss 0.008426
[36m(ActorLearner pid=1433940)[0m [1;34m[dynamic-enduro-v5-test-10484] Steps 203216 @ 839.6 SPS (873.6). (T_q: 6.58) Eps 48. [0mRet [1;31m0.000000[0m (0.000000/0.000000). Loss -0.00 pg_loss 0.00 entropy_loss -0.31 reg_loss 0.00 total_norm 0.00 mean_abs_v 0.41 last_lr: 2.9939e-04
[36m(ModelLearner pid=1433939)[0m [dynamic-enduro-v5-test-10484] Steps 203088 (1045632[5.4]) @ 663.6 SPS (589.3). norm_m 2946.08 norm_p 1.41 total_loss_m 0.099438 total_loss_p 1.098590 fea_loss 0.009485 done_loss 0.004591
[36m(ActorLearner pid=1433940)[0m [1;34m[dynamic-enduro-v5-test-10484] Steps 203664 @ 834.7 SPS (872.7). (T_q: 3.84) Eps 48. [0mRet [1;31m0.000000[0m (0.000000/0.000000). Loss -0.00 pg_loss 0.00 entropy_loss -0.31 reg_loss 0.00 total_norm 0.00 mean_abs_v 0.40 last_lr: 2.9939e-04
[36m(ModelLearner pid=1433939)[0m [dynamic-enduro-v5-test-10484] Steps 203616 (1053696[5.4]) @ 680.2 SPS (591.8). norm_m 2599.27 norm_p 0.96 total_loss_m 0.068134 total_loss_p 1.098580 fea_loss 0.006363 done_loss 0.004502
[36m(ModelLearner pid=1433939)[0m [dynamic-enduro-v5-test-10484] Steps 204176 (1061760[5.5]) @ 697.8 SPS (594.1). norm_m 2437.04 norm_p 1.13 total_loss_m 0.063100 total_loss_p 1.098591 fea_loss 0.006090 done_loss 0.002197
[36m(ActorLearner pid=1433940)[0m [1;34m[dynamic-enduro-v5-test-10484] Steps 204480 @ 827.6 SPS (871.6). (T_q: 6.79) Eps 48. [0mRet [1;31m0.000000[0m (0.000000/0.000000). Loss -0.00 pg_loss 0.00 entropy_loss -0.27 reg_loss 0.00 total_norm 0.00 mean_abs_v 0.39 last_lr: 2.9939e-04
[36m(ModelLearner pid=1433939)[0m [dynamic-enduro-v5-test-10484] Steps 204736 (1069824[5.5]) @ 715.8 SPS (596.6). norm_m 3409.46 norm_p 0.58 total_loss_m 0.110693 total_loss_p 1.094942 fea_loss 0.008076 done_loss 0.029936
[36m(ActorLearner pid=1433940)[0m [1;34m[dynamic-enduro-v5-test-10484] Steps 204912 @ 821.0 SPS (870.6). (T_q: 4.14) Eps 48. [0mRet [1;31m0.000000[0m (0.000000/0.000000). Loss -0.00 pg_loss 0.00 entropy_loss -0.30 reg_loss 0.00 total_norm 0.00 mean_abs_v 0.37 last_lr: 2.9939e-04
[36m(ActorLearner pid=1433940)[0m [1;34m[dynamic-enduro-v5-test-10484] Steps 205360 @ 814.6 SPS (870.0). (T_q: 3.32) Eps 48. [0mRet [1;31m0.000000[0m (0.000000/0.000000). Loss -0.00 pg_loss 0.00 entropy_loss -0.30 reg_loss 0.00 total_norm 0.00 mean_abs_v 0.37 last_lr: 2.9938e-04
[36m(ModelLearner pid=1433939)[0m [dynamic-enduro-v5-test-10484] Steps 205248 (1077888[5.5]) @ 732.2 SPS (598.7). norm_m 1734.95 norm_p 0.74 total_loss_m 0.132308 total_loss_p 1.098603 fea_loss 0.013120 done_loss 0.001110
[36m(ActorLearner pid=1433940)[0m [1;34m[dynamic-enduro-v5-test-10484] Steps 205776 @ 809.4 SPS (869.1). (T_q: 3.85) Eps 48. [0mRet [1;31m0.000000[0m (0.000000/0.000000). Loss -0.00 pg_loss 0.00 entropy_loss -0.28 reg_loss 0.00 total_norm 0.00 mean_abs_v 0.36 last_lr: 2.9938e-04
[36m(ModelLearner pid=1433939)[0m [dynamic-enduro-v5-test-10484] Steps 205760 (1085952[5.5]) @ 751.5 SPS (601.1). norm_m 633.91 norm_p 0.74 total_loss_m 0.105225 total_loss_p 1.097412 fea_loss 0.009555 done_loss 0.009675
[36m(ModelLearner pid=1433939)[0m [dynamic-enduro-v5-test-10484] Steps 206272 (1094016[5.6]) @ 769.5 SPS (603.5). norm_m 6045.32 norm_p 0.63 total_loss_m 0.151546 total_loss_p 1.091289 fea_loss 0.007854 done_loss 0.073008
[36m(ActorLearner pid=1433940)[0m [1;34m[dynamic-enduro-v5-test-10484] Steps 206560 @ 800.3 SPS (868.0). (T_q: 6.71) Eps 48. [0mRet [1;31m0.000000[0m (0.000000/0.000000). Loss -0.00 pg_loss 0.00 entropy_loss -0.26 reg_loss 0.00 total_norm 0.00 mean_abs_v 0.36 last_lr: 2.9938e-04
[36m(ModelLearner pid=1433939)[0m [dynamic-enduro-v5-test-10484] Steps 206800 (1102080[5.6]) @ 784.6 SPS (605.4). norm_m 4966.53 norm_p 0.68 total_loss_m 0.148001 total_loss_p 1.092484 fea_loss 0.009853 done_loss 0.049475
[36m(ActorLearner pid=1433940)[0m [1;34m[dynamic-enduro-v5-test-10484] Steps 207360 @ 795.9 SPS (867.1). (T_q: 6.32) Eps 48. [0mRet [1;31m0.000000[0m (0.000000/0.000000). Loss -0.00 pg_loss 0.00 entropy_loss -0.26 reg_loss 0.00 total_norm 0.00 mean_abs_v 0.37 last_lr: 2.9938e-04
[36m(ModelLearner pid=1433939)[0m [dynamic-enduro-v5-test-10484] Steps 207360 (1110144[5.6]) @ 805.8 SPS (608.1). norm_m 1306.71 norm_p 1.48 total_loss_m 0.113385 total_loss_p 1.098601 fea_loss 0.011014 done_loss 0.003247
[36m(ModelLearner pid=1433939)[0m [dynamic-enduro-v5-test-10484] Steps 207888 (1118208[5.7]) @ 824.3 SPS (610.4). norm_m 3446.49 norm_p 8.83 total_loss_m 0.154506 total_loss_p 1.098608 fea_loss 0.014976 done_loss 0.004748
[36m(ActorLearner pid=1433940)[0m [1;34m[dynamic-enduro-v5-test-10484] Steps 208208 @ 787.0 SPS (865.9). (T_q: 6.77) Eps 48. [0mRet [1;31m0.000000[0m (0.000000/0.000000). Loss -0.00 pg_loss 0.00 entropy_loss -0.28 reg_loss 0.00 total_norm 0.00 mean_abs_v 0.39 last_lr: 2.9938e-04
[36m(ModelLearner pid=1433939)[0m [dynamic-enduro-v5-test-10484] Steps 208432 (1126272[5.7]) @ 841.5 SPS (612.3). norm_m 2739.85 norm_p 0.78 total_loss_m 0.098683 total_loss_p 1.098613 fea_loss 0.009419 done_loss 0.004495
[36m(ModelLearner pid=1433939)[0m Saving model checkpoint to /scratch/jeongmin/dt-10484/p/logs/thinker/dynamic-enduro-v5-test-10484/ckp_model.tar
[36m(ActorLearner pid=1433940)[0m [1;34m[dynamic-enduro-v5-test-10484] Steps 208992 @ 780.7 SPS (864.7). (T_q: 6.92) Eps 48. [0mRet [1;31m0.000000[0m (0.000000/0.000000). Loss -0.00 pg_loss 0.00 entropy_loss -0.27 reg_loss 0.00 total_norm 0.00 mean_abs_v 0.42 last_lr: 2.9937e-04
[36m(ActorLearner pid=1433940)[0m Saving actor checkpoint to /scratch/jeongmin/dt-10484/p/logs/thinker/dynamic-enduro-v5-test-10484/ckp_actor.tar
[36m(ModelLearner pid=1433939)[0m [dynamic-enduro-v5-test-10484] Steps 208992 (1134336[5.7]) @ 859.8 SPS (614.7). norm_m 2351.65 norm_p 1.16 total_loss_m 0.131032 total_loss_p 1.094518 fea_loss 0.010426 done_loss 0.026776
[36m(ModelLearner pid=1433939)[0m [dynamic-enduro-v5-test-10484] Steps 209504 (1142400[5.7]) @ 879.5 SPS (617.0). norm_m 1719.49 norm_p 1.34 total_loss_m 0.105420 total_loss_p 1.098645 fea_loss 0.010289 done_loss 0.002529
[36m(ActorLearner pid=1433940)[0m [1;34m[dynamic-enduro-v5-test-10484] Steps 209920 @ 772.9 SPS (863.3). (T_q: 7.41) Eps 48. [0mRet [1;31m0.000000[0m (0.000000/0.000000). Loss -0.00 pg_loss 0.00 entropy_loss -0.33 reg_loss 0.00 total_norm 0.00 mean_abs_v 0.44 last_lr: 2.9937e-04
[36m(ModelLearner pid=1433939)[0m [dynamic-enduro-v5-test-10484] Steps 210048 (1150464[5.8]) @ 898.1 SPS (619.3). norm_m 2817.44 norm_p 0.79 total_loss_m 0.110152 total_loss_p 1.098599 fea_loss 0.010860 done_loss 0.001553
[36m(ModelLearner pid=1433939)[0m [dynamic-enduro-v5-test-10484] Steps 210592 (1158528[5.8]) @ 918.6 SPS (621.6). norm_m 3367.39 norm_p 1.83 total_loss_m 0.141419 total_loss_p 1.098582 fea_loss 0.014008 done_loss 0.001340
[36m(ActorLearner pid=1433940)[0m [1;34m[dynamic-enduro-v5-test-10484] Steps 210800 @ 764.3 SPS (862.1). (T_q: 7.02) Eps 48. [0mRet [1;31m0.000000[0m (0.000000/0.000000). Loss -0.00 pg_loss 0.00 entropy_loss -0.30 reg_loss 0.00 total_norm 0.00 mean_abs_v 0.45 last_lr: 2.9937e-04
[36m(ModelLearner pid=1433939)[0m [dynamic-enduro-v5-test-10484] Steps 210992 (1163904[5.8]) @ 935.7 SPS (622.7). norm_m 935.70 norm_p 0.78 total_loss_m 0.059114 total_loss_p 1.098578 fea_loss 0.005815 done_loss 0.000969
[36m(ActorLearner pid=1433940)[0m [1;34m[dynamic-enduro-v5-test-10484] Steps 211632 @ 759.5 SPS (861.2). (T_q: 6.45) Eps 48. [0mRet [1;31m0.000000[0m (0.000000/0.000000). Loss -0.00 pg_loss 0.00 entropy_loss -0.30 reg_loss 0.00 total_norm 0.00 mean_abs_v 0.44 last_lr: 2.9937e-04
[36m(ModelLearner pid=1433939)[0m [dynamic-enduro-v5-test-10484] Steps 211584 (1171968[5.8]) @ 958.4 SPS (624.9). norm_m 3676.52 norm_p 0.83 total_loss_m 0.092051 total_loss_p 1.092894 fea_loss 0.005598 done_loss 0.036075
[36m(ModelLearner pid=1433939)[0m [dynamic-enduro-v5-test-10484] Steps 212208 (1180032[5.8]) @ 976.9 SPS (627.0). norm_m 1958.07 norm_p 0.81 total_loss_m 0.073161 total_loss_p 1.098601 fea_loss 0.007186 done_loss 0.001302
[36m(ActorLearner pid=1433940)[0m [1;34m[dynamic-enduro-v5-test-10484] Steps 212496 @ 754.9 SPS (860.2). (T_q: 6.66) Eps 48. [0mRet [1;31m0.000000[0m (0.000000/0.000000). Loss -0.00 pg_loss 0.00 entropy_loss -0.30 reg_loss 0.00 total_norm 0.00 mean_abs_v 0.43 last_lr: 2.9936e-04
[36m(SelfPlayWorker pid=1433935)[0m [DEBUG] Episode termination detected:
[36m(SelfPlayWorker pid=1433935)[0m   - done: tensor([False, False, False, False, False,  True, False, False, False, False,
[36m(SelfPlayWorker pid=1433935)[0m         False,  True, False, False, False, False], device='cuda:0')
[36m(SelfPlayWorker pid=1433935)[0m   - truncated_done: tensor([False, False, False, False, False, False, False, False, False, False,
[36m(SelfPlayWorker pid=1433935)[0m         False, False, False, False, False, False], device='cuda:0')
[36m(SelfPlayWorker pid=1433935)[0m   - real_done: tensor([False, False, False, False, False,  True, False, False, False, False,
[36m(SelfPlayWorker pid=1433935)[0m         False,  True, False, False, False, False], device='cuda:0')
[36m(SelfPlayWorker pid=1433935)[0m   - step_status: tensor([0, 0, 0, 0, 0, 0, 0, 0, 0, 0, 0, 0, 0, 0, 0, 0], device='cuda:0')
[36m(SelfPlayWorker pid=1433935)[0m   - counter: 101372
[36m(SelfPlayWorker pid=1433935)[0m [DEBUG] Episode termination detected:
[36m(SelfPlayWorker pid=1433935)[0m   - done: tensor([False, False, False, False, False, False, False, False, False, False,
[36m(SelfPlayWorker pid=1433935)[0m         False, False, False,  True, False, False], device='cuda:0')
[36m(SelfPlayWorker pid=1433935)[0m   - truncated_done: tensor([False, False, False, False, False, False, False, False, False, False,
[36m(SelfPlayWorker pid=1433935)[0m         False, False, False, False, False, False], device='cuda:0')
[36m(SelfPlayWorker pid=1433935)[0m   - real_done: tensor([False, False, False, False, False, False, False, False, False, False,
[36m(SelfPlayWorker pid=1433935)[0m         False, False, False,  True, False, False], device='cuda:0')
[36m(SelfPlayWorker pid=1433935)[0m   - step_status: tensor([0, 0, 0, 0, 0, 0, 0, 0, 0, 0, 0, 0, 0, 0, 0, 0], device='cuda:0')
[36m(SelfPlayWorker pid=1433935)[0m   - counter: 101384
[36m(SelfPlayWorker pid=1433935)[0m [DEBUG] Episode termination detected:
[36m(SelfPlayWorker pid=1433935)[0m   - done: tensor([False, False, False,  True,  True, False, False, False, False, False,
[36m(SelfPlayWorker pid=1433935)[0m         False, False, False, False, False, False], device='cuda:0')
[36m(SelfPlayWorker pid=1433935)[0m   - truncated_done: tensor([False, False, False, False, False, False, False, False, False, False,
[36m(SelfPlayWorker pid=1433935)[0m         False, False, False, False, False, False], device='cuda:0')
[36m(SelfPlayWorker pid=1433935)[0m   - real_done: tensor([False, False, False,  True,  True, False, False, False, False, False,
[36m(SelfPlayWorker pid=1433935)[0m         False, False, False, False, False, False], device='cuda:0')
[36m(SelfPlayWorker pid=1433935)[0m   - step_status: tensor([0, 0, 0, 0, 0, 0, 0, 0, 0, 0, 0, 0, 0, 0, 0, 0], device='cuda:0')
[36m(SelfPlayWorker pid=1433935)[0m   - counter: 101391
[36m(SelfPlayWorker pid=1433935)[0m [DEBUG] Episode termination detected:
[36m(SelfPlayWorker pid=1433935)[0m   - done: tensor([ True, False, False, False, False, False, False, False, False, False,
[36m(SelfPlayWorker pid=1433935)[0m         False, False, False, False, False, False], device='cuda:0')
[36m(SelfPlayWorker pid=1433935)[0m   - truncated_done: tensor([False, False, False, False, False, False, False, False, False, False,
[36m(SelfPlayWorker pid=1433935)[0m         False, False, False, False, False, False], device='cuda:0')
[36m(SelfPlayWorker pid=1433935)[0m   - real_done: tensor([ True, False, False, False, False, False, False, False, False, False,
[36m(SelfPlayWorker pid=1433935)[0m         False, False, False, False, False, False], device='cuda:0')
[36m(SelfPlayWorker pid=1433935)[0m   - step_status: tensor([0, 0, 0, 0, 0, 0, 0, 0, 0, 0, 0, 0, 0, 0, 0, 0], device='cuda:0')
[36m(SelfPlayWorker pid=1433935)[0m   - counter: 101399
[36m(SelfPlayWorker pid=1433935)[0m [DEBUG] Episode termination detected:
[36m(SelfPlayWorker pid=1433935)[0m   - done: tensor([False, False, False, False, False, False, False, False, False, False,
[36m(SelfPlayWorker pid=1433935)[0m         False, False, False, False,  True, False], device='cuda:0')
[36m(SelfPlayWorker pid=1433935)[0m   - truncated_done: tensor([False, False, False, False, False, False, False, False, False, False,
[36m(SelfPlayWorker pid=1433935)[0m         False, False, False, False, False, False], device='cuda:0')
[36m(SelfPlayWorker pid=1433935)[0m   - real_done: tensor([False, False, False, False, False, False, False, False, False, False,
[36m(SelfPlayWorker pid=1433935)[0m         False, False, False, False,  True, False], device='cuda:0')
[36m(SelfPlayWorker pid=1433935)[0m   - step_status: tensor([0, 0, 0, 0, 0, 0, 0, 0, 0, 0, 0, 0, 0, 0, 0, 0], device='cuda:0')
[36m(SelfPlayWorker pid=1433935)[0m   - counter: 101410
[36m(SelfPlayWorker pid=1433935)[0m [DEBUG] Episode termination detected:
[36m(SelfPlayWorker pid=1433935)[0m   - done: tensor([False, False, False, False, False, False, False, False, False, False,
[36m(SelfPlayWorker pid=1433935)[0m          True, False, False, False, False, False], device='cuda:0')
[36m(SelfPlayWorker pid=1433935)[0m   - truncated_done: tensor([False, False, False, False, False, False, False, False, False, False,
[36m(SelfPlayWorker pid=1433935)[0m         False, False, False, False, False, False], device='cuda:0')
[36m(SelfPlayWorker pid=1433935)[0m   - real_done: tensor([False, False, False, False, False, False, False, False, False, False,
[36m(SelfPlayWorker pid=1433935)[0m          True, False, False, False, False, False], device='cuda:0')
[36m(SelfPlayWorker pid=1433935)[0m   - step_status: tensor([0, 0, 0, 0, 0, 0, 0, 0, 0, 0, 0, 0, 0, 0, 0, 0], device='cuda:0')
[36m(SelfPlayWorker pid=1433935)[0m   - counter: 101422
[36m(SelfPlayWorker pid=1433935)[0m [DEBUG] Episode termination detected:
[36m(SelfPlayWorker pid=1433935)[0m   - done: tensor([False, False, False, False, False, False, False,  True, False, False,
[36m(SelfPlayWorker pid=1433935)[0m         False, False, False, False, False, False], device='cuda:0')
[36m(SelfPlayWorker pid=1433935)[0m   - truncated_done: tensor([False, False, False, False, False, False, False, False, False, False,
[36m(SelfPlayWorker pid=1433935)[0m         False, False, False, False, False, False], device='cuda:0')
[36m(SelfPlayWorker pid=1433935)[0m   - real_done: tensor([False, False, False, False, False, False, False,  True, False, False,
[36m(SelfPlayWorker pid=1433935)[0m         False, False, False, False, False, False], device='cuda:0')
[36m(SelfPlayWorker pid=1433935)[0m   - step_status: tensor([0, 0, 0, 0, 0, 0, 0, 0, 0, 0, 0, 0, 0, 0, 0, 0], device='cuda:0')
[36m(SelfPlayWorker pid=1433935)[0m   - counter: 101427
[36m(SelfPlayWorker pid=1433935)[0m [DEBUG] Episode termination detected:
[36m(SelfPlayWorker pid=1433935)[0m   - done: tensor([False, False, False, False, False, False,  True, False, False,  True,
[36m(SelfPlayWorker pid=1433935)[0m         False, False, False, False, False, False], device='cuda:0')
[36m(SelfPlayWorker pid=1433935)[0m   - truncated_done: tensor([False, False, False, False, False, False, False, False, False, False,
[36m(SelfPlayWorker pid=1433935)[0m         False, False, False, False, False, False], device='cuda:0')
[36m(SelfPlayWorker pid=1433935)[0m   - real_done: tensor([False, False, False, False, False, False,  True, False, False,  True,
[36m(SelfPlayWorker pid=1433935)[0m         False, False, False, False, False, False], device='cuda:0')
[36m(SelfPlayWorker pid=1433935)[0m   - step_status: tensor([0, 0, 0, 0, 0, 0, 0, 0, 0, 0, 0, 0, 0, 0, 0, 0], device='cuda:0')
[36m(SelfPlayWorker pid=1433935)[0m   - counter: 101433
[36m(SelfPlayWorker pid=1433935)[0m [DEBUG] Episode termination detected:
[36m(SelfPlayWorker pid=1433935)[0m   - done: tensor([False, False,  True, False, False, False, False, False, False, False,
[36m(SelfPlayWorker pid=1433935)[0m         False, False, False, False, False,  True], device='cuda:0')
[36m(SelfPlayWorker pid=1433935)[0m   - truncated_done: tensor([False, False, False, False, False, False, False, False, False, False,
[36m(SelfPlayWorker pid=1433935)[0m         False, False, False, False, False, False], device='cuda:0')
[36m(SelfPlayWorker pid=1433935)[0m   - real_done: tensor([False, False,  True, False, False, False, False, False, False, False,
[36m(SelfPlayWorker pid=1433935)[0m         False, False, False, False, False,  True], device='cuda:0')
[36m(SelfPlayWorker pid=1433935)[0m   - step_status: tensor([0, 0, 0, 0, 0, 0, 0, 0, 0, 0, 0, 0, 0, 0, 0, 0], device='cuda:0')
[36m(SelfPlayWorker pid=1433935)[0m   - counter: 101438
[36m(SelfPlayWorker pid=1433935)[0m [DEBUG] Episode termination detected:
[36m(SelfPlayWorker pid=1433935)[0m   - done: tensor([False,  True, False, False, False, False, False, False, False, False,
[36m(SelfPlayWorker pid=1433935)[0m         False, False, False, False, False, False], device='cuda:0')
[36m(SelfPlayWorker pid=1433935)[0m   - truncated_done: tensor([False, False, False, False, False, False, False, False, False, False,
[36m(SelfPlayWorker pid=1433935)[0m         False, False, False, False, False, False], device='cuda:0')
[36m(SelfPlayWorker pid=1433935)[0m   - real_done: tensor([False,  True, False, False, False, False, False, False, False, False,
[36m(SelfPlayWorker pid=1433935)[0m         False, False, False, False, False, False], device='cuda:0')
[36m(SelfPlayWorker pid=1433935)[0m   - step_status: tensor([0, 0, 0, 0, 0, 0, 0, 0, 0, 0, 0, 0, 0, 0, 0, 0], device='cuda:0')
[36m(SelfPlayWorker pid=1433935)[0m   - counter: 101445
[36m(SelfPlayWorker pid=1433935)[0m [DEBUG] Episode termination detected:
[36m(SelfPlayWorker pid=1433935)[0m   - done: tensor([False, False, False, False, False, False, False, False, False, False,
[36m(SelfPlayWorker pid=1433935)[0m         False, False,  True, False, False, False], device='cuda:0')
[36m(SelfPlayWorker pid=1433935)[0m   - truncated_done: tensor([False, False, False, False, False, False, False, False, False, False,
[36m(SelfPlayWorker pid=1433935)[0m         False, False, False, False, False, False], device='cuda:0')
[36m(SelfPlayWorker pid=1433935)[0m   - real_done: tensor([False, False, False, False, False, False, False, False, False, False,
[36m(SelfPlayWorker pid=1433935)[0m         False, False,  True, False, False, False], device='cuda:0')
[36m(SelfPlayWorker pid=1433935)[0m   - step_status: tensor([0, 0, 0, 0, 0, 0, 0, 0, 0, 0, 0, 0, 0, 0, 0, 0], device='cuda:0')
[36m(SelfPlayWorker pid=1433935)[0m   - counter: 101463
[36m(SelfPlayWorker pid=1433935)[0m [DEBUG] Episode termination detected:
[36m(SelfPlayWorker pid=1433935)[0m   - done: tensor([False, False, False, False, False, False, False, False,  True, False,
[36m(SelfPlayWorker pid=1433935)[0m         False, False, False, False, False, False], device='cuda:0')
[36m(SelfPlayWorker pid=1433935)[0m   - truncated_done: tensor([False, False, False, False, False, False, False, False, False, False,
[36m(SelfPlayWorker pid=1433935)[0m         False, False, False, False, False, False], device='cuda:0')
[36m(SelfPlayWorker pid=1433935)[0m   - real_done: tensor([False, False, False, False, False, False, False, False,  True, False,
[36m(SelfPlayWorker pid=1433935)[0m         False, False, False, False, False, False], device='cuda:0')
[36m(SelfPlayWorker pid=1433935)[0m   - step_status: tensor([0, 0, 0, 0, 0, 0, 0, 0, 0, 0, 0, 0, 0, 0, 0, 0], device='cuda:0')
[36m(SelfPlayWorker pid=1433935)[0m   - counter: 101470
[36m(ActorLearner pid=1433940)[0m [DEBUG] Episode counter increased:
[36m(ActorLearner pid=1433940)[0m   - real_done_count: 16
[36m(ActorLearner pid=1433940)[0m   - tot_eps: 64
[36m(ActorLearner pid=1433940)[0m   - train_actor_out.real_done: tensor([[False, False, False,  ..., False, False, False],
[36m(ActorLearner pid=1433940)[0m         [False, False, False,  ..., False, False, False],
[36m(ActorLearner pid=1433940)[0m         [False, False, False,  ..., False, False, False],
[36m(ActorLearner pid=1433940)[0m         ...,
[36m(ActorLearner pid=1433940)[0m         [False, False, False,  ..., False, False, False],
[36m(ActorLearner pid=1433940)[0m         [False, False, False,  ..., False, False, False],
[36m(ActorLearner pid=1433940)[0m         [False, False, False,  ..., False, False, False]], device='cuda:0')
[36m(ActorLearner pid=1433940)[0m   - train_actor_out.done: tensor([[False, False, False,  ..., False, False, False],
[36m(ActorLearner pid=1433940)[0m         [False, False, False,  ..., False, False, False],
[36m(ActorLearner pid=1433940)[0m         [False, False, False,  ..., False, False, False],
[36m(ActorLearner pid=1433940)[0m         ...,
[36m(ActorLearner pid=1433940)[0m         [False, False, False,  ..., False, False, False],
[36m(ActorLearner pid=1433940)[0m         [False, False, False,  ..., False, False, False],
[36m(ActorLearner pid=1433940)[0m         [False, False, False,  ..., False, False, False]], device='cuda:0')
[36m(ActorLearner pid=1433940)[0m   - train_actor_out.truncated_done: tensor([[False, False, False,  ..., False, False, False],
[36m(ActorLearner pid=1433940)[0m         [False, False, False,  ..., False, False, False],
[36m(ActorLearner pid=1433940)[0m         [False, False, False,  ..., False, False, False],
[36m(ActorLearner pid=1433940)[0m         ...,
[36m(ActorLearner pid=1433940)[0m         [False, False, False,  ..., False, False, False],
[36m(ActorLearner pid=1433940)[0m         [False, False, False,  ..., False, False, False],
[36m(ActorLearner pid=1433940)[0m         [False, False, False,  ..., False, False, False]], device='cuda:0')
[36m(ActorLearner pid=1433940)[0m [1;34m[dynamic-enduro-v5-test-10484] Steps 212976 @ 747.5 SPS (859.5). (T_q: 3.54) Eps 64. [0mRet [1;31m0.000000[0m (0.000000/0.000000). Loss -0.00 pg_loss 0.00 entropy_loss -0.33 reg_loss 0.00 total_norm 0.00 mean_abs_v 0.42 last_lr: 2.9936e-04
[36m(ModelLearner pid=1433939)[0m [dynamic-enduro-v5-test-10484] Steps 212832 (1188096[5.9]) @ 993.3 SPS (628.8). norm_m 6523.49 norm_p 1.18 total_loss_m 0.158576 total_loss_p 1.092866 fea_loss 0.012348 done_loss 0.035095
[36m(ModelLearner pid=1433939)[0m [dynamic-enduro-v5-test-10484] Steps 213456 (1196160[5.9]) @ 1011.3 SPS (630.9). norm_m 2003.39 norm_p 1.63 total_loss_m 0.087263 total_loss_p 1.098571 fea_loss 0.008573 done_loss 0.001531
[36m(ActorLearner pid=1433940)[0m [1;34m[dynamic-enduro-v5-test-10484] Steps 213840 @ 743.6 SPS (858.7). (T_q: 6.39) Eps 64. [0mRet [1;31m0.000000[0m (0.000000/0.000000). Loss -0.00 pg_loss 0.00 entropy_loss -0.26 reg_loss 0.00 total_norm 0.00 mean_abs_v 0.40 last_lr: 2.9936e-04
[36m(ActorLearner pid=1433940)[0m [1;34m[dynamic-enduro-v5-test-10484] Steps 214304 @ 737.5 SPS (858.1). (T_q: 3.27) Eps 64. [0mRet [1;31m0.000000[0m (0.000000/0.000000). Loss -0.00 pg_loss 0.00 entropy_loss -0.32 reg_loss 0.00 total_norm 0.00 mean_abs_v 0.39 last_lr: 2.9936e-04
[36m(ModelLearner pid=1433939)[0m [dynamic-enduro-v5-test-10484] Steps 214112 (1204224[5.9]) @ 1026.9 SPS (632.6). norm_m 6590.72 norm_p 1.01 total_loss_m 0.164175 total_loss_p 1.080586 fea_loss 0.006684 done_loss 0.097336
[36m(ModelLearner pid=1433939)[0m [dynamic-enduro-v5-test-10484] Steps 214784 (1212288[5.9]) @ 1044.7 SPS (634.5). norm_m 9498.89 norm_p 1.09 total_loss_m 0.089145 total_loss_p 1.098573 fea_loss 0.008637 done_loss 0.002771
[36m(ActorLearner pid=1433940)[0m [1;34m[dynamic-enduro-v5-test-10484] Steps 215168 @ 732.1 SPS (857.1). (T_q: 6.45) Eps 64. [0mRet [1;31m0.000000[0m (0.000000/0.000000). Loss -0.00 pg_loss 0.00 entropy_loss -0.30 reg_loss 0.00 total_norm 0.00 mean_abs_v 0.38 last_lr: 2.9935e-04
[36m(ModelLearner pid=1433939)[0m [dynamic-enduro-v5-test-10484] Steps 215456 (1220352[5.9]) @ 1057.5 SPS (636.2). norm_m 3013.68 norm_p 0.70 total_loss_m 0.086932 total_loss_p 1.094935 fea_loss 0.006788 done_loss 0.019049
[36m(ActorLearner pid=1433940)[0m [1;34m[dynamic-enduro-v5-test-10484] Steps 216048 @ 725.8 SPS (856.3). (T_q: 6.33) Eps 64. [0mRet [1;31m0.000000[0m (0.000000/0.000000). Loss -0.00 pg_loss 0.00 entropy_loss -0.29 reg_loss 0.00 total_norm 0.00 mean_abs_v 0.37 last_lr: 2.9935e-04
[36m(ModelLearner pid=1433939)[0m [dynamic-enduro-v5-test-10484] Steps 215920 (1225728[6.0]) @ 1074.0 SPS (637.3). norm_m 3074.28 norm_p 0.72 total_loss_m 0.130070 total_loss_p 1.090030 fea_loss 0.007557 done_loss 0.054501
[36m(ModelLearner pid=1433939)[0m [dynamic-enduro-v5-test-10484] Steps 216384 (1231104[6.0]) @ 1094.3 SPS (638.3). norm_m 1629.25 norm_p 0.92 total_loss_m 0.112323 total_loss_p 1.092054 fea_loss 0.007506 done_loss 0.037259
[36m(ActorLearner pid=1433940)[0m [1;34m[dynamic-enduro-v5-test-10484] Steps 216848 @ 723.8 SPS (855.8). (T_q: 5.97) Eps 64. [0mRet [1;31m0.000000[0m (0.000000/0.000000). Loss -0.00 pg_loss 0.00 entropy_loss -0.25 reg_loss 0.00 total_norm 0.00 mean_abs_v 0.37 last_lr: 2.9935e-04
[36m(ModelLearner pid=1433939)[0m [dynamic-enduro-v5-test-10484] Steps 217072 (1239168[6.0]) @ 1114.6 SPS (640.2). norm_m 2705.23 norm_p 2.05 total_loss_m 0.107348 total_loss_p 1.094917 fea_loss 0.008817 done_loss 0.019180
[36m(ActorLearner pid=1433940)[0m [1;34m[dynamic-enduro-v5-test-10484] Steps 217648 @ 719.5 SPS (855.3). (T_q: 5.78) Eps 64. [0mRet [1;31m0.000000[0m (0.000000/0.000000). Loss -0.00 pg_loss 0.00 entropy_loss -0.28 reg_loss 0.00 total_norm 0.00 mean_abs_v 0.38 last_lr: 2.9935e-04
[36m(ModelLearner pid=1433939)[0m [dynamic-enduro-v5-test-10484] Steps 217696 (1247232[6.0]) @ 1131.5 SPS (642.1). norm_m 1803.25 norm_p 0.93 total_loss_m 0.100138 total_loss_p 1.094535 fea_loss 0.007997 done_loss 0.020164
[36m(ModelLearner pid=1433939)[0m [dynamic-enduro-v5-test-10484] Steps 218160 (1252608[6.0]) @ 1149.7 SPS (643.2). norm_m 2124.49 norm_p 0.80 total_loss_m 0.064471 total_loss_p 1.098595 fea_loss 0.006121 done_loss 0.003262
[36m(ActorLearner pid=1433940)[0m [1;34m[dynamic-enduro-v5-test-10484] Steps 218448 @ 714.5 SPS (854.4). (T_q: 6.69) Eps 64. [0mRet [1;31m0.000000[0m (0.000000/0.000000). Loss -0.00 pg_loss 0.00 entropy_loss -0.29 reg_loss 0.00 total_norm 0.00 mean_abs_v 0.39 last_lr: 2.9934e-04
[36m(ModelLearner pid=1433939)[0m [dynamic-enduro-v5-test-10484] Steps 218848 (1260672[6.0]) @ 1176.8 SPS (644.9). norm_m 1565.89 norm_p 0.88 total_loss_m 0.127748 total_loss_p 1.094103 fea_loss 0.010500 done_loss 0.022746
[36m(ActorLearner pid=1433940)[0m [1;34m[dynamic-enduro-v5-test-10484] Steps 219280 @ 714.0 SPS (854.2). (T_q: 5.24) Eps 64. [0mRet [1;31m0.000000[0m (0.000000/0.000000). Loss -0.00 pg_loss 0.00 entropy_loss -0.30 reg_loss 0.00 total_norm 0.00 mean_abs_v 0.42 last_lr: 2.9934e-04
[36m(ModelLearner pid=1433939)[0m [dynamic-enduro-v5-test-10484] Steps 219520 (1268736[6.1]) @ 1192.7 SPS (646.5). norm_m 2421.40 norm_p 0.47 total_loss_m 0.115231 total_loss_p 1.090424 fea_loss 0.007592 done_loss 0.039314
[36m(ActorLearner pid=1433940)[0m [1;34m[dynamic-enduro-v5-test-10484] Steps 220144 @ 707.7 SPS (853.4). (T_q: 6.48) Eps 64. [0mRet [1;31m0.000000[0m (0.000000/0.000000). Loss -0.00 pg_loss 0.00 entropy_loss -0.29 reg_loss 0.00 total_norm 0.00 mean_abs_v 0.44 last_lr: 2.9934e-04
[36m(ModelLearner pid=1433939)[0m [dynamic-enduro-v5-test-10484] Steps 219968 (1274112[6.1]) @ 1194.1 SPS (647.5). norm_m 1181.72 norm_p 0.66 total_loss_m 0.060105 total_loss_p 1.098606 fea_loss 0.005850 done_loss 0.001600
[36m(ModelLearner pid=1433939)[0m [dynamic-enduro-v5-test-10484] Steps 220672 (1282176[6.1]) @ 1194.7 SPS (649.4). norm_m 2031.43 norm_p 0.62 total_loss_m 0.070768 total_loss_p 1.096562 fea_loss 0.005946 done_loss 0.011307
[36m(ActorLearner pid=1433940)[0m [1;34m[dynamic-enduro-v5-test-10484] Steps 221008 @ 703.4 SPS (852.5). (T_q: 6.60) Eps 64. [0mRet [1;31m0.000000[0m (0.000000/0.000000). Loss -0.00 pg_loss 0.00 entropy_loss -0.30 reg_loss 0.00 total_norm 0.00 mean_abs_v 0.47 last_lr: 2.9934e-04
[36m(ModelLearner pid=1433939)[0m [dynamic-enduro-v5-test-10484] Steps 221360 (1290240[6.1]) @ 1181.7 SPS (650.9). norm_m 1682.39 norm_p 0.51 total_loss_m 0.074093 total_loss_p 1.098594 fea_loss 0.007161 done_loss 0.002481
[36m(ActorLearner pid=1433940)[0m [1;34m[dynamic-enduro-v5-test-10484] Steps 221856 @ 699.0 SPS (851.6). (T_q: 6.70) Eps 64. [0mRet [1;31m0.000000[0m (0.000000/0.000000). Loss -0.00 pg_loss 0.00 entropy_loss -0.28 reg_loss 0.00 total_norm 0.00 mean_abs_v 0.44 last_lr: 2.9933e-04
[36m(ModelLearner pid=1433939)[0m [dynamic-enduro-v5-test-10484] Steps 222048 (1298304[6.1]) @ 1178.2 SPS (652.7). norm_m 4601.18 norm_p 0.88 total_loss_m 0.180142 total_loss_p 1.090030 fea_loss 0.013438 done_loss 0.045763
[36m(ActorLearner pid=1433940)[0m [1;34m[dynamic-enduro-v5-test-10484] Steps 222784 @ 694.0 SPS (851.0). (T_q: 6.09) Eps 64. [0mRet [1;31m0.000000[0m (0.000000/0.000000). Loss -0.00 pg_loss 0.00 entropy_loss -0.32 reg_loss 0.00 total_norm 0.00 mean_abs_v 0.43 last_lr: 2.9933e-04
[36m(ModelLearner pid=1433939)[0m [dynamic-enduro-v5-test-10484] Steps 222544 (1303680[6.1]) @ 1167.6 SPS (653.4). norm_m 7498.50 norm_p 0.54 total_loss_m 0.154029 total_loss_p 1.085937 fea_loss 0.007704 done_loss 0.076991
[36m(ModelLearner pid=1433939)[0m [dynamic-enduro-v5-test-10484] Steps 223040 (1309056[6.1]) @ 1166.0 SPS (654.4). norm_m 46583.11 norm_p 0.60 total_loss_m 0.379440 total_loss_p 1.093289 fea_loss 0.034996 done_loss 0.029484
[36m(ActorLearner pid=1433940)[0m [1;34m[dynamic-enduro-v5-test-10484] Steps 223600 @ 690.3 SPS (850.2). (T_q: 6.65) Eps 64. [0mRet [1;31m0.000000[0m (0.000000/0.000000). Loss -0.00 pg_loss 0.00 entropy_loss -0.27 reg_loss 0.00 total_norm 0.00 mean_abs_v 0.41 last_lr: 2.9933e-04
[36m(ModelLearner pid=1433939)[0m [dynamic-enduro-v5-test-10484] Steps 223728 (1317120[6.2]) @ 1161.4 SPS (656.1). norm_m 5425.51 norm_p 0.71 total_loss_m 0.080459 total_loss_p 1.098575 fea_loss 0.006852 done_loss 0.011939
[36m(ActorLearner pid=1433940)[0m [1;34m[dynamic-enduro-v5-test-10484] Steps 224432 @ 686.0 SPS (849.8). (T_q: 5.98) Eps 64. [0mRet [1;31m0.000000[0m (0.000000/0.000000). Loss -0.00 pg_loss 0.00 entropy_loss -0.28 reg_loss 0.00 total_norm 0.00 mean_abs_v 0.40 last_lr: 2.9933e-04
[36m(ModelLearner pid=1433939)[0m [dynamic-enduro-v5-test-10484] Steps 224432 (1325184[6.2]) @ 1157.4 SPS (657.8). norm_m 2651.08 norm_p 0.65 total_loss_m 0.109921 total_loss_p 1.092901 fea_loss 0.007249 done_loss 0.037427
[36m(ActorLearner pid=1433940)[0m [1;34m[dynamic-enduro-v5-test-10484] Steps 225264 @ 684.3 SPS (849.3). (T_q: 5.88) Eps 64. [0mRet [1;31m0.000000[0m (0.000000/0.000000). Loss -0.00 pg_loss 0.00 entropy_loss -0.28 reg_loss 0.00 total_norm 0.00 mean_abs_v 0.42 last_lr: 2.9932e-04
[36m(ModelLearner pid=1433939)[0m [dynamic-enduro-v5-test-10484] Steps 225120 (1333248[6.2]) @ 1148.9 SPS (659.2). norm_m 2757.56 norm_p 0.57 total_loss_m 0.129636 total_loss_p 1.096172 fea_loss 0.010716 done_loss 0.022481
[36m(ModelLearner pid=1433939)[0m [dynamic-enduro-v5-test-10484] Steps 225584 (1338624[6.2]) @ 1147.6 SPS (660.2). norm_m 2957.63 norm_p 0.74 total_loss_m 0.095695 total_loss_p 1.098640 fea_loss 0.008776 done_loss 0.007934
[36m(ActorLearner pid=1433940)[0m [1;34m[dynamic-enduro-v5-test-10484] Steps 226096 @ 677.6 SPS (848.4). (T_q: 6.67) Eps 64. [0mRet [1;31m0.000000[0m (0.000000/0.000000). Loss -0.00 pg_loss 0.00 entropy_loss -0.28 reg_loss 0.00 total_norm 0.00 mean_abs_v 0.44 last_lr: 2.9932e-04
[36m(ModelLearner pid=1433939)[0m [dynamic-enduro-v5-test-10484] Steps 226048 (1344000[6.2]) @ 1140.5 SPS (661.2). norm_m 3833.75 norm_p 0.41 total_loss_m 0.150279 total_loss_p 1.087179 fea_loss 0.007979 done_loss 0.070486
[36m(ActorLearner pid=1433940)[0m [1;34m[dynamic-enduro-v5-test-10484] Steps 226912 @ 675.6 SPS (848.0). (T_q: 5.81) Eps 64. [0mRet [1;31m0.000000[0m (0.000000/0.000000). Loss -0.00 pg_loss 0.00 entropy_loss -0.28 reg_loss 0.00 total_norm 0.00 mean_abs_v 0.44 last_lr: 2.9932e-04
[36m(ModelLearner pid=1433939)[0m [dynamic-enduro-v5-test-10484] Steps 226752 (1352064[6.2]) @ 1131.3 SPS (662.5). norm_m 4255.40 norm_p 0.43 total_loss_m 0.226608 total_loss_p 1.083490 fea_loss 0.013281 done_loss 0.093797
[36m(ModelLearner pid=1433939)[0m [dynamic-enduro-v5-test-10484] Steps 227264 (1357440[6.2]) @ 1131.0 SPS (663.4). norm_m 3860.78 norm_p 1.03 total_loss_m 0.222253 total_loss_p 1.087546 fea_loss 0.016407 done_loss 0.058178
[36m(ActorLearner pid=1433940)[0m [1;34m[dynamic-enduro-v5-test-10484] Steps 227808 @ 672.9 SPS (847.1). (T_q: 6.98) Eps 64. [0mRet [1;31m0.000000[0m (0.000000/0.000000). Loss -0.00 pg_loss 0.00 entropy_loss -0.31 reg_loss 0.00 total_norm 0.00 mean_abs_v 0.44 last_lr: 2.9932e-04
[36m(ModelLearner pid=1433939)[0m [dynamic-enduro-v5-test-10484] Steps 228000 (1365504[6.3]) @ 1124.1 SPS (665.2). norm_m 5440.10 norm_p 0.55 total_loss_m 0.102984 total_loss_p 1.097347 fea_loss 0.008513 done_loss 0.017850
[36m(ActorLearner pid=1433940)[0m [1;34m[dynamic-enduro-v5-test-10484] Steps 228688 @ 677.0 SPS (846.9). (T_q: 5.45) Eps 64. [0mRet [1;31m0.000000[0m (0.000000/0.000000). Loss -0.00 pg_loss 0.00 entropy_loss -0.31 reg_loss 0.00 total_norm 0.00 mean_abs_v 0.43 last_lr: 2.9931e-04
[36m(ModelLearner pid=1433939)[0m [dynamic-enduro-v5-test-10484] Steps 228496 (1370880[6.3]) @ 1115.7 SPS (666.0). norm_m 2283.33 norm_p 0.74 total_loss_m 0.163441 total_loss_p 1.088773 fea_loss 0.010597 done_loss 0.057468
[36m(ModelLearner pid=1433939)[0m [dynamic-enduro-v5-test-10484] Steps 229008 (1376256[6.3]) @ 1114.6 SPS (666.9). norm_m 4270.20 norm_p 0.41 total_loss_m 0.153513 total_loss_p 1.098589 fea_loss 0.014149 done_loss 0.012026
[36m(ActorLearner pid=1433940)[0m [1;34m[dynamic-enduro-v5-test-10484] Steps 229536 @ 681.5 SPS (846.5). (T_q: 5.86) Eps 64. [0mRet [1;31m0.000000[0m (0.000000/0.000000). Loss -0.00 pg_loss 0.00 entropy_loss -0.28 reg_loss 0.00 total_norm 0.00 mean_abs_v 0.41 last_lr: 2.9931e-04
[36m(ModelLearner pid=1433939)[0m [dynamic-enduro-v5-test-10484] Steps 229776 (1384320[6.3]) @ 1107.9 SPS (668.5). norm_m 4600.54 norm_p 0.42 total_loss_m 0.090579 total_loss_p 1.098611 fea_loss 0.008192 done_loss 0.008658
[36m(ActorLearner pid=1433940)[0m [1;34m[dynamic-enduro-v5-test-10484] Steps 230336 @ 683.8 SPS (846.0). (T_q: 6.06) Eps 64. [0mRet [1;31m0.000000[0m (0.000000/0.000000). Loss -0.00 pg_loss 0.00 entropy_loss -0.26 reg_loss 0.00 total_norm 0.00 mean_abs_v 0.40 last_lr: 2.9931e-04
[36m(ModelLearner pid=1433939)[0m [dynamic-enduro-v5-test-10484] Steps 230272 (1389696[6.3]) @ 1098.9 SPS (669.3). norm_m 2061.85 norm_p 0.68 total_loss_m 0.101507 total_loss_p 1.092452 fea_loss 0.006312 done_loss 0.038382
[36m(ModelLearner pid=1433939)[0m [dynamic-enduro-v5-test-10484] Steps 230816 (1395072[6.3]) @ 1091.1 SPS (670.1). norm_m 2580.83 norm_p 0.41 total_loss_m 0.098826 total_loss_p 1.098596 fea_loss 0.009203 done_loss 0.006799
[36m(ActorLearner pid=1433940)[0m [1;34m[dynamic-enduro-v5-test-10484] Steps 231168 @ 687.2 SPS (845.6). (T_q: 6.07) Eps 64. [0mRet [1;31m0.000000[0m (0.000000/0.000000). Loss -0.00 pg_loss 0.00 entropy_loss -0.29 reg_loss 0.00 total_norm 0.00 mean_abs_v 0.40 last_lr: 2.9931e-04
[36m(ModelLearner pid=1433939)[0m [dynamic-enduro-v5-test-10484] Steps 231328 (1400448[6.3]) @ 1083.4 SPS (671.0). norm_m 10920.02 norm_p 0.31 total_loss_m 0.176860 total_loss_p 1.091645 fea_loss 0.008321 done_loss 0.093651
[36m(ActorLearner pid=1433940)[0m Sent real_step update to ActorBuffer: 232000
[36m(ActorLearner pid=1433940)[0m [1;34m[dynamic-enduro-v5-test-10484] Steps 232000 @ 689.7 SPS (845.2). (T_q: 5.80) Eps 64. [0mRet [1;31m0.000000[0m (0.000000/0.000000). Loss -0.00 pg_loss 0.00 entropy_loss -0.28 reg_loss 0.00 total_norm 0.00 mean_abs_v 0.42 last_lr: 2.9930e-04
[36m(ModelLearner pid=1433939)[0m [dynamic-enduro-v5-test-10484] Steps 231824 (1405824[6.3]) @ 1079.9 SPS (671.6). norm_m 2368.27 norm_p 0.47 total_loss_m 0.074124 total_loss_p 1.098617 fea_loss 0.006680 done_loss 0.007325
[36m(ModelLearner pid=1433939)[0m [dynamic-enduro-v5-test-10484] Steps 232560 (1413888[6.4]) @ 1076.8 SPS (673.3). norm_m 19821.29 norm_p 0.41 total_loss_m 0.128904 total_loss_p 1.098614 fea_loss 0.011984 done_loss 0.009066
[36m(ActorLearner pid=1433940)[0m [1;34m[dynamic-enduro-v5-test-10484] Steps 232880 @ 691.4 SPS (844.4). (T_q: 6.63) Eps 64. [0mRet [1;31m0.000000[0m (0.000000/0.000000). Loss -0.00 pg_loss 0.00 entropy_loss -0.31 reg_loss 0.00 total_norm 0.00 mean_abs_v 0.43 last_lr: 2.9930e-04
[36m(ModelLearner pid=1433939)[0m [dynamic-enduro-v5-test-10484] Steps 233088 (1419264[6.4]) @ 1065.4 SPS (673.8). norm_m 2081.78 norm_p 0.30 total_loss_m 0.089581 total_loss_p 1.094528 fea_loss 0.005808 done_loss 0.031501
[36m(ActorLearner pid=1433940)[0m [1;34m[dynamic-enduro-v5-test-10484] Steps 233696 @ 693.5 SPS (844.0). (T_q: 5.82) Eps 64. [0mRet [1;31m0.000000[0m (0.000000/0.000000). Loss -0.00 pg_loss 0.00 entropy_loss -0.27 reg_loss 0.00 total_norm 0.00 mean_abs_v 0.38 last_lr: 2.9930e-04
[36m(ModelLearner pid=1433939)[0m [dynamic-enduro-v5-test-10484] Steps 233568 (1424640[6.4]) @ 1065.1 SPS (674.7). norm_m 3960.74 norm_p 0.44 total_loss_m 0.071993 total_loss_p 1.098626 fea_loss 0.006387 done_loss 0.008122
[36m(ModelLearner pid=1433939)[0m [dynamic-enduro-v5-test-10484] Steps 234320 (1432704[6.4]) @ 1063.6 SPS (676.3). norm_m 2768.74 norm_p 0.42 total_loss_m 0.152062 total_loss_p 1.092088 fea_loss 0.010309 done_loss 0.048971
[36m(ActorLearner pid=1433940)[0m [1;34m[dynamic-enduro-v5-test-10484] Steps 234560 @ 696.6 SPS (843.6). (T_q: 5.89) Eps 64. [0mRet [1;31m0.000000[0m (0.000000/0.000000). Loss -0.00 pg_loss 0.00 entropy_loss -0.28 reg_loss 0.00 total_norm 0.00 mean_abs_v 0.38 last_lr: 2.9930e-04
[36m(ModelLearner pid=1433939)[0m [dynamic-enduro-v5-test-10484] Steps 234832 (1438080[6.4]) @ 1061.5 SPS (677.0). norm_m 7592.37 norm_p 0.43 total_loss_m 0.111562 total_loss_p 1.096566 fea_loss 0.009522 done_loss 0.016343
[36m(ActorLearner pid=1433940)[0m [1;34m[dynamic-enduro-v5-test-10484] Steps 235424 @ 699.0 SPS (843.1). (T_q: 6.17) Eps 64. [0mRet [1;31m0.000000[0m (0.000000/0.000000). Loss -0.00 pg_loss 0.00 entropy_loss -0.30 reg_loss 0.00 total_norm 0.00 mean_abs_v 0.38 last_lr: 2.9929e-04
[36m(ModelLearner pid=1433939)[0m [dynamic-enduro-v5-test-10484] Steps 235328 (1443456[6.4]) @ 1057.5 SPS (677.9). norm_m 5883.73 norm_p 0.29 total_loss_m 0.087979 total_loss_p 1.098600 fea_loss 0.008056 done_loss 0.007423
[36m(ModelLearner pid=1433939)[0m [dynamic-enduro-v5-test-10484] Steps 235872 (1448832[6.4]) @ 1056.3 SPS (678.7). norm_m 23674.70 norm_p 0.69 total_loss_m 0.124435 total_loss_p 1.096986 fea_loss 0.010720 done_loss 0.017238
[36m(ActorLearner pid=1433940)[0m [1;34m[dynamic-enduro-v5-test-10484] Steps 236240 @ 700.4 SPS (842.7). (T_q: 5.89) Eps 64. [0mRet [1;31m0.000000[0m (0.000000/0.000000). Loss -0.00 pg_loss 0.00 entropy_loss -0.26 reg_loss 0.00 total_norm 0.00 mean_abs_v 0.39 last_lr: 2.9929e-04
[36m(ModelLearner pid=1433939)[0m [dynamic-enduro-v5-test-10484] Steps 236384 (1454208[6.4]) @ 1049.7 SPS (679.2). norm_m 3845.90 norm_p 0.72 total_loss_m 0.157676 total_loss_p 1.090455 fea_loss 0.009904 done_loss 0.058641
[36m(ActorLearner pid=1433940)[0m [1;34m[dynamic-enduro-v5-test-10484] Steps 237024 @ 703.1 SPS (842.3). (T_q: 5.81) Eps 64. [0mRet [1;31m0.000000[0m (0.000000/0.000000). Loss -0.00 pg_loss 0.00 entropy_loss -0.27 reg_loss 0.00 total_norm 0.00 mean_abs_v 0.40 last_lr: 2.9929e-04
[36m(ModelLearner pid=1433939)[0m [dynamic-enduro-v5-test-10484] Steps 236880 (1459584[6.4]) @ 1049.0 SPS (680.0). norm_m 3260.52 norm_p 0.41 total_loss_m 0.177940 total_loss_p 1.090464 fea_loss 0.012454 done_loss 0.053401
[36m(ModelLearner pid=1433939)[0m [dynamic-enduro-v5-test-10484] Steps 237424 (1464960[6.4]) @ 1045.9 SPS (680.9). norm_m 3448.34 norm_p 0.23 total_loss_m 0.210620 total_loss_p 1.085539 fea_loss 0.013480 done_loss 0.075824
[36m(ActorLearner pid=1433940)[0m [1;34m[dynamic-enduro-v5-test-10484] Steps 237872 @ 705.4 SPS (841.8). (T_q: 6.03) Eps 64. [0mRet [1;31m0.000000[0m (0.000000/0.000000). Loss -0.00 pg_loss 0.00 entropy_loss -0.28 reg_loss 0.00 total_norm 0.00 mean_abs_v 0.42 last_lr: 2.9929e-04
[36m(ModelLearner pid=1433939)[0m [dynamic-enduro-v5-test-10484] Steps 237936 (1470336[6.5]) @ 1039.9 SPS (681.6). norm_m 26495.79 norm_p 0.27 total_loss_m 0.164073 total_loss_p 1.098623 fea_loss 0.013380 done_loss 0.030276
[36m(ActorLearner pid=1433940)[0m [1;34m[dynamic-enduro-v5-test-10484] Steps 238720 @ 709.7 SPS (841.4). (T_q: 5.96) Eps 64. [0mRet [1;31m0.000000[0m (0.000000/0.000000). Loss -0.00 pg_loss 0.00 entropy_loss -0.30 reg_loss 0.00 total_norm 0.00 mean_abs_v 0.44 last_lr: 2.9928e-04
[36m(ModelLearner pid=1433939)[0m [dynamic-enduro-v5-test-10484] Steps 238480 (1475712[6.5]) @ 1034.4 SPS (682.2). norm_m 7245.71 norm_p 0.70 total_loss_m 0.153923 total_loss_p 1.098627 fea_loss 0.012649 done_loss 0.027431
[36m(ModelLearner pid=1433939)[0m [dynamic-enduro-v5-test-10484] Steps 239024 (1481088[6.5]) @ 1031.4 SPS (683.0). norm_m 5945.42 norm_p 0.41 total_loss_m 0.155109 total_loss_p 1.098613 fea_loss 0.013697 done_loss 0.018135
[36m(ActorLearner pid=1433940)[0m [1;34m[dynamic-enduro-v5-test-10484] Steps 239616 @ 710.8 SPS (840.7). (T_q: 6.57) Eps 64. [0mRet [1;31m0.000000[0m (0.000000/0.000000). Loss -0.00 pg_loss 0.00 entropy_loss -0.29 reg_loss 0.00 total_norm 0.00 mean_abs_v 0.44 last_lr: 2.9928e-04
[36m(ModelLearner pid=1433939)[0m [dynamic-enduro-v5-test-10484] Steps 239520 (1486464[6.5]) @ 1032.5 SPS (683.9). norm_m 4206.03 norm_p 0.27 total_loss_m 0.126205 total_loss_p 1.098607 fea_loss 0.011806 done_loss 0.008142
[36m(ModelLearner pid=1433939)[0m [dynamic-enduro-v5-test-10484] Steps 240032 (1491840[6.5]) @ 1031.5 SPS (684.7). norm_m 6392.76 norm_p 0.68 total_loss_m 0.216165 total_loss_p 1.090425 fea_loss 0.014219 done_loss 0.073970
[36m(ActorLearner pid=1433940)[0m [1;34m[dynamic-enduro-v5-test-10484] Steps 240512 @ 712.8 SPS (840.3). (T_q: 5.84) Eps 64. [0mRet [1;31m0.000000[0m (0.000000/0.000000). Loss -0.00 pg_loss 0.00 entropy_loss -0.31 reg_loss 0.00 total_norm 0.00 mean_abs_v 0.43 last_lr: 2.9928e-04
[36m(ModelLearner pid=1433939)[0m [dynamic-enduro-v5-test-10484] Steps 240592 (1497216[6.5]) @ 1026.8 SPS (685.6). norm_m 8013.54 norm_p 0.64 total_loss_m 0.098015 total_loss_p 1.098590 fea_loss 0.009266 done_loss 0.005354
[36m(ModelLearner pid=1433939)[0m [dynamic-enduro-v5-test-10484] Steps 241184 (1502592[6.5]) @ 1027.2 SPS (686.4). norm_m 6374.76 norm_p 0.42 total_loss_m 0.161900 total_loss_p 1.094081 fea_loss 0.011473 done_loss 0.047167
[36m(ActorLearner pid=1433940)[0m [1;34m[dynamic-enduro-v5-test-10484] Steps 241440 @ 714.7 SPS (839.9). (T_q: 5.91) Eps 64. [0mRet [1;31m0.000000[0m (0.000000/0.000000). Loss -0.00 pg_loss 0.00 entropy_loss -0.31 reg_loss 0.00 total_norm 0.00 mean_abs_v 0.41 last_lr: 2.9928e-04
[36m(ModelLearner pid=1433939)[0m [dynamic-enduro-v5-test-10484] Steps 241696 (1507968[6.5]) @ 1019.6 SPS (687.1). norm_m 7304.23 norm_p 0.26 total_loss_m 0.153984 total_loss_p 1.089605 fea_loss 0.008941 done_loss 0.064574
[36m(ActorLearner pid=1433940)[0m [1;34m[dynamic-enduro-v5-test-10484] Steps 242240 @ 718.6 SPS (839.7). (T_q: 5.19) Eps 64. [0mRet [1;31m0.000000[0m (0.000000/0.000000). Loss -0.00 pg_loss 0.00 entropy_loss -0.27 reg_loss 0.00 total_norm 0.00 mean_abs_v 0.38 last_lr: 2.9927e-04
[36m(ModelLearner pid=1433939)[0m [dynamic-enduro-v5-test-10484] Steps 242288 (1513344[6.5]) @ 1021.0 SPS (687.7). norm_m 1973.19 norm_p 0.34 total_loss_m 0.128044 total_loss_p 1.094946 fea_loss 0.010284 done_loss 0.025208
[36m(ModelLearner pid=1433939)[0m [dynamic-enduro-v5-test-10484] Steps 242832 (1518720[6.5]) @ 1021.7 SPS (688.6). norm_m 24146.36 norm_p 0.38 total_loss_m 0.163303 total_loss_p 1.092913 fea_loss 0.013270 done_loss 0.030604
[36m(ActorLearner pid=1433940)[0m [1;34m[dynamic-enduro-v5-test-10484] Steps 243088 @ 718.5 SPS (839.1). (T_q: 6.37) Eps 64. [0mRet [1;31m0.000000[0m (0.000000/0.000000). Loss -0.00 pg_loss 0.00 entropy_loss -0.29 reg_loss 0.00 total_norm 0.00 mean_abs_v 0.37 last_lr: 2.9927e-04
[36m(ModelLearner pid=1433939)[0m [dynamic-enduro-v5-test-10484] Steps 243360 (1524096[6.5]) @ 1010.8 SPS (689.0). norm_m 2488.16 norm_p 0.53 total_loss_m 0.118442 total_loss_p 1.098640 fea_loss 0.010988 done_loss 0.008558
[36m(ActorLearner pid=1433940)[0m [1;34m[dynamic-enduro-v5-test-10484] Steps 243904 @ 720.4 SPS (838.7). (T_q: 6.20) Eps 64. [0mRet [1;31m0.000000[0m (0.000000/0.000000). Loss -0.00 pg_loss 0.00 entropy_loss -0.27 reg_loss 0.00 total_norm 0.00 mean_abs_v 0.37 last_lr: 2.9927e-04
[36m(ModelLearner pid=1433939)[0m [dynamic-enduro-v5-test-10484] Steps 243856 (1529472[6.5]) @ 1007.1 SPS (689.7). norm_m 4448.60 norm_p 0.81 total_loss_m 0.158921 total_loss_p 1.090459 fea_loss 0.008625 done_loss 0.072673
[36m(ModelLearner pid=1433939)[0m [dynamic-enduro-v5-test-10484] Steps 244432 (1534848[6.5]) @ 1007.0 SPS (690.5). norm_m 2495.45 norm_p 0.49 total_loss_m 0.088068 total_loss_p 1.098618 fea_loss 0.008293 done_loss 0.005138
[36m(ActorLearner pid=1433940)[0m [1;34m[dynamic-enduro-v5-test-10484] Steps 244800 @ 722.5 SPS (838.3). (T_q: 5.98) Eps 64. [0mRet [1;31m0.000000[0m (0.000000/0.000000). Loss -0.00 pg_loss 0.00 entropy_loss -0.29 reg_loss 0.00 total_norm 0.00 mean_abs_v 0.38 last_lr: 2.9927e-04
[36m(ModelLearner pid=1433939)[0m [dynamic-enduro-v5-test-10484] Steps 244960 (1540224[6.6]) @ 1000.1 SPS (691.0). norm_m 1660.23 norm_p 0.40 total_loss_m 0.091183 total_loss_p 1.098618 fea_loss 0.008733 done_loss 0.003857
[36m(ActorLearner pid=1433940)[0m [1;34m[dynamic-enduro-v5-test-10484] Steps 245680 @ 723.9 SPS (837.9). (T_q: 5.88) Eps 64. [0mRet [1;31m0.000000[0m (0.000000/0.000000). Loss -0.00 pg_loss 0.00 entropy_loss -0.32 reg_loss 0.00 total_norm 0.00 mean_abs_v 0.39 last_lr: 2.9926e-04
[36m(ModelLearner pid=1433939)[0m [dynamic-enduro-v5-test-10484] Steps 245504 (1545600[6.6]) @ 1000.5 SPS (691.8). norm_m 24589.47 norm_p 0.36 total_loss_m 0.160748 total_loss_p 1.098626 fea_loss 0.015667 done_loss 0.004079
[36m(ModelLearner pid=1433939)[0m [dynamic-enduro-v5-test-10484] Steps 246016 (1550976[6.6]) @ 1002.4 SPS (692.6). norm_m 5745.24 norm_p 0.44 total_loss_m 0.099565 total_loss_p 1.098625 fea_loss 0.009620 done_loss 0.003367
[36m(ActorLearner pid=1433940)[0m [1;34m[dynamic-enduro-v5-test-10484] Steps 246592 @ 721.4 SPS (837.1). (T_q: 6.94) Eps 64. [0mRet [1;31m0.000000[0m (0.000000/0.000000). Loss -0.00 pg_loss 0.00 entropy_loss -0.31 reg_loss 0.00 total_norm 0.00 mean_abs_v 0.40 last_lr: 2.9926e-04
[36m(ModelLearner pid=1433939)[0m [dynamic-enduro-v5-test-10484] Steps 246528 (1556352[6.6]) @ 1001.8 SPS (693.4). norm_m 5835.74 norm_p 0.28 total_loss_m 0.163029 total_loss_p 1.092075 fea_loss 0.011411 done_loss 0.048916
[36m(ModelLearner pid=1433939)[0m [dynamic-enduro-v5-test-10484] Steps 247056 (1561728[6.6]) @ 995.1 SPS (694.1). norm_m 5185.50 norm_p 0.41 total_loss_m 0.163490 total_loss_p 1.091261 fea_loss 0.010891 done_loss 0.054585
[36m(ActorLearner pid=1433940)[0m [1;34m[dynamic-enduro-v5-test-10484] Steps 247408 @ 721.6 SPS (836.8). (T_q: 5.84) Eps 64. [0mRet [1;31m0.000000[0m (0.000000/0.000000). Loss -0.00 pg_loss 0.00 entropy_loss -0.28 reg_loss 0.00 total_norm 0.00 mean_abs_v 0.40 last_lr: 2.9926e-04
[36m(ModelLearner pid=1433939)[0m [dynamic-enduro-v5-test-10484] Steps 247616 (1567104[6.6]) @ 988.4 SPS (694.4). norm_m 14618.10 norm_p 0.22 total_loss_m 0.239934 total_loss_p 1.075339 fea_loss 0.008214 done_loss 0.157799
[36m(ActorLearner pid=1433940)[0m [1;34m[dynamic-enduro-v5-test-10484] Steps 248160 @ 725.1 SPS (836.6). (T_q: 5.10) Eps 64. [0mRet [1;31m0.000000[0m (0.000000/0.000000). Loss -0.00 pg_loss 0.00 entropy_loss -0.25 reg_loss 0.00 total_norm 0.00 mean_abs_v 0.40 last_lr: 2.9926e-04
[36m(ModelLearner pid=1433939)[0m [dynamic-enduro-v5-test-10484] Steps 248192 (1572480[6.6]) @ 987.0 SPS (695.0). norm_m 3137.88 norm_p 0.60 total_loss_m 0.119667 total_loss_p 1.090053 fea_loss 0.007375 done_loss 0.045914
[36m(ActorLearner pid=1433940)[0m [1;34m[dynamic-enduro-v5-test-10484] Steps 248976 @ 723.5 SPS (836.3). (T_q: 5.86) Eps 64. [0mRet [1;31m0.000000[0m (0.000000/0.000000). Loss -0.00 pg_loss 0.00 entropy_loss -0.28 reg_loss 0.00 total_norm 0.00 mean_abs_v 0.42 last_lr: 2.9925e-04
[36m(ModelLearner pid=1433939)[0m [dynamic-enduro-v5-test-10484] Steps 248736 (1577856[6.6]) @ 977.5 SPS (695.4). norm_m 43505.86 norm_p 0.27 total_loss_m 0.216882 total_loss_p 1.098621 fea_loss 0.020383 done_loss 0.013055
[36m(ModelLearner pid=1433939)[0m [dynamic-enduro-v5-test-10484] Steps 249280 (1583232[6.6]) @ 977.8 SPS (696.1). norm_m 8289.24 norm_p 0.53 total_loss_m 0.167849 total_loss_p 1.098630 fea_loss 0.015153 done_loss 0.016316
[36m(ActorLearner pid=1433940)[0m [1;34m[dynamic-enduro-v5-test-10484] Steps 249808 @ 725.2 SPS (835.9). (T_q: 5.85) Eps 64. [0mRet [1;31m0.000000[0m (0.000000/0.000000). Loss -0.00 pg_loss 0.00 entropy_loss -0.28 reg_loss 0.00 total_norm 0.00 mean_abs_v 0.44 last_lr: 2.9925e-04
[36m(ModelLearner pid=1433939)[0m [dynamic-enduro-v5-test-10484] Steps 249856 (1588608[6.6]) @ 977.6 SPS (696.8). norm_m 5926.08 norm_p 0.38 total_loss_m 0.132908 total_loss_p 1.095775 fea_loss 0.010924 done_loss 0.023666
[36m(ActorLearner pid=1433940)[0m Triggering actor step-based checkpoint at step 250272 (milestone 250000)
[36m(ActorLearner pid=1433940)[0m Saving actor checkpoint to /scratch/jeongmin/dt-10484/p/logs/thinker/dynamic-enduro-v5-test-10484/ckp_actor.tar
[36m(ActorLearner pid=1433940)[0m Saved actor checkpoint at step 250272 to /scratch/jeongmin/dt-10484/p/logs/thinker/dynamic-enduro-v5-test-10484/ckp_actor.tar_step_250272
[36m(ModelLearner pid=1433939)[0m Triggering model step-based checkpoint at step 250144 (milestone 250000)
[36m(ModelLearner pid=1433939)[0m Saving model checkpoint to /scratch/jeongmin/dt-10484/p/logs/thinker/dynamic-enduro-v5-test-10484/ckp_model.tar
[36m(ModelLearner pid=1433939)[0m Saved model checkpoint at step 250144 to /scratch/jeongmin/dt-10484/p/logs/thinker/dynamic-enduro-v5-test-10484/ckp_model.tar_step_250144
[36m(ModelLearner pid=1433939)[0m [dynamic-enduro-v5-test-10484] Steps 250416 (1593984[6.6]) @ 977.4 SPS (697.6). norm_m 4026.17 norm_p 0.52 total_loss_m 0.177164 total_loss_p 1.098640 fea_loss 0.016643 done_loss 0.010733
[36m(ActorLearner pid=1433940)[0m [1;34m[dynamic-enduro-v5-test-10484] Steps 250736 @ 726.6 SPS (835.4). (T_q: 6.13) Eps 64. [0mRet [1;31m0.000000[0m (0.000000/0.000000). Loss -0.00 pg_loss 0.00 entropy_loss -0.31 reg_loss 0.00 total_norm 0.00 mean_abs_v 0.45 last_lr: 2.9925e-04
[36m(ModelLearner pid=1433939)[0m [dynamic-enduro-v5-test-10484] Steps 251024 (1599360[6.6]) @ 977.7 SPS (698.1). norm_m 5691.49 norm_p 0.42 total_loss_m 0.117438 total_loss_p 1.098633 fea_loss 0.011123 done_loss 0.006205
[36m(ActorLearner pid=1433940)[0m [1;34m[dynamic-enduro-v5-test-10484] Steps 251648 @ 728.6 SPS (835.1). (T_q: 6.17) Eps 64. [0mRet [1;31m0.000000[0m (0.000000/0.000000). Loss -0.00 pg_loss 0.00 entropy_loss -0.30 reg_loss 0.00 total_norm 0.00 mean_abs_v 0.44 last_lr: 2.9925e-04
[36m(ModelLearner pid=1433939)[0m [dynamic-enduro-v5-test-10484] Steps 251616 (1604736[6.6]) @ 972.8 SPS (698.8). norm_m 4715.12 norm_p 0.47 total_loss_m 0.204398 total_loss_p 1.090884 fea_loss 0.014806 done_loss 0.056337
[36m(ModelLearner pid=1433939)[0m [dynamic-enduro-v5-test-10484] Steps 252144 (1610112[6.6]) @ 979.5 SPS (699.7). norm_m 3578.52 norm_p 0.39 total_loss_m 0.155408 total_loss_p 1.094165 fea_loss 0.012997 done_loss 0.025436
[36m(ActorLearner pid=1433940)[0m [1;34m[dynamic-enduro-v5-test-10484] Steps 252592 @ 729.2 SPS (834.7). (T_q: 5.88) Eps 64. [0mRet [1;31m0.000000[0m (0.000000/0.000000). Loss -0.00 pg_loss 0.00 entropy_loss -0.31 reg_loss 0.00 total_norm 0.00 mean_abs_v 0.42 last_lr: 2.9924e-04
[36m(ModelLearner pid=1433939)[0m [dynamic-enduro-v5-test-10484] Steps 252720 (1615488[6.7]) @ 978.3 SPS (700.3). norm_m 3649.49 norm_p 0.37 total_loss_m 0.137095 total_loss_p 1.098656 fea_loss 0.013544 done_loss 0.001655
[36m(ActorLearner pid=1433940)[0m [1;34m[dynamic-enduro-v5-test-10484] Steps 253440 @ 730.9 SPS (834.3). (T_q: 6.19) Eps 64. [0mRet [1;31m0.000000[0m (0.000000/0.000000). Loss -0.00 pg_loss 0.00 entropy_loss -0.29 reg_loss 0.00 total_norm 0.00 mean_abs_v 0.40 last_lr: 2.9924e-04
[36m(ModelLearner pid=1433939)[0m [dynamic-enduro-v5-test-10484] Steps 253264 (1620864[6.7]) @ 966.2 SPS (700.7). norm_m 2603.41 norm_p 0.17 total_loss_m 0.151825 total_loss_p 1.094956 fea_loss 0.012930 done_loss 0.022522
[36m(ModelLearner pid=1433939)[0m [dynamic-enduro-v5-test-10484] Steps 253824 (1626240[6.7]) @ 966.2 SPS (701.3). norm_m 1501.90 norm_p 0.22 total_loss_m 0.192363 total_loss_p 1.098617 fea_loss 0.019112 done_loss 0.001245
[36m(ActorLearner pid=1433940)[0m [1;34m[dynamic-enduro-v5-test-10484] Steps 254256 @ 730.9 SPS (834.0). (T_q: 5.87) Eps 64. [0mRet [1;31m0.000000[0m (0.000000/0.000000). Loss -0.00 pg_loss 0.00 entropy_loss -0.27 reg_loss 0.00 total_norm 0.00 mean_abs_v 0.36 last_lr: 2.9924e-04
[36m(ModelLearner pid=1433939)[0m [dynamic-enduro-v5-test-10484] Steps 254336 (1631616[6.7]) @ 965.8 SPS (702.1). norm_m 6213.67 norm_p 0.41 total_loss_m 0.196171 total_loss_p 1.091252 fea_loss 0.014558 done_loss 0.050592
[36m(ActorLearner pid=1433940)[0m [1;34m[dynamic-enduro-v5-test-10484] Steps 255104 @ 730.5 SPS (833.6). (T_q: 5.90) Eps 64. [0mRet [1;31m0.000000[0m (0.000000/0.000000). Loss -0.00 pg_loss 0.00 entropy_loss -0.29 reg_loss 0.00 total_norm 0.00 mean_abs_v 0.36 last_lr: 2.9923e-04
[36m(ModelLearner pid=1433939)[0m [dynamic-enduro-v5-test-10484] Steps 254880 (1636992[6.7]) @ 961.1 SPS (702.5). norm_m 4790.86 norm_p 0.37 total_loss_m 0.191279 total_loss_p 1.090823 fea_loss 0.013294 done_loss 0.058335
[36m(ModelLearner pid=1433939)[0m [dynamic-enduro-v5-test-10484] Steps 255456 (1642368[6.7]) @ 965.1 SPS (703.1). norm_m 3083.63 norm_p 0.42 total_loss_m 0.146167 total_loss_p 1.098579 fea_loss 0.014421 done_loss 0.001958
[36m(ActorLearner pid=1433940)[0m [1;34m[dynamic-enduro-v5-test-10484] Steps 255968 @ 733.1 SPS (833.3). (T_q: 5.93) Eps 64. [0mRet [1;31m0.000000[0m (0.000000/0.000000). Loss -0.00 pg_loss 0.00 entropy_loss -0.29 reg_loss 0.00 total_norm 0.00 mean_abs_v 0.35 last_lr: 2.9923e-04
[36m(ModelLearner pid=1433939)[0m [dynamic-enduro-v5-test-10484] Steps 256032 (1647744[6.7]) @ 964.9 SPS (703.7). norm_m 5815.61 norm_p 0.27 total_loss_m 0.131746 total_loss_p 1.098600 fea_loss 0.012857 done_loss 0.003171
[36m(ActorLearner pid=1433940)[0m [1;34m[dynamic-enduro-v5-test-10484] Steps 256832 @ 732.4 SPS (832.8). (T_q: 6.17) Eps 64. [0mRet [1;31m0.000000[0m (0.000000/0.000000). Loss -0.00 pg_loss 0.00 entropy_loss -0.32 reg_loss 0.00 total_norm 0.00 mean_abs_v 0.36 last_lr: 2.9923e-04
[36m(ModelLearner pid=1433939)[0m [dynamic-enduro-v5-test-10484] Steps 256592 (1653120[6.7]) @ 958.2 SPS (704.1). norm_m 2788.88 norm_p 0.36 total_loss_m 0.090136 total_loss_p 1.098602 fea_loss 0.008609 done_loss 0.004046
[36m(ModelLearner pid=1433939)[0m [dynamic-enduro-v5-test-10484] Steps 257184 (1658496[6.7]) @ 957.1 SPS (704.6). norm_m 3476.35 norm_p 0.26 total_loss_m 0.138475 total_loss_p 1.098589 fea_loss 0.013424 done_loss 0.004236
[36m(ActorLearner pid=1433940)[0m [1;34m[dynamic-enduro-v5-test-10484] Steps 257616 @ 735.2 SPS (832.5). (T_q: 5.79) Eps 64. [0mRet [1;31m0.000000[0m (0.000000/0.000000). Loss -0.00 pg_loss 0.00 entropy_loss -0.27 reg_loss 0.00 total_norm 0.00 mean_abs_v 0.37 last_lr: 2.9923e-04
[36m(ModelLearner pid=1433939)[0m [dynamic-enduro-v5-test-10484] Steps 257728 (1663872[6.7]) @ 961.2 SPS (705.3). norm_m 2727.85 norm_p 0.40 total_loss_m 0.167562 total_loss_p 1.098575 fea_loss 0.016360 done_loss 0.003957
[36m(ActorLearner pid=1433940)[0m [1;34m[dynamic-enduro-v5-test-10484] Steps 258016 @ 731.4 SPS (832.1). (T_q: 3.44) Eps 64. [0mRet [1;31m0.000000[0m (0.000000/0.000000). Loss -0.00 pg_loss 0.00 entropy_loss -0.27 reg_loss 0.00 total_norm 0.00 mean_abs_v 0.37 last_lr: 2.9923e-04
[36m(ModelLearner pid=1433939)[0m [dynamic-enduro-v5-test-10484] Steps 258272 (1669248[6.7]) @ 952.9 SPS (705.6). norm_m 3591.05 norm_p 0.59 total_loss_m 0.236780 total_loss_p 1.087964 fea_loss 0.017789 done_loss 0.058888
[36m(ActorLearner pid=1433940)[0m [1;34m[dynamic-enduro-v5-test-10484] Steps 258832 @ 733.5 SPS (832.1). (T_q: 5.03) Eps 64. [0mRet [1;31m0.000000[0m (0.000000/0.000000). Loss -0.00 pg_loss 0.00 entropy_loss -0.28 reg_loss 0.00 total_norm 0.00 mean_abs_v 0.40 last_lr: 2.9922e-04
[36m(ModelLearner pid=1433939)[0m [dynamic-enduro-v5-test-10484] Steps 258848 (1674624[6.7]) @ 950.1 SPS (706.1). norm_m 2671.86 norm_p 0.49 total_loss_m 0.088489 total_loss_p 1.098597 fea_loss 0.008506 done_loss 0.003428
[36m(ModelLearner pid=1433939)[0m [dynamic-enduro-v5-test-10484] Steps 259424 (1680000[6.7]) @ 950.5 SPS (706.9). norm_m 3015.30 norm_p 0.40 total_loss_m 0.163666 total_loss_p 1.087570 fea_loss 0.010744 done_loss 0.056228
[36m(ActorLearner pid=1433940)[0m [1;34m[dynamic-enduro-v5-test-10484] Steps 259696 @ 731.7 SPS (831.5). (T_q: 6.66) Eps 64. [0mRet [1;31m0.000000[0m (0.000000/0.000000). Loss -0.00 pg_loss 0.00 entropy_loss -0.31 reg_loss 0.00 total_norm 0.00 mean_abs_v 0.42 last_lr: 2.9922e-04
[36m(ModelLearner pid=1433939)[0m [dynamic-enduro-v5-test-10484] Steps 259968 (1685376[6.7]) @ 942.8 SPS (707.1). norm_m 2635.30 norm_p 0.28 total_loss_m 0.121765 total_loss_p 1.098599 fea_loss 0.011830 done_loss 0.003470
[36m(ActorLearner pid=1433940)[0m [1;34m[dynamic-enduro-v5-test-10484] Steps 260544 @ 733.4 SPS (831.4). (T_q: 5.25) Eps 64. [0mRet [1;31m0.000000[0m (0.000000/0.000000). Loss -0.00 pg_loss 0.00 entropy_loss -0.30 reg_loss 0.00 total_norm 0.00 mean_abs_v 0.44 last_lr: 2.9922e-04
[36m(ModelLearner pid=1433939)[0m [dynamic-enduro-v5-test-10484] Steps 260576 (1690752[6.7]) @ 942.3 SPS (707.8). norm_m 6165.05 norm_p 0.51 total_loss_m 0.226718 total_loss_p 1.076930 fea_loss 0.010467 done_loss 0.122044
[36m(ActorLearner pid=1433940)[0m [1;34m[dynamic-enduro-v5-test-10484] Steps 261440 @ 732.9 SPS (831.0). (T_q: 5.96) Eps 64. [0mRet [1;31m0.000000[0m (0.000000/0.000000). Loss -0.00 pg_loss 0.00 entropy_loss -0.29 reg_loss 0.00 total_norm 0.00 mean_abs_v 0.45 last_lr: 2.9922e-04
[36m(ModelLearner pid=1433939)[0m [dynamic-enduro-v5-test-10484] Steps 261152 (1696128[6.8]) @ 938.1 SPS (708.1). norm_m 2116.41 norm_p 0.40 total_loss_m 0.127569 total_loss_p 1.097784 fea_loss 0.012067 done_loss 0.006898
[36m(ModelLearner pid=1433939)[0m [dynamic-enduro-v5-test-10484] Steps 261744 (1701504[6.8]) @ 940.1 SPS (708.7). norm_m 3412.62 norm_p 0.31 total_loss_m 0.146840 total_loss_p 1.098576 fea_loss 0.014302 done_loss 0.003818
[36m(ActorLearner pid=1433940)[0m [1;34m[dynamic-enduro-v5-test-10484] Steps 262240 @ 735.8 SPS (830.8). (T_q: 5.95) Eps 64. [0mRet [1;31m0.000000[0m (0.000000/0.000000). Loss -0.00 pg_loss 0.00 entropy_loss -0.26 reg_loss 0.00 total_norm 0.00 mean_abs_v 0.44 last_lr: 2.9921e-04
[36m(ModelLearner pid=1433939)[0m [dynamic-enduro-v5-test-10484] Steps 262320 (1706880[6.8]) @ 936.7 SPS (709.3). norm_m 5060.64 norm_p 0.61 total_loss_m 0.109929 total_loss_p 1.098593 fea_loss 0.010602 done_loss 0.003909
[36m(ActorLearner pid=1433940)[0m [1;34m[dynamic-enduro-v5-test-10484] Steps 262672 @ 734.2 SPS (830.4). (T_q: 3.39) Eps 64. [0mRet [1;31m0.000000[0m (0.000000/0.000000). Loss -0.00 pg_loss 0.00 entropy_loss -0.29 reg_loss 0.00 total_norm 0.00 mean_abs_v 0.44 last_lr: 2.9921e-04
[36m(ModelLearner pid=1433939)[0m [dynamic-enduro-v5-test-10484] Steps 262928 (1712256[6.8]) @ 936.5 SPS (709.6). norm_m 2680.02 norm_p 0.26 total_loss_m 0.118145 total_loss_p 1.098586 fea_loss 0.011526 done_loss 0.002880
[36m(ActorLearner pid=1433940)[0m [1;34m[dynamic-enduro-v5-test-10484] Steps 263536 @ 734.4 SPS (830.1). (T_q: 5.93) Eps 64. [0mRet [1;31m0.000000[0m (0.000000/0.000000). Loss -0.00 pg_loss 0.00 entropy_loss -0.30 reg_loss 0.00 total_norm 0.00 mean_abs_v 0.43 last_lr: 2.9921e-04
[36m(ModelLearner pid=1433939)[0m [dynamic-enduro-v5-test-10484] Steps 263504 (1717632[6.8]) @ 936.2 SPS (710.2). norm_m 2030.78 norm_p 0.35 total_loss_m 0.093791 total_loss_p 1.097768 fea_loss 0.008730 done_loss 0.006495
[36m(ModelLearner pid=1433939)[0m [dynamic-enduro-v5-test-10484] Steps 264064 (1723008[6.8]) @ 936.1 SPS (710.9). norm_m 1249.70 norm_p 0.41 total_loss_m 0.150016 total_loss_p 1.098598 fea_loss 0.014796 done_loss 0.002056
[36m(ActorLearner pid=1433940)[0m [1;34m[dynamic-enduro-v5-test-10484] Steps 264416 @ 734.6 SPS (829.8). (T_q: 5.83) Eps 64. [0mRet [1;31m0.000000[0m (0.000000/0.000000). Loss -0.00 pg_loss 0.00 entropy_loss -0.30 reg_loss 0.00 total_norm 0.00 mean_abs_v 0.41 last_lr: 2.9921e-04
[36m(ModelLearner pid=1433939)[0m [dynamic-enduro-v5-test-10484] Steps 264608 (1728384[6.8]) @ 934.5 SPS (711.1). norm_m 2778.55 norm_p 0.37 total_loss_m 0.063854 total_loss_p 1.098579 fea_loss 0.006219 done_loss 0.001664
[36m(ActorLearner pid=1433940)[0m [1;34m[dynamic-enduro-v5-test-10484] Steps 265248 @ 734.5 SPS (829.5). (T_q: 6.10) Eps 64. [0mRet [1;31m0.000000[0m (0.000000/0.000000). Loss -0.00 pg_loss 0.00 entropy_loss -0.29 reg_loss 0.00 total_norm 0.00 mean_abs_v 0.40 last_lr: 2.9920e-04
[36m(ModelLearner pid=1433939)[0m [dynamic-enduro-v5-test-10484] Steps 265200 (1733760[6.8]) @ 933.4 SPS (711.8). norm_m 3446.24 norm_p 0.23 total_loss_m 0.076645 total_loss_p 1.097776 fea_loss 0.007058 done_loss 0.006067
[36m(SelfPlayWorker pid=1433935)[0m [DEBUG] Episode termination detected:
[36m(SelfPlayWorker pid=1433935)[0m   - done: tensor([False, False, False, False, False,  True, False, False, False, False,
[36m(SelfPlayWorker pid=1433935)[0m         False, False, False, False, False, False], device='cuda:0')
[36m(SelfPlayWorker pid=1433935)[0m   - truncated_done: tensor([False, False, False, False, False, False, False, False, False, False,
[36m(SelfPlayWorker pid=1433935)[0m         False, False, False, False, False, False], device='cuda:0')
[36m(SelfPlayWorker pid=1433935)[0m   - real_done: tensor([False, False, False, False, False,  True, False, False, False, False,
[36m(SelfPlayWorker pid=1433935)[0m         False, False, False, False, False, False], device='cuda:0')
[36m(SelfPlayWorker pid=1433935)[0m   - step_status: tensor([0, 0, 0, 0, 0, 0, 0, 0, 0, 0, 0, 0, 0, 0, 0, 0], device='cuda:0')
[36m(SelfPlayWorker pid=1433935)[0m   - counter: 126489
[36m(SelfPlayWorker pid=1433935)[0m [DEBUG] Episode termination detected:
[36m(SelfPlayWorker pid=1433935)[0m   - done: tensor([False, False, False, False, False, False, False, False, False, False,
[36m(SelfPlayWorker pid=1433935)[0m         False,  True, False, False, False, False], device='cuda:0')
[36m(SelfPlayWorker pid=1433935)[0m   - truncated_done: tensor([False, False, False, False, False, False, False, False, False, False,
[36m(SelfPlayWorker pid=1433935)[0m         False, False, False, False, False, False], device='cuda:0')
[36m(SelfPlayWorker pid=1433935)[0m   - real_done: tensor([False, False, False, False, False, False, False, False, False, False,
[36m(SelfPlayWorker pid=1433935)[0m         False,  True, False, False, False, False], device='cuda:0')
[36m(SelfPlayWorker pid=1433935)[0m   - step_status: tensor([0, 0, 0, 0, 0, 0, 0, 0, 0, 0, 0, 0, 0, 0, 0, 0], device='cuda:0')
[36m(SelfPlayWorker pid=1433935)[0m   - counter: 126503
[36m(SelfPlayWorker pid=1433935)[0m [DEBUG] Episode termination detected:
[36m(SelfPlayWorker pid=1433935)[0m   - done: tensor([ True, False, False, False, False, False, False, False, False, False,
[36m(SelfPlayWorker pid=1433935)[0m         False, False, False,  True, False, False], device='cuda:0')
[36m(SelfPlayWorker pid=1433935)[0m   - truncated_done: tensor([False, False, False, False, False, False, False, False, False, False,
[36m(SelfPlayWorker pid=1433935)[0m         False, False, False, False, False, False], device='cuda:0')
[36m(SelfPlayWorker pid=1433935)[0m   - real_done: tensor([ True, False, False, False, False, False, False, False, False, False,
[36m(SelfPlayWorker pid=1433935)[0m         False, False, False,  True, False, False], device='cuda:0')
[36m(SelfPlayWorker pid=1433935)[0m   - step_status: tensor([0, 0, 0, 0, 0, 0, 0, 0, 0, 0, 0, 0, 0, 0, 0, 0], device='cuda:0')
[36m(SelfPlayWorker pid=1433935)[0m   - counter: 126513
[36m(SelfPlayWorker pid=1433935)[0m [DEBUG] Episode termination detected:
[36m(SelfPlayWorker pid=1433935)[0m   - done: tensor([False, False, False,  True,  True, False, False, False, False, False,
[36m(SelfPlayWorker pid=1433935)[0m         False, False, False, False,  True, False], device='cuda:0')
[36m(SelfPlayWorker pid=1433935)[0m   - truncated_done: tensor([False, False, False, False, False, False, False, False, False, False,
[36m(SelfPlayWorker pid=1433935)[0m         False, False, False, False, False, False], device='cuda:0')
[36m(SelfPlayWorker pid=1433935)[0m   - real_done: tensor([False, False, False,  True,  True, False, False, False, False, False,
[36m(SelfPlayWorker pid=1433935)[0m         False, False, False, False,  True, False], device='cuda:0')
[36m(SelfPlayWorker pid=1433935)[0m   - step_status: tensor([0, 0, 0, 0, 0, 0, 0, 0, 0, 0, 0, 0, 0, 0, 0, 0], device='cuda:0')
[36m(SelfPlayWorker pid=1433935)[0m   - counter: 126541
[36m(SelfPlayWorker pid=1433935)[0m [DEBUG] Episode termination detected:
[36m(SelfPlayWorker pid=1433935)[0m   - done: tensor([False, False, False, False, False, False, False,  True, False, False,
[36m(SelfPlayWorker pid=1433935)[0m         False, False, False, False, False, False], device='cuda:0')
[36m(SelfPlayWorker pid=1433935)[0m   - truncated_done: tensor([False, False, False, False, False, False, False, False, False, False,
[36m(SelfPlayWorker pid=1433935)[0m         False, False, False, False, False, False], device='cuda:0')
[36m(SelfPlayWorker pid=1433935)[0m   - real_done: tensor([False, False, False, False, False, False, False,  True, False, False,
[36m(SelfPlayWorker pid=1433935)[0m         False, False, False, False, False, False], device='cuda:0')
[36m(SelfPlayWorker pid=1433935)[0m   - step_status: tensor([0, 0, 0, 0, 0, 0, 0, 0, 0, 0, 0, 0, 0, 0, 0, 0], device='cuda:0')
[36m(SelfPlayWorker pid=1433935)[0m   - counter: 126553
[36m(SelfPlayWorker pid=1433935)[0m [DEBUG] Episode termination detected:
[36m(SelfPlayWorker pid=1433935)[0m   - done: tensor([False, False,  True, False, False, False, False, False, False, False,
[36m(SelfPlayWorker pid=1433935)[0m         False, False, False, False, False, False], device='cuda:0')
[36m(SelfPlayWorker pid=1433935)[0m   - truncated_done: tensor([False, False, False, False, False, False, False, False, False, False,
[36m(SelfPlayWorker pid=1433935)[0m         False, False, False, False, False, False], device='cuda:0')
[36m(SelfPlayWorker pid=1433935)[0m   - real_done: tensor([False, False,  True, False, False, False, False, False, False, False,
[36m(SelfPlayWorker pid=1433935)[0m         False, False, False, False, False, False], device='cuda:0')
[36m(SelfPlayWorker pid=1433935)[0m   - step_status: tensor([0, 0, 0, 0, 0, 0, 0, 0, 0, 0, 0, 0, 0, 0, 0, 0], device='cuda:0')
[36m(SelfPlayWorker pid=1433935)[0m   - counter: 126587
[36m(SelfPlayWorker pid=1433935)[0m [DEBUG] Episode termination detected:
[36m(SelfPlayWorker pid=1433935)[0m   - done: tensor([False, False, False, False, False, False, False, False, False, False,
[36m(SelfPlayWorker pid=1433935)[0m          True, False, False, False, False, False], device='cuda:0')
[36m(SelfPlayWorker pid=1433935)[0m   - truncated_done: tensor([False, False, False, False, False, False, False, False, False, False,
[36m(SelfPlayWorker pid=1433935)[0m         False, False, False, False, False, False], device='cuda:0')
[36m(SelfPlayWorker pid=1433935)[0m   - real_done: tensor([False, False, False, False, False, False, False, False, False, False,
[36m(SelfPlayWorker pid=1433935)[0m          True, False, False, False, False, False], device='cuda:0')
[36m(SelfPlayWorker pid=1433935)[0m   - step_status: tensor([0, 0, 0, 0, 0, 0, 0, 0, 0, 0, 0, 0, 0, 0, 0, 0], device='cuda:0')
[36m(SelfPlayWorker pid=1433935)[0m   - counter: 126594
[36m(SelfPlayWorker pid=1433935)[0m [DEBUG] Episode termination detected:
[36m(SelfPlayWorker pid=1433935)[0m   - done: tensor([False, False, False, False, False, False,  True, False, False,  True,
[36m(SelfPlayWorker pid=1433935)[0m         False, False, False, False, False,  True], device='cuda:0')
[36m(SelfPlayWorker pid=1433935)[0m   - truncated_done: tensor([False, False, False, False, False, False, False, False, False, False,
[36m(SelfPlayWorker pid=1433935)[0m         False, False, False, False, False, False], device='cuda:0')
[36m(SelfPlayWorker pid=1433935)[0m   - real_done: tensor([False, False, False, False, False, False,  True, False, False,  True,
[36m(SelfPlayWorker pid=1433935)[0m         False, False, False, False, False,  True], device='cuda:0')
[36m(SelfPlayWorker pid=1433935)[0m   - step_status: tensor([0, 0, 0, 0, 0, 0, 0, 0, 0, 0, 0, 0, 0, 0, 0, 0], device='cuda:0')
[36m(SelfPlayWorker pid=1433935)[0m   - counter: 126601
[36m(SelfPlayWorker pid=1433935)[0m [DEBUG] Episode termination detected:
[36m(SelfPlayWorker pid=1433935)[0m   - done: tensor([False,  True, False, False, False, False, False, False, False, False,
[36m(SelfPlayWorker pid=1433935)[0m         False, False, False, False, False, False], device='cuda:0')
[36m(SelfPlayWorker pid=1433935)[0m   - truncated_done: tensor([False, False, False, False, False, False, False, False, False, False,
[36m(SelfPlayWorker pid=1433935)[0m         False, False, False, False, False, False], device='cuda:0')
[36m(SelfPlayWorker pid=1433935)[0m   - real_done: tensor([False,  True, False, False, False, False, False, False, False, False,
[36m(SelfPlayWorker pid=1433935)[0m         False, False, False, False, False, False], device='cuda:0')
[36m(SelfPlayWorker pid=1433935)[0m   - step_status: tensor([0, 0, 0, 0, 0, 0, 0, 0, 0, 0, 0, 0, 0, 0, 0, 0], device='cuda:0')
[36m(SelfPlayWorker pid=1433935)[0m   - counter: 126626
[36m(ModelLearner pid=1433939)[0m [dynamic-enduro-v5-test-10484] Steps 265744 (1739136[6.8]) @ 930.3 SPS (712.3). norm_m 3149.42 norm_p 0.27 total_loss_m 0.052628 total_loss_p 1.098583 fea_loss 0.005106 done_loss 0.001572
[36m(ModelLearner pid=1433939)[0m Saving model checkpoint to /scratch/jeongmin/dt-10484/p/logs/thinker/dynamic-enduro-v5-test-10484/ckp_model.tar
[36m(SelfPlayWorker pid=1433935)[0m [DEBUG] Episode termination detected:
[36m(SelfPlayWorker pid=1433935)[0m   - done: tensor([False, False, False, False, False, False, False, False,  True, False,
[36m(SelfPlayWorker pid=1433935)[0m         False, False,  True, False, False, False], device='cuda:0')
[36m(SelfPlayWorker pid=1433935)[0m   - truncated_done: tensor([False, False, False, False, False, False, False, False, False, False,
[36m(SelfPlayWorker pid=1433935)[0m         False, False, False, False, False, False], device='cuda:0')
[36m(SelfPlayWorker pid=1433935)[0m   - real_done: tensor([False, False, False, False, False, False, False, False,  True, False,
[36m(SelfPlayWorker pid=1433935)[0m         False, False,  True, False, False, False], device='cuda:0')
[36m(SelfPlayWorker pid=1433935)[0m   - step_status: tensor([0, 0, 0, 0, 0, 0, 0, 0, 0, 0, 0, 0, 0, 0, 0, 0], device='cuda:0')
[36m(SelfPlayWorker pid=1433935)[0m   - counter: 126645
[36m(ActorLearner pid=1433940)[0m [DEBUG] Episode counter increased:
[36m(ActorLearner pid=1433940)[0m   - real_done_count: 14
[36m(ActorLearner pid=1433940)[0m   - tot_eps: 78
[36m(ActorLearner pid=1433940)[0m   - train_actor_out.real_done: tensor([[False, False, False,  ..., False, False, False],
[36m(ActorLearner pid=1433940)[0m         [False, False, False,  ..., False, False, False],
[36m(ActorLearner pid=1433940)[0m         [False, False, False,  ..., False, False, False],
[36m(ActorLearner pid=1433940)[0m         ...,
[36m(ActorLearner pid=1433940)[0m         [False, False, False,  ..., False, False, False],
[36m(ActorLearner pid=1433940)[0m         [False, False, False,  ..., False, False, False],
[36m(ActorLearner pid=1433940)[0m         [False, False, False,  ..., False, False, False]], device='cuda:0')
[36m(ActorLearner pid=1433940)[0m   - train_actor_out.done: tensor([[False, False, False,  ..., False, False, False],
[36m(ActorLearner pid=1433940)[0m         [False, False, False,  ..., False, False, False],
[36m(ActorLearner pid=1433940)[0m         [False, False, False,  ..., False, False, False],
[36m(ActorLearner pid=1433940)[0m         ...,
[36m(ActorLearner pid=1433940)[0m         [False, False, False,  ..., False, False, False],
[36m(ActorLearner pid=1433940)[0m         [False, False, False,  ..., False, False, False],
[36m(ActorLearner pid=1433940)[0m         [False, False, False,  ..., False, False, False]], device='cuda:0')
[36m(ActorLearner pid=1433940)[0m   - train_actor_out.truncated_done: tensor([[False, False, False,  ..., False, False, False],
[36m(ActorLearner pid=1433940)[0m         [False, False, False,  ..., False, False, False],
[36m(ActorLearner pid=1433940)[0m         [False, False, False,  ..., False, False, False],
[36m(ActorLearner pid=1433940)[0m         ...,
[36m(ActorLearner pid=1433940)[0m         [False, False, False,  ..., False, False, False],
[36m(ActorLearner pid=1433940)[0m         [False, False, False,  ..., False, False, False],
[36m(ActorLearner pid=1433940)[0m         [False, False, False,  ..., False, False, False]], device='cuda:0')
[36m(ActorLearner pid=1433940)[0m [1;34m[dynamic-enduro-v5-test-10484] Steps 266080 @ 733.9 SPS (829.1). (T_q: 5.95) Eps 78. [0mRet [1;31m0.000000[0m (0.000000/0.000000). Loss -0.00 pg_loss 0.00 entropy_loss -0.26 reg_loss 0.00 total_norm 0.00 mean_abs_v 0.39 last_lr: 2.9920e-04
[36m(ActorLearner pid=1433940)[0m Saving actor checkpoint to /scratch/jeongmin/dt-10484/p/logs/thinker/dynamic-enduro-v5-test-10484/ckp_actor.tar
[36m(ActorLearner pid=1433940)[0m [DEBUG] Episode counter increased:
[36m(ActorLearner pid=1433940)[0m   - real_done_count: 2
[36m(ActorLearner pid=1433940)[0m   - tot_eps: 80
[36m(ActorLearner pid=1433940)[0m   - train_actor_out.real_done: tensor([[False, False, False,  ..., False, False, False],
[36m(ActorLearner pid=1433940)[0m         [False, False, False,  ..., False, False, False],
[36m(ActorLearner pid=1433940)[0m         [False, False, False,  ..., False, False, False],
[36m(ActorLearner pid=1433940)[0m         ...,
[36m(ActorLearner pid=1433940)[0m         [False, False, False,  ..., False, False, False],
[36m(ActorLearner pid=1433940)[0m         [False, False, False,  ..., False, False, False],
[36m(ActorLearner pid=1433940)[0m         [False, False, False,  ..., False, False, False]], device='cuda:0')
[36m(ActorLearner pid=1433940)[0m   - train_actor_out.done: tensor([[False, False, False,  ..., False, False, False],
[36m(ActorLearner pid=1433940)[0m         [False, False, False,  ..., False, False, False],
[36m(ActorLearner pid=1433940)[0m         [False, False, False,  ..., False, False, False],
[36m(ActorLearner pid=1433940)[0m         ...,
[36m(ActorLearner pid=1433940)[0m         [False, False, False,  ..., False, False, False],
[36m(ActorLearner pid=1433940)[0m         [False, False, False,  ..., False, False, False],
[36m(ActorLearner pid=1433940)[0m         [False, False, False,  ..., False, False, False]], device='cuda:0')
[36m(ActorLearner pid=1433940)[0m   - train_actor_out.truncated_done: tensor([[False, False, False,  ..., False, False, False],
[36m(ActorLearner pid=1433940)[0m         [False, False, False,  ..., False, False, False],
[36m(ActorLearner pid=1433940)[0m         [False, False, False,  ..., False, False, False],
[36m(ActorLearner pid=1433940)[0m         ...,
[36m(ActorLearner pid=1433940)[0m         [False, False, False,  ..., False, False, False],
[36m(ActorLearner pid=1433940)[0m         [False, False, False,  ..., False, False, False],
[36m(ActorLearner pid=1433940)[0m         [False, False, False,  ..., False, False, False]], device='cuda:0')
[36m(ModelLearner pid=1433939)[0m [dynamic-enduro-v5-test-10484] Steps 266352 (1744512[6.8]) @ 922.0 SPS (712.4). norm_m 2426.37 norm_p 0.32 total_loss_m 0.070203 total_loss_p 1.098584 fea_loss 0.006894 done_loss 0.001261
[36m(ActorLearner pid=1433940)[0m [1;34m[dynamic-enduro-v5-test-10484] Steps 266848 @ 736.8 SPS (829.1). (T_q: 5.22) Eps 80. [0mRet [1;31m0.000000[0m (0.000000/0.000000). Loss -0.00 pg_loss 0.00 entropy_loss -0.27 reg_loss 0.00 total_norm 0.00 mean_abs_v 0.39 last_lr: 2.9920e-04
[36m(ModelLearner pid=1433939)[0m [dynamic-enduro-v5-test-10484] Steps 266976 (1749888[6.8]) @ 922.2 SPS (713.1). norm_m 2783.60 norm_p 0.24 total_loss_m 0.052612 total_loss_p 1.098593 fea_loss 0.005185 done_loss 0.000764
[36m(ActorLearner pid=1433940)[0m [1;34m[dynamic-enduro-v5-test-10484] Steps 267744 @ 734.8 SPS (828.5). (T_q: 6.08) Eps 80. [0mRet [1;31m0.000000[0m (0.000000/0.000000). Loss -0.00 pg_loss 0.00 entropy_loss -0.29 reg_loss 0.00 total_norm 0.00 mean_abs_v 0.39 last_lr: 2.9920e-04
[36m(ModelLearner pid=1433939)[0m [dynamic-enduro-v5-test-10484] Steps 267552 (1755264[6.8]) @ 923.1 SPS (713.3). norm_m 12396.29 norm_p 0.49 total_loss_m 0.104078 total_loss_p 1.090815 fea_loss 0.005672 done_loss 0.047359
[36m(ModelLearner pid=1433939)[0m [dynamic-enduro-v5-test-10484] Steps 268144 (1760640[6.8]) @ 924.0 SPS (713.9). norm_m 1910.55 norm_p 0.26 total_loss_m 0.096429 total_loss_p 1.096947 fea_loss 0.008564 done_loss 0.010794
[36m(ActorLearner pid=1433940)[0m [1;34m[dynamic-enduro-v5-test-10484] Steps 268656 @ 736.8 SPS (828.2). (T_q: 5.43) Eps 80. [0mRet [1;31m0.000000[0m (0.000000/0.000000). Loss -0.00 pg_loss 0.00 entropy_loss -0.32 reg_loss 0.00 total_norm 0.00 mean_abs_v 0.39 last_lr: 2.9919e-04
[36m(ModelLearner pid=1433939)[0m [dynamic-enduro-v5-test-10484] Steps 268736 (1766016[6.8]) @ 928.2 SPS (714.5). norm_m 4813.18 norm_p 0.27 total_loss_m 0.133498 total_loss_p 1.098588 fea_loss 0.013281 done_loss 0.000691
[36m(ActorLearner pid=1433940)[0m [1;34m[dynamic-enduro-v5-test-10484] Steps 269520 @ 738.2 SPS (828.1). (T_q: 5.49) Eps 80. [0mRet [1;31m0.000000[0m (0.000000/0.000000). Loss -0.00 pg_loss 0.00 entropy_loss -0.31 reg_loss 0.00 total_norm 0.00 mean_abs_v 0.39 last_lr: 2.9919e-04
[36m(ModelLearner pid=1433939)[0m [dynamic-enduro-v5-test-10484] Steps 269328 (1771392[6.8]) @ 923.0 SPS (714.8). norm_m 2350.74 norm_p 0.28 total_loss_m 0.063896 total_loss_p 1.095319 fea_loss 0.004326 done_loss 0.020634
[36m(ActorLearner pid=1433940)[0m [1;34m[dynamic-enduro-v5-test-10484] Steps 270352 @ 739.4 SPS (827.9). (T_q: 5.56) Eps 80. [0mRet [1;31m0.000000[0m (0.000000/0.000000). Loss -0.00 pg_loss 0.00 entropy_loss -0.28 reg_loss 0.00 total_norm 0.00 mean_abs_v 0.39 last_lr: 2.9919e-04
[36m(ModelLearner pid=1433939)[0m [dynamic-enduro-v5-test-10484] Steps 270208 (1779456[6.8]) @ 923.1 SPS (715.6). norm_m 4439.70 norm_p 0.45 total_loss_m 0.067556 total_loss_p 1.097775 fea_loss 0.006219 done_loss 0.005363
[36m(ModelLearner pid=1433939)[0m [dynamic-enduro-v5-test-10484] Steps 270784 (1784832[6.8]) @ 920.8 SPS (716.2). norm_m 2451.45 norm_p 0.27 total_loss_m 0.124533 total_loss_p 1.098573 fea_loss 0.012303 done_loss 0.001499
[36m(ActorLearner pid=1433940)[0m [1;34m[dynamic-enduro-v5-test-10484] Steps 271152 @ 738.0 SPS (827.6). (T_q: 5.56) Eps 80. [0mRet [1;31m0.000000[0m (0.000000/0.000000). Loss -0.00 pg_loss 0.00 entropy_loss -0.27 reg_loss 0.00 total_norm 0.00 mean_abs_v 0.39 last_lr: 2.9919e-04
[36m(ModelLearner pid=1433939)[0m [dynamic-enduro-v5-test-10484] Steps 271392 (1790208[6.8]) @ 916.9 SPS (716.3). norm_m 4166.16 norm_p 0.37 total_loss_m 0.106549 total_loss_p 1.092861 fea_loss 0.007648 done_loss 0.030070
[36m(ActorLearner pid=1433940)[0m [1;34m[dynamic-enduro-v5-test-10484] Steps 271936 @ 741.4 SPS (827.6). (T_q: 5.31) Eps 80. [0mRet [1;31m0.000000[0m (0.000000/0.000000). Loss -0.00 pg_loss 0.00 entropy_loss -0.26 reg_loss 0.00 total_norm 0.00 mean_abs_v 0.39 last_lr: 2.9918e-04
[36m(ModelLearner pid=1433939)[0m [dynamic-enduro-v5-test-10484] Steps 271984 (1795584[6.9]) @ 914.1 SPS (716.8). norm_m 3516.19 norm_p 0.50 total_loss_m 0.106340 total_loss_p 1.098593 fea_loss 0.010529 done_loss 0.001046
[36m(ActorLearner pid=1433940)[0m [1;34m[dynamic-enduro-v5-test-10484] Steps 272768 @ 741.2 SPS (827.2). (T_q: 5.72) Eps 80. [0mRet [1;31m0.000000[0m (0.000000/0.000000). Loss -0.00 pg_loss 0.00 entropy_loss -0.30 reg_loss 0.00 total_norm 0.00 mean_abs_v 0.41 last_lr: 2.9918e-04
[36m(ModelLearner pid=1433939)[0m [dynamic-enduro-v5-test-10484] Steps 272560 (1800960[6.9]) @ 908.2 SPS (717.1). norm_m 2401.59 norm_p 0.26 total_loss_m 0.058310 total_loss_p 1.095742 fea_loss 0.004383 done_loss 0.014484
[36m(ModelLearner pid=1433939)[0m [dynamic-enduro-v5-test-10484] Steps 273136 (1806336[6.9]) @ 907.3 SPS (717.6). norm_m 2199.47 norm_p 0.24 total_loss_m 0.064299 total_loss_p 1.095370 fea_loss 0.004761 done_loss 0.016692
[36m(ActorLearner pid=1433940)[0m [1;34m[dynamic-enduro-v5-test-10484] Steps 273632 @ 741.7 SPS (827.0). (T_q: 5.67) Eps 80. [0mRet [1;31m0.000000[0m (0.000000/0.000000). Loss -0.00 pg_loss 0.00 entropy_loss -0.29 reg_loss 0.00 total_norm 0.00 mean_abs_v 0.42 last_lr: 2.9918e-04
[36m(ModelLearner pid=1433939)[0m [dynamic-enduro-v5-test-10484] Steps 273760 (1811712[6.9]) @ 911.6 SPS (718.2). norm_m 1391.09 norm_p 0.29 total_loss_m 0.098811 total_loss_p 1.092093 fea_loss 0.006740 done_loss 0.031410
[36m(ActorLearner pid=1433940)[0m [1;34m[dynamic-enduro-v5-test-10484] Steps 274496 @ 743.7 SPS (826.9). (T_q: 5.38) Eps 80. [0mRet [1;31m0.000000[0m (0.000000/0.000000). Loss -0.00 pg_loss 0.00 entropy_loss -0.29 reg_loss 0.00 total_norm 0.00 mean_abs_v 0.43 last_lr: 2.9918e-04
[36m(ModelLearner pid=1433939)[0m [dynamic-enduro-v5-test-10484] Steps 274400 (1817088[6.9]) @ 909.0 SPS (718.6). norm_m 3143.66 norm_p 0.33 total_loss_m 0.057497 total_loss_p 1.096580 fea_loss 0.004594 done_loss 0.011557
[36m(ModelLearner pid=1433939)[0m [dynamic-enduro-v5-test-10484] Steps 275024 (1822464[6.9]) @ 906.7 SPS (719.1). norm_m 1676.43 norm_p 0.22 total_loss_m 0.107874 total_loss_p 1.094938 fea_loss 0.008917 done_loss 0.018706
[36m(ActorLearner pid=1433940)[0m [1;34m[dynamic-enduro-v5-test-10484] Steps 275376 @ 746.2 SPS (826.6). (T_q: 5.96) Eps 80. [0mRet [1;31m0.000000[0m (0.000000/0.000000). Loss -0.00 pg_loss 0.00 entropy_loss -0.30 reg_loss 0.00 total_norm 0.00 mean_abs_v 0.42 last_lr: 2.9917e-04
[36m(ModelLearner pid=1433939)[0m [dynamic-enduro-v5-test-10484] Steps 275648 (1827840[6.9]) @ 905.2 SPS (719.3). norm_m 4686.16 norm_p 0.19 total_loss_m 0.090320 total_loss_p 1.086743 fea_loss 0.003689 done_loss 0.053427
[36m(ActorLearner pid=1433940)[0m [1;34m[dynamic-enduro-v5-test-10484] Steps 276224 @ 748.2 SPS (826.6). (T_q: 5.26) Eps 80. [0mRet [1;31m0.000000[0m (0.000000/0.000000). Loss -0.00 pg_loss 0.00 entropy_loss -0.31 reg_loss 0.00 total_norm 0.00 mean_abs_v 0.41 last_lr: 2.9917e-04
[36m(ModelLearner pid=1433939)[0m [dynamic-enduro-v5-test-10484] Steps 276240 (1833216[6.9]) @ 906.0 SPS (719.9). norm_m 214812.19 norm_p 0.19 total_loss_m 0.229198 total_loss_p 1.095315 fea_loss 0.021215 done_loss 0.017050
[36m(ActorLearner pid=1433940)[0m [1;34m[dynamic-enduro-v5-test-10484] Steps 277136 @ 746.4 SPS (826.3). (T_q: 5.78) Eps 80. [0mRet [1;31m0.000000[0m (0.000000/0.000000). Loss -0.00 pg_loss 0.00 entropy_loss -0.32 reg_loss 0.00 total_norm 0.00 mean_abs_v 0.40 last_lr: 2.9917e-04
[36m(ModelLearner pid=1433939)[0m [dynamic-enduro-v5-test-10484] Steps 276880 (1838592[6.9]) @ 900.8 SPS (720.1). norm_m 45158.64 norm_p 0.55 total_loss_m 0.450450 total_loss_p 1.096146 fea_loss 0.041102 done_loss 0.039430
[36m(ModelLearner pid=1433939)[0m [dynamic-enduro-v5-test-10484] Steps 277488 (1843968[6.9]) @ 905.8 SPS (720.7). norm_m 83892.66 norm_p 0.27 total_loss_m 0.589984 total_loss_p 1.096555 fea_loss 0.043870 done_loss 0.151285
[36m(ActorLearner pid=1433940)[0m [1;34m[dynamic-enduro-v5-test-10484] Steps 278048 @ 746.3 SPS (826.0). (T_q: 5.86) Eps 80. [0mRet [1;31m0.000000[0m (0.000000/0.000000). Loss -0.00 pg_loss 0.00 entropy_loss -0.30 reg_loss 0.00 total_norm 0.00 mean_abs_v 0.38 last_lr: 2.9917e-04
[36m(ModelLearner pid=1433939)[0m [dynamic-enduro-v5-test-10484] Steps 278064 (1849344[6.9]) @ 906.2 SPS (721.2). norm_m 8377.54 norm_p 0.44 total_loss_m 0.445248 total_loss_p 1.098597 fea_loss 0.043774 done_loss 0.007512
[36m(ActorLearner pid=1433940)[0m [1;34m[dynamic-enduro-v5-test-10484] Steps 278864 @ 746.9 SPS (825.8). (T_q: 5.76) Eps 80. [0mRet [1;31m0.000000[0m (0.000000/0.000000). Loss -0.00 pg_loss 0.00 entropy_loss -0.29 reg_loss 0.00 total_norm 0.00 mean_abs_v 0.41 last_lr: 2.9916e-04
[36m(ModelLearner pid=1433939)[0m [dynamic-enduro-v5-test-10484] Steps 278704 (1854720[6.9]) @ 899.9 SPS (721.4). norm_m 14350.72 norm_p 0.38 total_loss_m 0.353989 total_loss_p 1.098572 fea_loss 0.034390 done_loss 0.010091
[36m(ModelLearner pid=1433939)[0m [dynamic-enduro-v5-test-10484] Steps 279264 (1860096[6.9]) @ 906.7 SPS (722.0). norm_m 39298.68 norm_p 0.33 total_loss_m 0.390841 total_loss_p 1.085897 fea_loss 0.031505 done_loss 0.075791
[36m(ActorLearner pid=1433940)[0m [1;34m[dynamic-enduro-v5-test-10484] Steps 279680 @ 747.8 SPS (825.5). (T_q: 5.86) Eps 80. [0mRet [1;31m0.000000[0m (0.000000/0.000000). Loss -0.00 pg_loss 0.00 entropy_loss -0.28 reg_loss 0.00 total_norm 0.00 mean_abs_v 0.40 last_lr: 2.9916e-04
[36m(ModelLearner pid=1433939)[0m [dynamic-enduro-v5-test-10484] Steps 279824 (1865472[6.9]) @ 901.4 SPS (722.2). norm_m 13374.32 norm_p 0.40 total_loss_m 0.361716 total_loss_p 1.098571 fea_loss 0.032442 done_loss 0.037299
[36m(ActorLearner pid=1433940)[0m [1;34m[dynamic-enduro-v5-test-10484] Steps 280480 @ 747.9 SPS (825.2). (T_q: 5.93) Eps 80. [0mRet [1;31m0.000000[0m (0.000000/0.000000). Loss -0.00 pg_loss 0.00 entropy_loss -0.27 reg_loss 0.00 total_norm 0.00 mean_abs_v 0.40 last_lr: 2.9916e-04
[36m(ModelLearner pid=1433939)[0m [dynamic-enduro-v5-test-10484] Steps 280416 (1870848[6.9]) @ 900.1 SPS (722.7). norm_m 24455.86 norm_p 0.23 total_loss_m 0.378642 total_loss_p 1.091238 fea_loss 0.033701 done_loss 0.041634
[36m(ModelLearner pid=1433939)[0m [dynamic-enduro-v5-test-10484] Steps 280960 (1876224[6.9]) @ 905.3 SPS (723.2). norm_m 6635.48 norm_p 0.29 total_loss_m 0.320716 total_loss_p 1.096566 fea_loss 0.030759 done_loss 0.013131
[36m(ActorLearner pid=1433940)[0m [1;34m[dynamic-enduro-v5-test-10484] Steps 281312 @ 747.8 SPS (824.9). (T_q: 6.16) Eps 80. [0mRet [1;31m0.000000[0m (0.000000/0.000000). Loss -0.00 pg_loss 0.00 entropy_loss -0.29 reg_loss 0.00 total_norm 0.00 mean_abs_v 0.41 last_lr: 2.9916e-04
[36m(ModelLearner pid=1433939)[0m [dynamic-enduro-v5-test-10484] Steps 281552 (1881600[6.9]) @ 898.1 SPS (723.4). norm_m 15944.17 norm_p 0.32 total_loss_m 0.396213 total_loss_p 1.088389 fea_loss 0.031586 done_loss 0.080348
[36m(ActorLearner pid=1433940)[0m [1;34m[dynamic-enduro-v5-test-10484] Steps 282080 @ 750.1 SPS (824.9). (T_q: 5.33) Eps 80. [0mRet [1;31m0.000000[0m (0.000000/0.000000). Loss -0.00 pg_loss 0.00 entropy_loss -0.26 reg_loss 0.00 total_norm 0.00 mean_abs_v 0.41 last_lr: 2.9915e-04
[36m(ModelLearner pid=1433939)[0m [dynamic-enduro-v5-test-10484] Steps 282160 (1886976[6.9]) @ 902.5 SPS (723.9). norm_m 6546.84 norm_p 0.45 total_loss_m 0.240165 total_loss_p 1.094125 fea_loss 0.020768 done_loss 0.032486
[36m(ActorLearner pid=1433940)[0m [1;34m[dynamic-enduro-v5-test-10484] Steps 282912 @ 750.2 SPS (824.6). (T_q: 5.83) Eps 80. [0mRet [1;31m0.000000[0m (0.000000/0.000000). Loss -0.00 pg_loss 0.00 entropy_loss -0.27 reg_loss 0.00 total_norm 0.00 mean_abs_v 0.42 last_lr: 2.9915e-04
[36m(ModelLearner pid=1433939)[0m [dynamic-enduro-v5-test-10484] Steps 282752 (1892352[6.9]) @ 897.2 SPS (724.1). norm_m 2465.48 norm_p 0.40 total_loss_m 0.288829 total_loss_p 1.098622 fea_loss 0.028630 done_loss 0.002530
[36m(ModelLearner pid=1433939)[0m [dynamic-enduro-v5-test-10484] Steps 283312 (1897728[6.9]) @ 897.8 SPS (724.6). norm_m 26491.28 norm_p 0.33 total_loss_m 0.405931 total_loss_p 1.092471 fea_loss 0.037038 done_loss 0.035547
[36m(ActorLearner pid=1433940)[0m [1;34m[dynamic-enduro-v5-test-10484] Steps 283744 @ 750.6 SPS (824.4). (T_q: 5.87) Eps 80. [0mRet [1;31m0.000000[0m (0.000000/0.000000). Loss -0.00 pg_loss 0.00 entropy_loss -0.31 reg_loss 0.00 total_norm 0.00 mean_abs_v 0.43 last_lr: 2.9915e-04
[36m(ModelLearner pid=1433939)[0m [dynamic-enduro-v5-test-10484] Steps 283888 (1903104[6.9]) @ 903.1 SPS (725.2). norm_m 4231.37 norm_p 0.25 total_loss_m 0.291970 total_loss_p 1.091624 fea_loss 0.025428 done_loss 0.037692
[36m(ActorLearner pid=1433940)[0m [1;34m[dynamic-enduro-v5-test-10484] Steps 284672 @ 749.8 SPS (824.0). (T_q: 6.03) Eps 80. [0mRet [1;31m0.000000[0m (0.000000/0.000000). Loss -0.00 pg_loss 0.00 entropy_loss -0.31 reg_loss 0.00 total_norm 0.00 mean_abs_v 0.43 last_lr: 2.9915e-04
[36m(ModelLearner pid=1433939)[0m [dynamic-enduro-v5-test-10484] Steps 284496 (1908480[7.0]) @ 898.1 SPS (725.4). norm_m 7512.50 norm_p 0.43 total_loss_m 0.366840 total_loss_p 1.098613 fea_loss 0.035272 done_loss 0.014119
[36m(ModelLearner pid=1433939)[0m [dynamic-enduro-v5-test-10484] Steps 285104 (1913856[7.0]) @ 899.1 SPS (726.0). norm_m 6204.74 norm_p 0.31 total_loss_m 0.391726 total_loss_p 1.098619 fea_loss 0.038042 done_loss 0.011305
[36m(ActorLearner pid=1433940)[0m [1;34m[dynamic-enduro-v5-test-10484] Steps 285520 @ 752.1 SPS (823.9). (T_q: 5.41) Eps 80. [0mRet [1;31m0.000000[0m (0.000000/0.000000). Loss -0.00 pg_loss 0.00 entropy_loss -0.28 reg_loss 0.00 total_norm 0.00 mean_abs_v 0.42 last_lr: 2.9914e-04
[36m(ModelLearner pid=1433939)[0m [dynamic-enduro-v5-test-10484] Steps 285728 (1919232[7.0]) @ 898.1 SPS (726.2). norm_m 9740.10 norm_p 0.38 total_loss_m 0.345953 total_loss_p 1.084300 fea_loss 0.026644 done_loss 0.079508
[36m(ActorLearner pid=1433940)[0m [1;34m[dynamic-enduro-v5-test-10484] Steps 286368 @ 751.5 SPS (823.6). (T_q: 6.02) Eps 80. [0mRet [1;31m0.000000[0m (0.000000/0.000000). Loss -0.00 pg_loss 0.00 entropy_loss -0.30 reg_loss 0.00 total_norm 0.00 mean_abs_v 0.40 last_lr: 2.9914e-04
[36m(ModelLearner pid=1433939)[0m [dynamic-enduro-v5-test-10484] Steps 286336 (1924608[7.0]) @ 896.7 SPS (726.6). norm_m 8301.56 norm_p 0.57 total_loss_m 0.178259 total_loss_p 1.098577 fea_loss 0.017147 done_loss 0.006786
[36m(ActorLearner pid=1433940)[0m [1;34m[dynamic-enduro-v5-test-10484] Steps 287248 @ 755.2 SPS (823.6). (T_q: 5.03) Eps 80. [0mRet [1;31m0.000000[0m (0.000000/0.000000). Loss -0.00 pg_loss 0.00 entropy_loss -0.32 reg_loss 0.00 total_norm 0.00 mean_abs_v 0.35 last_lr: 2.9914e-04
[36m(ModelLearner pid=1433939)[0m [dynamic-enduro-v5-test-10484] Steps 286960 (1929984[7.0]) @ 893.3 SPS (726.9). norm_m 15621.48 norm_p 0.31 total_loss_m 0.193868 total_loss_p 1.098600 fea_loss 0.019366 done_loss 0.000208
[36m(ModelLearner pid=1433939)[0m [dynamic-enduro-v5-test-10484] Steps 287568 (1935360[7.0]) @ 899.4 SPS (727.3). norm_m 42858.57 norm_p 0.22 total_loss_m 0.355192 total_loss_p 1.092884 fea_loss 0.024324 done_loss 0.111954
[36m(ActorLearner pid=1433940)[0m [1;34m[dynamic-enduro-v5-test-10484] Steps 288064 @ 753.1 SPS (823.3). (T_q: 5.55) Eps 80. [0mRet [1;31m0.000000[0m (0.000000/0.000000). Loss -0.00 pg_loss 0.00 entropy_loss -0.26 reg_loss 0.00 total_norm 0.00 mean_abs_v 0.34 last_lr: 2.9914e-04
[36m(ModelLearner pid=1433939)[0m [dynamic-enduro-v5-test-10484] Steps 288144 (1940736[7.0]) @ 898.2 SPS (727.8). norm_m 19579.29 norm_p 0.23 total_loss_m 0.174065 total_loss_p 1.098586 fea_loss 0.017398 done_loss 0.000087
[36m(ActorLearner pid=1433940)[0m [1;34m[dynamic-enduro-v5-test-10484] Steps 288848 @ 755.1 SPS (823.1). (T_q: 5.84) Eps 80. [0mRet [1;31m0.000000[0m (0.000000/0.000000). Loss -0.00 pg_loss 0.00 entropy_loss -0.26 reg_loss 0.00 total_norm 0.00 mean_abs_v 0.35 last_lr: 2.9913e-04
[36m(ModelLearner pid=1433939)[0m [dynamic-enduro-v5-test-10484] Steps 288720 (1946112[7.0]) @ 897.1 SPS (727.9). norm_m 8966.16 norm_p 0.46 total_loss_m 0.265692 total_loss_p 1.098581 fea_loss 0.026485 done_loss 0.000846
[36m(ModelLearner pid=1433939)[0m [dynamic-enduro-v5-test-10484] Steps 289344 (1951488[7.0]) @ 895.5 SPS (728.4). norm_m 21112.21 norm_p 0.28 total_loss_m 0.240895 total_loss_p 1.098588 fea_loss 0.023634 done_loss 0.004550
[36m(ActorLearner pid=1433940)[0m [1;34m[dynamic-enduro-v5-test-10484] Steps 289664 @ 753.3 SPS (822.8). (T_q: 5.79) Eps 80. [0mRet [1;31m0.000000[0m (0.000000/0.000000). Loss -0.00 pg_loss 0.00 entropy_loss -0.28 reg_loss 0.00 total_norm 0.00 mean_abs_v 0.36 last_lr: 2.9913e-04
[36m(ModelLearner pid=1433939)[0m [dynamic-enduro-v5-test-10484] Steps 289952 (1956864[7.0]) @ 888.6 SPS (728.4). norm_m 12684.62 norm_p 0.42 total_loss_m 0.407975 total_loss_p 1.097378 fea_loss 0.039156 done_loss 0.016419
[36m(ActorLearner pid=1433940)[0m [1;34m[dynamic-enduro-v5-test-10484] Steps 290448 @ 749.6 SPS (822.1). (T_q: 5.03) Eps 80. [0mRet [1;31m0.000000[0m (0.000000/0.000000). Loss -0.00 pg_loss 0.00 entropy_loss -0.28 reg_loss 0.00 total_norm 0.00 mean_abs_v 0.38 last_lr: 2.9913e-04
[36m(ModelLearner pid=1433939)[0m [dynamic-enduro-v5-test-10484] Steps 290592 (1962240[7.0]) @ 888.0 SPS (728.6). norm_m 15276.56 norm_p 0.37 total_loss_m 0.253695 total_loss_p 1.096959 fea_loss 0.023575 done_loss 0.017945
[36m(ActorLearner pid=1433940)[0m [1;34m[dynamic-enduro-v5-test-10484] Steps 291312 @ 754.9 SPS (822.5). (T_q: 4.03) Eps 80. [0mRet [1;31m0.000000[0m (0.000000/0.000000). Loss -0.00 pg_loss 0.00 entropy_loss -0.30 reg_loss 0.00 total_norm 0.00 mean_abs_v 0.41 last_lr: 2.9913e-04
[36m(ModelLearner pid=1433939)[0m [dynamic-enduro-v5-test-10484] Steps 291232 (1967616[7.0]) @ 886.1 SPS (729.0). norm_m 8690.47 norm_p 0.20 total_loss_m 0.265020 total_loss_p 1.094506 fea_loss 0.023971 done_loss 0.025309
[36m(ModelLearner pid=1433939)[0m [dynamic-enduro-v5-test-10484] Steps 291824 (1972992[7.0]) @ 886.8 SPS (729.5). norm_m 7594.02 norm_p 0.34 total_loss_m 0.289845 total_loss_p 1.098596 fea_loss 0.028239 done_loss 0.007451
[36m(ActorLearner pid=1433940)[0m [1;34m[dynamic-enduro-v5-test-10484] Steps 292144 @ 756.6 SPS (822.3). (T_q: 5.79) Eps 80. [0mRet [1;31m0.000000[0m (0.000000/0.000000). Loss -0.00 pg_loss 0.00 entropy_loss -0.28 reg_loss 0.00 total_norm 0.00 mean_abs_v 0.43 last_lr: 2.9912e-04
[36m(ModelLearner pid=1433939)[0m [dynamic-enduro-v5-test-10484] Steps 292464 (1978368[7.0]) @ 887.1 SPS (729.7). norm_m 22661.39 norm_p 0.30 total_loss_m 0.270156 total_loss_p 1.095732 fea_loss 0.025408 done_loss 0.016081
[36m(ActorLearner pid=1433940)[0m [1;34m[dynamic-enduro-v5-test-10484] Steps 292992 @ 758.8 SPS (822.3). (T_q: 5.25) Eps 80. [0mRet [1;31m0.000000[0m (0.000000/0.000000). Loss -0.00 pg_loss 0.00 entropy_loss -0.31 reg_loss 0.00 total_norm 0.00 mean_abs_v 0.44 last_lr: 2.9912e-04
[36m(ModelLearner pid=1433939)[0m [dynamic-enduro-v5-test-10484] Steps 293088 (1983744[7.0]) @ 889.2 SPS (730.2). norm_m 11132.57 norm_p 0.30 total_loss_m 0.221474 total_loss_p 1.098605 fea_loss 0.021965 done_loss 0.001826
[36m(ActorLearner pid=1433940)[0m [1;34m[dynamic-enduro-v5-test-10484] Steps 293920 @ 758.5 SPS (822.0). (T_q: 5.94) Eps 80. [0mRet [1;31m0.000000[0m (0.000000/0.000000). Loss -0.00 pg_loss 0.00 entropy_loss -0.30 reg_loss 0.00 total_norm 0.00 mean_abs_v 0.44 last_lr: 2.9912e-04
[36m(ModelLearner pid=1433939)[0m [dynamic-enduro-v5-test-10484] Steps 293680 (1989120[7.0]) @ 888.4 SPS (730.4). norm_m 3673.62 norm_p 0.23 total_loss_m 0.202602 total_loss_p 1.098617 fea_loss 0.020039 done_loss 0.002208
[36m(ModelLearner pid=1433939)[0m [dynamic-enduro-v5-test-10484] Steps 294304 (1994496[7.0]) @ 889.2 SPS (730.9). norm_m 15920.09 norm_p 0.28 total_loss_m 0.152061 total_loss_p 1.098618 fea_loss 0.015113 done_loss 0.000931
[36m(ActorLearner pid=1433940)[0m [1;34m[dynamic-enduro-v5-test-10484] Steps 294816 @ 758.5 SPS (821.8). (T_q: 6.03) Eps 80. [0mRet [1;31m0.000000[0m (0.000000/0.000000). Loss -0.00 pg_loss 0.00 entropy_loss -0.31 reg_loss 0.00 total_norm 0.00 mean_abs_v 0.42 last_lr: 2.9912e-04
[36m(ModelLearner pid=1433939)[0m [dynamic-enduro-v5-test-10484] Steps 294896 (1999872[7.0]) @ 888.6 SPS (731.4). norm_m 2937.36 norm_p 0.38 total_loss_m 0.143224 total_loss_p 1.098196 fea_loss 0.014008 done_loss 0.003141
[36m(ActorLearner pid=1433940)[0m [1;34m[dynamic-enduro-v5-test-10484] Steps 295664 @ 761.4 SPS (821.8). (T_q: 5.25) Eps 80. [0mRet [1;31m0.000000[0m (0.000000/0.000000). Loss -0.00 pg_loss 0.00 entropy_loss -0.29 reg_loss 0.00 total_norm 0.00 mean_abs_v 0.39 last_lr: 2.9911e-04
[36m(ModelLearner pid=1433939)[0m [dynamic-enduro-v5-test-10484] Steps 295504 (2005248[7.0]) @ 891.1 SPS (731.9). norm_m 6833.89 norm_p 0.26 total_loss_m 0.247618 total_loss_p 1.090412 fea_loss 0.017423 done_loss 0.073385
[36m(ActorLearner pid=1433940)[0m [1;34m[dynamic-enduro-v5-test-10484] Steps 296544 @ 760.7 SPS (821.7). (T_q: 5.45) Eps 80. [0mRet [1;31m0.000000[0m (0.000000/0.000000). Loss -0.00 pg_loss 0.00 entropy_loss -0.30 reg_loss 0.00 total_norm 0.00 mean_abs_v 0.38 last_lr: 2.9911e-04
[36m(ModelLearner pid=1433939)[0m [dynamic-enduro-v5-test-10484] Steps 296384 (2013312[7.0]) @ 892.7 SPS (732.6). norm_m 7138.94 norm_p 0.25 total_loss_m 0.125376 total_loss_p 1.098610 fea_loss 0.012407 done_loss 0.001308
[36m(ModelLearner pid=1433939)[0m [dynamic-enduro-v5-test-10484] Steps 297040 (2018688[7.0]) @ 896.9 SPS (733.0). norm_m 5713.61 norm_p 0.53 total_loss_m 0.158071 total_loss_p 1.098645 fea_loss 0.015629 done_loss 0.001776
[36m(ActorLearner pid=1433940)[0m [1;34m[dynamic-enduro-v5-test-10484] Steps 297392 @ 762.8 SPS (821.5). (T_q: 5.76) Eps 80. [0mRet [1;31m0.000000[0m (0.000000/0.000000). Loss -0.00 pg_loss 0.00 entropy_loss -0.29 reg_loss 0.00 total_norm 0.00 mean_abs_v 0.36 last_lr: 2.9911e-04
[36m(ModelLearner pid=1433939)[0m [dynamic-enduro-v5-test-10484] Steps 297632 (2024064[7.0]) @ 891.5 SPS (733.2). norm_m 7933.63 norm_p 0.18 total_loss_m 0.147446 total_loss_p 1.097823 fea_loss 0.014105 done_loss 0.006398
[36m(ActorLearner pid=1433940)[0m [1;34m[dynamic-enduro-v5-test-10484] Steps 298240 @ 762.9 SPS (821.3). (T_q: 5.56) Eps 80. [0mRet [1;31m0.000000[0m (0.000000/0.000000). Loss -0.00 pg_loss 0.00 entropy_loss -0.30 reg_loss 0.00 total_norm 0.00 mean_abs_v 0.36 last_lr: 2.9911e-04
[36m(ModelLearner pid=1433939)[0m [dynamic-enduro-v5-test-10484] Steps 298224 (2029440[7.0]) @ 897.6 SPS (733.7). norm_m 6417.40 norm_p 0.27 total_loss_m 0.236994 total_loss_p 1.088003 fea_loss 0.017942 done_loss 0.057576
[36m(ActorLearner pid=1433940)[0m [1;34m[dynamic-enduro-v5-test-10484] Steps 299056 @ 764.2 SPS (821.3). (T_q: 5.13) Eps 80. [0mRet [1;31m0.000000[0m (0.000000/0.000000). Loss -0.00 pg_loss 0.00 entropy_loss -0.28 reg_loss 0.00 total_norm 0.00 mean_abs_v 0.37 last_lr: 2.9910e-04
[36m(ModelLearner pid=1433939)[0m [dynamic-enduro-v5-test-10484] Steps 298848 (2034816[7.0]) @ 890.4 SPS (733.8). norm_m 3883.47 norm_p 0.33 total_loss_m 0.142467 total_loss_p 1.095374 fea_loss 0.012282 done_loss 0.019652
[36m(ModelLearner pid=1433939)[0m [dynamic-enduro-v5-test-10484] Steps 299472 (2040192[7.0]) @ 891.1 SPS (734.3). norm_m 4756.25 norm_p 0.40 total_loss_m 0.217521 total_loss_p 1.098627 fea_loss 0.021049 done_loss 0.007026
[36m(ActorLearner pid=1433940)[0m [1;34m[dynamic-enduro-v5-test-10484] Steps 299904 @ 763.0 SPS (821.0). (T_q: 6.15) Eps 80. [0mRet [1;31m0.000000[0m (0.000000/0.000000). Loss -0.00 pg_loss 0.00 entropy_loss -0.28 reg_loss 0.00 total_norm 0.00 mean_abs_v 0.38 last_lr: 2.9910e-04
[36m(ModelLearner pid=1433939)[0m [dynamic-enduro-v5-test-10484] Steps 300064 (2045568[7.1]) @ 890.4 SPS (734.4). norm_m 5212.43 norm_p 0.17 total_loss_m 0.188139 total_loss_p 1.098619 fea_loss 0.018127 done_loss 0.006873
[36m(ActorLearner pid=1433940)[0m [1;34m[dynamic-enduro-v5-test-10484] Steps 300672 @ 762.6 SPS (820.8). (T_q: 5.92) Eps 80. [0mRet [1;31m0.000000[0m (0.000000/0.000000). Loss -0.00 pg_loss 0.00 entropy_loss -0.27 reg_loss 0.00 total_norm 0.00 mean_abs_v 0.39 last_lr: 2.9910e-04
[36m(ModelLearner pid=1433939)[0m [dynamic-enduro-v5-test-10484] Steps 300656 (2050944[7.1]) @ 887.8 SPS (734.8). norm_m 4897.04 norm_p 0.29 total_loss_m 0.147028 total_loss_p 1.092865 fea_loss 0.011868 done_loss 0.028346
[36m(ActorLearner pid=1433940)[0m [1;34m[dynamic-enduro-v5-test-10484] Steps 301520 @ 763.1 SPS (820.8). (T_q: 5.21) Eps 80. [0mRet [1;31m0.000000[0m (0.000000/0.000000). Loss -0.00 pg_loss 0.00 entropy_loss -0.29 reg_loss 0.00 total_norm 0.00 mean_abs_v 0.41 last_lr: 2.9910e-04
[36m(ModelLearner pid=1433939)[0m [dynamic-enduro-v5-test-10484] Steps 301296 (2056320[7.1]) @ 888.4 SPS (734.9). norm_m 3890.36 norm_p 0.20 total_loss_m 0.199927 total_loss_p 1.098583 fea_loss 0.019372 done_loss 0.006204
[36m(ModelLearner pid=1433939)[0m [dynamic-enduro-v5-test-10484] Steps 301904 (2061696[7.1]) @ 888.4 SPS (735.4). norm_m 5681.62 norm_p 0.25 total_loss_m 0.162202 total_loss_p 1.090832 fea_loss 0.011131 done_loss 0.050890
[36m(ActorLearner pid=1433940)[0m [1;34m[dynamic-enduro-v5-test-10484] Steps 302400 @ 763.2 SPS (820.5). (T_q: 6.07) Eps 80. [0mRet [1;31m0.000000[0m (0.000000/0.000000). Loss -0.00 pg_loss 0.00 entropy_loss -0.29 reg_loss 0.00 total_norm 0.00 mean_abs_v 0.43 last_lr: 2.9909e-04
[36m(ModelLearner pid=1433939)[0m [dynamic-enduro-v5-test-10484] Steps 302496 (2067072[7.1]) @ 888.5 SPS (735.9). norm_m 4292.15 norm_p 0.42 total_loss_m 0.161768 total_loss_p 1.087539 fea_loss 0.010622 done_loss 0.055544
[36m(ActorLearner pid=1433940)[0m [1;34m[dynamic-enduro-v5-test-10484] Steps 303312 @ 762.0 SPS (820.2). (T_q: 6.16) Eps 80. [0mRet [1;31m0.000000[0m (0.000000/0.000000). Loss -0.00 pg_loss 0.00 entropy_loss -0.32 reg_loss 0.00 total_norm 0.00 mean_abs_v 0.44 last_lr: 2.9909e-04
[36m(ModelLearner pid=1433939)[0m [dynamic-enduro-v5-test-10484] Steps 303056 (2072448[7.1]) @ 891.0 SPS (736.1). norm_m 2208.47 norm_p 0.23 total_loss_m 0.139584 total_loss_p 1.097356 fea_loss 0.013242 done_loss 0.007165
[36m(ModelLearner pid=1433939)[0m [dynamic-enduro-v5-test-10484] Steps 303648 (2077824[7.1]) @ 892.0 SPS (736.6). norm_m 4000.18 norm_p 0.45 total_loss_m 0.141319 total_loss_p 1.098613 fea_loss 0.014010 done_loss 0.001218
[36m(ActorLearner pid=1433940)[0m [1;34m[dynamic-enduro-v5-test-10484] Steps 304288 @ 760.4 SPS (820.0). (T_q: 5.96) Eps 80. [0mRet [1;31m0.000000[0m (0.000000/0.000000). Loss -0.00 pg_loss 0.00 entropy_loss -0.34 reg_loss 0.00 total_norm 0.00 mean_abs_v 0.44 last_lr: 2.9909e-04
[36m(ModelLearner pid=1433939)[0m [dynamic-enduro-v5-test-10484] Steps 304592 (2085888[7.1]) @ 899.5 SPS (737.4). norm_m 3888.77 norm_p 0.32 total_loss_m 0.123043 total_loss_p 1.093731 fea_loss 0.009839 done_loss 0.024658
[36m(ActorLearner pid=1433940)[0m [1;34m[dynamic-enduro-v5-test-10484] Steps 305184 @ 762.6 SPS (820.0). (T_q: 5.32) Eps 80. [0mRet [1;31m0.000000[0m (0.000000/0.000000). Loss -0.00 pg_loss 0.00 entropy_loss -0.31 reg_loss 0.00 total_norm 0.00 mean_abs_v 0.41 last_lr: 2.9908e-04
[36m(ModelLearner pid=1433939)[0m [dynamic-enduro-v5-test-10484] Steps 305232 (2091264[7.1]) @ 898.5 SPS (737.8). norm_m 2559.54 norm_p 0.23 total_loss_m 0.133615 total_loss_p 1.098633 fea_loss 0.013007 done_loss 0.003550
[36m(ActorLearner pid=1433940)[0m [1;34m[dynamic-enduro-v5-test-10484] Steps 306016 @ 761.0 SPS (819.7). (T_q: 6.13) Eps 80. [0mRet [1;31m0.000000[0m (0.000000/0.000000). Loss -0.00 pg_loss 0.00 entropy_loss -0.30 reg_loss 0.00 total_norm 0.00 mean_abs_v 0.39 last_lr: 2.9908e-04
[36m(ModelLearner pid=1433939)[0m [dynamic-enduro-v5-test-10484] Steps 305840 (2096640[7.1]) @ 893.5 SPS (738.0). norm_m 4266.96 norm_p 0.45 total_loss_m 0.124589 total_loss_p 1.098634 fea_loss 0.012162 done_loss 0.002972
[36m(ModelLearner pid=1433939)[0m [dynamic-enduro-v5-test-10484] Steps 306464 (2102016[7.1]) @ 896.9 SPS (738.4). norm_m 5710.10 norm_p 0.44 total_loss_m 0.097439 total_loss_p 1.098641 fea_loss 0.009363 done_loss 0.003809
[36m(ActorLearner pid=1433940)[0m [1;34m[dynamic-enduro-v5-test-10484] Steps 306896 @ 760.7 SPS (819.5). (T_q: 5.83) Eps 80. [0mRet [1;31m0.000000[0m (0.000000/0.000000). Loss -0.00 pg_loss 0.00 entropy_loss -0.31 reg_loss 0.00 total_norm 0.00 mean_abs_v 0.37 last_lr: 2.9908e-04
[36m(ModelLearner pid=1433939)[0m [dynamic-enduro-v5-test-10484] Steps 307072 (2107392[7.1]) @ 889.5 SPS (738.5). norm_m 2453.72 norm_p 0.30 total_loss_m 0.213273 total_loss_p 1.098618 fea_loss 0.021064 done_loss 0.002632
[36m(ActorLearner pid=1433940)[0m [1;34m[dynamic-enduro-v5-test-10484] Steps 307728 @ 760.6 SPS (819.2). (T_q: 5.98) Eps 80. [0mRet [1;31m0.000000[0m (0.000000/0.000000). Loss -0.00 pg_loss 0.00 entropy_loss -0.31 reg_loss 0.00 total_norm 0.00 mean_abs_v 0.36 last_lr: 2.9908e-04
[36m(ModelLearner pid=1433939)[0m [dynamic-enduro-v5-test-10484] Steps 307680 (2112768[7.1]) @ 894.9 SPS (738.9). norm_m 7510.90 norm_p 0.28 total_loss_m 0.164629 total_loss_p 1.085545 fea_loss 0.009174 done_loss 0.072885
[36m(ActorLearner pid=1433940)[0m [1;34m[dynamic-enduro-v5-test-10484] Steps 308496 @ 762.2 SPS (819.2). (T_q: 5.31) Eps 80. [0mRet [1;31m0.000000[0m (0.000000/0.000000). Loss -0.00 pg_loss 0.00 entropy_loss -0.26 reg_loss 0.00 total_norm 0.00 mean_abs_v 0.35 last_lr: 2.9907e-04
[36m(ModelLearner pid=1433939)[0m [dynamic-enduro-v5-test-10484] Steps 308304 (2118144[7.1]) @ 889.8 SPS (739.0). norm_m 2670.60 norm_p 0.27 total_loss_m 0.109156 total_loss_p 1.098626 fea_loss 0.010766 done_loss 0.001493
[36m(ModelLearner pid=1433939)[0m [dynamic-enduro-v5-test-10484] Steps 308912 (2123520[7.1]) @ 892.5 SPS (739.4). norm_m 2302.75 norm_p 0.31 total_loss_m 0.083641 total_loss_p 1.098630 fea_loss 0.008072 done_loss 0.002925
[36m(ActorLearner pid=1433940)[0m [1;34m[dynamic-enduro-v5-test-10484] Steps 309280 @ 762.1 SPS (819.0). (T_q: 5.97) Eps 80. [0mRet [1;31m0.000000[0m (0.000000/0.000000). Loss -0.00 pg_loss 0.00 entropy_loss -0.25 reg_loss 0.00 total_norm 0.00 mean_abs_v 0.36 last_lr: 2.9907e-04
[36m(ModelLearner pid=1433939)[0m [dynamic-enduro-v5-test-10484] Steps 309536 (2128896[7.1]) @ 887.7 SPS (739.5). norm_m 2908.13 norm_p 0.25 total_loss_m 0.151696 total_loss_p 1.093326 fea_loss 0.011993 done_loss 0.031761
[36m(ActorLearner pid=1433940)[0m [1;34m[dynamic-enduro-v5-test-10484] Steps 310128 @ 763.8 SPS (818.9). (T_q: 5.41) Eps 80. [0mRet [1;31m0.000000[0m (0.000000/0.000000). Loss -0.00 pg_loss 0.00 entropy_loss -0.27 reg_loss 0.00 total_norm 0.00 mean_abs_v 0.37 last_lr: 2.9907e-04
[36m(ModelLearner pid=1433939)[0m [dynamic-enduro-v5-test-10484] Steps 310144 (2134272[7.1]) @ 887.4 SPS (739.9). norm_m 1893.74 norm_p 0.40 total_loss_m 0.108875 total_loss_p 1.094940 fea_loss 0.009138 done_loss 0.017493
[36m(ActorLearner pid=1433940)[0m [1;34m[dynamic-enduro-v5-test-10484] Steps 310912 @ 764.5 SPS (818.8). (T_q: 5.89) Eps 80. [0mRet [1;31m0.000000[0m (0.000000/0.000000). Loss -0.00 pg_loss 0.00 entropy_loss -0.27 reg_loss 0.00 total_norm 0.00 mean_abs_v 0.38 last_lr: 2.9907e-04
[36m(ModelLearner pid=1433939)[0m [dynamic-enduro-v5-test-10484] Steps 310752 (2139648[7.1]) @ 886.5 SPS (739.9). norm_m 5046.21 norm_p 0.25 total_loss_m 0.089397 total_loss_p 1.098632 fea_loss 0.008686 done_loss 0.002536
[36m(ModelLearner pid=1433939)[0m [dynamic-enduro-v5-test-10484] Steps 311360 (2145024[7.1]) @ 886.8 SPS (740.3). norm_m 3160.89 norm_p 0.58 total_loss_m 0.088575 total_loss_p 1.098650 fea_loss 0.008709 done_loss 0.001481
[36m(ActorLearner pid=1433940)[0m [1;34m[dynamic-enduro-v5-test-10484] Steps 311712 @ 761.9 SPS (818.5). (T_q: 6.08) Eps 80. [0mRet [1;31m0.000000[0m (0.000000/0.000000). Loss -0.00 pg_loss 0.00 entropy_loss -0.29 reg_loss 0.00 total_norm 0.00 mean_abs_v 0.40 last_lr: 2.9906e-04
[36m(ModelLearner pid=1433939)[0m [dynamic-enduro-v5-test-10484] Steps 311920 (2150400[7.1]) @ 889.1 SPS (740.5). norm_m 5350.31 norm_p 0.49 total_loss_m 0.123232 total_loss_p 1.093759 fea_loss 0.009469 done_loss 0.028541
[36m(ActorLearner pid=1433940)[0m [1;34m[dynamic-enduro-v5-test-10484] Steps 312560 @ 761.8 SPS (818.3). (T_q: 6.09) Eps 80. [0mRet [1;31m0.000000[0m (0.000000/0.000000). Loss -0.00 pg_loss 0.00 entropy_loss -0.30 reg_loss 0.00 total_norm 0.00 mean_abs_v 0.42 last_lr: 2.9906e-04
[36m(ModelLearner pid=1433939)[0m [dynamic-enduro-v5-test-10484] Steps 312528 (2155776[7.1]) @ 894.4 SPS (740.9). norm_m 3909.81 norm_p 0.24 total_loss_m 0.120916 total_loss_p 1.098634 fea_loss 0.011936 done_loss 0.001554
[36m(ModelLearner pid=1433939)[0m [dynamic-enduro-v5-test-10484] Steps 313152 (2161152[7.1]) @ 895.3 SPS (741.4). norm_m 3592.73 norm_p 0.24 total_loss_m 0.120880 total_loss_p 1.094536 fea_loss 0.009728 done_loss 0.023596
[36m(ActorLearner pid=1433940)[0m [1;34m[dynamic-enduro-v5-test-10484] Steps 313472 @ 763.7 SPS (818.2). (T_q: 5.36) Eps 80. [0mRet [1;31m0.000000[0m (0.000000/0.000000). Loss -0.00 pg_loss 0.00 entropy_loss -0.29 reg_loss 0.00 total_norm 0.00 mean_abs_v 0.43 last_lr: 2.9906e-04
[36m(ModelLearner pid=1433939)[0m [dynamic-enduro-v5-test-10484] Steps 313760 (2166528[7.1]) @ 894.3 SPS (741.7). norm_m 2875.62 norm_p 0.35 total_loss_m 0.112473 total_loss_p 1.090854 fea_loss 0.007379 done_loss 0.038684
[36m(ActorLearner pid=1433940)[0m [1;34m[dynamic-enduro-v5-test-10484] Steps 314368 @ 765.8 SPS (818.2). (T_q: 5.41) Eps 80. [0mRet [1;31m0.000000[0m (0.000000/0.000000). Loss -0.00 pg_loss 0.00 entropy_loss -0.29 reg_loss 0.00 total_norm 0.00 mean_abs_v 0.43 last_lr: 2.9906e-04
[36m(ModelLearner pid=1433939)[0m [dynamic-enduro-v5-test-10484] Steps 314384 (2171904[7.1]) @ 898.6 SPS (742.1). norm_m 3461.63 norm_p 0.29 total_loss_m 0.083844 total_loss_p 1.096160 fea_loss 0.007033 done_loss 0.013518
[36m(ModelLearner pid=1433939)[0m [dynamic-enduro-v5-test-10484] Steps 314976 (2177280[7.1]) @ 899.6 SPS (742.6). norm_m 4486.80 norm_p 0.17 total_loss_m 0.087182 total_loss_p 1.098608 fea_loss 0.008361 done_loss 0.003576
[36m(ActorLearner pid=1433940)[0m [1;34m[dynamic-enduro-v5-test-10484] Steps 315248 @ 764.6 SPS (818.0). (T_q: 5.90) Eps 80. [0mRet [1;31m0.000000[0m (0.000000/0.000000). Loss -0.00 pg_loss 0.00 entropy_loss -0.31 reg_loss 0.00 total_norm 0.00 mean_abs_v 0.42 last_lr: 2.9905e-04
[36m(ModelLearner pid=1433939)[0m [dynamic-enduro-v5-test-10484] Steps 315536 (2182656[7.1]) @ 902.1 SPS (743.0). norm_m 22026.43 norm_p 0.23 total_loss_m 0.168407 total_loss_p 1.098605 fea_loss 0.016642 done_loss 0.001991
[36m(ActorLearner pid=1433940)[0m [1;34m[dynamic-enduro-v5-test-10484] Steps 316128 @ 766.4 SPS (817.9). (T_q: 5.52) Eps 80. [0mRet [1;31m0.000000[0m (0.000000/0.000000). Loss -0.00 pg_loss 0.00 entropy_loss -0.33 reg_loss 0.00 total_norm 0.00 mean_abs_v 0.40 last_lr: 2.9905e-04
[36m(ModelLearner pid=1433939)[0m [dynamic-enduro-v5-test-10484] Steps 316144 (2188032[7.1]) @ 901.6 SPS (743.4). norm_m 11185.55 norm_p 0.20 total_loss_m 0.073717 total_loss_p 1.098613 fea_loss 0.007255 done_loss 0.001165
[36m(ActorLearner pid=1433940)[0m [1;34m[dynamic-enduro-v5-test-10484] Steps 316928 @ 765.3 SPS (817.8). (T_q: 5.90) Eps 80. [0mRet [1;31m0.000000[0m (0.000000/0.000000). Loss -0.00 pg_loss 0.00 entropy_loss -0.28 reg_loss 0.00 total_norm 0.00 mean_abs_v 0.38 last_lr: 2.9905e-04
[36m(ModelLearner pid=1433939)[0m [dynamic-enduro-v5-test-10484] Steps 316752 (2193408[7.2]) @ 897.1 SPS (743.5). norm_m 2530.62 norm_p 0.33 total_loss_m 0.116257 total_loss_p 1.098626 fea_loss 0.011527 done_loss 0.000989
[36m(ModelLearner pid=1433939)[0m [dynamic-enduro-v5-test-10484] Steps 317360 (2198784[7.2]) @ 897.7 SPS (744.0). norm_m 98146.07 norm_p 0.29 total_loss_m 0.161367 total_loss_p 1.098635 fea_loss 0.016038 done_loss 0.000987
[36m(ActorLearner pid=1433940)[0m [1;34m[dynamic-enduro-v5-test-10484] Steps 317824 @ 765.3 SPS (817.6). (T_q: 6.00) Eps 80. [0mRet [1;31m0.000000[0m (0.000000/0.000000). Loss -0.00 pg_loss 0.00 entropy_loss -0.31 reg_loss 0.00 total_norm 0.00 mean_abs_v 0.38 last_lr: 2.9905e-04
[36m(ModelLearner pid=1433939)[0m [dynamic-enduro-v5-test-10484] Steps 317952 (2204160[7.2]) @ 897.4 SPS (744.4). norm_m 117898.16 norm_p 0.38 total_loss_m 0.403196 total_loss_p 1.094540 fea_loss 0.037878 done_loss 0.024411
[36m(ActorLearner pid=1433940)[0m [1;34m[dynamic-enduro-v5-test-10484] Steps 318656 @ 765.4 SPS (817.4). (T_q: 6.02) Eps 80. [0mRet [1;31m0.000000[0m (0.000000/0.000000). Loss -0.00 pg_loss 0.00 entropy_loss -0.27 reg_loss 0.00 total_norm 0.00 mean_abs_v 0.36 last_lr: 2.9904e-04
[36m(ModelLearner pid=1433939)[0m [dynamic-enduro-v5-test-10484] Steps 318544 (2209536[7.2]) @ 893.4 SPS (744.6). norm_m 15746.09 norm_p 0.19 total_loss_m 0.271985 total_loss_p 1.090457 fea_loss 0.022239 done_loss 0.049595
[36m(SelfPlayWorker pid=1433935)[0m [DEBUG] Episode termination detected:
[36m(SelfPlayWorker pid=1433935)[0m   - done: tensor([False, False, False, False, False,  True, False, False, False, False,
[36m(SelfPlayWorker pid=1433935)[0m         False, False, False, False, False, False], device='cuda:0')
[36m(SelfPlayWorker pid=1433935)[0m   - truncated_done: tensor([False, False, False, False, False, False, False, False, False, False,
[36m(SelfPlayWorker pid=1433935)[0m         False, False, False, False, False, False], device='cuda:0')
[36m(SelfPlayWorker pid=1433935)[0m   - real_done: tensor([False, False, False, False, False,  True, False, False, False, False,
[36m(SelfPlayWorker pid=1433935)[0m         False, False, False, False, False, False], device='cuda:0')
[36m(SelfPlayWorker pid=1433935)[0m   - step_status: tensor([0, 0, 0, 0, 0, 0, 0, 0, 0, 0, 0, 0, 0, 0, 0, 0], device='cuda:0')
[36m(SelfPlayWorker pid=1433935)[0m   - counter: 151690
[36m(SelfPlayWorker pid=1433935)[0m [DEBUG] Episode termination detected:
[36m(SelfPlayWorker pid=1433935)[0m   - done: tensor([ True, False, False, False, False, False, False, False, False, False,
[36m(SelfPlayWorker pid=1433935)[0m         False, False, False, False, False, False], device='cuda:0')
[36m(SelfPlayWorker pid=1433935)[0m   - truncated_done: tensor([False, False, False, False, False, False, False, False, False, False,
[36m(SelfPlayWorker pid=1433935)[0m         False, False, False, False, False, False], device='cuda:0')
[36m(SelfPlayWorker pid=1433935)[0m   - real_done: tensor([ True, False, False, False, False, False, False, False, False, False,
[36m(SelfPlayWorker pid=1433935)[0m         False, False, False, False, False, False], device='cuda:0')
[36m(SelfPlayWorker pid=1433935)[0m   - step_status: tensor([0, 0, 0, 0, 0, 0, 0, 0, 0, 0, 0, 0, 0, 0, 0, 0], device='cuda:0')
[36m(SelfPlayWorker pid=1433935)[0m   - counter: 151721
[36m(SelfPlayWorker pid=1433935)[0m [DEBUG] Episode termination detected:
[36m(SelfPlayWorker pid=1433935)[0m   - done: tensor([False, False, False, False,  True, False, False, False, False, False,
[36m(SelfPlayWorker pid=1433935)[0m         False, False, False, False, False, False], device='cuda:0')
[36m(SelfPlayWorker pid=1433935)[0m   - truncated_done: tensor([False, False, False, False, False, False, False, False, False, False,
[36m(SelfPlayWorker pid=1433935)[0m         False, False, False, False, False, False], device='cuda:0')
[36m(SelfPlayWorker pid=1433935)[0m   - real_done: tensor([False, False, False, False,  True, False, False, False, False, False,
[36m(SelfPlayWorker pid=1433935)[0m         False, False, False, False, False, False], device='cuda:0')
[36m(SelfPlayWorker pid=1433935)[0m   - step_status: tensor([0, 0, 0, 0, 0, 0, 0, 0, 0, 0, 0, 0, 0, 0, 0, 0], device='cuda:0')
[36m(SelfPlayWorker pid=1433935)[0m   - counter: 151728
[36m(SelfPlayWorker pid=1433935)[0m [DEBUG] Episode termination detected:
[36m(SelfPlayWorker pid=1433935)[0m   - done: tensor([False, False, False, False, False, False, False, False, False, False,
[36m(SelfPlayWorker pid=1433935)[0m         False,  True, False,  True, False, False], device='cuda:0')
[36m(SelfPlayWorker pid=1433935)[0m   - truncated_done: tensor([False, False, False, False, False, False, False, False, False, False,
[36m(SelfPlayWorker pid=1433935)[0m         False, False, False, False, False, False], device='cuda:0')
[36m(SelfPlayWorker pid=1433935)[0m   - real_done: tensor([False, False, False, False, False, False, False, False, False, False,
[36m(SelfPlayWorker pid=1433935)[0m         False,  True, False,  True, False, False], device='cuda:0')
[36m(SelfPlayWorker pid=1433935)[0m   - step_status: tensor([0, 0, 0, 0, 0, 0, 0, 0, 0, 0, 0, 0, 0, 0, 0, 0], device='cuda:0')
[36m(SelfPlayWorker pid=1433935)[0m   - counter: 151748
[36m(SelfPlayWorker pid=1433935)[0m [DEBUG] Episode termination detected:
[36m(SelfPlayWorker pid=1433935)[0m   - done: tensor([False, False, False,  True, False, False, False, False, False, False,
[36m(SelfPlayWorker pid=1433935)[0m         False, False, False, False,  True, False], device='cuda:0')
[36m(SelfPlayWorker pid=1433935)[0m   - truncated_done: tensor([False, False, False, False, False, False, False, False, False, False,
[36m(SelfPlayWorker pid=1433935)[0m         False, False, False, False, False, False], device='cuda:0')
[36m(SelfPlayWorker pid=1433935)[0m   - real_done: tensor([False, False, False,  True, False, False, False, False, False, False,
[36m(SelfPlayWorker pid=1433935)[0m         False, False, False, False,  True, False], device='cuda:0')
[36m(SelfPlayWorker pid=1433935)[0m   - step_status: tensor([0, 0, 0, 0, 0, 0, 0, 0, 0, 0, 0, 0, 0, 0, 0, 0], device='cuda:0')
[36m(SelfPlayWorker pid=1433935)[0m   - counter: 151754
[36m(ActorLearner pid=1433940)[0m [DEBUG] Episode counter increased:
[36m(ActorLearner pid=1433940)[0m   - real_done_count: 7
[36m(ActorLearner pid=1433940)[0m   - tot_eps: 87
[36m(ActorLearner pid=1433940)[0m   - train_actor_out.real_done: tensor([[False, False, False,  ..., False, False, False],
[36m(ActorLearner pid=1433940)[0m         [False, False, False,  ..., False, False, False],
[36m(ActorLearner pid=1433940)[0m         [False, False, False,  ..., False, False, False],
[36m(ActorLearner pid=1433940)[0m         ...,
[36m(ActorLearner pid=1433940)[0m         [False, False, False,  ..., False, False, False],
[36m(ActorLearner pid=1433940)[0m         [False, False, False,  ..., False,  True, False],
[36m(ActorLearner pid=1433940)[0m         [False, False, False,  ..., False, False, False]], device='cuda:0')
[36m(ActorLearner pid=1433940)[0m   - train_actor_out.done: tensor([[False, False, False,  ..., False, False, False],
[36m(ActorLearner pid=1433940)[0m         [False, False, False,  ..., False, False, False],
[36m(ActorLearner pid=1433940)[0m         [False, False, False,  ..., False, False, False],
[36m(ActorLearner pid=1433940)[0m         ...,
[36m(ActorLearner pid=1433940)[0m         [False, False, False,  ..., False, False, False],
[36m(ActorLearner pid=1433940)[0m         [False, False, False,  ..., False,  True, False],
[36m(ActorLearner pid=1433940)[0m         [False, False, False,  ..., False, False, False]], device='cuda:0')
[36m(ActorLearner pid=1433940)[0m   - train_actor_out.truncated_done: tensor([[False, False, False,  ..., False, False, False],
[36m(ActorLearner pid=1433940)[0m         [False, False, False,  ..., False, False, False],
[36m(ActorLearner pid=1433940)[0m         [False, False, False,  ..., False, False, False],
[36m(ActorLearner pid=1433940)[0m         ...,
[36m(ActorLearner pid=1433940)[0m         [False, False, False,  ..., False, False, False],
[36m(ActorLearner pid=1433940)[0m         [False, False, False,  ..., False, False, False],
[36m(ActorLearner pid=1433940)[0m         [False, False, False,  ..., False, False, False]], device='cuda:0')
[36m(SelfPlayWorker pid=1433935)[0m [DEBUG] Episode termination detected:
[36m(SelfPlayWorker pid=1433935)[0m   - done: tensor([False, False, False, False, False, False, False,  True, False,  True,
[36m(SelfPlayWorker pid=1433935)[0m         False, False, False, False, False,  True], device='cuda:0')
[36m(SelfPlayWorker pid=1433935)[0m   - truncated_done: tensor([False, False, False, False, False, False, False, False, False, False,
[36m(SelfPlayWorker pid=1433935)[0m         False, False, False, False, False, False], device='cuda:0')
[36m(SelfPlayWorker pid=1433935)[0m   - real_done: tensor([False, False, False, False, False, False, False,  True, False,  True,
[36m(SelfPlayWorker pid=1433935)[0m         False, False, False, False, False,  True], device='cuda:0')
[36m(SelfPlayWorker pid=1433935)[0m   - step_status: tensor([0, 0, 0, 0, 0, 0, 0, 0, 0, 0, 0, 0, 0, 0, 0, 0], device='cuda:0')
[36m(SelfPlayWorker pid=1433935)[0m   - counter: 151777
[36m(SelfPlayWorker pid=1433935)[0m [DEBUG] Episode termination detected:
[36m(SelfPlayWorker pid=1433935)[0m   - done: tensor([False, False,  True, False, False, False, False, False, False, False,
[36m(SelfPlayWorker pid=1433935)[0m         False, False, False, False, False, False], device='cuda:0')
[36m(SelfPlayWorker pid=1433935)[0m   - truncated_done: tensor([False, False, False, False, False, False, False, False, False, False,
[36m(SelfPlayWorker pid=1433935)[0m         False, False, False, False, False, False], device='cuda:0')
[36m(SelfPlayWorker pid=1433935)[0m   - real_done: tensor([False, False,  True, False, False, False, False, False, False, False,
[36m(SelfPlayWorker pid=1433935)[0m         False, False, False, False, False, False], device='cuda:0')
[36m(SelfPlayWorker pid=1433935)[0m   - step_status: tensor([0, 0, 0, 0, 0, 0, 0, 0, 0, 0, 0, 0, 0, 0, 0, 0], device='cuda:0')
[36m(SelfPlayWorker pid=1433935)[0m   - counter: 151783
[36m(SelfPlayWorker pid=1433935)[0m [DEBUG] Episode termination detected:
[36m(SelfPlayWorker pid=1433935)[0m   - done: tensor([False, False, False, False, False, False,  True, False, False, False,
[36m(SelfPlayWorker pid=1433935)[0m         False, False, False, False, False, False], device='cuda:0')
[36m(SelfPlayWorker pid=1433935)[0m   - truncated_done: tensor([False, False, False, False, False, False, False, False, False, False,
[36m(SelfPlayWorker pid=1433935)[0m         False, False, False, False, False, False], device='cuda:0')
[36m(SelfPlayWorker pid=1433935)[0m   - real_done: tensor([False, False, False, False, False, False,  True, False, False, False,
[36m(SelfPlayWorker pid=1433935)[0m         False, False, False, False, False, False], device='cuda:0')
[36m(SelfPlayWorker pid=1433935)[0m   - step_status: tensor([0, 0, 0, 0, 0, 0, 0, 0, 0, 0, 0, 0, 0, 0, 0, 0], device='cuda:0')
[36m(SelfPlayWorker pid=1433935)[0m   - counter: 151790
[36m(SelfPlayWorker pid=1433935)[0m [DEBUG] Episode termination detected:
[36m(SelfPlayWorker pid=1433935)[0m   - done: tensor([False, False, False, False, False, False, False, False, False, False,
[36m(SelfPlayWorker pid=1433935)[0m          True, False, False, False, False, False], device='cuda:0')
[36m(SelfPlayWorker pid=1433935)[0m   - truncated_done: tensor([False, False, False, False, False, False, False, False, False, False,
[36m(SelfPlayWorker pid=1433935)[0m         False, False, False, False, False, False], device='cuda:0')
[36m(SelfPlayWorker pid=1433935)[0m   - real_done: tensor([False, False, False, False, False, False, False, False, False, False,
[36m(SelfPlayWorker pid=1433935)[0m          True, False, False, False, False, False], device='cuda:0')
[36m(SelfPlayWorker pid=1433935)[0m   - step_status: tensor([0, 0, 0, 0, 0, 0, 0, 0, 0, 0, 0, 0, 0, 0, 0, 0], device='cuda:0')
[36m(SelfPlayWorker pid=1433935)[0m   - counter: 151798
[36m(SelfPlayWorker pid=1433935)[0m [DEBUG] Episode termination detected:
[36m(SelfPlayWorker pid=1433935)[0m   - done: tensor([False, False, False, False, False, False, False, False, False, False,
[36m(SelfPlayWorker pid=1433935)[0m         False, False,  True, False, False, False], device='cuda:0')
[36m(SelfPlayWorker pid=1433935)[0m   - truncated_done: tensor([False, False, False, False, False, False, False, False, False, False,
[36m(SelfPlayWorker pid=1433935)[0m         False, False, False, False, False, False], device='cuda:0')
[36m(SelfPlayWorker pid=1433935)[0m   - real_done: tensor([False, False, False, False, False, False, False, False, False, False,
[36m(SelfPlayWorker pid=1433935)[0m         False, False,  True, False, False, False], device='cuda:0')
[36m(SelfPlayWorker pid=1433935)[0m   - step_status: tensor([0, 0, 0, 0, 0, 0, 0, 0, 0, 0, 0, 0, 0, 0, 0, 0], device='cuda:0')
[36m(SelfPlayWorker pid=1433935)[0m   - counter: 151831
[36m(SelfPlayWorker pid=1433935)[0m [DEBUG] Episode termination detected:
[36m(SelfPlayWorker pid=1433935)[0m   - done: tensor([False,  True, False, False, False, False, False, False,  True, False,
[36m(SelfPlayWorker pid=1433935)[0m         False, False, False, False, False, False], device='cuda:0')
[36m(SelfPlayWorker pid=1433935)[0m   - truncated_done: tensor([False, False, False, False, False, False, False, False, False, False,
[36m(SelfPlayWorker pid=1433935)[0m         False, False, False, False, False, False], device='cuda:0')
[36m(SelfPlayWorker pid=1433935)[0m   - real_done: tensor([False,  True, False, False, False, False, False, False,  True, False,
[36m(SelfPlayWorker pid=1433935)[0m         False, False, False, False, False, False], device='cuda:0')
[36m(SelfPlayWorker pid=1433935)[0m   - step_status: tensor([0, 0, 0, 0, 0, 0, 0, 0, 0, 0, 0, 0, 0, 0, 0, 0], device='cuda:0')
[36m(SelfPlayWorker pid=1433935)[0m   - counter: 151854
[36m(ModelLearner pid=1433939)[0m [dynamic-enduro-v5-test-10484] Steps 319152 (2214912[7.2]) @ 898.1 SPS (745.0). norm_m 7641.82 norm_p 0.28 total_loss_m 0.186566 total_loss_p 1.098632 fea_loss 0.018501 done_loss 0.001560
[36m(ActorLearner pid=1433940)[0m [DEBUG] Episode counter increased:
[36m(ActorLearner pid=1433940)[0m   - real_done_count: 9
[36m(ActorLearner pid=1433940)[0m   - tot_eps: 96
[36m(ActorLearner pid=1433940)[0m   - train_actor_out.real_done: tensor([[False, False, False,  ..., False, False, False],
[36m(ActorLearner pid=1433940)[0m         [False, False, False,  ..., False, False, False],
[36m(ActorLearner pid=1433940)[0m         [False, False, False,  ..., False, False, False],
[36m(ActorLearner pid=1433940)[0m         ...,
[36m(ActorLearner pid=1433940)[0m         [False, False, False,  ..., False, False, False],
[36m(ActorLearner pid=1433940)[0m         [False, False, False,  ..., False, False, False],
[36m(ActorLearner pid=1433940)[0m         [False, False, False,  ..., False, False, False]], device='cuda:0')
[36m(ActorLearner pid=1433940)[0m   - train_actor_out.done: tensor([[False, False, False,  ..., False, False, False],
[36m(ActorLearner pid=1433940)[0m         [False, False, False,  ..., False, False, False],
[36m(ActorLearner pid=1433940)[0m         [False, False, False,  ..., False, False, False],
[36m(ActorLearner pid=1433940)[0m         ...,
[36m(ActorLearner pid=1433940)[0m         [False, False, False,  ..., False, False, False],
[36m(ActorLearner pid=1433940)[0m         [False, False, False,  ..., False, False, False],
[36m(ActorLearner pid=1433940)[0m         [False, False, False,  ..., False, False, False]], device='cuda:0')
[36m(ActorLearner pid=1433940)[0m   - train_actor_out.truncated_done: tensor([[False, False, False,  ..., False, False, False],
[36m(ActorLearner pid=1433940)[0m         [False, False, False,  ..., False, False, False],
[36m(ActorLearner pid=1433940)[0m         [False, False, False,  ..., False, False, False],
[36m(ActorLearner pid=1433940)[0m         ...,
[36m(ActorLearner pid=1433940)[0m         [False, False, False,  ..., False, False, False],
[36m(ActorLearner pid=1433940)[0m         [False, False, False,  ..., False, False, False],
[36m(ActorLearner pid=1433940)[0m         [False, False, False,  ..., False, False, False]], device='cuda:0')
[36m(ActorLearner pid=1433940)[0m [1;34m[dynamic-enduro-v5-test-10484] Steps 319520 @ 765.0 SPS (817.1). (T_q: 6.08) Eps 96. [0mRet [1;31m0.000000[0m (0.000000/0.000000). Loss -0.00 pg_loss 0.00 entropy_loss -0.28 reg_loss 0.00 total_norm 0.00 mean_abs_v 0.36 last_lr: 2.9904e-04
[36m(ModelLearner pid=1433939)[0m [dynamic-enduro-v5-test-10484] Steps 319712 (2220288[7.2]) @ 890.8 SPS (745.0). norm_m 9691.47 norm_p 0.24 total_loss_m 0.322648 total_loss_p 1.098622 fea_loss 0.031777 done_loss 0.004876
[36m(ActorLearner pid=1433940)[0m [1;34m[dynamic-enduro-v5-test-10484] Steps 320320 @ 770.4 SPS (817.0). (T_q: 5.39) Eps 96. [0mRet [1;31m0.000000[0m (0.000000/0.000000). Loss -0.00 pg_loss 0.00 entropy_loss -0.26 reg_loss 0.00 total_norm 0.00 mean_abs_v 0.36 last_lr: 2.9904e-04
[36m(ModelLearner pid=1433939)[0m [dynamic-enduro-v5-test-10484] Steps 320336 (2225664[7.2]) @ 896.4 SPS (745.4). norm_m 9676.23 norm_p 0.31 total_loss_m 0.273060 total_loss_p 1.098645 fea_loss 0.026369 done_loss 0.009371
[36m(ActorLearner pid=1433940)[0m [1;34m[dynamic-enduro-v5-test-10484] Steps 321120 @ 764.9 SPS (816.9). (T_q: 5.74) Eps 96. [0mRet [1;31m0.000000[0m (0.000000/0.000000). Loss -0.00 pg_loss 0.00 entropy_loss -0.29 reg_loss 0.00 total_norm 0.00 mean_abs_v 0.37 last_lr: 2.9904e-04
[36m(ModelLearner pid=1433939)[0m [dynamic-enduro-v5-test-10484] Steps 320896 (2231040[7.2]) @ 891.6 SPS (745.5). norm_m 7922.53 norm_p 0.28 total_loss_m 0.171715 total_loss_p 1.090891 fea_loss 0.013430 done_loss 0.037419
[36m(ModelLearner pid=1433939)[0m [dynamic-enduro-v5-test-10484] Steps 321520 (2236416[7.2]) @ 899.0 SPS (746.0). norm_m 15703.47 norm_p 0.36 total_loss_m 0.270100 total_loss_p 1.096205 fea_loss 0.025383 done_loss 0.016267
[36m(ActorLearner pid=1433940)[0m [1;34m[dynamic-enduro-v5-test-10484] Steps 321952 @ 766.0 SPS (816.8). (T_q: 5.56) Eps 96. [0mRet [1;31m0.000000[0m (0.000000/0.000000). Loss -0.00 pg_loss 0.00 entropy_loss -0.29 reg_loss 0.00 total_norm 0.00 mean_abs_v 0.38 last_lr: 2.9903e-04
[36m(ModelLearner pid=1433939)[0m [dynamic-enduro-v5-test-10484] Steps 322192 (2241792[7.2]) @ 893.8 SPS (746.1). norm_m 4183.53 norm_p 0.31 total_loss_m 0.215857 total_loss_p 1.098635 fea_loss 0.021160 done_loss 0.004261
[36m(ActorLearner pid=1433940)[0m [1;34m[dynamic-enduro-v5-test-10484] Steps 322768 @ 765.2 SPS (816.7). (T_q: 5.39) Eps 96. [0mRet [1;31m0.000000[0m (0.000000/0.000000). Loss -0.00 pg_loss 0.00 entropy_loss -0.28 reg_loss 0.00 total_norm 0.00 mean_abs_v 0.39 last_lr: 2.9903e-04
[36m(ModelLearner pid=1433939)[0m [dynamic-enduro-v5-test-10484] Steps 322784 (2247168[7.2]) @ 897.9 SPS (746.4). norm_m 112963.23 norm_p 0.35 total_loss_m 0.271326 total_loss_p 1.090872 fea_loss 0.022878 done_loss 0.042541
[36m(ActorLearner pid=1433940)[0m [1;34m[dynamic-enduro-v5-test-10484] Steps 323632 @ 765.2 SPS (816.5). (T_q: 6.14) Eps 96. [0mRet [1;31m0.000000[0m (0.000000/0.000000). Loss -0.00 pg_loss 0.00 entropy_loss -0.30 reg_loss 0.00 total_norm 0.00 mean_abs_v 0.41 last_lr: 2.9903e-04
[36m(ModelLearner pid=1433939)[0m [dynamic-enduro-v5-test-10484] Steps 323408 (2252544[7.2]) @ 893.3 SPS (746.6). norm_m 18317.55 norm_p 0.30 total_loss_m 0.268585 total_loss_p 1.098635 fea_loss 0.023056 done_loss 0.038025
[36m(ModelLearner pid=1433939)[0m [dynamic-enduro-v5-test-10484] Steps 323984 (2257920[7.2]) @ 893.2 SPS (747.0). norm_m 14843.51 norm_p 0.21 total_loss_m 0.290838 total_loss_p 1.093304 fea_loss 0.020147 done_loss 0.089370
[36m(ActorLearner pid=1433940)[0m [1;34m[dynamic-enduro-v5-test-10484] Steps 324480 @ 765.4 SPS (816.3). (T_q: 5.86) Eps 96. [0mRet [1;31m0.000000[0m (0.000000/0.000000). Loss -0.00 pg_loss 0.00 entropy_loss -0.28 reg_loss 0.00 total_norm 0.00 mean_abs_v 0.42 last_lr: 2.9903e-04
[36m(ModelLearner pid=1433939)[0m [dynamic-enduro-v5-test-10484] Steps 324544 (2263296[7.2]) @ 897.2 SPS (747.4). norm_m 11490.39 norm_p 0.18 total_loss_m 0.270722 total_loss_p 1.094100 fea_loss 0.019584 done_loss 0.074879
[36m(ActorLearner pid=1433940)[0m [1;34m[dynamic-enduro-v5-test-10484] Steps 325344 @ 763.4 SPS (816.1). (T_q: 5.96) Eps 96. [0mRet [1;31m0.000000[0m (0.000000/0.000000). Loss -0.00 pg_loss 0.00 entropy_loss -0.29 reg_loss 0.00 total_norm 0.00 mean_abs_v 0.42 last_lr: 2.9902e-04
[36m(ModelLearner pid=1433939)[0m [dynamic-enduro-v5-test-10484] Steps 325152 (2268672[7.2]) @ 890.5 SPS (747.5). norm_m 11863.33 norm_p 0.30 total_loss_m 0.269008 total_loss_p 1.097371 fea_loss 0.022820 done_loss 0.040811
[36m(ModelLearner pid=1433939)[0m [dynamic-enduro-v5-test-10484] Steps 325792 (2274048[7.2]) @ 887.5 SPS (747.9). norm_m 24469.81 norm_p 0.27 total_loss_m 0.259726 total_loss_p 1.093690 fea_loss 0.022665 done_loss 0.033081
[36m(ModelLearner pid=1433939)[0m Saving model checkpoint to /scratch/jeongmin/dt-10484/p/logs/thinker/dynamic-enduro-v5-test-10484/ckp_model.tar
[36m(ActorLearner pid=1433940)[0m [1;34m[dynamic-enduro-v5-test-10484] Steps 326192 @ 761.6 SPS (815.9). (T_q: 5.94) Eps 96. [0mRet [1;31m0.000000[0m (0.000000/0.000000). Loss -0.00 pg_loss 0.00 entropy_loss -0.30 reg_loss 0.00 total_norm 0.00 mean_abs_v 0.42 last_lr: 2.9902e-04
[36m(ActorLearner pid=1433940)[0m Saving actor checkpoint to /scratch/jeongmin/dt-10484/p/logs/thinker/dynamic-enduro-v5-test-10484/ckp_actor.tar
[36m(ModelLearner pid=1433939)[0m [dynamic-enduro-v5-test-10484] Steps 326368 (2279424[7.2]) @ 885.0 SPS (748.1). norm_m 4490.07 norm_p 0.37 total_loss_m 0.246214 total_loss_p 1.094935 fea_loss 0.022814 done_loss 0.018077
[36m(ActorLearner pid=1433940)[0m [1;34m[dynamic-enduro-v5-test-10484] Steps 327072 @ 761.4 SPS (815.6). (T_q: 5.79) Eps 96. [0mRet [1;31m0.000000[0m (0.000000/0.000000). Loss -0.00 pg_loss 0.00 entropy_loss -0.29 reg_loss 0.00 total_norm 0.00 mean_abs_v 0.41 last_lr: 2.9902e-04
[36m(ModelLearner pid=1433939)[0m [dynamic-enduro-v5-test-10484] Steps 326928 (2284800[7.2]) @ 889.8 SPS (748.5). norm_m 7671.44 norm_p 0.28 total_loss_m 0.207351 total_loss_p 1.089619 fea_loss 0.013667 done_loss 0.070680
[36m(ModelLearner pid=1433939)[0m [dynamic-enduro-v5-test-10484] Steps 327504 (2290176[7.2]) @ 892.4 SPS (749.0). norm_m 3808.58 norm_p 0.23 total_loss_m 0.168872 total_loss_p 1.098627 fea_loss 0.016875 done_loss 0.000122
[36m(ActorLearner pid=1433940)[0m [1;34m[dynamic-enduro-v5-test-10484] Steps 327968 @ 762.1 SPS (815.5). (T_q: 5.54) Eps 96. [0mRet [1;31m0.000000[0m (0.000000/0.000000). Loss -0.00 pg_loss 0.00 entropy_loss -0.31 reg_loss 0.00 total_norm 0.00 mean_abs_v 0.40 last_lr: 2.9902e-04
[36m(ModelLearner pid=1433939)[0m [dynamic-enduro-v5-test-10484] Steps 328112 (2295552[7.2]) @ 894.0 SPS (749.2). norm_m 11427.25 norm_p 0.19 total_loss_m 0.310811 total_loss_p 1.090870 fea_loss 0.018342 done_loss 0.127390
[36m(ActorLearner pid=1433940)[0m [1;34m[dynamic-enduro-v5-test-10484] Steps 328800 @ 759.5 SPS (815.4). (T_q: 5.79) Eps 96. [0mRet [1;31m0.000000[0m (0.000000/0.000000). Loss -0.00 pg_loss 0.00 entropy_loss -0.28 reg_loss 0.00 total_norm 0.00 mean_abs_v 0.38 last_lr: 2.9901e-04
[36m(ModelLearner pid=1433939)[0m [dynamic-enduro-v5-test-10484] Steps 328688 (2300928[7.2]) @ 894.5 SPS (749.6). norm_m 6065.33 norm_p 0.17 total_loss_m 0.235562 total_loss_p 1.092909 fea_loss 0.017567 done_loss 0.059894
[36m(ModelLearner pid=1433939)[0m [dynamic-enduro-v5-test-10484] Steps 329280 (2306304[7.2]) @ 899.9 SPS (750.0). norm_m 4538.51 norm_p 0.28 total_loss_m 0.195839 total_loss_p 1.094947 fea_loss 0.015863 done_loss 0.037207
[36m(ActorLearner pid=1433940)[0m [1;34m[dynamic-enduro-v5-test-10484] Steps 329664 @ 759.6 SPS (815.1). (T_q: 6.19) Eps 96. [0mRet [1;31m0.000000[0m (0.000000/0.000000). Loss -0.00 pg_loss 0.00 entropy_loss -0.31 reg_loss 0.00 total_norm 0.00 mean_abs_v 0.37 last_lr: 2.9901e-04
[36m(ModelLearner pid=1433939)[0m [dynamic-enduro-v5-test-10484] Steps 329920 (2311680[7.2]) @ 895.9 SPS (750.0). norm_m 1422.54 norm_p 0.21 total_loss_m 0.163117 total_loss_p 1.098609 fea_loss 0.016245 done_loss 0.000672
[36m(ActorLearner pid=1433940)[0m [1;34m[dynamic-enduro-v5-test-10484] Steps 330480 @ 762.0 SPS (815.1). (T_q: 5.47) Eps 96. [0mRet [1;31m0.000000[0m (0.000000/0.000000). Loss -0.00 pg_loss 0.00 entropy_loss -0.27 reg_loss 0.00 total_norm 0.00 mean_abs_v 0.37 last_lr: 2.9901e-04
[36m(ModelLearner pid=1433939)[0m [dynamic-enduro-v5-test-10484] Steps 330544 (2317056[7.2]) @ 894.1 SPS (750.0). norm_m 2258.32 norm_p 0.21 total_loss_m 0.187817 total_loss_p 1.098602 fea_loss 0.018561 done_loss 0.002208
[36m(ActorLearner pid=1433940)[0m [1;34m[dynamic-enduro-v5-test-10484] Steps 331280 @ 759.6 SPS (814.9). (T_q: 5.97) Eps 96. [0mRet [1;31m0.000000[0m (0.000000/0.000000). Loss -0.00 pg_loss 0.00 entropy_loss -0.28 reg_loss 0.00 total_norm 0.00 mean_abs_v 0.37 last_lr: 2.9901e-04
[36m(ModelLearner pid=1433939)[0m [dynamic-enduro-v5-test-10484] Steps 331184 (2322432[7.2]) @ 894.8 SPS (750.4). norm_m 2275.91 norm_p 0.28 total_loss_m 0.193983 total_loss_p 1.098596 fea_loss 0.018889 done_loss 0.005089
[36m(ModelLearner pid=1433939)[0m [dynamic-enduro-v5-test-10484] Steps 331776 (2327808[7.2]) @ 900.7 SPS (750.7). norm_m 2394.96 norm_p 0.29 total_loss_m 0.191755 total_loss_p 1.098626 fea_loss 0.018268 done_loss 0.009071
[36m(ActorLearner pid=1433940)[0m [1;34m[dynamic-enduro-v5-test-10484] Steps 332112 @ 759.8 SPS (814.7). (T_q: 6.16) Eps 96. [0mRet [1;31m0.000000[0m (0.000000/0.000000). Loss -0.00 pg_loss 0.00 entropy_loss -0.27 reg_loss 0.00 total_norm 0.00 mean_abs_v 0.40 last_lr: 2.9900e-04
[36m(ModelLearner pid=1433939)[0m [dynamic-enduro-v5-test-10484] Steps 332368 (2333184[7.2]) @ 895.6 SPS (750.8). norm_m 4050.11 norm_p 0.21 total_loss_m 0.137820 total_loss_p 1.098612 fea_loss 0.012686 done_loss 0.010957
[36m(ActorLearner pid=1433940)[0m [1;34m[dynamic-enduro-v5-test-10484] Steps 332944 @ 762.7 SPS (814.7). (T_q: 5.21) Eps 96. [0mRet [1;31m0.000000[0m (0.000000/0.000000). Loss -0.00 pg_loss 0.00 entropy_loss -0.31 reg_loss 0.00 total_norm 0.00 mean_abs_v 0.41 last_lr: 2.9900e-04
[36m(ModelLearner pid=1433939)[0m [dynamic-enduro-v5-test-10484] Steps 333008 (2338560[7.2]) @ 899.4 SPS (751.2). norm_m 4068.89 norm_p 0.15 total_loss_m 0.172639 total_loss_p 1.097818 fea_loss 0.016179 done_loss 0.010852
[36m(ActorLearner pid=1433940)[0m [1;34m[dynamic-enduro-v5-test-10484] Steps 333776 @ 762.1 SPS (814.5). (T_q: 6.13) Eps 96. [0mRet [1;31m0.000000[0m (0.000000/0.000000). Loss -0.00 pg_loss 0.00 entropy_loss -0.29 reg_loss 0.00 total_norm 0.00 mean_abs_v 0.42 last_lr: 2.9900e-04
[36m(ModelLearner pid=1433939)[0m [dynamic-enduro-v5-test-10484] Steps 333632 (2343936[7.2]) @ 893.1 SPS (751.2). norm_m 1728.63 norm_p 0.34 total_loss_m 0.169824 total_loss_p 1.095778 fea_loss 0.015235 done_loss 0.017471
[36m(ModelLearner pid=1433939)[0m [dynamic-enduro-v5-test-10484] Steps 334288 (2349312[7.2]) @ 892.3 SPS (751.6). norm_m 1674.89 norm_p 0.28 total_loss_m 0.138298 total_loss_p 1.098615 fea_loss 0.013317 done_loss 0.005131
[36m(ActorLearner pid=1433940)[0m [1;34m[dynamic-enduro-v5-test-10484] Steps 334656 @ 759.9 SPS (814.3). (T_q: 6.03) Eps 96. [0mRet [1;31m0.000000[0m (0.000000/0.000000). Loss -0.00 pg_loss 0.00 entropy_loss -0.31 reg_loss 0.00 total_norm 0.00 mean_abs_v 0.42 last_lr: 2.9900e-04
[36m(ModelLearner pid=1433939)[0m [dynamic-enduro-v5-test-10484] Steps 334944 (2354688[7.2]) @ 888.0 SPS (751.6). norm_m 4020.06 norm_p 0.18 total_loss_m 0.156889 total_loss_p 1.096970 fea_loss 0.014537 done_loss 0.011523
[36m(ActorLearner pid=1433940)[0m [1;34m[dynamic-enduro-v5-test-10484] Steps 335552 @ 760.3 SPS (814.1). (T_q: 5.87) Eps 96. [0mRet [1;31m0.000000[0m (0.000000/0.000000). Loss -0.00 pg_loss 0.00 entropy_loss -0.30 reg_loss 0.00 total_norm 0.00 mean_abs_v 0.42 last_lr: 2.9899e-04
[36m(ModelLearner pid=1433939)[0m [dynamic-enduro-v5-test-10484] Steps 335536 (2360064[7.2]) @ 891.0 SPS (752.1). norm_m 1546.76 norm_p 0.29 total_loss_m 0.112275 total_loss_p 1.098614 fea_loss 0.010907 done_loss 0.003207
[36m(ActorLearner pid=1433940)[0m Sent real_step update to ActorBuffer: 336000
[36m(ModelLearner pid=1433939)[0m [dynamic-enduro-v5-test-10484] Steps 336128 (2365440[7.3]) @ 890.0 SPS (752.6). norm_m 4692.65 norm_p 0.18 total_loss_m 0.260756 total_loss_p 1.090443 fea_loss 0.017233 done_loss 0.088424
[36m(ActorLearner pid=1433940)[0m [1;34m[dynamic-enduro-v5-test-10484] Steps 336448 @ 760.4 SPS (813.9). (T_q: 6.12) Eps 96. [0mRet [1;31m0.000000[0m (0.000000/0.000000). Loss -0.00 pg_loss 0.00 entropy_loss -0.30 reg_loss 0.00 total_norm 0.00 mean_abs_v 0.40 last_lr: 2.9899e-04
[36m(ModelLearner pid=1433939)[0m [dynamic-enduro-v5-test-10484] Steps 336720 (2370816[7.3]) @ 887.5 SPS (752.7). norm_m 2272.70 norm_p 0.22 total_loss_m 0.149083 total_loss_p 1.098593 fea_loss 0.014631 done_loss 0.002775
[36m(ActorLearner pid=1433940)[0m [1;34m[dynamic-enduro-v5-test-10484] Steps 337312 @ 762.0 SPS (813.9). (T_q: 5.49) Eps 96. [0mRet [1;31m0.000000[0m (0.000000/0.000000). Loss -0.00 pg_loss 0.00 entropy_loss -0.27 reg_loss 0.00 total_norm 0.00 mean_abs_v 0.38 last_lr: 2.9899e-04
[36m(ModelLearner pid=1433939)[0m [dynamic-enduro-v5-test-10484] Steps 337344 (2376192[7.3]) @ 886.9 SPS (753.0). norm_m 10005.65 norm_p 0.19 total_loss_m 0.285454 total_loss_p 1.074477 fea_loss 0.010656 done_loss 0.178894
[36m(ActorLearner pid=1433940)[0m [1;34m[dynamic-enduro-v5-test-10484] Steps 338160 @ 760.3 SPS (813.7). (T_q: 5.96) Eps 96. [0mRet [1;31m0.000000[0m (0.000000/0.000000). Loss -0.00 pg_loss 0.00 entropy_loss -0.28 reg_loss 0.00 total_norm 0.00 mean_abs_v 0.37 last_lr: 2.9899e-04
[36m(ModelLearner pid=1433939)[0m [dynamic-enduro-v5-test-10484] Steps 337952 (2381568[7.3]) @ 886.5 SPS (753.1). norm_m 6969.48 norm_p 0.24 total_loss_m 0.129073 total_loss_p 1.098589 fea_loss 0.012421 done_loss 0.004866
[36m(ModelLearner pid=1433939)[0m [dynamic-enduro-v5-test-10484] Steps 338560 (2386944[7.3]) @ 885.0 SPS (753.4). norm_m 1470.46 norm_p 0.25 total_loss_m 0.145683 total_loss_p 1.095740 fea_loss 0.012717 done_loss 0.018511
[36m(ActorLearner pid=1433940)[0m [1;34m[dynamic-enduro-v5-test-10484] Steps 338976 @ 760.2 SPS (813.5). (T_q: 6.18) Eps 96. [0mRet [1;31m0.000000[0m (0.000000/0.000000). Loss -0.00 pg_loss 0.00 entropy_loss -0.27 reg_loss 0.00 total_norm 0.00 mean_abs_v 0.36 last_lr: 2.9898e-04
[36m(ModelLearner pid=1433939)[0m [dynamic-enduro-v5-test-10484] Steps 339168 (2392320[7.3]) @ 880.0 SPS (753.6). norm_m 2380.53 norm_p 0.33 total_loss_m 0.165751 total_loss_p 1.098614 fea_loss 0.015803 done_loss 0.007723
[36m(ActorLearner pid=1433940)[0m [1;34m[dynamic-enduro-v5-test-10484] Steps 339808 @ 758.6 SPS (813.3). (T_q: 5.88) Eps 96. [0mRet [1;31m0.000000[0m (0.000000/0.000000). Loss -0.00 pg_loss 0.00 entropy_loss -0.28 reg_loss 0.00 total_norm 0.00 mean_abs_v 0.36 last_lr: 2.9898e-04
[36m(ModelLearner pid=1433939)[0m [dynamic-enduro-v5-test-10484] Steps 339744 (2397696[7.3]) @ 884.2 SPS (753.9). norm_m 4452.05 norm_p 0.16 total_loss_m 0.141791 total_loss_p 1.098640 fea_loss 0.013334 done_loss 0.008455
[36m(ActorLearner pid=1433940)[0m [1;34m[dynamic-enduro-v5-test-10484] Steps 340592 @ 759.7 SPS (813.3). (T_q: 5.42) Eps 96. [0mRet [1;31m0.000000[0m (0.000000/0.000000). Loss -0.00 pg_loss 0.00 entropy_loss -0.27 reg_loss 0.00 total_norm 0.00 mean_abs_v 0.36 last_lr: 2.9898e-04
[36m(ModelLearner pid=1433939)[0m [dynamic-enduro-v5-test-10484] Steps 340336 (2403072[7.3]) @ 879.4 SPS (754.0). norm_m 23486.21 norm_p 0.18 total_loss_m 0.102655 total_loss_p 1.098234 fea_loss 0.009346 done_loss 0.009198
[36m(ModelLearner pid=1433939)[0m [dynamic-enduro-v5-test-10484] Steps 340912 (2408448[7.3]) @ 885.8 SPS (754.4). norm_m 5356.03 norm_p 0.24 total_loss_m 0.257666 total_loss_p 1.088838 fea_loss 0.017067 done_loss 0.086991
[36m(ActorLearner pid=1433940)[0m [1;34m[dynamic-enduro-v5-test-10484] Steps 341488 @ 760.0 SPS (813.1). (T_q: 5.91) Eps 96. [0mRet [1;31m0.000000[0m (0.000000/0.000000). Loss -0.00 pg_loss 0.00 entropy_loss -0.29 reg_loss 0.00 total_norm 0.00 mean_abs_v 0.38 last_lr: 2.9898e-04
[36m(ModelLearner pid=1433939)[0m [dynamic-enduro-v5-test-10484] Steps 341520 (2413824[7.3]) @ 885.3 SPS (754.7). norm_m 3306.37 norm_p 0.23 total_loss_m 0.135933 total_loss_p 1.098656 fea_loss 0.013461 done_loss 0.001327
[36m(ActorLearner pid=1433940)[0m [1;34m[dynamic-enduro-v5-test-10484] Steps 342224 @ 760.5 SPS (812.9). (T_q: 5.80) Eps 96. [0mRet [1;31m0.000000[0m (0.000000/0.000000). Loss -0.00 pg_loss 0.00 entropy_loss -0.23 reg_loss 0.00 total_norm 0.00 mean_abs_v 0.39 last_lr: 2.9897e-04
[36m(ModelLearner pid=1433939)[0m [dynamic-enduro-v5-test-10484] Steps 342176 (2419200[7.3]) @ 882.8 SPS (754.7). norm_m 2550.86 norm_p 0.21 total_loss_m 0.109203 total_loss_p 1.098640 fea_loss 0.010846 done_loss 0.000746
[36m(ActorLearner pid=1433940)[0m [1;34m[dynamic-enduro-v5-test-10484] Steps 343088 @ 760.3 SPS (812.9). (T_q: 5.36) Eps 96. [0mRet [1;31m0.000000[0m (0.000000/0.000000). Loss -0.00 pg_loss 0.00 entropy_loss -0.30 reg_loss 0.00 total_norm 0.00 mean_abs_v 0.42 last_lr: 2.9897e-04
[36m(ModelLearner pid=1433939)[0m [dynamic-enduro-v5-test-10484] Steps 342784 (2424576[7.3]) @ 876.2 SPS (754.7). norm_m 4244.79 norm_p 0.27 total_loss_m 0.140085 total_loss_p 1.091269 fea_loss 0.007983 done_loss 0.060256
[36m(ModelLearner pid=1433939)[0m [dynamic-enduro-v5-test-10484] Steps 343424 (2429952[7.3]) @ 882.0 SPS (755.1). norm_m 4277.89 norm_p 0.20 total_loss_m 0.098366 total_loss_p 1.098627 fea_loss 0.009785 done_loss 0.000516
[36m(ActorLearner pid=1433940)[0m [1;34m[dynamic-enduro-v5-test-10484] Steps 343936 @ 759.1 SPS (812.7). (T_q: 5.92) Eps 96. [0mRet [1;31m0.000000[0m (0.000000/0.000000). Loss -0.00 pg_loss 0.00 entropy_loss -0.27 reg_loss 0.00 total_norm 0.00 mean_abs_v 0.43 last_lr: 2.9897e-04
[36m(ModelLearner pid=1433939)[0m [dynamic-enduro-v5-test-10484] Steps 344048 (2435328[7.3]) @ 877.4 SPS (755.1). norm_m 1599.40 norm_p 0.31 total_loss_m 0.095999 total_loss_p 1.098620 fea_loss 0.009541 done_loss 0.000593
[36m(ActorLearner pid=1433940)[0m [1;34m[dynamic-enduro-v5-test-10484] Steps 344816 @ 758.8 SPS (812.5). (T_q: 5.98) Eps 96. [0mRet [1;31m0.000000[0m (0.000000/0.000000). Loss -0.00 pg_loss 0.00 entropy_loss -0.31 reg_loss 0.00 total_norm 0.00 mean_abs_v 0.44 last_lr: 2.9897e-04
[36m(ModelLearner pid=1433939)[0m [dynamic-enduro-v5-test-10484] Steps 344672 (2440704[7.3]) @ 882.1 SPS (755.5). norm_m 3939.61 norm_p 0.20 total_loss_m 0.110317 total_loss_p 1.093311 fea_loss 0.008111 done_loss 0.029208
[36m(ModelLearner pid=1433939)[0m [dynamic-enduro-v5-test-10484] Steps 345232 (2446080[7.3]) @ 884.0 SPS (756.0). norm_m 2993.95 norm_p 0.37 total_loss_m 0.118921 total_loss_p 1.089629 fea_loss 0.007392 done_loss 0.045004
[36m(ActorLearner pid=1433940)[0m [1;34m[dynamic-enduro-v5-test-10484] Steps 345744 @ 756.4 SPS (812.3). (T_q: 6.31) Eps 96. [0mRet [1;31m0.000000[0m (0.000000/0.000000). Loss -0.00 pg_loss 0.00 entropy_loss -0.31 reg_loss 0.00 total_norm 0.00 mean_abs_v 0.43 last_lr: 2.9896e-04
[36m(ModelLearner pid=1433939)[0m [dynamic-enduro-v5-test-10484] Steps 345776 (2451456[7.3]) @ 884.3 SPS (756.4). norm_m 3824.18 norm_p 0.31 total_loss_m 0.138279 total_loss_p 1.095767 fea_loss 0.011989 done_loss 0.018394
[36m(ActorLearner pid=1433940)[0m [1;34m[dynamic-enduro-v5-test-10484] Steps 346672 @ 755.8 SPS (812.1). (T_q: 5.78) Eps 96. [0mRet [1;31m0.000000[0m (0.000000/0.000000). Loss -0.00 pg_loss 0.00 entropy_loss -0.32 reg_loss 0.00 total_norm 0.00 mean_abs_v 0.40 last_lr: 2.9896e-04
[36m(ModelLearner pid=1433939)[0m [dynamic-enduro-v5-test-10484] Steps 346400 (2456832[7.3]) @ 885.7 SPS (756.5). norm_m 7708.34 norm_p 0.26 total_loss_m 0.110828 total_loss_p 1.095353 fea_loss 0.008771 done_loss 0.023114
[36m(ModelLearner pid=1433939)[0m [dynamic-enduro-v5-test-10484] Steps 347040 (2462208[7.3]) @ 885.0 SPS (756.9). norm_m 4868.71 norm_p 0.22 total_loss_m 0.132423 total_loss_p 1.098635 fea_loss 0.011526 done_loss 0.017167
[36m(ActorLearner pid=1433940)[0m [1;34m[dynamic-enduro-v5-test-10484] Steps 347536 @ 755.7 SPS (811.9). (T_q: 6.04) Eps 96. [0mRet [1;31m0.000000[0m (0.000000/0.000000). Loss -0.00 pg_loss 0.00 entropy_loss -0.32 reg_loss 0.00 total_norm 0.00 mean_abs_v 0.38 last_lr: 2.9896e-04
[36m(ModelLearner pid=1433939)[0m [dynamic-enduro-v5-test-10484] Steps 347648 (2467584[7.3]) @ 883.2 SPS (756.9). norm_m 3588.40 norm_p 0.16 total_loss_m 0.095309 total_loss_p 1.098616 fea_loss 0.008282 done_loss 0.012491
[36m(ActorLearner pid=1433940)[0m [1;34m[dynamic-enduro-v5-test-10484] Steps 348352 @ 755.5 SPS (811.7). (T_q: 6.01) Eps 96. [0mRet [1;31m0.000000[0m (0.000000/0.000000). Loss -0.00 pg_loss 0.00 entropy_loss -0.28 reg_loss 0.00 total_norm 0.00 mean_abs_v 0.36 last_lr: 2.9895e-04
[36m(ModelLearner pid=1433939)[0m [dynamic-enduro-v5-test-10484] Steps 348288 (2472960[7.3]) @ 881.8 SPS (757.2). norm_m 3903.68 norm_p 0.22 total_loss_m 0.100622 total_loss_p 1.098620 fea_loss 0.009165 done_loss 0.008976
[36m(ActorLearner pid=1433940)[0m [1;34m[dynamic-enduro-v5-test-10484] Steps 349152 @ 757.7 SPS (811.7). (T_q: 5.50) Eps 96. [0mRet [1;31m0.000000[0m (0.000000/0.000000). Loss -0.00 pg_loss 0.00 entropy_loss -0.26 reg_loss 0.00 total_norm 0.00 mean_abs_v 0.35 last_lr: 2.9895e-04
[36m(ModelLearner pid=1433939)[0m [dynamic-enduro-v5-test-10484] Steps 348896 (2478336[7.3]) @ 874.9 SPS (757.3). norm_m 4415.58 norm_p 0.30 total_loss_m 0.131163 total_loss_p 1.098616 fea_loss 0.012587 done_loss 0.005293
[36m(ModelLearner pid=1433939)[0m [dynamic-enduro-v5-test-10484] Steps 349488 (2483712[7.3]) @ 878.7 SPS (757.6). norm_m 6807.97 norm_p 0.28 total_loss_m 0.166034 total_loss_p 1.081481 fea_loss 0.006366 done_loss 0.102377
[36m(ActorLearner pid=1433940)[0m [1;34m[dynamic-enduro-v5-test-10484] Steps 350048 @ 755.9 SPS (811.5). (T_q: 5.94) Eps 96. [0mRet [1;31m0.000000[0m (0.000000/0.000000). Loss -0.00 pg_loss 0.00 entropy_loss -0.31 reg_loss 0.00 total_norm 0.00 mean_abs_v 0.35 last_lr: 2.9895e-04
[36m(ModelLearner pid=1433939)[0m [dynamic-enduro-v5-test-10484] Steps 350096 (2489088[7.3]) @ 877.9 SPS (758.0). norm_m 5606.85 norm_p 0.23 total_loss_m 0.166529 total_loss_p 1.086769 fea_loss 0.009575 done_loss 0.070783
[36m(ActorLearner pid=1433940)[0m [1;34m[dynamic-enduro-v5-test-10484] Steps 350896 @ 755.9 SPS (811.4). (T_q: 5.92) Eps 96. [0mRet [1;31m0.000000[0m (0.000000/0.000000). Loss -0.00 pg_loss 0.00 entropy_loss -0.30 reg_loss 0.00 total_norm 0.00 mean_abs_v 0.35 last_lr: 2.9895e-04
[36m(ModelLearner pid=1433939)[0m [dynamic-enduro-v5-test-10484] Steps 350736 (2494464[7.3]) @ 873.6 SPS (758.0). norm_m 3073.71 norm_p 0.24 total_loss_m 0.060192 total_loss_p 1.098628 fea_loss 0.005766 done_loss 0.002528
[36m(ModelLearner pid=1433939)[0m [dynamic-enduro-v5-test-10484] Steps 351328 (2499840[7.3]) @ 878.8 SPS (758.4). norm_m 2944.33 norm_p 0.17 total_loss_m 0.106618 total_loss_p 1.098635 fea_loss 0.010423 done_loss 0.002386
[36m(ActorLearner pid=1433940)[0m [1;34m[dynamic-enduro-v5-test-10484] Steps 351760 @ 754.7 SPS (811.2). (T_q: 5.96) Eps 96. [0mRet [1;31m0.000000[0m (0.000000/0.000000). Loss -0.00 pg_loss 0.00 entropy_loss -0.32 reg_loss 0.00 total_norm 0.00 mean_abs_v 0.36 last_lr: 2.9894e-04
[36m(ModelLearner pid=1433939)[0m [dynamic-enduro-v5-test-10484] Steps 351920 (2505216[7.3]) @ 881.3 SPS (758.5). norm_m 2286.24 norm_p 0.28 total_loss_m 0.058974 total_loss_p 1.098647 fea_loss 0.005710 done_loss 0.001872
[36m(ActorLearner pid=1433940)[0m [1;34m[dynamic-enduro-v5-test-10484] Steps 352528 @ 755.4 SPS (811.2). (T_q: 5.28) Eps 96. [0mRet [1;31m0.000000[0m (0.000000/0.000000). Loss -0.00 pg_loss 0.00 entropy_loss -0.26 reg_loss 0.00 total_norm 0.00 mean_abs_v 0.38 last_lr: 2.9894e-04
[36m(ModelLearner pid=1433939)[0m [dynamic-enduro-v5-test-10484] Steps 352848 (2513280[7.3]) @ 881.7 SPS (759.0). norm_m 7917.02 norm_p 0.29 total_loss_m 0.064508 total_loss_p 1.098660 fea_loss 0.006344 done_loss 0.001070
[36m(ActorLearner pid=1433940)[0m [1;34m[dynamic-enduro-v5-test-10484] Steps 353376 @ 757.7 SPS (811.2). (T_q: 5.27) Eps 96. [0mRet [1;31m0.000000[0m (0.000000/0.000000). Loss -0.00 pg_loss 0.00 entropy_loss -0.30 reg_loss 0.00 total_norm 0.00 mean_abs_v 0.40 last_lr: 2.9894e-04
[36m(ModelLearner pid=1433939)[0m [dynamic-enduro-v5-test-10484] Steps 353472 (2518656[7.3]) @ 882.5 SPS (759.3). norm_m 2126.28 norm_p 0.15 total_loss_m 0.051609 total_loss_p 1.098632 fea_loss 0.005029 done_loss 0.001316
[36m(ActorLearner pid=1433940)[0m [1;34m[dynamic-enduro-v5-test-10484] Steps 354208 @ 759.9 SPS (811.3). (T_q: 5.11) Eps 96. [0mRet [1;31m0.000000[0m (0.000000/0.000000). Loss -0.00 pg_loss 0.00 entropy_loss -0.29 reg_loss 0.00 total_norm 0.00 mean_abs_v 0.42 last_lr: 2.9894e-04
[36m(ModelLearner pid=1433939)[0m [dynamic-enduro-v5-test-10484] Steps 354080 (2524032[7.3]) @ 885.7 SPS (759.6). norm_m 5555.73 norm_p 0.26 total_loss_m 0.125249 total_loss_p 1.098650 fea_loss 0.012413 done_loss 0.001117
[36m(ModelLearner pid=1433939)[0m [dynamic-enduro-v5-test-10484] Steps 354704 (2529408[7.3]) @ 886.2 SPS (759.9). norm_m 7309.58 norm_p 0.25 total_loss_m 0.133260 total_loss_p 1.092894 fea_loss 0.010195 done_loss 0.031312
[36m(ActorLearner pid=1433940)[0m [1;34m[dynamic-enduro-v5-test-10484] Steps 355040 @ 759.3 SPS (811.1). (T_q: 6.11) Eps 96. [0mRet [1;31m0.000000[0m (0.000000/0.000000). Loss -0.00 pg_loss 0.00 entropy_loss -0.28 reg_loss 0.00 total_norm 0.00 mean_abs_v 0.43 last_lr: 2.9893e-04
[36m(ModelLearner pid=1433939)[0m [dynamic-enduro-v5-test-10484] Steps 355296 (2534784[7.3]) @ 886.4 SPS (759.9). norm_m 4786.85 norm_p 0.34 total_loss_m 0.173646 total_loss_p 1.093715 fea_loss 0.015149 done_loss 0.022153
[36m(ActorLearner pid=1433940)[0m [1;34m[dynamic-enduro-v5-test-10484] Steps 355856 @ 761.7 SPS (811.1). (T_q: 5.38) Eps 96. [0mRet [1;31m0.000000[0m (0.000000/0.000000). Loss -0.00 pg_loss 0.00 entropy_loss -0.29 reg_loss 0.00 total_norm 0.00 mean_abs_v 0.44 last_lr: 2.9893e-04
[36m(ModelLearner pid=1433939)[0m [dynamic-enduro-v5-test-10484] Steps 355920 (2540160[7.3]) @ 886.7 SPS (760.3). norm_m 1651.38 norm_p 0.24 total_loss_m 0.068147 total_loss_p 1.094113 fea_loss 0.004549 done_loss 0.022653
[36m(ModelLearner pid=1433939)[0m [dynamic-enduro-v5-test-10484] Steps 356512 (2545536[7.3]) @ 894.1 SPS (760.7). norm_m 3525.52 norm_p 0.22 total_loss_m 0.092874 total_loss_p 1.098608 fea_loss 0.008861 done_loss 0.004265
[36m(ActorLearner pid=1433940)[0m [1;34m[dynamic-enduro-v5-test-10484] Steps 356800 @ 761.7 SPS (810.9). (T_q: 6.22) Eps 96. [0mRet [1;31m0.000000[0m (0.000000/0.000000). Loss -0.00 pg_loss 0.00 entropy_loss -0.34 reg_loss 0.00 total_norm 0.00 mean_abs_v 0.44 last_lr: 2.9893e-04
[36m(ModelLearner pid=1433939)[0m [dynamic-enduro-v5-test-10484] Steps 357104 (2550912[7.3]) @ 891.1 SPS (761.0). norm_m 8837.27 norm_p 0.37 total_loss_m 0.204420 total_loss_p 1.089221 fea_loss 0.015651 done_loss 0.047907
[36m(ActorLearner pid=1433940)[0m [1;34m[dynamic-enduro-v5-test-10484] Steps 357696 @ 762.7 SPS (810.9). (T_q: 5.51) Eps 96. [0mRet [1;31m0.000000[0m (0.000000/0.000000). Loss -0.00 pg_loss 0.00 entropy_loss -0.30 reg_loss 0.00 total_norm 0.00 mean_abs_v 0.43 last_lr: 2.9893e-04
