Gym has been unmaintained since 2022 and does not support NumPy 2.0 amongst other critical functionality.
Please upgrade to Gymnasium, the maintained drop-in replacement of Gym, or contact the authors of your software and request that they upgrade.
Users of this version of Gym should be able to simply replace 'import gym' with 'import gymnasium as gym' in the vast majority of cases.
See the migration guide at https://gymnasium.farama.org/introduction/migration_guide/ for additional information.
/home/jeongmin/miniconda3/envs/thinker/lib/python3.10/site-packages/pygame/pkgdata.py:25: UserWarning: pkg_resources is deprecated as an API. See https://setuptools.pypa.io/en/latest/pkg_resources.html. The pkg_resources package is slated for removal as early as 2025-11-30. Refrain from using this package or pin to Setuptools<81.
  from pkg_resources import resource_stream, resource_exists
Matplotlib is building the font cache; this may take a moment.
Gym has been unmaintained since 2022 and does not support NumPy 2.0 amongst other critical functionality.
Please upgrade to Gymnasium, the maintained drop-in replacement of Gym, or contact the authors of your software and request that they upgrade.
Users of this version of Gym should be able to simply replace 'import gym' with 'import gymnasium as gym' in the vast majority of cases.
See the migration guide at https://gymnasium.farama.org/introduction/migration_guide/ for additional information.
/home/jeongmin/miniconda3/envs/thinker/lib/python3.10/site-packages/pygame/pkgdata.py:25: UserWarning: pkg_resources is deprecated as an API. See https://setuptools.pypa.io/en/latest/pkg_resources.html. The pkg_resources package is slated for removal as early as 2025-11-30. Refrain from using this package or pin to Setuptools<81.
  from pkg_resources import resource_stream, resource_exists
Initializing...
fatal: not a git repository (or any parent up to mount point /)
Stopping at filesystem boundary (GIT_DISCOVERY_ACROSS_FILESYSTEM not set).
2026-08-24 14:36:28,947	INFO worker.py:2003 -- Started a local Ray instance. View the dashboard at [1m[32m127.0.0.1:8265 [39m[22m
/home/jeongmin/miniconda3/envs/thinker/lib/python3.10/site-packages/ray/_private/worker.py:2051: FutureWarning: Tip: In future versions of Ray, Ray will no longer override accelerator visible devices env var if num_gpus=0 or num_gpus=None (default). To enable this behavior and turn off this error message, set RAY_ACCEL_ENV_VAR_OVERRIDE_ON_ZERO=0
  warnings.warn(
Detected 1 GPU 12 CPU
[36m(pid=733237)[0m Gym has been unmaintained since 2022 and does not support NumPy 2.0 amongst other critical functionality.
[36m(pid=733237)[0m Please upgrade to Gymnasium, the maintained drop-in replacement of Gym, or contact the authors of your software and request that they upgrade.
[36m(pid=733237)[0m Users of this version of Gym should be able to simply replace 'import gym' with 'import gymnasium as gym' in the vast majority of cases.
[36m(pid=733237)[0m See the migration guide at https://gymnasium.farama.org/introduction/migration_guide/ for additional information.
[36m(pid=733237)[0m /home/jeongmin/miniconda3/envs/thinker/lib/python3.10/site-packages/pygame/pkgdata.py:25: UserWarning: pkg_resources is deprecated as an API. See https://setuptools.pypa.io/en/latest/pkg_resources.html. The pkg_resources package is slated for removal as early as 2025-11-30. Refrain from using this package or pin to Setuptools<81.
[36m(pid=733237)[0m   from pkg_resources import resource_stream, resource_exists
[36m(LogWorker pid=733239)[0m Initalizing log worker
[36m(SelfPlayWorker pid=733238)[0m Initializing actor 0 with device cuda
[36m(SelfPlayWorker pid=733238)[0m Initializing env 0 with device cuda
[36m(SelfPlayWorker pid=733238)[0m Init. environment with obs space [91mBox(0, 255, (12, 84, 84), uint8)[0m and action space [91mDiscrete(9)[0m
[36m(SelfPlayWorker pid=733238)[0m Model network size: 11061450
[36m(SelfPlayWorker pid=733238)[0m Actor network size: 1708875
[36m(SelfPlayWorker pid=733238)[0m Actor 0 started.
[36m(SelfPlayWorker pid=733238)[0m /scratch/jeongmin/dt-10479/p/thinker/thinker/actor_net.py:944: FutureWarning: `torch.cuda.amp.autocast(args...)` is deprecated. Please use `torch.amp.autocast('cuda', args...)` instead.
[36m(SelfPlayWorker pid=733238)[0m   with autocast(enabled=self.float16):
[36m(SelfPlayWorker pid=733238)[0m /scratch/jeongmin/dt-10479/p/thinker/thinker/actor_net.py:1477: FutureWarning: `torch.cuda.amp.autocast(args...)` is deprecated. Please use `torch.amp.autocast('cuda', args...)` instead.
[36m(SelfPlayWorker pid=733238)[0m   with autocast(enabled=self.float16):
[36m(ModelLearner pid=733241)[0m Init. model-learning: Using CUDA.
[36m(ActorLearner pid=733242)[0m Init. actor-learning: Using CUDA.
[36m(ActorBuffer pid=733232)[0m Gym has been unmaintained since 2022 and does not support NumPy 2.0 amongst other critical functionality.[32m [repeated 5x across cluster] (Ray deduplicates logs by default. Set RAY_DEDUP_LOGS=0 to disable log deduplication, or see https://docs.ray.io/en/master/ray-observability/user-guides/configure-logging.html#log-deduplication for more options.)[0m
[36m(ActorBuffer pid=733232)[0m Please upgrade to Gymnasium, the maintained drop-in replacement of Gym, or contact the authors of your software and request that they upgrade.[32m [repeated 5x across cluster][0m
[36m(ActorBuffer pid=733232)[0m Users of this version of Gym should be able to simply replace 'import gym' with 'import gymnasium as gym' in the vast majority of cases.[32m [repeated 5x across cluster][0m
[36m(ActorBuffer pid=733232)[0m See the migration guide at https://gymnasium.farama.org/introduction/migration_guide/ for additional information.[32m [repeated 5x across cluster][0m
[36m(pid=733242)[0m /home/jeongmin/miniconda3/envs/thinker/lib/python3.10/site-packages/pygame/pkgdata.py:25: UserWarning: pkg_resources is deprecated as an API. See https://setuptools.pypa.io/en/latest/pkg_resources.html. The pkg_resources package is slated for removal as early as 2025-11-30. Refrain from using this package or pin to Setuptools<81.[32m [repeated 4x across cluster][0m
[36m(pid=733242)[0m   from pkg_resources import resource_stream, resource_exists[32m [repeated 4x across cluster][0m
[36m(ActorLearner pid=733242)[0m Symlinked log directory: /scratch/jeongmin/dt-10479/p/logs/thinker/latest
[36m(ActorLearner pid=733242)[0m Saving arguments to /scratch/jeongmin/dt-10479/p/logs/thinker/dynamic-enduro-v5-test-10479/meta.json
[36m(ActorLearner pid=733242)[0m Saving messages to /scratch/jeongmin/dt-10479/p/logs/thinker/dynamic-enduro-v5-test-10479/out.log
[36m(ActorLearner pid=733242)[0m Saving logs data to /scratch/jeongmin/dt-10479/p/logs/thinker/dynamic-enduro-v5-test-10479/logs.csv
[36m(ActorLearner pid=733242)[0m /scratch/jeongmin/dt-10479/p/thinker/thinker/learn_actor.py:195: FutureWarning: `torch.cuda.amp.GradScaler(args...)` is deprecated. Please use `torch.amp.GradScaler('cuda', args...)` instead.
[36m(ActorLearner pid=733242)[0m   self.scaler = GradScaler(init_scale=2**8)
[36m(ModelLearner pid=733241)[0m   self.scaler_m = GradScaler(init_scale=2**3) if self.flags.float16 else None
[36m(ModelLearner pid=733241)[0m   self.scaler_p = GradScaler(init_scale=2**3) if self.flags.float16 else None
[36m(ActorBuffer pid=733232)[0m /home/jeongmin/miniconda3/envs/thinker/lib/python3.10/site-packages/pygame/pkgdata.py:25: UserWarning: pkg_resources is deprecated as an API. See https://setuptools.pypa.io/en/latest/pkg_resources.html. The pkg_resources package is slated for removal as early as 2025-11-30. Refrain from using this package or pin to Setuptools<81.
[36m(ActorBuffer pid=733232)[0m   from pkg_resources import resource_stream, resource_exists
[36m(ActorLearner pid=733242)[0m /scratch/jeongmin/dt-10479/p/thinker/thinker/actor_net.py:944: FutureWarning: `torch.cuda.amp.autocast(args...)` is deprecated. Please use `torch.amp.autocast('cuda', args...)` instead.
[36m(ActorLearner pid=733242)[0m   with autocast(enabled=self.float16):
[36m(ActorLearner pid=733242)[0m /scratch/jeongmin/dt-10479/p/thinker/thinker/actor_net.py:1477: FutureWarning: `torch.cuda.amp.autocast(args...)` is deprecated. Please use `torch.amp.autocast('cuda', args...)` instead.
[36m(ActorLearner pid=733242)[0m   with autocast(enabled=self.float16):
[36m(ModelLearner pid=733241)[0m [dynamic-enduro-v5-test-10479] Preloading: 1600/10000
[36m(ModelLearner pid=733241)[0m Symlinked log directory: /scratch/jeongmin/dt-10479/p/logs/thinker/latest
[36m(ModelLearner pid=733241)[0m Saving arguments to /scratch/jeongmin/dt-10479/p/logs/thinker/dynamic-enduro-v5-test-10479/meta_model.json
[36m(ModelLearner pid=733241)[0m Saving messages to /scratch/jeongmin/dt-10479/p/logs/thinker/dynamic-enduro-v5-test-10479/out_model.log
[36m(ModelLearner pid=733241)[0m Saving logs data to /scratch/jeongmin/dt-10479/p/logs/thinker/dynamic-enduro-v5-test-10479/logs_model.csv
[36m(ModelLearner pid=733241)[0m /scratch/jeongmin/dt-10479/p/thinker/thinker/learn_model.py:105: FutureWarning: `torch.cuda.amp.GradScaler(args...)` is deprecated. Please use `torch.amp.GradScaler('cuda', args...)` instead.[32m [repeated 2x across cluster][0m
[36m(ActorLearner pid=733242)[0m /scratch/jeongmin/dt-10479/p/thinker/thinker/learn_actor.py:441: UserWarning: Converting a tensor with requires_grad=True to a scalar may lead to unexpected behavior.
[36m(ActorLearner pid=733242)[0m Consider using tensor.detach() first. (Triggered internally at /pytorch/torch/csrc/autograd/generated/python_variable_methods.cpp:838.)
[36m(ActorLearner pid=733242)[0m   "\033[1;34m[%s] Steps %i @ %.1f SPS (%.1f). (T_q: %.2f) Eps %i. \033[0m"
[36m(ActorLearner pid=733242)[0m [1;34m[dynamic-enduro-v5-test-10479] Steps 336 @ 361.6 SPS (361.6). (T_q: 0.00) Eps 0. [0mRet [1;31m0.000000[0m (0.000000/0.000000). Loss -0.00 pg_loss 0.00 entropy_loss -0.24 reg_loss 0.00 total_norm 0.00 mean_abs_v 0.00 last_lr: 3.0000e-04
[36m(ActorLearner pid=733242)[0m Triggering actor step-based checkpoint at step 336 (milestone 0)
[36m(ActorLearner pid=733242)[0m Saving actor checkpoint to /scratch/jeongmin/dt-10479/p/logs/thinker/dynamic-enduro-v5-test-10479/ckp_actor.tar
[36m(ActorLearner pid=733242)[0m Saved actor checkpoint at step 336 to /scratch/jeongmin/dt-10479/p/logs/thinker/dynamic-enduro-v5-test-10479/ckp_actor.tar_step_336
[36m(ModelLearner pid=733241)[0m [dynamic-enduro-v5-test-10479] Preloading: 1856/10000
[36m(ActorLearner pid=733242)[0m Sent real_step update to ActorBuffer: 2000
[36m(LogWorker pid=733239)[0m Steps -1: Read fields for actor
[36m(LogWorker pid=733239)[0m ['_tick', '_time', 'rmean_episode_return', 'max_episode_return', 'rmean_len', 'rmean_im_episode_return', 'rmean_think_episode_return', 'search/proceed_ratio', 'search/reset_ratio', 'search/stop_ratio', 'search/wait_fraction', 'search/active_batch_fraction', 'search/active_batch_size', 'max_budget', 'mean_budget', 'search/mean_steps', 'search/median_steps', 'search/p95_steps', 'search/forced_stop_rate', 'search/real_transition_fraction', 'step', 'real_step', 'tot_eps', 'episode_returns', 'episode_lens', 'done_ids', 'actor/total_norm', 'actor/mean_abs_v', 'actor/pg_loss', 'actor/baseline_loss', 'actor/im_pg_loss', 'actor/im_baseline_loss', 'actor/think_pg_loss', 'actor/think_baseline_loss', 'actor/entropy_loss', 'actor/im_entropy_loss', 'actor/reg_loss', 'actor/total_loss', 'sps']
[36m(ActorLearner pid=733242)[0m [1;34m[dynamic-enduro-v5-test-10479] Steps 2768 @ 1401.9 SPS (1401.9). (T_q: 3.19) Eps 0. [0mRet [1;31m0.000000[0m (0.000000/0.000000). Loss -0.00 pg_loss 0.00 entropy_loss -0.51 reg_loss 0.00 total_norm 0.00 mean_abs_v 0.03 last_lr: 2.9999e-04
[36m(ModelLearner pid=733241)[0m [dynamic-enduro-v5-test-10479] Preloading: 2992/10000
[36m(ModelLearner pid=733241)[0m [dynamic-enduro-v5-test-10479] Preloading: 4912/10000
[36m(ActorLearner pid=733242)[0m [1;34m[dynamic-enduro-v5-test-10479] Steps 4912 @ 1315.4 SPS (1315.4). (T_q: 3.73) Eps 0. [0mRet [1;31m0.000000[0m (0.000000/0.000000). Loss -0.00 pg_loss 0.00 entropy_loss -0.81 reg_loss 0.00 total_norm 0.00 mean_abs_v 0.09 last_lr: 2.9999e-04
[36m(ModelLearner pid=733241)[0m [dynamic-enduro-v5-test-10479] Preloading: 7200/10000
[36m(ActorLearner pid=733242)[0m [1;34m[dynamic-enduro-v5-test-10479] Steps 7520 @ 1257.7 SPS (1257.7). (T_q: 4.01) Eps 0. [0mRet [1;31m0.000000[0m (0.000000/0.000000). Loss -0.00 pg_loss 0.00 entropy_loss -0.90 reg_loss 0.00 total_norm 0.00 mean_abs_v 0.11 last_lr: 2.9998e-04
[36m(ModelLearner pid=733241)[0m [dynamic-enduro-v5-test-10479] Preloading: 9024/10000
[36m(ModelLearner pid=733241)[0m /scratch/jeongmin/dt-10479/p/thinker/thinker/learn_model.py:295: FutureWarning: `torch.cuda.amp.autocast(args...)` is deprecated. Please use `torch.amp.autocast('cuda', args...)` instead.
[36m(ModelLearner pid=733241)[0m   with autocast(enabled=self.flags.float16):
[36m(ActorLearner pid=733242)[0m [1;34m[dynamic-enduro-v5-test-10479] Steps 9936 @ 1222.1 SPS (1222.1). (T_q: 3.70) Eps 0. [0mRet [1;31m0.000000[0m (0.000000/0.000000). Loss -0.00 pg_loss 0.00 entropy_loss -0.78 reg_loss 0.00 total_norm 0.00 mean_abs_v 0.09 last_lr: 2.9997e-04
[36m(ModelLearner pid=733241)[0m /scratch/jeongmin/dt-10479/p/thinker/thinker/learn_model.py:310: FutureWarning: `torch.cuda.amp.autocast(args...)` is deprecated. Please use `torch.amp.autocast('cuda', args...)` instead.
[36m(ModelLearner pid=733241)[0m   with autocast(enabled=self.flags.float16):
[36m(ModelLearner pid=733241)[0m Triggering model step-based checkpoint at step 10000 (milestone 0)
[36m(ModelLearner pid=733241)[0m Saving model checkpoint to /scratch/jeongmin/dt-10479/p/logs/thinker/dynamic-enduro-v5-test-10479/ckp_model.tar
[36m(ModelLearner pid=733241)[0m Saved model checkpoint at step 10000 to /scratch/jeongmin/dt-10479/p/logs/thinker/dynamic-enduro-v5-test-10479/ckp_model.tar_step_10000
[36m(ModelLearner pid=733241)[0m [dynamic-enduro-v5-test-10479] Steps 10032 (1536[46.5]) @ 43.7 SPS (43.7). norm_m 4092.11 norm_p 1.43 total_loss_m 1.430868 total_loss_p 1.098620 fea_loss 0.085296 done_loss 0.577911
[36m(ModelLearner pid=733241)[0m [dynamic-enduro-v5-test-10479] Steps 11904 (10752[5.6]) @ 265.0 SPS (265.0). norm_m 1556.99 norm_p 1.00 total_loss_m 0.580748 total_loss_p 1.098572 fea_loss 0.008035 done_loss 0.500397
[36m(ActorLearner pid=733242)[0m [1;34m[dynamic-enduro-v5-test-10479] Steps 12048 @ 1111.3 SPS (1111.3). (T_q: 5.84) Eps 0. [0mRet [1;31m0.000000[0m (0.000000/0.000000). Loss -0.00 pg_loss 0.00 entropy_loss -0.72 reg_loss 0.00 total_norm 0.00 mean_abs_v 0.06 last_lr: 2.9996e-04
[36m(LogWorker pid=733239)[0m Steps 9936: Read fields for model
[36m(LogWorker pid=733239)[0m ['_tick', '_time', 'step', 'real_step', 'model/total_norm_m', 'model/total_norm_p', 'model/rs_loss', 'model/done_loss', 'model/img_loss', 'model/fea_loss', 'model/noise_loss', 'model/total_loss_m', 'model/vs_loss', 'model/policy_loss', 'model/reg_loss', 'model/total_loss_p']
[36m(ModelLearner pid=733241)[0m [dynamic-enduro-v5-test-10479] Steps 12752 (19968[7.3]) @ 435.7 SPS (435.7). norm_m 1514.05 norm_p 0.92 total_loss_m 0.211453 total_loss_p 1.098572 fea_loss 0.021079 done_loss 0.000667
[36m(ActorLearner pid=733242)[0m [1;34m[dynamic-enduro-v5-test-10479] Steps 13024 @ 1045.2 SPS (1045.2). (T_q: 4.10) Eps 0. [0mRet [1;31m0.000000[0m (0.000000/0.000000). Loss -0.00 pg_loss 0.00 entropy_loss -0.65 reg_loss 0.00 total_norm 0.00 mean_abs_v 0.05 last_lr: 2.9996e-04
[36m(ModelLearner pid=733241)[0m [dynamic-enduro-v5-test-10479] Steps 13520 (29184[8.3]) @ 571.8 SPS (571.8). norm_m 1234.29 norm_p 0.75 total_loss_m 0.302060 total_loss_p 1.098557 fea_loss 0.030192 done_loss 0.000137
[36m(ActorLearner pid=733242)[0m [1;34m[dynamic-enduro-v5-test-10479] Steps 13888 @ 991.4 SPS (991.4). (T_q: 4.15) Eps 0. [0mRet [1;31m0.000000[0m (0.000000/0.000000). Loss -0.00 pg_loss 0.00 entropy_loss -0.60 reg_loss 0.00 total_norm 0.00 mean_abs_v 0.04 last_lr: 2.9996e-04
[36m(ModelLearner pid=733241)[0m [dynamic-enduro-v5-test-10479] Steps 14240 (38400[9.1]) @ 681.9 SPS (681.9). norm_m 2324.34 norm_p 1.39 total_loss_m 0.167050 total_loss_p 1.098563 fea_loss 0.016685 done_loss 0.000200
[36m(ActorLearner pid=733242)[0m [1;34m[dynamic-enduro-v5-test-10479] Steps 14672 @ 950.4 SPS (950.4). (T_q: 4.04) Eps 0. [0mRet [1;31m0.000000[0m (0.000000/0.000000). Loss -0.00 pg_loss 0.00 entropy_loss -0.52 reg_loss 0.00 total_norm 0.00 mean_abs_v 0.04 last_lr: 2.9996e-04
[36m(ModelLearner pid=733241)[0m [dynamic-enduro-v5-test-10479] Steps 14960 (47616[9.6]) @ 772.8 SPS (772.8). norm_m 1375.03 norm_p 1.32 total_loss_m 0.087886 total_loss_p 1.098495 fea_loss 0.008772 done_loss 0.000167
[36m(ActorLearner pid=733242)[0m [1;34m[dynamic-enduro-v5-test-10479] Steps 15456 @ 918.7 SPS (918.7). (T_q: 3.94) Eps 0. [0mRet [1;31m0.000000[0m (0.000000/0.000000). Loss -0.00 pg_loss 0.00 entropy_loss -0.54 reg_loss 0.00 total_norm 0.00 mean_abs_v 0.05 last_lr: 2.9995e-04
[36m(ModelLearner pid=733241)[0m [dynamic-enduro-v5-test-10479] Steps 15712 (56832[9.9]) @ 850.3 SPS (850.3). norm_m 1996.18 norm_p 2.71 total_loss_m 0.136689 total_loss_p 1.098300 fea_loss 0.013656 done_loss 0.000124
[36m(ActorLearner pid=733242)[0m [1;34m[dynamic-enduro-v5-test-10479] Steps 16464 @ 886.3 SPS (886.3). (T_q: 4.24) Eps 0. [0mRet [1;31m0.000000[0m (0.000000/0.000000). Loss -0.00 pg_loss 0.00 entropy_loss -0.67 reg_loss 0.00 total_norm 0.00 mean_abs_v 0.06 last_lr: 2.9995e-04
[36m(ModelLearner pid=733241)[0m [dynamic-enduro-v5-test-10479] Steps 16496 (66048[10.2]) @ 916.5 SPS (916.5). norm_m 1493.63 norm_p 3.69 total_loss_m 0.072810 total_loss_p 1.097840 fea_loss 0.007278 done_loss 0.000031
[36m(ModelLearner pid=733241)[0m [dynamic-enduro-v5-test-10479] Steps 17264 (75264[10.4]) @ 973.2 SPS (973.2). norm_m 3542.02 norm_p 2.93 total_loss_m 0.107035 total_loss_p 1.098116 fea_loss 0.010697 done_loss 0.000065
[36m(ActorLearner pid=733242)[0m [1;34m[dynamic-enduro-v5-test-10479] Steps 17264 @ 860.3 SPS (860.3). (T_q: 3.98) Eps 0. [0mRet [1;31m0.000000[0m (0.000000/0.000000). Loss -0.00 pg_loss 0.00 entropy_loss -0.54 reg_loss 0.00 total_norm 0.00 mean_abs_v 0.05 last_lr: 2.9995e-04
[36m(ModelLearner pid=733241)[0m [dynamic-enduro-v5-test-10479] Steps 17968 (84480[10.6]) @ 1024.5 SPS (1024.5). norm_m 1701.49 norm_p 3.06 total_loss_m 0.133063 total_loss_p 1.098231 fea_loss 0.013305 done_loss 0.000015
[36m(ActorLearner pid=733242)[0m [1;34m[dynamic-enduro-v5-test-10479] Steps 17968 @ 841.1 SPS (841.1). (T_q: 3.89) Eps 0. [0mRet [1;31m0.000000[0m (0.000000/0.000000). Loss -0.00 pg_loss 0.00 entropy_loss -0.48 reg_loss 0.00 total_norm 0.00 mean_abs_v 0.04 last_lr: 2.9995e-04
[36m(ActorLearner pid=733242)[0m [1;34m[dynamic-enduro-v5-test-10479] Steps 18608 @ 824.8 SPS (824.8). (T_q: 3.92) Eps 0. [0mRet [1;31m0.000000[0m (0.000000/0.000000). Loss -0.00 pg_loss 0.00 entropy_loss -0.44 reg_loss 0.00 total_norm 0.00 mean_abs_v 0.04 last_lr: 2.9994e-04
[36m(ModelLearner pid=733241)[0m [dynamic-enduro-v5-test-10479] Steps 18608 (93696[10.9]) @ 1054.3 SPS (1054.3). norm_m 3375.70 norm_p 2.35 total_loss_m 0.115205 total_loss_p 1.098446 fea_loss 0.011510 done_loss 0.000108
[36m(ModelLearner pid=733241)[0m [dynamic-enduro-v5-test-10479] Steps 19520 (98304[10.3]) @ 1045.1 SPS (1045.1). norm_m 5075.11 norm_p 1.50 total_loss_m 0.113439 total_loss_p 1.098454 fea_loss 0.011343 done_loss 0.000006
[36m(ActorLearner pid=733242)[0m [1;34m[dynamic-enduro-v5-test-10479] Steps 20032 @ 818.3 SPS (818.3). (T_q: 5.51) Eps 0. [0mRet [1;31m0.000000[0m (0.000000/0.000000). Loss -0.00 pg_loss 0.00 entropy_loss -0.53 reg_loss 0.00 total_norm 0.00 mean_abs_v 0.05 last_lr: 2.9994e-04
[36m(ModelLearner pid=733241)[0m [dynamic-enduro-v5-test-10479] Steps 20592 (103680[9.8]) @ 1040.7 SPS (1040.7). norm_m 2500.43 norm_p 3.21 total_loss_m 0.154162 total_loss_p 1.098413 fea_loss 0.015416 done_loss 0.000003
[36m(ModelLearner pid=733241)[0m [dynamic-enduro-v5-test-10479] Steps 21520 (108288[9.4]) @ 1026.3 SPS (1026.3). norm_m 4527.99 norm_p 2.37 total_loss_m 0.169064 total_loss_p 1.098423 fea_loss 0.016906 done_loss 0.000009
[36m(ActorLearner pid=733242)[0m [1;34m[dynamic-enduro-v5-test-10479] Steps 21600 @ 813.0 SPS (813.0). (T_q: 5.48) Eps 0. [0mRet [1;31m0.000000[0m (0.000000/0.000000). Loss -0.00 pg_loss 0.00 entropy_loss -0.53 reg_loss 0.00 total_norm 0.00 mean_abs_v 0.05 last_lr: 2.9994e-04
[36m(ModelLearner pid=733241)[0m [dynamic-enduro-v5-test-10479] Steps 22592 (113664[9.0]) @ 1026.0 SPS (1026.0). norm_m 9945.21 norm_p 1.68 total_loss_m 0.211110 total_loss_p 1.098344 fea_loss 0.021086 done_loss 0.000252
[36m(ActorLearner pid=733242)[0m [1;34m[dynamic-enduro-v5-test-10479] Steps 23440 @ 804.1 SPS (804.1). (T_q: 6.14) Eps 0. [0mRet [1;31m0.000000[0m (0.000000/0.000000). Loss -0.00 pg_loss 0.00 entropy_loss -0.65 reg_loss 0.00 total_norm 0.00 mean_abs_v 0.08 last_lr: 2.9993e-04
[36m(ModelLearner pid=733241)[0m [dynamic-enduro-v5-test-10479] Steps 23664 (119040[8.7]) @ 1027.4 SPS (1027.4). norm_m 1214.69 norm_p 1.88 total_loss_m 0.098564 total_loss_p 1.098296 fea_loss 0.009848 done_loss 0.000080
[36m(ModelLearner pid=733241)[0m [dynamic-enduro-v5-test-10479] Steps 24896 (125184[8.4]) @ 1031.5 SPS (1031.5). norm_m 6529.19 norm_p 1.50 total_loss_m 0.161521 total_loss_p 1.098379 fea_loss 0.016151 done_loss 0.000011
[36m(ActorLearner pid=733242)[0m [1;34m[dynamic-enduro-v5-test-10479] Steps 25488 @ 795.5 SPS (795.5). (T_q: 6.19) Eps 0. [0mRet [1;31m0.000000[0m (0.000000/0.000000). Loss -0.00 pg_loss 0.00 entropy_loss -0.70 reg_loss 0.00 total_norm 0.00 mean_abs_v 0.09 last_lr: 2.9992e-04
[36m(ModelLearner pid=733241)[0m [dynamic-enduro-v5-test-10479] Steps 26128 (131328[8.1]) @ 1035.5 SPS (1035.5). norm_m 3002.50 norm_p 0.89 total_loss_m 0.130828 total_loss_p 1.098411 fea_loss 0.013072 done_loss 0.000111
[36m(ModelLearner pid=733241)[0m [dynamic-enduro-v5-test-10479] Steps 27200 (136704[7.9]) @ 1036.5 SPS (1036.5). norm_m 1211.31 norm_p 1.06 total_loss_m 0.122399 total_loss_p 1.098502 fea_loss 0.012239 done_loss 0.000013
[36m(ActorLearner pid=733242)[0m [1;34m[dynamic-enduro-v5-test-10479] Steps 27504 @ 787.8 SPS (787.8). (T_q: 6.33) Eps 0. [0mRet [1;31m0.000000[0m (0.000000/0.000000). Loss -0.00 pg_loss 0.00 entropy_loss -0.66 reg_loss 0.00 total_norm 0.00 mean_abs_v 0.07 last_lr: 2.9992e-04
[36m(ModelLearner pid=733241)[0m [dynamic-enduro-v5-test-10479] Steps 28272 (142080[7.8]) @ 1029.9 SPS (1029.9). norm_m 846.50 norm_p 0.55 total_loss_m 0.099466 total_loss_p 1.098545 fea_loss 0.009945 done_loss 0.000020
[36m(ActorLearner pid=733242)[0m [1;34m[dynamic-enduro-v5-test-10479] Steps 29104 @ 784.2 SPS (784.2). (T_q: 5.72) Eps 0. [0mRet [1;31m0.000000[0m (0.000000/0.000000). Loss -0.00 pg_loss 0.00 entropy_loss -0.51 reg_loss 0.00 total_norm 0.00 mean_abs_v 0.05 last_lr: 2.9991e-04
[36m(ModelLearner pid=733241)[0m [dynamic-enduro-v5-test-10479] Steps 29200 (146688[7.6]) @ 1025.8 SPS (1025.8). norm_m 417.87 norm_p 1.08 total_loss_m 0.111202 total_loss_p 1.098515 fea_loss 0.011117 done_loss 0.000032
[36m(ModelLearner pid=733241)[0m [dynamic-enduro-v5-test-10479] Steps 30112 (151296[7.5]) @ 1022.2 SPS (1022.2). norm_m 1188.02 norm_p 0.76 total_loss_m 0.154057 total_loss_p 1.098543 fea_loss 0.015402 done_loss 0.000037
[36m(ActorLearner pid=733242)[0m [1;34m[dynamic-enduro-v5-test-10479] Steps 30544 @ 784.0 SPS (784.0). (T_q: 5.41) Eps 0. [0mRet [1;31m0.000000[0m (0.000000/0.000000). Loss -0.00 pg_loss 0.00 entropy_loss -0.46 reg_loss 0.00 total_norm 0.00 mean_abs_v 0.05 last_lr: 2.9991e-04
[36m(ModelLearner pid=733241)[0m [dynamic-enduro-v5-test-10479] Steps 31040 (155904[7.4]) @ 1018.2 SPS (1018.2). norm_m 408.19 norm_p 0.77 total_loss_m 0.145140 total_loss_p 1.098500 fea_loss 0.014513 done_loss 0.000011
[36m(ModelLearner pid=733241)[0m [dynamic-enduro-v5-test-10479] Steps 31952 (160512[7.3]) @ 1009.8 SPS (1009.8). norm_m 469.30 norm_p 0.56 total_loss_m 0.189379 total_loss_p 1.098473 fea_loss 0.018937 done_loss 0.000006
[36m(ActorLearner pid=733242)[0m [1;34m[dynamic-enduro-v5-test-10479] Steps 32096 @ 782.3 SPS (782.3). (T_q: 5.84) Eps 0. [0mRet [1;31m0.000000[0m (0.000000/0.000000). Loss -0.00 pg_loss 0.00 entropy_loss -0.53 reg_loss 0.00 total_norm 0.00 mean_abs_v 0.05 last_lr: 2.9990e-04
[36m(ModelLearner pid=733241)[0m [dynamic-enduro-v5-test-10479] Steps 33040 (165888[7.2]) @ 1008.5 SPS (1008.5). norm_m 1052.83 norm_p 1.39 total_loss_m 0.279503 total_loss_p 1.098393 fea_loss 0.027948 done_loss 0.000021
[36m(ActorLearner pid=733242)[0m [1;34m[dynamic-enduro-v5-test-10479] Steps 33792 @ 779.2 SPS (779.2). (T_q: 5.93) Eps 0. [0mRet [1;31m0.000000[0m (0.000000/0.000000). Loss -0.00 pg_loss 0.00 entropy_loss -0.60 reg_loss 0.00 total_norm 0.00 mean_abs_v 0.07 last_lr: 2.9990e-04
[36m(ModelLearner pid=733241)[0m [dynamic-enduro-v5-test-10479] Steps 34112 (171264[7.1]) @ 1009.2 SPS (1009.2). norm_m 1548.57 norm_p 1.08 total_loss_m 0.261281 total_loss_p 1.098414 fea_loss 0.026128 done_loss 0.000004
[36m(ModelLearner pid=733241)[0m [dynamic-enduro-v5-test-10479] Steps 35184 (176640[7.0]) @ 1010.2 SPS (1010.2). norm_m 1270.62 norm_p 1.08 total_loss_m 0.123522 total_loss_p 1.098420 fea_loss 0.012349 done_loss 0.000035
[36m(ActorLearner pid=733242)[0m [1;34m[dynamic-enduro-v5-test-10479] Steps 35680 @ 773.8 SPS (773.8). (T_q: 6.27) Eps 0. [0mRet [1;31m0.000000[0m (0.000000/0.000000). Loss -0.00 pg_loss 0.00 entropy_loss -0.66 reg_loss 0.00 total_norm 0.00 mean_abs_v 0.09 last_lr: 2.9989e-04
[36m(ModelLearner pid=733241)[0m [dynamic-enduro-v5-test-10479] Steps 36416 (182784[6.9]) @ 1014.1 SPS (1014.1). norm_m 1351.85 norm_p 1.30 total_loss_m 0.198858 total_loss_p 1.098393 fea_loss 0.019882 done_loss 0.000039
[36m(ModelLearner pid=733241)[0m [dynamic-enduro-v5-test-10479] Steps 37648 (188928[6.8]) @ 1019.0 SPS (1019.0). norm_m 3321.72 norm_p 0.89 total_loss_m 0.269947 total_loss_p 1.098484 fea_loss 0.026993 done_loss 0.000022
[36m(ActorLearner pid=733242)[0m [1;34m[dynamic-enduro-v5-test-10479] Steps 37856 @ 768.8 SPS (768.8). (T_q: 6.26) Eps 0. [0mRet [1;31m0.000000[0m (0.000000/0.000000). Loss -0.00 pg_loss 0.00 entropy_loss -0.77 reg_loss 0.00 total_norm 0.00 mean_abs_v 0.14 last_lr: 2.9989e-04
[36m(ModelLearner pid=733241)[0m [dynamic-enduro-v5-test-10479] Steps 38864 (195072[6.8]) @ 1017.4 SPS (1017.4). norm_m 3102.99 norm_p 1.24 total_loss_m 0.247631 total_loss_p 1.098437 fea_loss 0.024756 done_loss 0.000067
[36m(ModelLearner pid=733241)[0m Saving model checkpoint to /scratch/jeongmin/dt-10479/p/logs/thinker/dynamic-enduro-v5-test-10479/ckp_model.tar
[36m(ActorLearner pid=733242)[0m [1;34m[dynamic-enduro-v5-test-10479] Steps 40016 @ 763.8 SPS (763.8). (T_q: 6.56) Eps 0. [0mRet [1;31m0.000000[0m (0.000000/0.000000). Loss -0.00 pg_loss 0.00 entropy_loss -0.72 reg_loss 0.00 total_norm 0.00 mean_abs_v 0.10 last_lr: 2.9988e-04
[36m(ActorLearner pid=733242)[0m Saving actor checkpoint to /scratch/jeongmin/dt-10479/p/logs/thinker/dynamic-enduro-v5-test-10479/ckp_actor.tar
[36m(ModelLearner pid=733241)[0m [dynamic-enduro-v5-test-10479] Steps 40096 (201216[6.7]) @ 1019.9 SPS (1019.9). norm_m 6128.86 norm_p 1.11 total_loss_m 0.219498 total_loss_p 1.098466 fea_loss 0.021942 done_loss 0.000082
[36m(ModelLearner pid=733241)[0m [dynamic-enduro-v5-test-10479] Steps 41168 (206592[6.6]) @ 1020.4 SPS (1020.4). norm_m 9810.96 norm_p 1.76 total_loss_m 0.593614 total_loss_p 1.098506 fea_loss 0.059361 done_loss 0.000003
[36m(ActorLearner pid=733242)[0m [1;34m[dynamic-enduro-v5-test-10479] Steps 41856 @ 761.1 SPS (761.1). (T_q: 6.01) Eps 0. [0mRet [1;31m0.000000[0m (0.000000/0.000000). Loss -0.00 pg_loss 0.00 entropy_loss -0.61 reg_loss 0.00 total_norm 0.00 mean_abs_v 0.07 last_lr: 2.9987e-04
[36m(ModelLearner pid=733241)[0m [dynamic-enduro-v5-test-10479] Steps 42256 (211968[6.6]) @ 1021.0 SPS (1021.0). norm_m 2468.39 norm_p 0.89 total_loss_m 0.196613 total_loss_p 1.098487 fea_loss 0.019359 done_loss 0.003019
[36m(ModelLearner pid=733241)[0m [dynamic-enduro-v5-test-10479] Steps 43328 (217344[6.5]) @ 1020.8 SPS (1020.8). norm_m 4131.48 norm_p 0.80 total_loss_m 0.239832 total_loss_p 1.098492 fea_loss 0.023973 done_loss 0.000102
[36m(ActorLearner pid=733242)[0m [1;34m[dynamic-enduro-v5-test-10479] Steps 43616 @ 760.0 SPS (760.0). (T_q: 5.80) Eps 0. [0mRet [1;31m0.000000[0m (0.000000/0.000000). Loss -0.00 pg_loss 0.00 entropy_loss -0.58 reg_loss 0.00 total_norm 0.00 mean_abs_v 0.06 last_lr: 2.9987e-04
[36m(ModelLearner pid=733241)[0m [dynamic-enduro-v5-test-10479] Steps 44400 (222720[6.5]) @ 1015.3 SPS (1015.3). norm_m 1973.29 norm_p 0.43 total_loss_m 0.134221 total_loss_p 1.098505 fea_loss 0.013422 done_loss 0.000001
[36m(ActorLearner pid=733242)[0m [1;34m[dynamic-enduro-v5-test-10479] Steps 45248 @ 758.3 SPS (758.3). (T_q: 5.85) Eps 0. [0mRet [1;31m0.000000[0m (0.000000/0.000000). Loss -0.00 pg_loss 0.00 entropy_loss -0.54 reg_loss 0.00 total_norm 0.00 mean_abs_v 0.05 last_lr: 2.9986e-04
[36m(ModelLearner pid=733241)[0m [dynamic-enduro-v5-test-10479] Steps 45472 (228096[6.4]) @ 1194.7 SPS (1014.6). norm_m 4729.67 norm_p 0.45 total_loss_m 0.121200 total_loss_p 1.098514 fea_loss 0.012119 done_loss 0.000007
[36m(ModelLearner pid=733241)[0m [dynamic-enduro-v5-test-10479] Steps 46400 (232704[6.4]) @ 1172.9 SPS (1012.6). norm_m 1491.13 norm_p 0.79 total_loss_m 0.089259 total_loss_p 1.098510 fea_loss 0.008926 done_loss 0.000001
[36m(ActorLearner pid=733242)[0m [1;34m[dynamic-enduro-v5-test-10479] Steps 46784 @ 757.8 SPS (757.8). (T_q: 5.55) Eps 0. [0mRet [1;31m0.000000[0m (0.000000/0.000000). Loss -0.00 pg_loss 0.00 entropy_loss -0.51 reg_loss 0.00 total_norm 0.00 mean_abs_v 0.05 last_lr: 2.9986e-04
[36m(ModelLearner pid=733241)[0m [dynamic-enduro-v5-test-10479] Steps 47312 (237312[6.4]) @ 1150.0 SPS (1010.6). norm_m 1623.02 norm_p 0.31 total_loss_m 0.076276 total_loss_p 1.098529 fea_loss 0.007627 done_loss 0.000006
[36m(ModelLearner pid=733241)[0m [dynamic-enduro-v5-test-10479] Steps 48240 (241920[6.3]) @ 1121.0 SPS (1004.6). norm_m 7428.49 norm_p 0.68 total_loss_m 0.172068 total_loss_p 1.098573 fea_loss 0.017207 done_loss 0.000000
[36m(ActorLearner pid=733242)[0m [1;34m[dynamic-enduro-v5-test-10479] Steps 48304 @ 757.5 SPS (757.5). (T_q: 5.57) Eps 0. [0mRet [1;31m0.000000[0m (0.000000/0.000000). Loss -0.00 pg_loss 0.00 entropy_loss -0.53 reg_loss 0.00 total_norm 0.00 mean_abs_v 0.05 last_lr: 2.9986e-04
[36m(ModelLearner pid=733241)[0m [dynamic-enduro-v5-test-10479] Steps 49312 (247296[6.3]) @ 1100.0 SPS (1004.4). norm_m 2099.86 norm_p 0.35 total_loss_m 0.066759 total_loss_p 1.098555 fea_loss 0.006676 done_loss 0.000004
[36m(ActorLearner pid=733242)[0m [1;34m[dynamic-enduro-v5-test-10479] Steps 49984 @ 756.3 SPS (756.3). (T_q: 5.97) Eps 0. [0mRet [1;31m0.000000[0m (0.000000/0.000000). Loss -0.00 pg_loss 0.00 entropy_loss -0.58 reg_loss 0.00 total_norm 0.00 mean_abs_v 0.06 last_lr: 2.9985e-04
[36m(ModelLearner pid=733241)[0m [dynamic-enduro-v5-test-10479] Steps 50384 (252672[6.3]) @ 1079.6 SPS (1004.4). norm_m 46.85 norm_p 0.09 total_loss_m 0.002357 total_loss_p 0.021638 fea_loss 0.000236 done_loss 0.000000
[36m(ModelLearner pid=733241)[0m [dynamic-enduro-v5-test-10479] Steps 51472 (258048[6.2]) @ 1059.0 SPS (1004.7). norm_m 631.02 norm_p 0.41 total_loss_m 0.054321 total_loss_p 1.098567 fea_loss 0.005432 done_loss 0.000000
[36m(ActorLearner pid=733242)[0m [1;34m[dynamic-enduro-v5-test-10479] Steps 51696 @ 755.4 SPS (755.4). (T_q: 5.87) Eps 0. [0mRet [1;31m0.000000[0m (0.000000/0.000000). Loss -0.00 pg_loss 0.00 entropy_loss -0.60 reg_loss 0.00 total_norm 0.00 mean_abs_v 0.07 last_lr: 2.9984e-04
[36m(ModelLearner pid=733241)[0m [dynamic-enduro-v5-test-10479] Steps 52544 (263424[6.2]) @ 1034.4 SPS (1002.1). norm_m 769.87 norm_p 0.48 total_loss_m 0.041191 total_loss_p 1.098553 fea_loss 0.004119 done_loss 0.000000
[36m(SelfPlayWorker pid=733238)[0m [DEBUG] Episode termination detected:
[36m(SelfPlayWorker pid=733238)[0m   - done: tensor([False, False, False,  True, False, False, False, False, False, False,
[36m(SelfPlayWorker pid=733238)[0m         False, False, False, False,  True, False], device='cuda:0')
[36m(SelfPlayWorker pid=733238)[0m   - truncated_done: tensor([False, False, False, False, False, False, False, False, False, False,
[36m(SelfPlayWorker pid=733238)[0m         False, False, False, False, False, False], device='cuda:0')
[36m(SelfPlayWorker pid=733238)[0m   - real_done: tensor([False, False, False,  True, False, False, False, False, False, False,
[36m(SelfPlayWorker pid=733238)[0m         False, False, False, False,  True, False], device='cuda:0')
[36m(SelfPlayWorker pid=733238)[0m   - step_status: tensor([0, 0, 0, 0, 0, 0, 0, 0, 0, 0, 0, 0, 0, 0, 0, 0], device='cuda:0')
[36m(SelfPlayWorker pid=733238)[0m   - counter: 12560
[36m(SelfPlayWorker pid=733238)[0m [DEBUG] Episode termination detected:
[36m(SelfPlayWorker pid=733238)[0m   - done: tensor([False, False,  True, False,  True, False, False, False, False, False,
[36m(SelfPlayWorker pid=733238)[0m          True,  True, False, False, False, False], device='cuda:0')
[36m(SelfPlayWorker pid=733238)[0m   - truncated_done: tensor([False, False, False, False, False, False, False, False, False, False,
[36m(SelfPlayWorker pid=733238)[0m         False, False, False, False, False, False], device='cuda:0')
[36m(SelfPlayWorker pid=733238)[0m   - real_done: tensor([False, False,  True, False,  True, False, False, False, False, False,
[36m(SelfPlayWorker pid=733238)[0m          True,  True, False, False, False, False], device='cuda:0')
[36m(SelfPlayWorker pid=733238)[0m   - step_status: tensor([0, 0, 0, 0, 0, 0, 0, 0, 0, 0, 0, 0, 0, 0, 0, 0], device='cuda:0')
[36m(SelfPlayWorker pid=733238)[0m   - counter: 12563
[36m(SelfPlayWorker pid=733238)[0m [DEBUG] Episode termination detected:
[36m(SelfPlayWorker pid=733238)[0m   - done: tensor([False, False, False, False, False, False, False, False, False,  True,
[36m(SelfPlayWorker pid=733238)[0m         False, False, False, False, False, False], device='cuda:0')
[36m(SelfPlayWorker pid=733238)[0m   - truncated_done: tensor([False, False, False, False, False, False, False, False, False, False,
[36m(SelfPlayWorker pid=733238)[0m         False, False, False, False, False, False], device='cuda:0')
[36m(SelfPlayWorker pid=733238)[0m   - real_done: tensor([False, False, False, False, False, False, False, False, False,  True,
[36m(SelfPlayWorker pid=733238)[0m         False, False, False, False, False, False], device='cuda:0')
[36m(SelfPlayWorker pid=733238)[0m   - step_status: tensor([0, 0, 0, 0, 0, 0, 0, 0, 0, 0, 0, 0, 0, 0, 0, 0], device='cuda:0')
[36m(SelfPlayWorker pid=733238)[0m   - counter: 12567
[36m(SelfPlayWorker pid=733238)[0m [DEBUG] Episode termination detected:
[36m(SelfPlayWorker pid=733238)[0m   - done: tensor([ True, False, False, False, False, False, False, False,  True, False,
[36m(SelfPlayWorker pid=733238)[0m         False, False,  True, False, False, False], device='cuda:0')
[36m(SelfPlayWorker pid=733238)[0m   - truncated_done: tensor([False, False, False, False, False, False, False, False, False, False,
[36m(SelfPlayWorker pid=733238)[0m         False, False, False, False, False, False], device='cuda:0')
[36m(SelfPlayWorker pid=733238)[0m   - real_done: tensor([ True, False, False, False, False, False, False, False,  True, False,
[36m(SelfPlayWorker pid=733238)[0m         False, False,  True, False, False, False], device='cuda:0')
[36m(SelfPlayWorker pid=733238)[0m   - step_status: tensor([0, 0, 0, 0, 0, 0, 0, 0, 0, 0, 0, 0, 0, 0, 0, 0], device='cuda:0')
[36m(SelfPlayWorker pid=733238)[0m   - counter: 12572
[36m(SelfPlayWorker pid=733238)[0m [DEBUG] Episode termination detected:
[36m(SelfPlayWorker pid=733238)[0m   - done: tensor([False, False, False, False, False, False, False,  True, False, False,
[36m(SelfPlayWorker pid=733238)[0m         False, False, False, False, False, False], device='cuda:0')
[36m(SelfPlayWorker pid=733238)[0m   - truncated_done: tensor([False, False, False, False, False, False, False, False, False, False,
[36m(SelfPlayWorker pid=733238)[0m         False, False, False, False, False, False], device='cuda:0')
[36m(SelfPlayWorker pid=733238)[0m   - real_done: tensor([False, False, False, False, False, False, False,  True, False, False,
[36m(SelfPlayWorker pid=733238)[0m         False, False, False, False, False, False], device='cuda:0')
[36m(SelfPlayWorker pid=733238)[0m   - step_status: tensor([0, 0, 0, 0, 0, 0, 0, 0, 0, 0, 0, 0, 0, 0, 0, 0], device='cuda:0')
[36m(SelfPlayWorker pid=733238)[0m   - counter: 12575
[36m(SelfPlayWorker pid=733238)[0m [DEBUG] Episode termination detected:
[36m(SelfPlayWorker pid=733238)[0m   - done: tensor([False,  True, False, False, False,  True, False, False, False, False,
[36m(SelfPlayWorker pid=733238)[0m         False, False, False, False, False, False], device='cuda:0')
[36m(SelfPlayWorker pid=733238)[0m   - truncated_done: tensor([False, False, False, False, False, False, False, False, False, False,
[36m(SelfPlayWorker pid=733238)[0m         False, False, False, False, False, False], device='cuda:0')
[36m(SelfPlayWorker pid=733238)[0m   - real_done: tensor([False,  True, False, False, False,  True, False, False, False, False,
[36m(SelfPlayWorker pid=733238)[0m         False, False, False, False, False, False], device='cuda:0')
[36m(SelfPlayWorker pid=733238)[0m   - step_status: tensor([0, 0, 0, 0, 0, 0, 0, 0, 0, 0, 0, 0, 0, 0, 0, 0], device='cuda:0')
[36m(SelfPlayWorker pid=733238)[0m   - counter: 12578
[36m(SelfPlayWorker pid=733238)[0m [DEBUG] Episode termination detected:
[36m(SelfPlayWorker pid=733238)[0m   - done: tensor([False, False, False, False, False, False,  True, False, False, False,
[36m(SelfPlayWorker pid=733238)[0m         False, False, False,  True, False,  True], device='cuda:0')
[36m(SelfPlayWorker pid=733238)[0m   - truncated_done: tensor([False, False, False, False, False, False, False, False, False, False,
[36m(SelfPlayWorker pid=733238)[0m         False, False, False, False, False, False], device='cuda:0')
[36m(SelfPlayWorker pid=733238)[0m   - real_done: tensor([False, False, False, False, False, False,  True, False, False, False,
[36m(SelfPlayWorker pid=733238)[0m         False, False, False,  True, False,  True], device='cuda:0')
[36m(SelfPlayWorker pid=733238)[0m   - step_status: tensor([0, 0, 0, 0, 0, 0, 0, 0, 0, 0, 0, 0, 0, 0, 0, 0], device='cuda:0')
[36m(SelfPlayWorker pid=733238)[0m   - counter: 12580
[36m(ModelLearner pid=733241)[0m [dynamic-enduro-v5-test-10479] Steps 53616 (268800[6.2]) @ 1013.6 SPS (1002.0). norm_m 2913.48 norm_p 0.95 total_loss_m 0.199149 total_loss_p 1.094304 fea_loss 0.010707 done_loss 0.092082
[36m(ActorLearner pid=733242)[0m [DEBUG] Episode counter increased:
[36m(ActorLearner pid=733242)[0m   - real_done_count: 16
[36m(ActorLearner pid=733242)[0m   - tot_eps: 16
[36m(ActorLearner pid=733242)[0m   - train_actor_out.real_done: tensor([[False, False, False,  ..., False, False, False],
[36m(ActorLearner pid=733242)[0m         [False, False, False,  ..., False, False, False],
[36m(ActorLearner pid=733242)[0m         [False, False, False,  ..., False, False, False],
[36m(ActorLearner pid=733242)[0m         ...,
[36m(ActorLearner pid=733242)[0m         [False, False, False,  ..., False, False, False],
[36m(ActorLearner pid=733242)[0m         [False, False, False,  ..., False, False, False],
[36m(ActorLearner pid=733242)[0m         [False, False, False,  ..., False, False, False]], device='cuda:0')
[36m(ActorLearner pid=733242)[0m   - train_actor_out.done: tensor([[False, False, False,  ..., False, False, False],
[36m(ActorLearner pid=733242)[0m         [False, False, False,  ..., False, False, False],
[36m(ActorLearner pid=733242)[0m         [False, False, False,  ..., False, False, False],
[36m(ActorLearner pid=733242)[0m         ...,
[36m(ActorLearner pid=733242)[0m         [False, False, False,  ..., False, False, False],
[36m(ActorLearner pid=733242)[0m         [False, False, False,  ..., False, False, False],
[36m(ActorLearner pid=733242)[0m         [False, False, False,  ..., False, False, False]], device='cuda:0')
[36m(ActorLearner pid=733242)[0m   - train_actor_out.truncated_done: tensor([[False, False, False,  ..., False, False, False],
[36m(ActorLearner pid=733242)[0m         [False, False, False,  ..., False, False, False],
[36m(ActorLearner pid=733242)[0m         [False, False, False,  ..., False, False, False],
[36m(ActorLearner pid=733242)[0m         ...,
[36m(ActorLearner pid=733242)[0m         [False, False, False,  ..., False, False, False],
[36m(ActorLearner pid=733242)[0m         [False, False, False,  ..., False, False, False],
[36m(ActorLearner pid=733242)[0m         [False, False, False,  ..., False, False, False]], device='cuda:0')
[36m(ActorLearner pid=733242)[0m [1;34m[dynamic-enduro-v5-test-10479] Steps 53744 @ 751.4 SPS (751.4). (T_q: 6.54) Eps 16. [0mRet [1;31m0.000000[0m (0.000000/0.000000). Loss -0.00 pg_loss 0.00 entropy_loss -0.76 reg_loss 0.00 total_norm 0.00 mean_abs_v 0.12 last_lr: 2.9984e-04
[36m(ModelLearner pid=733241)[0m [dynamic-enduro-v5-test-10479] Steps 54848 (274944[6.1]) @ 997.3 SPS (1005.5). norm_m 904.18 norm_p 1.33 total_loss_m 0.094512 total_loss_p 1.091295 fea_loss 0.004242 done_loss 0.052096
[36m(ActorLearner pid=733242)[0m [1;34m[dynamic-enduro-v5-test-10479] Steps 54944 @ 749.1 SPS (749.1). (T_q: 3.58) Eps 16. [0mRet [1;31m0.000000[0m (0.000000/0.000000). Loss -0.00 pg_loss 0.00 entropy_loss -0.81 reg_loss 0.00 total_norm 0.00 mean_abs_v 0.16 last_lr: 2.9984e-04
[36m(ModelLearner pid=733241)[0m [dynamic-enduro-v5-test-10479] Steps 56080 (281088[6.1]) @ 986.1 SPS (1007.8). norm_m 1763.47 norm_p 5.82 total_loss_m 0.117434 total_loss_p 1.093646 fea_loss 0.009620 done_loss 0.021236
[36m(ActorLearner pid=733242)[0m [1;34m[dynamic-enduro-v5-test-10479] Steps 57056 @ 758.5 SPS (746.1). (T_q: 6.58) Eps 16. [0mRet [1;31m0.000000[0m (0.000000/0.000000). Loss -0.00 pg_loss 0.00 entropy_loss -0.67 reg_loss 0.00 total_norm 0.00 mean_abs_v 0.09 last_lr: 2.9983e-04
[36m(ModelLearner pid=733241)[0m [dynamic-enduro-v5-test-10479] Steps 57296 (287232[6.1]) @ 992.4 SPS (1009.9). norm_m 4038.01 norm_p 3.45 total_loss_m 0.103215 total_loss_p 1.098191 fea_loss 0.010161 done_loss 0.001606
[36m(ModelLearner pid=733241)[0m [dynamic-enduro-v5-test-10479] Steps 58384 (292608[6.0]) @ 994.5 SPS (1010.4). norm_m 8908.42 norm_p 5.36 total_loss_m 0.219114 total_loss_p 1.091374 fea_loss 0.017164 done_loss 0.047473
[36m(ActorLearner pid=733242)[0m [1;34m[dynamic-enduro-v5-test-10479] Steps 58864 @ 706.7 SPS (744.7). (T_q: 6.12) Eps 16. [0mRet [1;31m0.000000[0m (0.000000/0.000000). Loss -0.00 pg_loss 0.00 entropy_loss -0.57 reg_loss 0.00 total_norm 0.00 mean_abs_v 0.07 last_lr: 2.9982e-04
[36m(ModelLearner pid=733241)[0m [dynamic-enduro-v5-test-10479] Steps 59296 (297216[6.0]) @ 998.9 SPS (1008.7). norm_m 5767.85 norm_p 1.41 total_loss_m 0.273065 total_loss_p 1.098497 fea_loss 0.026737 done_loss 0.005698
[36m(ModelLearner pid=733241)[0m [dynamic-enduro-v5-test-10479] Steps 60224 (301824[6.0]) @ 991.5 SPS (1004.2). norm_m 13792.11 norm_p 1.23 total_loss_m 0.315646 total_loss_p 1.098527 fea_loss 0.031309 done_loss 0.002558
[36m(ActorLearner pid=733242)[0m [1;34m[dynamic-enduro-v5-test-10479] Steps 60352 @ 700.8 SPS (745.6). (T_q: 5.54) Eps 16. [0mRet [1;31m0.000000[0m (0.000000/0.000000). Loss -0.00 pg_loss 0.00 entropy_loss -0.51 reg_loss 0.00 total_norm 0.00 mean_abs_v 0.07 last_lr: 2.9982e-04
[36m(ModelLearner pid=733241)[0m [dynamic-enduro-v5-test-10479] Steps 61296 (307200[6.0]) @ 990.0 SPS (1004.2). norm_m 6972.48 norm_p 6.37 total_loss_m 0.323144 total_loss_p 1.098480 fea_loss 0.032214 done_loss 0.000999
[36m(ActorLearner pid=733242)[0m [1;34m[dynamic-enduro-v5-test-10479] Steps 61984 @ 694.5 SPS (745.5). (T_q: 5.85) Eps 16. [0mRet [1;31m0.000000[0m (0.000000/0.000000). Loss -0.00 pg_loss 0.00 entropy_loss -0.59 reg_loss 0.00 total_norm 0.00 mean_abs_v 0.08 last_lr: 2.9981e-04
[36m(ModelLearner pid=733241)[0m [dynamic-enduro-v5-test-10479] Steps 62368 (312576[6.0]) @ 987.0 SPS (1004.3). norm_m 4606.34 norm_p 2.31 total_loss_m 0.268411 total_loss_p 1.095551 fea_loss 0.024022 done_loss 0.028190
[36m(ModelLearner pid=733241)[0m [dynamic-enduro-v5-test-10479] Steps 63440 (317952[5.9]) @ 985.2 SPS (1005.4). norm_m 6523.04 norm_p 1.99 total_loss_m 0.268949 total_loss_p 1.098355 fea_loss 0.026737 done_loss 0.001580
[36m(ActorLearner pid=733242)[0m [1;34m[dynamic-enduro-v5-test-10479] Steps 63888 @ 687.3 SPS (744.5). (T_q: 6.05) Eps 16. [0mRet [1;31m0.000000[0m (0.000000/0.000000). Loss -0.00 pg_loss 0.00 entropy_loss -0.67 reg_loss 0.00 total_norm 0.00 mean_abs_v 0.10 last_lr: 2.9981e-04
[36m(ModelLearner pid=733241)[0m [dynamic-enduro-v5-test-10479] Steps 64528 (323328[5.9]) @ 985.5 SPS (1006.4). norm_m 2119.13 norm_p 1.00 total_loss_m 0.178484 total_loss_p 1.098326 fea_loss 0.017690 done_loss 0.001580
[36m(ModelLearner pid=733241)[0m [dynamic-enduro-v5-test-10479] Steps 65600 (328704[5.9]) @ 990.9 SPS (1007.4). norm_m 5688.40 norm_p 3.29 total_loss_m 0.273742 total_loss_p 1.098362 fea_loss 0.027255 done_loss 0.001196
[36m(ActorLearner pid=733242)[0m [1;34m[dynamic-enduro-v5-test-10479] Steps 65840 @ 686.6 SPS (742.6). (T_q: 6.30) Eps 16. [0mRet [1;31m0.000000[0m (0.000000/0.000000). Loss -0.00 pg_loss 0.00 entropy_loss -0.66 reg_loss 0.00 total_norm 0.00 mean_abs_v 0.09 last_lr: 2.9980e-04
[36m(ModelLearner pid=733241)[0m [dynamic-enduro-v5-test-10479] Steps 66672 (334080[5.9]) @ 989.8 SPS (1005.3). norm_m 2442.14 norm_p 3.75 total_loss_m 0.786480 total_loss_p 1.098271 fea_loss 0.078354 done_loss 0.002943
[36m(ModelLearner pid=733241)[0m [dynamic-enduro-v5-test-10479] Steps 67744 (339456[5.9]) @ 993.6 SPS (1006.1). norm_m 5756.46 norm_p 2.55 total_loss_m 0.908871 total_loss_p 1.098130 fea_loss 0.090712 done_loss 0.001749
[36m(ActorLearner pid=733242)[0m [1;34m[dynamic-enduro-v5-test-10479] Steps 67776 @ 689.1 SPS (740.9). (T_q: 6.37) Eps 16. [0mRet [1;31m0.000000[0m (0.000000/0.000000). Loss -0.00 pg_loss 0.00 entropy_loss -0.68 reg_loss 0.00 total_norm 0.00 mean_abs_v 0.08 last_lr: 2.9980e-04
[36m(ModelLearner pid=733241)[0m [dynamic-enduro-v5-test-10479] Steps 68816 (344832[5.9]) @ 997.9 SPS (1007.0). norm_m 8148.48 norm_p 1.71 total_loss_m 1.276758 total_loss_p 1.091049 fea_loss 0.124759 done_loss 0.029171
[36m(ActorLearner pid=733242)[0m [1;34m[dynamic-enduro-v5-test-10479] Steps 69664 @ 692.7 SPS (740.1). (T_q: 6.02) Eps 16. [0mRet [1;31m0.000000[0m (0.000000/0.000000). Loss -0.00 pg_loss 0.00 entropy_loss -0.61 reg_loss 0.00 total_norm 0.00 mean_abs_v 0.07 last_lr: 2.9979e-04
[36m(ModelLearner pid=733241)[0m [dynamic-enduro-v5-test-10479] Steps 69904 (350208[5.8]) @ 1005.4 SPS (1007.4). norm_m 3774.82 norm_p 3.38 total_loss_m 0.402293 total_loss_p 1.098190 fea_loss 0.040072 done_loss 0.001575
[36m(ModelLearner pid=733241)[0m [dynamic-enduro-v5-test-10479] Steps 70976 (355584[5.8]) @ 1006.2 SPS (1007.3). norm_m 1868.33 norm_p 3.08 total_loss_m 0.333359 total_loss_p 1.098180 fea_loss 0.033179 done_loss 0.001569
[36m(ActorLearner pid=733242)[0m [1;34m[dynamic-enduro-v5-test-10479] Steps 71344 @ 696.3 SPS (739.7). (T_q: 5.88) Eps 16. [0mRet [1;31m0.000000[0m (0.000000/0.000000). Loss -0.00 pg_loss 0.00 entropy_loss -0.55 reg_loss 0.00 total_norm 0.00 mean_abs_v 0.06 last_lr: 2.9979e-04
[36m(ModelLearner pid=733241)[0m [dynamic-enduro-v5-test-10479] Steps 72048 (360960[5.8]) @ 1005.7 SPS (1007.3). norm_m 2741.27 norm_p 1.79 total_loss_m 0.652027 total_loss_p 1.095399 fea_loss 0.063288 done_loss 0.019150
[36m(ModelLearner pid=733241)[0m [dynamic-enduro-v5-test-10479] Steps 72976 (365568[5.8]) @ 999.0 SPS (1004.4). norm_m 1778.01 norm_p 2.34 total_loss_m 0.449272 total_loss_p 1.098226 fea_loss 0.044849 done_loss 0.000786
[36m(ActorLearner pid=733242)[0m [1;34m[dynamic-enduro-v5-test-10479] Steps 73008 @ 700.0 SPS (739.8). (T_q: 5.69) Eps 16. [0mRet [1;31m0.000000[0m (0.000000/0.000000). Loss -0.00 pg_loss 0.00 entropy_loss -0.54 reg_loss 0.00 total_norm 0.00 mean_abs_v 0.06 last_lr: 2.9978e-04
[36m(ModelLearner pid=733241)[0m [dynamic-enduro-v5-test-10479] Steps 74048 (370944[5.8]) @ 994.4 SPS (1004.0). norm_m 3176.73 norm_p 1.84 total_loss_m 0.308414 total_loss_p 1.098342 fea_loss 0.030753 done_loss 0.000883
[36m(ActorLearner pid=733242)[0m [1;34m[dynamic-enduro-v5-test-10479] Steps 74656 @ 705.2 SPS (740.4). (T_q: 5.64) Eps 16. [0mRet [1;31m0.000000[0m (0.000000/0.000000). Loss -0.00 pg_loss 0.00 entropy_loss -0.56 reg_loss 0.00 total_norm 0.00 mean_abs_v 0.07 last_lr: 2.9978e-04
[36m(ModelLearner pid=733241)[0m [dynamic-enduro-v5-test-10479] Steps 75120 (376320[5.8]) @ 990.8 SPS (1004.8). norm_m 10092.18 norm_p 1.74 total_loss_m 0.271348 total_loss_p 1.098303 fea_loss 0.027125 done_loss 0.000101
[36m(ModelLearner pid=733241)[0m [dynamic-enduro-v5-test-10479] Steps 76192 (381696[5.8]) @ 991.9 SPS (1004.8). norm_m 25077.50 norm_p 1.19 total_loss_m 0.672448 total_loss_p 1.098298 fea_loss 0.067215 done_loss 0.000301
[36m(ActorLearner pid=733242)[0m [1;34m[dynamic-enduro-v5-test-10479] Steps 76384 @ 708.4 SPS (739.6). (T_q: 6.07) Eps 16. [0mRet [1;31m0.000000[0m (0.000000/0.000000). Loss -0.00 pg_loss 0.00 entropy_loss -0.60 reg_loss 0.00 total_norm 0.00 mean_abs_v 0.07 last_lr: 2.9977e-04
[36m(ModelLearner pid=733241)[0m [dynamic-enduro-v5-test-10479] Steps 77120 (386304[5.8]) @ 983.5 SPS (1002.1). norm_m 6059.70 norm_p 1.12 total_loss_m 0.279555 total_loss_p 1.098343 fea_loss 0.027903 done_loss 0.000522
[36m(ActorLearner pid=733242)[0m [1;34m[dynamic-enduro-v5-test-10479] Steps 78128 @ 711.4 SPS (739.3). (T_q: 5.92) Eps 16. [0mRet [1;31m0.000000[0m (0.000000/0.000000). Loss -0.00 pg_loss 0.00 entropy_loss -0.60 reg_loss 0.00 total_norm 0.00 mean_abs_v 0.08 last_lr: 2.9977e-04
[36m(ModelLearner pid=733241)[0m [dynamic-enduro-v5-test-10479] Steps 78192 (391680[5.7]) @ 982.0 SPS (1001.9). norm_m 5192.76 norm_p 1.61 total_loss_m 0.251688 total_loss_p 1.098327 fea_loss 0.025119 done_loss 0.000496
[36m(ModelLearner pid=733241)[0m [dynamic-enduro-v5-test-10479] Steps 79264 (397056[5.7]) @ 982.3 SPS (1002.6). norm_m 8337.57 norm_p 1.36 total_loss_m 0.362621 total_loss_p 1.098360 fea_loss 0.036153 done_loss 0.001093
[36m(ActorLearner pid=733242)[0m [1;34m[dynamic-enduro-v5-test-10479] Steps 79936 @ 713.5 SPS (738.4). (T_q: 6.14) Eps 16. [0mRet [1;31m0.000000[0m (0.000000/0.000000). Loss -0.00 pg_loss 0.00 entropy_loss -0.61 reg_loss 0.00 total_norm 0.00 mean_abs_v 0.08 last_lr: 2.9976e-04
[36m(ModelLearner pid=733241)[0m [dynamic-enduro-v5-test-10479] Steps 80336 (402432[5.7]) @ 983.0 SPS (1003.0). norm_m 3434.94 norm_p 1.73 total_loss_m 0.241190 total_loss_p 1.098285 fea_loss 0.024045 done_loss 0.000741
[36m(ModelLearner pid=733241)[0m [dynamic-enduro-v5-test-10479] Steps 81424 (407808[5.7]) @ 990.1 SPS (1003.7). norm_m 2573.72 norm_p 1.36 total_loss_m 0.152676 total_loss_p 1.098362 fea_loss 0.015157 done_loss 0.001104
[36m(ActorLearner pid=733242)[0m [1;34m[dynamic-enduro-v5-test-10479] Steps 81824 @ 712.4 SPS (737.8). (T_q: 6.01) Eps 16. [0mRet [1;31m0.000000[0m (0.000000/0.000000). Loss -0.00 pg_loss 0.00 entropy_loss -0.64 reg_loss 0.00 total_norm 0.00 mean_abs_v 0.09 last_lr: 2.9975e-04
[36m(ModelLearner pid=733241)[0m [dynamic-enduro-v5-test-10479] Steps 82496 (413184[5.7]) @ 991.9 SPS (1004.3). norm_m 4083.16 norm_p 1.09 total_loss_m 0.255320 total_loss_p 1.092640 fea_loss 0.023087 done_loss 0.024447
[36m(ModelLearner pid=733241)[0m [dynamic-enduro-v5-test-10479] Steps 83728 (419328[5.7]) @ 992.3 SPS (1003.4). norm_m 3430.21 norm_p 1.01 total_loss_m 0.199113 total_loss_p 1.092695 fea_loss 0.017801 done_loss 0.021106
[36m(ActorLearner pid=733242)[0m [1;34m[dynamic-enduro-v5-test-10479] Steps 83808 @ 710.4 SPS (736.6). (T_q: 6.44) Eps 16. [0mRet [1;31m0.000000[0m (0.000000/0.000000). Loss -0.00 pg_loss 0.00 entropy_loss -0.67 reg_loss 0.00 total_norm 0.00 mean_abs_v 0.09 last_lr: 2.9975e-04
[36m(ModelLearner pid=733241)[0m [dynamic-enduro-v5-test-10479] Steps 84944 (425472[5.7]) @ 998.8 SPS (1005.3). norm_m 6171.96 norm_p 1.17 total_loss_m 0.183793 total_loss_p 1.098383 fea_loss 0.018241 done_loss 0.001386
[36m(ActorLearner pid=733242)[0m [1;34m[dynamic-enduro-v5-test-10479] Steps 85760 @ 710.3 SPS (735.7). (T_q: 6.00) Eps 16. [0mRet [1;31m0.000000[0m (0.000000/0.000000). Loss -0.00 pg_loss 0.00 entropy_loss -0.65 reg_loss 0.00 total_norm 0.00 mean_abs_v 0.08 last_lr: 2.9974e-04
[36m(ModelLearner pid=733241)[0m [dynamic-enduro-v5-test-10479] Steps 86032 (430848[5.7]) @ 1007.4 SPS (1005.8). norm_m 4604.22 norm_p 0.52 total_loss_m 0.248172 total_loss_p 1.085533 fea_loss 0.018394 done_loss 0.064228
[36m(ModelLearner pid=733241)[0m [dynamic-enduro-v5-test-10479] Steps 87104 (436224[5.7]) @ 1008.6 SPS (1006.2). norm_m 2829.53 norm_p 0.55 total_loss_m 0.136732 total_loss_p 1.098412 fea_loss 0.013544 done_loss 0.001292
[36m(ActorLearner pid=733242)[0m [1;34m[dynamic-enduro-v5-test-10479] Steps 87584 @ 710.8 SPS (735.1). (T_q: 5.85) Eps 16. [0mRet [1;31m0.000000[0m (0.000000/0.000000). Loss -0.00 pg_loss 0.00 entropy_loss -0.61 reg_loss 0.00 total_norm 0.00 mean_abs_v 0.08 last_lr: 2.9974e-04
[36m(ModelLearner pid=733241)[0m [dynamic-enduro-v5-test-10479] Steps 88176 (441600[5.6]) @ 1009.4 SPS (1006.5). norm_m 6388.57 norm_p 0.73 total_loss_m 0.184576 total_loss_p 1.098361 fea_loss 0.018412 done_loss 0.000459
[36m(ModelLearner pid=733241)[0m [dynamic-enduro-v5-test-10479] Steps 89248 (446976[5.6]) @ 1004.5 SPS (1004.6). norm_m 8240.50 norm_p 0.65 total_loss_m 0.173949 total_loss_p 1.098407 fea_loss 0.017345 done_loss 0.000499
[36m(ActorLearner pid=733242)[0m [1;34m[dynamic-enduro-v5-test-10479] Steps 89376 @ 712.2 SPS (735.0). (T_q: 5.74) Eps 16. [0mRet [1;31m0.000000[0m (0.000000/0.000000). Loss -0.00 pg_loss 0.00 entropy_loss -0.59 reg_loss 0.00 total_norm 0.00 mean_abs_v 0.07 last_lr: 2.9973e-04
[36m(ModelLearner pid=733241)[0m [dynamic-enduro-v5-test-10479] Steps 90320 (452352[5.6]) @ 1007.8 SPS (1004.5). norm_m 11750.97 norm_p 1.96 total_loss_m 0.256392 total_loss_p 1.098432 fea_loss 0.025613 done_loss 0.000267
[36m(ActorLearner pid=733242)[0m [1;34m[dynamic-enduro-v5-test-10479] Steps 91152 @ 711.3 SPS (734.3). (T_q: 6.09) Eps 16. [0mRet [1;31m0.000000[0m (0.000000/0.000000). Loss -0.00 pg_loss 0.00 entropy_loss -0.61 reg_loss 0.00 total_norm 0.00 mean_abs_v 0.07 last_lr: 2.9973e-04
[36m(ModelLearner pid=733241)[0m [dynamic-enduro-v5-test-10479] Steps 91408 (457728[5.6]) @ 1008.8 SPS (1004.8). norm_m 5112.44 norm_p 1.31 total_loss_m 0.203064 total_loss_p 1.098494 fea_loss 0.020248 done_loss 0.000582
[36m(ActorLearner pid=733242)[0m Sent real_step update to ActorBuffer: 92000
[36m(ModelLearner pid=733241)[0m [dynamic-enduro-v5-test-10479] Steps 92480 (463104[5.6]) @ 1003.8 SPS (1004.8). norm_m 4792.36 norm_p 1.15 total_loss_m 0.138194 total_loss_p 1.098480 fea_loss 0.013770 done_loss 0.000495
[36m(ActorLearner pid=733242)[0m [1;34m[dynamic-enduro-v5-test-10479] Steps 92864 @ 709.9 SPS (734.1). (T_q: 6.04) Eps 16. [0mRet [1;31m0.000000[0m (0.000000/0.000000). Loss -0.00 pg_loss 0.00 entropy_loss -0.59 reg_loss 0.00 total_norm 0.00 mean_abs_v 0.07 last_lr: 2.9972e-04
[36m(ModelLearner pid=733241)[0m [dynamic-enduro-v5-test-10479] Steps 93552 (468480[5.6]) @ 995.1 SPS (1002.7). norm_m 4249.51 norm_p 0.94 total_loss_m 0.144346 total_loss_p 1.098467 fea_loss 0.014404 done_loss 0.000302
[36m(ActorLearner pid=733242)[0m [1;34m[dynamic-enduro-v5-test-10479] Steps 94592 @ 709.3 SPS (734.1). (T_q: 5.68) Eps 16. [0mRet [1;31m0.000000[0m (0.000000/0.000000). Loss -0.00 pg_loss 0.00 entropy_loss -0.60 reg_loss 0.00 total_norm 0.00 mean_abs_v 0.07 last_lr: 2.9972e-04
[36m(ModelLearner pid=733241)[0m [dynamic-enduro-v5-test-10479] Steps 94624 (473856[5.6]) @ 992.3 SPS (1002.9). norm_m 3872.16 norm_p 0.96 total_loss_m 0.098304 total_loss_p 1.098490 fea_loss 0.009788 done_loss 0.000421
[36m(ModelLearner pid=733241)[0m [dynamic-enduro-v5-test-10479] Steps 95696 (479232[5.6]) @ 992.4 SPS (1003.3). norm_m 5914.38 norm_p 1.28 total_loss_m 0.128604 total_loss_p 1.098498 fea_loss 0.012811 done_loss 0.000496
[36m(ActorLearner pid=733242)[0m [1;34m[dynamic-enduro-v5-test-10479] Steps 96448 @ 708.8 SPS (733.5). (T_q: 5.94) Eps 16. [0mRet [1;31m0.000000[0m (0.000000/0.000000). Loss -0.00 pg_loss 0.00 entropy_loss -0.62 reg_loss 0.00 total_norm 0.00 mean_abs_v 0.08 last_lr: 2.9971e-04
[36m(ModelLearner pid=733241)[0m [dynamic-enduro-v5-test-10479] Steps 96784 (484608[5.6]) @ 996.1 SPS (1003.8). norm_m 6428.15 norm_p 1.12 total_loss_m 0.115478 total_loss_p 1.098499 fea_loss 0.011512 done_loss 0.000356
[36m(ModelLearner pid=733241)[0m [dynamic-enduro-v5-test-10479] Steps 97856 (489984[5.6]) @ 1003.9 SPS (1004.1). norm_m 2833.12 norm_p 0.66 total_loss_m 0.129874 total_loss_p 1.098474 fea_loss 0.012932 done_loss 0.000551
[36m(ActorLearner pid=733242)[0m [1;34m[dynamic-enduro-v5-test-10479] Steps 98240 @ 709.6 SPS (732.9). (T_q: 6.10) Eps 16. [0mRet [1;31m0.000000[0m (0.000000/0.000000). Loss -0.00 pg_loss 0.00 entropy_loss -0.61 reg_loss 0.00 total_norm 0.00 mean_abs_v 0.08 last_lr: 2.9971e-04
[36m(ModelLearner pid=733241)[0m [dynamic-enduro-v5-test-10479] Steps 98928 (495360[5.6]) @ 1004.4 SPS (1004.3). norm_m 246.29 norm_p 0.04 total_loss_m 0.005284 total_loss_p 0.021601 fea_loss 0.000528 done_loss 0.000007
[36m(ModelLearner pid=733241)[0m [dynamic-enduro-v5-test-10479] Steps 100000 (500736[5.6]) @ 1000.6 SPS (1002.9). norm_m 6062.26 norm_p 0.57 total_loss_m 0.299462 total_loss_p 1.098512 fea_loss 0.029903 done_loss 0.000435
[36m(ActorLearner pid=733242)[0m [1;34m[dynamic-enduro-v5-test-10479] Steps 100080 @ 710.4 SPS (732.4). (T_q: 6.03) Eps 16. [0mRet [1;31m0.000000[0m (0.000000/0.000000). Loss -0.00 pg_loss 0.00 entropy_loss -0.64 reg_loss 0.00 total_norm 0.00 mean_abs_v 0.08 last_lr: 2.9970e-04
[36m(ModelLearner pid=733241)[0m [dynamic-enduro-v5-test-10479] Steps 101072 (506112[5.6]) @ 999.8 SPS (1003.3). norm_m 2200.61 norm_p 0.60 total_loss_m 0.158142 total_loss_p 1.098548 fea_loss 0.015795 done_loss 0.000193
[36m(ActorLearner pid=733242)[0m [1;34m[dynamic-enduro-v5-test-10479] Steps 101936 @ 711.7 SPS (731.9). (T_q: 5.90) Eps 16. [0mRet [1;31m0.000000[0m (0.000000/0.000000). Loss -0.00 pg_loss 0.00 entropy_loss -0.62 reg_loss 0.00 total_norm 0.00 mean_abs_v 0.08 last_lr: 2.9969e-04
[36m(ModelLearner pid=733241)[0m [dynamic-enduro-v5-test-10479] Steps 102160 (511488[5.5]) @ 998.9 SPS (1003.6). norm_m 3465.07 norm_p 0.36 total_loss_m 0.128177 total_loss_p 1.098527 fea_loss 0.012747 done_loss 0.000708
[36m(ModelLearner pid=733241)[0m [dynamic-enduro-v5-test-10479] Steps 103232 (516864[5.5]) @ 998.6 SPS (1004.2). norm_m 1951.67 norm_p 0.51 total_loss_m 0.073934 total_loss_p 1.098526 fea_loss 0.007356 done_loss 0.000374
[36m(ActorLearner pid=733242)[0m [1;34m[dynamic-enduro-v5-test-10479] Steps 103840 @ 711.3 SPS (731.2). (T_q: 5.99) Eps 16. [0mRet [1;31m0.000000[0m (0.000000/0.000000). Loss -0.00 pg_loss 0.00 entropy_loss -0.63 reg_loss 0.00 total_norm 0.00 mean_abs_v 0.08 last_lr: 2.9969e-04
[36m(ModelLearner pid=733241)[0m [dynamic-enduro-v5-test-10479] Steps 104464 (523008[5.5]) @ 1006.0 SPS (1005.6). norm_m 5210.30 norm_p 0.51 total_loss_m 0.189093 total_loss_p 1.098542 fea_loss 0.018861 done_loss 0.000483
[36m(ModelLearner pid=733241)[0m [dynamic-enduro-v5-test-10479] Steps 105536 (528384[5.5]) @ 1005.1 SPS (1005.7). norm_m 2697.80 norm_p 0.49 total_loss_m 0.117887 total_loss_p 1.098514 fea_loss 0.011703 done_loss 0.000862
[36m(ActorLearner pid=733242)[0m [1;34m[dynamic-enduro-v5-test-10479] Steps 105696 @ 710.6 SPS (730.8). (T_q: 5.77) Eps 16. [0mRet [1;31m0.000000[0m (0.000000/0.000000). Loss -0.00 pg_loss 0.00 entropy_loss -0.59 reg_loss 0.00 total_norm 0.00 mean_abs_v 0.08 last_lr: 2.9968e-04
[36m(SelfPlayWorker pid=733238)[0m [DEBUG] Episode termination detected:
[36m(SelfPlayWorker pid=733238)[0m   - done: tensor([False, False, False, False, False, False, False, False, False, False,
[36m(SelfPlayWorker pid=733238)[0m          True, False, False, False, False, False], device='cuda:0')
[36m(SelfPlayWorker pid=733238)[0m   - truncated_done: tensor([False, False, False, False, False, False, False, False, False, False,
[36m(SelfPlayWorker pid=733238)[0m         False, False, False, False, False, False], device='cuda:0')
[36m(SelfPlayWorker pid=733238)[0m   - real_done: tensor([False, False, False, False, False, False, False, False, False, False,
[36m(SelfPlayWorker pid=733238)[0m          True, False, False, False, False, False], device='cuda:0')
[36m(SelfPlayWorker pid=733238)[0m   - step_status: tensor([0, 0, 0, 0, 0, 0, 0, 0, 0, 0, 0, 0, 0, 0, 0, 0], device='cuda:0')
[36m(SelfPlayWorker pid=733238)[0m   - counter: 24257
[36m(SelfPlayWorker pid=733238)[0m [DEBUG] Episode termination detected:
[36m(SelfPlayWorker pid=733238)[0m   - done: tensor([False, False, False, False, False, False, False, False, False, False,
[36m(SelfPlayWorker pid=733238)[0m         False,  True, False, False, False, False], device='cuda:0')
[36m(SelfPlayWorker pid=733238)[0m   - truncated_done: tensor([False, False, False, False, False, False, False, False, False, False,
[36m(SelfPlayWorker pid=733238)[0m         False, False, False, False, False, False], device='cuda:0')
[36m(SelfPlayWorker pid=733238)[0m   - real_done: tensor([False, False, False, False, False, False, False, False, False, False,
[36m(SelfPlayWorker pid=733238)[0m         False,  True, False, False, False, False], device='cuda:0')
[36m(SelfPlayWorker pid=733238)[0m   - step_status: tensor([0, 0, 0, 0, 0, 0, 0, 0, 0, 0, 0, 0, 0, 0, 0, 0], device='cuda:0')
[36m(SelfPlayWorker pid=733238)[0m   - counter: 24261
[36m(SelfPlayWorker pid=733238)[0m [DEBUG] Episode termination detected:
[36m(SelfPlayWorker pid=733238)[0m   - done: tensor([ True, False,  True,  True, False, False, False, False, False, False,
[36m(SelfPlayWorker pid=733238)[0m         False, False, False, False, False, False], device='cuda:0')
[36m(SelfPlayWorker pid=733238)[0m   - truncated_done: tensor([False, False, False, False, False, False, False, False, False, False,
[36m(SelfPlayWorker pid=733238)[0m         False, False, False, False, False, False], device='cuda:0')
[36m(SelfPlayWorker pid=733238)[0m   - real_done: tensor([ True, False,  True,  True, False, False, False, False, False, False,
[36m(SelfPlayWorker pid=733238)[0m         False, False, False, False, False, False], device='cuda:0')
[36m(SelfPlayWorker pid=733238)[0m   - step_status: tensor([0, 0, 0, 0, 0, 0, 0, 0, 0, 0, 0, 0, 0, 0, 0, 0], device='cuda:0')
[36m(SelfPlayWorker pid=733238)[0m   - counter: 24267
[36m(SelfPlayWorker pid=733238)[0m [DEBUG] Episode termination detected:
[36m(SelfPlayWorker pid=733238)[0m   - done: tensor([False, False, False, False,  True, False, False, False, False, False,
[36m(SelfPlayWorker pid=733238)[0m         False, False, False, False, False, False], device='cuda:0')
[36m(SelfPlayWorker pid=733238)[0m   - truncated_done: tensor([False, False, False, False, False, False, False, False, False, False,
[36m(SelfPlayWorker pid=733238)[0m         False, False, False, False, False, False], device='cuda:0')
[36m(SelfPlayWorker pid=733238)[0m   - real_done: tensor([False, False, False, False,  True, False, False, False, False, False,
[36m(SelfPlayWorker pid=733238)[0m         False, False, False, False, False, False], device='cuda:0')
[36m(SelfPlayWorker pid=733238)[0m   - step_status: tensor([0, 0, 0, 0, 0, 0, 0, 0, 0, 0, 0, 0, 0, 0, 0, 0], device='cuda:0')
[36m(SelfPlayWorker pid=733238)[0m   - counter: 24269
[36m(SelfPlayWorker pid=733238)[0m [DEBUG] Episode termination detected:
[36m(SelfPlayWorker pid=733238)[0m   - done: tensor([False, False, False, False, False,  True, False, False, False,  True,
[36m(SelfPlayWorker pid=733238)[0m         False, False, False, False,  True, False], device='cuda:0')
[36m(SelfPlayWorker pid=733238)[0m   - truncated_done: tensor([False, False, False, False, False, False, False, False, False, False,
[36m(SelfPlayWorker pid=733238)[0m         False, False, False, False, False, False], device='cuda:0')
[36m(SelfPlayWorker pid=733238)[0m   - real_done: tensor([False, False, False, False, False,  True, False, False, False,  True,
[36m(SelfPlayWorker pid=733238)[0m         False, False, False, False,  True, False], device='cuda:0')
[36m(SelfPlayWorker pid=733238)[0m   - step_status: tensor([0, 0, 0, 0, 0, 0, 0, 0, 0, 0, 0, 0, 0, 0, 0, 0], device='cuda:0')
[36m(SelfPlayWorker pid=733238)[0m   - counter: 24274
[36m(SelfPlayWorker pid=733238)[0m [DEBUG] Episode termination detected:
[36m(SelfPlayWorker pid=733238)[0m   - done: tensor([False, False, False, False, False, False, False,  True, False, False,
[36m(SelfPlayWorker pid=733238)[0m         False, False, False,  True, False, False], device='cuda:0')
[36m(SelfPlayWorker pid=733238)[0m   - truncated_done: tensor([False, False, False, False, False, False, False, False, False, False,
[36m(SelfPlayWorker pid=733238)[0m         False, False, False, False, False, False], device='cuda:0')
[36m(SelfPlayWorker pid=733238)[0m   - real_done: tensor([False, False, False, False, False, False, False,  True, False, False,
[36m(SelfPlayWorker pid=733238)[0m         False, False, False,  True, False, False], device='cuda:0')
[36m(SelfPlayWorker pid=733238)[0m   - step_status: tensor([0, 0, 0, 0, 0, 0, 0, 0, 0, 0, 0, 0, 0, 0, 0, 0], device='cuda:0')
[36m(SelfPlayWorker pid=733238)[0m   - counter: 24281
[36m(SelfPlayWorker pid=733238)[0m [DEBUG] Episode termination detected:
[36m(SelfPlayWorker pid=733238)[0m   - done: tensor([False,  True, False, False, False, False, False, False,  True, False,
[36m(SelfPlayWorker pid=733238)[0m         False, False,  True, False, False,  True], device='cuda:0')
[36m(SelfPlayWorker pid=733238)[0m   - truncated_done: tensor([False, False, False, False, False, False, False, False, False, False,
[36m(SelfPlayWorker pid=733238)[0m         False, False, False, False, False, False], device='cuda:0')
[36m(SelfPlayWorker pid=733238)[0m   - real_done: tensor([False,  True, False, False, False, False, False, False,  True, False,
[36m(SelfPlayWorker pid=733238)[0m         False, False,  True, False, False,  True], device='cuda:0')
[36m(SelfPlayWorker pid=733238)[0m   - step_status: tensor([0, 0, 0, 0, 0, 0, 0, 0, 0, 0, 0, 0, 0, 0, 0, 0], device='cuda:0')
[36m(SelfPlayWorker pid=733238)[0m   - counter: 24285
[36m(SelfPlayWorker pid=733238)[0m [DEBUG] Episode termination detected:
[36m(SelfPlayWorker pid=733238)[0m   - done: tensor([False, False, False, False, False, False,  True, False, False, False,
[36m(SelfPlayWorker pid=733238)[0m         False, False, False, False, False, False], device='cuda:0')
[36m(SelfPlayWorker pid=733238)[0m   - truncated_done: tensor([False, False, False, False, False, False, False, False, False, False,
[36m(SelfPlayWorker pid=733238)[0m         False, False, False, False, False, False], device='cuda:0')
[36m(SelfPlayWorker pid=733238)[0m   - real_done: tensor([False, False, False, False, False, False,  True, False, False, False,
[36m(SelfPlayWorker pid=733238)[0m         False, False, False, False, False, False], device='cuda:0')
[36m(SelfPlayWorker pid=733238)[0m   - step_status: tensor([0, 0, 0, 0, 0, 0, 0, 0, 0, 0, 0, 0, 0, 0, 0, 0], device='cuda:0')
[36m(SelfPlayWorker pid=733238)[0m   - counter: 24288
[36m(ActorLearner pid=733242)[0m [DEBUG] Episode counter increased:
[36m(ActorLearner pid=733242)[0m   - real_done_count: 16
[36m(ActorLearner pid=733242)[0m   - tot_eps: 32
[36m(ActorLearner pid=733242)[0m   - train_actor_out.real_done: tensor([[False, False, False,  ..., False, False, False],
[36m(ActorLearner pid=733242)[0m         [False, False, False,  ..., False, False, False],
[36m(ActorLearner pid=733242)[0m         [False, False, False,  ..., False, False, False],
[36m(ActorLearner pid=733242)[0m         ...,
[36m(ActorLearner pid=733242)[0m         [False, False, False,  ..., False, False, False],
[36m(ActorLearner pid=733242)[0m         [False, False, False,  ..., False, False, False],
[36m(ActorLearner pid=733242)[0m         [False, False, False,  ..., False, False, False]], device='cuda:0')
[36m(ActorLearner pid=733242)[0m   - train_actor_out.done: tensor([[False, False, False,  ..., False, False, False],
[36m(ActorLearner pid=733242)[0m         [False, False, False,  ..., False, False, False],
[36m(ActorLearner pid=733242)[0m         [False, False, False,  ..., False, False, False],
[36m(ActorLearner pid=733242)[0m         ...,
[36m(ActorLearner pid=733242)[0m         [False, False, False,  ..., False, False, False],
[36m(ActorLearner pid=733242)[0m         [False, False, False,  ..., False, False, False],
[36m(ActorLearner pid=733242)[0m         [False, False, False,  ..., False, False, False]], device='cuda:0')
[36m(ActorLearner pid=733242)[0m   - train_actor_out.truncated_done: tensor([[False, False, False,  ..., False, False, False],
[36m(ActorLearner pid=733242)[0m         [False, False, False,  ..., False, False, False],
[36m(ActorLearner pid=733242)[0m         [False, False, False,  ..., False, False, False],
[36m(ActorLearner pid=733242)[0m         ...,
[36m(ActorLearner pid=733242)[0m         [False, False, False,  ..., False, False, False],
[36m(ActorLearner pid=733242)[0m         [False, False, False,  ..., False, False, False],
[36m(ActorLearner pid=733242)[0m         [False, False, False,  ..., False, False, False]], device='cuda:0')
[36m(ModelLearner pid=733241)[0m [dynamic-enduro-v5-test-10479] Steps 106608 (533760[5.5]) @ 998.5 SPS (1004.0). norm_m 1826.05 norm_p 0.58 total_loss_m 0.095369 total_loss_p 1.098548 fea_loss 0.009504 done_loss 0.000333
[36m(ActorLearner pid=733242)[0m [1;34m[dynamic-enduro-v5-test-10479] Steps 107552 @ 710.2 SPS (730.3). (T_q: 5.70) Eps 32. [0mRet [1;31m0.000000[0m (0.000000/0.000000). Loss -0.00 pg_loss 0.00 entropy_loss -0.63 reg_loss 0.00 total_norm 0.00 mean_abs_v 0.10 last_lr: 2.9968e-04
[36m(ModelLearner pid=733241)[0m [dynamic-enduro-v5-test-10479] Steps 107840 (539904[5.5]) @ 1001.5 SPS (1005.3). norm_m 1537.28 norm_p 1.87 total_loss_m 0.107745 total_loss_p 1.098612 fea_loss 0.010710 done_loss 0.000646
[36m(ModelLearner pid=733241)[0m [dynamic-enduro-v5-test-10479] Steps 108912 (545280[5.5]) @ 1002.8 SPS (1005.7). norm_m 3123.62 norm_p 0.92 total_loss_m 0.109030 total_loss_p 1.098532 fea_loss 0.010632 done_loss 0.002706
[36m(ActorLearner pid=733242)[0m [1;34m[dynamic-enduro-v5-test-10479] Steps 109424 @ 709.5 SPS (730.1). (T_q: 5.74) Eps 32. [0mRet [1;31m0.000000[0m (0.000000/0.000000). Loss -0.00 pg_loss 0.00 entropy_loss -0.62 reg_loss 0.00 total_norm 0.00 mean_abs_v 0.09 last_lr: 2.9967e-04
[36m(ModelLearner pid=733241)[0m [dynamic-enduro-v5-test-10479] Steps 109984 (550656[5.5]) @ 1003.2 SPS (1005.9). norm_m 7419.88 norm_p 1.19 total_loss_m 0.140770 total_loss_p 1.098452 fea_loss 0.013907 done_loss 0.001697
[36m(ModelLearner pid=733241)[0m [dynamic-enduro-v5-test-10479] Steps 111056 (556032[5.5]) @ 1006.0 SPS (1004.9). norm_m 2990.87 norm_p 1.26 total_loss_m 0.091394 total_loss_p 1.098445 fea_loss 0.008925 done_loss 0.002141
[36m(ActorLearner pid=733242)[0m [1;34m[dynamic-enduro-v5-test-10479] Steps 111184 @ 709.2 SPS (730.3). (T_q: 5.63) Eps 32. [0mRet [1;31m0.000000[0m (0.000000/0.000000). Loss -0.00 pg_loss 0.00 entropy_loss -0.61 reg_loss 0.00 total_norm 0.00 mean_abs_v 0.08 last_lr: 2.9967e-04
[36m(ModelLearner pid=733241)[0m [dynamic-enduro-v5-test-10479] Steps 112144 (561408[5.5]) @ 1005.9 SPS (1004.7). norm_m 2476.82 norm_p 1.20 total_loss_m 0.073607 total_loss_p 1.098481 fea_loss 0.007143 done_loss 0.002175
[36m(ActorLearner pid=733242)[0m [1;34m[dynamic-enduro-v5-test-10479] Steps 112896 @ 709.5 SPS (730.3). (T_q: 5.47) Eps 32. [0mRet [1;31m0.000000[0m (0.000000/0.000000). Loss -0.00 pg_loss 0.00 entropy_loss -0.58 reg_loss 0.00 total_norm 0.00 mean_abs_v 0.07 last_lr: 2.9966e-04
[36m(ModelLearner pid=733241)[0m [dynamic-enduro-v5-test-10479] Steps 113216 (566784[5.5]) @ 1004.6 SPS (1004.7). norm_m 2989.45 norm_p 0.95 total_loss_m 0.103252 total_loss_p 1.091344 fea_loss 0.006859 done_loss 0.034664
[36m(ModelLearner pid=733241)[0m [dynamic-enduro-v5-test-10479] Steps 114288 (572160[5.5]) @ 1005.0 SPS (1004.9). norm_m 3956.55 norm_p 0.54 total_loss_m 0.064199 total_loss_p 1.098468 fea_loss 0.006206 done_loss 0.002139
[36m(ActorLearner pid=733242)[0m [1;34m[dynamic-enduro-v5-test-10479] Steps 114672 @ 708.4 SPS (729.7). (T_q: 5.93) Eps 32. [0mRet [1;31m0.000000[0m (0.000000/0.000000). Loss -0.00 pg_loss 0.00 entropy_loss -0.64 reg_loss 0.00 total_norm 0.00 mean_abs_v 0.07 last_lr: 2.9966e-04
[36m(ModelLearner pid=733241)[0m [dynamic-enduro-v5-test-10479] Steps 115360 (577536[5.5]) @ 1011.1 SPS (1005.1). norm_m 5465.43 norm_p 1.42 total_loss_m 0.076975 total_loss_p 1.098530 fea_loss 0.007505 done_loss 0.001922
[36m(ModelLearner pid=733241)[0m [dynamic-enduro-v5-test-10479] Steps 116432 (582912[5.5]) @ 1007.4 SPS (1003.7). norm_m 10097.29 norm_p 0.80 total_loss_m 0.114603 total_loss_p 1.098489 fea_loss 0.011352 done_loss 0.001082
[36m(ActorLearner pid=733242)[0m [1;34m[dynamic-enduro-v5-test-10479] Steps 116464 @ 710.3 SPS (729.4). (T_q: 5.46) Eps 32. [0mRet [1;31m0.000000[0m (0.000000/0.000000). Loss -0.00 pg_loss 0.00 entropy_loss -0.61 reg_loss 0.00 total_norm 0.00 mean_abs_v 0.07 last_lr: 2.9965e-04
[36m(ModelLearner pid=733241)[0m [dynamic-enduro-v5-test-10479] Steps 117520 (588288[5.5]) @ 1005.9 SPS (1003.7). norm_m 3891.40 norm_p 0.85 total_loss_m 0.088832 total_loss_p 1.098446 fea_loss 0.008805 done_loss 0.000779
[36m(ActorLearner pid=733242)[0m [1;34m[dynamic-enduro-v5-test-10479] Steps 118208 @ 712.3 SPS (729.4). (T_q: 5.85) Eps 32. [0mRet [1;31m0.000000[0m (0.000000/0.000000). Loss -0.00 pg_loss 0.00 entropy_loss -0.58 reg_loss 0.00 total_norm 0.00 mean_abs_v 0.07 last_lr: 2.9965e-04
[36m(ModelLearner pid=733241)[0m [dynamic-enduro-v5-test-10479] Steps 118592 (593664[5.5]) @ 1005.8 SPS (1003.9). norm_m 4473.46 norm_p 0.72 total_loss_m 0.083979 total_loss_p 1.098451 fea_loss 0.008354 done_loss 0.000443
[36m(ModelLearner pid=733241)[0m [dynamic-enduro-v5-test-10479] Steps 119824 (599808[5.5]) @ 1007.8 SPS (1005.0). norm_m 2457.92 norm_p 1.48 total_loss_m 0.056404 total_loss_p 1.098455 fea_loss 0.005585 done_loss 0.000551
[36m(ActorLearner pid=733242)[0m [1;34m[dynamic-enduro-v5-test-10479] Steps 120192 @ 712.2 SPS (728.2). (T_q: 6.30) Eps 32. [0mRet [1;31m0.000000[0m (0.000000/0.000000). Loss -0.00 pg_loss 0.00 entropy_loss -0.69 reg_loss 0.00 total_norm 0.00 mean_abs_v 0.11 last_lr: 2.9964e-04
[36m(ModelLearner pid=733241)[0m [dynamic-enduro-v5-test-10479] Steps 120896 (605184[5.5]) @ 1008.3 SPS (1005.6). norm_m 888.75 norm_p 0.83 total_loss_m 0.048503 total_loss_p 1.098452 fea_loss 0.004758 done_loss 0.000921
[36m(ModelLearner pid=733241)[0m [dynamic-enduro-v5-test-10479] Steps 121968 (610560[5.5]) @ 1006.4 SPS (1004.4). norm_m 2346.60 norm_p 1.01 total_loss_m 0.098435 total_loss_p 1.098472 fea_loss 0.009822 done_loss 0.000220
[36m(ActorLearner pid=733242)[0m [1;34m[dynamic-enduro-v5-test-10479] Steps 122096 @ 712.1 SPS (727.8). (T_q: 5.83) Eps 32. [0mRet [1;31m0.000000[0m (0.000000/0.000000). Loss -0.00 pg_loss 0.00 entropy_loss -0.64 reg_loss 0.00 total_norm 0.00 mean_abs_v 0.09 last_lr: 2.9963e-04
[36m(ModelLearner pid=733241)[0m [dynamic-enduro-v5-test-10479] Steps 123040 (615936[5.4]) @ 1003.7 SPS (1004.9). norm_m 2273.13 norm_p 0.69 total_loss_m 0.035990 total_loss_p 1.098493 fea_loss 0.003558 done_loss 0.000412
[36m(ActorLearner pid=733242)[0m [1;34m[dynamic-enduro-v5-test-10479] Steps 124016 @ 710.1 SPS (727.4). (T_q: 5.86) Eps 32. [0mRet [1;31m0.000000[0m (0.000000/0.000000). Loss -0.00 pg_loss 0.00 entropy_loss -0.63 reg_loss 0.00 total_norm 0.00 mean_abs_v 0.07 last_lr: 2.9963e-04
[36m(ModelLearner pid=733241)[0m [dynamic-enduro-v5-test-10479] Steps 124112 (621312[5.4]) @ 1002.7 SPS (1004.9). norm_m 6255.83 norm_p 0.82 total_loss_m 0.053856 total_loss_p 1.098492 fea_loss 0.005341 done_loss 0.000443
[36m(ModelLearner pid=733241)[0m [dynamic-enduro-v5-test-10479] Steps 125200 (626688[5.4]) @ 1003.5 SPS (1005.4). norm_m 2908.87 norm_p 0.98 total_loss_m 0.032374 total_loss_p 1.098497 fea_loss 0.003201 done_loss 0.000363
[36m(ActorLearner pid=733242)[0m [1;34m[dynamic-enduro-v5-test-10479] Steps 125760 @ 710.5 SPS (727.8). (T_q: 5.32) Eps 32. [0mRet [1;31m0.000000[0m (0.000000/0.000000). Loss -0.00 pg_loss 0.00 entropy_loss -0.60 reg_loss 0.00 total_norm 0.00 mean_abs_v 0.06 last_lr: 2.9962e-04
[36m(ModelLearner pid=733241)[0m [dynamic-enduro-v5-test-10479] Steps 126272 (632064[5.4]) @ 1002.9 SPS (1005.4). norm_m 5221.41 norm_p 0.92 total_loss_m 0.076680 total_loss_p 1.098568 fea_loss 0.007586 done_loss 0.000819
[36m(ModelLearner pid=733241)[0m [dynamic-enduro-v5-test-10479] Steps 127344 (637440[5.4]) @ 1001.2 SPS (1003.6). norm_m 8120.71 norm_p 0.79 total_loss_m 0.107952 total_loss_p 1.097077 fea_loss 0.010057 done_loss 0.007381
[36m(ActorLearner pid=733242)[0m [1;34m[dynamic-enduro-v5-test-10479] Steps 127408 @ 710.5 SPS (727.6). (T_q: 5.70) Eps 32. [0mRet [1;31m0.000000[0m (0.000000/0.000000). Loss -0.00 pg_loss 0.00 entropy_loss -0.54 reg_loss 0.00 total_norm 0.00 mean_abs_v 0.06 last_lr: 2.9962e-04
[36m(ModelLearner pid=733241)[0m [dynamic-enduro-v5-test-10479] Steps 128416 (642816[5.4]) @ 1000.0 SPS (1003.1). norm_m 8232.06 norm_p 0.52 total_loss_m 0.118042 total_loss_p 1.098514 fea_loss 0.011590 done_loss 0.002144
[36m(ActorLearner pid=733242)[0m [1;34m[dynamic-enduro-v5-test-10479] Steps 129024 @ 712.8 SPS (728.0). (T_q: 5.50) Eps 32. [0mRet [1;31m0.000000[0m (0.000000/0.000000). Loss -0.00 pg_loss 0.00 entropy_loss -0.56 reg_loss 0.00 total_norm 0.00 mean_abs_v 0.06 last_lr: 2.9961e-04
[36m(ModelLearner pid=733241)[0m [dynamic-enduro-v5-test-10479] Steps 129488 (648192[5.4]) @ 998.8 SPS (1003.0). norm_m 8952.33 norm_p 0.97 total_loss_m 0.093738 total_loss_p 1.098470 fea_loss 0.009253 done_loss 0.001212
[36m(ModelLearner pid=733241)[0m [dynamic-enduro-v5-test-10479] Steps 130576 (653568[5.4]) @ 994.1 SPS (1001.7). norm_m 13213.60 norm_p 0.59 total_loss_m 0.186861 total_loss_p 1.098518 fea_loss 0.018590 done_loss 0.000962
[36m(ActorLearner pid=733242)[0m [1;34m[dynamic-enduro-v5-test-10479] Steps 130672 @ 714.1 SPS (728.0). (T_q: 5.81) Eps 32. [0mRet [1;31m0.000000[0m (0.000000/0.000000). Loss -0.00 pg_loss 0.00 entropy_loss -0.58 reg_loss 0.00 total_norm 0.00 mean_abs_v 0.06 last_lr: 2.9961e-04
[36m(ModelLearner pid=733241)[0m [dynamic-enduro-v5-test-10479] Steps 131648 (658944[5.4]) @ 998.7 SPS (1001.5). norm_m 8041.23 norm_p 0.57 total_loss_m 0.162784 total_loss_p 1.098528 fea_loss 0.016254 done_loss 0.000246
[36m(ActorLearner pid=733242)[0m [1;34m[dynamic-enduro-v5-test-10479] Steps 132416 @ 713.5 SPS (727.4). (T_q: 6.05) Eps 32. [0mRet [1;31m0.000000[0m (0.000000/0.000000). Loss -0.00 pg_loss 0.00 entropy_loss -0.61 reg_loss 0.00 total_norm 0.00 mean_abs_v 0.07 last_lr: 2.9960e-04
[36m(ModelLearner pid=733241)[0m [dynamic-enduro-v5-test-10479] Steps 132720 (664320[5.4]) @ 998.7 SPS (1001.7). norm_m 2107.67 norm_p 0.35 total_loss_m 0.057620 total_loss_p 1.098491 fea_loss 0.005738 done_loss 0.000241
[36m(ModelLearner pid=733241)[0m [dynamic-enduro-v5-test-10479] Steps 133792 (669696[5.4]) @ 998.4 SPS (1001.9). norm_m 4752.54 norm_p 0.49 total_loss_m 0.082485 total_loss_p 1.098506 fea_loss 0.008218 done_loss 0.000308
[36m(ActorLearner pid=733242)[0m [1;34m[dynamic-enduro-v5-test-10479] Steps 134176 @ 713.7 SPS (727.5). (T_q: 5.06) Eps 32. [0mRet [1;31m0.000000[0m (0.000000/0.000000). Loss -0.00 pg_loss 0.00 entropy_loss -0.63 reg_loss 0.00 total_norm 0.00 mean_abs_v 0.08 last_lr: 2.9960e-04
[36m(ModelLearner pid=733241)[0m [dynamic-enduro-v5-test-10479] Steps 134864 (675072[5.4]) @ 998.0 SPS (1002.2). norm_m 4194.70 norm_p 0.58 total_loss_m 0.069919 total_loss_p 1.095640 fea_loss 0.005689 done_loss 0.013031
[36m(ActorLearner pid=733242)[0m [1;34m[dynamic-enduro-v5-test-10479] Steps 135088 @ 683.4 SPS (713.3). (T_q: 2.95) Eps 32. [0mRet [1;31m0.000000[0m (0.000000/0.000000). Loss -0.00 pg_loss 0.00 entropy_loss -0.62 reg_loss 0.00 total_norm 0.00 mean_abs_v 0.08 last_lr: 2.9959e-04
[36m(ModelLearner pid=733241)[0m [dynamic-enduro-v5-test-10479] Steps 135952 (680448[5.4]) @ 947.4 SPS (987.6). norm_m 3741.84 norm_p 0.73 total_loss_m 0.058797 total_loss_p 1.098506 fea_loss 0.005835 done_loss 0.000449
[36m(ActorLearner pid=733242)[0m [1;34m[dynamic-enduro-v5-test-10479] Steps 137008 @ 690.0 SPS (717.1). (T_q: 3.06) Eps 32. [0mRet [1;31m0.000000[0m (0.000000/0.000000). Loss -0.00 pg_loss 0.00 entropy_loss -0.64 reg_loss 0.00 total_norm 0.00 mean_abs_v 0.09 last_lr: 2.9959e-04
[36m(ModelLearner pid=733241)[0m [dynamic-enduro-v5-test-10479] Steps 137024 (685824[5.4]) @ 947.3 SPS (987.8). norm_m 2940.91 norm_p 0.53 total_loss_m 0.060925 total_loss_p 1.098511 fea_loss 0.006009 done_loss 0.000833
[36m(ModelLearner pid=733241)[0m [dynamic-enduro-v5-test-10479] Steps 138096 (691200[5.4]) @ 951.3 SPS (988.1). norm_m 2531.27 norm_p 0.34 total_loss_m 0.050654 total_loss_p 1.098514 fea_loss 0.004982 done_loss 0.000832
[36m(ActorLearner pid=733242)[0m [1;34m[dynamic-enduro-v5-test-10479] Steps 138928 @ 689.6 SPS (716.7). (T_q: 6.27) Eps 32. [0mRet [1;31m0.000000[0m (0.000000/0.000000). Loss -0.00 pg_loss 0.00 entropy_loss -0.69 reg_loss 0.00 total_norm 0.00 mean_abs_v 0.09 last_lr: 2.9958e-04
[36m(ModelLearner pid=733241)[0m [dynamic-enduro-v5-test-10479] Steps 139328 (697344[5.4]) @ 953.8 SPS (989.2). norm_m 2781.36 norm_p 0.68 total_loss_m 0.052886 total_loss_p 1.098467 fea_loss 0.005169 done_loss 0.001193
[36m(ModelLearner pid=733241)[0m [dynamic-enduro-v5-test-10479] Steps 140400 (702720[5.4]) @ 954.4 SPS (989.7). norm_m 4187.68 norm_p 0.70 total_loss_m 0.087907 total_loss_p 1.098520 fea_loss 0.008759 done_loss 0.000320
[36m(ActorLearner pid=733242)[0m [1;34m[dynamic-enduro-v5-test-10479] Steps 140864 @ 688.8 SPS (716.5). (T_q: 6.05) Eps 32. [0mRet [1;31m0.000000[0m (0.000000/0.000000). Loss -0.00 pg_loss 0.00 entropy_loss -0.65 reg_loss 0.00 total_norm 0.00 mean_abs_v 0.09 last_lr: 2.9958e-04
[36m(ModelLearner pid=733241)[0m [dynamic-enduro-v5-test-10479] Steps 141632 (708864[5.4]) @ 956.9 SPS (990.9). norm_m 1821.66 norm_p 0.56 total_loss_m 0.067478 total_loss_p 1.098519 fea_loss 0.006705 done_loss 0.000425
[36m(ModelLearner pid=733241)[0m [dynamic-enduro-v5-test-10479] Steps 142704 (714240[5.4]) @ 949.4 SPS (989.9). norm_m 7175.81 norm_p 0.32 total_loss_m 0.119660 total_loss_p 1.098528 fea_loss 0.011832 done_loss 0.001343
[36m(ActorLearner pid=733242)[0m [1;34m[dynamic-enduro-v5-test-10479] Steps 142720 @ 688.8 SPS (716.3). (T_q: 5.91) Eps 32. [0mRet [1;31m0.000000[0m (0.000000/0.000000). Loss -0.00 pg_loss 0.00 entropy_loss -0.61 reg_loss 0.00 total_norm 0.00 mean_abs_v 0.08 last_lr: 2.9957e-04
[36m(ModelLearner pid=733241)[0m [dynamic-enduro-v5-test-10479] Steps 143776 (719616[5.4]) @ 949.2 SPS (990.1). norm_m 2320.75 norm_p 0.78 total_loss_m 0.102050 total_loss_p 1.095669 fea_loss 0.008815 done_loss 0.013898
[36m(ActorLearner pid=733242)[0m [1;34m[dynamic-enduro-v5-test-10479] Steps 144544 @ 689.2 SPS (716.4). (T_q: 5.76) Eps 32. [0mRet [1;31m0.000000[0m (0.000000/0.000000). Loss -0.00 pg_loss 0.00 entropy_loss -0.63 reg_loss 0.00 total_norm 0.00 mean_abs_v 0.07 last_lr: 2.9957e-04
[36m(ModelLearner pid=733241)[0m [dynamic-enduro-v5-test-10479] Steps 144848 (724992[5.4]) @ 955.1 SPS (990.6). norm_m 1551.24 norm_p 0.55 total_loss_m 0.073149 total_loss_p 1.098525 fea_loss 0.007246 done_loss 0.000694
[36m(ModelLearner pid=733241)[0m [dynamic-enduro-v5-test-10479] Steps 145936 (730368[5.4]) @ 952.2 SPS (990.9). norm_m 2288.72 norm_p 0.76 total_loss_m 0.088455 total_loss_p 1.098556 fea_loss 0.008797 done_loss 0.000484
[36m(ActorLearner pid=733242)[0m [1;34m[dynamic-enduro-v5-test-10479] Steps 146288 @ 690.5 SPS (716.6). (T_q: 5.77) Eps 32. [0mRet [1;31m0.000000[0m (0.000000/0.000000). Loss -0.00 pg_loss 0.00 entropy_loss -0.59 reg_loss 0.00 total_norm 0.00 mean_abs_v 0.06 last_lr: 2.9956e-04
[36m(ModelLearner pid=733241)[0m [dynamic-enduro-v5-test-10479] Steps 147008 (735744[5.4]) @ 951.7 SPS (991.1). norm_m 6696.73 norm_p 0.46 total_loss_m 0.066765 total_loss_p 1.098512 fea_loss 0.006656 done_loss 0.000203
[36m(ActorLearner pid=733242)[0m [1;34m[dynamic-enduro-v5-test-10479] Steps 147184 @ 679.1 SPS (711.4). (T_q: 3.02) Eps 32. [0mRet [1;31m0.000000[0m (0.000000/0.000000). Loss -0.00 pg_loss 0.00 entropy_loss -0.61 reg_loss 0.00 total_norm 0.00 mean_abs_v 0.06 last_lr: 2.9956e-04
[36m(ModelLearner pid=733241)[0m [dynamic-enduro-v5-test-10479] Steps 148080 (741120[5.4]) @ 940.7 SPS (988.3). norm_m 2489.19 norm_p 0.46 total_loss_m 0.082634 total_loss_p 1.098544 fea_loss 0.008238 done_loss 0.000253
[36m(ModelLearner pid=733241)[0m [dynamic-enduro-v5-test-10479] Steps 149152 (746496[5.4]) @ 942.3 SPS (988.2). norm_m 3104.00 norm_p 0.45 total_loss_m 0.092282 total_loss_p 1.098508 fea_loss 0.009212 done_loss 0.000166
[36m(ActorLearner pid=733242)[0m [1;34m[dynamic-enduro-v5-test-10479] Steps 149760 @ 688.9 SPS (715.5). (T_q: 5.50) Eps 32. [0mRet [1;31m0.000000[0m (0.000000/0.000000). Loss -0.00 pg_loss 0.00 entropy_loss -0.58 reg_loss 0.00 total_norm 0.00 mean_abs_v 0.06 last_lr: 2.9955e-04
[36m(ModelLearner pid=733241)[0m [dynamic-enduro-v5-test-10479] Steps 150224 (751872[5.4]) @ 942.8 SPS (988.2). norm_m 5471.40 norm_p 0.53 total_loss_m 0.109353 total_loss_p 1.098529 fea_loss 0.010915 done_loss 0.000199
[36m(ModelLearner pid=733241)[0m [dynamic-enduro-v5-test-10479] Steps 151312 (757248[5.4]) @ 938.2 SPS (987.1). norm_m 1372.42 norm_p 0.69 total_loss_m 0.056978 total_loss_p 1.098526 fea_loss 0.005693 done_loss 0.000045
[36m(ActorLearner pid=733242)[0m [1;34m[dynamic-enduro-v5-test-10479] Steps 151392 @ 688.3 SPS (715.5). (T_q: 5.85) Eps 32. [0mRet [1;31m0.000000[0m (0.000000/0.000000). Loss -0.00 pg_loss 0.00 entropy_loss -0.56 reg_loss 0.00 total_norm 0.00 mean_abs_v 0.07 last_lr: 2.9955e-04
[36m(ModelLearner pid=733241)[0m [dynamic-enduro-v5-test-10479] Steps 152384 (762624[5.4]) @ 937.3 SPS (987.1). norm_m 2393.64 norm_p 0.22 total_loss_m 0.079999 total_loss_p 1.098539 fea_loss 0.007943 done_loss 0.000568
[36m(ActorLearner pid=733242)[0m [1;34m[dynamic-enduro-v5-test-10479] Steps 153136 @ 689.3 SPS (715.7). (T_q: 5.64) Eps 32. [0mRet [1;31m0.000000[0m (0.000000/0.000000). Loss -0.00 pg_loss 0.00 entropy_loss -0.60 reg_loss 0.00 total_norm 0.00 mean_abs_v 0.07 last_lr: 2.9954e-04
[36m(ModelLearner pid=733241)[0m [dynamic-enduro-v5-test-10479] Steps 153456 (768000[5.4]) @ 937.0 SPS (987.3). norm_m 2972.49 norm_p 0.21 total_loss_m 0.050710 total_loss_p 1.098558 fea_loss 0.005032 done_loss 0.000391
[36m(ModelLearner pid=733241)[0m [dynamic-enduro-v5-test-10479] Steps 154528 (773376[5.4]) @ 941.7 SPS (987.7). norm_m 1468.70 norm_p 0.40 total_loss_m 0.061087 total_loss_p 1.098561 fea_loss 0.006082 done_loss 0.000265
[36m(ActorLearner pid=733242)[0m [1;34m[dynamic-enduro-v5-test-10479] Steps 154960 @ 688.0 SPS (715.2). (T_q: 5.63) Eps 32. [0mRet [1;31m0.000000[0m (0.000000/0.000000). Loss -0.00 pg_loss 0.00 entropy_loss -0.64 reg_loss 0.00 total_norm 0.00 mean_abs_v 0.08 last_lr: 2.9954e-04
[36m(ModelLearner pid=733241)[0m [dynamic-enduro-v5-test-10479] Steps 155600 (778752[5.3]) @ 942.4 SPS (988.0). norm_m 65.56 norm_p 0.03 total_loss_m 0.001098 total_loss_p 0.021553 fea_loss 0.000109 done_loss 0.000012
[36m(ModelLearner pid=733241)[0m Saving model checkpoint to /scratch/jeongmin/dt-10479/p/logs/thinker/dynamic-enduro-v5-test-10479/ckp_model.tar
[36m(ModelLearner pid=733241)[0m [dynamic-enduro-v5-test-10479] Steps 156688 (784128[5.3]) @ 938.8 SPS (987.3). norm_m 1698.48 norm_p 0.70 total_loss_m 0.055602 total_loss_p 1.098591 fea_loss 0.005503 done_loss 0.000576
[36m(ActorLearner pid=733242)[0m [1;34m[dynamic-enduro-v5-test-10479] Steps 156816 @ 685.7 SPS (714.4). (T_q: 5.78) Eps 32. [0mRet [1;31m0.000000[0m (0.000000/0.000000). Loss -0.00 pg_loss 0.00 entropy_loss -0.65 reg_loss 0.00 total_norm 0.00 mean_abs_v 0.09 last_lr: 2.9953e-04
[36m(ActorLearner pid=733242)[0m Saving actor checkpoint to /scratch/jeongmin/dt-10479/p/logs/thinker/dynamic-enduro-v5-test-10479/ckp_actor.tar
[36m(ModelLearner pid=733241)[0m [dynamic-enduro-v5-test-10479] Steps 157760 (789504[5.3]) @ 936.6 SPS (987.7). norm_m 3595.51 norm_p 0.45 total_loss_m 0.076927 total_loss_p 1.098551 fea_loss 0.007679 done_loss 0.000141
[36m(ModelLearner pid=733241)[0m [dynamic-enduro-v5-test-10479] Steps 158832 (794880[5.3]) @ 935.4 SPS (987.9). norm_m 2166.46 norm_p 0.43 total_loss_m 0.052608 total_loss_p 1.098553 fea_loss 0.005218 done_loss 0.000431
[36m(ActorLearner pid=733242)[0m [1;34m[dynamic-enduro-v5-test-10479] Steps 158768 @ 685.9 SPS (714.4). (T_q: 4.94) Eps 32. [0mRet [1;31m0.000000[0m (0.000000/0.000000). Loss -0.00 pg_loss 0.00 entropy_loss -0.65 reg_loss 0.00 total_norm 0.00 mean_abs_v 0.09 last_lr: 2.9952e-04
[36m(SelfPlayWorker pid=733238)[0m [DEBUG] Episode termination detected:
[36m(SelfPlayWorker pid=733238)[0m   - done: tensor([ True, False, False, False, False, False, False, False, False, False,
[36m(SelfPlayWorker pid=733238)[0m         False, False, False, False, False, False], device='cuda:0')
[36m(SelfPlayWorker pid=733238)[0m   - truncated_done: tensor([False, False, False, False, False, False, False, False, False, False,
[36m(SelfPlayWorker pid=733238)[0m         False, False, False, False, False, False], device='cuda:0')
[36m(SelfPlayWorker pid=733238)[0m   - real_done: tensor([ True, False, False, False, False, False, False, False, False, False,
[36m(SelfPlayWorker pid=733238)[0m         False, False, False, False, False, False], device='cuda:0')
[36m(SelfPlayWorker pid=733238)[0m   - step_status: tensor([0, 0, 0, 0, 0, 0, 0, 0, 0, 0, 0, 0, 0, 0, 0, 0], device='cuda:0')
[36m(SelfPlayWorker pid=733238)[0m   - counter: 36129
[36m(SelfPlayWorker pid=733238)[0m [DEBUG] Episode termination detected:
[36m(SelfPlayWorker pid=733238)[0m   - done: tensor([False, False, False, False, False, False, False, False, False, False,
[36m(SelfPlayWorker pid=733238)[0m         False,  True, False, False, False, False], device='cuda:0')
[36m(SelfPlayWorker pid=733238)[0m   - truncated_done: tensor([False, False, False, False, False, False, False, False, False, False,
[36m(SelfPlayWorker pid=733238)[0m         False, False, False, False, False, False], device='cuda:0')
[36m(SelfPlayWorker pid=733238)[0m   - real_done: tensor([False, False, False, False, False, False, False, False, False, False,
[36m(SelfPlayWorker pid=733238)[0m         False,  True, False, False, False, False], device='cuda:0')
[36m(SelfPlayWorker pid=733238)[0m   - step_status: tensor([0, 0, 0, 0, 0, 0, 0, 0, 0, 0, 0, 0, 0, 0, 0, 0], device='cuda:0')
[36m(SelfPlayWorker pid=733238)[0m   - counter: 36132
[36m(SelfPlayWorker pid=733238)[0m [DEBUG] Episode termination detected:
[36m(SelfPlayWorker pid=733238)[0m   - done: tensor([False, False, False, False, False,  True, False, False, False, False,
[36m(SelfPlayWorker pid=733238)[0m         False, False, False, False, False, False], device='cuda:0')
[36m(SelfPlayWorker pid=733238)[0m   - truncated_done: tensor([False, False, False, False, False, False, False, False, False, False,
[36m(SelfPlayWorker pid=733238)[0m         False, False, False, False, False, False], device='cuda:0')
[36m(SelfPlayWorker pid=733238)[0m   - real_done: tensor([False, False, False, False, False,  True, False, False, False, False,
[36m(SelfPlayWorker pid=733238)[0m         False, False, False, False, False, False], device='cuda:0')
[36m(SelfPlayWorker pid=733238)[0m   - step_status: tensor([0, 0, 0, 0, 0, 0, 0, 0, 0, 0, 0, 0, 0, 0, 0, 0], device='cuda:0')
[36m(SelfPlayWorker pid=733238)[0m   - counter: 36135
[36m(SelfPlayWorker pid=733238)[0m [DEBUG] Episode termination detected:
[36m(SelfPlayWorker pid=733238)[0m   - done: tensor([False, False, False,  True,  True, False, False, False, False, False,
[36m(SelfPlayWorker pid=733238)[0m         False, False, False, False, False, False], device='cuda:0')
[36m(SelfPlayWorker pid=733238)[0m   - truncated_done: tensor([False, False, False, False, False, False, False, False, False, False,
[36m(SelfPlayWorker pid=733238)[0m         False, False, False, False, False, False], device='cuda:0')
[36m(SelfPlayWorker pid=733238)[0m   - real_done: tensor([False, False, False,  True,  True, False, False, False, False, False,
[36m(SelfPlayWorker pid=733238)[0m         False, False, False, False, False, False], device='cuda:0')
[36m(SelfPlayWorker pid=733238)[0m   - step_status: tensor([0, 0, 0, 0, 0, 0, 0, 0, 0, 0, 0, 0, 0, 0, 0, 0], device='cuda:0')
[36m(SelfPlayWorker pid=733238)[0m   - counter: 36137
[36m(SelfPlayWorker pid=733238)[0m [DEBUG] Episode termination detected:
[36m(SelfPlayWorker pid=733238)[0m   - done: tensor([False, False, False, False, False, False, False, False, False, False,
[36m(SelfPlayWorker pid=733238)[0m          True, False, False,  True, False, False], device='cuda:0')
[36m(SelfPlayWorker pid=733238)[0m   - truncated_done: tensor([False, False, False, False, False, False, False, False, False, False,
[36m(SelfPlayWorker pid=733238)[0m         False, False, False, False, False, False], device='cuda:0')
[36m(SelfPlayWorker pid=733238)[0m   - real_done: tensor([False, False, False, False, False, False, False, False, False, False,
[36m(SelfPlayWorker pid=733238)[0m          True, False, False,  True, False, False], device='cuda:0')
[36m(SelfPlayWorker pid=733238)[0m   - step_status: tensor([0, 0, 0, 0, 0, 0, 0, 0, 0, 0, 0, 0, 0, 0, 0, 0], device='cuda:0')
[36m(SelfPlayWorker pid=733238)[0m   - counter: 36141
[36m(SelfPlayWorker pid=733238)[0m [DEBUG] Episode termination detected:
[36m(SelfPlayWorker pid=733238)[0m   - done: tensor([False, False,  True, False, False, False, False, False, False, False,
[36m(SelfPlayWorker pid=733238)[0m         False, False, False, False, False, False], device='cuda:0')
[36m(SelfPlayWorker pid=733238)[0m   - truncated_done: tensor([False, False, False, False, False, False, False, False, False, False,
[36m(SelfPlayWorker pid=733238)[0m         False, False, False, False, False, False], device='cuda:0')
[36m(SelfPlayWorker pid=733238)[0m   - real_done: tensor([False, False,  True, False, False, False, False, False, False, False,
[36m(SelfPlayWorker pid=733238)[0m         False, False, False, False, False, False], device='cuda:0')
[36m(SelfPlayWorker pid=733238)[0m   - step_status: tensor([0, 0, 0, 0, 0, 0, 0, 0, 0, 0, 0, 0, 0, 0, 0, 0], device='cuda:0')
[36m(SelfPlayWorker pid=733238)[0m   - counter: 36147
[36m(SelfPlayWorker pid=733238)[0m [DEBUG] Episode termination detected:
[36m(SelfPlayWorker pid=733238)[0m   - done: tensor([False, False, False, False, False, False,  True, False, False, False,
[36m(SelfPlayWorker pid=733238)[0m         False, False, False, False,  True, False], device='cuda:0')
[36m(SelfPlayWorker pid=733238)[0m   - truncated_done: tensor([False, False, False, False, False, False, False, False, False, False,
[36m(SelfPlayWorker pid=733238)[0m         False, False, False, False, False, False], device='cuda:0')
[36m(SelfPlayWorker pid=733238)[0m   - real_done: tensor([False, False, False, False, False, False,  True, False, False, False,
[36m(SelfPlayWorker pid=733238)[0m         False, False, False, False,  True, False], device='cuda:0')
[36m(SelfPlayWorker pid=733238)[0m   - step_status: tensor([0, 0, 0, 0, 0, 0, 0, 0, 0, 0, 0, 0, 0, 0, 0, 0], device='cuda:0')
[36m(SelfPlayWorker pid=733238)[0m   - counter: 36150
[36m(SelfPlayWorker pid=733238)[0m [DEBUG] Episode termination detected:
[36m(SelfPlayWorker pid=733238)[0m   - done: tensor([False,  True, False, False, False, False, False, False, False, False,
[36m(SelfPlayWorker pid=733238)[0m         False, False, False, False, False, False], device='cuda:0')
[36m(SelfPlayWorker pid=733238)[0m   - truncated_done: tensor([False, False, False, False, False, False, False, False, False, False,
[36m(SelfPlayWorker pid=733238)[0m         False, False, False, False, False, False], device='cuda:0')
[36m(SelfPlayWorker pid=733238)[0m   - real_done: tensor([False,  True, False, False, False, False, False, False, False, False,
[36m(SelfPlayWorker pid=733238)[0m         False, False, False, False, False, False], device='cuda:0')
[36m(SelfPlayWorker pid=733238)[0m   - step_status: tensor([0, 0, 0, 0, 0, 0, 0, 0, 0, 0, 0, 0, 0, 0, 0, 0], device='cuda:0')
[36m(SelfPlayWorker pid=733238)[0m   - counter: 36153
[36m(SelfPlayWorker pid=733238)[0m [DEBUG] Episode termination detected:
[36m(SelfPlayWorker pid=733238)[0m   - done: tensor([False, False, False, False, False, False, False,  True, False,  True,
[36m(SelfPlayWorker pid=733238)[0m         False, False, False, False, False, False], device='cuda:0')
[36m(SelfPlayWorker pid=733238)[0m   - truncated_done: tensor([False, False, False, False, False, False, False, False, False, False,
[36m(SelfPlayWorker pid=733238)[0m         False, False, False, False, False, False], device='cuda:0')
[36m(SelfPlayWorker pid=733238)[0m   - real_done: tensor([False, False, False, False, False, False, False,  True, False,  True,
[36m(SelfPlayWorker pid=733238)[0m         False, False, False, False, False, False], device='cuda:0')
[36m(SelfPlayWorker pid=733238)[0m   - step_status: tensor([0, 0, 0, 0, 0, 0, 0, 0, 0, 0, 0, 0, 0, 0, 0, 0], device='cuda:0')
[36m(SelfPlayWorker pid=733238)[0m   - counter: 36157
[36m(SelfPlayWorker pid=733238)[0m [DEBUG] Episode termination detected:
[36m(SelfPlayWorker pid=733238)[0m   - done: tensor([False, False, False, False, False, False, False, False, False, False,
[36m(SelfPlayWorker pid=733238)[0m         False, False,  True, False, False, False], device='cuda:0')
[36m(SelfPlayWorker pid=733238)[0m   - truncated_done: tensor([False, False, False, False, False, False, False, False, False, False,
[36m(SelfPlayWorker pid=733238)[0m         False, False, False, False, False, False], device='cuda:0')
[36m(SelfPlayWorker pid=733238)[0m   - real_done: tensor([False, False, False, False, False, False, False, False, False, False,
[36m(SelfPlayWorker pid=733238)[0m         False, False,  True, False, False, False], device='cuda:0')
[36m(SelfPlayWorker pid=733238)[0m   - step_status: tensor([0, 0, 0, 0, 0, 0, 0, 0, 0, 0, 0, 0, 0, 0, 0, 0], device='cuda:0')
[36m(SelfPlayWorker pid=733238)[0m   - counter: 36159
[36m(SelfPlayWorker pid=733238)[0m [DEBUG] Episode termination detected:
[36m(SelfPlayWorker pid=733238)[0m   - done: tensor([False, False, False, False, False, False, False, False,  True, False,
[36m(SelfPlayWorker pid=733238)[0m         False, False, False, False, False,  True], device='cuda:0')
[36m(SelfPlayWorker pid=733238)[0m   - truncated_done: tensor([False, False, False, False, False, False, False, False, False, False,
[36m(SelfPlayWorker pid=733238)[0m         False, False, False, False, False, False], device='cuda:0')
[36m(SelfPlayWorker pid=733238)[0m   - real_done: tensor([False, False, False, False, False, False, False, False,  True, False,
[36m(SelfPlayWorker pid=733238)[0m         False, False, False, False, False,  True], device='cuda:0')
[36m(SelfPlayWorker pid=733238)[0m   - step_status: tensor([0, 0, 0, 0, 0, 0, 0, 0, 0, 0, 0, 0, 0, 0, 0, 0], device='cuda:0')
[36m(SelfPlayWorker pid=733238)[0m   - counter: 36162
[36m(ActorLearner pid=733242)[0m [DEBUG] Episode counter increased:
[36m(ActorLearner pid=733242)[0m   - real_done_count: 16
[36m(ActorLearner pid=733242)[0m   - tot_eps: 48
[36m(ActorLearner pid=733242)[0m   - train_actor_out.real_done: tensor([[False, False, False,  ..., False, False, False],
[36m(ActorLearner pid=733242)[0m         [False, False, False,  ..., False, False, False],
[36m(ActorLearner pid=733242)[0m         [False, False, False,  ..., False, False, False],
[36m(ActorLearner pid=733242)[0m         ...,
[36m(ActorLearner pid=733242)[0m         [False, False, False,  ..., False, False, False],
[36m(ActorLearner pid=733242)[0m         [False, False, False,  ..., False, False, False],
[36m(ActorLearner pid=733242)[0m         [False, False, False,  ..., False, False, False]], device='cuda:0')
[36m(ActorLearner pid=733242)[0m   - train_actor_out.done: tensor([[False, False, False,  ..., False, False, False],
[36m(ActorLearner pid=733242)[0m         [False, False, False,  ..., False, False, False],
[36m(ActorLearner pid=733242)[0m         [False, False, False,  ..., False, False, False],
[36m(ActorLearner pid=733242)[0m         ...,
[36m(ActorLearner pid=733242)[0m         [False, False, False,  ..., False, False, False],
[36m(ActorLearner pid=733242)[0m         [False, False, False,  ..., False, False, False],
[36m(ActorLearner pid=733242)[0m         [False, False, False,  ..., False, False, False]], device='cuda:0')
[36m(ActorLearner pid=733242)[0m   - train_actor_out.truncated_done: tensor([[False, False, False,  ..., False, False, False],
[36m(ActorLearner pid=733242)[0m         [False, False, False,  ..., False, False, False],
[36m(ActorLearner pid=733242)[0m         [False, False, False,  ..., False, False, False],
[36m(ActorLearner pid=733242)[0m         ...,
[36m(ActorLearner pid=733242)[0m         [False, False, False,  ..., False, False, False],
[36m(ActorLearner pid=733242)[0m         [False, False, False,  ..., False, False, False],
[36m(ActorLearner pid=733242)[0m         [False, False, False,  ..., False, False, False]], device='cuda:0')
[36m(ModelLearner pid=733241)[0m [dynamic-enduro-v5-test-10479] Steps 160064 (801024[5.3]) @ 942.4 SPS (988.9). norm_m 2874.73 norm_p 0.98 total_loss_m 0.082434 total_loss_p 1.098584 fea_loss 0.008143 done_loss 0.001008
[36m(ActorLearner pid=733242)[0m [1;34m[dynamic-enduro-v5-test-10479] Steps 161264 @ 684.5 SPS (713.7). (T_q: 6.07) Eps 48. [0mRet [1;31m0.000000[0m (0.000000/0.000000). Loss -0.00 pg_loss 0.00 entropy_loss -0.99 reg_loss 0.00 total_norm 0.01 mean_abs_v 0.17 last_lr: 2.9952e-04
[36m(ModelLearner pid=733241)[0m [dynamic-enduro-v5-test-10479] Steps 161440 (807936[5.3]) @ 948.9 SPS (991.0). norm_m 1562.66 norm_p 2.59 total_loss_m 0.062205 total_loss_p 1.098525 fea_loss 0.006102 done_loss 0.001185
[36m(ActorLearner pid=733242)[0m [1;34m[dynamic-enduro-v5-test-10479] Steps 162608 @ 682.3 SPS (712.8). (T_q: 3.64) Eps 48. [0mRet [1;31m0.000000[0m (0.000000/0.000000). Loss -0.00 pg_loss 0.00 entropy_loss -0.91 reg_loss 0.00 total_norm 0.00 mean_abs_v 0.14 last_lr: 2.9951e-04
[36m(ModelLearner pid=733241)[0m [dynamic-enduro-v5-test-10479] Steps 162672 (814080[5.3]) @ 954.1 SPS (992.4). norm_m 2095.90 norm_p 27.97 total_loss_m 0.064168 total_loss_p 1.099052 fea_loss 0.006285 done_loss 0.001315
[36m(ActorLearner pid=733242)[0m [1;34m[dynamic-enduro-v5-test-10479] Steps 163824 @ 680.9 SPS (712.4). (T_q: 3.36) Eps 48. [0mRet [1;31m0.000000[0m (0.000000/0.000000). Loss -0.00 pg_loss 0.00 entropy_loss -0.83 reg_loss 0.00 total_norm 0.00 mean_abs_v 0.09 last_lr: 2.9951e-04
[36m(ModelLearner pid=733241)[0m [dynamic-enduro-v5-test-10479] Steps 163904 (820224[5.3]) @ 956.9 SPS (993.5). norm_m 1177.75 norm_p 3.28 total_loss_m 0.066442 total_loss_p 1.097946 fea_loss 0.006558 done_loss 0.000866
[36m(ModelLearner pid=733241)[0m [dynamic-enduro-v5-test-10479] Steps 164976 (825600[5.3]) @ 957.0 SPS (993.6). norm_m 1353.15 norm_p 8.40 total_loss_m 0.082167 total_loss_p 1.091482 fea_loss 0.004091 done_loss 0.041259
[36m(ActorLearner pid=733242)[0m [1;34m[dynamic-enduro-v5-test-10479] Steps 165504 @ 681.8 SPS (712.5). (T_q: 5.65) Eps 48. [0mRet [1;31m0.000000[0m (0.000000/0.000000). Loss -0.00 pg_loss 0.00 entropy_loss -0.54 reg_loss 0.00 total_norm 0.00 mean_abs_v 0.06 last_lr: 2.9950e-04
[36m(ModelLearner pid=733241)[0m [dynamic-enduro-v5-test-10479] Steps 166048 (830976[5.3]) @ 961.9 SPS (993.6). norm_m 3377.30 norm_p 4.46 total_loss_m 0.079525 total_loss_p 1.097874 fea_loss 0.007861 done_loss 0.000912
[36m(ModelLearner pid=733241)[0m [dynamic-enduro-v5-test-10479] Steps 166976 (835584[5.3]) @ 956.8 SPS (992.1). norm_m 539.30 norm_p 5.58 total_loss_m 0.066608 total_loss_p 1.093941 fea_loss 0.004802 done_loss 0.018589
[36m(ActorLearner pid=733242)[0m [1;34m[dynamic-enduro-v5-test-10479] Steps 167056 @ 683.1 SPS (712.9). (T_q: 5.58) Eps 48. [0mRet [1;31m0.000000[0m (0.000000/0.000000). Loss -0.00 pg_loss 0.00 entropy_loss -0.51 reg_loss 0.00 total_norm 0.00 mean_abs_v 0.05 last_lr: 2.9950e-04
[36m(ModelLearner pid=733241)[0m [dynamic-enduro-v5-test-10479] Steps 167888 (840192[5.3]) @ 954.7 SPS (991.5). norm_m 6991.90 norm_p 2.82 total_loss_m 0.070299 total_loss_p 1.097935 fea_loss 0.006878 done_loss 0.001519
[36m(ActorLearner pid=733242)[0m [1;34m[dynamic-enduro-v5-test-10479] Steps 167776 @ 674.2 SPS (709.6). (T_q: 2.80) Eps 48. [0mRet [1;31m0.000000[0m (0.000000/0.000000). Loss -0.00 pg_loss 0.00 entropy_loss -0.49 reg_loss 0.00 total_norm 0.00 mean_abs_v 0.05 last_lr: 2.9950e-04
[36m(ModelLearner pid=733241)[0m [dynamic-enduro-v5-test-10479] Steps 168656 (844032[5.3]) @ 952.1 SPS (990.1). norm_m 1149.43 norm_p 2.66 total_loss_m 0.076669 total_loss_p 1.088221 fea_loss 0.003590 done_loss 0.040765
[36m(ModelLearner pid=733241)[0m [dynamic-enduro-v5-test-10479] Steps 169744 (849408[5.3]) @ 952.0 SPS (990.0). norm_m 3063.28 norm_p 4.52 total_loss_m 0.056170 total_loss_p 1.098429 fea_loss 0.005435 done_loss 0.001820
[36m(ActorLearner pid=733242)[0m [1;34m[dynamic-enduro-v5-test-10479] Steps 170048 @ 684.0 SPS (713.3). (T_q: 5.34) Eps 48. [0mRet [1;31m0.000000[0m (0.000000/0.000000). Loss -0.00 pg_loss 0.00 entropy_loss -0.56 reg_loss 0.00 total_norm 0.00 mean_abs_v 0.05 last_lr: 2.9949e-04
[36m(ModelLearner pid=733241)[0m [dynamic-enduro-v5-test-10479] Steps 170816 (854784[5.3]) @ 947.1 SPS (989.0). norm_m 1701.38 norm_p 1.22 total_loss_m 0.059160 total_loss_p 1.098129 fea_loss 0.005777 done_loss 0.001391
[36m(ActorLearner pid=733242)[0m [1;34m[dynamic-enduro-v5-test-10479] Steps 171680 @ 684.5 SPS (713.7). (T_q: 5.48) Eps 48. [0mRet [1;31m0.000000[0m (0.000000/0.000000). Loss -0.00 pg_loss 0.00 entropy_loss -0.59 reg_loss 0.00 total_norm 0.00 mean_abs_v 0.06 last_lr: 2.9948e-04
[36m(ModelLearner pid=733241)[0m [dynamic-enduro-v5-test-10479] Steps 171888 (860160[5.3]) @ 946.7 SPS (989.1). norm_m 4558.61 norm_p 1.55 total_loss_m 0.040986 total_loss_p 1.097738 fea_loss 0.004065 done_loss 0.000337
[36m(ModelLearner pid=733241)[0m [dynamic-enduro-v5-test-10479] Steps 172960 (865536[5.3]) @ 947.2 SPS (989.5). norm_m 4432.53 norm_p 1.49 total_loss_m 0.046851 total_loss_p 1.098063 fea_loss 0.004677 done_loss 0.000085
[36m(ActorLearner pid=733242)[0m [1;34m[dynamic-enduro-v5-test-10479] Steps 173632 @ 683.0 SPS (713.3). (T_q: 6.41) Eps 48. [0mRet [1;31m0.000000[0m (0.000000/0.000000). Loss -0.00 pg_loss 0.00 entropy_loss -0.70 reg_loss 0.00 total_norm 0.00 mean_abs_v 0.10 last_lr: 2.9948e-04
[36m(ModelLearner pid=733241)[0m [dynamic-enduro-v5-test-10479] Steps 174192 (871680[5.3]) @ 1000.8 SPS (990.4). norm_m 2478.27 norm_p 2.69 total_loss_m 0.061504 total_loss_p 1.098133 fea_loss 0.006053 done_loss 0.000973
[36m(ModelLearner pid=733241)[0m [dynamic-enduro-v5-test-10479] Steps 175424 (877824[5.3]) @ 1003.8 SPS (991.3). norm_m 1150.58 norm_p 1.26 total_loss_m 0.028809 total_loss_p 1.098005 fea_loss 0.002725 done_loss 0.001564
[36m(ActorLearner pid=733242)[0m [1;34m[dynamic-enduro-v5-test-10479] Steps 175680 @ 681.8 SPS (712.7). (T_q: 6.20) Eps 48. [0mRet [1;31m0.000000[0m (0.000000/0.000000). Loss -0.00 pg_loss 0.00 entropy_loss -0.67 reg_loss 0.00 total_norm 0.00 mean_abs_v 0.08 last_lr: 2.9947e-04
[36m(ModelLearner pid=733241)[0m [dynamic-enduro-v5-test-10479] Steps 176656 (883968[5.3]) @ 1001.2 SPS (991.0). norm_m 2497.92 norm_p 1.06 total_loss_m 0.108710 total_loss_p 1.098031 fea_loss 0.010820 done_loss 0.000506
[36m(ActorLearner pid=733242)[0m [1;34m[dynamic-enduro-v5-test-10479] Steps 177600 @ 682.3 SPS (712.8). (T_q: 5.54) Eps 48. [0mRet [1;31m0.000000[0m (0.000000/0.000000). Loss -0.00 pg_loss 0.00 entropy_loss -0.63 reg_loss 0.00 total_norm 0.00 mean_abs_v 0.06 last_lr: 2.9947e-04
[36m(ModelLearner pid=733241)[0m [dynamic-enduro-v5-test-10479] Steps 177728 (889344[5.3]) @ 998.5 SPS (991.2). norm_m 1497.34 norm_p 2.74 total_loss_m 0.029345 total_loss_p 1.098223 fea_loss 0.002844 done_loss 0.000909
[36m(ModelLearner pid=733241)[0m [dynamic-enduro-v5-test-10479] Steps 178800 (894720[5.3]) @ 995.7 SPS (991.0). norm_m 1693.74 norm_p 2.11 total_loss_m 0.025492 total_loss_p 1.098004 fea_loss 0.002403 done_loss 0.001465
[36m(ActorLearner pid=733242)[0m [1;34m[dynamic-enduro-v5-test-10479] Steps 179152 @ 683.0 SPS (713.2). (T_q: 5.49) Eps 48. [0mRet [1;31m0.000000[0m (0.000000/0.000000). Loss -0.00 pg_loss 0.00 entropy_loss -0.51 reg_loss 0.00 total_norm 0.00 mean_abs_v 0.05 last_lr: 2.9946e-04
[36m(ModelLearner pid=733241)[0m [dynamic-enduro-v5-test-10479] Steps 179872 (900096[5.3]) @ 986.3 SPS (989.9). norm_m 3768.51 norm_p 1.56 total_loss_m 0.052971 total_loss_p 1.098038 fea_loss 0.005223 done_loss 0.000742
[36m(ActorLearner pid=733242)[0m [1;34m[dynamic-enduro-v5-test-10479] Steps 180704 @ 685.5 SPS (713.5). (T_q: 5.45) Eps 48. [0mRet [1;31m0.000000[0m (0.000000/0.000000). Loss -0.00 pg_loss 0.00 entropy_loss -0.52 reg_loss 0.00 total_norm 0.00 mean_abs_v 0.06 last_lr: 2.9946e-04
[36m(ModelLearner pid=733241)[0m [dynamic-enduro-v5-test-10479] Steps 180800 (904704[5.3]) @ 987.6 SPS (989.4). norm_m 6361.04 norm_p 2.01 total_loss_m 0.040613 total_loss_p 1.097989 fea_loss 0.003999 done_loss 0.000626
[36m(ModelLearner pid=733241)[0m [dynamic-enduro-v5-test-10479] Steps 181872 (910080[5.3]) @ 986.8 SPS (989.4). norm_m 1765.40 norm_p 2.56 total_loss_m 0.038630 total_loss_p 1.098341 fea_loss 0.003812 done_loss 0.000507
[36m(ActorLearner pid=733242)[0m [1;34m[dynamic-enduro-v5-test-10479] Steps 182336 @ 686.7 SPS (713.8). (T_q: 5.55) Eps 48. [0mRet [1;31m0.000000[0m (0.000000/0.000000). Loss -0.00 pg_loss 0.00 entropy_loss -0.58 reg_loss 0.00 total_norm 0.00 mean_abs_v 0.07 last_lr: 2.9945e-04
[36m(ModelLearner pid=733241)[0m [dynamic-enduro-v5-test-10479] Steps 183104 (916224[5.3]) @ 988.7 SPS (990.2). norm_m 1017.21 norm_p 3.47 total_loss_m 0.032506 total_loss_p 1.097083 fea_loss 0.002463 done_loss 0.007879
[36m(ModelLearner pid=733241)[0m [dynamic-enduro-v5-test-10479] Steps 184016 (920832[5.3]) @ 984.2 SPS (989.5). norm_m 1632.99 norm_p 1.49 total_loss_m 0.035435 total_loss_p 1.098322 fea_loss 0.003492 done_loss 0.000515
[36m(ActorLearner pid=733242)[0m [1;34m[dynamic-enduro-v5-test-10479] Steps 184160 @ 688.2 SPS (714.2). (T_q: 5.38) Eps 48. [0mRet [1;31m0.000000[0m (0.000000/0.000000). Loss -0.00 pg_loss 0.00 entropy_loss -0.62 reg_loss 0.00 total_norm 0.00 mean_abs_v 0.08 last_lr: 2.9945e-04
[36m(ModelLearner pid=733241)[0m [dynamic-enduro-v5-test-10479] Steps 185104 (926208[5.3]) @ 984.3 SPS (989.7). norm_m 7144.26 norm_p 2.08 total_loss_m 0.070751 total_loss_p 1.098248 fea_loss 0.007060 done_loss 0.000148
[36m(ActorLearner pid=733242)[0m [1;34m[dynamic-enduro-v5-test-10479] Steps 186048 @ 686.0 SPS (713.9). (T_q: 6.03) Eps 48. [0mRet [1;31m0.000000[0m (0.000000/0.000000). Loss -0.00 pg_loss 0.00 entropy_loss -0.64 reg_loss 0.00 total_norm 0.00 mean_abs_v 0.08 last_lr: 2.9944e-04
[36m(ModelLearner pid=733241)[0m [dynamic-enduro-v5-test-10479] Steps 186176 (931584[5.3]) @ 997.2 SPS (990.1). norm_m 4874.19 norm_p 1.45 total_loss_m 0.056703 total_loss_p 1.098387 fea_loss 0.005650 done_loss 0.000199
[36m(ModelLearner pid=733241)[0m [dynamic-enduro-v5-test-10479] Steps 187248 (936960[5.3]) @ 999.0 SPS (990.4). norm_m 3088.56 norm_p 2.25 total_loss_m 0.082249 total_loss_p 1.092513 fea_loss 0.004326 done_loss 0.038991
[36m(ActorLearner pid=733242)[0m [1;34m[dynamic-enduro-v5-test-10479] Steps 187904 @ 685.9 SPS (713.8). (T_q: 5.98) Eps 48. [0mRet [1;31m0.000000[0m (0.000000/0.000000). Loss -0.00 pg_loss 0.00 entropy_loss -0.62 reg_loss 0.00 total_norm 0.00 mean_abs_v 0.08 last_lr: 2.9944e-04
[36m(ModelLearner pid=733241)[0m [dynamic-enduro-v5-test-10479] Steps 188320 (942336[5.3]) @ 1000.5 SPS (990.7). norm_m 3211.43 norm_p 2.29 total_loss_m 0.051142 total_loss_p 1.098440 fea_loss 0.004987 done_loss 0.001275
[36m(ModelLearner pid=733241)[0m [dynamic-enduro-v5-test-10479] Steps 189392 (947712[5.3]) @ 1006.9 SPS (991.0). norm_m 2194.92 norm_p 2.60 total_loss_m 0.058094 total_loss_p 1.093872 fea_loss 0.003959 done_loss 0.018501
[36m(ActorLearner pid=733242)[0m [1;34m[dynamic-enduro-v5-test-10479] Steps 189792 @ 684.4 SPS (713.7). (T_q: 5.83) Eps 48. [0mRet [1;31m0.000000[0m (0.000000/0.000000). Loss -0.00 pg_loss 0.00 entropy_loss -0.64 reg_loss 0.00 total_norm 0.00 mean_abs_v 0.08 last_lr: 2.9943e-04
[36m(ModelLearner pid=733241)[0m [dynamic-enduro-v5-test-10479] Steps 190480 (953088[5.3]) @ 1008.7 SPS (991.3). norm_m 2878.90 norm_p 0.82 total_loss_m 0.049119 total_loss_p 1.098263 fea_loss 0.004823 done_loss 0.000893
[36m(ModelLearner pid=733241)[0m [dynamic-enduro-v5-test-10479] Steps 191552 (958464[5.3]) @ 1004.3 SPS (990.6). norm_m 1478.87 norm_p 1.68 total_loss_m 0.068878 total_loss_p 1.091176 fea_loss 0.003329 done_loss 0.035583
[36m(ActorLearner pid=733242)[0m [1;34m[dynamic-enduro-v5-test-10479] Steps 191664 @ 682.7 SPS (713.2). (T_q: 6.08) Eps 48. [0mRet [1;31m0.000000[0m (0.000000/0.000000). Loss -0.00 pg_loss 0.00 entropy_loss -0.64 reg_loss 0.00 total_norm 0.00 mean_abs_v 0.08 last_lr: 2.9943e-04
[36m(ModelLearner pid=733241)[0m [dynamic-enduro-v5-test-10479] Steps 192624 (963840[5.3]) @ 1003.7 SPS (990.8). norm_m 2661.19 norm_p 3.32 total_loss_m 0.059381 total_loss_p 1.094269 fea_loss 0.004402 done_loss 0.015356
[36m(ActorLearner pid=733242)[0m [1;34m[dynamic-enduro-v5-test-10479] Steps 193520 @ 684.0 SPS (713.4). (T_q: 5.35) Eps 48. [0mRet [1;31m0.000000[0m (0.000000/0.000000). Loss -0.00 pg_loss 0.00 entropy_loss -0.62 reg_loss 0.00 total_norm 0.00 mean_abs_v 0.07 last_lr: 2.9942e-04
[36m(ModelLearner pid=733241)[0m [dynamic-enduro-v5-test-10479] Steps 193696 (969216[5.3]) @ 1003.3 SPS (991.0). norm_m 3178.99 norm_p 0.77 total_loss_m 0.082402 total_loss_p 1.098326 fea_loss 0.008095 done_loss 0.001456
[36m(ModelLearner pid=733241)[0m [dynamic-enduro-v5-test-10479] Steps 194768 (974592[5.3]) @ 1007.5 SPS (991.2). norm_m 2849.43 norm_p 1.54 total_loss_m 0.056105 total_loss_p 1.098403 fea_loss 0.005536 done_loss 0.000742
[36m(ActorLearner pid=733242)[0m [1;34m[dynamic-enduro-v5-test-10479] Steps 195328 @ 682.7 SPS (713.2). (T_q: 6.03) Eps 48. [0mRet [1;31m0.000000[0m (0.000000/0.000000). Loss -0.00 pg_loss 0.00 entropy_loss -0.63 reg_loss 0.00 total_norm 0.00 mean_abs_v 0.07 last_lr: 2.9941e-04
[36m(ModelLearner pid=733241)[0m [dynamic-enduro-v5-test-10479] Steps 195856 (979968[5.3]) @ 1007.0 SPS (991.3). norm_m 1530.34 norm_p 0.69 total_loss_m 0.058976 total_loss_p 1.098445 fea_loss 0.005840 done_loss 0.000571
[36m(ModelLearner pid=733241)[0m [dynamic-enduro-v5-test-10479] Steps 196928 (985344[5.3]) @ 1007.0 SPS (991.5). norm_m 3344.40 norm_p 1.91 total_loss_m 0.095408 total_loss_p 1.098471 fea_loss 0.009506 done_loss 0.000345
[36m(ActorLearner pid=733242)[0m [1;34m[dynamic-enduro-v5-test-10479] Steps 197072 @ 712.8 SPS (713.1). (T_q: 5.68) Eps 48. [0mRet [1;31m0.000000[0m (0.000000/0.000000). Loss -0.00 pg_loss 0.00 entropy_loss -0.60 reg_loss 0.00 total_norm 0.00 mean_abs_v 0.07 last_lr: 2.9941e-04
[36m(ModelLearner pid=733241)[0m [dynamic-enduro-v5-test-10479] Steps 197840 (989952[5.3]) @ 997.5 SPS (990.5). norm_m 2047.90 norm_p 2.02 total_loss_m 0.067886 total_loss_p 1.098195 fea_loss 0.006766 done_loss 0.000230
[36m(ActorLearner pid=733242)[0m [1;34m[dynamic-enduro-v5-test-10479] Steps 198800 @ 705.1 SPS (713.4). (T_q: 5.62) Eps 48. [0mRet [1;31m0.000000[0m (0.000000/0.000000). Loss -0.00 pg_loss 0.00 entropy_loss -0.60 reg_loss 0.00 total_norm 0.00 mean_abs_v 0.07 last_lr: 2.9940e-04
[36m(ModelLearner pid=733241)[0m [dynamic-enduro-v5-test-10479] Steps 198928 (995328[5.3]) @ 989.4 SPS (990.7). norm_m 2388.88 norm_p 1.30 total_loss_m 0.067398 total_loss_p 1.098450 fea_loss 0.006729 done_loss 0.000106
[36m(ModelLearner pid=733241)[0m [dynamic-enduro-v5-test-10479] Steps 200000 (1000704[5.3]) @ 984.0 SPS (990.8). norm_m 1702.51 norm_p 1.21 total_loss_m 0.053937 total_loss_p 1.098413 fea_loss 0.005368 done_loss 0.000260
[36m(ActorLearner pid=733242)[0m [1;34m[dynamic-enduro-v5-test-10479] Steps 200560 @ 705.5 SPS (713.3). (T_q: 5.94) Eps 48. [0mRet [1;31m0.000000[0m (0.000000/0.000000). Loss -0.00 pg_loss 0.00 entropy_loss -0.57 reg_loss 0.00 total_norm 0.00 mean_abs_v 0.07 last_lr: 2.9940e-04
[36m(ModelLearner pid=733241)[0m [dynamic-enduro-v5-test-10479] Steps 201056 (1006848[5.3]) @ 983.5 SPS (991.6). norm_m 1680.36 norm_p 1.14 total_loss_m 0.062060 total_loss_p 1.098318 fea_loss 0.006138 done_loss 0.000677
[36m(ModelLearner pid=733241)[0m [dynamic-enduro-v5-test-10479] Steps 202064 (1012992[5.3]) @ 987.7 SPS (992.5). norm_m 2034.94 norm_p 0.89 total_loss_m 0.079723 total_loss_p 1.098358 fea_loss 0.007845 done_loss 0.001270
[36m(ActorLearner pid=733242)[0m [1;34m[dynamic-enduro-v5-test-10479] Steps 202384 @ 704.3 SPS (712.8). (T_q: 6.16) Eps 48. [0mRet [1;31m0.000000[0m (0.000000/0.000000). Loss -0.00 pg_loss 0.00 entropy_loss -0.61 reg_loss 0.00 total_norm 0.00 mean_abs_v 0.07 last_lr: 2.9939e-04
[36m(ModelLearner pid=733241)[0m [dynamic-enduro-v5-test-10479] Steps 203072 (1019136[5.3]) @ 991.5 SPS (993.2). norm_m 2056.71 norm_p 0.46 total_loss_m 0.065234 total_loss_p 1.098429 fea_loss 0.006478 done_loss 0.000450
[36m(ModelLearner pid=733241)[0m [dynamic-enduro-v5-test-10479] Steps 204064 (1025280[5.3]) @ 998.5 SPS (993.2). norm_m 3777.06 norm_p 1.73 total_loss_m 0.102739 total_loss_p 1.098235 fea_loss 0.010253 done_loss 0.000207
[36m(ActorLearner pid=733242)[0m [1;34m[dynamic-enduro-v5-test-10479] Steps 204144 @ 702.6 SPS (712.2). (T_q: 6.36) Eps 48. [0mRet [1;31m0.000000[0m (0.000000/0.000000). Loss -0.00 pg_loss 0.00 entropy_loss -0.64 reg_loss 0.00 total_norm 0.00 mean_abs_v 0.07 last_lr: 2.9939e-04
[36m(ModelLearner pid=733241)[0m [dynamic-enduro-v5-test-10479] Steps 205072 (1031424[5.3]) @ 1004.4 SPS (993.9). norm_m 1919.83 norm_p 1.40 total_loss_m 0.084088 total_loss_p 1.098401 fea_loss 0.008362 done_loss 0.000464
[36m(ActorLearner pid=733242)[0m [1;34m[dynamic-enduro-v5-test-10479] Steps 205920 @ 701.5 SPS (711.9). (T_q: 6.02) Eps 48. [0mRet [1;31m0.000000[0m (0.000000/0.000000). Loss -0.00 pg_loss 0.00 entropy_loss -0.60 reg_loss 0.00 total_norm 0.00 mean_abs_v 0.08 last_lr: 2.9938e-04
[36m(ModelLearner pid=733241)[0m [dynamic-enduro-v5-test-10479] Steps 206080 (1037568[5.3]) @ 1015.9 SPS (994.8). norm_m 2164.08 norm_p 1.43 total_loss_m 0.082694 total_loss_p 1.098367 fea_loss 0.008205 done_loss 0.000640
[36m(ModelLearner pid=733241)[0m [dynamic-enduro-v5-test-10479] Steps 207088 (1043712[5.3]) @ 1020.3 SPS (995.5). norm_m 2077.73 norm_p 1.53 total_loss_m 0.096418 total_loss_p 1.098199 fea_loss 0.009521 done_loss 0.001210
[36m(ActorLearner pid=733242)[0m [1;34m[dynamic-enduro-v5-test-10479] Steps 207712 @ 699.8 SPS (711.6). (T_q: 6.26) Eps 48. [0mRet [1;31m0.000000[0m (0.000000/0.000000). Loss -0.00 pg_loss 0.00 entropy_loss -0.63 reg_loss 0.00 total_norm 0.00 mean_abs_v 0.08 last_lr: 2.9938e-04
[36m(ModelLearner pid=733241)[0m [dynamic-enduro-v5-test-10479] Steps 208096 (1049856[5.3]) @ 1031.3 SPS (996.6). norm_m 3744.78 norm_p 1.77 total_loss_m 0.095444 total_loss_p 1.098403 fea_loss 0.009452 done_loss 0.000929
[36m(ModelLearner pid=733241)[0m [dynamic-enduro-v5-test-10479] Steps 209104 (1056000[5.3]) @ 1035.0 SPS (997.3). norm_m 3032.52 norm_p 1.27 total_loss_m 0.073875 total_loss_p 1.098414 fea_loss 0.007328 done_loss 0.000598
[36m(ActorLearner pid=733242)[0m [1;34m[dynamic-enduro-v5-test-10479] Steps 209488 @ 710.6 SPS (711.2). (T_q: 6.13) Eps 48. [0mRet [1;31m0.000000[0m (0.000000/0.000000). Loss -0.00 pg_loss 0.00 entropy_loss -0.59 reg_loss 0.00 total_norm 0.00 mean_abs_v 0.08 last_lr: 2.9937e-04
[36m(ModelLearner pid=733241)[0m [dynamic-enduro-v5-test-10479] Steps 210112 (1062144[5.3]) @ 1037.4 SPS (998.0). norm_m 1944.55 norm_p 1.86 total_loss_m 0.051357 total_loss_p 1.098276 fea_loss 0.005118 done_loss 0.000180
[36m(ModelLearner pid=733241)[0m [dynamic-enduro-v5-test-10479] Steps 211104 (1068288[5.3]) @ 1037.9 SPS (998.8). norm_m 2825.76 norm_p 1.56 total_loss_m 0.102976 total_loss_p 1.098286 fea_loss 0.010284 done_loss 0.000133
[36m(ActorLearner pid=733242)[0m [1;34m[dynamic-enduro-v5-test-10479] Steps 211296 @ 699.3 SPS (710.8). (T_q: 6.55) Eps 48. [0mRet [1;31m0.000000[0m (0.000000/0.000000). Loss -0.00 pg_loss 0.00 entropy_loss -0.63 reg_loss 0.00 total_norm 0.00 mean_abs_v 0.08 last_lr: 2.9937e-04
[36m(ModelLearner pid=733241)[0m [dynamic-enduro-v5-test-10479] Steps 212112 (1074432[5.3]) @ 1039.4 SPS (999.7). norm_m 3462.90 norm_p 3.54 total_loss_m 0.106537 total_loss_p 1.098620 fea_loss 0.010629 done_loss 0.000243
[36m(SelfPlayWorker pid=733238)[0m [DEBUG] Episode termination detected:
[36m(SelfPlayWorker pid=733238)[0m   - done: tensor([False, False, False, False, False,  True, False, False, False, False,
[36m(SelfPlayWorker pid=733238)[0m         False,  True, False, False, False, False], device='cuda:0')
[36m(SelfPlayWorker pid=733238)[0m   - truncated_done: tensor([False, False, False, False, False, False, False, False, False, False,
[36m(SelfPlayWorker pid=733238)[0m         False, False, False, False, False, False], device='cuda:0')
[36m(SelfPlayWorker pid=733238)[0m   - real_done: tensor([False, False, False, False, False,  True, False, False, False, False,
[36m(SelfPlayWorker pid=733238)[0m         False,  True, False, False, False, False], device='cuda:0')
[36m(SelfPlayWorker pid=733238)[0m   - step_status: tensor([0, 0, 0, 0, 0, 0, 0, 0, 0, 0, 0, 0, 0, 0, 0, 0], device='cuda:0')
[36m(SelfPlayWorker pid=733238)[0m   - counter: 47926
[36m(SelfPlayWorker pid=733238)[0m [DEBUG] Episode termination detected:
[36m(SelfPlayWorker pid=733238)[0m   - done: tensor([False, False, False, False, False, False, False, False, False, False,
[36m(SelfPlayWorker pid=733238)[0m         False, False, False,  True, False, False], device='cuda:0')
[36m(SelfPlayWorker pid=733238)[0m   - truncated_done: tensor([False, False, False, False, False, False, False, False, False, False,
[36m(SelfPlayWorker pid=733238)[0m         False, False, False, False, False, False], device='cuda:0')
[36m(SelfPlayWorker pid=733238)[0m   - real_done: tensor([False, False, False, False, False, False, False, False, False, False,
[36m(SelfPlayWorker pid=733238)[0m         False, False, False,  True, False, False], device='cuda:0')
[36m(SelfPlayWorker pid=733238)[0m   - step_status: tensor([0, 0, 0, 0, 0, 0, 0, 0, 0, 0, 0, 0, 0, 0, 0, 0], device='cuda:0')
[36m(SelfPlayWorker pid=733238)[0m   - counter: 47934
[36m(SelfPlayWorker pid=733238)[0m [DEBUG] Episode termination detected:
[36m(SelfPlayWorker pid=733238)[0m   - done: tensor([False, False, False,  True,  True, False, False, False, False, False,
[36m(SelfPlayWorker pid=733238)[0m         False, False, False, False, False, False], device='cuda:0')
[36m(SelfPlayWorker pid=733238)[0m   - truncated_done: tensor([False, False, False, False, False, False, False, False, False, False,
[36m(SelfPlayWorker pid=733238)[0m         False, False, False, False, False, False], device='cuda:0')
[36m(SelfPlayWorker pid=733238)[0m   - real_done: tensor([False, False, False,  True,  True, False, False, False, False, False,
[36m(SelfPlayWorker pid=733238)[0m         False, False, False, False, False, False], device='cuda:0')
[36m(SelfPlayWorker pid=733238)[0m   - step_status: tensor([0, 0, 0, 0, 0, 0, 0, 0, 0, 0, 0, 0, 0, 0, 0, 0], device='cuda:0')
[36m(SelfPlayWorker pid=733238)[0m   - counter: 47938
[36m(SelfPlayWorker pid=733238)[0m [DEBUG] Episode termination detected:
[36m(SelfPlayWorker pid=733238)[0m   - done: tensor([ True, False, False, False, False, False, False, False, False, False,
[36m(SelfPlayWorker pid=733238)[0m         False, False, False, False, False, False], device='cuda:0')
[36m(SelfPlayWorker pid=733238)[0m   - truncated_done: tensor([False, False, False, False, False, False, False, False, False, False,
[36m(SelfPlayWorker pid=733238)[0m         False, False, False, False, False, False], device='cuda:0')
[36m(SelfPlayWorker pid=733238)[0m   - real_done: tensor([ True, False, False, False, False, False, False, False, False, False,
[36m(SelfPlayWorker pid=733238)[0m         False, False, False, False, False, False], device='cuda:0')
[36m(SelfPlayWorker pid=733238)[0m   - step_status: tensor([0, 0, 0, 0, 0, 0, 0, 0, 0, 0, 0, 0, 0, 0, 0, 0], device='cuda:0')
[36m(SelfPlayWorker pid=733238)[0m   - counter: 47941
[36m(SelfPlayWorker pid=733238)[0m [DEBUG] Episode termination detected:
[36m(SelfPlayWorker pid=733238)[0m   - done: tensor([False, False, False, False, False, False, False, False, False, False,
[36m(SelfPlayWorker pid=733238)[0m         False, False, False, False,  True, False], device='cuda:0')
[36m(SelfPlayWorker pid=733238)[0m   - truncated_done: tensor([False, False, False, False, False, False, False, False, False, False,
[36m(SelfPlayWorker pid=733238)[0m         False, False, False, False, False, False], device='cuda:0')
[36m(SelfPlayWorker pid=733238)[0m   - real_done: tensor([False, False, False, False, False, False, False, False, False, False,
[36m(SelfPlayWorker pid=733238)[0m         False, False, False, False,  True, False], device='cuda:0')
[36m(SelfPlayWorker pid=733238)[0m   - step_status: tensor([0, 0, 0, 0, 0, 0, 0, 0, 0, 0, 0, 0, 0, 0, 0, 0], device='cuda:0')
[36m(SelfPlayWorker pid=733238)[0m   - counter: 47947
[36m(SelfPlayWorker pid=733238)[0m [DEBUG] Episode termination detected:
[36m(SelfPlayWorker pid=733238)[0m   - done: tensor([False, False, False, False, False, False, False, False, False, False,
[36m(SelfPlayWorker pid=733238)[0m          True, False, False, False, False, False], device='cuda:0')
[36m(SelfPlayWorker pid=733238)[0m   - truncated_done: tensor([False, False, False, False, False, False, False, False, False, False,
[36m(SelfPlayWorker pid=733238)[0m         False, False, False, False, False, False], device='cuda:0')
[36m(SelfPlayWorker pid=733238)[0m   - real_done: tensor([False, False, False, False, False, False, False, False, False, False,
[36m(SelfPlayWorker pid=733238)[0m          True, False, False, False, False, False], device='cuda:0')
[36m(SelfPlayWorker pid=733238)[0m   - step_status: tensor([0, 0, 0, 0, 0, 0, 0, 0, 0, 0, 0, 0, 0, 0, 0, 0], device='cuda:0')
[36m(SelfPlayWorker pid=733238)[0m   - counter: 47954
[36m(SelfPlayWorker pid=733238)[0m [DEBUG] Episode termination detected:
[36m(SelfPlayWorker pid=733238)[0m   - done: tensor([False, False, False, False, False, False, False,  True, False, False,
[36m(SelfPlayWorker pid=733238)[0m         False, False, False, False, False, False], device='cuda:0')
[36m(SelfPlayWorker pid=733238)[0m   - truncated_done: tensor([False, False, False, False, False, False, False, False, False, False,
[36m(SelfPlayWorker pid=733238)[0m         False, False, False, False, False, False], device='cuda:0')
[36m(SelfPlayWorker pid=733238)[0m   - real_done: tensor([False, False, False, False, False, False, False,  True, False, False,
[36m(SelfPlayWorker pid=733238)[0m         False, False, False, False, False, False], device='cuda:0')
[36m(SelfPlayWorker pid=733238)[0m   - step_status: tensor([0, 0, 0, 0, 0, 0, 0, 0, 0, 0, 0, 0, 0, 0, 0, 0], device='cuda:0')
[36m(SelfPlayWorker pid=733238)[0m   - counter: 47956
[36m(SelfPlayWorker pid=733238)[0m [DEBUG] Episode termination detected:
[36m(SelfPlayWorker pid=733238)[0m   - done: tensor([False, False, False, False, False, False,  True, False, False,  True,
[36m(SelfPlayWorker pid=733238)[0m         False, False, False, False, False, False], device='cuda:0')
[36m(SelfPlayWorker pid=733238)[0m   - truncated_done: tensor([False, False, False, False, False, False, False, False, False, False,
[36m(SelfPlayWorker pid=733238)[0m         False, False, False, False, False, False], device='cuda:0')
[36m(SelfPlayWorker pid=733238)[0m   - real_done: tensor([False, False, False, False, False, False,  True, False, False,  True,
[36m(SelfPlayWorker pid=733238)[0m         False, False, False, False, False, False], device='cuda:0')
[36m(SelfPlayWorker pid=733238)[0m   - step_status: tensor([0, 0, 0, 0, 0, 0, 0, 0, 0, 0, 0, 0, 0, 0, 0, 0], device='cuda:0')
[36m(SelfPlayWorker pid=733238)[0m   - counter: 47959
[36m(SelfPlayWorker pid=733238)[0m [DEBUG] Episode termination detected:
[36m(SelfPlayWorker pid=733238)[0m   - done: tensor([False, False,  True, False, False, False, False, False, False, False,
[36m(SelfPlayWorker pid=733238)[0m         False, False, False, False, False,  True], device='cuda:0')
[36m(SelfPlayWorker pid=733238)[0m   - truncated_done: tensor([False, False, False, False, False, False, False, False, False, False,
[36m(SelfPlayWorker pid=733238)[0m         False, False, False, False, False, False], device='cuda:0')
[36m(SelfPlayWorker pid=733238)[0m   - real_done: tensor([False, False,  True, False, False, False, False, False, False, False,
[36m(SelfPlayWorker pid=733238)[0m         False, False, False, False, False,  True], device='cuda:0')
[36m(SelfPlayWorker pid=733238)[0m   - step_status: tensor([0, 0, 0, 0, 0, 0, 0, 0, 0, 0, 0, 0, 0, 0, 0, 0], device='cuda:0')
[36m(SelfPlayWorker pid=733238)[0m   - counter: 47964
[36m(SelfPlayWorker pid=733238)[0m [DEBUG] Episode termination detected:
[36m(SelfPlayWorker pid=733238)[0m   - done: tensor([False,  True, False, False, False, False, False, False, False, False,
[36m(SelfPlayWorker pid=733238)[0m         False, False, False, False, False, False], device='cuda:0')
[36m(SelfPlayWorker pid=733238)[0m   - truncated_done: tensor([False, False, False, False, False, False, False, False, False, False,
[36m(SelfPlayWorker pid=733238)[0m         False, False, False, False, False, False], device='cuda:0')
[36m(SelfPlayWorker pid=733238)[0m   - real_done: tensor([False,  True, False, False, False, False, False, False, False, False,
[36m(SelfPlayWorker pid=733238)[0m         False, False, False, False, False, False], device='cuda:0')
[36m(SelfPlayWorker pid=733238)[0m   - step_status: tensor([0, 0, 0, 0, 0, 0, 0, 0, 0, 0, 0, 0, 0, 0, 0, 0], device='cuda:0')
[36m(SelfPlayWorker pid=733238)[0m   - counter: 47968
[36m(SelfPlayWorker pid=733238)[0m [DEBUG] Episode termination detected:
[36m(SelfPlayWorker pid=733238)[0m   - done: tensor([False, False, False, False, False, False, False, False, False, False,
[36m(SelfPlayWorker pid=733238)[0m         False, False,  True, False, False, False], device='cuda:0')
[36m(SelfPlayWorker pid=733238)[0m   - truncated_done: tensor([False, False, False, False, False, False, False, False, False, False,
[36m(SelfPlayWorker pid=733238)[0m         False, False, False, False, False, False], device='cuda:0')
[36m(SelfPlayWorker pid=733238)[0m   - real_done: tensor([False, False, False, False, False, False, False, False, False, False,
[36m(SelfPlayWorker pid=733238)[0m         False, False,  True, False, False, False], device='cuda:0')
[36m(SelfPlayWorker pid=733238)[0m   - step_status: tensor([0, 0, 0, 0, 0, 0, 0, 0, 0, 0, 0, 0, 0, 0, 0, 0], device='cuda:0')
[36m(SelfPlayWorker pid=733238)[0m   - counter: 47977
[36m(SelfPlayWorker pid=733238)[0m [DEBUG] Episode termination detected:
[36m(SelfPlayWorker pid=733238)[0m   - done: tensor([False, False, False, False, False, False, False, False,  True, False,
[36m(SelfPlayWorker pid=733238)[0m         False, False, False, False, False, False], device='cuda:0')
[36m(SelfPlayWorker pid=733238)[0m   - truncated_done: tensor([False, False, False, False, False, False, False, False, False, False,
[36m(SelfPlayWorker pid=733238)[0m         False, False, False, False, False, False], device='cuda:0')
[36m(SelfPlayWorker pid=733238)[0m   - real_done: tensor([False, False, False, False, False, False, False, False,  True, False,
[36m(SelfPlayWorker pid=733238)[0m         False, False, False, False, False, False], device='cuda:0')
[36m(SelfPlayWorker pid=733238)[0m   - step_status: tensor([0, 0, 0, 0, 0, 0, 0, 0, 0, 0, 0, 0, 0, 0, 0, 0], device='cuda:0')
[36m(SelfPlayWorker pid=733238)[0m   - counter: 47980
[36m(ModelLearner pid=733241)[0m [dynamic-enduro-v5-test-10479] Steps 213104 (1080576[5.3]) @ 1041.0 SPS (999.7). norm_m 2010.04 norm_p 1.55 total_loss_m 0.053252 total_loss_p 1.098474 fea_loss 0.005238 done_loss 0.000876
[36m(ActorLearner pid=733242)[0m [DEBUG] Episode counter increased:
[36m(ActorLearner pid=733242)[0m   - real_done_count: 16
[36m(ActorLearner pid=733242)[0m   - tot_eps: 64
[36m(ActorLearner pid=733242)[0m   - train_actor_out.real_done: tensor([[False, False, False,  ..., False, False, False],
[36m(ActorLearner pid=733242)[0m         [False, False, False,  ..., False, False, False],
[36m(ActorLearner pid=733242)[0m         [False, False, False,  ..., False, False, False],
[36m(ActorLearner pid=733242)[0m         ...,
[36m(ActorLearner pid=733242)[0m         [False, False, False,  ..., False, False, False],
[36m(ActorLearner pid=733242)[0m         [False, False, False,  ..., False, False, False],
[36m(ActorLearner pid=733242)[0m         [False, False, False,  ..., False, False, False]], device='cuda:0')
[36m(ActorLearner pid=733242)[0m   - train_actor_out.done: tensor([[False, False, False,  ..., False, False, False],
[36m(ActorLearner pid=733242)[0m         [False, False, False,  ..., False, False, False],
[36m(ActorLearner pid=733242)[0m         [False, False, False,  ..., False, False, False],
[36m(ActorLearner pid=733242)[0m         ...,
[36m(ActorLearner pid=733242)[0m         [False, False, False,  ..., False, False, False],
[36m(ActorLearner pid=733242)[0m         [False, False, False,  ..., False, False, False],
[36m(ActorLearner pid=733242)[0m         [False, False, False,  ..., False, False, False]], device='cuda:0')
[36m(ActorLearner pid=733242)[0m   - train_actor_out.truncated_done: tensor([[False, False, False,  ..., False, False, False],
[36m(ActorLearner pid=733242)[0m         [False, False, False,  ..., False, False, False],
[36m(ActorLearner pid=733242)[0m         [False, False, False,  ..., False, False, False],
[36m(ActorLearner pid=733242)[0m         ...,
[36m(ActorLearner pid=733242)[0m         [False, False, False,  ..., False, False, False],
[36m(ActorLearner pid=733242)[0m         [False, False, False,  ..., False, False, False],
[36m(ActorLearner pid=733242)[0m         [False, False, False,  ..., False, False, False]], device='cuda:0')
[36m(ActorLearner pid=733242)[0m [1;34m[dynamic-enduro-v5-test-10479] Steps 213184 @ 697.0 SPS (710.1). (T_q: 6.67) Eps 64. [0mRet [1;31m0.000000[0m (0.000000/0.000000). Loss -0.00 pg_loss 0.00 entropy_loss -0.64 reg_loss 0.00 total_norm 0.00 mean_abs_v 0.08 last_lr: 2.9936e-04
[36m(ModelLearner pid=733241)[0m [dynamic-enduro-v5-test-10479] Steps 214112 (1086720[5.3]) @ 1045.3 SPS (1000.6). norm_m 2884.08 norm_p 2.96 total_loss_m 0.159673 total_loss_p 1.091391 fea_loss 0.011562 done_loss 0.044052
[36m(ActorLearner pid=733242)[0m [1;34m[dynamic-enduro-v5-test-10479] Steps 215104 @ 695.1 SPS (709.7). (T_q: 6.46) Eps 64. [0mRet [1;31m0.000000[0m (0.000000/0.000000). Loss -0.00 pg_loss 0.00 entropy_loss -0.66 reg_loss 0.00 total_norm 0.00 mean_abs_v 0.06 last_lr: 2.9935e-04
[36m(ModelLearner pid=733241)[0m [dynamic-enduro-v5-test-10479] Steps 215232 (1093632[5.3]) @ 1053.8 SPS (1001.9). norm_m 3719.54 norm_p 2.23 total_loss_m 0.153003 total_loss_p 1.092727 fea_loss 0.013117 done_loss 0.021835
[36m(ModelLearner pid=733241)[0m [dynamic-enduro-v5-test-10479] Steps 216224 (1099776[5.3]) @ 1064.8 SPS (1002.7). norm_m 2333.51 norm_p 0.85 total_loss_m 0.112697 total_loss_p 1.092638 fea_loss 0.009191 done_loss 0.020785
[36m(ActorLearner pid=733242)[0m [1;34m[dynamic-enduro-v5-test-10479] Steps 216976 @ 694.0 SPS (709.2). (T_q: 6.67) Eps 64. [0mRet [1;31m0.000000[0m (0.000000/0.000000). Loss -0.00 pg_loss 0.00 entropy_loss -0.64 reg_loss 0.00 total_norm 0.00 mean_abs_v 0.07 last_lr: 2.9935e-04
[36m(ModelLearner pid=733241)[0m [dynamic-enduro-v5-test-10479] Steps 217216 (1105920[5.3]) @ 1073.6 SPS (1003.7). norm_m 1872.33 norm_p 0.86 total_loss_m 0.091009 total_loss_p 1.098454 fea_loss 0.008892 done_loss 0.002085
[36m(ModelLearner pid=733241)[0m [dynamic-enduro-v5-test-10479] Steps 218336 (1112832[5.3]) @ 1081.6 SPS (1005.0). norm_m 3052.34 norm_p 0.61 total_loss_m 0.240482 total_loss_p 1.098468 fea_loss 0.023955 done_loss 0.000929
[36m(ActorLearner pid=733242)[0m [1;34m[dynamic-enduro-v5-test-10479] Steps 218896 @ 694.4 SPS (708.7). (T_q: 6.51) Eps 64. [0mRet [1;31m0.000000[0m (0.000000/0.000000). Loss -0.00 pg_loss 0.00 entropy_loss -0.63 reg_loss 0.00 total_norm 0.00 mean_abs_v 0.08 last_lr: 2.9934e-04
[36m(ModelLearner pid=733241)[0m [dynamic-enduro-v5-test-10479] Steps 219344 (1118976[5.3]) @ 1083.0 SPS (1005.8). norm_m 3536.83 norm_p 1.29 total_loss_m 0.122211 total_loss_p 1.098516 fea_loss 0.012176 done_loss 0.000447
[36m(ModelLearner pid=733241)[0m [dynamic-enduro-v5-test-10479] Steps 220336 (1125120[5.3]) @ 1090.8 SPS (1006.5). norm_m 3943.60 norm_p 1.33 total_loss_m 0.196169 total_loss_p 1.098516 fea_loss 0.019582 done_loss 0.000345
[36m(ActorLearner pid=733242)[0m [1;34m[dynamic-enduro-v5-test-10479] Steps 220720 @ 692.3 SPS (708.2). (T_q: 6.78) Eps 64. [0mRet [1;31m0.000000[0m (0.000000/0.000000). Loss -0.00 pg_loss 0.00 entropy_loss -0.61 reg_loss 0.00 total_norm 0.00 mean_abs_v 0.08 last_lr: 2.9934e-04
[36m(ModelLearner pid=733241)[0m [dynamic-enduro-v5-test-10479] Steps 221328 (1131264[5.4]) @ 1094.5 SPS (1007.2). norm_m 1478.64 norm_p 0.99 total_loss_m 0.123189 total_loss_p 1.098528 fea_loss 0.012241 done_loss 0.000777
[36m(ModelLearner pid=733241)[0m [dynamic-enduro-v5-test-10479] Steps 222336 (1137408[5.4]) @ 1096.8 SPS (1007.9). norm_m 1927.73 norm_p 1.07 total_loss_m 0.103954 total_loss_p 1.095656 fea_loss 0.009201 done_loss 0.011945
[36m(ActorLearner pid=733242)[0m [1;34m[dynamic-enduro-v5-test-10479] Steps 222480 @ 692.7 SPS (707.8). (T_q: 6.41) Eps 64. [0mRet [1;31m0.000000[0m (0.000000/0.000000). Loss -0.00 pg_loss 0.00 entropy_loss -0.61 reg_loss 0.00 total_norm 0.00 mean_abs_v 0.07 last_lr: 2.9933e-04
[36m(ModelLearner pid=733241)[0m [dynamic-enduro-v5-test-10479] Steps 223328 (1143552[5.4]) @ 1095.1 SPS (1007.8). norm_m 1812.91 norm_p 0.69 total_loss_m 0.132517 total_loss_p 1.098445 fea_loss 0.013230 done_loss 0.000217
[36m(ActorLearner pid=733242)[0m [1;34m[dynamic-enduro-v5-test-10479] Steps 224128 @ 694.8 SPS (707.8). (T_q: 5.89) Eps 64. [0mRet [1;31m0.000000[0m (0.000000/0.000000). Loss -0.00 pg_loss 0.00 entropy_loss -0.55 reg_loss 0.00 total_norm 0.00 mean_abs_v 0.07 last_lr: 2.9933e-04
[36m(ModelLearner pid=733241)[0m [dynamic-enduro-v5-test-10479] Steps 224224 (1148928[5.4]) @ 1095.3 SPS (1008.0). norm_m 610.10 norm_p 0.82 total_loss_m 0.094890 total_loss_p 1.098433 fea_loss 0.009463 done_loss 0.000263
[36m(ModelLearner pid=733241)[0m [dynamic-enduro-v5-test-10479] Steps 225216 (1155072[5.4]) @ 1097.5 SPS (1008.6). norm_m 1109.70 norm_p 1.11 total_loss_m 0.078521 total_loss_p 1.098457 fea_loss 0.007724 done_loss 0.001285
[36m(ActorLearner pid=733242)[0m [1;34m[dynamic-enduro-v5-test-10479] Steps 225856 @ 695.7 SPS (707.7). (T_q: 6.11) Eps 64. [0mRet [1;31m0.000000[0m (0.000000/0.000000). Loss -0.00 pg_loss 0.00 entropy_loss -0.59 reg_loss 0.00 total_norm 0.00 mean_abs_v 0.08 last_lr: 2.9932e-04
[36m(ModelLearner pid=733241)[0m [dynamic-enduro-v5-test-10479] Steps 226208 (1161216[5.4]) @ 1101.2 SPS (1009.4). norm_m 3429.73 norm_p 0.96 total_loss_m 0.085880 total_loss_p 1.098509 fea_loss 0.008479 done_loss 0.001094
[36m(ModelLearner pid=733241)[0m [dynamic-enduro-v5-test-10479] Steps 227216 (1167360[5.4]) @ 1111.4 SPS (1010.3). norm_m 1509.53 norm_p 1.14 total_loss_m 0.090108 total_loss_p 1.098516 fea_loss 0.008939 done_loss 0.000715
[36m(ActorLearner pid=733242)[0m [1;34m[dynamic-enduro-v5-test-10479] Steps 227632 @ 694.1 SPS (707.4). (T_q: 6.48) Eps 64. [0mRet [1;31m0.000000[0m (0.000000/0.000000). Loss -0.00 pg_loss 0.00 entropy_loss -0.63 reg_loss 0.00 total_norm 0.00 mean_abs_v 0.08 last_lr: 2.9932e-04
[36m(ModelLearner pid=733241)[0m [dynamic-enduro-v5-test-10479] Steps 228208 (1173504[5.4]) @ 1115.0 SPS (1010.9). norm_m 1069.33 norm_p 0.71 total_loss_m 0.096598 total_loss_p 1.098427 fea_loss 0.009527 done_loss 0.001326
[36m(ModelLearner pid=733241)[0m [dynamic-enduro-v5-test-10479] Steps 229216 (1179648[5.4]) @ 1119.6 SPS (1011.7). norm_m 1421.59 norm_p 0.77 total_loss_m 0.104549 total_loss_p 1.092786 fea_loss 0.007797 done_loss 0.026582
[36m(ActorLearner pid=733242)[0m [1;34m[dynamic-enduro-v5-test-10479] Steps 229488 @ 691.3 SPS (706.9). (T_q: 6.59) Eps 64. [0mRet [1;31m0.000000[0m (0.000000/0.000000). Loss -0.00 pg_loss 0.00 entropy_loss -0.64 reg_loss 0.00 total_norm 0.00 mean_abs_v 0.08 last_lr: 2.9931e-04
[36m(ModelLearner pid=733241)[0m [dynamic-enduro-v5-test-10479] Steps 230224 (1185792[5.4]) @ 1123.9 SPS (1012.5). norm_m 1540.09 norm_p 0.59 total_loss_m 0.073277 total_loss_p 1.098509 fea_loss 0.007168 done_loss 0.001600
[36m(ModelLearner pid=733241)[0m [dynamic-enduro-v5-test-10479] Steps 231232 (1191936[5.4]) @ 1128.6 SPS (1013.3). norm_m 2466.47 norm_p 0.77 total_loss_m 0.098028 total_loss_p 1.098468 fea_loss 0.009740 done_loss 0.000629
[36m(ActorLearner pid=733242)[0m [1;34m[dynamic-enduro-v5-test-10479] Steps 231360 @ 698.3 SPS (706.5). (T_q: 6.59) Eps 64. [0mRet [1;31m0.000000[0m (0.000000/0.000000). Loss -0.00 pg_loss 0.00 entropy_loss -0.65 reg_loss 0.00 total_norm 0.00 mean_abs_v 0.08 last_lr: 2.9931e-04
[36m(ModelLearner pid=733241)[0m [dynamic-enduro-v5-test-10479] Steps 232224 (1198080[5.4]) @ 1126.6 SPS (1013.1). norm_m 5456.62 norm_p 0.55 total_loss_m 0.204592 total_loss_p 1.098475 fea_loss 0.020420 done_loss 0.000391
[36m(ActorLearner pid=733242)[0m [1;34m[dynamic-enduro-v5-test-10479] Steps 233184 @ 687.6 SPS (706.2). (T_q: 6.31) Eps 64. [0mRet [1;31m0.000000[0m (0.000000/0.000000). Loss -0.00 pg_loss 0.00 entropy_loss -0.62 reg_loss 0.00 total_norm 0.00 mean_abs_v 0.08 last_lr: 2.9930e-04
[36m(ModelLearner pid=733241)[0m [dynamic-enduro-v5-test-10479] Steps 233232 (1204224[5.4]) @ 1136.5 SPS (1013.7). norm_m 4388.92 norm_p 0.85 total_loss_m 0.126203 total_loss_p 1.098491 fea_loss 0.012544 done_loss 0.000766
[36m(ModelLearner pid=733241)[0m [dynamic-enduro-v5-test-10479] Steps 234240 (1210368[5.4]) @ 1139.9 SPS (1014.3). norm_m 2071.14 norm_p 0.71 total_loss_m 0.235007 total_loss_p 1.098502 fea_loss 0.023362 done_loss 0.001391
[36m(ActorLearner pid=733242)[0m [1;34m[dynamic-enduro-v5-test-10479] Steps 234944 @ 684.6 SPS (705.7). (T_q: 6.59) Eps 64. [0mRet [1;31m0.000000[0m (0.000000/0.000000). Loss -0.00 pg_loss 0.00 entropy_loss -0.58 reg_loss 0.00 total_norm 0.00 mean_abs_v 0.12 last_lr: 2.9930e-04
[36m(ModelLearner pid=733241)[0m [dynamic-enduro-v5-test-10479] Steps 235248 (1216512[5.4]) @ 1143.3 SPS (1014.8). norm_m 2424.63 norm_p 1.18 total_loss_m 0.211944 total_loss_p 1.098408 fea_loss 0.021131 done_loss 0.000636
[36m(ModelLearner pid=733241)[0m [dynamic-enduro-v5-test-10479] Steps 236256 (1222656[5.4]) @ 1142.4 SPS (1015.3). norm_m 2092.75 norm_p 1.43 total_loss_m 0.179510 total_loss_p 1.094206 fea_loss 0.015974 done_loss 0.019766
[36m(ActorLearner pid=733242)[0m [1;34m[dynamic-enduro-v5-test-10479] Steps 236672 @ 684.3 SPS (705.4). (T_q: 6.39) Eps 64. [0mRet [1;31m0.000000[0m (0.000000/0.000000). Loss -0.00 pg_loss 0.00 entropy_loss -0.60 reg_loss 0.00 total_norm 0.00 mean_abs_v 0.10 last_lr: 2.9929e-04
[36m(ModelLearner pid=733241)[0m [dynamic-enduro-v5-test-10479] Steps 237264 (1228800[5.4]) @ 1142.3 SPS (1015.9). norm_m 2893.79 norm_p 0.84 total_loss_m 0.257303 total_loss_p 1.098392 fea_loss 0.025629 done_loss 0.001011
[36m(ModelLearner pid=733241)[0m [dynamic-enduro-v5-test-10479] Steps 238272 (1234944[5.4]) @ 1143.4 SPS (1016.5). norm_m 5437.16 norm_p 0.93 total_loss_m 0.152904 total_loss_p 1.098406 fea_loss 0.015222 done_loss 0.000684
[36m(ActorLearner pid=733242)[0m [1;34m[dynamic-enduro-v5-test-10479] Steps 238512 @ 684.8 SPS (705.2). (T_q: 6.46) Eps 64. [0mRet [1;31m0.000000[0m (0.000000/0.000000). Loss -0.00 pg_loss 0.00 entropy_loss -0.61 reg_loss 0.00 total_norm 0.00 mean_abs_v 0.07 last_lr: 2.9928e-04
[36m(ModelLearner pid=733241)[0m [dynamic-enduro-v5-test-10479] Steps 239280 (1241088[5.4]) @ 1148.5 SPS (1017.2). norm_m 5977.15 norm_p 1.10 total_loss_m 0.213680 total_loss_p 1.098552 fea_loss 0.021325 done_loss 0.000426
[36m(ActorLearner pid=733242)[0m [1;34m[dynamic-enduro-v5-test-10479] Steps 239424 @ 682.9 SPS (704.9). (T_q: 3.47) Eps 64. [0mRet [1;31m0.000000[0m (0.000000/0.000000). Loss -0.00 pg_loss 0.00 entropy_loss -0.62 reg_loss 0.00 total_norm 0.00 mean_abs_v 0.07 last_lr: 2.9928e-04
[36m(ModelLearner pid=733241)[0m [dynamic-enduro-v5-test-10479] Steps 240288 (1247232[5.4]) @ 1143.9 SPS (1017.0). norm_m 2293.90 norm_p 1.33 total_loss_m 0.121880 total_loss_p 1.097053 fea_loss 0.011392 done_loss 0.007963
[36m(ActorLearner pid=733242)[0m [1;34m[dynamic-enduro-v5-test-10479] Steps 241264 @ 680.6 SPS (704.6). (T_q: 6.46) Eps 64. [0mRet [1;31m0.000000[0m (0.000000/0.000000). Loss -0.00 pg_loss 0.00 entropy_loss -0.65 reg_loss 0.00 total_norm 0.00 mean_abs_v 0.07 last_lr: 2.9928e-04
[36m(ModelLearner pid=733241)[0m [dynamic-enduro-v5-test-10479] Steps 241296 (1253376[5.4]) @ 1144.2 SPS (1017.7). norm_m 2431.61 norm_p 0.86 total_loss_m 0.110243 total_loss_p 1.098463 fea_loss 0.010766 done_loss 0.002579
[36m(ModelLearner pid=733241)[0m [dynamic-enduro-v5-test-10479] Steps 242304 (1259520[5.4]) @ 1144.2 SPS (1018.2). norm_m 4696.04 norm_p 0.77 total_loss_m 0.110260 total_loss_p 1.098517 fea_loss 0.010881 done_loss 0.001452
[36m(ActorLearner pid=733242)[0m [1;34m[dynamic-enduro-v5-test-10479] Steps 243040 @ 678.4 SPS (704.3). (T_q: 6.73) Eps 64. [0mRet [1;31m0.000000[0m (0.000000/0.000000). Loss -0.00 pg_loss 0.00 entropy_loss -0.61 reg_loss 0.00 total_norm 0.00 mean_abs_v 0.07 last_lr: 2.9927e-04
[36m(ModelLearner pid=733241)[0m [dynamic-enduro-v5-test-10479] Steps 243312 (1265664[5.4]) @ 1143.1 SPS (1018.8). norm_m 2239.53 norm_p 0.79 total_loss_m 0.079802 total_loss_p 1.098432 fea_loss 0.007931 done_loss 0.000496
[36m(ActorLearner pid=733242)[0m Sent real_step update to ActorBuffer: 244000
[36m(ActorLearner pid=733242)[0m [1;34m[dynamic-enduro-v5-test-10479] Steps 244000 @ 675.8 SPS (704.0). (T_q: 3.57) Eps 64. [0mRet [1;31m0.000000[0m (0.000000/0.000000). Loss -0.00 pg_loss 0.00 entropy_loss -0.64 reg_loss 0.00 total_norm 0.00 mean_abs_v 0.07 last_lr: 2.9927e-04
[36m(ModelLearner pid=733241)[0m [dynamic-enduro-v5-test-10479] Steps 244320 (1271808[5.4]) @ 1143.8 SPS (1019.5). norm_m 6330.38 norm_p 0.79 total_loss_m 0.173954 total_loss_p 1.098501 fea_loss 0.017272 done_loss 0.001235
[36m(ModelLearner pid=733241)[0m [dynamic-enduro-v5-test-10479] Steps 245328 (1277952[5.4]) @ 1144.4 SPS (1020.1). norm_m 2877.70 norm_p 1.16 total_loss_m 0.082313 total_loss_p 1.098453 fea_loss 0.008161 done_loss 0.000699
[36m(ActorLearner pid=733242)[0m [1;34m[dynamic-enduro-v5-test-10479] Steps 245776 @ 673.6 SPS (703.7). (T_q: 6.47) Eps 64. [0mRet [1;31m0.000000[0m (0.000000/0.000000). Loss -0.00 pg_loss 0.00 entropy_loss -0.60 reg_loss 0.00 total_norm 0.00 mean_abs_v 0.07 last_lr: 2.9926e-04
[36m(ModelLearner pid=733241)[0m [dynamic-enduro-v5-test-10479] Steps 246336 (1284096[5.4]) @ 1143.8 SPS (1020.6). norm_m 2233.83 norm_p 0.74 total_loss_m 0.065353 total_loss_p 1.098444 fea_loss 0.006514 done_loss 0.000208
[36m(ModelLearner pid=733241)[0m [dynamic-enduro-v5-test-10479] Steps 247344 (1290240[5.4]) @ 1142.9 SPS (1021.1). norm_m 798.82 norm_p 0.57 total_loss_m 0.061366 total_loss_p 1.098474 fea_loss 0.006091 done_loss 0.000456
[36m(ActorLearner pid=733242)[0m [1;34m[dynamic-enduro-v5-test-10479] Steps 247552 @ 673.2 SPS (703.4). (T_q: 6.58) Eps 64. [0mRet [1;31m0.000000[0m (0.000000/0.000000). Loss -0.00 pg_loss 0.00 entropy_loss -0.60 reg_loss 0.00 total_norm 0.00 mean_abs_v 0.07 last_lr: 2.9926e-04
[36m(ModelLearner pid=733241)[0m [dynamic-enduro-v5-test-10479] Steps 248368 (1296384[5.4]) @ 1140.9 SPS (1020.7). norm_m 1426.81 norm_p 0.77 total_loss_m 0.087494 total_loss_p 1.098507 fea_loss 0.008731 done_loss 0.000182
[36m(ActorLearner pid=733242)[0m [1;34m[dynamic-enduro-v5-test-10479] Steps 249328 @ 672.1 SPS (703.1). (T_q: 6.41) Eps 64. [0mRet [1;31m0.000000[0m (0.000000/0.000000). Loss -0.00 pg_loss 0.00 entropy_loss -0.62 reg_loss 0.00 total_norm 0.00 mean_abs_v 0.07 last_lr: 2.9925e-04
[36m(ModelLearner pid=733241)[0m [dynamic-enduro-v5-test-10479] Steps 249376 (1302528[5.4]) @ 1140.1 SPS (1021.3). norm_m 1123.63 norm_p 0.54 total_loss_m 0.054936 total_loss_p 1.098463 fea_loss 0.005477 done_loss 0.000165
[36m(ModelLearner pid=733241)[0m Triggering model step-based checkpoint at step 250000 (milestone 250000)
[36m(ModelLearner pid=733241)[0m Saving model checkpoint to /scratch/jeongmin/dt-10479/p/logs/thinker/dynamic-enduro-v5-test-10479/ckp_model.tar
[36m(ModelLearner pid=733241)[0m Saved model checkpoint at step 250000 to /scratch/jeongmin/dt-10479/p/logs/thinker/dynamic-enduro-v5-test-10479/ckp_model.tar_step_250000
[36m(ActorLearner pid=733242)[0m Triggering actor step-based checkpoint at step 250256 (milestone 250000)
[36m(ActorLearner pid=733242)[0m Saving actor checkpoint to /scratch/jeongmin/dt-10479/p/logs/thinker/dynamic-enduro-v5-test-10479/ckp_actor.tar
[36m(ActorLearner pid=733242)[0m Saved actor checkpoint at step 250256 to /scratch/jeongmin/dt-10479/p/logs/thinker/dynamic-enduro-v5-test-10479/ckp_actor.tar_step_250256
[36m(ModelLearner pid=733241)[0m [dynamic-enduro-v5-test-10479] Steps 250512 (1309440[5.4]) @ 1140.5 SPS (1022.3). norm_m 596.37 norm_p 1.15 total_loss_m 0.073612 total_loss_p 1.098425 fea_loss 0.007334 done_loss 0.000274
[36m(ActorLearner pid=733242)[0m [1;34m[dynamic-enduro-v5-test-10479] Steps 251216 @ 670.9 SPS (702.9). (T_q: 6.48) Eps 64. [0mRet [1;31m0.000000[0m (0.000000/0.000000). Loss -0.00 pg_loss 0.00 entropy_loss -0.65 reg_loss 0.00 total_norm 0.00 mean_abs_v 0.08 last_lr: 2.9925e-04
[36m(ModelLearner pid=733241)[0m [dynamic-enduro-v5-test-10479] Steps 251520 (1315584[5.4]) @ 1140.2 SPS (1023.0). norm_m 4218.58 norm_p 0.75 total_loss_m 0.100444 total_loss_p 1.098437 fea_loss 0.010015 done_loss 0.000297
[36m(ModelLearner pid=733241)[0m [dynamic-enduro-v5-test-10479] Steps 252544 (1321728[5.4]) @ 1139.6 SPS (1023.6). norm_m 46.33 norm_p 0.18 total_loss_m 0.000856 total_loss_p 0.021474 fea_loss 0.000085 done_loss 0.000002
[36m(ActorLearner pid=733242)[0m [1;34m[dynamic-enduro-v5-test-10479] Steps 253120 @ 670.7 SPS (702.5). (T_q: 6.78) Eps 64. [0mRet [1;31m0.000000[0m (0.000000/0.000000). Loss -0.00 pg_loss 0.00 entropy_loss -0.66 reg_loss 0.00 total_norm 0.00 mean_abs_v 0.07 last_lr: 2.9924e-04
[36m(ModelLearner pid=733241)[0m [dynamic-enduro-v5-test-10479] Steps 253552 (1327872[5.5]) @ 1137.6 SPS (1024.3). norm_m 2933.66 norm_p 0.62 total_loss_m 0.087080 total_loss_p 1.097123 fea_loss 0.008033 done_loss 0.006753
[36m(ActorLearner pid=733242)[0m [1;34m[dynamic-enduro-v5-test-10479] Steps 254064 @ 668.3 SPS (702.2). (T_q: 3.47) Eps 64. [0mRet [1;31m0.000000[0m (0.000000/0.000000). Loss -0.00 pg_loss 0.00 entropy_loss -0.63 reg_loss 0.00 total_norm 0.00 mean_abs_v 0.07 last_lr: 2.9924e-04
[36m(ModelLearner pid=733241)[0m [dynamic-enduro-v5-test-10479] Steps 254560 (1334016[5.5]) @ 1137.6 SPS (1024.9). norm_m 1725.33 norm_p 0.44 total_loss_m 0.088712 total_loss_p 1.092780 fea_loss 0.006429 done_loss 0.024420
[36m(ModelLearner pid=733241)[0m [dynamic-enduro-v5-test-10479] Steps 255568 (1340160[5.5]) @ 1137.9 SPS (1025.5). norm_m 864.02 norm_p 0.76 total_loss_m 0.036827 total_loss_p 1.098545 fea_loss 0.003637 done_loss 0.000462
[36m(ActorLearner pid=733242)[0m [1;34m[dynamic-enduro-v5-test-10479] Steps 255936 @ 667.7 SPS (702.0). (T_q: 6.40) Eps 64. [0mRet [1;31m0.000000[0m (0.000000/0.000000). Loss -0.00 pg_loss 0.00 entropy_loss -0.62 reg_loss 0.00 total_norm 0.00 mean_abs_v 0.07 last_lr: 2.9923e-04
[36m(ModelLearner pid=733241)[0m [dynamic-enduro-v5-test-10479] Steps 256592 (1346304[5.5]) @ 1137.2 SPS (1025.9). norm_m 1218.44 norm_p 0.55 total_loss_m 0.054979 total_loss_p 1.098490 fea_loss 0.005445 done_loss 0.000524
[36m(ModelLearner pid=733241)[0m [dynamic-enduro-v5-test-10479] Steps 257600 (1352448[5.5]) @ 1131.4 SPS (1025.7). norm_m 195.42 norm_p 0.70 total_loss_m 0.027438 total_loss_p 1.098451 fea_loss 0.002692 done_loss 0.000519
[36m(ActorLearner pid=733242)[0m [1;34m[dynamic-enduro-v5-test-10479] Steps 257712 @ 666.5 SPS (701.7). (T_q: 6.59) Eps 64. [0mRet [1;31m0.000000[0m (0.000000/0.000000). Loss -0.00 pg_loss 0.00 entropy_loss -0.61 reg_loss 0.00 total_norm 0.00 mean_abs_v 0.07 last_lr: 2.9923e-04
[36m(ModelLearner pid=733241)[0m [dynamic-enduro-v5-test-10479] Steps 258624 (1358592[5.5]) @ 1135.5 SPS (1026.0). norm_m 1529.36 norm_p 0.77 total_loss_m 0.050020 total_loss_p 1.098535 fea_loss 0.004988 done_loss 0.000145
[36m(ActorLearner pid=733242)[0m [1;34m[dynamic-enduro-v5-test-10479] Steps 259520 @ 663.7 SPS (701.2). (T_q: 6.73) Eps 64. [0mRet [1;31m0.000000[0m (0.000000/0.000000). Loss -0.00 pg_loss 0.00 entropy_loss -0.63 reg_loss 0.00 total_norm 0.00 mean_abs_v 0.07 last_lr: 2.9922e-04
[36m(ModelLearner pid=733241)[0m [dynamic-enduro-v5-test-10479] Steps 259632 (1364736[5.5]) @ 1138.4 SPS (1026.6). norm_m 620.33 norm_p 0.55 total_loss_m 0.023065 total_loss_p 1.098495 fea_loss 0.002243 done_loss 0.000639
[36m(ModelLearner pid=733241)[0m [dynamic-enduro-v5-test-10479] Steps 260656 (1370880[5.5]) @ 1138.6 SPS (1027.0). norm_m 434.32 norm_p 0.83 total_loss_m 0.042603 total_loss_p 1.098471 fea_loss 0.004192 done_loss 0.000687
[36m(ActorLearner pid=733242)[0m [1;34m[dynamic-enduro-v5-test-10479] Steps 261248 @ 663.2 SPS (701.1). (T_q: 6.44) Eps 64. [0mRet [1;31m0.000000[0m (0.000000/0.000000). Loss -0.00 pg_loss 0.00 entropy_loss -0.57 reg_loss 0.00 total_norm 0.00 mean_abs_v 0.07 last_lr: 2.9922e-04
[36m(ModelLearner pid=733241)[0m [dynamic-enduro-v5-test-10479] Steps 261664 (1377024[5.5]) @ 1136.6 SPS (1027.4). norm_m 584.44 norm_p 0.25 total_loss_m 0.030334 total_loss_p 1.095647 fea_loss 0.002029 done_loss 0.010049
[36m(ModelLearner pid=733241)[0m [dynamic-enduro-v5-test-10479] Steps 262688 (1383168[5.5]) @ 1135.5 SPS (1028.0). norm_m 1236.68 norm_p 0.45 total_loss_m 0.033317 total_loss_p 1.098485 fea_loss 0.003307 done_loss 0.000247
[36m(ActorLearner pid=733242)[0m [1;34m[dynamic-enduro-v5-test-10479] Steps 263056 @ 663.4 SPS (700.9). (T_q: 6.62) Eps 64. [0mRet [1;31m0.000000[0m (0.000000/0.000000). Loss -0.00 pg_loss 0.00 entropy_loss -0.62 reg_loss 0.00 total_norm 0.00 mean_abs_v 0.07 last_lr: 2.9921e-04
[36m(ModelLearner pid=733241)[0m [dynamic-enduro-v5-test-10479] Steps 263696 (1389312[5.5]) @ 1135.1 SPS (1028.4). norm_m 521.98 norm_p 0.47 total_loss_m 0.034372 total_loss_p 1.098547 fea_loss 0.003375 done_loss 0.000622
[36m(ModelLearner pid=733241)[0m [dynamic-enduro-v5-test-10479] Steps 264720 (1395456[5.5]) @ 1134.0 SPS (1028.8). norm_m 555.38 norm_p 0.58 total_loss_m 0.034559 total_loss_p 1.098549 fea_loss 0.003412 done_loss 0.000444
[36m(ActorLearner pid=733242)[0m [1;34m[dynamic-enduro-v5-test-10479] Steps 264864 @ 663.2 SPS (700.5). (T_q: 6.77) Eps 64. [0mRet [1;31m0.000000[0m (0.000000/0.000000). Loss -0.00 pg_loss 0.00 entropy_loss -0.62 reg_loss 0.00 total_norm 0.00 mean_abs_v 0.07 last_lr: 2.9921e-04
[36m(SelfPlayWorker pid=733238)[0m [DEBUG] Episode termination detected:
[36m(SelfPlayWorker pid=733238)[0m   - done: tensor([False, False, False, False, False,  True, False, False, False, False,
[36m(SelfPlayWorker pid=733238)[0m         False, False, False, False, False, False], device='cuda:0')
[36m(SelfPlayWorker pid=733238)[0m   - truncated_done: tensor([False, False, False, False, False, False, False, False, False, False,
[36m(SelfPlayWorker pid=733238)[0m         False, False, False, False, False, False], device='cuda:0')
[36m(SelfPlayWorker pid=733238)[0m   - real_done: tensor([False, False, False, False, False,  True, False, False, False, False,
[36m(SelfPlayWorker pid=733238)[0m         False, False, False, False, False, False], device='cuda:0')
[36m(SelfPlayWorker pid=733238)[0m   - step_status: tensor([0, 0, 0, 0, 0, 0, 0, 0, 0, 0, 0, 0, 0, 0, 0, 0], device='cuda:0')
[36m(SelfPlayWorker pid=733238)[0m   - counter: 59703
[36m(SelfPlayWorker pid=733238)[0m [DEBUG] Episode termination detected:
[36m(SelfPlayWorker pid=733238)[0m   - done: tensor([False, False, False, False, False, False, False, False, False, False,
[36m(SelfPlayWorker pid=733238)[0m         False,  True, False, False, False, False], device='cuda:0')
[36m(SelfPlayWorker pid=733238)[0m   - truncated_done: tensor([False, False, False, False, False, False, False, False, False, False,
[36m(SelfPlayWorker pid=733238)[0m         False, False, False, False, False, False], device='cuda:0')
[36m(SelfPlayWorker pid=733238)[0m   - real_done: tensor([False, False, False, False, False, False, False, False, False, False,
[36m(SelfPlayWorker pid=733238)[0m         False,  True, False, False, False, False], device='cuda:0')
[36m(SelfPlayWorker pid=733238)[0m   - step_status: tensor([0, 0, 0, 0, 0, 0, 0, 0, 0, 0, 0, 0, 0, 0, 0, 0], device='cuda:0')
[36m(SelfPlayWorker pid=733238)[0m   - counter: 59711
[36m(ModelLearner pid=733241)[0m [dynamic-enduro-v5-test-10479] Steps 265728 (1401600[5.5]) @ 1127.7 SPS (1028.6). norm_m 1075.68 norm_p 0.53 total_loss_m 0.027790 total_loss_p 1.098514 fea_loss 0.002699 done_loss 0.000803
[36m(SelfPlayWorker pid=733238)[0m [DEBUG] Episode termination detected:
[36m(SelfPlayWorker pid=733238)[0m   - done: tensor([ True, False, False, False, False, False, False, False, False, False,
[36m(SelfPlayWorker pid=733238)[0m         False, False, False,  True, False, False], device='cuda:0')
[36m(SelfPlayWorker pid=733238)[0m   - truncated_done: tensor([False, False, False, False, False, False, False, False, False, False,
[36m(SelfPlayWorker pid=733238)[0m         False, False, False, False, False, False], device='cuda:0')
[36m(SelfPlayWorker pid=733238)[0m   - real_done: tensor([ True, False, False, False, False, False, False, False, False, False,
[36m(SelfPlayWorker pid=733238)[0m         False, False, False,  True, False, False], device='cuda:0')
[36m(SelfPlayWorker pid=733238)[0m   - step_status: tensor([0, 0, 0, 0, 0, 0, 0, 0, 0, 0, 0, 0, 0, 0, 0, 0], device='cuda:0')
[36m(SelfPlayWorker pid=733238)[0m   - counter: 59719
[36m(SelfPlayWorker pid=733238)[0m [DEBUG] Episode termination detected:
[36m(SelfPlayWorker pid=733238)[0m   - done: tensor([False, False, False,  True,  True, False, False, False, False, False,
[36m(SelfPlayWorker pid=733238)[0m         False, False, False, False,  True, False], device='cuda:0')
[36m(SelfPlayWorker pid=733238)[0m   - truncated_done: tensor([False, False, False, False, False, False, False, False, False, False,
[36m(SelfPlayWorker pid=733238)[0m         False, False, False, False, False, False], device='cuda:0')
[36m(SelfPlayWorker pid=733238)[0m   - real_done: tensor([False, False, False,  True,  True, False, False, False, False, False,
[36m(SelfPlayWorker pid=733238)[0m         False, False, False, False,  True, False], device='cuda:0')
[36m(SelfPlayWorker pid=733238)[0m   - step_status: tensor([0, 0, 0, 0, 0, 0, 0, 0, 0, 0, 0, 0, 0, 0, 0, 0], device='cuda:0')
[36m(SelfPlayWorker pid=733238)[0m   - counter: 59725
[36m(SelfPlayWorker pid=733238)[0m [DEBUG] Episode termination detected:
[36m(SelfPlayWorker pid=733238)[0m   - done: tensor([False, False, False, False, False, False, False,  True, False, False,
[36m(SelfPlayWorker pid=733238)[0m         False, False, False, False, False, False], device='cuda:0')
[36m(SelfPlayWorker pid=733238)[0m   - truncated_done: tensor([False, False, False, False, False, False, False, False, False, False,
[36m(SelfPlayWorker pid=733238)[0m         False, False, False, False, False, False], device='cuda:0')
[36m(SelfPlayWorker pid=733238)[0m   - real_done: tensor([False, False, False, False, False, False, False,  True, False, False,
[36m(SelfPlayWorker pid=733238)[0m         False, False, False, False, False, False], device='cuda:0')
[36m(SelfPlayWorker pid=733238)[0m   - step_status: tensor([0, 0, 0, 0, 0, 0, 0, 0, 0, 0, 0, 0, 0, 0, 0, 0], device='cuda:0')
[36m(SelfPlayWorker pid=733238)[0m   - counter: 59728
[36m(SelfPlayWorker pid=733238)[0m [DEBUG] Episode termination detected:
[36m(SelfPlayWorker pid=733238)[0m   - done: tensor([False, False,  True, False, False, False, False, False, False, False,
[36m(SelfPlayWorker pid=733238)[0m         False, False, False, False, False, False], device='cuda:0')
[36m(SelfPlayWorker pid=733238)[0m   - truncated_done: tensor([False, False, False, False, False, False, False, False, False, False,
[36m(SelfPlayWorker pid=733238)[0m         False, False, False, False, False, False], device='cuda:0')
[36m(SelfPlayWorker pid=733238)[0m   - real_done: tensor([False, False,  True, False, False, False, False, False, False, False,
[36m(SelfPlayWorker pid=733238)[0m         False, False, False, False, False, False], device='cuda:0')
[36m(SelfPlayWorker pid=733238)[0m   - step_status: tensor([0, 0, 0, 0, 0, 0, 0, 0, 0, 0, 0, 0, 0, 0, 0, 0], device='cuda:0')
[36m(SelfPlayWorker pid=733238)[0m   - counter: 59740
[36m(SelfPlayWorker pid=733238)[0m [DEBUG] Episode termination detected:
[36m(SelfPlayWorker pid=733238)[0m   - done: tensor([False, False, False, False, False, False, False, False, False, False,
[36m(SelfPlayWorker pid=733238)[0m          True, False, False, False, False, False], device='cuda:0')
[36m(SelfPlayWorker pid=733238)[0m   - truncated_done: tensor([False, False, False, False, False, False, False, False, False, False,
[36m(SelfPlayWorker pid=733238)[0m         False, False, False, False, False, False], device='cuda:0')
[36m(SelfPlayWorker pid=733238)[0m   - real_done: tensor([False, False, False, False, False, False, False, False, False, False,
[36m(SelfPlayWorker pid=733238)[0m          True, False, False, False, False, False], device='cuda:0')
[36m(SelfPlayWorker pid=733238)[0m   - step_status: tensor([0, 0, 0, 0, 0, 0, 0, 0, 0, 0, 0, 0, 0, 0, 0, 0], device='cuda:0')
[36m(SelfPlayWorker pid=733238)[0m   - counter: 59743
[36m(SelfPlayWorker pid=733238)[0m [DEBUG] Episode termination detected:
[36m(SelfPlayWorker pid=733238)[0m   - done: tensor([False, False, False, False, False, False,  True, False, False,  True,
[36m(SelfPlayWorker pid=733238)[0m         False, False, False, False, False,  True], device='cuda:0')
[36m(SelfPlayWorker pid=733238)[0m   - truncated_done: tensor([False, False, False, False, False, False, False, False, False, False,
[36m(SelfPlayWorker pid=733238)[0m         False, False, False, False, False, False], device='cuda:0')
[36m(SelfPlayWorker pid=733238)[0m   - real_done: tensor([False, False, False, False, False, False,  True, False, False,  True,
[36m(SelfPlayWorker pid=733238)[0m         False, False, False, False, False,  True], device='cuda:0')
[36m(SelfPlayWorker pid=733238)[0m   - step_status: tensor([0, 0, 0, 0, 0, 0, 0, 0, 0, 0, 0, 0, 0, 0, 0, 0], device='cuda:0')
[36m(SelfPlayWorker pid=733238)[0m   - counter: 59746
[36m(SelfPlayWorker pid=733238)[0m [DEBUG] Episode termination detected:
[36m(SelfPlayWorker pid=733238)[0m   - done: tensor([False,  True, False, False, False, False, False, False, False, False,
[36m(SelfPlayWorker pid=733238)[0m         False, False, False, False, False, False], device='cuda:0')
[36m(SelfPlayWorker pid=733238)[0m   - truncated_done: tensor([False, False, False, False, False, False, False, False, False, False,
[36m(SelfPlayWorker pid=733238)[0m         False, False, False, False, False, False], device='cuda:0')
[36m(SelfPlayWorker pid=733238)[0m   - real_done: tensor([False,  True, False, False, False, False, False, False, False, False,
[36m(SelfPlayWorker pid=733238)[0m         False, False, False, False, False, False], device='cuda:0')
[36m(SelfPlayWorker pid=733238)[0m   - step_status: tensor([0, 0, 0, 0, 0, 0, 0, 0, 0, 0, 0, 0, 0, 0, 0, 0], device='cuda:0')
[36m(SelfPlayWorker pid=733238)[0m   - counter: 59756
[36m(SelfPlayWorker pid=733238)[0m [DEBUG] Episode termination detected:
[36m(SelfPlayWorker pid=733238)[0m   - done: tensor([False, False, False, False, False, False, False, False,  True, False,
[36m(SelfPlayWorker pid=733238)[0m         False, False,  True, False, False, False], device='cuda:0')
[36m(SelfPlayWorker pid=733238)[0m   - truncated_done: tensor([False, False, False, False, False, False, False, False, False, False,
[36m(SelfPlayWorker pid=733238)[0m         False, False, False, False, False, False], device='cuda:0')
[36m(SelfPlayWorker pid=733238)[0m   - real_done: tensor([False, False, False, False, False, False, False, False,  True, False,
[36m(SelfPlayWorker pid=733238)[0m         False, False,  True, False, False, False], device='cuda:0')
[36m(SelfPlayWorker pid=733238)[0m   - step_status: tensor([0, 0, 0, 0, 0, 0, 0, 0, 0, 0, 0, 0, 0, 0, 0, 0], device='cuda:0')
[36m(SelfPlayWorker pid=733238)[0m   - counter: 59768
[36m(ActorLearner pid=733242)[0m [DEBUG] Episode counter increased:
[36m(ActorLearner pid=733242)[0m   - real_done_count: 16
[36m(ActorLearner pid=733242)[0m   - tot_eps: 80
[36m(ActorLearner pid=733242)[0m   - train_actor_out.real_done: tensor([[False, False, False,  ..., False, False, False],
[36m(ActorLearner pid=733242)[0m         [False, False, False,  ..., False, False, False],
[36m(ActorLearner pid=733242)[0m         [False, False, False,  ..., False, False, False],
[36m(ActorLearner pid=733242)[0m         ...,
[36m(ActorLearner pid=733242)[0m         [False, False, False,  ..., False, False, False],
[36m(ActorLearner pid=733242)[0m         [False, False, False,  ..., False, False, False],
[36m(ActorLearner pid=733242)[0m         [False, False, False,  ..., False, False, False]], device='cuda:0')
[36m(ActorLearner pid=733242)[0m   - train_actor_out.done: tensor([[False, False, False,  ..., False, False, False],
[36m(ActorLearner pid=733242)[0m         [False, False, False,  ..., False, False, False],
[36m(ActorLearner pid=733242)[0m         [False, False, False,  ..., False, False, False],
[36m(ActorLearner pid=733242)[0m         ...,
[36m(ActorLearner pid=733242)[0m         [False, False, False,  ..., False, False, False],
[36m(ActorLearner pid=733242)[0m         [False, False, False,  ..., False, False, False],
[36m(ActorLearner pid=733242)[0m         [False, False, False,  ..., False, False, False]], device='cuda:0')
[36m(ActorLearner pid=733242)[0m   - train_actor_out.truncated_done: tensor([[False, False, False,  ..., False, False, False],
[36m(ActorLearner pid=733242)[0m         [False, False, False,  ..., False, False, False],
[36m(ActorLearner pid=733242)[0m         [False, False, False,  ..., False, False, False],
[36m(ActorLearner pid=733242)[0m         ...,
[36m(ActorLearner pid=733242)[0m         [False, False, False,  ..., False, False, False],
[36m(ActorLearner pid=733242)[0m         [False, False, False,  ..., False, False, False],
[36m(ActorLearner pid=733242)[0m         [False, False, False,  ..., False, False, False]], device='cuda:0')
[36m(ActorLearner pid=733242)[0m [1;34m[dynamic-enduro-v5-test-10479] Steps 266704 @ 662.6 SPS (700.2). (T_q: 6.61) Eps 80. [0mRet [1;31m0.000000[0m (0.000000/0.000000). Loss -0.00 pg_loss 0.00 entropy_loss -0.62 reg_loss 0.00 total_norm 0.00 mean_abs_v 0.08 last_lr: 2.9920e-04
[36m(ModelLearner pid=733241)[0m [dynamic-enduro-v5-test-10479] Steps 266736 (1407744[5.5]) @ 1126.2 SPS (1029.1). norm_m 791.12 norm_p 0.42 total_loss_m 0.042092 total_loss_p 1.098531 fea_loss 0.004145 done_loss 0.000641
[36m(ModelLearner pid=733241)[0m [dynamic-enduro-v5-test-10479] Steps 267744 (1413888[5.5]) @ 1133.0 SPS (1029.7). norm_m 1456.88 norm_p 0.68 total_loss_m 0.042630 total_loss_p 1.098565 fea_loss 0.004163 done_loss 0.001005
[36m(ActorLearner pid=733242)[0m [1;34m[dynamic-enduro-v5-test-10479] Steps 268528 @ 662.0 SPS (699.9). (T_q: 6.61) Eps 80. [0mRet [1;31m0.000000[0m (0.000000/0.000000). Loss -0.00 pg_loss 0.00 entropy_loss -0.61 reg_loss 0.00 total_norm 0.00 mean_abs_v 0.08 last_lr: 2.9919e-04
[36m(ModelLearner pid=733241)[0m [dynamic-enduro-v5-test-10479] Steps 268768 (1420032[5.5]) @ 1133.0 SPS (1030.2). norm_m 2798.61 norm_p 0.42 total_loss_m 0.105660 total_loss_p 1.098542 fea_loss 0.010189 done_loss 0.003767
[36m(ModelLearner pid=733241)[0m [dynamic-enduro-v5-test-10479] Steps 269776 (1426176[5.5]) @ 1134.2 SPS (1030.8). norm_m 2150.66 norm_p 0.89 total_loss_m 0.094931 total_loss_p 1.085674 fea_loss 0.006016 done_loss 0.034770
[36m(ActorLearner pid=733242)[0m [1;34m[dynamic-enduro-v5-test-10479] Steps 270352 @ 662.4 SPS (699.8). (T_q: 6.09) Eps 80. [0mRet [1;31m0.000000[0m (0.000000/0.000000). Loss -0.00 pg_loss 0.00 entropy_loss -0.63 reg_loss 0.00 total_norm 0.00 mean_abs_v 0.08 last_lr: 2.9919e-04
[36m(ModelLearner pid=733241)[0m [dynamic-enduro-v5-test-10479] Steps 270784 (1432320[5.5]) @ 1134.9 SPS (1031.3). norm_m 3909.07 norm_p 0.51 total_loss_m 0.103933 total_loss_p 1.098528 fea_loss 0.010200 done_loss 0.001934
[36m(ModelLearner pid=733241)[0m Saving model checkpoint to /scratch/jeongmin/dt-10479/p/logs/thinker/dynamic-enduro-v5-test-10479/ckp_model.tar
[36m(ModelLearner pid=733241)[0m [dynamic-enduro-v5-test-10479] Steps 271808 (1438464[5.5]) @ 1135.5 SPS (1031.7). norm_m 1359.61 norm_p 0.62 total_loss_m 0.053842 total_loss_p 1.095685 fea_loss 0.004172 done_loss 0.012127
[36m(ActorLearner pid=733242)[0m [1;34m[dynamic-enduro-v5-test-10479] Steps 272160 @ 662.6 SPS (699.6). (T_q: 6.57) Eps 80. [0mRet [1;31m0.000000[0m (0.000000/0.000000). Loss -0.00 pg_loss 0.00 entropy_loss -0.61 reg_loss 0.00 total_norm 0.00 mean_abs_v 0.08 last_lr: 2.9918e-04
[36m(ActorLearner pid=733242)[0m Saving actor checkpoint to /scratch/jeongmin/dt-10479/p/logs/thinker/dynamic-enduro-v5-test-10479/ckp_actor.tar
[36m(ModelLearner pid=733241)[0m [dynamic-enduro-v5-test-10479] Steps 272832 (1444608[5.5]) @ 1136.4 SPS (1032.3). norm_m 1208.61 norm_p 0.92 total_loss_m 0.044023 total_loss_p 1.098505 fea_loss 0.004334 done_loss 0.000685
[36m(ActorLearner pid=733242)[0m [1;34m[dynamic-enduro-v5-test-10479] Steps 273104 @ 662.7 SPS (699.3). (T_q: 3.50) Eps 80. [0mRet [1;31m0.000000[0m (0.000000/0.000000). Loss -0.00 pg_loss 0.00 entropy_loss -0.64 reg_loss 0.00 total_norm 0.00 mean_abs_v 0.08 last_lr: 2.9918e-04
[36m(ModelLearner pid=733241)[0m [dynamic-enduro-v5-test-10479] Steps 273840 (1450752[5.5]) @ 1136.7 SPS (1032.8). norm_m 1561.09 norm_p 0.66 total_loss_m 0.068312 total_loss_p 1.098558 fea_loss 0.006780 done_loss 0.000507
[36m(ModelLearner pid=733241)[0m [dynamic-enduro-v5-test-10479] Steps 274848 (1456896[5.5]) @ 1137.3 SPS (1033.3). norm_m 1323.86 norm_p 0.46 total_loss_m 0.067324 total_loss_p 1.098515 fea_loss 0.006646 done_loss 0.000859
[36m(ActorLearner pid=733242)[0m [1;34m[dynamic-enduro-v5-test-10479] Steps 274992 @ 662.0 SPS (698.9). (T_q: 6.88) Eps 80. [0mRet [1;31m0.000000[0m (0.000000/0.000000). Loss -0.00 pg_loss 0.00 entropy_loss -0.66 reg_loss 0.00 total_norm 0.00 mean_abs_v 0.08 last_lr: 2.9918e-04
[36m(ModelLearner pid=733241)[0m [dynamic-enduro-v5-test-10479] Steps 275872 (1463040[5.5]) @ 1137.2 SPS (1033.1). norm_m 2284.78 norm_p 0.37 total_loss_m 0.056908 total_loss_p 1.098538 fea_loss 0.005470 done_loss 0.002209
[36m(ModelLearner pid=733241)[0m [dynamic-enduro-v5-test-10479] Steps 276896 (1469184[5.5]) @ 1136.7 SPS (1033.6). norm_m 2932.09 norm_p 1.02 total_loss_m 0.038685 total_loss_p 1.098489 fea_loss 0.003761 done_loss 0.001071
[36m(ActorLearner pid=733242)[0m [1;34m[dynamic-enduro-v5-test-10479] Steps 276912 @ 662.1 SPS (698.6). (T_q: 6.92) Eps 80. [0mRet [1;31m0.000000[0m (0.000000/0.000000). Loss -0.00 pg_loss 0.00 entropy_loss -0.66 reg_loss 0.00 total_norm 0.00 mean_abs_v 0.07 last_lr: 2.9917e-04
[36m(ModelLearner pid=733241)[0m [dynamic-enduro-v5-test-10479] Steps 277904 (1475328[5.5]) @ 1136.6 SPS (1033.9). norm_m 3265.64 norm_p 0.81 total_loss_m 0.054635 total_loss_p 1.092796 fea_loss 0.003709 done_loss 0.017545
[36m(ActorLearner pid=733242)[0m [1;34m[dynamic-enduro-v5-test-10479] Steps 278704 @ 662.0 SPS (698.3). (T_q: 6.68) Eps 80. [0mRet [1;31m0.000000[0m (0.000000/0.000000). Loss -0.00 pg_loss 0.00 entropy_loss -0.61 reg_loss 0.00 total_norm 0.00 mean_abs_v 0.07 last_lr: 2.9916e-04
[36m(ModelLearner pid=733241)[0m [dynamic-enduro-v5-test-10479] Steps 278928 (1481472[5.5]) @ 1135.8 SPS (1034.4). norm_m 1892.69 norm_p 0.49 total_loss_m 0.080697 total_loss_p 1.098530 fea_loss 0.007991 done_loss 0.000788
[36m(ModelLearner pid=733241)[0m [dynamic-enduro-v5-test-10479] Steps 279952 (1487616[5.5]) @ 1135.1 SPS (1034.8). norm_m 4054.04 norm_p 0.41 total_loss_m 0.071904 total_loss_p 1.097122 fea_loss 0.006470 done_loss 0.007199
[36m(ActorLearner pid=733242)[0m [1;34m[dynamic-enduro-v5-test-10479] Steps 280480 @ 662.7 SPS (698.1). (T_q: 6.58) Eps 80. [0mRet [1;31m0.000000[0m (0.000000/0.000000). Loss -0.00 pg_loss 0.00 entropy_loss -0.58 reg_loss 0.00 total_norm 0.00 mean_abs_v 0.06 last_lr: 2.9916e-04
[36m(ModelLearner pid=733241)[0m [dynamic-enduro-v5-test-10479] Steps 280960 (1493760[5.5]) @ 1134.6 SPS (1035.2). norm_m 4222.02 norm_p 0.38 total_loss_m 0.052335 total_loss_p 1.098525 fea_loss 0.005179 done_loss 0.000540
[36m(ModelLearner pid=733241)[0m [dynamic-enduro-v5-test-10479] Steps 281984 (1499904[5.5]) @ 1134.9 SPS (1035.6). norm_m 2916.18 norm_p 0.38 total_loss_m 0.070380 total_loss_p 1.097143 fea_loss 0.006451 done_loss 0.005871
[36m(ActorLearner pid=733242)[0m [1;34m[dynamic-enduro-v5-test-10479] Steps 282224 @ 663.5 SPS (698.1). (T_q: 6.26) Eps 80. [0mRet [1;31m0.000000[0m (0.000000/0.000000). Loss -0.00 pg_loss 0.00 entropy_loss -0.59 reg_loss 0.00 total_norm 0.00 mean_abs_v 0.07 last_lr: 2.9915e-04
[36m(ModelLearner pid=733241)[0m [dynamic-enduro-v5-test-10479] Steps 283008 (1506048[5.5]) @ 1128.8 SPS (1035.3). norm_m 2829.39 norm_p 0.35 total_loss_m 0.102060 total_loss_p 1.098533 fea_loss 0.010031 done_loss 0.001750
[36m(ModelLearner pid=733241)[0m [dynamic-enduro-v5-test-10479] Steps 283904 (1511424[5.5]) @ 1132.9 SPS (1035.3). norm_m 1396.19 norm_p 0.28 total_loss_m 0.052650 total_loss_p 1.098515 fea_loss 0.005126 done_loss 0.001391
[36m(ActorLearner pid=733242)[0m [1;34m[dynamic-enduro-v5-test-10479] Steps 283952 @ 662.2 SPS (697.8). (T_q: 6.80) Eps 80. [0mRet [1;31m0.000000[0m (0.000000/0.000000). Loss -0.00 pg_loss 0.00 entropy_loss -0.57 reg_loss 0.00 total_norm 0.00 mean_abs_v 0.07 last_lr: 2.9915e-04
[36m(ModelLearner pid=733241)[0m [dynamic-enduro-v5-test-10479] Steps 284912 (1517568[5.5]) @ 1132.4 SPS (1035.7). norm_m 1750.45 norm_p 0.47 total_loss_m 0.060167 total_loss_p 1.098549 fea_loss 0.005920 done_loss 0.000971
[36m(ActorLearner pid=733242)[0m [1;34m[dynamic-enduro-v5-test-10479] Steps 285680 @ 662.0 SPS (697.7). (T_q: 6.26) Eps 80. [0mRet [1;31m0.000000[0m (0.000000/0.000000). Loss -0.00 pg_loss 0.00 entropy_loss -0.59 reg_loss 0.00 total_norm 0.00 mean_abs_v 0.08 last_lr: 2.9914e-04
[36m(ModelLearner pid=733241)[0m [dynamic-enduro-v5-test-10479] Steps 285936 (1523712[5.5]) @ 1130.2 SPS (1036.2). norm_m 12124.95 norm_p 0.32 total_loss_m 0.057638 total_loss_p 1.098550 fea_loss 0.005740 done_loss 0.000239
[36m(ModelLearner pid=733241)[0m [dynamic-enduro-v5-test-10479] Steps 286960 (1529856[5.5]) @ 1129.4 SPS (1036.6). norm_m 2391.96 norm_p 0.51 total_loss_m 0.105416 total_loss_p 1.098525 fea_loss 0.010513 done_loss 0.000287
[36m(ActorLearner pid=733242)[0m [1;34m[dynamic-enduro-v5-test-10479] Steps 287488 @ 661.8 SPS (697.5). (T_q: 6.54) Eps 80. [0mRet [1;31m0.000000[0m (0.000000/0.000000). Loss -0.00 pg_loss 0.00 entropy_loss -0.63 reg_loss 0.00 total_norm 0.00 mean_abs_v 0.07 last_lr: 2.9914e-04
[36m(ModelLearner pid=733241)[0m [dynamic-enduro-v5-test-10479] Steps 287968 (1536000[5.5]) @ 1128.8 SPS (1037.1). norm_m 4403.35 norm_p 0.39 total_loss_m 0.067575 total_loss_p 1.098553 fea_loss 0.006656 done_loss 0.001017
[36m(ModelLearner pid=733241)[0m [dynamic-enduro-v5-test-10479] Steps 288992 (1542144[5.5]) @ 1128.5 SPS (1037.6). norm_m 2559.58 norm_p 0.41 total_loss_m 0.080561 total_loss_p 1.098549 fea_loss 0.007924 done_loss 0.001318
[36m(ActorLearner pid=733242)[0m [1;34m[dynamic-enduro-v5-test-10479] Steps 289360 @ 662.4 SPS (697.3). (T_q: 6.72) Eps 80. [0mRet [1;31m0.000000[0m (0.000000/0.000000). Loss -0.00 pg_loss 0.00 entropy_loss -0.63 reg_loss 0.00 total_norm 0.00 mean_abs_v 0.07 last_lr: 2.9913e-04
[36m(ModelLearner pid=733241)[0m [dynamic-enduro-v5-test-10479] Steps 290000 (1548288[5.5]) @ 1128.6 SPS (1038.1). norm_m 3153.96 norm_p 0.54 total_loss_m 0.194957 total_loss_p 1.092798 fea_loss 0.017151 done_loss 0.023447
[36m(ActorLearner pid=733242)[0m [1;34m[dynamic-enduro-v5-test-10479] Steps 290320 @ 662.0 SPS (697.1). (T_q: 3.45) Eps 80. [0mRet [1;31m0.000000[0m (0.000000/0.000000). Loss -0.00 pg_loss 0.00 entropy_loss -0.65 reg_loss 0.00 total_norm 0.00 mean_abs_v 0.08 last_lr: 2.9913e-04
[36m(ModelLearner pid=733241)[0m [dynamic-enduro-v5-test-10479] Steps 291024 (1554432[5.5]) @ 1128.3 SPS (1038.5). norm_m 1177.61 norm_p 0.28 total_loss_m 0.128314 total_loss_p 1.098524 fea_loss 0.012798 done_loss 0.000333
[36m(ModelLearner pid=733241)[0m [dynamic-enduro-v5-test-10479] Steps 292048 (1560576[5.5]) @ 1121.8 SPS (1038.1). norm_m 5250.63 norm_p 0.36 total_loss_m 0.133552 total_loss_p 1.098564 fea_loss 0.013334 done_loss 0.000214
[36m(ActorLearner pid=733242)[0m [1;34m[dynamic-enduro-v5-test-10479] Steps 292112 @ 661.7 SPS (696.8). (T_q: 6.63) Eps 80. [0mRet [1;31m0.000000[0m (0.000000/0.000000). Loss -0.00 pg_loss 0.00 entropy_loss -0.58 reg_loss 0.00 total_norm 0.00 mean_abs_v 0.08 last_lr: 2.9912e-04
[36m(ModelLearner pid=733241)[0m [dynamic-enduro-v5-test-10479] Steps 293072 (1566720[5.5]) @ 1127.1 SPS (1038.5). norm_m 16127.61 norm_p 0.42 total_loss_m 0.172695 total_loss_p 1.098517 fea_loss 0.017249 done_loss 0.000202
[36m(ActorLearner pid=733242)[0m [1;34m[dynamic-enduro-v5-test-10479] Steps 293840 @ 663.1 SPS (696.9). (T_q: 6.20) Eps 80. [0mRet [1;31m0.000000[0m (0.000000/0.000000). Loss -0.00 pg_loss 0.00 entropy_loss -0.59 reg_loss 0.00 total_norm 0.00 mean_abs_v 0.07 last_lr: 2.9912e-04
[36m(ModelLearner pid=733241)[0m [dynamic-enduro-v5-test-10479] Steps 294096 (1572864[5.5]) @ 1129.0 SPS (1038.9). norm_m 3102.13 norm_p 0.40 total_loss_m 0.082230 total_loss_p 1.098539 fea_loss 0.008209 done_loss 0.000143
[36m(ModelLearner pid=733241)[0m [dynamic-enduro-v5-test-10479] Steps 295104 (1579008[5.5]) @ 1128.0 SPS (1039.3). norm_m 5129.83 norm_p 0.39 total_loss_m 0.079638 total_loss_p 1.098548 fea_loss 0.007923 done_loss 0.000404
[36m(ActorLearner pid=733242)[0m [1;34m[dynamic-enduro-v5-test-10479] Steps 295632 @ 663.1 SPS (696.7). (T_q: 6.40) Eps 80. [0mRet [1;31m0.000000[0m (0.000000/0.000000). Loss -0.00 pg_loss 0.00 entropy_loss -0.63 reg_loss 0.00 total_norm 0.00 mean_abs_v 0.08 last_lr: 2.9911e-04
[36m(ModelLearner pid=733241)[0m [dynamic-enduro-v5-test-10479] Steps 296128 (1585152[5.5]) @ 1130.2 SPS (1039.9). norm_m 2170.86 norm_p 0.33 total_loss_m 0.054479 total_loss_p 1.098555 fea_loss 0.005430 done_loss 0.000182
[36m(ModelLearner pid=733241)[0m [dynamic-enduro-v5-test-10479] Steps 297152 (1591296[5.5]) @ 1131.3 SPS (1040.3). norm_m 1076.02 norm_p 0.35 total_loss_m 0.052175 total_loss_p 1.098555 fea_loss 0.005197 done_loss 0.000204
[36m(ActorLearner pid=733242)[0m [1;34m[dynamic-enduro-v5-test-10479] Steps 297472 @ 663.1 SPS (696.5). (T_q: 6.59) Eps 80. [0mRet [1;31m0.000000[0m (0.000000/0.000000). Loss -0.00 pg_loss 0.00 entropy_loss -0.64 reg_loss 0.00 total_norm 0.00 mean_abs_v 0.08 last_lr: 2.9911e-04
[36m(ModelLearner pid=733241)[0m [dynamic-enduro-v5-test-10479] Steps 298176 (1597440[5.5]) @ 1131.5 SPS (1040.7). norm_m 1875.81 norm_p 0.47 total_loss_m 0.029259 total_loss_p 1.098540 fea_loss 0.002807 done_loss 0.001192
[36m(ModelLearner pid=733241)[0m [dynamic-enduro-v5-test-10479] Steps 299200 (1603584[5.5]) @ 1132.1 SPS (1041.1). norm_m 686.57 norm_p 0.53 total_loss_m 0.024356 total_loss_p 1.098522 fea_loss 0.002376 done_loss 0.000594
[36m(ActorLearner pid=733242)[0m [1;34m[dynamic-enduro-v5-test-10479] Steps 299344 @ 663.0 SPS (696.2). (T_q: 6.77) Eps 80. [0mRet [1;31m0.000000[0m (0.000000/0.000000). Loss -0.00 pg_loss 0.00 entropy_loss -0.63 reg_loss 0.00 total_norm 0.00 mean_abs_v 0.08 last_lr: 2.9910e-04
[36m(ModelLearner pid=733241)[0m [dynamic-enduro-v5-test-10479] Steps 300208 (1609728[5.5]) @ 1127.9 SPS (1041.0). norm_m 532.09 norm_p 0.48 total_loss_m 0.027171 total_loss_p 1.098555 fea_loss 0.002700 done_loss 0.000174
[36m(ModelLearner pid=733241)[0m [dynamic-enduro-v5-test-10479] Steps 301232 (1615872[5.5]) @ 1133.1 SPS (1041.4). norm_m 729.46 norm_p 0.42 total_loss_m 0.025611 total_loss_p 1.098565 fea_loss 0.002509 done_loss 0.000516
[36m(ActorLearner pid=733242)[0m [1;34m[dynamic-enduro-v5-test-10479] Steps 301248 @ 662.3 SPS (695.9). (T_q: 6.74) Eps 80. [0mRet [1;31m0.000000[0m (0.000000/0.000000). Loss -0.00 pg_loss 0.00 entropy_loss -0.65 reg_loss 0.00 total_norm 0.00 mean_abs_v 0.08 last_lr: 2.9910e-04
[36m(ModelLearner pid=733241)[0m [dynamic-enduro-v5-test-10479] Steps 302256 (1622016[5.5]) @ 1133.6 SPS (1041.8). norm_m 871.78 norm_p 0.28 total_loss_m 0.030900 total_loss_p 1.098537 fea_loss 0.003068 done_loss 0.000220
[36m(ActorLearner pid=733242)[0m [1;34m[dynamic-enduro-v5-test-10479] Steps 303152 @ 662.1 SPS (695.6). (T_q: 6.60) Eps 80. [0mRet [1;31m0.000000[0m (0.000000/0.000000). Loss -0.00 pg_loss 0.00 entropy_loss -0.68 reg_loss 0.00 total_norm 0.00 mean_abs_v 0.08 last_lr: 2.9909e-04
[36m(ModelLearner pid=733241)[0m [dynamic-enduro-v5-test-10479] Steps 303408 (1628928[5.6]) @ 1135.3 SPS (1042.5). norm_m 872.42 norm_p 0.31 total_loss_m 0.029680 total_loss_p 1.098564 fea_loss 0.002947 done_loss 0.000210
[36m(ModelLearner pid=733241)[0m [dynamic-enduro-v5-test-10479] Steps 304416 (1635072[5.6]) @ 1136.1 SPS (1043.0). norm_m 1717.77 norm_p 0.26 total_loss_m 0.046957 total_loss_p 1.098567 fea_loss 0.004629 done_loss 0.000666
[36m(ActorLearner pid=733242)[0m [1;34m[dynamic-enduro-v5-test-10479] Steps 305088 @ 662.3 SPS (695.3). (T_q: 6.88) Eps 80. [0mRet [1;31m0.000000[0m (0.000000/0.000000). Loss -0.00 pg_loss 0.00 entropy_loss -0.64 reg_loss 0.00 total_norm 0.00 mean_abs_v 0.08 last_lr: 2.9908e-04
[36m(ModelLearner pid=733241)[0m [dynamic-enduro-v5-test-10479] Steps 305440 (1641216[5.6]) @ 1135.8 SPS (1043.4). norm_m 1113.84 norm_p 0.23 total_loss_m 0.047581 total_loss_p 1.098573 fea_loss 0.004692 done_loss 0.000660
[36m(ActorLearner pid=733242)[0m Sent real_step update to ActorBuffer: 306000
[36m(ModelLearner pid=733241)[0m [dynamic-enduro-v5-test-10479] Steps 306464 (1647360[5.6]) @ 1135.9 SPS (1043.8). norm_m 455.67 norm_p 0.37 total_loss_m 0.028758 total_loss_p 1.097135 fea_loss 0.002354 done_loss 0.005215
[36m(ActorLearner pid=733242)[0m [1;34m[dynamic-enduro-v5-test-10479] Steps 306928 @ 662.2 SPS (695.2). (T_q: 6.54) Eps 80. [0mRet [1;31m0.000000[0m (0.000000/0.000000). Loss -0.00 pg_loss 0.00 entropy_loss -0.62 reg_loss 0.00 total_norm 0.00 mean_abs_v 0.07 last_lr: 2.9908e-04
[36m(ModelLearner pid=733241)[0m [dynamic-enduro-v5-test-10479] Steps 307472 (1653504[5.6]) @ 1136.3 SPS (1044.2). norm_m 605.16 norm_p 0.24 total_loss_m 0.019197 total_loss_p 1.098552 fea_loss 0.001793 done_loss 0.001268
[36m(ModelLearner pid=733241)[0m [dynamic-enduro-v5-test-10479] Steps 308496 (1659648[5.6]) @ 1134.8 SPS (1044.5). norm_m 935.47 norm_p 0.24 total_loss_m 0.045583 total_loss_p 1.098577 fea_loss 0.004537 done_loss 0.000211
[36m(ActorLearner pid=733242)[0m [1;34m[dynamic-enduro-v5-test-10479] Steps 308720 @ 662.2 SPS (695.0). (T_q: 6.64) Eps 80. [0mRet [1;31m0.000000[0m (0.000000/0.000000). Loss -0.00 pg_loss 0.00 entropy_loss -0.61 reg_loss 0.00 total_norm 0.00 mean_abs_v 0.06 last_lr: 2.9907e-04
[36m(ModelLearner pid=733241)[0m [dynamic-enduro-v5-test-10479] Steps 309520 (1665792[5.6]) @ 1128.5 SPS (1044.2). norm_m 415.79 norm_p 0.33 total_loss_m 0.081843 total_loss_p 1.098568 fea_loss 0.008152 done_loss 0.000318
[36m(ModelLearner pid=733241)[0m [dynamic-enduro-v5-test-10479] Steps 310400 (1671168[5.6]) @ 1124.9 SPS (1044.2). norm_m 587.13 norm_p 0.35 total_loss_m 0.032301 total_loss_p 1.098557 fea_loss 0.003223 done_loss 0.000074
[36m(ActorLearner pid=733242)[0m [1;34m[dynamic-enduro-v5-test-10479] Steps 310432 @ 662.0 SPS (694.8). (T_q: 6.73) Eps 80. [0mRet [1;31m0.000000[0m (0.000000/0.000000). Loss -0.00 pg_loss 0.00 entropy_loss -0.54 reg_loss 0.00 total_norm 0.00 mean_abs_v 0.06 last_lr: 2.9907e-04
[36m(ModelLearner pid=733241)[0m [dynamic-enduro-v5-test-10479] Steps 311296 (1676544[5.6]) @ 1128.1 SPS (1044.3). norm_m 657.26 norm_p 0.30 total_loss_m 0.037363 total_loss_p 1.094292 fea_loss 0.002110 done_loss 0.016267
[36m(ActorLearner pid=733242)[0m [1;34m[dynamic-enduro-v5-test-10479] Steps 312080 @ 662.5 SPS (694.7). (T_q: 6.37) Eps 80. [0mRet [1;31m0.000000[0m (0.000000/0.000000). Loss -0.00 pg_loss 0.00 entropy_loss -0.56 reg_loss 0.00 total_norm 0.00 mean_abs_v 0.06 last_lr: 2.9906e-04
[36m(ModelLearner pid=733241)[0m [dynamic-enduro-v5-test-10479] Steps 312320 (1682688[5.6]) @ 1126.7 SPS (1044.5). norm_m 609.61 norm_p 0.30 total_loss_m 0.027389 total_loss_p 1.098575 fea_loss 0.002719 done_loss 0.000203
[36m(ModelLearner pid=733241)[0m [dynamic-enduro-v5-test-10479] Steps 313344 (1688832[5.6]) @ 1126.7 SPS (1044.8). norm_m 887.07 norm_p 0.15 total_loss_m 0.025396 total_loss_p 1.098570 fea_loss 0.002517 done_loss 0.000228
[36m(ActorLearner pid=733242)[0m [1;34m[dynamic-enduro-v5-test-10479] Steps 313840 @ 663.5 SPS (694.7). (T_q: 6.40) Eps 80. [0mRet [1;31m0.000000[0m (0.000000/0.000000). Loss -0.00 pg_loss 0.00 entropy_loss -0.59 reg_loss 0.00 total_norm 0.00 mean_abs_v 0.06 last_lr: 2.9906e-04
[36m(ModelLearner pid=733241)[0m [dynamic-enduro-v5-test-10479] Steps 314368 (1694976[5.6]) @ 1126.6 SPS (1045.1). norm_m 872.61 norm_p 0.48 total_loss_m 0.036508 total_loss_p 1.098603 fea_loss 0.003627 done_loss 0.000236
[36m(ModelLearner pid=733241)[0m [dynamic-enduro-v5-test-10479] Steps 315392 (1701120[5.6]) @ 1127.0 SPS (1045.5). norm_m 529.32 norm_p 0.14 total_loss_m 0.022797 total_loss_p 1.098570 fea_loss 0.002194 done_loss 0.000852
[36m(ActorLearner pid=733242)[0m [1;34m[dynamic-enduro-v5-test-10479] Steps 315616 @ 664.0 SPS (694.5). (T_q: 6.67) Eps 80. [0mRet [1;31m0.000000[0m (0.000000/0.000000). Loss -0.00 pg_loss 0.00 entropy_loss -0.60 reg_loss 0.00 total_norm 0.00 mean_abs_v 0.07 last_lr: 2.9905e-04
[36m(ModelLearner pid=733241)[0m [dynamic-enduro-v5-test-10479] Steps 316416 (1707264[5.6]) @ 1120.0 SPS (1045.1). norm_m 395.43 norm_p 0.20 total_loss_m 0.042082 total_loss_p 1.098550 fea_loss 0.004087 done_loss 0.001210
[36m(ActorLearner pid=733242)[0m [1;34m[dynamic-enduro-v5-test-10479] Steps 317360 @ 663.9 SPS (694.3). (T_q: 6.69) Eps 80. [0mRet [1;31m0.000000[0m (0.000000/0.000000). Loss -0.00 pg_loss 0.00 entropy_loss -0.61 reg_loss 0.00 total_norm 0.00 mean_abs_v 0.08 last_lr: 2.9905e-04
[36m(ModelLearner pid=733241)[0m [dynamic-enduro-v5-test-10479] Steps 317440 (1713408[5.6]) @ 1120.0 SPS (1045.4). norm_m 424.87 norm_p 0.31 total_loss_m 0.025561 total_loss_p 1.098564 fea_loss 0.002487 done_loss 0.000690
[36m(ModelLearner pid=733241)[0m [dynamic-enduro-v5-test-10479] Steps 318464 (1719552[5.6]) @ 1126.2 SPS (1045.8). norm_m 727.12 norm_p 0.21 total_loss_m 0.059393 total_loss_p 1.091431 fea_loss 0.003358 done_loss 0.025813
[36m(SelfPlayWorker pid=733238)[0m [DEBUG] Episode termination detected:
[36m(SelfPlayWorker pid=733238)[0m   - done: tensor([False, False, False, False, False,  True, False, False, False, False,
[36m(SelfPlayWorker pid=733238)[0m         False, False, False, False, False, False], device='cuda:0')
[36m(SelfPlayWorker pid=733238)[0m   - truncated_done: tensor([False, False, False, False, False, False, False, False, False, False,
[36m(SelfPlayWorker pid=733238)[0m         False, False, False, False, False, False], device='cuda:0')
[36m(SelfPlayWorker pid=733238)[0m   - real_done: tensor([False, False, False, False, False,  True, False, False, False, False,
[36m(SelfPlayWorker pid=733238)[0m         False, False, False, False, False, False], device='cuda:0')
[36m(SelfPlayWorker pid=733238)[0m   - step_status: tensor([0, 0, 0, 0, 0, 0, 0, 0, 0, 0, 0, 0, 0, 0, 0, 0], device='cuda:0')
[36m(SelfPlayWorker pid=733238)[0m   - counter: 71506
[36m(SelfPlayWorker pid=733238)[0m [DEBUG] Episode termination detected:
[36m(SelfPlayWorker pid=733238)[0m   - done: tensor([ True, False, False, False, False, False, False, False, False, False,
[36m(SelfPlayWorker pid=733238)[0m         False, False, False, False, False, False], device='cuda:0')
[36m(SelfPlayWorker pid=733238)[0m   - truncated_done: tensor([False, False, False, False, False, False, False, False, False, False,
[36m(SelfPlayWorker pid=733238)[0m         False, False, False, False, False, False], device='cuda:0')
[36m(SelfPlayWorker pid=733238)[0m   - real_done: tensor([ True, False, False, False, False, False, False, False, False, False,
[36m(SelfPlayWorker pid=733238)[0m         False, False, False, False, False, False], device='cuda:0')
[36m(SelfPlayWorker pid=733238)[0m   - step_status: tensor([0, 0, 0, 0, 0, 0, 0, 0, 0, 0, 0, 0, 0, 0, 0, 0], device='cuda:0')
[36m(SelfPlayWorker pid=733238)[0m   - counter: 71519
[36m(SelfPlayWorker pid=733238)[0m [DEBUG] Episode termination detected:
[36m(SelfPlayWorker pid=733238)[0m   - done: tensor([False, False, False, False,  True, False, False, False, False, False,
[36m(SelfPlayWorker pid=733238)[0m         False, False, False, False, False, False], device='cuda:0')
[36m(SelfPlayWorker pid=733238)[0m   - truncated_done: tensor([False, False, False, False, False, False, False, False, False, False,
[36m(SelfPlayWorker pid=733238)[0m         False, False, False, False, False, False], device='cuda:0')
[36m(SelfPlayWorker pid=733238)[0m   - real_done: tensor([False, False, False, False,  True, False, False, False, False, False,
[36m(SelfPlayWorker pid=733238)[0m         False, False, False, False, False, False], device='cuda:0')
[36m(SelfPlayWorker pid=733238)[0m   - step_status: tensor([0, 0, 0, 0, 0, 0, 0, 0, 0, 0, 0, 0, 0, 0, 0, 0], device='cuda:0')
[36m(SelfPlayWorker pid=733238)[0m   - counter: 71525
[36m(SelfPlayWorker pid=733238)[0m [DEBUG] Episode termination detected:
[36m(SelfPlayWorker pid=733238)[0m   - done: tensor([False, False, False, False, False, False, False, False, False, False,
[36m(SelfPlayWorker pid=733238)[0m         False,  True, False,  True, False, False], device='cuda:0')
[36m(SelfPlayWorker pid=733238)[0m   - truncated_done: tensor([False, False, False, False, False, False, False, False, False, False,
[36m(SelfPlayWorker pid=733238)[0m         False, False, False, False, False, False], device='cuda:0')
[36m(SelfPlayWorker pid=733238)[0m   - real_done: tensor([False, False, False, False, False, False, False, False, False, False,
[36m(SelfPlayWorker pid=733238)[0m         False,  True, False,  True, False, False], device='cuda:0')
[36m(SelfPlayWorker pid=733238)[0m   - step_status: tensor([0, 0, 0, 0, 0, 0, 0, 0, 0, 0, 0, 0, 0, 0, 0, 0], device='cuda:0')
[36m(SelfPlayWorker pid=733238)[0m   - counter: 71536
[36m(SelfPlayWorker pid=733238)[0m [DEBUG] Episode termination detected:
[36m(SelfPlayWorker pid=733238)[0m   - done: tensor([False, False, False,  True, False, False, False, False, False, False,
[36m(SelfPlayWorker pid=733238)[0m         False, False, False, False,  True, False], device='cuda:0')
[36m(SelfPlayWorker pid=733238)[0m   - truncated_done: tensor([False, False, False, False, False, False, False, False, False, False,
[36m(SelfPlayWorker pid=733238)[0m         False, False, False, False, False, False], device='cuda:0')
[36m(SelfPlayWorker pid=733238)[0m   - real_done: tensor([False, False, False,  True, False, False, False, False, False, False,
[36m(SelfPlayWorker pid=733238)[0m         False, False, False, False,  True, False], device='cuda:0')
[36m(SelfPlayWorker pid=733238)[0m   - step_status: tensor([0, 0, 0, 0, 0, 0, 0, 0, 0, 0, 0, 0, 0, 0, 0, 0], device='cuda:0')
[36m(SelfPlayWorker pid=733238)[0m   - counter: 71539
[36m(SelfPlayWorker pid=733238)[0m [DEBUG] Episode termination detected:
[36m(SelfPlayWorker pid=733238)[0m   - done: tensor([False, False, False, False, False, False, False,  True, False,  True,
[36m(SelfPlayWorker pid=733238)[0m         False, False, False, False, False,  True], device='cuda:0')
[36m(SelfPlayWorker pid=733238)[0m   - truncated_done: tensor([False, False, False, False, False, False, False, False, False, False,
[36m(SelfPlayWorker pid=733238)[0m         False, False, False, False, False, False], device='cuda:0')
[36m(SelfPlayWorker pid=733238)[0m   - real_done: tensor([False, False, False, False, False, False, False,  True, False,  True,
[36m(SelfPlayWorker pid=733238)[0m         False, False, False, False, False,  True], device='cuda:0')
[36m(SelfPlayWorker pid=733238)[0m   - step_status: tensor([0, 0, 0, 0, 0, 0, 0, 0, 0, 0, 0, 0, 0, 0, 0, 0], device='cuda:0')
[36m(SelfPlayWorker pid=733238)[0m   - counter: 71549
[36m(SelfPlayWorker pid=733238)[0m [DEBUG] Episode termination detected:
[36m(SelfPlayWorker pid=733238)[0m   - done: tensor([False, False,  True, False, False, False, False, False, False, False,
[36m(SelfPlayWorker pid=733238)[0m         False, False, False, False, False, False], device='cuda:0')
[36m(SelfPlayWorker pid=733238)[0m   - truncated_done: tensor([False, False, False, False, False, False, False, False, False, False,
[36m(SelfPlayWorker pid=733238)[0m         False, False, False, False, False, False], device='cuda:0')
[36m(SelfPlayWorker pid=733238)[0m   - real_done: tensor([False, False,  True, False, False, False, False, False, False, False,
[36m(SelfPlayWorker pid=733238)[0m         False, False, False, False, False, False], device='cuda:0')
[36m(SelfPlayWorker pid=733238)[0m   - step_status: tensor([0, 0, 0, 0, 0, 0, 0, 0, 0, 0, 0, 0, 0, 0, 0, 0], device='cuda:0')
[36m(SelfPlayWorker pid=733238)[0m   - counter: 71553
[36m(SelfPlayWorker pid=733238)[0m [DEBUG] Episode termination detected:
[36m(SelfPlayWorker pid=733238)[0m   - done: tensor([False, False, False, False, False, False,  True, False, False, False,
[36m(SelfPlayWorker pid=733238)[0m         False, False, False, False, False, False], device='cuda:0')
[36m(SelfPlayWorker pid=733238)[0m   - truncated_done: tensor([False, False, False, False, False, False, False, False, False, False,
[36m(SelfPlayWorker pid=733238)[0m         False, False, False, False, False, False], device='cuda:0')
[36m(SelfPlayWorker pid=733238)[0m   - real_done: tensor([False, False, False, False, False, False,  True, False, False, False,
[36m(SelfPlayWorker pid=733238)[0m         False, False, False, False, False, False], device='cuda:0')
[36m(SelfPlayWorker pid=733238)[0m   - step_status: tensor([0, 0, 0, 0, 0, 0, 0, 0, 0, 0, 0, 0, 0, 0, 0, 0], device='cuda:0')
[36m(SelfPlayWorker pid=733238)[0m   - counter: 71557
[36m(SelfPlayWorker pid=733238)[0m [DEBUG] Episode termination detected:
[36m(SelfPlayWorker pid=733238)[0m   - done: tensor([False, False, False, False, False, False, False, False, False, False,
[36m(SelfPlayWorker pid=733238)[0m          True, False, False, False, False, False], device='cuda:0')
[36m(SelfPlayWorker pid=733238)[0m   - truncated_done: tensor([False, False, False, False, False, False, False, False, False, False,
[36m(SelfPlayWorker pid=733238)[0m         False, False, False, False, False, False], device='cuda:0')
[36m(SelfPlayWorker pid=733238)[0m   - real_done: tensor([False, False, False, False, False, False, False, False, False, False,
[36m(SelfPlayWorker pid=733238)[0m          True, False, False, False, False, False], device='cuda:0')
[36m(SelfPlayWorker pid=733238)[0m   - step_status: tensor([0, 0, 0, 0, 0, 0, 0, 0, 0, 0, 0, 0, 0, 0, 0, 0], device='cuda:0')
[36m(SelfPlayWorker pid=733238)[0m   - counter: 71560
[36m(ActorLearner pid=733242)[0m [DEBUG] Episode counter increased:
[36m(ActorLearner pid=733242)[0m   - real_done_count: 11
[36m(ActorLearner pid=733242)[0m   - tot_eps: 91
[36m(ActorLearner pid=733242)[0m   - train_actor_out.real_done: tensor([[False, False, False,  ..., False, False, False],
[36m(ActorLearner pid=733242)[0m         [False, False, False,  ..., False, False, False],
[36m(ActorLearner pid=733242)[0m         [False, False, False,  ..., False, False, False],
[36m(ActorLearner pid=733242)[0m         ...,
[36m(ActorLearner pid=733242)[0m         [False, False, False,  ..., False, False, False],
[36m(ActorLearner pid=733242)[0m         [False, False, False,  ..., False, False, False],
[36m(ActorLearner pid=733242)[0m         [False, False, False,  ..., False, False, False]], device='cuda:0')
[36m(ActorLearner pid=733242)[0m   - train_actor_out.done: tensor([[False, False, False,  ..., False, False, False],
[36m(ActorLearner pid=733242)[0m         [False, False, False,  ..., False, False, False],
[36m(ActorLearner pid=733242)[0m         [False, False, False,  ..., False, False, False],
[36m(ActorLearner pid=733242)[0m         ...,
[36m(ActorLearner pid=733242)[0m         [False, False, False,  ..., False, False, False],
[36m(ActorLearner pid=733242)[0m         [False, False, False,  ..., False, False, False],
[36m(ActorLearner pid=733242)[0m         [False, False, False,  ..., False, False, False]], device='cuda:0')
[36m(ActorLearner pid=733242)[0m   - train_actor_out.truncated_done: tensor([[False, False, False,  ..., False, False, False],
[36m(ActorLearner pid=733242)[0m         [False, False, False,  ..., False, False, False],
[36m(ActorLearner pid=733242)[0m         [False, False, False,  ..., False, False, False],
[36m(ActorLearner pid=733242)[0m         ...,
[36m(ActorLearner pid=733242)[0m         [False, False, False,  ..., False, False, False],
[36m(ActorLearner pid=733242)[0m         [False, False, False,  ..., False, False, False],
[36m(ActorLearner pid=733242)[0m         [False, False, False,  ..., False, False, False]], device='cuda:0')
[36m(SelfPlayWorker pid=733238)[0m [DEBUG] Episode termination detected:
[36m(SelfPlayWorker pid=733238)[0m   - done: tensor([False, False, False, False, False, False, False, False, False, False,
[36m(SelfPlayWorker pid=733238)[0m         False, False,  True, False, False, False], device='cuda:0')
[36m(SelfPlayWorker pid=733238)[0m   - truncated_done: tensor([False, False, False, False, False, False, False, False, False, False,
[36m(SelfPlayWorker pid=733238)[0m         False, False, False, False, False, False], device='cuda:0')
[36m(SelfPlayWorker pid=733238)[0m   - real_done: tensor([False, False, False, False, False, False, False, False, False, False,
[36m(SelfPlayWorker pid=733238)[0m         False, False,  True, False, False, False], device='cuda:0')
[36m(SelfPlayWorker pid=733238)[0m   - step_status: tensor([0, 0, 0, 0, 0, 0, 0, 0, 0, 0, 0, 0, 0, 0, 0, 0], device='cuda:0')
[36m(SelfPlayWorker pid=733238)[0m   - counter: 71570
[36m(ActorLearner pid=733242)[0m [1;34m[dynamic-enduro-v5-test-10479] Steps 319184 @ 663.8 SPS (694.1). (T_q: 6.68) Eps 91. [0mRet [1;31m0.000000[0m (0.000000/0.000000). Loss -0.00 pg_loss 0.00 entropy_loss -0.62 reg_loss 0.00 total_norm 0.00 mean_abs_v 0.08 last_lr: 2.9904e-04
[36m(SelfPlayWorker pid=733238)[0m [DEBUG] Episode termination detected:
[36m(SelfPlayWorker pid=733238)[0m   - done: tensor([False,  True, False, False, False, False, False, False,  True, False,
[36m(SelfPlayWorker pid=733238)[0m         False, False, False, False, False, False], device='cuda:0')
[36m(SelfPlayWorker pid=733238)[0m   - truncated_done: tensor([False, False, False, False, False, False, False, False, False, False,
[36m(SelfPlayWorker pid=733238)[0m         False, False, False, False, False, False], device='cuda:0')
[36m(SelfPlayWorker pid=733238)[0m   - real_done: tensor([False,  True, False, False, False, False, False, False,  True, False,
[36m(SelfPlayWorker pid=733238)[0m         False, False, False, False, False, False], device='cuda:0')
[36m(SelfPlayWorker pid=733238)[0m   - step_status: tensor([0, 0, 0, 0, 0, 0, 0, 0, 0, 0, 0, 0, 0, 0, 0, 0], device='cuda:0')
[36m(SelfPlayWorker pid=733238)[0m   - counter: 71579
[36m(ModelLearner pid=733241)[0m [dynamic-enduro-v5-test-10479] Steps 319488 (1725696[5.6]) @ 1127.8 SPS (1046.0). norm_m 273.25 norm_p 0.49 total_loss_m 0.047125 total_loss_p 1.094304 fea_loss 0.003250 done_loss 0.014625
[36m(ActorLearner pid=733242)[0m [DEBUG] Episode counter increased:
[36m(ActorLearner pid=733242)[0m   - real_done_count: 5
[36m(ActorLearner pid=733242)[0m   - tot_eps: 96
[36m(ActorLearner pid=733242)[0m   - train_actor_out.real_done: tensor([[False, False, False,  ..., False, False, False],
[36m(ActorLearner pid=733242)[0m         [False, False, False,  ..., False, False, False],
[36m(ActorLearner pid=733242)[0m         [False, False, False,  ..., False, False, False],
[36m(ActorLearner pid=733242)[0m         ...,
[36m(ActorLearner pid=733242)[0m         [False, False, False,  ..., False, False, False],
[36m(ActorLearner pid=733242)[0m         [False, False, False,  ..., False, False, False],
[36m(ActorLearner pid=733242)[0m         [False, False, False,  ..., False, False, False]], device='cuda:0')
[36m(ActorLearner pid=733242)[0m   - train_actor_out.done: tensor([[False, False, False,  ..., False, False, False],
[36m(ActorLearner pid=733242)[0m         [False, False, False,  ..., False, False, False],
[36m(ActorLearner pid=733242)[0m         [False, False, False,  ..., False, False, False],
[36m(ActorLearner pid=733242)[0m         ...,
[36m(ActorLearner pid=733242)[0m         [False, False, False,  ..., False, False, False],
[36m(ActorLearner pid=733242)[0m         [False, False, False,  ..., False, False, False],
[36m(ActorLearner pid=733242)[0m         [False, False, False,  ..., False, False, False]], device='cuda:0')
[36m(ActorLearner pid=733242)[0m   - train_actor_out.truncated_done: tensor([[False, False, False,  ..., False, False, False],
[36m(ActorLearner pid=733242)[0m         [False, False, False,  ..., False, False, False],
[36m(ActorLearner pid=733242)[0m         [False, False, False,  ..., False, False, False],
[36m(ActorLearner pid=733242)[0m         ...,
[36m(ActorLearner pid=733242)[0m         [False, False, False,  ..., False, False, False],
[36m(ActorLearner pid=733242)[0m         [False, False, False,  ..., False, False, False],
[36m(ActorLearner pid=733242)[0m         [False, False, False,  ..., False, False, False]], device='cuda:0')
[36m(ActorLearner pid=733242)[0m [1;34m[dynamic-enduro-v5-test-10479] Steps 320144 @ 663.7 SPS (693.9). (T_q: 3.67) Eps 96. [0mRet [1;31m0.000000[0m (0.000000/0.000000). Loss -0.00 pg_loss 0.00 entropy_loss -0.65 reg_loss 0.00 total_norm 0.00 mean_abs_v 0.08 last_lr: 2.9904e-04
[36m(ModelLearner pid=733241)[0m [dynamic-enduro-v5-test-10479] Steps 320512 (1731840[5.6]) @ 1129.3 SPS (1046.4). norm_m 393.44 norm_p 0.25 total_loss_m 0.042679 total_loss_p 1.098563 fea_loss 0.004171 done_loss 0.000973
[36m(ActorLearner pid=733242)[0m [1;34m[dynamic-enduro-v5-test-10479] Steps 321152 @ 662.6 SPS (693.7). (T_q: 3.50) Eps 96. [0mRet [1;31m0.000000[0m (0.000000/0.000000). Loss -0.00 pg_loss 0.00 entropy_loss -0.69 reg_loss 0.00 total_norm 0.00 mean_abs_v 0.08 last_lr: 2.9904e-04
[36m(ModelLearner pid=733241)[0m [dynamic-enduro-v5-test-10479] Steps 321520 (1737984[5.6]) @ 1129.6 SPS (1046.9). norm_m 628.24 norm_p 0.27 total_loss_m 0.031744 total_loss_p 1.098578 fea_loss 0.003055 done_loss 0.001198
[36m(ModelLearner pid=733241)[0m [dynamic-enduro-v5-test-10479] Steps 322672 (1744896[5.6]) @ 1132.7 SPS (1047.6). norm_m 654.13 norm_p 0.29 total_loss_m 0.030105 total_loss_p 1.098582 fea_loss 0.002784 done_loss 0.002268
[36m(ActorLearner pid=733242)[0m [1;34m[dynamic-enduro-v5-test-10479] Steps 323120 @ 662.4 SPS (693.5). (T_q: 6.64) Eps 96. [0mRet [1;31m0.000000[0m (0.000000/0.000000). Loss -0.00 pg_loss 0.00 entropy_loss -0.65 reg_loss 0.00 total_norm 0.00 mean_abs_v 0.08 last_lr: 2.9903e-04
[36m(ModelLearner pid=733241)[0m [dynamic-enduro-v5-test-10479] Steps 323696 (1751040[5.6]) @ 1133.6 SPS (1048.1). norm_m 784.35 norm_p 0.29 total_loss_m 0.037508 total_loss_p 1.098580 fea_loss 0.003694 done_loss 0.000566
[36m(ModelLearner pid=733241)[0m [dynamic-enduro-v5-test-10479] Steps 324720 (1757184[5.6]) @ 1133.9 SPS (1048.5). norm_m 11.64 norm_p 0.03 total_loss_m 0.000577 total_loss_p 0.021409 fea_loss 0.000054 done_loss 0.000039
[36m(ActorLearner pid=733242)[0m [1;34m[dynamic-enduro-v5-test-10479] Steps 325008 @ 663.0 SPS (693.3). (T_q: 6.60) Eps 96. [0mRet [1;31m0.000000[0m (0.000000/0.000000). Loss -0.00 pg_loss 0.00 entropy_loss -0.62 reg_loss 0.00 total_norm 0.00 mean_abs_v 0.08 last_lr: 2.9902e-04
[36m(ModelLearner pid=733241)[0m [dynamic-enduro-v5-test-10479] Steps 325744 (1763328[5.6]) @ 1133.1 SPS (1048.9). norm_m 894.41 norm_p 0.21 total_loss_m 0.050682 total_loss_p 1.094303 fea_loss 0.003340 done_loss 0.017285
[36m(ModelLearner pid=733241)[0m [dynamic-enduro-v5-test-10479] Steps 326768 (1769472[5.6]) @ 1127.6 SPS (1048.6). norm_m 1848.10 norm_p 0.23 total_loss_m 0.039199 total_loss_p 1.098580 fea_loss 0.003797 done_loss 0.001230
[36m(ActorLearner pid=733242)[0m [1;34m[dynamic-enduro-v5-test-10479] Steps 326768 @ 663.3 SPS (693.2). (T_q: 6.24) Eps 96. [0mRet [1;31m0.000000[0m (0.000000/0.000000). Loss -0.00 pg_loss 0.00 entropy_loss -0.58 reg_loss 0.00 total_norm 0.00 mean_abs_v 0.07 last_lr: 2.9902e-04
[36m(ModelLearner pid=733241)[0m [dynamic-enduro-v5-test-10479] Steps 327792 (1775616[5.6]) @ 1133.9 SPS (1048.8). norm_m 1845.15 norm_p 0.19 total_loss_m 0.042452 total_loss_p 1.098592 fea_loss 0.004161 done_loss 0.000843
[36m(ActorLearner pid=733242)[0m [1;34m[dynamic-enduro-v5-test-10479] Steps 328528 @ 664.6 SPS (693.2). (T_q: 6.29) Eps 96. [0mRet [1;31m0.000000[0m (0.000000/0.000000). Loss -0.00 pg_loss 0.00 entropy_loss -0.60 reg_loss 0.00 total_norm 0.00 mean_abs_v 0.07 last_lr: 2.9901e-04
[36m(ModelLearner pid=733241)[0m [dynamic-enduro-v5-test-10479] Steps 328800 (1781760[5.6]) @ 1134.3 SPS (1049.2). norm_m 1273.32 norm_p 0.23 total_loss_m 0.044757 total_loss_p 1.098581 fea_loss 0.004427 done_loss 0.000485
[36m(ModelLearner pid=733241)[0m [dynamic-enduro-v5-test-10479] Steps 329824 (1787904[5.6]) @ 1133.1 SPS (1049.4). norm_m 1193.65 norm_p 0.50 total_loss_m 0.037449 total_loss_p 1.098584 fea_loss 0.003726 done_loss 0.000186
[36m(ActorLearner pid=733242)[0m [1;34m[dynamic-enduro-v5-test-10479] Steps 330240 @ 663.9 SPS (693.0). (T_q: 6.69) Eps 96. [0mRet [1;31m0.000000[0m (0.000000/0.000000). Loss -0.00 pg_loss 0.00 entropy_loss -0.56 reg_loss 0.00 total_norm 0.00 mean_abs_v 0.07 last_lr: 2.9901e-04
[36m(ModelLearner pid=733241)[0m [dynamic-enduro-v5-test-10479] Steps 330720 (1793280[5.6]) @ 1131.6 SPS (1049.5). norm_m 2125.09 norm_p 0.38 total_loss_m 0.059596 total_loss_p 1.098585 fea_loss 0.005919 done_loss 0.000402
[36m(ModelLearner pid=733241)[0m [dynamic-enduro-v5-test-10479] Steps 331744 (1799424[5.6]) @ 1128.9 SPS (1049.7). norm_m 1735.97 norm_p 0.23 total_loss_m 0.052884 total_loss_p 1.097147 fea_loss 0.004501 done_loss 0.007876
[36m(ActorLearner pid=733242)[0m [1;34m[dynamic-enduro-v5-test-10479] Steps 331936 @ 664.4 SPS (693.0). (T_q: 6.40) Eps 96. [0mRet [1;31m0.000000[0m (0.000000/0.000000). Loss -0.00 pg_loss 0.00 entropy_loss -0.57 reg_loss 0.00 total_norm 0.00 mean_abs_v 0.07 last_lr: 2.9900e-04
[36m(ModelLearner pid=733241)[0m [dynamic-enduro-v5-test-10479] Steps 332768 (1805568[5.6]) @ 1122.5 SPS (1049.4). norm_m 827.74 norm_p 0.30 total_loss_m 0.047428 total_loss_p 1.098569 fea_loss 0.004629 done_loss 0.001139
[36m(ActorLearner pid=733242)[0m [1;34m[dynamic-enduro-v5-test-10479] Steps 333760 @ 665.2 SPS (692.9). (T_q: 6.61) Eps 96. [0mRet [1;31m0.000000[0m (0.000000/0.000000). Loss -0.00 pg_loss 0.00 entropy_loss -0.63 reg_loss 0.00 total_norm 0.00 mean_abs_v 0.08 last_lr: 2.9900e-04
[36m(ModelLearner pid=733241)[0m [dynamic-enduro-v5-test-10479] Steps 333776 (1811712[5.6]) @ 1121.3 SPS (1049.7). norm_m 1628.01 norm_p 0.14 total_loss_m 0.048640 total_loss_p 1.098576 fea_loss 0.004783 done_loss 0.000812
[36m(ModelLearner pid=733241)[0m [dynamic-enduro-v5-test-10479] Steps 334800 (1817856[5.6]) @ 1121.1 SPS (1050.0). norm_m 792.33 norm_p 0.27 total_loss_m 0.028835 total_loss_p 1.098578 fea_loss 0.002798 done_loss 0.000853
[36m(ActorLearner pid=733242)[0m [1;34m[dynamic-enduro-v5-test-10479] Steps 335536 @ 665.7 SPS (692.7). (T_q: 6.73) Eps 96. [0mRet [1;31m0.000000[0m (0.000000/0.000000). Loss -0.00 pg_loss 0.00 entropy_loss -0.61 reg_loss 0.00 total_norm 0.00 mean_abs_v 0.08 last_lr: 2.9899e-04
[36m(ModelLearner pid=733241)[0m [dynamic-enduro-v5-test-10479] Steps 335824 (1824000[5.6]) @ 1125.3 SPS (1050.2). norm_m 1585.11 norm_p 0.27 total_loss_m 0.035201 total_loss_p 1.098570 fea_loss 0.003442 done_loss 0.000782
[36m(ActorLearner pid=733242)[0m [1;34m[dynamic-enduro-v5-test-10479] Steps 336480 @ 665.4 SPS (692.5). (T_q: 3.57) Eps 96. [0mRet [1;31m0.000000[0m (0.000000/0.000000). Loss -0.00 pg_loss 0.00 entropy_loss -0.65 reg_loss 0.00 total_norm 0.00 mean_abs_v 0.08 last_lr: 2.9899e-04
[36m(ModelLearner pid=733241)[0m [dynamic-enduro-v5-test-10479] Steps 336848 (1830144[5.6]) @ 1126.0 SPS (1050.6). norm_m 2596.72 norm_p 0.39 total_loss_m 0.071300 total_loss_p 1.094269 fea_loss 0.004375 done_loss 0.027550
[36m(ModelLearner pid=733241)[0m [dynamic-enduro-v5-test-10479] Steps 337872 (1836288[5.6]) @ 1126.2 SPS (1051.0). norm_m 1437.45 norm_p 0.25 total_loss_m 0.030520 total_loss_p 1.098580 fea_loss 0.002902 done_loss 0.001501
[36m(ActorLearner pid=733242)[0m [1;34m[dynamic-enduro-v5-test-10479] Steps 338352 @ 666.0 SPS (692.4). (T_q: 6.59) Eps 96. [0mRet [1;31m0.000000[0m (0.000000/0.000000). Loss -0.00 pg_loss 0.00 entropy_loss -0.64 reg_loss 0.00 total_norm 0.00 mean_abs_v 0.08 last_lr: 2.9898e-04
[36m(ModelLearner pid=733241)[0m [dynamic-enduro-v5-test-10479] Steps 338896 (1842432[5.6]) @ 1123.5 SPS (1051.3). norm_m 12.04 norm_p 0.01 total_loss_m 0.000786 total_loss_p 0.021396 fea_loss 0.000076 done_loss 0.000022
[36m(ModelLearner pid=733241)[0m [dynamic-enduro-v5-test-10479] Steps 339920 (1848576[5.6]) @ 1123.1 SPS (1051.6). norm_m 1838.59 norm_p 0.28 total_loss_m 0.043562 total_loss_p 1.098603 fea_loss 0.004324 done_loss 0.000324
[36m(ActorLearner pid=733242)[0m [1;34m[dynamic-enduro-v5-test-10479] Steps 340192 @ 665.4 SPS (692.1). (T_q: 6.93) Eps 96. [0mRet [1;31m0.000000[0m (0.000000/0.000000). Loss -0.00 pg_loss 0.00 entropy_loss -0.62 reg_loss 0.00 total_norm 0.00 mean_abs_v 0.07 last_lr: 2.9898e-04
[36m(ModelLearner pid=733241)[0m [dynamic-enduro-v5-test-10479] Steps 340944 (1854720[5.6]) @ 1123.0 SPS (1052.0). norm_m 1872.29 norm_p 0.24 total_loss_m 0.057043 total_loss_p 1.098575 fea_loss 0.005644 done_loss 0.000603
[36m(ModelLearner pid=733241)[0m [dynamic-enduro-v5-test-10479] Steps 341968 (1860864[5.6]) @ 1117.4 SPS (1051.8). norm_m 978.76 norm_p 0.36 total_loss_m 0.026853 total_loss_p 1.098571 fea_loss 0.002636 done_loss 0.000497
[36m(ActorLearner pid=733242)[0m [1;34m[dynamic-enduro-v5-test-10479] Steps 342016 @ 664.1 SPS (691.9). (T_q: 6.46) Eps 96. [0mRet [1;31m0.000000[0m (0.000000/0.000000). Loss -0.00 pg_loss 0.00 entropy_loss -0.62 reg_loss 0.00 total_norm 0.00 mean_abs_v 0.06 last_lr: 2.9897e-04
[36m(ModelLearner pid=733241)[0m [dynamic-enduro-v5-test-10479] Steps 342864 (1866240[5.6]) @ 1114.8 SPS (1051.8). norm_m 1539.87 norm_p 0.26 total_loss_m 0.055121 total_loss_p 1.098579 fea_loss 0.005463 done_loss 0.000491
[36m(ActorLearner pid=733242)[0m [1;34m[dynamic-enduro-v5-test-10479] Steps 343776 @ 664.6 SPS (691.8). (T_q: 6.51) Eps 96. [0mRet [1;31m0.000000[0m (0.000000/0.000000). Loss -0.00 pg_loss 0.00 entropy_loss -0.60 reg_loss 0.00 total_norm 0.00 mean_abs_v 0.07 last_lr: 2.9897e-04
[36m(ModelLearner pid=733241)[0m [dynamic-enduro-v5-test-10479] Steps 343888 (1872384[5.6]) @ 1114.7 SPS (1052.0). norm_m 2404.85 norm_p 0.31 total_loss_m 0.053711 total_loss_p 1.098533 fea_loss 0.005347 done_loss 0.000241
[36m(ModelLearner pid=733241)[0m [dynamic-enduro-v5-test-10479] Steps 344912 (1878528[5.6]) @ 1120.4 SPS (1052.3). norm_m 669.00 norm_p 0.26 total_loss_m 0.034715 total_loss_p 1.098553 fea_loss 0.003380 done_loss 0.000914
[36m(ActorLearner pid=733242)[0m [1;34m[dynamic-enduro-v5-test-10479] Steps 345552 @ 664.3 SPS (691.7). (T_q: 6.56) Eps 96. [0mRet [1;31m0.000000[0m (0.000000/0.000000). Loss -0.00 pg_loss 0.00 entropy_loss -0.61 reg_loss 0.00 total_norm 0.00 mean_abs_v 0.07 last_lr: 2.9896e-04
[36m(ModelLearner pid=733241)[0m [dynamic-enduro-v5-test-10479] Steps 345920 (1884672[5.6]) @ 1122.8 SPS (1052.6). norm_m 833.34 norm_p 0.21 total_loss_m 0.029040 total_loss_p 1.098579 fea_loss 0.002850 done_loss 0.000540
[36m(ModelLearner pid=733241)[0m [dynamic-enduro-v5-test-10479] Steps 346960 (1890816[5.6]) @ 1124.4 SPS (1052.8). norm_m 420.56 norm_p 0.21 total_loss_m 0.023420 total_loss_p 1.098583 fea_loss 0.002310 done_loss 0.000325
[36m(ActorLearner pid=733242)[0m [1;34m[dynamic-enduro-v5-test-10479] Steps 347280 @ 664.7 SPS (691.7). (T_q: 6.48) Eps 96. [0mRet [1;31m0.000000[0m (0.000000/0.000000). Loss -0.00 pg_loss 0.00 entropy_loss -0.58 reg_loss 0.00 total_norm 0.00 mean_abs_v 0.07 last_lr: 2.9896e-04
[36m(ModelLearner pid=733241)[0m [dynamic-enduro-v5-test-10479] Steps 347968 (1896960[5.6]) @ 1125.6 SPS (1053.1). norm_m 580.83 norm_p 0.26 total_loss_m 0.026824 total_loss_p 1.098576 fea_loss 0.002624 done_loss 0.000586
[36m(ModelLearner pid=733241)[0m [dynamic-enduro-v5-test-10479] Steps 348992 (1903104[5.6]) @ 1119.4 SPS (1052.7). norm_m 1511.34 norm_p 0.22 total_loss_m 0.022733 total_loss_p 1.098556 fea_loss 0.002234 done_loss 0.000398
[36m(ActorLearner pid=733242)[0m [1;34m[dynamic-enduro-v5-test-10479] Steps 349088 @ 664.5 SPS (691.5). (T_q: 6.68) Eps 96. [0mRet [1;31m0.000000[0m (0.000000/0.000000). Loss -0.00 pg_loss 0.00 entropy_loss -0.59 reg_loss 0.00 total_norm 0.00 mean_abs_v 0.07 last_lr: 2.9895e-04
[36m(ModelLearner pid=733241)[0m [dynamic-enduro-v5-test-10479] Steps 350016 (1909248[5.6]) @ 1118.9 SPS (1052.9). norm_m 656.61 norm_p 0.21 total_loss_m 0.038573 total_loss_p 1.095719 fea_loss 0.002838 done_loss 0.010197
[36m(ActorLearner pid=733242)[0m [1;34m[dynamic-enduro-v5-test-10479] Steps 350864 @ 665.2 SPS (691.4). (T_q: 6.87) Eps 96. [0mRet [1;31m0.000000[0m (0.000000/0.000000). Loss -0.00 pg_loss 0.00 entropy_loss -0.61 reg_loss 0.00 total_norm 0.00 mean_abs_v 0.08 last_lr: 2.9895e-04
[36m(ModelLearner pid=733241)[0m [dynamic-enduro-v5-test-10479] Steps 351040 (1915392[5.6]) @ 1118.8 SPS (1053.2). norm_m 923.40 norm_p 0.20 total_loss_m 0.021081 total_loss_p 1.098567 fea_loss 0.002025 done_loss 0.000828
[36m(ActorLearner pid=733242)[0m [1;34m[dynamic-enduro-v5-test-10479] Steps 351840 @ 664.4 SPS (691.2). (T_q: 3.59) Eps 96. [0mRet [1;31m0.000000[0m (0.000000/0.000000). Loss -0.00 pg_loss 0.00 entropy_loss -0.65 reg_loss 0.00 total_norm 0.00 mean_abs_v 0.08 last_lr: 2.9894e-04
[36m(ModelLearner pid=733241)[0m [dynamic-enduro-v5-test-10479] Steps 352064 (1921536[5.6]) @ 1126.7 SPS (1053.6). norm_m 562.96 norm_p 0.20 total_loss_m 0.059117 total_loss_p 1.091418 fea_loss 0.002138 done_loss 0.037740
[36m(ModelLearner pid=733241)[0m [dynamic-enduro-v5-test-10479] Steps 353088 (1927680[5.6]) @ 1127.4 SPS (1053.9). norm_m 1219.81 norm_p 0.24 total_loss_m 0.027324 total_loss_p 1.098561 fea_loss 0.002533 done_loss 0.001991
[36m(ActorLearner pid=733242)[0m [1;34m[dynamic-enduro-v5-test-10479] Steps 353696 @ 663.8 SPS (691.1). (T_q: 6.41) Eps 96. [0mRet [1;31m0.000000[0m (0.000000/0.000000). Loss -0.00 pg_loss 0.00 entropy_loss -0.64 reg_loss 0.00 total_norm 0.00 mean_abs_v 0.08 last_lr: 2.9894e-04
[36m(ModelLearner pid=733241)[0m [dynamic-enduro-v5-test-10479] Steps 354096 (1933824[5.6]) @ 1127.9 SPS (1054.3). norm_m 585.67 norm_p 0.20 total_loss_m 0.057503 total_loss_p 1.098544 fea_loss 0.005685 done_loss 0.000654
[36m(ActorLearner pid=733242)[0m [1;34m[dynamic-enduro-v5-test-10479] Steps 354608 @ 663.2 SPS (690.9). (T_q: 3.41) Eps 96. [0mRet [1;31m0.000000[0m (0.000000/0.000000). Loss -0.00 pg_loss 0.00 entropy_loss -0.62 reg_loss 0.00 total_norm 0.00 mean_abs_v 0.08 last_lr: 2.9894e-04
[36m(ModelLearner pid=733241)[0m [dynamic-enduro-v5-test-10479] Steps 355120 (1939968[5.6]) @ 1129.6 SPS (1054.6). norm_m 366.63 norm_p 0.20 total_loss_m 0.033898 total_loss_p 1.098543 fea_loss 0.003351 done_loss 0.000385
[36m(ModelLearner pid=733241)[0m [dynamic-enduro-v5-test-10479] Steps 356272 (1946880[5.6]) @ 1131.8 SPS (1055.2). norm_m 340.07 norm_p 0.17 total_loss_m 0.031561 total_loss_p 1.098572 fea_loss 0.003115 done_loss 0.000412
[36m(ActorLearner pid=733242)[0m [1;34m[dynamic-enduro-v5-test-10479] Steps 356464 @ 664.0 SPS (691.0). (T_q: 6.11) Eps 96. [0mRet [1;31m0.000000[0m (0.000000/0.000000). Loss -0.00 pg_loss 0.00 entropy_loss -0.66 reg_loss 0.00 total_norm 0.00 mean_abs_v 0.08 last_lr: 2.9893e-04
[36m(ModelLearner pid=733241)[0m [dynamic-enduro-v5-test-10479] Steps 357312 (1953024[5.6]) @ 1131.4 SPS (1055.6). norm_m 524.23 norm_p 0.13 total_loss_m 0.021476 total_loss_p 1.098595 fea_loss 0.002130 done_loss 0.000176
[36m(ActorLearner pid=733242)[0m [1;34m[dynamic-enduro-v5-test-10479] Steps 357472 @ 663.9 SPS (690.8). (T_q: 3.59) Eps 96. [0mRet [1;31m0.000000[0m (0.000000/0.000000). Loss -0.00 pg_loss 0.00 entropy_loss -0.68 reg_loss 0.00 total_norm 0.00 mean_abs_v 0.08 last_lr: 2.9893e-04
[36m(ModelLearner pid=733241)[0m [dynamic-enduro-v5-test-10479] Steps 358336 (1959168[5.6]) @ 1121.9 SPS (1055.2). norm_m 826.96 norm_p 0.27 total_loss_m 0.025266 total_loss_p 1.098591 fea_loss 0.002493 done_loss 0.000336
[36m(ActorLearner pid=733242)[0m [1;34m[dynamic-enduro-v5-test-10479] Steps 359312 @ 664.6 SPS (690.7). (T_q: 6.46) Eps 96. [0mRet [1;31m0.000000[0m (0.000000/0.000000). Loss -0.00 pg_loss 0.00 entropy_loss -0.63 reg_loss 0.00 total_norm 0.00 mean_abs_v 0.08 last_lr: 2.9892e-04
[36m(ModelLearner pid=733241)[0m [dynamic-enduro-v5-test-10479] Steps 359344 (1965312[5.6]) @ 1120.8 SPS (1055.5). norm_m 324.63 norm_p 0.18 total_loss_m 0.016428 total_loss_p 1.098587 fea_loss 0.001626 done_loss 0.000167
[36m(ModelLearner pid=733241)[0m [dynamic-enduro-v5-test-10479] Steps 360384 (1971456[5.6]) @ 1119.3 SPS (1055.8). norm_m 513.14 norm_p 0.16 total_loss_m 0.016208 total_loss_p 1.098591 fea_loss 0.001614 done_loss 0.000067
[36m(ActorLearner pid=733242)[0m [1;34m[dynamic-enduro-v5-test-10479] Steps 361136 @ 664.9 SPS (690.5). (T_q: 6.58) Eps 96. [0mRet [1;31m0.000000[0m (0.000000/0.000000). Loss -0.00 pg_loss 0.00 entropy_loss -0.64 reg_loss 0.00 total_norm 0.00 mean_abs_v 0.07 last_lr: 2.9892e-04
[36m(ModelLearner pid=733241)[0m [dynamic-enduro-v5-test-10479] Steps 361392 (1977600[5.6]) @ 1120.4 SPS (1056.2). norm_m 561.00 norm_p 0.28 total_loss_m 0.025558 total_loss_p 1.098598 fea_loss 0.002517 done_loss 0.000385
[36m(ActorLearner pid=733242)[0m [1;34m[dynamic-enduro-v5-test-10479] Steps 362096 @ 664.6 SPS (690.3). (T_q: 3.63) Eps 96. [0mRet [1;31m0.000000[0m (0.000000/0.000000). Loss -0.00 pg_loss 0.00 entropy_loss -0.64 reg_loss 0.00 total_norm 0.00 mean_abs_v 0.07 last_lr: 2.9891e-04
[36m(ModelLearner pid=733241)[0m [dynamic-enduro-v5-test-10479] Steps 362416 (1983744[5.6]) @ 1125.8 SPS (1056.4). norm_m 320.85 norm_p 0.14 total_loss_m 0.043341 total_loss_p 1.098566 fea_loss 0.004318 done_loss 0.000165
[36m(ModelLearner pid=733241)[0m [dynamic-enduro-v5-test-10479] Steps 363440 (1989888[5.6]) @ 1126.9 SPS (1056.7). norm_m 598.95 norm_p 0.18 total_loss_m 0.017272 total_loss_p 1.098571 fea_loss 0.001716 done_loss 0.000112
[36m(ActorLearner pid=733242)[0m [1;34m[dynamic-enduro-v5-test-10479] Steps 363936 @ 664.5 SPS (690.2). (T_q: 6.53) Eps 96. [0mRet [1;31m0.000000[0m (0.000000/0.000000). Loss -0.00 pg_loss 0.00 entropy_loss -0.63 reg_loss 0.00 total_norm 0.00 mean_abs_v 0.07 last_lr: 2.9891e-04
[36m(ModelLearner pid=733241)[0m [dynamic-enduro-v5-test-10479] Steps 364464 (1996032[5.6]) @ 1126.8 SPS (1057.0). norm_m 964.18 norm_p 0.14 total_loss_m 0.020392 total_loss_p 1.098585 fea_loss 0.002002 done_loss 0.000370
[36m(ModelLearner pid=733241)[0m [dynamic-enduro-v5-test-10479] Steps 365488 (2002176[5.6]) @ 1127.4 SPS (1057.3). norm_m 248.95 norm_p 0.29 total_loss_m 0.046003 total_loss_p 1.098586 fea_loss 0.004561 done_loss 0.000394
[36m(ActorLearner pid=733242)[0m [1;34m[dynamic-enduro-v5-test-10479] Steps 365760 @ 663.8 SPS (690.0). (T_q: 6.79) Eps 96. [0mRet [1;31m0.000000[0m (0.000000/0.000000). Loss -0.00 pg_loss 0.00 entropy_loss -0.64 reg_loss 0.00 total_norm 0.00 mean_abs_v 0.06 last_lr: 2.9890e-04
[36m(ModelLearner pid=733241)[0m [dynamic-enduro-v5-test-10479] Steps 366512 (2008320[5.6]) @ 1123.8 SPS (1057.0). norm_m 481.64 norm_p 0.22 total_loss_m 0.017239 total_loss_p 1.098568 fea_loss 0.001684 done_loss 0.000395
[36m(ModelLearner pid=733241)[0m [dynamic-enduro-v5-test-10479] Steps 367408 (2013696[5.6]) @ 1121.6 SPS (1056.9). norm_m 248.40 norm_p 0.13 total_loss_m 0.018891 total_loss_p 1.098590 fea_loss 0.001849 done_loss 0.000404
[36m(ActorLearner pid=733242)[0m [1;34m[dynamic-enduro-v5-test-10479] Steps 367440 @ 664.6 SPS (690.0). (T_q: 6.32) Eps 96. [0mRet [1;31m0.000000[0m (0.000000/0.000000). Loss -0.00 pg_loss 0.00 entropy_loss -0.56 reg_loss 0.00 total_norm 0.00 mean_abs_v 0.06 last_lr: 2.9890e-04
[36m(ModelLearner pid=733241)[0m [dynamic-enduro-v5-test-10479] Steps 368432 (2019840[5.6]) @ 1128.2 SPS (1057.2). norm_m 444.64 norm_p 0.19 total_loss_m 0.018681 total_loss_p 1.098576 fea_loss 0.001855 done_loss 0.000136
[36m(ActorLearner pid=733242)[0m [1;34m[dynamic-enduro-v5-test-10479] Steps 369248 @ 664.2 SPS (689.9). (T_q: 6.61) Eps 96. [0mRet [1;31m0.000000[0m (0.000000/0.000000). Loss -0.00 pg_loss 0.00 entropy_loss -0.60 reg_loss 0.00 total_norm 0.00 mean_abs_v 0.06 last_lr: 2.9889e-04
[36m(ModelLearner pid=733241)[0m [dynamic-enduro-v5-test-10479] Steps 369456 (2025984[5.6]) @ 1128.5 SPS (1057.5). norm_m 616.55 norm_p 0.19 total_loss_m 0.020922 total_loss_p 1.098569 fea_loss 0.002065 done_loss 0.000271
[36m(ModelLearner pid=733241)[0m [dynamic-enduro-v5-test-10479] Steps 370480 (2032128[5.6]) @ 1127.8 SPS (1057.7). norm_m 1486.90 norm_p 0.11 total_loss_m 0.032590 total_loss_p 1.098581 fea_loss 0.003192 done_loss 0.000672
[36m(ActorLearner pid=733242)[0m [1;34m[dynamic-enduro-v5-test-10479] Steps 371040 @ 663.2 SPS (689.7). (T_q: 6.64) Eps 96. [0mRet [1;31m0.000000[0m (0.000000/0.000000). Loss -0.00 pg_loss 0.00 entropy_loss -0.59 reg_loss 0.00 total_norm 0.00 mean_abs_v 0.06 last_lr: 2.9889e-04
[36m(ModelLearner pid=733241)[0m [dynamic-enduro-v5-test-10479] Steps 371504 (2038272[5.6]) @ 1128.1 SPS (1057.9). norm_m 318.46 norm_p 0.22 total_loss_m 0.046116 total_loss_p 1.098591 fea_loss 0.004504 done_loss 0.001078
[36m(SelfPlayWorker pid=733238)[0m [DEBUG] Episode termination detected:
[36m(SelfPlayWorker pid=733238)[0m   - done: tensor([False, False, False, False, False,  True, False, False, False, False,
[36m(SelfPlayWorker pid=733238)[0m         False, False, False, False, False, False], device='cuda:0')
[36m(SelfPlayWorker pid=733238)[0m   - truncated_done: tensor([False, False, False, False, False, False, False, False, False, False,
[36m(SelfPlayWorker pid=733238)[0m         False, False, False, False, False, False], device='cuda:0')
[36m(SelfPlayWorker pid=733238)[0m   - real_done: tensor([False, False, False, False, False,  True, False, False, False, False,
[36m(SelfPlayWorker pid=733238)[0m         False, False, False, False, False, False], device='cuda:0')
[36m(SelfPlayWorker pid=733238)[0m   - step_status: tensor([0, 0, 0, 0, 0, 0, 0, 0, 0, 0, 0, 0, 0, 0, 0, 0], device='cuda:0')
[36m(SelfPlayWorker pid=733238)[0m   - counter: 83267
[36m(SelfPlayWorker pid=733238)[0m [DEBUG] Episode termination detected:
[36m(SelfPlayWorker pid=733238)[0m   - done: tensor([ True, False, False, False,  True, False, False, False, False, False,
[36m(SelfPlayWorker pid=733238)[0m         False, False, False, False, False, False], device='cuda:0')
[36m(SelfPlayWorker pid=733238)[0m   - truncated_done: tensor([False, False, False, False, False, False, False, False, False, False,
[36m(SelfPlayWorker pid=733238)[0m         False, False, False, False, False, False], device='cuda:0')
[36m(SelfPlayWorker pid=733238)[0m   - real_done: tensor([ True, False, False, False,  True, False, False, False, False, False,
[36m(SelfPlayWorker pid=733238)[0m         False, False, False, False, False, False], device='cuda:0')
[36m(SelfPlayWorker pid=733238)[0m   - step_status: tensor([0, 0, 0, 0, 0, 0, 0, 0, 0, 0, 0, 0, 0, 0, 0, 0], device='cuda:0')
[36m(SelfPlayWorker pid=733238)[0m   - counter: 83276
[36m(SelfPlayWorker pid=733238)[0m [DEBUG] Episode termination detected:
[36m(SelfPlayWorker pid=733238)[0m   - done: tensor([False, False, False, False, False, False, False,  True, False, False,
[36m(SelfPlayWorker pid=733238)[0m         False,  True, False,  True, False, False], device='cuda:0')
[36m(SelfPlayWorker pid=733238)[0m   - truncated_done: tensor([False, False, False, False, False, False, False, False, False, False,
[36m(SelfPlayWorker pid=733238)[0m         False, False, False, False, False, False], device='cuda:0')
[36m(SelfPlayWorker pid=733238)[0m   - real_done: tensor([False, False, False, False, False, False, False,  True, False, False,
[36m(SelfPlayWorker pid=733238)[0m         False,  True, False,  True, False, False], device='cuda:0')
[36m(SelfPlayWorker pid=733238)[0m   - step_status: tensor([0, 0, 0, 0, 0, 0, 0, 0, 0, 0, 0, 0, 0, 0, 0, 0], device='cuda:0')
[36m(SelfPlayWorker pid=733238)[0m   - counter: 83301
[36m(SelfPlayWorker pid=733238)[0m [DEBUG] Episode termination detected:
[36m(SelfPlayWorker pid=733238)[0m   - done: tensor([False, False, False, False, False, False, False, False, False,  True,
[36m(SelfPlayWorker pid=733238)[0m         False, False, False, False, False, False], device='cuda:0')
[36m(SelfPlayWorker pid=733238)[0m   - truncated_done: tensor([False, False, False, False, False, False, False, False, False, False,
[36m(SelfPlayWorker pid=733238)[0m         False, False, False, False, False, False], device='cuda:0')
[36m(SelfPlayWorker pid=733238)[0m   - real_done: tensor([False, False, False, False, False, False, False, False, False,  True,
[36m(SelfPlayWorker pid=733238)[0m         False, False, False, False, False, False], device='cuda:0')
[36m(SelfPlayWorker pid=733238)[0m   - step_status: tensor([0, 0, 0, 0, 0, 0, 0, 0, 0, 0, 0, 0, 0, 0, 0, 0], device='cuda:0')
[36m(SelfPlayWorker pid=733238)[0m   - counter: 83305
[36m(SelfPlayWorker pid=733238)[0m [DEBUG] Episode termination detected:
[36m(SelfPlayWorker pid=733238)[0m   - done: tensor([False, False, False, False, False, False, False, False, False, False,
[36m(SelfPlayWorker pid=733238)[0m         False, False, False, False,  True, False], device='cuda:0')
[36m(SelfPlayWorker pid=733238)[0m   - truncated_done: tensor([False, False, False, False, False, False, False, False, False, False,
[36m(SelfPlayWorker pid=733238)[0m         False, False, False, False, False, False], device='cuda:0')
[36m(SelfPlayWorker pid=733238)[0m   - real_done: tensor([False, False, False, False, False, False, False, False, False, False,
[36m(SelfPlayWorker pid=733238)[0m         False, False, False, False,  True, False], device='cuda:0')
[36m(SelfPlayWorker pid=733238)[0m   - step_status: tensor([0, 0, 0, 0, 0, 0, 0, 0, 0, 0, 0, 0, 0, 0, 0, 0], device='cuda:0')
[36m(SelfPlayWorker pid=733238)[0m   - counter: 83308
[36m(SelfPlayWorker pid=733238)[0m [DEBUG] Episode termination detected:
[36m(SelfPlayWorker pid=733238)[0m   - done: tensor([False, False, False,  True, False, False, False, False, False, False,
[36m(SelfPlayWorker pid=733238)[0m         False, False, False, False, False, False], device='cuda:0')
[36m(SelfPlayWorker pid=733238)[0m   - truncated_done: tensor([False, False, False, False, False, False, False, False, False, False,
[36m(SelfPlayWorker pid=733238)[0m         False, False, False, False, False, False], device='cuda:0')
[36m(SelfPlayWorker pid=733238)[0m   - real_done: tensor([False, False, False,  True, False, False, False, False, False, False,
[36m(SelfPlayWorker pid=733238)[0m         False, False, False, False, False, False], device='cuda:0')
[36m(SelfPlayWorker pid=733238)[0m   - step_status: tensor([0, 0, 0, 0, 0, 0, 0, 0, 0, 0, 0, 0, 0, 0, 0, 0], device='cuda:0')
[36m(SelfPlayWorker pid=733238)[0m   - counter: 83313
[36m(SelfPlayWorker pid=733238)[0m [DEBUG] Episode termination detected:
[36m(SelfPlayWorker pid=733238)[0m   - done: tensor([False, False, False, False, False, False, False, False, False, False,
[36m(SelfPlayWorker pid=733238)[0m         False, False, False, False, False,  True], device='cuda:0')
[36m(SelfPlayWorker pid=733238)[0m   - truncated_done: tensor([False, False, False, False, False, False, False, False, False, False,
[36m(SelfPlayWorker pid=733238)[0m         False, False, False, False, False, False], device='cuda:0')
[36m(SelfPlayWorker pid=733238)[0m   - real_done: tensor([False, False, False, False, False, False, False, False, False, False,
[36m(SelfPlayWorker pid=733238)[0m         False, False, False, False, False,  True], device='cuda:0')
[36m(SelfPlayWorker pid=733238)[0m   - step_status: tensor([0, 0, 0, 0, 0, 0, 0, 0, 0, 0, 0, 0, 0, 0, 0, 0], device='cuda:0')
[36m(SelfPlayWorker pid=733238)[0m   - counter: 83316
[36m(SelfPlayWorker pid=733238)[0m [DEBUG] Episode termination detected:
[36m(SelfPlayWorker pid=733238)[0m   - done: tensor([False, False,  True, False, False, False, False, False, False, False,
[36m(SelfPlayWorker pid=733238)[0m          True, False, False, False, False, False], device='cuda:0')
[36m(SelfPlayWorker pid=733238)[0m   - truncated_done: tensor([False, False, False, False, False, False, False, False, False, False,
[36m(SelfPlayWorker pid=733238)[0m         False, False, False, False, False, False], device='cuda:0')
[36m(SelfPlayWorker pid=733238)[0m   - real_done: tensor([False, False,  True, False, False, False, False, False, False, False,
[36m(SelfPlayWorker pid=733238)[0m          True, False, False, False, False, False], device='cuda:0')
[36m(SelfPlayWorker pid=733238)[0m   - step_status: tensor([0, 0, 0, 0, 0, 0, 0, 0, 0, 0, 0, 0, 0, 0, 0, 0], device='cuda:0')
[36m(SelfPlayWorker pid=733238)[0m   - counter: 83319
[36m(SelfPlayWorker pid=733238)[0m [DEBUG] Episode termination detected:
[36m(SelfPlayWorker pid=733238)[0m   - done: tensor([False, False, False, False, False, False,  True, False, False, False,
[36m(SelfPlayWorker pid=733238)[0m         False, False, False, False, False, False], device='cuda:0')
[36m(SelfPlayWorker pid=733238)[0m   - truncated_done: tensor([False, False, False, False, False, False, False, False, False, False,
[36m(SelfPlayWorker pid=733238)[0m         False, False, False, False, False, False], device='cuda:0')
[36m(SelfPlayWorker pid=733238)[0m   - real_done: tensor([False, False, False, False, False, False,  True, False, False, False,
[36m(SelfPlayWorker pid=733238)[0m         False, False, False, False, False, False], device='cuda:0')
[36m(SelfPlayWorker pid=733238)[0m   - step_status: tensor([0, 0, 0, 0, 0, 0, 0, 0, 0, 0, 0, 0, 0, 0, 0, 0], device='cuda:0')
[36m(SelfPlayWorker pid=733238)[0m   - counter: 83322
[36m(SelfPlayWorker pid=733238)[0m [DEBUG] Episode termination detected:
[36m(SelfPlayWorker pid=733238)[0m   - done: tensor([False, False, False, False, False, False, False, False, False, False,
[36m(SelfPlayWorker pid=733238)[0m         False, False,  True, False, False, False], device='cuda:0')
[36m(SelfPlayWorker pid=733238)[0m   - truncated_done: tensor([False, False, False, False, False, False, False, False, False, False,
[36m(SelfPlayWorker pid=733238)[0m         False, False, False, False, False, False], device='cuda:0')
[36m(SelfPlayWorker pid=733238)[0m   - real_done: tensor([False, False, False, False, False, False, False, False, False, False,
[36m(SelfPlayWorker pid=733238)[0m         False, False,  True, False, False, False], device='cuda:0')
[36m(SelfPlayWorker pid=733238)[0m   - step_status: tensor([0, 0, 0, 0, 0, 0, 0, 0, 0, 0, 0, 0, 0, 0, 0, 0], device='cuda:0')
[36m(SelfPlayWorker pid=733238)[0m   - counter: 83327
[36m(SelfPlayWorker pid=733238)[0m [DEBUG] Episode termination detected:
[36m(SelfPlayWorker pid=733238)[0m   - done: tensor([False, False, False, False, False, False, False, False,  True, False,
[36m(SelfPlayWorker pid=733238)[0m         False, False, False, False, False, False], device='cuda:0')
[36m(SelfPlayWorker pid=733238)[0m   - truncated_done: tensor([False, False, False, False, False, False, False, False, False, False,
[36m(SelfPlayWorker pid=733238)[0m         False, False, False, False, False, False], device='cuda:0')
[36m(SelfPlayWorker pid=733238)[0m   - real_done: tensor([False, False, False, False, False, False, False, False,  True, False,
[36m(SelfPlayWorker pid=733238)[0m         False, False, False, False, False, False], device='cuda:0')
[36m(SelfPlayWorker pid=733238)[0m   - step_status: tensor([0, 0, 0, 0, 0, 0, 0, 0, 0, 0, 0, 0, 0, 0, 0, 0], device='cuda:0')
[36m(SelfPlayWorker pid=733238)[0m   - counter: 83342
[36m(SelfPlayWorker pid=733238)[0m [DEBUG] Episode termination detected:
[36m(SelfPlayWorker pid=733238)[0m   - done: tensor([False,  True, False, False, False, False, False, False, False, False,
[36m(SelfPlayWorker pid=733238)[0m         False, False, False, False, False, False], device='cuda:0')
[36m(SelfPlayWorker pid=733238)[0m   - truncated_done: tensor([False, False, False, False, False, False, False, False, False, False,
[36m(SelfPlayWorker pid=733238)[0m         False, False, False, False, False, False], device='cuda:0')
[36m(SelfPlayWorker pid=733238)[0m   - real_done: tensor([False,  True, False, False, False, False, False, False, False, False,
[36m(SelfPlayWorker pid=733238)[0m         False, False, False, False, False, False], device='cuda:0')
[36m(SelfPlayWorker pid=733238)[0m   - step_status: tensor([0, 0, 0, 0, 0, 0, 0, 0, 0, 0, 0, 0, 0, 0, 0, 0], device='cuda:0')
[36m(SelfPlayWorker pid=733238)[0m   - counter: 83345
[36m(ModelLearner pid=733241)[0m [dynamic-enduro-v5-test-10479] Steps 372400 (2043648[5.6]) @ 1125.3 SPS (1058.0). norm_m 517.45 norm_p 0.23 total_loss_m 0.025908 total_loss_p 1.098580 fea_loss 0.002536 done_loss 0.000550
[36m(ActorLearner pid=733242)[0m [DEBUG] Episode counter increased:
[36m(ActorLearner pid=733242)[0m   - real_done_count: 16
[36m(ActorLearner pid=733242)[0m   - tot_eps: 112
[36m(ActorLearner pid=733242)[0m   - train_actor_out.real_done: tensor([[False, False, False,  ..., False, False, False],
[36m(ActorLearner pid=733242)[0m         [False, False, False,  ..., False, False, False],
[36m(ActorLearner pid=733242)[0m         [False, False, False,  ..., False, False, False],
[36m(ActorLearner pid=733242)[0m         ...,
[36m(ActorLearner pid=733242)[0m         [False, False, False,  ..., False, False, False],
[36m(ActorLearner pid=733242)[0m         [False, False, False,  ..., False, False, False],
[36m(ActorLearner pid=733242)[0m         [False, False, False,  ..., False, False, False]], device='cuda:0')
[36m(ActorLearner pid=733242)[0m   - train_actor_out.done: tensor([[False, False, False,  ..., False, False, False],
[36m(ActorLearner pid=733242)[0m         [False, False, False,  ..., False, False, False],
[36m(ActorLearner pid=733242)[0m         [False, False, False,  ..., False, False, False],
[36m(ActorLearner pid=733242)[0m         ...,
[36m(ActorLearner pid=733242)[0m         [False, False, False,  ..., False, False, False],
[36m(ActorLearner pid=733242)[0m         [False, False, False,  ..., False, False, False],
[36m(ActorLearner pid=733242)[0m         [False, False, False,  ..., False, False, False]], device='cuda:0')
[36m(ActorLearner pid=733242)[0m   - train_actor_out.truncated_done: tensor([[False, False, False,  ..., False, False, False],
[36m(ActorLearner pid=733242)[0m         [False, False, False,  ..., False, False, False],
[36m(ActorLearner pid=733242)[0m         [False, False, False,  ..., False, False, False],
[36m(ActorLearner pid=733242)[0m         ...,
[36m(ActorLearner pid=733242)[0m         [False, False, False,  ..., False, False, False],
[36m(ActorLearner pid=733242)[0m         [False, False, False,  ..., False, False, False],
[36m(ActorLearner pid=733242)[0m         [False, False, False,  ..., False, False, False]], device='cuda:0')
[36m(ActorLearner pid=733242)[0m [1;34m[dynamic-enduro-v5-test-10479] Steps 372800 @ 662.9 SPS (689.5). (T_q: 6.71) Eps 112. [0mRet [1;31m0.000000[0m (0.000000/0.000000). Loss -0.00 pg_loss 0.00 entropy_loss -0.59 reg_loss 0.00 total_norm 0.00 mean_abs_v 0.07 last_lr: 2.9888e-04
[36m(ModelLearner pid=733241)[0m [dynamic-enduro-v5-test-10479] Steps 373424 (2049792[5.6]) @ 1124.3 SPS (1058.2). norm_m 265.41 norm_p 0.17 total_loss_m 0.041607 total_loss_p 1.098592 fea_loss 0.004098 done_loss 0.000629
[36m(ModelLearner pid=733241)[0m [dynamic-enduro-v5-test-10479] Steps 374432 (2055936[5.6]) @ 1124.8 SPS (1058.5). norm_m 624.63 norm_p 0.18 total_loss_m 0.024524 total_loss_p 1.098582 fea_loss 0.002374 done_loss 0.000783
[36m(ActorLearner pid=733242)[0m [1;34m[dynamic-enduro-v5-test-10479] Steps 374656 @ 663.0 SPS (689.4). (T_q: 6.52) Eps 112. [0mRet [1;31m0.000000[0m (0.000000/0.000000). Loss -0.00 pg_loss 0.00 entropy_loss -0.64 reg_loss 0.00 total_norm 0.00 mean_abs_v 0.07 last_lr: 2.9888e-04
[36m(ModelLearner pid=733241)[0m [dynamic-enduro-v5-test-10479] Steps 375456 (2062080[5.6]) @ 1118.4 SPS (1058.2). norm_m 171.65 norm_p 0.15 total_loss_m 0.036846 total_loss_p 1.094283 fea_loss 0.001863 done_loss 0.018220
[36m(ActorLearner pid=733242)[0m [1;34m[dynamic-enduro-v5-test-10479] Steps 376480 @ 662.8 SPS (689.2). (T_q: 6.73) Eps 112. [0mRet [1;31m0.000000[0m (0.000000/0.000000). Loss -0.00 pg_loss 0.00 entropy_loss -0.62 reg_loss 0.00 total_norm 0.00 mean_abs_v 0.08 last_lr: 2.9887e-04
[36m(ModelLearner pid=733241)[0m [dynamic-enduro-v5-test-10479] Steps 376480 (2068224[5.6]) @ 1117.6 SPS (1058.4). norm_m 203.02 norm_p 0.16 total_loss_m 0.020260 total_loss_p 1.098560 fea_loss 0.001911 done_loss 0.001152
[36m(ModelLearner pid=733241)[0m [dynamic-enduro-v5-test-10479] Steps 377504 (2074368[5.6]) @ 1123.7 SPS (1058.7). norm_m 922.68 norm_p 0.18 total_loss_m 0.082637 total_loss_p 1.098601 fea_loss 0.008203 done_loss 0.000608
[36m(ActorLearner pid=733242)[0m [1;34m[dynamic-enduro-v5-test-10479] Steps 378288 @ 663.8 SPS (689.1). (T_q: 6.42) Eps 112. [0mRet [1;31m0.000000[0m (0.000000/0.000000). Loss -0.00 pg_loss 0.00 entropy_loss -0.61 reg_loss 0.00 total_norm 0.00 mean_abs_v 0.08 last_lr: 2.9887e-04
[36m(ModelLearner pid=733241)[0m [dynamic-enduro-v5-test-10479] Steps 378528 (2080512[5.6]) @ 1126.7 SPS (1059.0). norm_m 344.02 norm_p 0.33 total_loss_m 0.022642 total_loss_p 1.098576 fea_loss 0.002193 done_loss 0.000709
[36m(ModelLearner pid=733241)[0m [dynamic-enduro-v5-test-10479] Steps 379552 (2086656[5.6]) @ 1127.9 SPS (1059.4). norm_m 535.30 norm_p 0.19 total_loss_m 0.032527 total_loss_p 1.098557 fea_loss 0.003146 done_loss 0.001072
[36m(ActorLearner pid=733242)[0m [1;34m[dynamic-enduro-v5-test-10479] Steps 380208 @ 664.0 SPS (689.0). (T_q: 6.60) Eps 112. [0mRet [1;31m0.000000[0m (0.000000/0.000000). Loss -0.00 pg_loss 0.00 entropy_loss -0.64 reg_loss 0.00 total_norm 0.00 mean_abs_v 0.08 last_lr: 2.9886e-04
[36m(ModelLearner pid=733241)[0m [dynamic-enduro-v5-test-10479] Steps 380576 (2092800[5.6]) @ 1129.0 SPS (1059.7). norm_m 410.14 norm_p 0.27 total_loss_m 0.045467 total_loss_p 1.091411 fea_loss 0.002091 done_loss 0.024554
[36m(ModelLearner pid=733241)[0m [dynamic-enduro-v5-test-10479] Steps 381584 (2098944[5.6]) @ 1129.9 SPS (1060.0). norm_m 674.55 norm_p 0.18 total_loss_m 0.027776 total_loss_p 1.098558 fea_loss 0.002640 done_loss 0.001377
[36m(ActorLearner pid=733242)[0m [1;34m[dynamic-enduro-v5-test-10479] Steps 382064 @ 661.0 SPS (688.3). (T_q: 6.69) Eps 112. [0mRet [1;31m0.000000[0m (0.000000/0.000000). Loss -0.00 pg_loss 0.00 entropy_loss -0.65 reg_loss 0.00 total_norm 0.00 mean_abs_v 0.08 last_lr: 2.9885e-04
[36m(ModelLearner pid=733241)[0m [dynamic-enduro-v5-test-10479] Steps 382608 (2105088[5.6]) @ 1130.8 SPS (1060.2). norm_m 825.57 norm_p 0.22 total_loss_m 0.050487 total_loss_p 1.092857 fea_loss 0.002541 done_loss 0.025079
[36m(ModelLearner pid=733241)[0m [dynamic-enduro-v5-test-10479] Steps 383632 (2111232[5.7]) @ 1132.4 SPS (1060.6). norm_m 1158.37 norm_p 0.19 total_loss_m 0.062921 total_loss_p 1.098576 fea_loss 0.006250 done_loss 0.000421
[36m(ActorLearner pid=733242)[0m [1;34m[dynamic-enduro-v5-test-10479] Steps 383904 @ 664.2 SPS (688.7). (T_q: 5.40) Eps 112. [0mRet [1;31m0.000000[0m (0.000000/0.000000). Loss -0.00 pg_loss 0.00 entropy_loss -0.62 reg_loss 0.00 total_norm 0.00 mean_abs_v 0.08 last_lr: 2.9885e-04
[36m(ModelLearner pid=733241)[0m Saving model checkpoint to /scratch/jeongmin/dt-10479/p/logs/thinker/dynamic-enduro-v5-test-10479/ckp_model.tar
[36m(ModelLearner pid=733241)[0m [dynamic-enduro-v5-test-10479] Steps 384656 (2117376[5.7]) @ 1132.8 SPS (1060.3). norm_m 421.30 norm_p 0.22 total_loss_m 0.032008 total_loss_p 1.098560 fea_loss 0.003099 done_loss 0.001022
[36m(ActorLearner pid=733242)[0m Saving actor checkpoint to /scratch/jeongmin/dt-10479/p/logs/thinker/dynamic-enduro-v5-test-10479/ckp_actor.tar
[36m(ActorLearner pid=733242)[0m [1;34m[dynamic-enduro-v5-test-10479] Steps 385664 @ 664.6 SPS (688.7). (T_q: 6.38) Eps 112. [0mRet [1;31m0.000000[0m (0.000000/0.000000). Loss -0.00 pg_loss 0.00 entropy_loss -0.61 reg_loss 0.00 total_norm 0.00 mean_abs_v 0.07 last_lr: 2.9884e-04
[36m(ModelLearner pid=733241)[0m [dynamic-enduro-v5-test-10479] Steps 385680 (2123520[5.7]) @ 1132.1 SPS (1060.4). norm_m 1092.21 norm_p 0.16 total_loss_m 0.026036 total_loss_p 1.098577 fea_loss 0.002519 done_loss 0.000845
[36m(ModelLearner pid=733241)[0m [dynamic-enduro-v5-test-10479] Steps 386688 (2129664[5.7]) @ 1131.7 SPS (1060.6). norm_m 741.98 norm_p 0.25 total_loss_m 0.041604 total_loss_p 1.098594 fea_loss 0.003992 done_loss 0.001679
[36m(ActorLearner pid=733242)[0m [1;34m[dynamic-enduro-v5-test-10479] Steps 387424 @ 663.6 SPS (688.6). (T_q: 6.45) Eps 112. [0mRet [1;31m0.000000[0m (0.000000/0.000000). Loss -0.00 pg_loss 0.00 entropy_loss -0.61 reg_loss 0.00 total_norm 0.00 mean_abs_v 0.07 last_lr: 2.9884e-04
[36m(ModelLearner pid=733241)[0m [dynamic-enduro-v5-test-10479] Steps 387712 (2135808[5.7]) @ 1131.2 SPS (1060.9). norm_m 955.19 norm_p 0.19 total_loss_m 0.029876 total_loss_p 1.097154 fea_loss 0.002427 done_loss 0.005605
[36m(ActorLearner pid=733242)[0m [1;34m[dynamic-enduro-v5-test-10479] Steps 388368 @ 663.1 SPS (688.4). (T_q: 3.47) Eps 112. [0mRet [1;31m0.000000[0m (0.000000/0.000000). Loss -0.00 pg_loss 0.00 entropy_loss -0.63 reg_loss 0.00 total_norm 0.00 mean_abs_v 0.07 last_lr: 2.9883e-04
[36m(ModelLearner pid=733241)[0m [dynamic-enduro-v5-test-10479] Steps 388736 (2141952[5.7]) @ 1131.3 SPS (1061.2). norm_m 3114.57 norm_p 0.18 total_loss_m 0.028910 total_loss_p 1.098569 fea_loss 0.002846 done_loss 0.000448
[36m(ModelLearner pid=733241)[0m [dynamic-enduro-v5-test-10479] Steps 389760 (2148096[5.7]) @ 1130.0 SPS (1061.4). norm_m 817.48 norm_p 0.19 total_loss_m 0.022281 total_loss_p 1.098573 fea_loss 0.002191 done_loss 0.000368
[36m(ActorLearner pid=733242)[0m [1;34m[dynamic-enduro-v5-test-10479] Steps 390144 @ 662.9 SPS (688.4). (T_q: 6.23) Eps 112. [0mRet [1;31m0.000000[0m (0.000000/0.000000). Loss -0.00 pg_loss 0.00 entropy_loss -0.60 reg_loss 0.00 total_norm 0.00 mean_abs_v 0.07 last_lr: 2.9883e-04
[36m(ModelLearner pid=733241)[0m [dynamic-enduro-v5-test-10479] Steps 390784 (2154240[5.7]) @ 1130.4 SPS (1061.7). norm_m 1214.61 norm_p 0.14 total_loss_m 0.063470 total_loss_p 1.095720 fea_loss 0.005070 done_loss 0.012773
[36m(ModelLearner pid=733241)[0m [dynamic-enduro-v5-test-10479] Steps 391808 (2160384[5.7]) @ 1126.9 SPS (1061.9). norm_m 935.05 norm_p 0.18 total_loss_m 0.025726 total_loss_p 1.098594 fea_loss 0.002519 done_loss 0.000532
[36m(ActorLearner pid=733242)[0m [1;34m[dynamic-enduro-v5-test-10479] Steps 391968 @ 662.8 SPS (688.3). (T_q: 6.64) Eps 112. [0mRet [1;31m0.000000[0m (0.000000/0.000000). Loss -0.00 pg_loss 0.00 entropy_loss -0.61 reg_loss 0.00 total_norm 0.00 mean_abs_v 0.07 last_lr: 2.9882e-04
[36m(ModelLearner pid=733241)[0m [dynamic-enduro-v5-test-10479] Steps 392816 (2166528[5.7]) @ 1119.2 SPS (1061.5). norm_m 1505.29 norm_p 0.12 total_loss_m 0.019021 total_loss_p 1.098592 fea_loss 0.001867 done_loss 0.000348
[36m(ActorLearner pid=733242)[0m [1;34m[dynamic-enduro-v5-test-10479] Steps 393776 @ 662.7 SPS (688.2). (T_q: 6.71) Eps 112. [0mRet [1;31m0.000000[0m (0.000000/0.000000). Loss -0.00 pg_loss 0.00 entropy_loss -0.61 reg_loss 0.00 total_norm 0.00 mean_abs_v 0.08 last_lr: 2.9882e-04
[36m(ModelLearner pid=733241)[0m [dynamic-enduro-v5-test-10479] Steps 393840 (2172672[5.7]) @ 1125.8 SPS (1061.8). norm_m 675.12 norm_p 0.27 total_loss_m 0.017787 total_loss_p 1.098569 fea_loss 0.001722 done_loss 0.000567
[36m(ModelLearner pid=733241)[0m [dynamic-enduro-v5-test-10479] Steps 394864 (2178816[5.7]) @ 1125.4 SPS (1062.0). norm_m 301.98 norm_p 0.22 total_loss_m 0.021367 total_loss_p 1.098607 fea_loss 0.002054 done_loss 0.000825
[36m(ActorLearner pid=733242)[0m [1;34m[dynamic-enduro-v5-test-10479] Steps 395584 @ 663.6 SPS (688.1). (T_q: 6.47) Eps 112. [0mRet [1;31m0.000000[0m (0.000000/0.000000). Loss -0.00 pg_loss 0.00 entropy_loss -0.61 reg_loss 0.00 total_norm 0.00 mean_abs_v 0.08 last_lr: 2.9881e-04
[36m(ModelLearner pid=733241)[0m [dynamic-enduro-v5-test-10479] Steps 395888 (2184960[5.7]) @ 1126.1 SPS (1062.3). norm_m 635.45 norm_p 0.17 total_loss_m 0.034404 total_loss_p 1.098594 fea_loss 0.003326 done_loss 0.001141
[36m(ModelLearner pid=733241)[0m [dynamic-enduro-v5-test-10479] Steps 396912 (2191104[5.7]) @ 1125.2 SPS (1062.5). norm_m 431.12 norm_p 0.19 total_loss_m 0.048180 total_loss_p 1.098591 fea_loss 0.004724 done_loss 0.000945
[36m(ActorLearner pid=733242)[0m [1;34m[dynamic-enduro-v5-test-10479] Steps 397472 @ 662.7 SPS (687.9). (T_q: 6.99) Eps 112. [0mRet [1;31m0.000000[0m (0.000000/0.000000). Loss -0.00 pg_loss 0.00 entropy_loss -0.65 reg_loss 0.00 total_norm 0.00 mean_abs_v 0.08 last_lr: 2.9881e-04
[36m(ModelLearner pid=733241)[0m [dynamic-enduro-v5-test-10479] Steps 397936 (2197248[5.7]) @ 1125.6 SPS (1062.8). norm_m 930.06 norm_p 0.35 total_loss_m 0.016523 total_loss_p 1.098609 fea_loss 0.001534 done_loss 0.001185
[36m(ModelLearner pid=733241)[0m [dynamic-enduro-v5-test-10479] Steps 398960 (2203392[5.7]) @ 1125.2 SPS (1063.0). norm_m 1315.34 norm_p 0.15 total_loss_m 0.047062 total_loss_p 1.090014 fea_loss 0.001962 done_loss 0.027439
[36m(ActorLearner pid=733242)[0m [1;34m[dynamic-enduro-v5-test-10479] Steps 399296 @ 663.1 SPS (687.7). (T_q: 6.74) Eps 112. [0mRet [1;31m0.000000[0m (0.000000/0.000000). Loss -0.00 pg_loss 0.00 entropy_loss -0.61 reg_loss 0.00 total_norm 0.00 mean_abs_v 0.08 last_lr: 2.9880e-04
[36m(ModelLearner pid=733241)[0m [dynamic-enduro-v5-test-10479] Steps 399984 (2209536[5.7]) @ 1125.0 SPS (1063.2). norm_m 529.38 norm_p 0.34 total_loss_m 0.015824 total_loss_p 1.098593 fea_loss 0.001501 done_loss 0.000816
[36m(ModelLearner pid=733241)[0m [dynamic-enduro-v5-test-10479] Steps 401008 (2215680[5.7]) @ 1118.9 SPS (1062.9). norm_m 828.75 norm_p 0.20 total_loss_m 0.020836 total_loss_p 1.098585 fea_loss 0.002039 done_loss 0.000449
[36m(ActorLearner pid=733242)[0m [1;34m[dynamic-enduro-v5-test-10479] Steps 401120 @ 663.5 SPS (687.6). (T_q: 6.46) Eps 112. [0mRet [1;31m0.000000[0m (0.000000/0.000000). Loss -0.00 pg_loss 0.00 entropy_loss -0.62 reg_loss 0.00 total_norm 0.00 mean_abs_v 0.07 last_lr: 2.9880e-04
[36m(ActorLearner pid=733242)[0m Sent real_step update to ActorBuffer: 402000
[36m(ModelLearner pid=733241)[0m [dynamic-enduro-v5-test-10479] Steps 402032 (2221824[5.7]) @ 1123.5 SPS (1063.0). norm_m 339.64 norm_p 0.21 total_loss_m 0.024776 total_loss_p 1.098586 fea_loss 0.002424 done_loss 0.000540
[36m(ActorLearner pid=733242)[0m [1;34m[dynamic-enduro-v5-test-10479] Steps 402992 @ 662.5 SPS (687.4). (T_q: 6.84) Eps 112. [0mRet [1;31m0.000000[0m (0.000000/0.000000). Loss -0.00 pg_loss 0.00 entropy_loss -0.66 reg_loss 0.00 total_norm 0.00 mean_abs_v 0.07 last_lr: 2.9879e-04
[36m(ModelLearner pid=733241)[0m [dynamic-enduro-v5-test-10479] Steps 403056 (2227968[5.7]) @ 1127.1 SPS (1063.3). norm_m 957.33 norm_p 0.20 total_loss_m 0.019813 total_loss_p 1.098583 fea_loss 0.001921 done_loss 0.000601
[36m(ModelLearner pid=733241)[0m [dynamic-enduro-v5-test-10479] Steps 404080 (2234112[5.7]) @ 1127.1 SPS (1063.6). norm_m 450.62 norm_p 0.14 total_loss_m 0.018007 total_loss_p 1.098592 fea_loss 0.001774 done_loss 0.000268
[36m(ActorLearner pid=733242)[0m [1;34m[dynamic-enduro-v5-test-10479] Steps 404848 @ 662.3 SPS (687.3). (T_q: 6.82) Eps 112. [0mRet [1;31m0.000000[0m (0.000000/0.000000). Loss -0.00 pg_loss 0.00 entropy_loss -0.65 reg_loss 0.00 total_norm 0.00 mean_abs_v 0.07 last_lr: 2.9879e-04
[36m(ModelLearner pid=733241)[0m [dynamic-enduro-v5-test-10479] Steps 405104 (2240256[5.7]) @ 1128.5 SPS (1063.9). norm_m 733.54 norm_p 0.12 total_loss_m 0.033447 total_loss_p 1.095708 fea_loss 0.002400 done_loss 0.009451
[36m(ModelLearner pid=733241)[0m [dynamic-enduro-v5-test-10479] Steps 406112 (2246400[5.7]) @ 1130.3 SPS (1064.2). norm_m 459.88 norm_p 0.21 total_loss_m 0.025684 total_loss_p 1.098588 fea_loss 0.002528 done_loss 0.000407
[36m(ActorLearner pid=733242)[0m [1;34m[dynamic-enduro-v5-test-10479] Steps 406608 @ 662.7 SPS (687.3). (T_q: 6.46) Eps 112. [0mRet [1;31m0.000000[0m (0.000000/0.000000). Loss -0.00 pg_loss 0.00 entropy_loss -0.59 reg_loss 0.00 total_norm 0.00 mean_abs_v 0.07 last_lr: 2.9878e-04
[36m(ModelLearner pid=733241)[0m [dynamic-enduro-v5-test-10479] Steps 407152 (2252544[5.7]) @ 1130.2 SPS (1064.4). norm_m 1068.09 norm_p 0.15 total_loss_m 0.022777 total_loss_p 1.098594 fea_loss 0.002218 done_loss 0.000592
[36m(ModelLearner pid=733241)[0m [dynamic-enduro-v5-test-10479] Steps 408160 (2258688[5.7]) @ 1131.6 SPS (1064.5). norm_m 263.85 norm_p 0.17 total_loss_m 0.021461 total_loss_p 1.098592 fea_loss 0.002073 done_loss 0.000729
[36m(ActorLearner pid=733242)[0m [1;34m[dynamic-enduro-v5-test-10479] Steps 408368 @ 662.5 SPS (687.2). (T_q: 6.92) Eps 112. [0mRet [1;31m0.000000[0m (0.000000/0.000000). Loss -0.00 pg_loss 0.00 entropy_loss -0.58 reg_loss 0.00 total_norm 0.00 mean_abs_v 0.07 last_lr: 2.9877e-04
[36m(ModelLearner pid=733241)[0m [dynamic-enduro-v5-test-10479] Steps 409184 (2264832[5.7]) @ 1125.5 SPS (1064.2). norm_m 191.42 norm_p 0.16 total_loss_m 0.025651 total_loss_p 1.098578 fea_loss 0.002433 done_loss 0.001317
[36m(ActorLearner pid=733242)[0m [1;34m[dynamic-enduro-v5-test-10479] Steps 410160 @ 662.5 SPS (687.1). (T_q: 6.53) Eps 112. [0mRet [1;31m0.000000[0m (0.000000/0.000000). Loss -0.00 pg_loss 0.00 entropy_loss -0.62 reg_loss 0.00 total_norm 0.00 mean_abs_v 0.07 last_lr: 2.9877e-04
[36m(ModelLearner pid=733241)[0m [dynamic-enduro-v5-test-10479] Steps 410208 (2270976[5.7]) @ 1124.6 SPS (1064.4). norm_m 698.30 norm_p 0.18 total_loss_m 0.059072 total_loss_p 1.098597 fea_loss 0.005698 done_loss 0.002093
[36m(ModelLearner pid=733241)[0m [dynamic-enduro-v5-test-10479] Steps 411232 (2277120[5.7]) @ 1129.9 SPS (1064.6). norm_m 606.24 norm_p 0.23 total_loss_m 0.018988 total_loss_p 1.098615 fea_loss 0.001831 done_loss 0.000674
[36m(ActorLearner pid=733242)[0m [1;34m[dynamic-enduro-v5-test-10479] Steps 411920 @ 663.4 SPS (687.0). (T_q: 6.63) Eps 112. [0mRet [1;31m0.000000[0m (0.000000/0.000000). Loss -0.00 pg_loss 0.00 entropy_loss -0.62 reg_loss 0.00 total_norm 0.00 mean_abs_v 0.07 last_lr: 2.9876e-04
[36m(ModelLearner pid=733241)[0m [dynamic-enduro-v5-test-10479] Steps 412256 (2283264[5.7]) @ 1130.1 SPS (1064.8). norm_m 976.35 norm_p 0.22 total_loss_m 0.035626 total_loss_p 1.098587 fea_loss 0.003476 done_loss 0.000870
[36m(ModelLearner pid=733241)[0m [dynamic-enduro-v5-test-10479] Steps 413280 (2289408[5.7]) @ 1129.3 SPS (1065.0). norm_m 974.68 norm_p 0.22 total_loss_m 0.089662 total_loss_p 1.098603 fea_loss 0.008944 done_loss 0.000226
[36m(ActorLearner pid=733242)[0m [1;34m[dynamic-enduro-v5-test-10479] Steps 413744 @ 663.0 SPS (686.9). (T_q: 6.76) Eps 112. [0mRet [1;31m0.000000[0m (0.000000/0.000000). Loss -0.00 pg_loss 0.00 entropy_loss -0.63 reg_loss 0.00 total_norm 0.00 mean_abs_v 0.08 last_lr: 2.9876e-04
[36m(ModelLearner pid=733241)[0m [dynamic-enduro-v5-test-10479] Steps 414304 (2295552[5.7]) @ 1128.8 SPS (1065.2). norm_m 433.13 norm_p 0.21 total_loss_m 0.033117 total_loss_p 1.098604 fea_loss 0.003188 done_loss 0.001240
[36m(ModelLearner pid=733241)[0m [dynamic-enduro-v5-test-10479] Steps 415328 (2301696[5.7]) @ 1128.0 SPS (1065.4). norm_m 662.05 norm_p 0.19 total_loss_m 0.018842 total_loss_p 1.098591 fea_loss 0.001810 done_loss 0.000739
[36m(ActorLearner pid=733242)[0m [1;34m[dynamic-enduro-v5-test-10479] Steps 415568 @ 663.6 SPS (686.8). (T_q: 6.67) Eps 112. [0mRet [1;31m0.000000[0m (0.000000/0.000000). Loss -0.00 pg_loss 0.00 entropy_loss -0.62 reg_loss 0.00 total_norm 0.00 mean_abs_v 0.08 last_lr: 2.9875e-04
[36m(ModelLearner pid=733241)[0m [dynamic-enduro-v5-test-10479] Steps 416352 (2307840[5.7]) @ 1127.5 SPS (1065.7). norm_m 384.82 norm_p 0.14 total_loss_m 0.051849 total_loss_p 1.097178 fea_loss 0.004667 done_loss 0.005175
[36m(ModelLearner pid=733241)[0m [dynamic-enduro-v5-test-10479] Steps 417376 (2313984[5.7]) @ 1123.5 SPS (1065.6). norm_m 461.23 norm_p 0.08 total_loss_m 0.060090 total_loss_p 1.092896 fea_loss 0.004440 done_loss 0.015692
[36m(ActorLearner pid=733242)[0m [1;34m[dynamic-enduro-v5-test-10479] Steps 417376 @ 663.2 SPS (686.8). (T_q: 6.32) Eps 112. [0mRet [1;31m0.000000[0m (0.000000/0.000000). Loss -0.00 pg_loss 0.00 entropy_loss -0.61 reg_loss 0.00 total_norm 0.00 mean_abs_v 0.08 last_lr: 2.9875e-04
[36m(ModelLearner pid=733241)[0m [dynamic-enduro-v5-test-10479] Steps 418400 (2320128[5.7]) @ 1124.2 SPS (1065.9). norm_m 192.94 norm_p 0.12 total_loss_m 0.027785 total_loss_p 1.098623 fea_loss 0.002733 done_loss 0.000452
[36m(ActorLearner pid=733242)[0m [1;34m[dynamic-enduro-v5-test-10479] Steps 419264 @ 664.0 SPS (686.7). (T_q: 6.59) Eps 112. [0mRet [1;31m0.000000[0m (0.000000/0.000000). Loss -0.00 pg_loss 0.00 entropy_loss -0.62 reg_loss 0.00 total_norm 0.00 mean_abs_v 0.08 last_lr: 2.9874e-04
[36m(ModelLearner pid=733241)[0m [dynamic-enduro-v5-test-10479] Steps 419424 (2326272[5.7]) @ 1122.8 SPS (1066.1). norm_m 304.95 norm_p 0.15 total_loss_m 0.017796 total_loss_p 1.098598 fea_loss 0.001715 done_loss 0.000643
[36m(ModelLearner pid=733241)[0m [dynamic-enduro-v5-test-10479] Steps 420448 (2332416[5.7]) @ 1128.9 SPS (1066.3). norm_m 839.68 norm_p 0.12 total_loss_m 0.015495 total_loss_p 1.098599 fea_loss 0.001518 done_loss 0.000315
[36m(ActorLearner pid=733242)[0m [1;34m[dynamic-enduro-v5-test-10479] Steps 421040 @ 663.8 SPS (686.6). (T_q: 6.76) Eps 112. [0mRet [1;31m0.000000[0m (0.000000/0.000000). Loss -0.00 pg_loss 0.00 entropy_loss -0.60 reg_loss 0.00 total_norm 0.00 mean_abs_v 0.08 last_lr: 2.9874e-04
[36m(ModelLearner pid=733241)[0m [dynamic-enduro-v5-test-10479] Steps 421472 (2338560[5.7]) @ 1129.5 SPS (1066.4). norm_m 673.53 norm_p 0.19 total_loss_m 0.025241 total_loss_p 1.098575 fea_loss 0.002480 done_loss 0.000438
[36m(ModelLearner pid=733241)[0m [dynamic-enduro-v5-test-10479] Steps 422496 (2344704[5.7]) @ 1129.6 SPS (1066.6). norm_m 488.40 norm_p 0.11 total_loss_m 0.027708 total_loss_p 1.098605 fea_loss 0.002710 done_loss 0.000613
[36m(ActorLearner pid=733242)[0m [1;34m[dynamic-enduro-v5-test-10479] Steps 422880 @ 663.4 SPS (686.5). (T_q: 6.79) Eps 112. [0mRet [1;31m0.000000[0m (0.000000/0.000000). Loss -0.00 pg_loss 0.00 entropy_loss -0.62 reg_loss 0.00 total_norm 0.00 mean_abs_v 0.07 last_lr: 2.9873e-04
[36m(ModelLearner pid=733241)[0m [dynamic-enduro-v5-test-10479] Steps 423520 (2350848[5.7]) @ 1130.7 SPS (1066.9). norm_m 288.14 norm_p 0.10 total_loss_m 0.038458 total_loss_p 1.098597 fea_loss 0.003789 done_loss 0.000564
[36m(ModelLearner pid=733241)[0m [dynamic-enduro-v5-test-10479] Steps 424544 (2356992[5.7]) @ 1123.6 SPS (1066.6). norm_m 356.47 norm_p 0.16 total_loss_m 0.016395 total_loss_p 1.098604 fea_loss 0.001600 done_loss 0.000398
[36m(ActorLearner pid=733242)[0m [1;34m[dynamic-enduro-v5-test-10479] Steps 424624 @ 664.8 SPS (686.5). (T_q: 6.60) Eps 112. [0mRet [1;31m0.000000[0m (0.000000/0.000000). Loss -0.00 pg_loss 0.00 entropy_loss -0.60 reg_loss 0.00 total_norm 0.00 mean_abs_v 0.07 last_lr: 2.9873e-04
[36m(SelfPlayWorker pid=733238)[0m [DEBUG] Episode termination detected:
[36m(SelfPlayWorker pid=733238)[0m   - done: tensor([False, False, False, False, False,  True, False, False, False, False,
[36m(SelfPlayWorker pid=733238)[0m         False, False, False, False, False, False], device='cuda:0')
[36m(SelfPlayWorker pid=733238)[0m   - truncated_done: tensor([False, False, False, False, False, False, False, False, False, False,
[36m(SelfPlayWorker pid=733238)[0m         False, False, False, False, False, False], device='cuda:0')
[36m(SelfPlayWorker pid=733238)[0m   - real_done: tensor([False, False, False, False, False,  True, False, False, False, False,
[36m(SelfPlayWorker pid=733238)[0m         False, False, False, False, False, False], device='cuda:0')
[36m(SelfPlayWorker pid=733238)[0m   - step_status: tensor([0, 0, 0, 0, 0, 0, 0, 0, 0, 0, 0, 0, 0, 0, 0, 0], device='cuda:0')
[36m(SelfPlayWorker pid=733238)[0m   - counter: 95053
[36m(SelfPlayWorker pid=733238)[0m [DEBUG] Episode termination detected:
[36m(SelfPlayWorker pid=733238)[0m   - done: tensor([ True, False, False, False, False, False, False, False, False, False,
[36m(SelfPlayWorker pid=733238)[0m         False, False, False, False, False, False], device='cuda:0')
[36m(SelfPlayWorker pid=733238)[0m   - truncated_done: tensor([False, False, False, False, False, False, False, False, False, False,
[36m(SelfPlayWorker pid=733238)[0m         False, False, False, False, False, False], device='cuda:0')
[36m(SelfPlayWorker pid=733238)[0m   - real_done: tensor([ True, False, False, False, False, False, False, False, False, False,
[36m(SelfPlayWorker pid=733238)[0m         False, False, False, False, False, False], device='cuda:0')
[36m(SelfPlayWorker pid=733238)[0m   - step_status: tensor([0, 0, 0, 0, 0, 0, 0, 0, 0, 0, 0, 0, 0, 0, 0, 0], device='cuda:0')
[36m(SelfPlayWorker pid=733238)[0m   - counter: 95056
[36m(SelfPlayWorker pid=733238)[0m [DEBUG] Episode termination detected:
[36m(SelfPlayWorker pid=733238)[0m   - done: tensor([False, False, False, False,  True, False, False, False, False, False,
[36m(SelfPlayWorker pid=733238)[0m         False, False, False,  True, False, False], device='cuda:0')
[36m(SelfPlayWorker pid=733238)[0m   - truncated_done: tensor([False, False, False, False, False, False, False, False, False, False,
[36m(SelfPlayWorker pid=733238)[0m         False, False, False, False, False, False], device='cuda:0')
[36m(SelfPlayWorker pid=733238)[0m   - real_done: tensor([False, False, False, False,  True, False, False, False, False, False,
[36m(SelfPlayWorker pid=733238)[0m         False, False, False,  True, False, False], device='cuda:0')
[36m(SelfPlayWorker pid=733238)[0m   - step_status: tensor([0, 0, 0, 0, 0, 0, 0, 0, 0, 0, 0, 0, 0, 0, 0, 0], device='cuda:0')
[36m(SelfPlayWorker pid=733238)[0m   - counter: 95067
[36m(SelfPlayWorker pid=733238)[0m [DEBUG] Episode termination detected:
[36m(SelfPlayWorker pid=733238)[0m   - done: tensor([False, False, False, False, False, False, False, False, False, False,
[36m(SelfPlayWorker pid=733238)[0m         False,  True, False, False, False, False], device='cuda:0')
[36m(SelfPlayWorker pid=733238)[0m   - truncated_done: tensor([False, False, False, False, False, False, False, False, False, False,
[36m(SelfPlayWorker pid=733238)[0m         False, False, False, False, False, False], device='cuda:0')
[36m(SelfPlayWorker pid=733238)[0m   - real_done: tensor([False, False, False, False, False, False, False, False, False, False,
[36m(SelfPlayWorker pid=733238)[0m         False,  True, False, False, False, False], device='cuda:0')
[36m(SelfPlayWorker pid=733238)[0m   - step_status: tensor([0, 0, 0, 0, 0, 0, 0, 0, 0, 0, 0, 0, 0, 0, 0, 0], device='cuda:0')
[36m(SelfPlayWorker pid=733238)[0m   - counter: 95070
[36m(SelfPlayWorker pid=733238)[0m [DEBUG] Episode termination detected:
[36m(SelfPlayWorker pid=733238)[0m   - done: tensor([False, False, False, False, False, False, False,  True, False, False,
[36m(SelfPlayWorker pid=733238)[0m         False, False, False, False, False, False], device='cuda:0')
[36m(SelfPlayWorker pid=733238)[0m   - truncated_done: tensor([False, False, False, False, False, False, False, False, False, False,
[36m(SelfPlayWorker pid=733238)[0m         False, False, False, False, False, False], device='cuda:0')
[36m(SelfPlayWorker pid=733238)[0m   - real_done: tensor([False, False, False, False, False, False, False,  True, False, False,
[36m(SelfPlayWorker pid=733238)[0m         False, False, False, False, False, False], device='cuda:0')
[36m(SelfPlayWorker pid=733238)[0m   - step_status: tensor([0, 0, 0, 0, 0, 0, 0, 0, 0, 0, 0, 0, 0, 0, 0, 0], device='cuda:0')
[36m(SelfPlayWorker pid=733238)[0m   - counter: 95073
[36m(SelfPlayWorker pid=733238)[0m [DEBUG] Episode termination detected:
[36m(SelfPlayWorker pid=733238)[0m   - done: tensor([False, False, False,  True, False, False, False, False, False, False,
[36m(SelfPlayWorker pid=733238)[0m         False, False, False, False, False, False], device='cuda:0')
[36m(SelfPlayWorker pid=733238)[0m   - truncated_done: tensor([False, False, False, False, False, False, False, False, False, False,
[36m(SelfPlayWorker pid=733238)[0m         False, False, False, False, False, False], device='cuda:0')
[36m(SelfPlayWorker pid=733238)[0m   - real_done: tensor([False, False, False,  True, False, False, False, False, False, False,
[36m(SelfPlayWorker pid=733238)[0m         False, False, False, False, False, False], device='cuda:0')
[36m(SelfPlayWorker pid=733238)[0m   - step_status: tensor([0, 0, 0, 0, 0, 0, 0, 0, 0, 0, 0, 0, 0, 0, 0, 0], device='cuda:0')
[36m(SelfPlayWorker pid=733238)[0m   - counter: 95076
[36m(SelfPlayWorker pid=733238)[0m [DEBUG] Episode termination detected:
[36m(SelfPlayWorker pid=733238)[0m   - done: tensor([False, False, False, False, False, False, False, False, False,  True,
[36m(SelfPlayWorker pid=733238)[0m         False, False, False, False, False, False], device='cuda:0')
[36m(SelfPlayWorker pid=733238)[0m   - truncated_done: tensor([False, False, False, False, False, False, False, False, False, False,
[36m(SelfPlayWorker pid=733238)[0m         False, False, False, False, False, False], device='cuda:0')
[36m(SelfPlayWorker pid=733238)[0m   - real_done: tensor([False, False, False, False, False, False, False, False, False,  True,
[36m(SelfPlayWorker pid=733238)[0m         False, False, False, False, False, False], device='cuda:0')
[36m(SelfPlayWorker pid=733238)[0m   - step_status: tensor([0, 0, 0, 0, 0, 0, 0, 0, 0, 0, 0, 0, 0, 0, 0, 0], device='cuda:0')
[36m(SelfPlayWorker pid=733238)[0m   - counter: 95079
[36m(SelfPlayWorker pid=733238)[0m [DEBUG] Episode termination detected:
[36m(SelfPlayWorker pid=733238)[0m   - done: tensor([False, False, False, False, False, False, False, False, False, False,
[36m(SelfPlayWorker pid=733238)[0m         False, False, False, False,  True, False], device='cuda:0')
[36m(SelfPlayWorker pid=733238)[0m   - truncated_done: tensor([False, False, False, False, False, False, False, False, False, False,
[36m(SelfPlayWorker pid=733238)[0m         False, False, False, False, False, False], device='cuda:0')
[36m(SelfPlayWorker pid=733238)[0m   - real_done: tensor([False, False, False, False, False, False, False, False, False, False,
[36m(SelfPlayWorker pid=733238)[0m         False, False, False, False,  True, False], device='cuda:0')
[36m(SelfPlayWorker pid=733238)[0m   - step_status: tensor([0, 0, 0, 0, 0, 0, 0, 0, 0, 0, 0, 0, 0, 0, 0, 0], device='cuda:0')
[36m(SelfPlayWorker pid=733238)[0m   - counter: 95082
[36m(SelfPlayWorker pid=733238)[0m [DEBUG] Episode termination detected:
[36m(SelfPlayWorker pid=733238)[0m   - done: tensor([False, False, False, False, False, False, False, False, False, False,
[36m(SelfPlayWorker pid=733238)[0m          True, False, False, False, False,  True], device='cuda:0')
[36m(SelfPlayWorker pid=733238)[0m   - truncated_done: tensor([False, False, False, False, False, False, False, False, False, False,
[36m(SelfPlayWorker pid=733238)[0m         False, False, False, False, False, False], device='cuda:0')
[36m(SelfPlayWorker pid=733238)[0m   - real_done: tensor([False, False, False, False, False, False, False, False, False, False,
[36m(SelfPlayWorker pid=733238)[0m          True, False, False, False, False,  True], device='cuda:0')
[36m(SelfPlayWorker pid=733238)[0m   - step_status: tensor([0, 0, 0, 0, 0, 0, 0, 0, 0, 0, 0, 0, 0, 0, 0, 0], device='cuda:0')
[36m(SelfPlayWorker pid=733238)[0m   - counter: 95086
[36m(ActorLearner pid=733242)[0m [DEBUG] Episode counter increased:
[36m(ActorLearner pid=733242)[0m   - real_done_count: 6
[36m(ActorLearner pid=733242)[0m   - tot_eps: 118
[36m(ActorLearner pid=733242)[0m   - train_actor_out.real_done: tensor([[False, False, False,  ..., False, False, False],
[36m(ActorLearner pid=733242)[0m         [False, False, False,  ..., False, False, False],
[36m(ActorLearner pid=733242)[0m         [False, False, False,  ..., False, False, False],
[36m(ActorLearner pid=733242)[0m         ...,
[36m(ActorLearner pid=733242)[0m         [False, False, False,  ..., False, False, False],
[36m(ActorLearner pid=733242)[0m         [False, False, False,  ..., False, False, False],
[36m(ActorLearner pid=733242)[0m         [False, False, False,  ..., False, False, False]], device='cuda:0')
[36m(ActorLearner pid=733242)[0m   - train_actor_out.done: tensor([[False, False, False,  ..., False, False, False],
[36m(ActorLearner pid=733242)[0m         [False, False, False,  ..., False, False, False],
[36m(ActorLearner pid=733242)[0m         [False, False, False,  ..., False, False, False],
[36m(ActorLearner pid=733242)[0m         ...,
[36m(ActorLearner pid=733242)[0m         [False, False, False,  ..., False, False, False],
[36m(ActorLearner pid=733242)[0m         [False, False, False,  ..., False, False, False],
[36m(ActorLearner pid=733242)[0m         [False, False, False,  ..., False, False, False]], device='cuda:0')
[36m(ActorLearner pid=733242)[0m   - train_actor_out.truncated_done: tensor([[False, False, False,  ..., False, False, False],
[36m(ActorLearner pid=733242)[0m         [False, False, False,  ..., False, False, False],
[36m(ActorLearner pid=733242)[0m         [False, False, False,  ..., False, False, False],
[36m(ActorLearner pid=733242)[0m         ...,
[36m(ActorLearner pid=733242)[0m         [False, False, False,  ..., False, False, False],
[36m(ActorLearner pid=733242)[0m         [False, False, False,  ..., False, False, False],
[36m(ActorLearner pid=733242)[0m         [False, False, False,  ..., False, False, False]], device='cuda:0')
[36m(ModelLearner pid=733241)[0m [dynamic-enduro-v5-test-10479] Steps 425440 (2362368[5.7]) @ 1121.0 SPS (1066.5). norm_m 273.90 norm_p 0.10 total_loss_m 0.029393 total_loss_p 1.098605 fea_loss 0.002919 done_loss 0.000203
[36m(SelfPlayWorker pid=733238)[0m [DEBUG] Episode termination detected:
[36m(SelfPlayWorker pid=733238)[0m   - done: tensor([False, False,  True, False, False, False, False, False, False, False,
[36m(SelfPlayWorker pid=733238)[0m         False, False, False, False, False, False], device='cuda:0')
[36m(SelfPlayWorker pid=733238)[0m   - truncated_done: tensor([False, False, False, False, False, False, False, False, False, False,
[36m(SelfPlayWorker pid=733238)[0m         False, False, False, False, False, False], device='cuda:0')
[36m(SelfPlayWorker pid=733238)[0m   - real_done: tensor([False, False,  True, False, False, False, False, False, False, False,
[36m(SelfPlayWorker pid=733238)[0m         False, False, False, False, False, False], device='cuda:0')
[36m(SelfPlayWorker pid=733238)[0m   - step_status: tensor([0, 0, 0, 0, 0, 0, 0, 0, 0, 0, 0, 0, 0, 0, 0, 0], device='cuda:0')
[36m(SelfPlayWorker pid=733238)[0m   - counter: 95103
[36m(SelfPlayWorker pid=733238)[0m [DEBUG] Episode termination detected:
[36m(SelfPlayWorker pid=733238)[0m   - done: tensor([False, False, False, False, False, False,  True, False, False, False,
[36m(SelfPlayWorker pid=733238)[0m         False, False, False, False, False, False], device='cuda:0')
[36m(SelfPlayWorker pid=733238)[0m   - truncated_done: tensor([False, False, False, False, False, False, False, False, False, False,
[36m(SelfPlayWorker pid=733238)[0m         False, False, False, False, False, False], device='cuda:0')
[36m(SelfPlayWorker pid=733238)[0m   - real_done: tensor([False, False, False, False, False, False,  True, False, False, False,
[36m(SelfPlayWorker pid=733238)[0m         False, False, False, False, False, False], device='cuda:0')
[36m(SelfPlayWorker pid=733238)[0m   - step_status: tensor([0, 0, 0, 0, 0, 0, 0, 0, 0, 0, 0, 0, 0, 0, 0, 0], device='cuda:0')
[36m(SelfPlayWorker pid=733238)[0m   - counter: 95107
[36m(SelfPlayWorker pid=733238)[0m [DEBUG] Episode termination detected:
[36m(SelfPlayWorker pid=733238)[0m   - done: tensor([False, False, False, False, False, False, False, False, False, False,
[36m(SelfPlayWorker pid=733238)[0m         False, False,  True, False, False, False], device='cuda:0')
[36m(SelfPlayWorker pid=733238)[0m   - truncated_done: tensor([False, False, False, False, False, False, False, False, False, False,
[36m(SelfPlayWorker pid=733238)[0m         False, False, False, False, False, False], device='cuda:0')
[36m(SelfPlayWorker pid=733238)[0m   - real_done: tensor([False, False, False, False, False, False, False, False, False, False,
[36m(SelfPlayWorker pid=733238)[0m         False, False,  True, False, False, False], device='cuda:0')
[36m(SelfPlayWorker pid=733238)[0m   - step_status: tensor([0, 0, 0, 0, 0, 0, 0, 0, 0, 0, 0, 0, 0, 0, 0, 0], device='cuda:0')
[36m(SelfPlayWorker pid=733238)[0m   - counter: 95112
[36m(SelfPlayWorker pid=733238)[0m [DEBUG] Episode termination detected:
[36m(SelfPlayWorker pid=733238)[0m   - done: tensor([False,  True, False, False, False, False, False, False,  True, False,
[36m(SelfPlayWorker pid=733238)[0m         False, False, False, False, False, False], device='cuda:0')
[36m(SelfPlayWorker pid=733238)[0m   - truncated_done: tensor([False, False, False, False, False, False, False, False, False, False,
[36m(SelfPlayWorker pid=733238)[0m         False, False, False, False, False, False], device='cuda:0')
[36m(SelfPlayWorker pid=733238)[0m   - real_done: tensor([False,  True, False, False, False, False, False, False,  True, False,
[36m(SelfPlayWorker pid=733238)[0m         False, False, False, False, False, False], device='cuda:0')
[36m(SelfPlayWorker pid=733238)[0m   - step_status: tensor([0, 0, 0, 0, 0, 0, 0, 0, 0, 0, 0, 0, 0, 0, 0, 0], device='cuda:0')
[36m(SelfPlayWorker pid=733238)[0m   - counter: 95132
[36m(ActorLearner pid=733242)[0m [DEBUG] Episode counter increased:
[36m(ActorLearner pid=733242)[0m   - real_done_count: 10
[36m(ActorLearner pid=733242)[0m   - tot_eps: 128
[36m(ActorLearner pid=733242)[0m   - train_actor_out.real_done: tensor([[False, False, False,  ..., False, False, False],
[36m(ActorLearner pid=733242)[0m         [False, False, False,  ..., False, False, False],
[36m(ActorLearner pid=733242)[0m         [False, False, False,  ..., False, False, False],
[36m(ActorLearner pid=733242)[0m         ...,
[36m(ActorLearner pid=733242)[0m         [False, False, False,  ..., False, False, False],
[36m(ActorLearner pid=733242)[0m         [False, False, False,  ..., False, False, False],
[36m(ActorLearner pid=733242)[0m         [False, False, False,  ..., False, False, False]], device='cuda:0')
[36m(ActorLearner pid=733242)[0m   - train_actor_out.done: tensor([[False, False, False,  ..., False, False, False],
[36m(ActorLearner pid=733242)[0m         [False, False, False,  ..., False, False, False],
[36m(ActorLearner pid=733242)[0m         [False, False, False,  ..., False, False, False],
[36m(ActorLearner pid=733242)[0m         ...,
[36m(ActorLearner pid=733242)[0m         [False, False, False,  ..., False, False, False],
[36m(ActorLearner pid=733242)[0m         [False, False, False,  ..., False, False, False],
[36m(ActorLearner pid=733242)[0m         [False, False, False,  ..., False, False, False]], device='cuda:0')
[36m(ActorLearner pid=733242)[0m   - train_actor_out.truncated_done: tensor([[False, False, False,  ..., False, False, False],
[36m(ActorLearner pid=733242)[0m         [False, False, False,  ..., False, False, False],
[36m(ActorLearner pid=733242)[0m         [False, False, False,  ..., False, False, False],
[36m(ActorLearner pid=733242)[0m         ...,
[36m(ActorLearner pid=733242)[0m         [False, False, False,  ..., False, False, False],
[36m(ActorLearner pid=733242)[0m         [False, False, False,  ..., False, False, False],
[36m(ActorLearner pid=733242)[0m         [False, False, False,  ..., False, False, False]], device='cuda:0')
[36m(ActorLearner pid=733242)[0m [1;34m[dynamic-enduro-v5-test-10479] Steps 426400 @ 664.1 SPS (686.3). (T_q: 6.85) Eps 128. [0mRet [1;31m0.000000[0m (0.000000/0.000000). Loss -0.00 pg_loss 0.00 entropy_loss -0.62 reg_loss 0.00 total_norm 0.00 mean_abs_v 0.07 last_lr: 2.9872e-04
[36m(ModelLearner pid=733241)[0m [dynamic-enduro-v5-test-10479] Steps 426464 (2368512[5.7]) @ 1119.6 SPS (1066.7). norm_m 617.69 norm_p 0.12 total_loss_m 0.060399 total_loss_p 1.094311 fea_loss 0.003822 done_loss 0.022175
[36m(ModelLearner pid=733241)[0m [dynamic-enduro-v5-test-10479] Steps 427488 (2374656[5.7]) @ 1120.4 SPS (1066.9). norm_m 1834.45 norm_p 0.16 total_loss_m 0.029531 total_loss_p 1.095764 fea_loss 0.001771 done_loss 0.011824
[36m(ActorLearner pid=733242)[0m [1;34m[dynamic-enduro-v5-test-10479] Steps 428272 @ 664.0 SPS (686.1). (T_q: 7.03) Eps 128. [0mRet [1;31m0.000000[0m (0.000000/0.000000). Loss -0.00 pg_loss 0.00 entropy_loss -0.64 reg_loss 0.00 total_norm 0.00 mean_abs_v 0.07 last_lr: 2.9872e-04
[36m(ModelLearner pid=733241)[0m [dynamic-enduro-v5-test-10479] Steps 428512 (2380800[5.7]) @ 1127.0 SPS (1067.1). norm_m 239.80 norm_p 0.15 total_loss_m 0.022428 total_loss_p 1.098597 fea_loss 0.002028 done_loss 0.002146
[36m(ModelLearner pid=733241)[0m [dynamic-enduro-v5-test-10479] Steps 429536 (2386944[5.7]) @ 1127.4 SPS (1067.4). norm_m 1053.47 norm_p 0.19 total_loss_m 0.048174 total_loss_p 1.091449 fea_loss 0.002224 done_loss 0.025937
[36m(ActorLearner pid=733242)[0m [1;34m[dynamic-enduro-v5-test-10479] Steps 430096 @ 663.8 SPS (686.1). (T_q: 6.71) Eps 128. [0mRet [1;31m0.000000[0m (0.000000/0.000000). Loss -0.00 pg_loss 0.00 entropy_loss -0.63 reg_loss 0.00 total_norm 0.00 mean_abs_v 0.07 last_lr: 2.9871e-04
[36m(ModelLearner pid=733241)[0m [dynamic-enduro-v5-test-10479] Steps 430560 (2393088[5.7]) @ 1127.6 SPS (1067.6). norm_m 268.72 norm_p 0.14 total_loss_m 0.055040 total_loss_p 1.098591 fea_loss 0.005363 done_loss 0.001410
[36m(ModelLearner pid=733241)[0m [dynamic-enduro-v5-test-10479] Steps 431584 (2399232[5.7]) @ 1127.1 SPS (1067.8). norm_m 280.65 norm_p 0.11 total_loss_m 0.015276 total_loss_p 1.098613 fea_loss 0.001409 done_loss 0.001185
[36m(ActorLearner pid=733242)[0m [1;34m[dynamic-enduro-v5-test-10479] Steps 431904 @ 663.7 SPS (686.0). (T_q: 6.70) Eps 128. [0mRet [1;31m0.000000[0m (0.000000/0.000000). Loss -0.00 pg_loss 0.00 entropy_loss -0.63 reg_loss 0.00 total_norm 0.00 mean_abs_v 0.07 last_lr: 2.9870e-04
[36m(ModelLearner pid=733241)[0m [dynamic-enduro-v5-test-10479] Steps 432608 (2405376[5.7]) @ 1126.7 SPS (1067.9). norm_m 640.55 norm_p 0.14 total_loss_m 0.049873 total_loss_p 1.098593 fea_loss 0.004744 done_loss 0.002434
[36m(ModelLearner pid=733241)[0m [dynamic-enduro-v5-test-10479] Steps 433632 (2411520[5.7]) @ 1119.6 SPS (1067.6). norm_m 840.42 norm_p 0.15 total_loss_m 0.025705 total_loss_p 1.098600 fea_loss 0.002435 done_loss 0.001354
[36m(ActorLearner pid=733242)[0m [1;34m[dynamic-enduro-v5-test-10479] Steps 433664 @ 663.8 SPS (685.9). (T_q: 6.70) Eps 128. [0mRet [1;31m0.000000[0m (0.000000/0.000000). Loss -0.00 pg_loss 0.00 entropy_loss -0.59 reg_loss 0.00 total_norm 0.00 mean_abs_v 0.07 last_lr: 2.9870e-04
[36m(ModelLearner pid=733241)[0m [dynamic-enduro-v5-test-10479] Steps 434656 (2417664[5.7]) @ 1120.7 SPS (1067.9). norm_m 1350.54 norm_p 0.18 total_loss_m 0.024132 total_loss_p 1.098616 fea_loss 0.002311 done_loss 0.001025
[36m(ActorLearner pid=733242)[0m [1;34m[dynamic-enduro-v5-test-10479] Steps 435440 @ 664.6 SPS (685.8). (T_q: 6.61) Eps 128. [0mRet [1;31m0.000000[0m (0.000000/0.000000). Loss -0.00 pg_loss 0.00 entropy_loss -0.62 reg_loss 0.00 total_norm 0.00 mean_abs_v 0.07 last_lr: 2.9869e-04
[36m(ModelLearner pid=733241)[0m [dynamic-enduro-v5-test-10479] Steps 435664 (2423808[5.7]) @ 1121.0 SPS (1068.0). norm_m 1620.26 norm_p 0.17 total_loss_m 0.023877 total_loss_p 1.098604 fea_loss 0.002370 done_loss 0.000174
[36m(ModelLearner pid=733241)[0m [dynamic-enduro-v5-test-10479] Steps 436688 (2429952[5.7]) @ 1127.1 SPS (1068.3). norm_m 1503.70 norm_p 0.12 total_loss_m 0.014379 total_loss_p 1.098627 fea_loss 0.001383 done_loss 0.000554
[36m(ActorLearner pid=733242)[0m [1;34m[dynamic-enduro-v5-test-10479] Steps 437248 @ 664.7 SPS (685.8). (T_q: 6.44) Eps 128. [0mRet [1;31m0.000000[0m (0.000000/0.000000). Loss -0.00 pg_loss 0.00 entropy_loss -0.61 reg_loss 0.00 total_norm 0.00 mean_abs_v 0.07 last_lr: 2.9869e-04
[36m(ModelLearner pid=733241)[0m [dynamic-enduro-v5-test-10479] Steps 437712 (2436096[5.7]) @ 1128.3 SPS (1068.5). norm_m 990.22 norm_p 0.12 total_loss_m 0.014529 total_loss_p 1.098609 fea_loss 0.001425 done_loss 0.000275
[36m(ModelLearner pid=733241)[0m [dynamic-enduro-v5-test-10479] Steps 438736 (2442240[5.7]) @ 1127.1 SPS (1068.6). norm_m 1438.79 norm_p 0.11 total_loss_m 0.042956 total_loss_p 1.095747 fea_loss 0.003041 done_loss 0.012546
[36m(ActorLearner pid=733242)[0m [1;34m[dynamic-enduro-v5-test-10479] Steps 439056 @ 665.0 SPS (685.7). (T_q: 6.67) Eps 128. [0mRet [1;31m0.000000[0m (0.000000/0.000000). Loss -0.00 pg_loss 0.00 entropy_loss -0.60 reg_loss 0.00 total_norm 0.00 mean_abs_v 0.08 last_lr: 2.9868e-04
[36m(ModelLearner pid=733241)[0m [dynamic-enduro-v5-test-10479] Steps 439760 (2448384[5.7]) @ 1126.7 SPS (1068.8). norm_m 1545.13 norm_p 0.11 total_loss_m 0.038414 total_loss_p 1.091456 fea_loss 0.001274 done_loss 0.025671
[36m(ModelLearner pid=733241)[0m [dynamic-enduro-v5-test-10479] Steps 440784 (2454528[5.7]) @ 1119.7 SPS (1068.5). norm_m 643.15 norm_p 0.09 total_loss_m 0.021204 total_loss_p 1.097184 fea_loss 0.001390 done_loss 0.007309
[36m(ActorLearner pid=733242)[0m [1;34m[dynamic-enduro-v5-test-10479] Steps 440864 @ 664.9 SPS (685.6). (T_q: 6.63) Eps 128. [0mRet [1;31m0.000000[0m (0.000000/0.000000). Loss -0.00 pg_loss 0.00 entropy_loss -0.62 reg_loss 0.00 total_norm 0.00 mean_abs_v 0.08 last_lr: 2.9868e-04
[36m(ModelLearner pid=733241)[0m [dynamic-enduro-v5-test-10479] Steps 441808 (2460672[5.7]) @ 1119.3 SPS (1068.8). norm_m 429.33 norm_p 0.07 total_loss_m 0.013568 total_loss_p 1.098607 fea_loss 0.001286 done_loss 0.000709
[36m(ActorLearner pid=733242)[0m [1;34m[dynamic-enduro-v5-test-10479] Steps 441824 @ 664.7 SPS (685.5). (T_q: 3.54) Eps 128. [0mRet [1;31m0.000000[0m (0.000000/0.000000). Loss -0.00 pg_loss 0.00 entropy_loss -0.65 reg_loss 0.00 total_norm 0.00 mean_abs_v 0.08 last_lr: 2.9867e-04
[36m(ModelLearner pid=733241)[0m [dynamic-enduro-v5-test-10479] Steps 442832 (2466816[5.7]) @ 1119.7 SPS (1069.0). norm_m 600.84 norm_p 0.07 total_loss_m 0.009792 total_loss_p 1.098607 fea_loss 0.000952 done_loss 0.000275
[36m(ActorLearner pid=733242)[0m [1;34m[dynamic-enduro-v5-test-10479] Steps 443712 @ 667.9 SPS (685.4). (T_q: 6.38) Eps 128. [0mRet [1;31m0.000000[0m (0.000000/0.000000). Loss -0.00 pg_loss 0.00 entropy_loss -0.63 reg_loss 0.00 total_norm 0.00 mean_abs_v 0.07 last_lr: 2.9867e-04
[36m(ModelLearner pid=733241)[0m [dynamic-enduro-v5-test-10479] Steps 443856 (2472960[5.7]) @ 1120.9 SPS (1069.2). norm_m 978.85 norm_p 0.11 total_loss_m 0.009659 total_loss_p 1.098611 fea_loss 0.000940 done_loss 0.000258
[36m(ActorLearner pid=733242)[0m [1;34m[dynamic-enduro-v5-test-10479] Steps 444720 @ 664.3 SPS (685.3). (T_q: 3.62) Eps 128. [0mRet [1;31m0.000000[0m (0.000000/0.000000). Loss -0.00 pg_loss 0.00 entropy_loss -0.69 reg_loss 0.00 total_norm 0.00 mean_abs_v 0.07 last_lr: 2.9867e-04
[36m(ModelLearner pid=733241)[0m [dynamic-enduro-v5-test-10479] Steps 444880 (2479104[5.7]) @ 1128.3 SPS (1069.5). norm_m 843.55 norm_p 0.10 total_loss_m 0.024628 total_loss_p 1.095746 fea_loss 0.001199 done_loss 0.012642
[36m(ModelLearner pid=733241)[0m [dynamic-enduro-v5-test-10479] Steps 445904 (2485248[5.7]) @ 1130.2 SPS (1069.8). norm_m 733.39 norm_p 0.13 total_loss_m 0.026176 total_loss_p 1.098582 fea_loss 0.002495 done_loss 0.001227
[36m(ActorLearner pid=733242)[0m [1;34m[dynamic-enduro-v5-test-10479] Steps 446608 @ 663.3 SPS (685.2). (T_q: 6.69) Eps 128. [0mRet [1;31m0.000000[0m (0.000000/0.000000). Loss -0.00 pg_loss 0.00 entropy_loss -0.65 reg_loss 0.00 total_norm 0.00 mean_abs_v 0.07 last_lr: 2.9866e-04
[36m(ModelLearner pid=733241)[0m [dynamic-enduro-v5-test-10479] Steps 446928 (2491392[5.7]) @ 1131.0 SPS (1070.0). norm_m 322.57 norm_p 0.15 total_loss_m 0.008567 total_loss_p 1.098624 fea_loss 0.000764 done_loss 0.000924
[36m(ModelLearner pid=733241)[0m [dynamic-enduro-v5-test-10479] Steps 447824 (2496768[5.7]) @ 1129.1 SPS (1070.0). norm_m 574.15 norm_p 0.16 total_loss_m 0.024846 total_loss_p 1.092886 fea_loss 0.001152 done_loss 0.013326
[36m(ActorLearner pid=733242)[0m [1;34m[dynamic-enduro-v5-test-10479] Steps 448320 @ 664.0 SPS (685.2). (T_q: 6.32) Eps 128. [0mRet [1;31m0.000000[0m (0.000000/0.000000). Loss -0.00 pg_loss 0.00 entropy_loss -0.59 reg_loss 0.00 total_norm 0.00 mean_abs_v 0.06 last_lr: 2.9866e-04
[36m(ModelLearner pid=733241)[0m [dynamic-enduro-v5-test-10479] Steps 448848 (2502912[5.7]) @ 1128.3 SPS (1070.1). norm_m 974.05 norm_p 0.20 total_loss_m 0.013612 total_loss_p 1.098604 fea_loss 0.001225 done_loss 0.001367
[36m(ModelLearner pid=733241)[0m [dynamic-enduro-v5-test-10479] Steps 449872 (2509056[5.7]) @ 1127.6 SPS (1070.2). norm_m 448.87 norm_p 0.13 total_loss_m 0.009484 total_loss_p 1.098598 fea_loss 0.000845 done_loss 0.001039
[36m(ActorLearner pid=733242)[0m [1;34m[dynamic-enduro-v5-test-10479] Steps 450048 @ 664.5 SPS (685.1). (T_q: 6.81) Eps 128. [0mRet [1;31m0.000000[0m (0.000000/0.000000). Loss -0.00 pg_loss 0.00 entropy_loss -0.58 reg_loss 0.00 total_norm 0.00 mean_abs_v 0.06 last_lr: 2.9865e-04
[36m(ModelLearner pid=733241)[0m [dynamic-enduro-v5-test-10479] Steps 450880 (2515200[5.7]) @ 1121.3 SPS (1069.9). norm_m 876.41 norm_p 0.11 total_loss_m 0.031337 total_loss_p 1.098618 fea_loss 0.003084 done_loss 0.000494
[36m(ActorLearner pid=733242)[0m [1;34m[dynamic-enduro-v5-test-10479] Steps 451792 @ 664.8 SPS (685.1). (T_q: 6.44) Eps 128. [0mRet [1;31m0.000000[0m (0.000000/0.000000). Loss -0.00 pg_loss 0.00 entropy_loss -0.58 reg_loss 0.00 total_norm 0.00 mean_abs_v 0.06 last_lr: 2.9864e-04
[36m(ModelLearner pid=733241)[0m [dynamic-enduro-v5-test-10479] Steps 451920 (2521344[5.7]) @ 1121.0 SPS (1070.1). norm_m 229.84 norm_p 0.12 total_loss_m 0.024235 total_loss_p 1.094312 fea_loss 0.000728 done_loss 0.016956
[36m(ModelLearner pid=733241)[0m [dynamic-enduro-v5-test-10479] Steps 452944 (2527488[5.7]) @ 1124.5 SPS (1070.3). norm_m 286.26 norm_p 0.15 total_loss_m 0.008543 total_loss_p 1.098611 fea_loss 0.000799 done_loss 0.000554
[36m(ActorLearner pid=733242)[0m [1;34m[dynamic-enduro-v5-test-10479] Steps 453536 @ 665.2 SPS (685.1). (T_q: 6.71) Eps 128. [0mRet [1;31m0.000000[0m (0.000000/0.000000). Loss -0.00 pg_loss 0.00 entropy_loss -0.59 reg_loss 0.00 total_norm 0.00 mean_abs_v 0.07 last_lr: 2.9864e-04
[36m(ModelLearner pid=733241)[0m [dynamic-enduro-v5-test-10479] Steps 453952 (2533632[5.7]) @ 1123.1 SPS (1070.4). norm_m 431.45 norm_p 0.09 total_loss_m 0.020815 total_loss_p 1.098584 fea_loss 0.002039 done_loss 0.000426
[36m(ModelLearner pid=733241)[0m [dynamic-enduro-v5-test-10479] Steps 454976 (2539776[5.7]) @ 1122.4 SPS (1070.6). norm_m 288.77 norm_p 0.13 total_loss_m 0.008252 total_loss_p 1.098611 fea_loss 0.000774 done_loss 0.000515
[36m(ActorLearner pid=733242)[0m [1;34m[dynamic-enduro-v5-test-10479] Steps 455280 @ 665.3 SPS (685.0). (T_q: 6.73) Eps 128. [0mRet [1;31m0.000000[0m (0.000000/0.000000). Loss -0.00 pg_loss 0.00 entropy_loss -0.61 reg_loss 0.00 total_norm 0.00 mean_abs_v 0.07 last_lr: 2.9863e-04
[36m(ModelLearner pid=733241)[0m [dynamic-enduro-v5-test-10479] Steps 456000 (2545920[5.7]) @ 1122.2 SPS (1070.7). norm_m 1328.49 norm_p 0.13 total_loss_m 0.025342 total_loss_p 1.098614 fea_loss 0.002481 done_loss 0.000533
[36m(ModelLearner pid=733241)[0m [dynamic-enduro-v5-test-10479] Steps 457024 (2552064[5.7]) @ 1117.4 SPS (1070.5). norm_m 407.91 norm_p 0.14 total_loss_m 0.027983 total_loss_p 1.098586 fea_loss 0.002688 done_loss 0.001104
[36m(ActorLearner pid=733242)[0m [1;34m[dynamic-enduro-v5-test-10479] Steps 457088 @ 665.2 SPS (684.9). (T_q: 6.56) Eps 128. [0mRet [1;31m0.000000[0m (0.000000/0.000000). Loss -0.00 pg_loss 0.00 entropy_loss -0.63 reg_loss 0.00 total_norm 0.00 mean_abs_v 0.08 last_lr: 2.9863e-04
[36m(ModelLearner pid=733241)[0m [dynamic-enduro-v5-test-10479] Steps 458048 (2558208[5.7]) @ 1117.4 SPS (1070.7). norm_m 1423.90 norm_p 0.12 total_loss_m 0.029849 total_loss_p 1.098602 fea_loss 0.002882 done_loss 0.001027
[36m(ActorLearner pid=733242)[0m [1;34m[dynamic-enduro-v5-test-10479] Steps 458944 @ 665.7 SPS (684.8). (T_q: 6.82) Eps 128. [0mRet [1;31m0.000000[0m (0.000000/0.000000). Loss -0.00 pg_loss 0.00 entropy_loss -0.63 reg_loss 0.00 total_norm 0.00 mean_abs_v 0.08 last_lr: 2.9862e-04
[36m(ModelLearner pid=733241)[0m [dynamic-enduro-v5-test-10479] Steps 459072 (2564352[5.7]) @ 1117.8 SPS (1071.0). norm_m 316.70 norm_p 0.10 total_loss_m 0.006166 total_loss_p 1.098604 fea_loss 0.000584 done_loss 0.000329
[36m(ModelLearner pid=733241)[0m [dynamic-enduro-v5-test-10479] Steps 460096 (2570496[5.7]) @ 1124.2 SPS (1071.1). norm_m 947.88 norm_p 0.12 total_loss_m 0.013423 total_loss_p 1.098627 fea_loss 0.001244 done_loss 0.000980
[36m(ActorLearner pid=733242)[0m [1;34m[dynamic-enduro-v5-test-10479] Steps 460800 @ 665.8 SPS (684.7). (T_q: 6.53) Eps 128. [0mRet [1;31m0.000000[0m (0.000000/0.000000). Loss -0.00 pg_loss 0.00 entropy_loss -0.62 reg_loss 0.00 total_norm 0.00 mean_abs_v 0.08 last_lr: 2.9862e-04
[36m(ModelLearner pid=733241)[0m [dynamic-enduro-v5-test-10479] Steps 461120 (2576640[5.7]) @ 1127.8 SPS (1071.3). norm_m 156.03 norm_p 0.13 total_loss_m 0.007188 total_loss_p 1.098582 fea_loss 0.000626 done_loss 0.000928
[36m(ActorLearner pid=733242)[0m [1;34m[dynamic-enduro-v5-test-10479] Steps 461760 @ 665.3 SPS (684.6). (T_q: 3.46) Eps 128. [0mRet [1;31m0.000000[0m (0.000000/0.000000). Loss -0.00 pg_loss 0.00 entropy_loss -0.65 reg_loss 0.00 total_norm 0.00 mean_abs_v 0.08 last_lr: 2.9861e-04
[36m(ModelLearner pid=733241)[0m [dynamic-enduro-v5-test-10479] Steps 462128 (2582784[5.7]) @ 1129.4 SPS (1071.6). norm_m 422.82 norm_p 0.09 total_loss_m 0.007741 total_loss_p 1.098587 fea_loss 0.000762 done_loss 0.000122
[36m(ModelLearner pid=733241)[0m [dynamic-enduro-v5-test-10479] Steps 463152 (2588928[5.7]) @ 1127.7 SPS (1071.7). norm_m 366.92 norm_p 0.13 total_loss_m 0.017319 total_loss_p 1.098610 fea_loss 0.001717 done_loss 0.000145
[36m(ActorLearner pid=733242)[0m [1;34m[dynamic-enduro-v5-test-10479] Steps 463552 @ 666.0 SPS (684.5). (T_q: 6.42) Eps 128. [0mRet [1;31m0.000000[0m (0.000000/0.000000). Loss -0.00 pg_loss 0.00 entropy_loss -0.58 reg_loss 0.00 total_norm 0.00 mean_abs_v 0.08 last_lr: 2.9861e-04
[36m(ModelLearner pid=733241)[0m [dynamic-enduro-v5-test-10479] Steps 464176 (2595072[5.7]) @ 1128.0 SPS (1071.9). norm_m 769.30 norm_p 0.15 total_loss_m 0.007866 total_loss_p 1.098585 fea_loss 0.000754 done_loss 0.000329
[36m(ModelLearner pid=733241)[0m [dynamic-enduro-v5-test-10479] Steps 465328 (2601984[5.7]) @ 1124.0 SPS (1071.8). norm_m 355.42 norm_p 0.07 total_loss_m 0.020729 total_loss_p 1.098618 fea_loss 0.002006 done_loss 0.000670
[36m(ActorLearner pid=733242)[0m [1;34m[dynamic-enduro-v5-test-10479] Steps 465376 @ 666.5 SPS (684.6). (T_q: 6.36) Eps 128. [0mRet [1;31m0.000000[0m (0.000000/0.000000). Loss -0.00 pg_loss 0.00 entropy_loss -0.63 reg_loss 0.00 total_norm 0.00 mean_abs_v 0.08 last_lr: 2.9860e-04
[36m(ModelLearner pid=733241)[0m [dynamic-enduro-v5-test-10479] Steps 466352 (2608128[5.7]) @ 1124.1 SPS (1072.0). norm_m 783.45 norm_p 0.07 total_loss_m 0.007400 total_loss_p 1.098619 fea_loss 0.000663 done_loss 0.000769
[36m(ActorLearner pid=733242)[0m [1;34m[dynamic-enduro-v5-test-10479] Steps 467200 @ 665.8 SPS (684.5). (T_q: 6.63) Eps 128. [0mRet [1;31m0.000000[0m (0.000000/0.000000). Loss -0.00 pg_loss 0.00 entropy_loss -0.62 reg_loss 0.00 total_norm 0.00 mean_abs_v 0.07 last_lr: 2.9860e-04
[36m(ModelLearner pid=733241)[0m [dynamic-enduro-v5-test-10479] Steps 467376 (2614272[5.7]) @ 1124.2 SPS (1072.2). norm_m 301.13 norm_p 0.14 total_loss_m 0.006374 total_loss_p 1.098596 fea_loss 0.000613 done_loss 0.000248
[36m(ModelLearner pid=733241)[0m [dynamic-enduro-v5-test-10479] Steps 468400 (2620416[5.7]) @ 1123.4 SPS (1072.3). norm_m 326.80 norm_p 0.07 total_loss_m 0.005794 total_loss_p 1.098609 fea_loss 0.000554 done_loss 0.000249
[36m(ActorLearner pid=733242)[0m [1;34m[dynamic-enduro-v5-test-10479] Steps 468960 @ 666.0 SPS (684.4). (T_q: 6.37) Eps 128. [0mRet [1;31m0.000000[0m (0.000000/0.000000). Loss -0.00 pg_loss 0.00 entropy_loss -0.59 reg_loss 0.00 total_norm 0.00 mean_abs_v 0.07 last_lr: 2.9859e-04
[36m(ModelLearner pid=733241)[0m [dynamic-enduro-v5-test-10479] Steps 469424 (2626560[5.7]) @ 1130.0 SPS (1072.4). norm_m 537.52 norm_p 0.15 total_loss_m 0.006843 total_loss_p 1.098592 fea_loss 0.000680 done_loss 0.000043
[36m(ModelLearner pid=733241)[0m [dynamic-enduro-v5-test-10479] Steps 470448 (2632704[5.7]) @ 1129.6 SPS (1072.6). norm_m 339.91 norm_p 0.08 total_loss_m 0.011249 total_loss_p 1.098608 fea_loss 0.001113 done_loss 0.000123
[36m(ActorLearner pid=733242)[0m [1;34m[dynamic-enduro-v5-test-10479] Steps 470800 @ 666.0 SPS (684.3). (T_q: 6.49) Eps 128. [0mRet [1;31m0.000000[0m (0.000000/0.000000). Loss -0.00 pg_loss 0.00 entropy_loss -0.63 reg_loss 0.00 total_norm 0.00 mean_abs_v 0.07 last_lr: 2.9859e-04
[36m(ModelLearner pid=733241)[0m [dynamic-enduro-v5-test-10479] Steps 471472 (2638848[5.7]) @ 1129.6 SPS (1072.8). norm_m 582.73 norm_p 0.07 total_loss_m 0.009054 total_loss_p 1.098604 fea_loss 0.000881 done_loss 0.000239
[36m(ModelLearner pid=733241)[0m [dynamic-enduro-v5-test-10479] Steps 472496 (2644992[5.7]) @ 1123.7 SPS (1072.6). norm_m 373.14 norm_p 0.10 total_loss_m 0.019866 total_loss_p 1.098596 fea_loss 0.001955 done_loss 0.000317
[36m(ActorLearner pid=733242)[0m [1;34m[dynamic-enduro-v5-test-10479] Steps 472608 @ 666.3 SPS (684.3). (T_q: 6.74) Eps 128. [0mRet [1;31m0.000000[0m (0.000000/0.000000). Loss -0.00 pg_loss 0.00 entropy_loss -0.63 reg_loss 0.00 total_norm 0.00 mean_abs_v 0.07 last_lr: 2.9858e-04
[36m(ModelLearner pid=733241)[0m [dynamic-enduro-v5-test-10479] Steps 473520 (2651136[5.7]) @ 1122.3 SPS (1072.6). norm_m 194.50 norm_p 0.12 total_loss_m 0.009555 total_loss_p 1.098617 fea_loss 0.000905 done_loss 0.000506
[36m(ActorLearner pid=733242)[0m [1;34m[dynamic-enduro-v5-test-10479] Steps 474384 @ 666.2 SPS (684.2). (T_q: 6.86) Eps 128. [0mRet [1;31m0.000000[0m (0.000000/0.000000). Loss -0.00 pg_loss 0.00 entropy_loss -0.62 reg_loss 0.00 total_norm 0.00 mean_abs_v 0.07 last_lr: 2.9858e-04
[36m(ModelLearner pid=733241)[0m [dynamic-enduro-v5-test-10479] Steps 474544 (2657280[5.7]) @ 1123.4 SPS (1072.8). norm_m 607.20 norm_p 0.13 total_loss_m 0.055111 total_loss_p 1.098607 fea_loss 0.005469 done_loss 0.000420
[36m(ActorLearner pid=733242)[0m [1;34m[dynamic-enduro-v5-test-10479] Steps 475328 @ 665.5 SPS (684.1). (T_q: 3.55) Eps 128. [0mRet [1;31m0.000000[0m (0.000000/0.000000). Loss -0.00 pg_loss 0.00 entropy_loss -0.63 reg_loss 0.00 total_norm 0.00 mean_abs_v 0.07 last_lr: 2.9857e-04
[36m(ModelLearner pid=733241)[0m [dynamic-enduro-v5-test-10479] Steps 475568 (2663424[5.7]) @ 1123.6 SPS (1073.0). norm_m 699.52 norm_p 0.09 total_loss_m 0.017440 total_loss_p 1.098617 fea_loss 0.001720 done_loss 0.000238
[36m(ModelLearner pid=733241)[0m [dynamic-enduro-v5-test-10479] Steps 476592 (2669568[5.7]) @ 1129.9 SPS (1073.2). norm_m 263.07 norm_p 0.08 total_loss_m 0.021675 total_loss_p 1.098632 fea_loss 0.002085 done_loss 0.000822
[36m(ActorLearner pid=733242)[0m [1;34m[dynamic-enduro-v5-test-10479] Steps 477216 @ 665.1 SPS (684.0). (T_q: 6.74) Eps 128. [0mRet [1;31m0.000000[0m (0.000000/0.000000). Loss -0.00 pg_loss 0.00 entropy_loss -0.63 reg_loss 0.00 total_norm 0.00 mean_abs_v 0.07 last_lr: 2.9857e-04
[36m(ModelLearner pid=733241)[0m [dynamic-enduro-v5-test-10479] Steps 477616 (2675712[5.7]) @ 1129.1 SPS (1073.4). norm_m 362.23 norm_p 0.09 total_loss_m 0.008477 total_loss_p 1.098619 fea_loss 0.000793 done_loss 0.000546
[36m(SelfPlayWorker pid=733238)[0m [DEBUG] Episode termination detected:
[36m(SelfPlayWorker pid=733238)[0m   - done: tensor([False, False, False, False, False,  True, False, False, False, False,
[36m(SelfPlayWorker pid=733238)[0m         False, False, False, False, False, False], device='cuda:0')
[36m(SelfPlayWorker pid=733238)[0m   - truncated_done: tensor([False, False, False, False, False, False, False, False, False, False,
[36m(SelfPlayWorker pid=733238)[0m         False, False, False, False, False, False], device='cuda:0')
[36m(SelfPlayWorker pid=733238)[0m   - real_done: tensor([False, False, False, False, False,  True, False, False, False, False,
[36m(SelfPlayWorker pid=733238)[0m         False, False, False, False, False, False], device='cuda:0')
[36m(SelfPlayWorker pid=733238)[0m   - step_status: tensor([0, 0, 0, 0, 0, 0, 0, 0, 0, 0, 0, 0, 0, 0, 0, 0], device='cuda:0')
[36m(SelfPlayWorker pid=733238)[0m   - counter: 106832
[36m(SelfPlayWorker pid=733238)[0m [DEBUG] Episode termination detected:
[36m(SelfPlayWorker pid=733238)[0m   - done: tensor([ True, False, False, False, False, False, False, False, False, False,
[36m(SelfPlayWorker pid=733238)[0m         False, False, False,  True, False, False], device='cuda:0')
[36m(SelfPlayWorker pid=733238)[0m   - truncated_done: tensor([False, False, False, False, False, False, False, False, False, False,
[36m(SelfPlayWorker pid=733238)[0m         False, False, False, False, False, False], device='cuda:0')
[36m(SelfPlayWorker pid=733238)[0m   - real_done: tensor([ True, False, False, False, False, False, False, False, False, False,
[36m(SelfPlayWorker pid=733238)[0m         False, False, False,  True, False, False], device='cuda:0')
[36m(SelfPlayWorker pid=733238)[0m   - step_status: tensor([0, 0, 0, 0, 0, 0, 0, 0, 0, 0, 0, 0, 0, 0, 0, 0], device='cuda:0')
[36m(SelfPlayWorker pid=733238)[0m   - counter: 106850
[36m(SelfPlayWorker pid=733238)[0m [DEBUG] Episode termination detected:
[36m(SelfPlayWorker pid=733238)[0m   - done: tensor([False, False, False, False, False, False, False,  True, False, False,
[36m(SelfPlayWorker pid=733238)[0m         False,  True, False, False, False, False], device='cuda:0')
[36m(SelfPlayWorker pid=733238)[0m   - truncated_done: tensor([False, False, False, False, False, False, False, False, False, False,
[36m(SelfPlayWorker pid=733238)[0m         False, False, False, False, False, False], device='cuda:0')
[36m(SelfPlayWorker pid=733238)[0m   - real_done: tensor([False, False, False, False, False, False, False,  True, False, False,
[36m(SelfPlayWorker pid=733238)[0m         False,  True, False, False, False, False], device='cuda:0')
[36m(SelfPlayWorker pid=733238)[0m   - step_status: tensor([0, 0, 0, 0, 0, 0, 0, 0, 0, 0, 0, 0, 0, 0, 0, 0], device='cuda:0')
[36m(SelfPlayWorker pid=733238)[0m   - counter: 106854
[36m(SelfPlayWorker pid=733238)[0m [DEBUG] Episode termination detected:
[36m(SelfPlayWorker pid=733238)[0m   - done: tensor([False, False, False, False,  True, False, False, False, False, False,
[36m(SelfPlayWorker pid=733238)[0m         False, False, False, False, False, False], device='cuda:0')
[36m(SelfPlayWorker pid=733238)[0m   - truncated_done: tensor([False, False, False, False, False, False, False, False, False, False,
[36m(SelfPlayWorker pid=733238)[0m         False, False, False, False, False, False], device='cuda:0')
[36m(SelfPlayWorker pid=733238)[0m   - real_done: tensor([False, False, False, False,  True, False, False, False, False, False,
[36m(SelfPlayWorker pid=733238)[0m         False, False, False, False, False, False], device='cuda:0')
[36m(SelfPlayWorker pid=733238)[0m   - step_status: tensor([0, 0, 0, 0, 0, 0, 0, 0, 0, 0, 0, 0, 0, 0, 0, 0], device='cuda:0')
[36m(SelfPlayWorker pid=733238)[0m   - counter: 106857
[36m(SelfPlayWorker pid=733238)[0m [DEBUG] Episode termination detected:
[36m(SelfPlayWorker pid=733238)[0m   - done: tensor([False, False, False,  True, False, False, False, False, False, False,
[36m(SelfPlayWorker pid=733238)[0m         False, False, False, False, False, False], device='cuda:0')
[36m(SelfPlayWorker pid=733238)[0m   - truncated_done: tensor([False, False, False, False, False, False, False, False, False, False,
[36m(SelfPlayWorker pid=733238)[0m         False, False, False, False, False, False], device='cuda:0')
[36m(SelfPlayWorker pid=733238)[0m   - real_done: tensor([False, False, False,  True, False, False, False, False, False, False,
[36m(SelfPlayWorker pid=733238)[0m         False, False, False, False, False, False], device='cuda:0')
[36m(SelfPlayWorker pid=733238)[0m   - step_status: tensor([0, 0, 0, 0, 0, 0, 0, 0, 0, 0, 0, 0, 0, 0, 0, 0], device='cuda:0')
[36m(SelfPlayWorker pid=733238)[0m   - counter: 106863
[36m(SelfPlayWorker pid=733238)[0m [DEBUG] Episode termination detected:
[36m(SelfPlayWorker pid=733238)[0m   - done: tensor([False, False, False, False, False, False, False, False, False,  True,
[36m(SelfPlayWorker pid=733238)[0m         False, False, False, False, False,  True], device='cuda:0')
[36m(SelfPlayWorker pid=733238)[0m   - truncated_done: tensor([False, False, False, False, False, False, False, False, False, False,
[36m(SelfPlayWorker pid=733238)[0m         False, False, False, False, False, False], device='cuda:0')
[36m(SelfPlayWorker pid=733238)[0m   - real_done: tensor([False, False, False, False, False, False, False, False, False,  True,
[36m(SelfPlayWorker pid=733238)[0m         False, False, False, False, False,  True], device='cuda:0')
[36m(SelfPlayWorker pid=733238)[0m   - step_status: tensor([0, 0, 0, 0, 0, 0, 0, 0, 0, 0, 0, 0, 0, 0, 0, 0], device='cuda:0')
[36m(SelfPlayWorker pid=733238)[0m   - counter: 106869
[36m(SelfPlayWorker pid=733238)[0m [DEBUG] Episode termination detected:
[36m(SelfPlayWorker pid=733238)[0m   - done: tensor([False, False, False, False, False, False, False, False, False, False,
[36m(SelfPlayWorker pid=733238)[0m         False, False, False, False,  True, False], device='cuda:0')
[36m(SelfPlayWorker pid=733238)[0m   - truncated_done: tensor([False, False, False, False, False, False, False, False, False, False,
[36m(SelfPlayWorker pid=733238)[0m         False, False, False, False, False, False], device='cuda:0')
[36m(SelfPlayWorker pid=733238)[0m   - real_done: tensor([False, False, False, False, False, False, False, False, False, False,
[36m(SelfPlayWorker pid=733238)[0m         False, False, False, False,  True, False], device='cuda:0')
[36m(SelfPlayWorker pid=733238)[0m   - step_status: tensor([0, 0, 0, 0, 0, 0, 0, 0, 0, 0, 0, 0, 0, 0, 0, 0], device='cuda:0')
[36m(SelfPlayWorker pid=733238)[0m   - counter: 106872
[36m(SelfPlayWorker pid=733238)[0m [DEBUG] Episode termination detected:
[36m(SelfPlayWorker pid=733238)[0m   - done: tensor([False, False, False, False, False, False,  True, False, False, False,
[36m(SelfPlayWorker pid=733238)[0m          True, False, False, False, False, False], device='cuda:0')
[36m(SelfPlayWorker pid=733238)[0m   - truncated_done: tensor([False, False, False, False, False, False, False, False, False, False,
[36m(SelfPlayWorker pid=733238)[0m         False, False, False, False, False, False], device='cuda:0')
[36m(SelfPlayWorker pid=733238)[0m   - real_done: tensor([False, False, False, False, False, False,  True, False, False, False,
[36m(SelfPlayWorker pid=733238)[0m          True, False, False, False, False, False], device='cuda:0')
[36m(SelfPlayWorker pid=733238)[0m   - step_status: tensor([0, 0, 0, 0, 0, 0, 0, 0, 0, 0, 0, 0, 0, 0, 0, 0], device='cuda:0')
[36m(SelfPlayWorker pid=733238)[0m   - counter: 106881
[36m(ModelLearner pid=733241)[0m [dynamic-enduro-v5-test-10479] Steps 478640 (2681856[5.7]) @ 1128.2 SPS (1073.5). norm_m 267.29 norm_p 0.11 total_loss_m 0.008318 total_loss_p 1.098577 fea_loss 0.000792 done_loss 0.000394
[36m(SelfPlayWorker pid=733238)[0m [DEBUG] Episode termination detected:
[36m(SelfPlayWorker pid=733238)[0m   - done: tensor([False, False,  True, False, False, False, False, False, False, False,
[36m(SelfPlayWorker pid=733238)[0m         False, False, False, False, False, False], device='cuda:0')
[36m(SelfPlayWorker pid=733238)[0m   - truncated_done: tensor([False, False, False, False, False, False, False, False, False, False,
[36m(SelfPlayWorker pid=733238)[0m         False, False, False, False, False, False], device='cuda:0')
[36m(SelfPlayWorker pid=733238)[0m   - real_done: tensor([False, False,  True, False, False, False, False, False, False, False,
[36m(SelfPlayWorker pid=733238)[0m         False, False, False, False, False, False], device='cuda:0')
[36m(SelfPlayWorker pid=733238)[0m   - step_status: tensor([0, 0, 0, 0, 0, 0, 0, 0, 0, 0, 0, 0, 0, 0, 0, 0], device='cuda:0')
[36m(SelfPlayWorker pid=733238)[0m   - counter: 106891
[36m(SelfPlayWorker pid=733238)[0m [DEBUG] Episode termination detected:
[36m(SelfPlayWorker pid=733238)[0m   - done: tensor([False, False, False, False, False, False, False, False, False, False,
[36m(SelfPlayWorker pid=733238)[0m         False, False,  True, False, False, False], device='cuda:0')
[36m(SelfPlayWorker pid=733238)[0m   - truncated_done: tensor([False, False, False, False, False, False, False, False, False, False,
[36m(SelfPlayWorker pid=733238)[0m         False, False, False, False, False, False], device='cuda:0')
[36m(SelfPlayWorker pid=733238)[0m   - real_done: tensor([False, False, False, False, False, False, False, False, False, False,
[36m(SelfPlayWorker pid=733238)[0m         False, False,  True, False, False, False], device='cuda:0')
[36m(SelfPlayWorker pid=733238)[0m   - step_status: tensor([0, 0, 0, 0, 0, 0, 0, 0, 0, 0, 0, 0, 0, 0, 0, 0], device='cuda:0')
[36m(SelfPlayWorker pid=733238)[0m   - counter: 106906
[36m(SelfPlayWorker pid=733238)[0m [DEBUG] Episode termination detected:
[36m(SelfPlayWorker pid=733238)[0m   - done: tensor([False, False, False, False, False, False, False, False,  True, False,
[36m(SelfPlayWorker pid=733238)[0m         False, False, False, False, False, False], device='cuda:0')
[36m(SelfPlayWorker pid=733238)[0m   - truncated_done: tensor([False, False, False, False, False, False, False, False, False, False,
[36m(SelfPlayWorker pid=733238)[0m         False, False, False, False, False, False], device='cuda:0')
[36m(SelfPlayWorker pid=733238)[0m   - real_done: tensor([False, False, False, False, False, False, False, False,  True, False,
[36m(SelfPlayWorker pid=733238)[0m         False, False, False, False, False, False], device='cuda:0')
[36m(SelfPlayWorker pid=733238)[0m   - step_status: tensor([0, 0, 0, 0, 0, 0, 0, 0, 0, 0, 0, 0, 0, 0, 0, 0], device='cuda:0')
[36m(SelfPlayWorker pid=733238)[0m   - counter: 106915
[36m(SelfPlayWorker pid=733238)[0m [DEBUG] Episode termination detected:
[36m(SelfPlayWorker pid=733238)[0m   - done: tensor([False,  True, False, False, False, False, False, False, False, False,
[36m(SelfPlayWorker pid=733238)[0m         False, False, False, False, False, False], device='cuda:0')
[36m(SelfPlayWorker pid=733238)[0m   - truncated_done: tensor([False, False, False, False, False, False, False, False, False, False,
[36m(SelfPlayWorker pid=733238)[0m         False, False, False, False, False, False], device='cuda:0')
[36m(SelfPlayWorker pid=733238)[0m   - real_done: tensor([False,  True, False, False, False, False, False, False, False, False,
[36m(SelfPlayWorker pid=733238)[0m         False, False, False, False, False, False], device='cuda:0')
[36m(SelfPlayWorker pid=733238)[0m   - step_status: tensor([0, 0, 0, 0, 0, 0, 0, 0, 0, 0, 0, 0, 0, 0, 0, 0], device='cuda:0')
[36m(SelfPlayWorker pid=733238)[0m   - counter: 106918
[36m(ActorLearner pid=733242)[0m [DEBUG] Episode counter increased:
[36m(ActorLearner pid=733242)[0m   - real_done_count: 16
[36m(ActorLearner pid=733242)[0m   - tot_eps: 144
[36m(ActorLearner pid=733242)[0m   - train_actor_out.real_done: tensor([[False, False, False,  ..., False, False, False],
[36m(ActorLearner pid=733242)[0m         [False, False, False,  ..., False, False, False],
[36m(ActorLearner pid=733242)[0m         [False, False, False,  ..., False, False, False],
[36m(ActorLearner pid=733242)[0m         ...,
[36m(ActorLearner pid=733242)[0m         [False, False, False,  ..., False, False, False],
[36m(ActorLearner pid=733242)[0m         [False, False, False,  ..., False, False, False],
[36m(ActorLearner pid=733242)[0m         [False, False, False,  ..., False, False, False]], device='cuda:0')
[36m(ActorLearner pid=733242)[0m   - train_actor_out.done: tensor([[False, False, False,  ..., False, False, False],
[36m(ActorLearner pid=733242)[0m         [False, False, False,  ..., False, False, False],
[36m(ActorLearner pid=733242)[0m         [False, False, False,  ..., False, False, False],
[36m(ActorLearner pid=733242)[0m         ...,
[36m(ActorLearner pid=733242)[0m         [False, False, False,  ..., False, False, False],
[36m(ActorLearner pid=733242)[0m         [False, False, False,  ..., False, False, False],
[36m(ActorLearner pid=733242)[0m         [False, False, False,  ..., False, False, False]], device='cuda:0')
[36m(ActorLearner pid=733242)[0m   - train_actor_out.truncated_done: tensor([[False, False, False,  ..., False, False, False],
[36m(ActorLearner pid=733242)[0m         [False, False, False,  ..., False, False, False],
[36m(ActorLearner pid=733242)[0m         [False, False, False,  ..., False, False, False],
[36m(ActorLearner pid=733242)[0m         ...,
[36m(ActorLearner pid=733242)[0m         [False, False, False,  ..., False, False, False],
[36m(ActorLearner pid=733242)[0m         [False, False, False,  ..., False, False, False],
[36m(ActorLearner pid=733242)[0m         [False, False, False,  ..., False, False, False]], device='cuda:0')
[36m(ActorLearner pid=733242)[0m [1;34m[dynamic-enduro-v5-test-10479] Steps 479040 @ 663.8 SPS (683.8). (T_q: 7.07) Eps 144. [0mRet [1;31m0.000000[0m (0.000000/0.000000). Loss -0.00 pg_loss 0.00 entropy_loss -0.65 reg_loss 0.00 total_norm 0.00 mean_abs_v 0.07 last_lr: 2.9856e-04
[36m(ModelLearner pid=733241)[0m [dynamic-enduro-v5-test-10479] Steps 479664 (2688000[5.7]) @ 1128.0 SPS (1073.7). norm_m 156.34 norm_p 0.10 total_loss_m 0.006405 total_loss_p 1.098590 fea_loss 0.000632 done_loss 0.000086
[36m(ActorLearner pid=733242)[0m Sent real_step update to ActorBuffer: 480000
[36m(ModelLearner pid=733241)[0m [dynamic-enduro-v5-test-10479] Steps 480688 (2694144[5.7]) @ 1128.2 SPS (1073.9). norm_m 764.21 norm_p 0.08 total_loss_m 0.046839 total_loss_p 1.091466 fea_loss 0.000831 done_loss 0.038526
[36m(ActorLearner pid=733242)[0m [1;34m[dynamic-enduro-v5-test-10479] Steps 480944 @ 664.0 SPS (683.7). (T_q: 6.62) Eps 144. [0mRet [1;31m0.000000[0m (0.000000/0.000000). Loss -0.00 pg_loss 0.00 entropy_loss -0.65 reg_loss 0.00 total_norm 0.00 mean_abs_v 0.07 last_lr: 2.9856e-04
[36m(ModelLearner pid=733241)[0m [dynamic-enduro-v5-test-10479] Steps 481712 (2700288[5.7]) @ 1128.2 SPS (1074.2). norm_m 472.11 norm_p 0.07 total_loss_m 0.041546 total_loss_p 1.091442 fea_loss 0.001623 done_loss 0.025319
[36m(ModelLearner pid=733241)[0m [dynamic-enduro-v5-test-10479] Steps 482736 (2706432[5.7]) @ 1121.5 SPS (1073.9). norm_m 499.51 norm_p 0.10 total_loss_m 0.047271 total_loss_p 1.095744 fea_loss 0.003505 done_loss 0.012225
[36m(ActorLearner pid=733242)[0m [1;34m[dynamic-enduro-v5-test-10479] Steps 482768 @ 664.2 SPS (683.7). (T_q: 6.52) Eps 144. [0mRet [1;31m0.000000[0m (0.000000/0.000000). Loss -0.00 pg_loss 0.00 entropy_loss -0.61 reg_loss 0.00 total_norm 0.00 mean_abs_v 0.07 last_lr: 2.9855e-04
[36m(ModelLearner pid=733241)[0m [dynamic-enduro-v5-test-10479] Steps 483760 (2712576[5.7]) @ 1123.1 SPS (1074.0). norm_m 606.26 norm_p 0.08 total_loss_m 0.028242 total_loss_p 1.098618 fea_loss 0.002645 done_loss 0.001789
[36m(ActorLearner pid=733242)[0m [1;34m[dynamic-enduro-v5-test-10479] Steps 484544 @ 663.8 SPS (683.6). (T_q: 6.44) Eps 144. [0mRet [1;31m0.000000[0m (0.000000/0.000000). Loss -0.00 pg_loss 0.00 entropy_loss -0.61 reg_loss 0.00 total_norm 0.00 mean_abs_v 0.07 last_lr: 2.9855e-04
[36m(ModelLearner pid=733241)[0m [dynamic-enduro-v5-test-10479] Steps 484768 (2718720[5.7]) @ 1124.0 SPS (1074.2). norm_m 799.61 norm_p 0.14 total_loss_m 0.012908 total_loss_p 1.098605 fea_loss 0.001166 done_loss 0.001246
[36m(ModelLearner pid=733241)[0m [dynamic-enduro-v5-test-10479] Steps 485792 (2724864[5.7]) @ 1124.5 SPS (1074.3). norm_m 381.54 norm_p 0.06 total_loss_m 0.012452 total_loss_p 1.098598 fea_loss 0.001011 done_loss 0.002339
[36m(ActorLearner pid=733242)[0m [1;34m[dynamic-enduro-v5-test-10479] Steps 486320 @ 664.8 SPS (683.6). (T_q: 6.40) Eps 144. [0mRet [1;31m0.000000[0m (0.000000/0.000000). Loss -0.00 pg_loss 0.00 entropy_loss -0.61 reg_loss 0.00 total_norm 0.00 mean_abs_v 0.06 last_lr: 2.9854e-04
[36m(ModelLearner pid=733241)[0m [dynamic-enduro-v5-test-10479] Steps 486832 (2731008[5.7]) @ 1131.1 SPS (1074.5). norm_m 583.95 norm_p 0.10 total_loss_m 0.015177 total_loss_p 1.097195 fea_loss 0.000790 done_loss 0.007272
[36m(ModelLearner pid=733241)[0m [dynamic-enduro-v5-test-10479] Steps 487840 (2737152[5.7]) @ 1130.5 SPS (1074.7). norm_m 701.87 norm_p 0.10 total_loss_m 0.049294 total_loss_p 1.088596 fea_loss 0.000998 done_loss 0.039314
[36m(ActorLearner pid=733242)[0m [1;34m[dynamic-enduro-v5-test-10479] Steps 488064 @ 666.1 SPS (683.6). (T_q: 6.32) Eps 144. [0mRet [1;31m0.000000[0m (0.000000/0.000000). Loss -0.00 pg_loss 0.00 entropy_loss -0.60 reg_loss 0.00 total_norm 0.00 mean_abs_v 0.07 last_lr: 2.9854e-04
[36m(ModelLearner pid=733241)[0m [dynamic-enduro-v5-test-10479] Steps 488880 (2743296[5.7]) @ 1124.2 SPS (1074.4). norm_m 304.77 norm_p 0.07 total_loss_m 0.018247 total_loss_p 1.098613 fea_loss 0.001708 done_loss 0.001163
[36m(ActorLearner pid=733242)[0m [1;34m[dynamic-enduro-v5-test-10479] Steps 489840 @ 665.7 SPS (683.5). (T_q: 6.79) Eps 144. [0mRet [1;31m0.000000[0m (0.000000/0.000000). Loss -0.00 pg_loss 0.00 entropy_loss -0.60 reg_loss 0.00 total_norm 0.00 mean_abs_v 0.07 last_lr: 2.9853e-04
[36m(ModelLearner pid=733241)[0m [dynamic-enduro-v5-test-10479] Steps 489888 (2749440[5.7]) @ 1124.1 SPS (1074.5). norm_m 528.26 norm_p 0.07 total_loss_m 0.023611 total_loss_p 1.098606 fea_loss 0.002272 done_loss 0.000890
[36m(ModelLearner pid=733241)[0m [dynamic-enduro-v5-test-10479] Steps 490912 (2755584[5.7]) @ 1123.8 SPS (1074.6). norm_m 471.19 norm_p 0.06 total_loss_m 0.021160 total_loss_p 1.098617 fea_loss 0.002042 done_loss 0.000739
[36m(ActorLearner pid=733242)[0m [1;34m[dynamic-enduro-v5-test-10479] Steps 491584 @ 665.5 SPS (683.4). (T_q: 6.76) Eps 144. [0mRet [1;31m0.000000[0m (0.000000/0.000000). Loss -0.00 pg_loss 0.00 entropy_loss -0.58 reg_loss 0.00 total_norm 0.00 mean_abs_v 0.07 last_lr: 2.9853e-04
[36m(ModelLearner pid=733241)[0m [dynamic-enduro-v5-test-10479] Steps 491936 (2761728[5.7]) @ 1124.1 SPS (1074.7). norm_m 1244.92 norm_p 0.10 total_loss_m 0.024116 total_loss_p 1.098608 fea_loss 0.002261 done_loss 0.001509
[36m(ModelLearner pid=733241)[0m [dynamic-enduro-v5-test-10479] Steps 492960 (2767872[5.7]) @ 1130.5 SPS (1074.9). norm_m 509.82 norm_p 0.08 total_loss_m 0.007954 total_loss_p 1.098605 fea_loss 0.000717 done_loss 0.000784
[36m(ActorLearner pid=733242)[0m [1;34m[dynamic-enduro-v5-test-10479] Steps 493376 @ 666.1 SPS (683.4). (T_q: 6.39) Eps 144. [0mRet [1;31m0.000000[0m (0.000000/0.000000). Loss -0.00 pg_loss 0.00 entropy_loss -0.62 reg_loss 0.00 total_norm 0.00 mean_abs_v 0.07 last_lr: 2.9852e-04
[36m(ModelLearner pid=733241)[0m [dynamic-enduro-v5-test-10479] Steps 493984 (2774016[5.7]) @ 1131.3 SPS (1075.1). norm_m 1327.83 norm_p 0.06 total_loss_m 0.029422 total_loss_p 1.098595 fea_loss 0.002882 done_loss 0.000607
[36m(ModelLearner pid=733241)[0m [dynamic-enduro-v5-test-10479] Steps 495008 (2780160[5.7]) @ 1129.3 SPS (1075.3). norm_m 631.66 norm_p 0.07 total_loss_m 0.018969 total_loss_p 1.098598 fea_loss 0.001820 done_loss 0.000770
[36m(ActorLearner pid=733242)[0m [1;34m[dynamic-enduro-v5-test-10479] Steps 495232 @ 665.8 SPS (683.4). (T_q: 6.63) Eps 144. [0mRet [1;31m0.000000[0m (0.000000/0.000000). Loss -0.00 pg_loss 0.00 entropy_loss -0.62 reg_loss 0.00 total_norm 0.00 mean_abs_v 0.08 last_lr: 2.9851e-04
[36m(ModelLearner pid=733241)[0m [dynamic-enduro-v5-test-10479] Steps 496032 (2786304[5.7]) @ 1123.7 SPS (1075.0). norm_m 2005.92 norm_p 0.11 total_loss_m 0.022754 total_loss_p 1.098606 fea_loss 0.002234 done_loss 0.000414
[36m(ModelLearner pid=733241)[0m Saving model checkpoint to /scratch/jeongmin/dt-10479/p/logs/thinker/dynamic-enduro-v5-test-10479/ckp_model.tar
[36m(ActorLearner pid=733242)[0m [1;34m[dynamic-enduro-v5-test-10479] Steps 497024 @ 665.6 SPS (683.3). (T_q: 6.59) Eps 144. [0mRet [1;31m0.000000[0m (0.000000/0.000000). Loss -0.00 pg_loss 0.00 entropy_loss -0.61 reg_loss 0.00 total_norm 0.00 mean_abs_v 0.08 last_lr: 2.9851e-04
[36m(ActorLearner pid=733242)[0m Saving actor checkpoint to /scratch/jeongmin/dt-10479/p/logs/thinker/dynamic-enduro-v5-test-10479/ckp_actor.tar
[36m(ModelLearner pid=733241)[0m [dynamic-enduro-v5-test-10479] Steps 497056 (2792448[5.7]) @ 1122.3 SPS (1075.1). norm_m 1590.27 norm_p 0.11 total_loss_m 0.009546 total_loss_p 1.098604 fea_loss 0.000892 done_loss 0.000627
[36m(ModelLearner pid=733241)[0m [dynamic-enduro-v5-test-10479] Steps 498080 (2798592[5.7]) @ 1121.5 SPS (1075.3). norm_m 405.13 norm_p 0.09 total_loss_m 0.025220 total_loss_p 1.098630 fea_loss 0.002366 done_loss 0.001562
[36m(ActorLearner pid=733242)[0m [1;34m[dynamic-enduro-v5-test-10479] Steps 498896 @ 665.0 SPS (683.2). (T_q: 6.99) Eps 144. [0mRet [1;31m0.000000[0m (0.000000/0.000000). Loss -0.00 pg_loss 0.00 entropy_loss -0.65 reg_loss 0.00 total_norm 0.00 mean_abs_v 0.08 last_lr: 2.9850e-04
[36m(ModelLearner pid=733241)[0m [dynamic-enduro-v5-test-10479] Steps 499104 (2804736[5.7]) @ 1123.2 SPS (1075.5). norm_m 634.08 norm_p 0.06 total_loss_m 0.025617 total_loss_p 1.098597 fea_loss 0.002500 done_loss 0.000616
[36m(ModelLearner pid=733241)[0m Triggering model step-based checkpoint at step 500000 (milestone 500000)
[36m(ModelLearner pid=733241)[0m Saving model checkpoint to /scratch/jeongmin/dt-10479/p/logs/thinker/dynamic-enduro-v5-test-10479/ckp_model.tar
[36m(ModelLearner pid=733241)[0m Saved model checkpoint at step 500000 to /scratch/jeongmin/dt-10479/p/logs/thinker/dynamic-enduro-v5-test-10479/ckp_model.tar_step_500000
[36m(ModelLearner pid=733241)[0m [dynamic-enduro-v5-test-10479] Steps 500128 (2810880[5.7]) @ 1122.2 SPS (1075.6). norm_m 1320.57 norm_p 0.08 total_loss_m 0.011095 total_loss_p 1.098608 fea_loss 0.001034 done_loss 0.000759
[36m(ActorLearner pid=733242)[0m [1;34m[dynamic-enduro-v5-test-10479] Steps 500784 @ 664.7 SPS (683.1). (T_q: 6.92) Eps 144. [0mRet [1;31m0.000000[0m (0.000000/0.000000). Loss -0.00 pg_loss 0.00 entropy_loss -0.64 reg_loss 0.00 total_norm 0.00 mean_abs_v 0.08 last_lr: 2.9850e-04
[36m(ActorLearner pid=733242)[0m Triggering actor step-based checkpoint at step 500784 (milestone 500000)
[36m(ActorLearner pid=733242)[0m Saving actor checkpoint to /scratch/jeongmin/dt-10479/p/logs/thinker/dynamic-enduro-v5-test-10479/ckp_actor.tar
[36m(ActorLearner pid=733242)[0m Saved actor checkpoint at step 500784 to /scratch/jeongmin/dt-10479/p/logs/thinker/dynamic-enduro-v5-test-10479/ckp_actor.tar_step_500784
[36m(ModelLearner pid=733241)[0m [dynamic-enduro-v5-test-10479] Steps 501152 (2817024[5.7]) @ 1127.3 SPS (1075.9). norm_m 1354.79 norm_p 0.07 total_loss_m 0.008534 total_loss_p 1.098585 fea_loss 0.000784 done_loss 0.000698
[36m(ModelLearner pid=733241)[0m [dynamic-enduro-v5-test-10479] Steps 502176 (2823168[5.7]) @ 1127.6 SPS (1076.1). norm_m 1519.24 norm_p 0.11 total_loss_m 0.014868 total_loss_p 1.097175 fea_loss 0.000828 done_loss 0.006583
[36m(ActorLearner pid=733242)[0m [1;34m[dynamic-enduro-v5-test-10479] Steps 502640 @ 665.2 SPS (683.0). (T_q: 6.56) Eps 144. [0mRet [1;31m0.000000[0m (0.000000/0.000000). Loss -0.00 pg_loss 0.00 entropy_loss -0.64 reg_loss 0.00 total_norm 0.00 mean_abs_v 0.08 last_lr: 2.9849e-04
[36m(ModelLearner pid=733241)[0m [dynamic-enduro-v5-test-10479] Steps 503216 (2829312[5.7]) @ 1127.4 SPS (1076.2). norm_m 1061.56 norm_p 0.13 total_loss_m 0.025189 total_loss_p 1.098609 fea_loss 0.002447 done_loss 0.000724
[36m(ModelLearner pid=733241)[0m [dynamic-enduro-v5-test-10479] Steps 504240 (2835456[5.7]) @ 1129.7 SPS (1076.4). norm_m 1240.57 norm_p 0.10 total_loss_m 0.015123 total_loss_p 1.098608 fea_loss 0.001451 done_loss 0.000616
[36m(ActorLearner pid=733242)[0m [1;34m[dynamic-enduro-v5-test-10479] Steps 504528 @ 664.4 SPS (682.8). (T_q: 6.92) Eps 144. [0mRet [1;31m0.000000[0m (0.000000/0.000000). Loss -0.00 pg_loss 0.00 entropy_loss -0.67 reg_loss 0.00 total_norm 0.00 mean_abs_v 0.07 last_lr: 2.9849e-04
[36m(ModelLearner pid=733241)[0m [dynamic-enduro-v5-test-10479] Steps 505264 (2841600[5.7]) @ 1129.7 SPS (1076.6). norm_m 1192.99 norm_p 0.08 total_loss_m 0.021531 total_loss_p 1.095746 fea_loss 0.000954 done_loss 0.011990
[36m(ModelLearner pid=733241)[0m [dynamic-enduro-v5-test-10479] Steps 506288 (2847744[5.7]) @ 1123.2 SPS (1076.3). norm_m 523.02 norm_p 0.07 total_loss_m 0.034898 total_loss_p 1.098595 fea_loss 0.003409 done_loss 0.000805
[36m(ActorLearner pid=733242)[0m [1;34m[dynamic-enduro-v5-test-10479] Steps 506336 @ 665.0 SPS (682.8). (T_q: 6.59) Eps 144. [0mRet [1;31m0.000000[0m (0.000000/0.000000). Loss -0.00 pg_loss 0.00 entropy_loss -0.62 reg_loss 0.00 total_norm 0.00 mean_abs_v 0.07 last_lr: 2.9848e-04
[36m(ModelLearner pid=733241)[0m [dynamic-enduro-v5-test-10479] Steps 507184 (2853120[5.7]) @ 1120.8 SPS (1076.3). norm_m 327.75 norm_p 0.07 total_loss_m 0.011934 total_loss_p 1.097181 fea_loss 0.000596 done_loss 0.005969
[36m(ActorLearner pid=733242)[0m [1;34m[dynamic-enduro-v5-test-10479] Steps 508080 @ 665.8 SPS (682.8). (T_q: 6.44) Eps 144. [0mRet [1;31m0.000000[0m (0.000000/0.000000). Loss -0.00 pg_loss 0.00 entropy_loss -0.59 reg_loss 0.00 total_norm 0.00 mean_abs_v 0.06 last_lr: 2.9848e-04
[36m(ModelLearner pid=733241)[0m [dynamic-enduro-v5-test-10479] Steps 508208 (2859264[5.7]) @ 1126.5 SPS (1076.4). norm_m 289.16 norm_p 0.12 total_loss_m 0.058239 total_loss_p 1.092893 fea_loss 0.003015 done_loss 0.028087
[36m(ModelLearner pid=733241)[0m [dynamic-enduro-v5-test-10479] Steps 509232 (2865408[5.7]) @ 1127.0 SPS (1076.5). norm_m 415.46 norm_p 0.09 total_loss_m 0.006290 total_loss_p 1.098587 fea_loss 0.000597 done_loss 0.000321
[36m(ActorLearner pid=733242)[0m [1;34m[dynamic-enduro-v5-test-10479] Steps 509744 @ 666.1 SPS (682.8). (T_q: 6.19) Eps 144. [0mRet [1;31m0.000000[0m (0.000000/0.000000). Loss -0.00 pg_loss 0.00 entropy_loss -0.58 reg_loss 0.00 total_norm 0.00 mean_abs_v 0.06 last_lr: 2.9847e-04
[36m(ModelLearner pid=733241)[0m [dynamic-enduro-v5-test-10479] Steps 510256 (2871552[5.7]) @ 1126.8 SPS (1076.7). norm_m 314.91 norm_p 0.07 total_loss_m 0.005914 total_loss_p 1.098586 fea_loss 0.000538 done_loss 0.000538
[36m(ModelLearner pid=733241)[0m [dynamic-enduro-v5-test-10479] Steps 511280 (2877696[5.7]) @ 1126.2 SPS (1076.8). norm_m 192.11 norm_p 0.09 total_loss_m 0.019567 total_loss_p 1.098619 fea_loss 0.001907 done_loss 0.000492
[36m(ActorLearner pid=733242)[0m [1;34m[dynamic-enduro-v5-test-10479] Steps 511456 @ 666.6 SPS (682.8). (T_q: 6.46) Eps 144. [0mRet [1;31m0.000000[0m (0.000000/0.000000). Loss -0.00 pg_loss 0.00 entropy_loss -0.60 reg_loss 0.00 total_norm 0.00 mean_abs_v 0.06 last_lr: 2.9847e-04
[36m(ModelLearner pid=733241)[0m [dynamic-enduro-v5-test-10479] Steps 512288 (2883840[5.7]) @ 1119.3 SPS (1076.5). norm_m 534.03 norm_p 0.09 total_loss_m 0.038628 total_loss_p 1.092907 fea_loss 0.001937 done_loss 0.019257
[36m(ActorLearner pid=733242)[0m [1;34m[dynamic-enduro-v5-test-10479] Steps 513184 @ 666.1 SPS (682.8). (T_q: 6.47) Eps 144. [0mRet [1;31m0.000000[0m (0.000000/0.000000). Loss -0.00 pg_loss 0.00 entropy_loss -0.59 reg_loss 0.00 total_norm 0.00 mean_abs_v 0.07 last_lr: 2.9846e-04
[36m(ModelLearner pid=733241)[0m [dynamic-enduro-v5-test-10479] Steps 513312 (2889984[5.7]) @ 1119.2 SPS (1076.6). norm_m 542.89 norm_p 0.09 total_loss_m 0.027044 total_loss_p 1.098612 fea_loss 0.002637 done_loss 0.000679
[36m(ModelLearner pid=733241)[0m [dynamic-enduro-v5-test-10479] Steps 514336 (2896128[5.7]) @ 1119.2 SPS (1076.8). norm_m 236.11 norm_p 0.16 total_loss_m 0.007432 total_loss_p 1.098628 fea_loss 0.000711 done_loss 0.000324
[36m(ActorLearner pid=733242)[0m [1;34m[dynamic-enduro-v5-test-10479] Steps 514944 @ 666.5 SPS (682.8). (T_q: 6.39) Eps 144. [0mRet [1;31m0.000000[0m (0.000000/0.000000). Loss -0.00 pg_loss 0.00 entropy_loss -0.61 reg_loss 0.00 total_norm 0.00 mean_abs_v 0.07 last_lr: 2.9846e-04
[36m(ModelLearner pid=733241)[0m [dynamic-enduro-v5-test-10479] Steps 515360 (2902272[5.7]) @ 1118.6 SPS (1076.9). norm_m 413.06 norm_p 0.09 total_loss_m 0.039123 total_loss_p 1.091464 fea_loss 0.001421 done_loss 0.024910
[36m(ModelLearner pid=733241)[0m [dynamic-enduro-v5-test-10479] Steps 516384 (2908416[5.7]) @ 1117.7 SPS (1077.0). norm_m 797.97 norm_p 0.11 total_loss_m 0.041602 total_loss_p 1.098599 fea_loss 0.004115 done_loss 0.000455
[36m(ActorLearner pid=733242)[0m [1;34m[dynamic-enduro-v5-test-10479] Steps 516768 @ 666.2 SPS (682.7). (T_q: 6.61) Eps 144. [0mRet [1;31m0.000000[0m (0.000000/0.000000). Loss -0.00 pg_loss 0.00 entropy_loss -0.64 reg_loss 0.00 total_norm 0.00 mean_abs_v 0.08 last_lr: 2.9845e-04
[36m(ModelLearner pid=733241)[0m [dynamic-enduro-v5-test-10479] Steps 517536 (2915328[5.7]) @ 1119.2 SPS (1077.4). norm_m 413.25 norm_p 0.19 total_loss_m 0.040828 total_loss_p 1.098597 fea_loss 0.004056 done_loss 0.000264
[36m(ModelLearner pid=733241)[0m [dynamic-enduro-v5-test-10479] Steps 518560 (2921472[5.7]) @ 1119.9 SPS (1077.2). norm_m 563.31 norm_p 0.15 total_loss_m 0.023824 total_loss_p 1.098600 fea_loss 0.002347 done_loss 0.000357
[36m(ActorLearner pid=733242)[0m [1;34m[dynamic-enduro-v5-test-10479] Steps 518624 @ 666.2 SPS (682.7). (T_q: 6.48) Eps 144. [0mRet [1;31m0.000000[0m (0.000000/0.000000). Loss -0.00 pg_loss 0.00 entropy_loss -0.62 reg_loss 0.00 total_norm 0.00 mean_abs_v 0.08 last_lr: 2.9844e-04
[36m(ModelLearner pid=733241)[0m [dynamic-enduro-v5-test-10479] Steps 519584 (2927616[5.7]) @ 1122.2 SPS (1077.4). norm_m 509.72 norm_p 0.08 total_loss_m 0.007073 total_loss_p 1.098598 fea_loss 0.000689 done_loss 0.000181
[36m(ActorLearner pid=733242)[0m [1;34m[dynamic-enduro-v5-test-10479] Steps 520544 @ 666.5 SPS (682.6). (T_q: 6.56) Eps 144. [0mRet [1;31m0.000000[0m (0.000000/0.000000). Loss -0.00 pg_loss 0.00 entropy_loss -0.65 reg_loss 0.00 total_norm 0.00 mean_abs_v 0.08 last_lr: 2.9844e-04
[36m(ModelLearner pid=733241)[0m [dynamic-enduro-v5-test-10479] Steps 520608 (2933760[5.7]) @ 1122.4 SPS (1077.6). norm_m 550.90 norm_p 0.08 total_loss_m 0.012664 total_loss_p 1.098593 fea_loss 0.001262 done_loss 0.000044
[36m(ModelLearner pid=733241)[0m [dynamic-enduro-v5-test-10479] Steps 521632 (2939904[5.7]) @ 1122.2 SPS (1077.7). norm_m 187.74 norm_p 0.10 total_loss_m 0.034029 total_loss_p 1.098605 fea_loss 0.003393 done_loss 0.000102
[36m(ActorLearner pid=733242)[0m [1;34m[dynamic-enduro-v5-test-10479] Steps 522336 @ 666.5 SPS (682.6). (T_q: 6.60) Eps 144. [0mRet [1;31m0.000000[0m (0.000000/0.000000). Loss -0.00 pg_loss 0.00 entropy_loss -0.62 reg_loss 0.00 total_norm 0.00 mean_abs_v 0.08 last_lr: 2.9843e-04
[36m(ModelLearner pid=733241)[0m [dynamic-enduro-v5-test-10479] Steps 522656 (2946048[5.7]) @ 1122.5 SPS (1077.9). norm_m 466.62 norm_p 0.06 total_loss_m 0.005824 total_loss_p 1.098607 fea_loss 0.000576 done_loss 0.000066
[36m(ModelLearner pid=733241)[0m [dynamic-enduro-v5-test-10479] Steps 523664 (2952192[5.7]) @ 1123.0 SPS (1078.0). norm_m 1157.05 norm_p 0.05 total_loss_m 0.015575 total_loss_p 1.098585 fea_loss 0.001555 done_loss 0.000020
[36m(ActorLearner pid=733242)[0m [1;34m[dynamic-enduro-v5-test-10479] Steps 524176 @ 666.8 SPS (682.5). (T_q: 6.73) Eps 144. [0mRet [1;31m0.000000[0m (0.000000/0.000000). Loss -0.00 pg_loss 0.00 entropy_loss -0.64 reg_loss 0.00 total_norm 0.00 mean_abs_v 0.08 last_lr: 2.9843e-04
[36m(ModelLearner pid=733241)[0m [dynamic-enduro-v5-test-10479] Steps 524816 (2959104[5.7]) @ 1132.8 SPS (1078.4). norm_m 672.09 norm_p 0.10 total_loss_m 0.010111 total_loss_p 1.098619 fea_loss 0.000999 done_loss 0.000123
[36m(ModelLearner pid=733241)[0m [dynamic-enduro-v5-test-10479] Steps 525840 (2965248[5.7]) @ 1133.8 SPS (1078.6). norm_m 583.94 norm_p 0.04 total_loss_m 0.007907 total_loss_p 1.098602 fea_loss 0.000767 done_loss 0.000238
[36m(ActorLearner pid=733242)[0m [1;34m[dynamic-enduro-v5-test-10479] Steps 526080 @ 667.3 SPS (682.5). (T_q: 6.51) Eps 144. [0mRet [1;31m0.000000[0m (0.000000/0.000000). Loss -0.00 pg_loss 0.00 entropy_loss -0.64 reg_loss 0.00 total_norm 0.00 mean_abs_v 0.08 last_lr: 2.9842e-04
[36m(ModelLearner pid=733241)[0m [dynamic-enduro-v5-test-10479] Steps 526880 (2971392[5.7]) @ 1128.8 SPS (1078.3). norm_m 563.99 norm_p 0.10 total_loss_m 0.025044 total_loss_p 1.098615 fea_loss 0.002491 done_loss 0.000134
[36m(ActorLearner pid=733242)[0m [1;34m[dynamic-enduro-v5-test-10479] Steps 527904 @ 666.7 SPS (682.4). (T_q: 7.04) Eps 144. [0mRet [1;31m0.000000[0m (0.000000/0.000000). Loss -0.00 pg_loss 0.00 entropy_loss -0.62 reg_loss 0.00 total_norm 0.00 mean_abs_v 0.07 last_lr: 2.9842e-04
[36m(ModelLearner pid=733241)[0m [dynamic-enduro-v5-test-10479] Steps 527904 (2977536[5.7]) @ 1129.2 SPS (1078.5). norm_m 422.73 norm_p 0.12 total_loss_m 0.038134 total_loss_p 1.098617 fea_loss 0.003798 done_loss 0.000149
[36m(ActorLearner pid=733242)[0m [1;34m[dynamic-enduro-v5-test-10479] Steps 528816 @ 666.3 SPS (682.3). (T_q: 3.52) Eps 144. [0mRet [1;31m0.000000[0m (0.000000/0.000000). Loss -0.00 pg_loss 0.00 entropy_loss -0.62 reg_loss 0.00 total_norm 0.00 mean_abs_v 0.07 last_lr: 2.9841e-04
[36m(ModelLearner pid=733241)[0m [dynamic-enduro-v5-test-10479] Steps 528912 (2983680[5.7]) @ 1128.7 SPS (1078.7). norm_m 493.72 norm_p 0.06 total_loss_m 0.007088 total_loss_p 1.098607 fea_loss 0.000660 done_loss 0.000491
[36m(ModelLearner pid=733241)[0m [dynamic-enduro-v5-test-10479] Steps 529936 (2989824[5.8]) @ 1128.0 SPS (1078.8). norm_m 668.33 norm_p 0.09 total_loss_m 0.030515 total_loss_p 1.098621 fea_loss 0.003022 done_loss 0.000293
[36m(ActorLearner pid=733242)[0m [1;34m[dynamic-enduro-v5-test-10479] Steps 530624 @ 666.1 SPS (682.2). (T_q: 6.62) Eps 144. [0mRet [1;31m0.000000[0m (0.000000/0.000000). Loss -0.00 pg_loss 0.00 entropy_loss -0.61 reg_loss 0.00 total_norm 0.00 mean_abs_v 0.07 last_lr: 2.9841e-04
[36m(ModelLearner pid=733241)[0m [dynamic-enduro-v5-test-10479] Steps 530976 (2995968[5.8]) @ 1127.1 SPS (1078.9). norm_m 659.88 norm_p 0.10 total_loss_m 0.006374 total_loss_p 1.098615 fea_loss 0.000604 done_loss 0.000334
[36m(SelfPlayWorker pid=733238)[0m [DEBUG] Episode termination detected:
[36m(SelfPlayWorker pid=733238)[0m   - done: tensor([False, False, False, False, False,  True, False, False, False, False,
[36m(SelfPlayWorker pid=733238)[0m         False, False, False, False, False, False], device='cuda:0')
[36m(SelfPlayWorker pid=733238)[0m   - truncated_done: tensor([False, False, False, False, False, False, False, False, False, False,
[36m(SelfPlayWorker pid=733238)[0m         False, False, False, False, False, False], device='cuda:0')
[36m(SelfPlayWorker pid=733238)[0m   - real_done: tensor([False, False, False, False, False,  True, False, False, False, False,
[36m(SelfPlayWorker pid=733238)[0m         False, False, False, False, False, False], device='cuda:0')
[36m(SelfPlayWorker pid=733238)[0m   - step_status: tensor([0, 0, 0, 0, 0, 0, 0, 0, 0, 0, 0, 0, 0, 0, 0, 0], device='cuda:0')
[36m(SelfPlayWorker pid=733238)[0m   - counter: 118644
[36m(SelfPlayWorker pid=733238)[0m [DEBUG] Episode termination detected:
[36m(SelfPlayWorker pid=733238)[0m   - done: tensor([False, False, False, False,  True, False, False, False, False, False,
[36m(SelfPlayWorker pid=733238)[0m         False, False, False,  True, False, False], device='cuda:0')
[36m(SelfPlayWorker pid=733238)[0m   - truncated_done: tensor([False, False, False, False, False, False, False, False, False, False,
[36m(SelfPlayWorker pid=733238)[0m         False, False, False, False, False, False], device='cuda:0')
[36m(SelfPlayWorker pid=733238)[0m   - real_done: tensor([False, False, False, False,  True, False, False, False, False, False,
[36m(SelfPlayWorker pid=733238)[0m         False, False, False,  True, False, False], device='cuda:0')
[36m(SelfPlayWorker pid=733238)[0m   - step_status: tensor([0, 0, 0, 0, 0, 0, 0, 0, 0, 0, 0, 0, 0, 0, 0, 0], device='cuda:0')
[36m(SelfPlayWorker pid=733238)[0m   - counter: 118665
[36m(SelfPlayWorker pid=733238)[0m [DEBUG] Episode termination detected:
[36m(SelfPlayWorker pid=733238)[0m   - done: tensor([False, False, False, False, False, False, False, False, False, False,
[36m(SelfPlayWorker pid=733238)[0m         False,  True, False, False, False, False], device='cuda:0')
[36m(SelfPlayWorker pid=733238)[0m   - truncated_done: tensor([False, False, False, False, False, False, False, False, False, False,
[36m(SelfPlayWorker pid=733238)[0m         False, False, False, False, False, False], device='cuda:0')
[36m(SelfPlayWorker pid=733238)[0m   - real_done: tensor([False, False, False, False, False, False, False, False, False, False,
[36m(SelfPlayWorker pid=733238)[0m         False,  True, False, False, False, False], device='cuda:0')
[36m(SelfPlayWorker pid=733238)[0m   - step_status: tensor([0, 0, 0, 0, 0, 0, 0, 0, 0, 0, 0, 0, 0, 0, 0, 0], device='cuda:0')
[36m(SelfPlayWorker pid=733238)[0m   - counter: 118670
[36m(SelfPlayWorker pid=733238)[0m [DEBUG] Episode termination detected:
[36m(SelfPlayWorker pid=733238)[0m   - done: tensor([ True, False, False,  True, False, False, False, False, False, False,
[36m(SelfPlayWorker pid=733238)[0m         False, False, False, False, False, False], device='cuda:0')
[36m(SelfPlayWorker pid=733238)[0m   - truncated_done: tensor([False, False, False, False, False, False, False, False, False, False,
[36m(SelfPlayWorker pid=733238)[0m         False, False, False, False, False, False], device='cuda:0')
[36m(SelfPlayWorker pid=733238)[0m   - real_done: tensor([ True, False, False,  True, False, False, False, False, False, False,
[36m(SelfPlayWorker pid=733238)[0m         False, False, False, False, False, False], device='cuda:0')
[36m(SelfPlayWorker pid=733238)[0m   - step_status: tensor([0, 0, 0, 0, 0, 0, 0, 0, 0, 0, 0, 0, 0, 0, 0, 0], device='cuda:0')
[36m(SelfPlayWorker pid=733238)[0m   - counter: 118674
[36m(SelfPlayWorker pid=733238)[0m [DEBUG] Episode termination detected:
[36m(SelfPlayWorker pid=733238)[0m   - done: tensor([False, False, False, False, False, False, False,  True, False,  True,
[36m(SelfPlayWorker pid=733238)[0m         False, False, False, False, False, False], device='cuda:0')
[36m(SelfPlayWorker pid=733238)[0m   - truncated_done: tensor([False, False, False, False, False, False, False, False, False, False,
[36m(SelfPlayWorker pid=733238)[0m         False, False, False, False, False, False], device='cuda:0')
[36m(SelfPlayWorker pid=733238)[0m   - real_done: tensor([False, False, False, False, False, False, False,  True, False,  True,
[36m(SelfPlayWorker pid=733238)[0m         False, False, False, False, False, False], device='cuda:0')
[36m(SelfPlayWorker pid=733238)[0m   - step_status: tensor([0, 0, 0, 0, 0, 0, 0, 0, 0, 0, 0, 0, 0, 0, 0, 0], device='cuda:0')
[36m(SelfPlayWorker pid=733238)[0m   - counter: 118680
[36m(SelfPlayWorker pid=733238)[0m [DEBUG] Episode termination detected:
[36m(SelfPlayWorker pid=733238)[0m   - done: tensor([False, False, False, False, False, False, False, False, False, False,
[36m(SelfPlayWorker pid=733238)[0m         False, False, False, False, False,  True], device='cuda:0')
[36m(SelfPlayWorker pid=733238)[0m   - truncated_done: tensor([False, False, False, False, False, False, False, False, False, False,
[36m(SelfPlayWorker pid=733238)[0m         False, False, False, False, False, False], device='cuda:0')
[36m(SelfPlayWorker pid=733238)[0m   - real_done: tensor([False, False, False, False, False, False, False, False, False, False,
[36m(SelfPlayWorker pid=733238)[0m         False, False, False, False, False,  True], device='cuda:0')
[36m(SelfPlayWorker pid=733238)[0m   - step_status: tensor([0, 0, 0, 0, 0, 0, 0, 0, 0, 0, 0, 0, 0, 0, 0, 0], device='cuda:0')
[36m(SelfPlayWorker pid=733238)[0m   - counter: 118685
[36m(SelfPlayWorker pid=733238)[0m [DEBUG] Episode termination detected:
[36m(SelfPlayWorker pid=733238)[0m   - done: tensor([False, False, False, False, False, False,  True, False, False, False,
[36m(SelfPlayWorker pid=733238)[0m         False, False, False, False, False, False], device='cuda:0')
[36m(SelfPlayWorker pid=733238)[0m   - truncated_done: tensor([False, False, False, False, False, False, False, False, False, False,
[36m(SelfPlayWorker pid=733238)[0m         False, False, False, False, False, False], device='cuda:0')
[36m(SelfPlayWorker pid=733238)[0m   - real_done: tensor([False, False, False, False, False, False,  True, False, False, False,
[36m(SelfPlayWorker pid=733238)[0m         False, False, False, False, False, False], device='cuda:0')
[36m(SelfPlayWorker pid=733238)[0m   - step_status: tensor([0, 0, 0, 0, 0, 0, 0, 0, 0, 0, 0, 0, 0, 0, 0, 0], device='cuda:0')
[36m(SelfPlayWorker pid=733238)[0m   - counter: 118698
[36m(SelfPlayWorker pid=733238)[0m [DEBUG] Episode termination detected:
[36m(SelfPlayWorker pid=733238)[0m   - done: tensor([False, False, False, False, False, False, False, False, False, False,
[36m(SelfPlayWorker pid=733238)[0m          True, False, False, False, False, False], device='cuda:0')
[36m(SelfPlayWorker pid=733238)[0m   - truncated_done: tensor([False, False, False, False, False, False, False, False, False, False,
[36m(SelfPlayWorker pid=733238)[0m         False, False, False, False, False, False], device='cuda:0')
[36m(SelfPlayWorker pid=733238)[0m   - real_done: tensor([False, False, False, False, False, False, False, False, False, False,
[36m(SelfPlayWorker pid=733238)[0m          True, False, False, False, False, False], device='cuda:0')
[36m(SelfPlayWorker pid=733238)[0m   - step_status: tensor([0, 0, 0, 0, 0, 0, 0, 0, 0, 0, 0, 0, 0, 0, 0, 0], device='cuda:0')
[36m(SelfPlayWorker pid=733238)[0m   - counter: 118704
[36m(SelfPlayWorker pid=733238)[0m [DEBUG] Episode termination detected:
[36m(SelfPlayWorker pid=733238)[0m   - done: tensor([False, False, False, False, False, False, False, False, False, False,
[36m(SelfPlayWorker pid=733238)[0m         False, False, False, False,  True, False], device='cuda:0')
[36m(SelfPlayWorker pid=733238)[0m   - truncated_done: tensor([False, False, False, False, False, False, False, False, False, False,
[36m(SelfPlayWorker pid=733238)[0m         False, False, False, False, False, False], device='cuda:0')
[36m(SelfPlayWorker pid=733238)[0m   - real_done: tensor([False, False, False, False, False, False, False, False, False, False,
[36m(SelfPlayWorker pid=733238)[0m         False, False, False, False,  True, False], device='cuda:0')
[36m(SelfPlayWorker pid=733238)[0m   - step_status: tensor([0, 0, 0, 0, 0, 0, 0, 0, 0, 0, 0, 0, 0, 0, 0, 0], device='cuda:0')
[36m(SelfPlayWorker pid=733238)[0m   - counter: 118707
[36m(ModelLearner pid=733241)[0m [dynamic-enduro-v5-test-10479] Steps 531856 (3001344[5.8]) @ 1130.8 SPS (1078.9). norm_m 458.49 norm_p 0.13 total_loss_m 0.005987 total_loss_p 1.098612 fea_loss 0.000558 done_loss 0.000406
[36m(SelfPlayWorker pid=733238)[0m [DEBUG] Episode termination detected:
[36m(SelfPlayWorker pid=733238)[0m   - done: tensor([False, False,  True, False, False, False, False, False, False, False,
[36m(SelfPlayWorker pid=733238)[0m         False, False, False, False, False, False], device='cuda:0')
[36m(SelfPlayWorker pid=733238)[0m   - truncated_done: tensor([False, False, False, False, False, False, False, False, False, False,
[36m(SelfPlayWorker pid=733238)[0m         False, False, False, False, False, False], device='cuda:0')
[36m(SelfPlayWorker pid=733238)[0m   - real_done: tensor([False, False,  True, False, False, False, False, False, False, False,
[36m(SelfPlayWorker pid=733238)[0m         False, False, False, False, False, False], device='cuda:0')
[36m(SelfPlayWorker pid=733238)[0m   - step_status: tensor([0, 0, 0, 0, 0, 0, 0, 0, 0, 0, 0, 0, 0, 0, 0, 0], device='cuda:0')
[36m(SelfPlayWorker pid=733238)[0m   - counter: 118725
[36m(SelfPlayWorker pid=733238)[0m [DEBUG] Episode termination detected:
[36m(SelfPlayWorker pid=733238)[0m   - done: tensor([False,  True, False, False, False, False, False, False, False, False,
[36m(SelfPlayWorker pid=733238)[0m         False, False, False, False, False, False], device='cuda:0')
[36m(SelfPlayWorker pid=733238)[0m   - truncated_done: tensor([False, False, False, False, False, False, False, False, False, False,
[36m(SelfPlayWorker pid=733238)[0m         False, False, False, False, False, False], device='cuda:0')
[36m(SelfPlayWorker pid=733238)[0m   - real_done: tensor([False,  True, False, False, False, False, False, False, False, False,
[36m(SelfPlayWorker pid=733238)[0m         False, False, False, False, False, False], device='cuda:0')
[36m(SelfPlayWorker pid=733238)[0m   - step_status: tensor([0, 0, 0, 0, 0, 0, 0, 0, 0, 0, 0, 0, 0, 0, 0, 0], device='cuda:0')
[36m(SelfPlayWorker pid=733238)[0m   - counter: 118740
[36m(SelfPlayWorker pid=733238)[0m [DEBUG] Episode termination detected:
[36m(SelfPlayWorker pid=733238)[0m   - done: tensor([False, False, False, False, False, False, False, False, False, False,
[36m(SelfPlayWorker pid=733238)[0m         False, False,  True, False, False, False], device='cuda:0')
[36m(SelfPlayWorker pid=733238)[0m   - truncated_done: tensor([False, False, False, False, False, False, False, False, False, False,
[36m(SelfPlayWorker pid=733238)[0m         False, False, False, False, False, False], device='cuda:0')
[36m(SelfPlayWorker pid=733238)[0m   - real_done: tensor([False, False, False, False, False, False, False, False, False, False,
[36m(SelfPlayWorker pid=733238)[0m         False, False,  True, False, False, False], device='cuda:0')
[36m(SelfPlayWorker pid=733238)[0m   - step_status: tensor([0, 0, 0, 0, 0, 0, 0, 0, 0, 0, 0, 0, 0, 0, 0, 0], device='cuda:0')
[36m(SelfPlayWorker pid=733238)[0m   - counter: 118744
[36m(SelfPlayWorker pid=733238)[0m [DEBUG] Episode termination detected:
[36m(SelfPlayWorker pid=733238)[0m   - done: tensor([False, False, False, False, False, False, False, False,  True, False,
[36m(SelfPlayWorker pid=733238)[0m         False, False, False, False, False, False], device='cuda:0')
[36m(SelfPlayWorker pid=733238)[0m   - truncated_done: tensor([False, False, False, False, False, False, False, False, False, False,
[36m(SelfPlayWorker pid=733238)[0m         False, False, False, False, False, False], device='cuda:0')
[36m(SelfPlayWorker pid=733238)[0m   - real_done: tensor([False, False, False, False, False, False, False, False,  True, False,
[36m(SelfPlayWorker pid=733238)[0m         False, False, False, False, False, False], device='cuda:0')
[36m(SelfPlayWorker pid=733238)[0m   - step_status: tensor([0, 0, 0, 0, 0, 0, 0, 0, 0, 0, 0, 0, 0, 0, 0, 0], device='cuda:0')
[36m(SelfPlayWorker pid=733238)[0m   - counter: 118754
[36m(ActorLearner pid=733242)[0m [DEBUG] Episode counter increased:
[36m(ActorLearner pid=733242)[0m   - real_done_count: 16
[36m(ActorLearner pid=733242)[0m   - tot_eps: 160
[36m(ActorLearner pid=733242)[0m   - train_actor_out.real_done: tensor([[False, False, False,  ..., False, False, False],
[36m(ActorLearner pid=733242)[0m         [False, False, False,  ..., False, False, False],
[36m(ActorLearner pid=733242)[0m         [False, False, False,  ..., False, False, False],
[36m(ActorLearner pid=733242)[0m         ...,
[36m(ActorLearner pid=733242)[0m         [False, False, False,  ..., False, False, False],
[36m(ActorLearner pid=733242)[0m         [False, False, False,  ..., False, False, False],
[36m(ActorLearner pid=733242)[0m         [False, False, False,  ..., False, False, False]], device='cuda:0')
[36m(ActorLearner pid=733242)[0m   - train_actor_out.done: tensor([[False, False, False,  ..., False, False, False],
[36m(ActorLearner pid=733242)[0m         [False, False, False,  ..., False, False, False],
[36m(ActorLearner pid=733242)[0m         [False, False, False,  ..., False, False, False],
[36m(ActorLearner pid=733242)[0m         ...,
[36m(ActorLearner pid=733242)[0m         [False, False, False,  ..., False, False, False],
[36m(ActorLearner pid=733242)[0m         [False, False, False,  ..., False, False, False],
[36m(ActorLearner pid=733242)[0m         [False, False, False,  ..., False, False, False]], device='cuda:0')
[36m(ActorLearner pid=733242)[0m   - train_actor_out.truncated_done: tensor([[False, False, False,  ..., False, False, False],
[36m(ActorLearner pid=733242)[0m         [False, False, False,  ..., False, False, False],
[36m(ActorLearner pid=733242)[0m         [False, False, False,  ..., False, False, False],
[36m(ActorLearner pid=733242)[0m         ...,
[36m(ActorLearner pid=733242)[0m         [False, False, False,  ..., False, False, False],
[36m(ActorLearner pid=733242)[0m         [False, False, False,  ..., False, False, False],
[36m(ActorLearner pid=733242)[0m         [False, False, False,  ..., False, False, False]], device='cuda:0')
[36m(ActorLearner pid=733242)[0m [1;34m[dynamic-enduro-v5-test-10479] Steps 532352 @ 666.4 SPS (682.2). (T_q: 6.54) Eps 160. [0mRet [1;31m0.000000[0m (0.000000/0.000000). Loss -0.00 pg_loss 0.00 entropy_loss -0.60 reg_loss 0.00 total_norm 0.00 mean_abs_v 0.06 last_lr: 2.9840e-04
[36m(ModelLearner pid=733241)[0m [dynamic-enduro-v5-test-10479] Steps 532880 (3007488[5.8]) @ 1131.3 SPS (1079.0). norm_m 831.27 norm_p 0.11 total_loss_m 0.080971 total_loss_p 1.085756 fea_loss 0.000675 done_loss 0.074218
[36m(ModelLearner pid=733241)[0m [dynamic-enduro-v5-test-10479] Steps 533904 (3013632[5.8]) @ 1130.0 SPS (1079.0). norm_m 340.93 norm_p 0.17 total_loss_m 0.008533 total_loss_p 1.098606 fea_loss 0.000637 done_loss 0.002159
[36m(ActorLearner pid=733242)[0m [1;34m[dynamic-enduro-v5-test-10479] Steps 534080 @ 665.9 SPS (682.1). (T_q: 6.86) Eps 160. [0mRet [1;31m0.000000[0m (0.000000/0.000000). Loss -0.00 pg_loss 0.00 entropy_loss -0.57 reg_loss 0.00 total_norm 0.00 mean_abs_v 0.06 last_lr: 2.9840e-04
[36m(ModelLearner pid=733241)[0m [dynamic-enduro-v5-test-10479] Steps 534928 (3019776[5.8]) @ 1121.6 SPS (1078.7). norm_m 231.22 norm_p 0.11 total_loss_m 0.053350 total_loss_p 1.091456 fea_loss 0.002993 done_loss 0.023421
[36m(ActorLearner pid=733242)[0m [1;34m[dynamic-enduro-v5-test-10479] Steps 535872 @ 665.9 SPS (682.1). (T_q: 6.68) Eps 160. [0mRet [1;31m0.000000[0m (0.000000/0.000000). Loss -0.00 pg_loss 0.00 entropy_loss -0.63 reg_loss 0.00 total_norm 0.00 mean_abs_v 0.07 last_lr: 2.9839e-04
[36m(ModelLearner pid=733241)[0m [dynamic-enduro-v5-test-10479] Steps 535952 (3025920[5.8]) @ 1122.7 SPS (1078.8). norm_m 297.22 norm_p 0.10 total_loss_m 0.019737 total_loss_p 1.098606 fea_loss 0.001214 done_loss 0.007598
[36m(ModelLearner pid=733241)[0m [dynamic-enduro-v5-test-10479] Steps 536976 (3032064[5.8]) @ 1121.0 SPS (1078.9). norm_m 261.91 norm_p 0.07 total_loss_m 0.008544 total_loss_p 1.098610 fea_loss 0.000580 done_loss 0.002739
[36m(ActorLearner pid=733242)[0m [1;34m[dynamic-enduro-v5-test-10479] Steps 537696 @ 666.4 SPS (682.0). (T_q: 6.90) Eps 160. [0mRet [1;31m0.000000[0m (0.000000/0.000000). Loss -0.00 pg_loss 0.00 entropy_loss -0.64 reg_loss 0.00 total_norm 0.00 mean_abs_v 0.07 last_lr: 2.9839e-04
[36m(ModelLearner pid=733241)[0m [dynamic-enduro-v5-test-10479] Steps 538000 (3038208[5.8]) @ 1120.2 SPS (1079.1). norm_m 773.39 norm_p 0.15 total_loss_m 0.006557 total_loss_p 1.098602 fea_loss 0.000623 done_loss 0.000330
[36m(ModelLearner pid=733241)[0m [dynamic-enduro-v5-test-10479] Steps 539024 (3044352[5.8]) @ 1120.5 SPS (1079.2). norm_m 610.58 norm_p 0.10 total_loss_m 0.033936 total_loss_p 1.098616 fea_loss 0.003376 done_loss 0.000173
[36m(ActorLearner pid=733242)[0m [1;34m[dynamic-enduro-v5-test-10479] Steps 539504 @ 666.3 SPS (681.9). (T_q: 6.72) Eps 160. [0mRet [1;31m0.000000[0m (0.000000/0.000000). Loss -0.00 pg_loss 0.00 entropy_loss -0.62 reg_loss 0.00 total_norm 0.00 mean_abs_v 0.07 last_lr: 2.9838e-04
[36m(ModelLearner pid=733241)[0m [dynamic-enduro-v5-test-10479] Steps 540048 (3050496[5.8]) @ 1118.9 SPS (1079.3). norm_m 335.46 norm_p 0.09 total_loss_m 0.021934 total_loss_p 1.098591 fea_loss 0.002120 done_loss 0.000731
[36m(ModelLearner pid=733241)[0m [dynamic-enduro-v5-test-10479] Steps 541200 (3057408[5.8]) @ 1122.6 SPS (1079.7). norm_m 892.15 norm_p 0.07 total_loss_m 0.040476 total_loss_p 1.098602 fea_loss 0.003942 done_loss 0.001059
[36m(ActorLearner pid=733242)[0m [1;34m[dynamic-enduro-v5-test-10479] Steps 541376 @ 667.3 SPS (681.9). (T_q: 6.48) Eps 160. [0mRet [1;31m0.000000[0m (0.000000/0.000000). Loss -0.00 pg_loss 0.00 entropy_loss -0.64 reg_loss 0.00 total_norm 0.00 mean_abs_v 0.07 last_lr: 2.9838e-04
[36m(ModelLearner pid=733241)[0m [dynamic-enduro-v5-test-10479] Steps 542224 (3063552[5.8]) @ 1122.8 SPS (1079.5). norm_m 362.29 norm_p 0.08 total_loss_m 0.006989 total_loss_p 1.098603 fea_loss 0.000651 done_loss 0.000476
[36m(ActorLearner pid=733242)[0m [1;34m[dynamic-enduro-v5-test-10479] Steps 543200 @ 667.2 SPS (681.8). (T_q: 6.67) Eps 160. [0mRet [1;31m0.000000[0m (0.000000/0.000000). Loss -0.00 pg_loss 0.00 entropy_loss -0.61 reg_loss 0.00 total_norm 0.00 mean_abs_v 0.07 last_lr: 2.9837e-04
[36m(ModelLearner pid=733241)[0m [dynamic-enduro-v5-test-10479] Steps 543248 (3069696[5.8]) @ 1124.2 SPS (1079.5). norm_m 758.01 norm_p 0.10 total_loss_m 0.042564 total_loss_p 1.094294 fea_loss 0.002361 done_loss 0.018957
[36m(ModelLearner pid=733241)[0m [dynamic-enduro-v5-test-10479] Steps 544256 (3075840[5.8]) @ 1123.7 SPS (1079.6). norm_m 2370.18 norm_p 0.14 total_loss_m 0.033276 total_loss_p 1.098586 fea_loss 0.003294 done_loss 0.000336
[36m(ActorLearner pid=733242)[0m [1;34m[dynamic-enduro-v5-test-10479] Steps 544944 @ 667.0 SPS (681.7). (T_q: 6.65) Eps 160. [0mRet [1;31m0.000000[0m (0.000000/0.000000). Loss -0.00 pg_loss 0.00 entropy_loss -0.59 reg_loss 0.00 total_norm 0.00 mean_abs_v 0.07 last_lr: 2.9837e-04
[36m(ModelLearner pid=733241)[0m [dynamic-enduro-v5-test-10479] Steps 545280 (3081984[5.8]) @ 1123.1 SPS (1079.7). norm_m 737.55 norm_p 0.05 total_loss_m 0.009383 total_loss_p 1.098621 fea_loss 0.000887 done_loss 0.000509
[36m(ModelLearner pid=733241)[0m [dynamic-enduro-v5-test-10479] Steps 546176 (3087360[5.8]) @ 1120.5 SPS (1079.6). norm_m 398.73 norm_p 0.09 total_loss_m 0.008904 total_loss_p 1.098619 fea_loss 0.000656 done_loss 0.002345
[36m(ActorLearner pid=733242)[0m [1;34m[dynamic-enduro-v5-test-10479] Steps 546560 @ 668.2 SPS (681.8). (T_q: 6.16) Eps 160. [0mRet [1;31m0.000000[0m (0.000000/0.000000). Loss -0.00 pg_loss 0.00 entropy_loss -0.57 reg_loss 0.00 total_norm 0.00 mean_abs_v 0.07 last_lr: 2.9836e-04
[36m(ModelLearner pid=733241)[0m [dynamic-enduro-v5-test-10479] Steps 547200 (3093504[5.8]) @ 1121.6 SPS (1079.8). norm_m 600.06 norm_p 0.10 total_loss_m 0.039947 total_loss_p 1.092877 fea_loss 0.001968 done_loss 0.020264
[36m(ModelLearner pid=733241)[0m [dynamic-enduro-v5-test-10479] Steps 548224 (3099648[5.8]) @ 1122.5 SPS (1079.6). norm_m 392.61 norm_p 0.07 total_loss_m 0.017889 total_loss_p 1.098611 fea_loss 0.001596 done_loss 0.001931
[36m(ActorLearner pid=733242)[0m [1;34m[dynamic-enduro-v5-test-10479] Steps 548320 @ 668.3 SPS (681.8). (T_q: 6.51) Eps 160. [0mRet [1;31m0.000000[0m (0.000000/0.000000). Loss -0.00 pg_loss 0.00 entropy_loss -0.63 reg_loss 0.00 total_norm 0.00 mean_abs_v 0.08 last_lr: 2.9836e-04
[36m(ModelLearner pid=733241)[0m [dynamic-enduro-v5-test-10479] Steps 549248 (3105792[5.8]) @ 1123.4 SPS (1079.8). norm_m 379.74 norm_p 0.13 total_loss_m 0.032037 total_loss_p 1.091463 fea_loss 0.000663 done_loss 0.025409
[36m(ActorLearner pid=733242)[0m [1;34m[dynamic-enduro-v5-test-10479] Steps 549312 @ 667.1 SPS (681.7). (T_q: 3.57) Eps 160. [0mRet [1;31m0.000000[0m (0.000000/0.000000). Loss -0.00 pg_loss 0.00 entropy_loss -0.66 reg_loss 0.00 total_norm 0.00 mean_abs_v 0.08 last_lr: 2.9835e-04
[36m(ModelLearner pid=733241)[0m [dynamic-enduro-v5-test-10479] Steps 550272 (3111936[5.8]) @ 1125.8 SPS (1080.0). norm_m 708.27 norm_p 0.11 total_loss_m 0.007377 total_loss_p 1.098596 fea_loss 0.000591 done_loss 0.001467
[36m(ActorLearner pid=733242)[0m [1;34m[dynamic-enduro-v5-test-10479] Steps 551232 @ 667.3 SPS (681.7). (T_q: 6.60) Eps 160. [0mRet [1;31m0.000000[0m (0.000000/0.000000). Loss -0.00 pg_loss 0.00 entropy_loss -0.65 reg_loss 0.00 total_norm 0.00 mean_abs_v 0.09 last_lr: 2.9835e-04
[36m(ModelLearner pid=733241)[0m [dynamic-enduro-v5-test-10479] Steps 551296 (3118080[5.8]) @ 1126.7 SPS (1080.2). norm_m 278.02 norm_p 0.09 total_loss_m 0.035708 total_loss_p 1.092905 fea_loss 0.001336 done_loss 0.022345
[36m(ModelLearner pid=733241)[0m [dynamic-enduro-v5-test-10479] Steps 552320 (3124224[5.8]) @ 1127.3 SPS (1080.4). norm_m 1281.78 norm_p 0.08 total_loss_m 0.009755 total_loss_p 1.098615 fea_loss 0.000899 done_loss 0.000763
[36m(ActorLearner pid=733242)[0m [1;34m[dynamic-enduro-v5-test-10479] Steps 553168 @ 666.9 SPS (681.6). (T_q: 6.97) Eps 160. [0mRet [1;31m0.000000[0m (0.000000/0.000000). Loss -0.00 pg_loss 0.00 entropy_loss -0.69 reg_loss 0.00 total_norm 0.00 mean_abs_v 0.08 last_lr: 2.9834e-04
[36m(ModelLearner pid=733241)[0m [dynamic-enduro-v5-test-10479] Steps 553344 (3130368[5.8]) @ 1125.4 SPS (1080.6). norm_m 304.32 norm_p 0.07 total_loss_m 0.024589 total_loss_p 1.097181 fea_loss 0.001693 done_loss 0.007658
[36m(ActorLearner pid=733242)[0m [1;34m[dynamic-enduro-v5-test-10479] Steps 554128 @ 665.8 SPS (681.5). (T_q: 3.59) Eps 160. [0mRet [1;31m0.000000[0m (0.000000/0.000000). Loss -0.00 pg_loss 0.00 entropy_loss -0.65 reg_loss 0.00 total_norm 0.00 mean_abs_v 0.08 last_lr: 2.9834e-04
[36m(ModelLearner pid=733241)[0m [dynamic-enduro-v5-test-10479] Steps 554368 (3136512[5.8]) @ 1131.5 SPS (1080.7). norm_m 332.23 norm_p 0.06 total_loss_m 0.027138 total_loss_p 1.098603 fea_loss 0.002625 done_loss 0.000887
[36m(ModelLearner pid=733241)[0m [dynamic-enduro-v5-test-10479] Steps 555376 (3142656[5.8]) @ 1130.6 SPS (1080.9). norm_m 1365.17 norm_p 0.18 total_loss_m 0.009032 total_loss_p 1.098629 fea_loss 0.000797 done_loss 0.001060
[36m(ActorLearner pid=733242)[0m Sent real_step update to ActorBuffer: 556000
[36m(ActorLearner pid=733242)[0m [1;34m[dynamic-enduro-v5-test-10479] Steps 556000 @ 665.8 SPS (681.4). (T_q: 6.70) Eps 160. [0mRet [1;31m0.000000[0m (0.000000/0.000000). Loss -0.00 pg_loss 0.00 entropy_loss -0.63 reg_loss 0.00 total_norm 0.00 mean_abs_v 0.07 last_lr: 2.9833e-04
[36m(ModelLearner pid=733241)[0m [dynamic-enduro-v5-test-10479] Steps 556400 (3148800[5.8]) @ 1129.8 SPS (1081.0). norm_m 444.76 norm_p 0.11 total_loss_m 0.005360 total_loss_p 1.098609 fea_loss 0.000460 done_loss 0.000763
[36m(ModelLearner pid=733241)[0m [dynamic-enduro-v5-test-10479] Steps 557424 (3154944[5.8]) @ 1129.7 SPS (1081.1). norm_m 560.45 norm_p 0.10 total_loss_m 0.016331 total_loss_p 1.098617 fea_loss 0.001517 done_loss 0.001159
[36m(ActorLearner pid=733242)[0m [1;34m[dynamic-enduro-v5-test-10479] Steps 557744 @ 665.5 SPS (681.4). (T_q: 6.49) Eps 160. [0mRet [1;31m0.000000[0m (0.000000/0.000000). Loss -0.00 pg_loss 0.00 entropy_loss -0.57 reg_loss 0.00 total_norm 0.00 mean_abs_v 0.07 last_lr: 2.9833e-04
[36m(ModelLearner pid=733241)[0m [dynamic-enduro-v5-test-10479] Steps 558448 (3161088[5.8]) @ 1128.9 SPS (1081.2). norm_m 317.27 norm_p 0.11 total_loss_m 0.007761 total_loss_p 1.098597 fea_loss 0.000740 done_loss 0.000366
[36m(ModelLearner pid=733241)[0m [dynamic-enduro-v5-test-10479] Steps 559472 (3167232[5.8]) @ 1122.9 SPS (1081.0). norm_m 310.90 norm_p 0.08 total_loss_m 0.011520 total_loss_p 1.098615 fea_loss 0.001098 done_loss 0.000535
[36m(ActorLearner pid=733242)[0m [1;34m[dynamic-enduro-v5-test-10479] Steps 559568 @ 666.4 SPS (681.3). (T_q: 6.50) Eps 160. [0mRet [1;31m0.000000[0m (0.000000/0.000000). Loss -0.00 pg_loss 0.00 entropy_loss -0.62 reg_loss 0.00 total_norm 0.00 mean_abs_v 0.06 last_lr: 2.9832e-04
[36m(ModelLearner pid=733241)[0m [dynamic-enduro-v5-test-10479] Steps 560496 (3173376[5.8]) @ 1118.7 SPS (1081.0). norm_m 196.46 norm_p 0.05 total_loss_m 0.004925 total_loss_p 1.098589 fea_loss 0.000451 done_loss 0.000415
[36m(ActorLearner pid=733242)[0m [1;34m[dynamic-enduro-v5-test-10479] Steps 561360 @ 666.7 SPS (681.2). (T_q: 6.70) Eps 160. [0mRet [1;31m0.000000[0m (0.000000/0.000000). Loss -0.00 pg_loss 0.00 entropy_loss -0.60 reg_loss 0.00 total_norm 0.00 mean_abs_v 0.06 last_lr: 2.9832e-04
[36m(ModelLearner pid=733241)[0m [dynamic-enduro-v5-test-10479] Steps 561520 (3179520[5.8]) @ 1117.9 SPS (1081.1). norm_m 539.08 norm_p 0.10 total_loss_m 0.019515 total_loss_p 1.098603 fea_loss 0.001927 done_loss 0.000247
[36m(ModelLearner pid=733241)[0m [dynamic-enduro-v5-test-10479] Steps 562544 (3185664[5.8]) @ 1123.4 SPS (1081.3). norm_m 336.78 norm_p 0.14 total_loss_m 0.006364 total_loss_p 1.098628 fea_loss 0.000602 done_loss 0.000341
[36m(ActorLearner pid=733242)[0m [1;34m[dynamic-enduro-v5-test-10479] Steps 563088 @ 666.4 SPS (681.2). (T_q: 6.61) Eps 160. [0mRet [1;31m0.000000[0m (0.000000/0.000000). Loss -0.00 pg_loss 0.00 entropy_loss -0.59 reg_loss 0.00 total_norm 0.00 mean_abs_v 0.06 last_lr: 2.9831e-04
[36m(ModelLearner pid=733241)[0m [dynamic-enduro-v5-test-10479] Steps 563440 (3191040[5.8]) @ 1120.8 SPS (1081.2). norm_m 842.74 norm_p 0.07 total_loss_m 0.054278 total_loss_p 1.098619 fea_loss 0.005327 done_loss 0.001003
[36m(ModelLearner pid=733241)[0m [dynamic-enduro-v5-test-10479] Steps 564464 (3197184[5.8]) @ 1121.4 SPS (1081.4). norm_m 370.15 norm_p 0.08 total_loss_m 0.005479 total_loss_p 1.098605 fea_loss 0.000524 done_loss 0.000235
[36m(ActorLearner pid=733242)[0m [1;34m[dynamic-enduro-v5-test-10479] Steps 564832 @ 668.3 SPS (681.3). (T_q: 6.44) Eps 160. [0mRet [1;31m0.000000[0m (0.000000/0.000000). Loss -0.00 pg_loss 0.00 entropy_loss -0.60 reg_loss 0.00 total_norm 0.00 mean_abs_v 0.06 last_lr: 2.9831e-04
[36m(ModelLearner pid=733241)[0m [dynamic-enduro-v5-test-10479] Steps 565488 (3203328[5.8]) @ 1120.6 SPS (1081.5). norm_m 629.52 norm_p 0.13 total_loss_m 0.056344 total_loss_p 1.098614 fea_loss 0.005582 done_loss 0.000525
[36m(ModelLearner pid=733241)[0m [dynamic-enduro-v5-test-10479] Steps 566512 (3209472[5.8]) @ 1114.9 SPS (1081.2). norm_m 269.82 norm_p 0.12 total_loss_m 0.008182 total_loss_p 1.098596 fea_loss 0.000775 done_loss 0.000435
[36m(ActorLearner pid=733242)[0m [1;34m[dynamic-enduro-v5-test-10479] Steps 566544 @ 668.1 SPS (681.2). (T_q: 6.59) Eps 160. [0mRet [1;31m0.000000[0m (0.000000/0.000000). Loss -0.00 pg_loss 0.00 entropy_loss -0.59 reg_loss 0.00 total_norm 0.00 mean_abs_v 0.06 last_lr: 2.9830e-04
[36m(ModelLearner pid=733241)[0m [dynamic-enduro-v5-test-10479] Steps 567536 (3215616[5.8]) @ 1116.5 SPS (1081.3). norm_m 215.23 norm_p 0.09 total_loss_m 0.004200 total_loss_p 1.098611 fea_loss 0.000414 done_loss 0.000061
[36m(ActorLearner pid=733242)[0m [1;34m[dynamic-enduro-v5-test-10479] Steps 568336 @ 667.5 SPS (681.1). (T_q: 6.67) Eps 160. [0mRet [1;31m0.000000[0m (0.000000/0.000000). Loss -0.00 pg_loss 0.00 entropy_loss -0.62 reg_loss 0.00 total_norm 0.00 mean_abs_v 0.07 last_lr: 2.9829e-04
[36m(ModelLearner pid=733241)[0m [dynamic-enduro-v5-test-10479] Steps 568544 (3221760[5.8]) @ 1117.4 SPS (1081.4). norm_m 253.79 norm_p 0.04 total_loss_m 0.007423 total_loss_p 1.098611 fea_loss 0.000721 done_loss 0.000216
[36m(ModelLearner pid=733241)[0m [dynamic-enduro-v5-test-10479] Steps 569568 (3227904[5.8]) @ 1117.9 SPS (1081.5). norm_m 389.76 norm_p 0.11 total_loss_m 0.030166 total_loss_p 1.092879 fea_loss 0.001413 done_loss 0.016032
[36m(ActorLearner pid=733242)[0m [1;34m[dynamic-enduro-v5-test-10479] Steps 570080 @ 667.3 SPS (681.2). (T_q: 6.33) Eps 160. [0mRet [1;31m0.000000[0m (0.000000/0.000000). Loss -0.00 pg_loss 0.00 entropy_loss -0.58 reg_loss 0.00 total_norm 0.00 mean_abs_v 0.07 last_lr: 2.9829e-04
[36m(ModelLearner pid=733241)[0m [dynamic-enduro-v5-test-10479] Steps 570592 (3234048[5.8]) @ 1126.2 SPS (1081.7). norm_m 380.98 norm_p 0.08 total_loss_m 0.029048 total_loss_p 1.094314 fea_loss 0.001692 done_loss 0.012127
[36m(ActorLearner pid=733242)[0m [1;34m[dynamic-enduro-v5-test-10479] Steps 570992 @ 666.4 SPS (681.1). (T_q: 3.43) Eps 160. [0mRet [1;31m0.000000[0m (0.000000/0.000000). Loss -0.00 pg_loss 0.00 entropy_loss -0.62 reg_loss 0.00 total_norm 0.00 mean_abs_v 0.07 last_lr: 2.9829e-04
[36m(ModelLearner pid=733241)[0m [dynamic-enduro-v5-test-10479] Steps 571616 (3240192[5.8]) @ 1125.8 SPS (1081.8). norm_m 584.23 norm_p 0.09 total_loss_m 0.032420 total_loss_p 1.098587 fea_loss 0.003129 done_loss 0.001134
[36m(ModelLearner pid=733241)[0m [dynamic-enduro-v5-test-10479] Steps 572640 (3246336[5.8]) @ 1126.3 SPS (1081.9). norm_m 605.45 norm_p 0.08 total_loss_m 0.007475 total_loss_p 1.098598 fea_loss 0.000718 done_loss 0.000298
[36m(ActorLearner pid=733242)[0m [1;34m[dynamic-enduro-v5-test-10479] Steps 572896 @ 666.3 SPS (681.0). (T_q: 6.49) Eps 160. [0mRet [1;31m0.000000[0m (0.000000/0.000000). Loss -0.00 pg_loss 0.00 entropy_loss -0.67 reg_loss 0.00 total_norm 0.00 mean_abs_v 0.08 last_lr: 2.9828e-04
[36m(ModelLearner pid=733241)[0m [dynamic-enduro-v5-test-10479] Steps 573664 (3252480[5.8]) @ 1128.5 SPS (1082.2). norm_m 500.69 norm_p 0.10 total_loss_m 0.041444 total_loss_p 1.094332 fea_loss 0.002209 done_loss 0.019354
[36m(ModelLearner pid=733241)[0m [dynamic-enduro-v5-test-10479] Steps 574688 (3258624[5.8]) @ 1123.7 SPS (1082.0). norm_m 578.37 norm_p 0.10 total_loss_m 0.015205 total_loss_p 1.098592 fea_loss 0.001475 done_loss 0.000459
[36m(ActorLearner pid=733242)[0m [1;34m[dynamic-enduro-v5-test-10479] Steps 574720 @ 665.9 SPS (681.0). (T_q: 6.47) Eps 160. [0mRet [1;31m0.000000[0m (0.000000/0.000000). Loss -0.00 pg_loss 0.00 entropy_loss -0.63 reg_loss 0.00 total_norm 0.00 mean_abs_v 0.08 last_lr: 2.9828e-04
[36m(ModelLearner pid=733241)[0m [dynamic-enduro-v5-test-10479] Steps 575712 (3264768[5.8]) @ 1124.6 SPS (1082.2). norm_m 207.83 norm_p 0.07 total_loss_m 0.004280 total_loss_p 1.098591 fea_loss 0.000386 done_loss 0.000419
[36m(ActorLearner pid=733242)[0m [1;34m[dynamic-enduro-v5-test-10479] Steps 576608 @ 665.8 SPS (680.9). (T_q: 6.66) Eps 160. [0mRet [1;31m0.000000[0m (0.000000/0.000000). Loss -0.00 pg_loss 0.00 entropy_loss -0.64 reg_loss 0.00 total_norm 0.00 mean_abs_v 0.08 last_lr: 2.9827e-04
[36m(ModelLearner pid=733241)[0m [dynamic-enduro-v5-test-10479] Steps 576736 (3270912[5.8]) @ 1122.2 SPS (1082.4). norm_m 157.59 norm_p 0.09 total_loss_m 0.004578 total_loss_p 1.098583 fea_loss 0.000444 done_loss 0.000142
[36m(ModelLearner pid=733241)[0m [dynamic-enduro-v5-test-10479] Steps 577744 (3277056[5.8]) @ 1128.5 SPS (1082.5). norm_m 370.28 norm_p 0.08 total_loss_m 0.010408 total_loss_p 1.098605 fea_loss 0.001033 done_loss 0.000081
[36m(ActorLearner pid=733242)[0m [1;34m[dynamic-enduro-v5-test-10479] Steps 578496 @ 666.1 SPS (680.9). (T_q: 6.57) Eps 160. [0mRet [1;31m0.000000[0m (0.000000/0.000000). Loss -0.00 pg_loss 0.00 entropy_loss -0.65 reg_loss 0.00 total_norm 0.00 mean_abs_v 0.09 last_lr: 2.9826e-04
[36m(ModelLearner pid=733241)[0m [dynamic-enduro-v5-test-10479] Steps 578768 (3283200[5.8]) @ 1130.3 SPS (1082.7). norm_m 531.43 norm_p 0.06 total_loss_m 0.005284 total_loss_p 1.098604 fea_loss 0.000504 done_loss 0.000244
[36m(ActorLearner pid=733242)[0m [1;34m[dynamic-enduro-v5-test-10479] Steps 579488 @ 665.4 SPS (680.8). (T_q: 3.56) Eps 160. [0mRet [1;31m0.000000[0m (0.000000/0.000000). Loss -0.00 pg_loss 0.00 entropy_loss -0.66 reg_loss 0.00 total_norm 0.00 mean_abs_v 0.08 last_lr: 2.9826e-04
[36m(ModelLearner pid=733241)[0m [dynamic-enduro-v5-test-10479] Steps 579808 (3289344[5.8]) @ 1130.7 SPS (1082.8). norm_m 295.98 norm_p 0.07 total_loss_m 0.004566 total_loss_p 1.098596 fea_loss 0.000450 done_loss 0.000064
[36m(ModelLearner pid=733241)[0m [dynamic-enduro-v5-test-10479] Steps 580816 (3295488[5.8]) @ 1132.4 SPS (1082.9). norm_m 284.47 norm_p 0.07 total_loss_m 0.013461 total_loss_p 1.098621 fea_loss 0.001322 done_loss 0.000240
[36m(ActorLearner pid=733242)[0m [1;34m[dynamic-enduro-v5-test-10479] Steps 581296 @ 665.3 SPS (680.8). (T_q: 6.71) Eps 160. [0mRet [1;31m0.000000[0m (0.000000/0.000000). Loss -0.00 pg_loss 0.00 entropy_loss -0.62 reg_loss 0.00 total_norm 0.00 mean_abs_v 0.08 last_lr: 2.9826e-04
[36m(ModelLearner pid=733241)[0m [dynamic-enduro-v5-test-10479] Steps 581840 (3301632[5.8]) @ 1135.3 SPS (1083.1). norm_m 338.42 norm_p 0.03 total_loss_m 0.016373 total_loss_p 1.098600 fea_loss 0.001607 done_loss 0.000299
[36m(ActorLearner pid=733242)[0m [1;34m[dynamic-enduro-v5-test-10479] Steps 582256 @ 664.8 SPS (680.7). (T_q: 3.45) Eps 160. [0mRet [1;31m0.000000[0m (0.000000/0.000000). Loss -0.00 pg_loss 0.00 entropy_loss -0.65 reg_loss 0.00 total_norm 0.00 mean_abs_v 0.08 last_lr: 2.9825e-04
[36m(ModelLearner pid=733241)[0m [dynamic-enduro-v5-test-10479] Steps 582864 (3307776[5.8]) @ 1135.3 SPS (1083.2). norm_m 850.53 norm_p 0.07 total_loss_m 0.005554 total_loss_p 1.098585 fea_loss 0.000538 done_loss 0.000176
[36m(ModelLearner pid=733241)[0m [dynamic-enduro-v5-test-10479] Steps 583888 (3313920[5.8]) @ 1141.3 SPS (1083.4). norm_m 496.79 norm_p 0.08 total_loss_m 0.005127 total_loss_p 1.098602 fea_loss 0.000471 done_loss 0.000416
[36m(ActorLearner pid=733242)[0m [1;34m[dynamic-enduro-v5-test-10479] Steps 584096 @ 664.6 SPS (680.7). (T_q: 6.44) Eps 160. [0mRet [1;31m0.000000[0m (0.000000/0.000000). Loss -0.00 pg_loss 0.00 entropy_loss -0.62 reg_loss 0.00 total_norm 0.00 mean_abs_v 0.07 last_lr: 2.9825e-04
[36m(SelfPlayWorker pid=733238)[0m [DEBUG] Episode termination detected:
[36m(SelfPlayWorker pid=733238)[0m   - done: tensor([False, False, False, False, False,  True, False, False, False, False,
[36m(SelfPlayWorker pid=733238)[0m         False, False, False, False, False, False], device='cuda:0')
[36m(SelfPlayWorker pid=733238)[0m   - truncated_done: tensor([False, False, False, False, False, False, False, False, False, False,
[36m(SelfPlayWorker pid=733238)[0m         False, False, False, False, False, False], device='cuda:0')
[36m(SelfPlayWorker pid=733238)[0m   - real_done: tensor([False, False, False, False, False,  True, False, False, False, False,
[36m(SelfPlayWorker pid=733238)[0m         False, False, False, False, False, False], device='cuda:0')
[36m(SelfPlayWorker pid=733238)[0m   - step_status: tensor([0, 0, 0, 0, 0, 0, 0, 0, 0, 0, 0, 0, 0, 0, 0, 0], device='cuda:0')
[36m(SelfPlayWorker pid=733238)[0m   - counter: 130406
[36m(SelfPlayWorker pid=733238)[0m [DEBUG] Episode termination detected:
[36m(SelfPlayWorker pid=733238)[0m   - done: tensor([False, False, False, False,  True, False, False, False, False, False,
[36m(SelfPlayWorker pid=733238)[0m         False, False, False, False, False, False], device='cuda:0')
[36m(SelfPlayWorker pid=733238)[0m   - truncated_done: tensor([False, False, False, False, False, False, False, False, False, False,
[36m(SelfPlayWorker pid=733238)[0m         False, False, False, False, False, False], device='cuda:0')
[36m(SelfPlayWorker pid=733238)[0m   - real_done: tensor([False, False, False, False,  True, False, False, False, False, False,
[36m(SelfPlayWorker pid=733238)[0m         False, False, False, False, False, False], device='cuda:0')
[36m(SelfPlayWorker pid=733238)[0m   - step_status: tensor([0, 0, 0, 0, 0, 0, 0, 0, 0, 0, 0, 0, 0, 0, 0, 0], device='cuda:0')
[36m(SelfPlayWorker pid=733238)[0m   - counter: 130429
[36m(SelfPlayWorker pid=733238)[0m [DEBUG] Episode termination detected:
[36m(SelfPlayWorker pid=733238)[0m   - done: tensor([False, False, False, False, False, False, False, False, False,  True,
[36m(SelfPlayWorker pid=733238)[0m         False,  True, False, False, False, False], device='cuda:0')
[36m(SelfPlayWorker pid=733238)[0m   - truncated_done: tensor([False, False, False, False, False, False, False, False, False, False,
[36m(SelfPlayWorker pid=733238)[0m         False, False, False, False, False, False], device='cuda:0')
[36m(SelfPlayWorker pid=733238)[0m   - real_done: tensor([False, False, False, False, False, False, False, False, False,  True,
[36m(SelfPlayWorker pid=733238)[0m         False,  True, False, False, False, False], device='cuda:0')
[36m(SelfPlayWorker pid=733238)[0m   - step_status: tensor([0, 0, 0, 0, 0, 0, 0, 0, 0, 0, 0, 0, 0, 0, 0, 0], device='cuda:0')
[36m(SelfPlayWorker pid=733238)[0m   - counter: 130442
[36m(SelfPlayWorker pid=733238)[0m [DEBUG] Episode termination detected:
[36m(SelfPlayWorker pid=733238)[0m   - done: tensor([False, False, False, False, False, False, False, False, False, False,
[36m(SelfPlayWorker pid=733238)[0m         False, False, False,  True, False, False], device='cuda:0')
[36m(SelfPlayWorker pid=733238)[0m   - truncated_done: tensor([False, False, False, False, False, False, False, False, False, False,
[36m(SelfPlayWorker pid=733238)[0m         False, False, False, False, False, False], device='cuda:0')
[36m(SelfPlayWorker pid=733238)[0m   - real_done: tensor([False, False, False, False, False, False, False, False, False, False,
[36m(SelfPlayWorker pid=733238)[0m         False, False, False,  True, False, False], device='cuda:0')
[36m(SelfPlayWorker pid=733238)[0m   - step_status: tensor([0, 0, 0, 0, 0, 0, 0, 0, 0, 0, 0, 0, 0, 0, 0, 0], device='cuda:0')
[36m(SelfPlayWorker pid=733238)[0m   - counter: 130447
[36m(SelfPlayWorker pid=733238)[0m [DEBUG] Episode termination detected:
[36m(SelfPlayWorker pid=733238)[0m   - done: tensor([False, False, False,  True, False, False, False, False, False, False,
[36m(SelfPlayWorker pid=733238)[0m         False, False, False, False, False, False], device='cuda:0')
[36m(SelfPlayWorker pid=733238)[0m   - truncated_done: tensor([False, False, False, False, False, False, False, False, False, False,
[36m(SelfPlayWorker pid=733238)[0m         False, False, False, False, False, False], device='cuda:0')
[36m(SelfPlayWorker pid=733238)[0m   - real_done: tensor([False, False, False,  True, False, False, False, False, False, False,
[36m(SelfPlayWorker pid=733238)[0m         False, False, False, False, False, False], device='cuda:0')
[36m(SelfPlayWorker pid=733238)[0m   - step_status: tensor([0, 0, 0, 0, 0, 0, 0, 0, 0, 0, 0, 0, 0, 0, 0, 0], device='cuda:0')
[36m(SelfPlayWorker pid=733238)[0m   - counter: 130450
[36m(SelfPlayWorker pid=733238)[0m [DEBUG] Episode termination detected:
[36m(SelfPlayWorker pid=733238)[0m   - done: tensor([False, False, False, False, False, False, False,  True, False, False,
[36m(SelfPlayWorker pid=733238)[0m         False, False, False, False, False, False], device='cuda:0')
[36m(SelfPlayWorker pid=733238)[0m   - truncated_done: tensor([False, False, False, False, False, False, False, False, False, False,
[36m(SelfPlayWorker pid=733238)[0m         False, False, False, False, False, False], device='cuda:0')
[36m(SelfPlayWorker pid=733238)[0m   - real_done: tensor([False, False, False, False, False, False, False,  True, False, False,
[36m(SelfPlayWorker pid=733238)[0m         False, False, False, False, False, False], device='cuda:0')
[36m(SelfPlayWorker pid=733238)[0m   - step_status: tensor([0, 0, 0, 0, 0, 0, 0, 0, 0, 0, 0, 0, 0, 0, 0, 0], device='cuda:0')
[36m(SelfPlayWorker pid=733238)[0m   - counter: 130453
[36m(ModelLearner pid=733241)[0m [dynamic-enduro-v5-test-10479] Steps 584912 (3320064[5.8]) @ 1134.5 SPS (1083.1). norm_m 165.26 norm_p 0.12 total_loss_m 0.005137 total_loss_p 1.098623 fea_loss 0.000499 done_loss 0.000147
[36m(ActorLearner pid=733242)[0m [DEBUG] Episode counter increased:
[36m(ActorLearner pid=733242)[0m   - real_done_count: 5
[36m(ActorLearner pid=733242)[0m   - tot_eps: 165
[36m(ActorLearner pid=733242)[0m   - train_actor_out.real_done: tensor([[False, False, False,  ..., False, False, False],
[36m(ActorLearner pid=733242)[0m         [False, False, False,  ..., False, False, False],
[36m(ActorLearner pid=733242)[0m         [False, False, False,  ..., False, False, False],
[36m(ActorLearner pid=733242)[0m         ...,
[36m(ActorLearner pid=733242)[0m         [False, False, False,  ...,  True, False, False],
[36m(ActorLearner pid=733242)[0m         [False, False, False,  ..., False, False, False],
[36m(ActorLearner pid=733242)[0m         [False, False, False,  ..., False, False, False]], device='cuda:0')
[36m(ActorLearner pid=733242)[0m   - train_actor_out.done: tensor([[False, False, False,  ..., False, False, False],
[36m(ActorLearner pid=733242)[0m         [False, False, False,  ..., False, False, False],
[36m(ActorLearner pid=733242)[0m         [False, False, False,  ..., False, False, False],
[36m(ActorLearner pid=733242)[0m         ...,
[36m(ActorLearner pid=733242)[0m         [False, False, False,  ...,  True, False, False],
[36m(ActorLearner pid=733242)[0m         [False, False, False,  ..., False, False, False],
[36m(ActorLearner pid=733242)[0m         [False, False, False,  ..., False, False, False]], device='cuda:0')
[36m(ActorLearner pid=733242)[0m   - train_actor_out.truncated_done: tensor([[False, False, False,  ..., False, False, False],
[36m(ActorLearner pid=733242)[0m         [False, False, False,  ..., False, False, False],
[36m(ActorLearner pid=733242)[0m         [False, False, False,  ..., False, False, False],
[36m(ActorLearner pid=733242)[0m         ...,
[36m(ActorLearner pid=733242)[0m         [False, False, False,  ..., False, False, False],
[36m(ActorLearner pid=733242)[0m         [False, False, False,  ..., False, False, False],
[36m(ActorLearner pid=733242)[0m         [False, False, False,  ..., False, False, False]], device='cuda:0')
[36m(SelfPlayWorker pid=733238)[0m [DEBUG] Episode termination detected:
[36m(SelfPlayWorker pid=733238)[0m   - done: tensor([ True, False, False, False, False, False, False, False, False, False,
[36m(SelfPlayWorker pid=733238)[0m         False, False, False, False, False,  True], device='cuda:0')
[36m(SelfPlayWorker pid=733238)[0m   - truncated_done: tensor([False, False, False, False, False, False, False, False, False, False,
[36m(SelfPlayWorker pid=733238)[0m         False, False, False, False, False, False], device='cuda:0')
[36m(SelfPlayWorker pid=733238)[0m   - real_done: tensor([ True, False, False, False, False, False, False, False, False, False,
[36m(SelfPlayWorker pid=733238)[0m         False, False, False, False, False,  True], device='cuda:0')
[36m(SelfPlayWorker pid=733238)[0m   - step_status: tensor([0, 0, 0, 0, 0, 0, 0, 0, 0, 0, 0, 0, 0, 0, 0, 0], device='cuda:0')
[36m(SelfPlayWorker pid=733238)[0m   - counter: 130457
[36m(SelfPlayWorker pid=733238)[0m [DEBUG] Episode termination detected:
[36m(SelfPlayWorker pid=733238)[0m   - done: tensor([False, False, False, False, False, False, False, False, False, False,
[36m(SelfPlayWorker pid=733238)[0m         False, False, False, False,  True, False], device='cuda:0')
[36m(SelfPlayWorker pid=733238)[0m   - truncated_done: tensor([False, False, False, False, False, False, False, False, False, False,
[36m(SelfPlayWorker pid=733238)[0m         False, False, False, False, False, False], device='cuda:0')
[36m(SelfPlayWorker pid=733238)[0m   - real_done: tensor([False, False, False, False, False, False, False, False, False, False,
[36m(SelfPlayWorker pid=733238)[0m         False, False, False, False,  True, False], device='cuda:0')
[36m(SelfPlayWorker pid=733238)[0m   - step_status: tensor([0, 0, 0, 0, 0, 0, 0, 0, 0, 0, 0, 0, 0, 0, 0, 0], device='cuda:0')
[36m(SelfPlayWorker pid=733238)[0m   - counter: 130476
[36m(SelfPlayWorker pid=733238)[0m [DEBUG] Episode termination detected:
[36m(SelfPlayWorker pid=733238)[0m   - done: tensor([False, False, False, False, False, False,  True, False, False, False,
[36m(SelfPlayWorker pid=733238)[0m          True, False, False, False, False, False], device='cuda:0')
[36m(SelfPlayWorker pid=733238)[0m   - truncated_done: tensor([False, False, False, False, False, False, False, False, False, False,
[36m(SelfPlayWorker pid=733238)[0m         False, False, False, False, False, False], device='cuda:0')
[36m(SelfPlayWorker pid=733238)[0m   - real_done: tensor([False, False, False, False, False, False,  True, False, False, False,
[36m(SelfPlayWorker pid=733238)[0m          True, False, False, False, False, False], device='cuda:0')
[36m(SelfPlayWorker pid=733238)[0m   - step_status: tensor([0, 0, 0, 0, 0, 0, 0, 0, 0, 0, 0, 0, 0, 0, 0, 0], device='cuda:0')
[36m(SelfPlayWorker pid=733238)[0m   - counter: 130479
[36m(SelfPlayWorker pid=733238)[0m [DEBUG] Episode termination detected:
[36m(SelfPlayWorker pid=733238)[0m   - done: tensor([False, False,  True, False, False, False, False, False, False, False,
[36m(SelfPlayWorker pid=733238)[0m         False, False, False, False, False, False], device='cuda:0')
[36m(SelfPlayWorker pid=733238)[0m   - truncated_done: tensor([False, False, False, False, False, False, False, False, False, False,
[36m(SelfPlayWorker pid=733238)[0m         False, False, False, False, False, False], device='cuda:0')
[36m(SelfPlayWorker pid=733238)[0m   - real_done: tensor([False, False,  True, False, False, False, False, False, False, False,
[36m(SelfPlayWorker pid=733238)[0m         False, False, False, False, False, False], device='cuda:0')
[36m(SelfPlayWorker pid=733238)[0m   - step_status: tensor([0, 0, 0, 0, 0, 0, 0, 0, 0, 0, 0, 0, 0, 0, 0, 0], device='cuda:0')
[36m(SelfPlayWorker pid=733238)[0m   - counter: 130501
[36m(SelfPlayWorker pid=733238)[0m [DEBUG] Episode termination detected:
[36m(SelfPlayWorker pid=733238)[0m   - done: tensor([False,  True, False, False, False, False, False, False, False, False,
[36m(SelfPlayWorker pid=733238)[0m         False, False,  True, False, False, False], device='cuda:0')
[36m(SelfPlayWorker pid=733238)[0m   - truncated_done: tensor([False, False, False, False, False, False, False, False, False, False,
[36m(SelfPlayWorker pid=733238)[0m         False, False, False, False, False, False], device='cuda:0')
[36m(SelfPlayWorker pid=733238)[0m   - real_done: tensor([False,  True, False, False, False, False, False, False, False, False,
[36m(SelfPlayWorker pid=733238)[0m         False, False,  True, False, False, False], device='cuda:0')
[36m(SelfPlayWorker pid=733238)[0m   - step_status: tensor([0, 0, 0, 0, 0, 0, 0, 0, 0, 0, 0, 0, 0, 0, 0, 0], device='cuda:0')
[36m(SelfPlayWorker pid=733238)[0m   - counter: 130508
[36m(SelfPlayWorker pid=733238)[0m [DEBUG] Episode termination detected:
[36m(SelfPlayWorker pid=733238)[0m   - done: tensor([False, False, False, False, False, False, False, False,  True, False,
[36m(SelfPlayWorker pid=733238)[0m         False, False, False, False, False, False], device='cuda:0')
[36m(SelfPlayWorker pid=733238)[0m   - truncated_done: tensor([False, False, False, False, False, False, False, False, False, False,
[36m(SelfPlayWorker pid=733238)[0m         False, False, False, False, False, False], device='cuda:0')
[36m(SelfPlayWorker pid=733238)[0m   - real_done: tensor([False, False, False, False, False, False, False, False,  True, False,
[36m(SelfPlayWorker pid=733238)[0m         False, False, False, False, False, False], device='cuda:0')
[36m(SelfPlayWorker pid=733238)[0m   - step_status: tensor([0, 0, 0, 0, 0, 0, 0, 0, 0, 0, 0, 0, 0, 0, 0, 0], device='cuda:0')
[36m(SelfPlayWorker pid=733238)[0m   - counter: 130518
[36m(ActorLearner pid=733242)[0m [DEBUG] Episode counter increased:
[36m(ActorLearner pid=733242)[0m   - real_done_count: 11
[36m(ActorLearner pid=733242)[0m   - tot_eps: 176
[36m(ActorLearner pid=733242)[0m   - train_actor_out.real_done: tensor([[False, False, False,  ..., False, False, False],
[36m(ActorLearner pid=733242)[0m         [False, False, False,  ..., False, False, False],
[36m(ActorLearner pid=733242)[0m         [False, False, False,  ..., False, False, False],
[36m(ActorLearner pid=733242)[0m         ...,
[36m(ActorLearner pid=733242)[0m         [False, False, False,  ..., False, False, False],
[36m(ActorLearner pid=733242)[0m         [False, False, False,  ..., False, False, False],
[36m(ActorLearner pid=733242)[0m         [False, False, False,  ..., False, False, False]], device='cuda:0')
[36m(ActorLearner pid=733242)[0m   - train_actor_out.done: tensor([[False, False, False,  ..., False, False, False],
[36m(ActorLearner pid=733242)[0m         [False, False, False,  ..., False, False, False],
[36m(ActorLearner pid=733242)[0m         [False, False, False,  ..., False, False, False],
[36m(ActorLearner pid=733242)[0m         ...,
[36m(ActorLearner pid=733242)[0m         [False, False, False,  ..., False, False, False],
[36m(ActorLearner pid=733242)[0m         [False, False, False,  ..., False, False, False],
[36m(ActorLearner pid=733242)[0m         [False, False, False,  ..., False, False, False]], device='cuda:0')
[36m(ActorLearner pid=733242)[0m   - train_actor_out.truncated_done: tensor([[False, False, False,  ..., False, False, False],
[36m(ActorLearner pid=733242)[0m         [False, False, False,  ..., False, False, False],
[36m(ActorLearner pid=733242)[0m         [False, False, False,  ..., False, False, False],
[36m(ActorLearner pid=733242)[0m         ...,
[36m(ActorLearner pid=733242)[0m         [False, False, False,  ..., False, False, False],
[36m(ActorLearner pid=733242)[0m         [False, False, False,  ..., False, False, False],
[36m(ActorLearner pid=733242)[0m         [False, False, False,  ..., False, False, False]], device='cuda:0')
[36m(ActorLearner pid=733242)[0m [1;34m[dynamic-enduro-v5-test-10479] Steps 585920 @ 664.3 SPS (680.6). (T_q: 6.75) Eps 176. [0mRet [1;31m0.000000[0m (0.000000/0.000000). Loss -0.00 pg_loss 0.00 entropy_loss -0.61 reg_loss 0.00 total_norm 0.00 mean_abs_v 0.06 last_lr: 2.9824e-04
[36m(ModelLearner pid=733241)[0m [dynamic-enduro-v5-test-10479] Steps 585936 (3326208[5.8]) @ 1131.0 SPS (1083.2). norm_m 679.81 norm_p 0.07 total_loss_m 0.025775 total_loss_p 1.097171 fea_loss 0.001908 done_loss 0.006698
[36m(ModelLearner pid=733241)[0m [dynamic-enduro-v5-test-10479] Steps 586976 (3332352[5.8]) @ 1129.3 SPS (1083.2). norm_m 195.82 norm_p 0.15 total_loss_m 0.026587 total_loss_p 1.098635 fea_loss 0.002339 done_loss 0.003198
[36m(ActorLearner pid=733242)[0m [1;34m[dynamic-enduro-v5-test-10479] Steps 587632 @ 664.6 SPS (680.5). (T_q: 6.64) Eps 176. [0mRet [1;31m0.000000[0m (0.000000/0.000000). Loss -0.00 pg_loss 0.00 entropy_loss -0.60 reg_loss 0.00 total_norm 0.00 mean_abs_v 0.06 last_lr: 2.9824e-04
[36m(ModelLearner pid=733241)[0m [dynamic-enduro-v5-test-10479] Steps 588000 (3338496[5.8]) @ 1128.6 SPS (1083.3). norm_m 184.36 norm_p 0.10 total_loss_m 0.017477 total_loss_p 1.098590 fea_loss 0.001609 done_loss 0.001388
[36m(ModelLearner pid=733241)[0m [dynamic-enduro-v5-test-10479] Steps 589024 (3344640[5.8]) @ 1127.4 SPS (1083.4). norm_m 268.09 norm_p 0.10 total_loss_m 0.018567 total_loss_p 1.095744 fea_loss 0.000644 done_loss 0.012124
[36m(ActorLearner pid=733242)[0m [1;34m[dynamic-enduro-v5-test-10479] Steps 589408 @ 665.8 SPS (680.6). (T_q: 6.34) Eps 176. [0mRet [1;31m0.000000[0m (0.000000/0.000000). Loss -0.00 pg_loss 0.00 entropy_loss -0.59 reg_loss 0.00 total_norm 0.00 mean_abs_v 0.06 last_lr: 2.9823e-04
[36m(ModelLearner pid=733241)[0m [dynamic-enduro-v5-test-10479] Steps 590048 (3350784[5.8]) @ 1127.2 SPS (1083.6). norm_m 289.05 norm_p 0.11 total_loss_m 0.025138 total_loss_p 1.092882 fea_loss 0.000477 done_loss 0.020366
[36m(ModelLearner pid=733241)[0m [dynamic-enduro-v5-test-10479] Steps 591072 (3356928[5.8]) @ 1119.2 SPS (1083.3). norm_m 740.38 norm_p 0.12 total_loss_m 0.057229 total_loss_p 1.088600 fea_loss 0.001869 done_loss 0.038541
[36m(ActorLearner pid=733242)[0m [1;34m[dynamic-enduro-v5-test-10479] Steps 591104 @ 665.4 SPS (680.5). (T_q: 6.52) Eps 176. [0mRet [1;31m0.000000[0m (0.000000/0.000000). Loss -0.00 pg_loss 0.00 entropy_loss -0.60 reg_loss 0.00 total_norm 0.00 mean_abs_v 0.06 last_lr: 2.9823e-04
[36m(ModelLearner pid=733241)[0m [dynamic-enduro-v5-test-10479] Steps 592096 (3363072[5.8]) @ 1118.5 SPS (1083.3). norm_m 296.20 norm_p 0.07 total_loss_m 0.022011 total_loss_p 1.095758 fea_loss 0.001173 done_loss 0.010279
[36m(ActorLearner pid=733242)[0m [1;34m[dynamic-enduro-v5-test-10479] Steps 592816 @ 666.4 SPS (680.5). (T_q: 6.42) Eps 176. [0mRet [1;31m0.000000[0m (0.000000/0.000000). Loss -0.00 pg_loss 0.00 entropy_loss -0.59 reg_loss 0.00 total_norm 0.00 mean_abs_v 0.07 last_lr: 2.9822e-04
[36m(ModelLearner pid=733241)[0m [dynamic-enduro-v5-test-10479] Steps 593120 (3369216[5.8]) @ 1118.1 SPS (1083.4). norm_m 453.65 norm_p 0.08 total_loss_m 0.016343 total_loss_p 1.097175 fea_loss 0.001034 done_loss 0.006002
[36m(ModelLearner pid=733241)[0m [dynamic-enduro-v5-test-10479] Steps 594144 (3375360[5.8]) @ 1117.6 SPS (1083.4). norm_m 951.31 norm_p 0.10 total_loss_m 0.009640 total_loss_p 1.098582 fea_loss 0.000685 done_loss 0.002788
[36m(ActorLearner pid=733242)[0m [1;34m[dynamic-enduro-v5-test-10479] Steps 594544 @ 666.4 SPS (680.5). (T_q: 6.53) Eps 176. [0mRet [1;31m0.000000[0m (0.000000/0.000000). Loss -0.00 pg_loss 0.00 entropy_loss -0.62 reg_loss 0.00 total_norm 0.00 mean_abs_v 0.07 last_lr: 2.9822e-04
[36m(ModelLearner pid=733241)[0m [dynamic-enduro-v5-test-10479] Steps 595168 (3381504[5.8]) @ 1123.9 SPS (1083.6). norm_m 757.53 norm_p 0.07 total_loss_m 0.044009 total_loss_p 1.095733 fea_loss 0.003338 done_loss 0.010626
[36m(ModelLearner pid=733241)[0m [dynamic-enduro-v5-test-10479] Steps 596176 (3387648[5.8]) @ 1125.1 SPS (1083.7). norm_m 1083.24 norm_p 0.06 total_loss_m 0.023651 total_loss_p 1.094309 fea_loss 0.000606 done_loss 0.017592
[36m(ActorLearner pid=733242)[0m [1;34m[dynamic-enduro-v5-test-10479] Steps 596384 @ 666.7 SPS (680.5). (T_q: 6.63) Eps 176. [0mRet [1;31m0.000000[0m (0.000000/0.000000). Loss -0.00 pg_loss 0.00 entropy_loss -0.62 reg_loss 0.00 total_norm 0.00 mean_abs_v 0.08 last_lr: 2.9821e-04
[36m(ModelLearner pid=733241)[0m [dynamic-enduro-v5-test-10479] Steps 597200 (3393792[5.8]) @ 1126.5 SPS (1083.9). norm_m 521.24 norm_p 0.09 total_loss_m 0.006974 total_loss_p 1.098610 fea_loss 0.000615 done_loss 0.000825
[36m(ActorLearner pid=733242)[0m [1;34m[dynamic-enduro-v5-test-10479] Steps 597360 @ 666.3 SPS (680.4). (T_q: 3.65) Eps 176. [0mRet [1;31m0.000000[0m (0.000000/0.000000). Loss -0.00 pg_loss 0.00 entropy_loss -0.65 reg_loss 0.00 total_norm 0.00 mean_abs_v 0.08 last_lr: 2.9821e-04
[36m(ModelLearner pid=733241)[0m [dynamic-enduro-v5-test-10479] Steps 598224 (3399936[5.8]) @ 1120.7 SPS (1083.7). norm_m 715.27 norm_p 0.06 total_loss_m 0.010893 total_loss_p 1.098600 fea_loss 0.000914 done_loss 0.001758
[36m(ModelLearner pid=733241)[0m [dynamic-enduro-v5-test-10479] Steps 599248 (3406080[5.8]) @ 1125.0 SPS (1083.9). norm_m 852.04 norm_p 0.06 total_loss_m 0.016258 total_loss_p 1.095735 fea_loss 0.000854 done_loss 0.007720
[36m(ActorLearner pid=733242)[0m [1;34m[dynamic-enduro-v5-test-10479] Steps 599248 @ 666.0 SPS (680.3). (T_q: 6.67) Eps 176. [0mRet [1;31m0.000000[0m (0.000000/0.000000). Loss -0.00 pg_loss 0.00 entropy_loss -0.64 reg_loss 0.00 total_norm 0.00 mean_abs_v 0.08 last_lr: 2.9820e-04
[36m(ModelLearner pid=733241)[0m [dynamic-enduro-v5-test-10479] Steps 600272 (3412224[5.8]) @ 1124.9 SPS (1084.1). norm_m 492.23 norm_p 0.15 total_loss_m 0.041735 total_loss_p 1.092870 fea_loss 0.002391 done_loss 0.017826
[36m(ActorLearner pid=733242)[0m [1;34m[dynamic-enduro-v5-test-10479] Steps 601168 @ 665.7 SPS (680.2). (T_q: 6.39) Eps 176. [0mRet [1;31m0.000000[0m (0.000000/0.000000). Loss -0.00 pg_loss 0.00 entropy_loss -0.65 reg_loss 0.00 total_norm 0.00 mean_abs_v 0.08 last_lr: 2.9820e-04
[36m(ModelLearner pid=733241)[0m [dynamic-enduro-v5-test-10479] Steps 601296 (3418368[5.8]) @ 1127.5 SPS (1084.3). norm_m 228.03 norm_p 0.10 total_loss_m 0.022580 total_loss_p 1.098596 fea_loss 0.002210 done_loss 0.000477
[36m(ModelLearner pid=733241)[0m [dynamic-enduro-v5-test-10479] Steps 602320 (3424512[5.8]) @ 1135.0 SPS (1084.4). norm_m 290.62 norm_p 0.11 total_loss_m 0.052746 total_loss_p 1.098582 fea_loss 0.005176 done_loss 0.000989
[36m(ActorLearner pid=733242)[0m [1;34m[dynamic-enduro-v5-test-10479] Steps 603040 @ 666.5 SPS (680.2). (T_q: 6.55) Eps 176. [0mRet [1;31m0.000000[0m (0.000000/0.000000). Loss -0.00 pg_loss 0.00 entropy_loss -0.65 reg_loss 0.00 total_norm 0.00 mean_abs_v 0.08 last_lr: 2.9819e-04
[36m(ModelLearner pid=733241)[0m [dynamic-enduro-v5-test-10479] Steps 603344 (3430656[5.8]) @ 1136.1 SPS (1084.6). norm_m 1277.38 norm_p 0.07 total_loss_m 0.006485 total_loss_p 1.098590 fea_loss 0.000591 done_loss 0.000577
[36m(ModelLearner pid=733241)[0m [dynamic-enduro-v5-test-10479] Steps 604368 (3436800[5.8]) @ 1135.7 SPS (1084.7). norm_m 913.55 norm_p 0.07 total_loss_m 0.045912 total_loss_p 1.097151 fea_loss 0.003844 done_loss 0.007468
[36m(ActorLearner pid=733242)[0m [1;34m[dynamic-enduro-v5-test-10479] Steps 604880 @ 664.8 SPS (680.2). (T_q: 6.72) Eps 176. [0mRet [1;31m0.000000[0m (0.000000/0.000000). Loss -0.00 pg_loss 0.00 entropy_loss -0.63 reg_loss 0.00 total_norm 0.00 mean_abs_v 0.07 last_lr: 2.9819e-04
[36m(ModelLearner pid=733241)[0m [dynamic-enduro-v5-test-10479] Steps 605392 (3442944[5.8]) @ 1137.5 SPS (1084.9). norm_m 1128.98 norm_p 0.08 total_loss_m 0.007385 total_loss_p 1.098576 fea_loss 0.000697 done_loss 0.000412
[36m(ModelLearner pid=733241)[0m [dynamic-enduro-v5-test-10479] Steps 606416 (3449088[5.8]) @ 1138.4 SPS (1085.1). norm_m 335.15 norm_p 0.19 total_loss_m 0.008886 total_loss_p 1.098617 fea_loss 0.000859 done_loss 0.000294
[36m(ActorLearner pid=733242)[0m [1;34m[dynamic-enduro-v5-test-10479] Steps 606704 @ 664.9 SPS (680.2). (T_q: 6.44) Eps 176. [0mRet [1;31m0.000000[0m (0.000000/0.000000). Loss -0.00 pg_loss 0.00 entropy_loss -0.63 reg_loss 0.00 total_norm 0.00 mean_abs_v 0.07 last_lr: 2.9818e-04
[36m(ModelLearner pid=733241)[0m [dynamic-enduro-v5-test-10479] Steps 607440 (3455232[5.8]) @ 1138.3 SPS (1085.2). norm_m 492.09 norm_p 0.14 total_loss_m 0.049184 total_loss_p 1.098606 fea_loss 0.004895 done_loss 0.000238
[36m(ModelLearner pid=733241)[0m [dynamic-enduro-v5-test-10479] Steps 608448 (3461376[5.8]) @ 1133.2 SPS (1085.0). norm_m 788.74 norm_p 0.10 total_loss_m 0.004578 total_loss_p 1.098618 fea_loss 0.000439 done_loss 0.000185
[36m(ActorLearner pid=733242)[0m [1;34m[dynamic-enduro-v5-test-10479] Steps 608480 @ 666.3 SPS (680.2). (T_q: 6.15) Eps 176. [0mRet [1;31m0.000000[0m (0.000000/0.000000). Loss -0.00 pg_loss 0.00 entropy_loss -0.63 reg_loss 0.00 total_norm 0.00 mean_abs_v 0.06 last_lr: 2.9817e-04
[36m(ModelLearner pid=733241)[0m Saving model checkpoint to /scratch/jeongmin/dt-10479/p/logs/thinker/dynamic-enduro-v5-test-10479/ckp_model.tar
[36m(ActorLearner pid=733242)[0m Saving actor checkpoint to /scratch/jeongmin/dt-10479/p/logs/thinker/dynamic-enduro-v5-test-10479/ckp_actor.tar
[36m(ModelLearner pid=733241)[0m [dynamic-enduro-v5-test-10479] Steps 609472 (3467520[5.8]) @ 1130.4 SPS (1085.1). norm_m 1544.61 norm_p 0.11 total_loss_m 0.026083 total_loss_p 1.098599 fea_loss 0.002538 done_loss 0.000707
[36m(ActorLearner pid=733242)[0m [1;34m[dynamic-enduro-v5-test-10479] Steps 610192 @ 666.8 SPS (680.2). (T_q: 6.53) Eps 176. [0mRet [1;31m0.000000[0m (0.000000/0.000000). Loss -0.00 pg_loss 0.00 entropy_loss -0.58 reg_loss 0.00 total_norm 0.00 mean_abs_v 0.06 last_lr: 2.9817e-04
[36m(ModelLearner pid=733241)[0m [dynamic-enduro-v5-test-10479] Steps 610512 (3473664[5.8]) @ 1134.4 SPS (1085.1). norm_m 574.85 norm_p 0.09 total_loss_m 0.005709 total_loss_p 1.098613 fea_loss 0.000519 done_loss 0.000521
[36m(ModelLearner pid=733241)[0m [dynamic-enduro-v5-test-10479] Steps 611520 (3479808[5.8]) @ 1133.5 SPS (1085.2). norm_m 346.35 norm_p 0.09 total_loss_m 0.004873 total_loss_p 1.098626 fea_loss 0.000426 done_loss 0.000616
[36m(ActorLearner pid=733242)[0m [1;34m[dynamic-enduro-v5-test-10479] Steps 611952 @ 667.4 SPS (680.2). (T_q: 6.51) Eps 176. [0mRet [1;31m0.000000[0m (0.000000/0.000000). Loss -0.00 pg_loss 0.00 entropy_loss -0.59 reg_loss 0.00 total_norm 0.00 mean_abs_v 0.06 last_lr: 2.9816e-04
[36m(ModelLearner pid=733241)[0m [dynamic-enduro-v5-test-10479] Steps 612544 (3485952[5.8]) @ 1132.2 SPS (1085.3). norm_m 607.64 norm_p 0.08 total_loss_m 0.004874 total_loss_p 1.098616 fea_loss 0.000471 done_loss 0.000166
[36m(ModelLearner pid=733241)[0m [dynamic-enduro-v5-test-10479] Steps 613568 (3492096[5.8]) @ 1125.1 SPS (1085.0). norm_m 577.43 norm_p 0.09 total_loss_m 0.005315 total_loss_p 1.098618 fea_loss 0.000497 done_loss 0.000347
[36m(ActorLearner pid=733242)[0m [1;34m[dynamic-enduro-v5-test-10479] Steps 613680 @ 668.8 SPS (680.2). (T_q: 6.41) Eps 176. [0mRet [1;31m0.000000[0m (0.000000/0.000000). Loss -0.00 pg_loss 0.00 entropy_loss -0.59 reg_loss 0.00 total_norm 0.00 mean_abs_v 0.06 last_lr: 2.9816e-04
[36m(ModelLearner pid=733241)[0m [dynamic-enduro-v5-test-10479] Steps 614592 (3498240[5.8]) @ 1122.9 SPS (1085.1). norm_m 228.93 norm_p 0.07 total_loss_m 0.004625 total_loss_p 1.098582 fea_loss 0.000378 done_loss 0.000848
[36m(ActorLearner pid=733242)[0m [1;34m[dynamic-enduro-v5-test-10479] Steps 615424 @ 668.4 SPS (680.1). (T_q: 6.67) Eps 176. [0mRet [1;31m0.000000[0m (0.000000/0.000000). Loss -0.00 pg_loss 0.00 entropy_loss -0.59 reg_loss 0.00 total_norm 0.00 mean_abs_v 0.07 last_lr: 2.9815e-04
[36m(ModelLearner pid=733241)[0m [dynamic-enduro-v5-test-10479] Steps 615616 (3504384[5.8]) @ 1122.6 SPS (1085.2). norm_m 216.57 norm_p 0.12 total_loss_m 0.020876 total_loss_p 1.098615 fea_loss 0.001938 done_loss 0.001501
[36m(ModelLearner pid=733241)[0m [dynamic-enduro-v5-test-10479] Steps 616624 (3510528[5.8]) @ 1122.5 SPS (1085.3). norm_m 1027.88 norm_p 0.06 total_loss_m 0.048594 total_loss_p 1.091451 fea_loss 0.002948 done_loss 0.019119
[36m(ActorLearner pid=733242)[0m [1;34m[dynamic-enduro-v5-test-10479] Steps 617216 @ 668.7 SPS (680.1). (T_q: 6.66) Eps 176. [0mRet [1;31m0.000000[0m (0.000000/0.000000). Loss -0.00 pg_loss 0.00 entropy_loss -0.61 reg_loss 0.00 total_norm 0.00 mean_abs_v 0.07 last_lr: 2.9815e-04
[36m(ModelLearner pid=733241)[0m [dynamic-enduro-v5-test-10479] Steps 617648 (3516672[5.8]) @ 1121.9 SPS (1085.4). norm_m 626.32 norm_p 0.06 total_loss_m 0.034450 total_loss_p 1.098598 fea_loss 0.003423 done_loss 0.000218
[36m(ModelLearner pid=733241)[0m [dynamic-enduro-v5-test-10479] Steps 618816 (3523584[5.8]) @ 1124.2 SPS (1085.7). norm_m 823.56 norm_p 0.12 total_loss_m 0.018311 total_loss_p 1.098616 fea_loss 0.001777 done_loss 0.000539
[36m(ActorLearner pid=733242)[0m [1;34m[dynamic-enduro-v5-test-10479] Steps 619136 @ 668.4 SPS (680.1). (T_q: 6.57) Eps 176. [0mRet [1;31m0.000000[0m (0.000000/0.000000). Loss -0.00 pg_loss 0.00 entropy_loss -0.66 reg_loss 0.00 total_norm 0.00 mean_abs_v 0.08 last_lr: 2.9814e-04
[36m(ModelLearner pid=733241)[0m [dynamic-enduro-v5-test-10479] Steps 619840 (3529728[5.8]) @ 1124.5 SPS (1085.8). norm_m 378.52 norm_p 0.06 total_loss_m 0.009504 total_loss_p 1.098598 fea_loss 0.000893 done_loss 0.000572
[36m(ModelLearner pid=733241)[0m [dynamic-enduro-v5-test-10479] Steps 620976 (3536640[5.8]) @ 1127.6 SPS (1085.8). norm_m 471.17 norm_p 0.05 total_loss_m 0.036249 total_loss_p 1.095759 fea_loss 0.002554 done_loss 0.010710
[36m(ActorLearner pid=733242)[0m [1;34m[dynamic-enduro-v5-test-10479] Steps 621024 @ 668.4 SPS (680.0). (T_q: 6.69) Eps 176. [0mRet [1;31m0.000000[0m (0.000000/0.000000). Loss -0.00 pg_loss 0.00 entropy_loss -0.64 reg_loss 0.00 total_norm 0.00 mean_abs_v 0.08 last_lr: 2.9814e-04
[36m(ModelLearner pid=733241)[0m [dynamic-enduro-v5-test-10479] Steps 622000 (3542784[5.8]) @ 1128.8 SPS (1085.8). norm_m 1607.53 norm_p 0.07 total_loss_m 0.038052 total_loss_p 1.091450 fea_loss 0.001066 done_loss 0.027392
[36m(ActorLearner pid=733242)[0m [1;34m[dynamic-enduro-v5-test-10479] Steps 622896 @ 668.7 SPS (680.0). (T_q: 6.48) Eps 176. [0mRet [1;31m0.000000[0m (0.000000/0.000000). Loss -0.00 pg_loss 0.00 entropy_loss -0.63 reg_loss 0.00 total_norm 0.00 mean_abs_v 0.08 last_lr: 2.9813e-04
[36m(ModelLearner pid=733241)[0m [dynamic-enduro-v5-test-10479] Steps 623152 (3549696[5.8]) @ 1133.0 SPS (1086.1). norm_m 4189.58 norm_p 0.06 total_loss_m 0.014369 total_loss_p 1.098610 fea_loss 0.001420 done_loss 0.000169
[36m(ActorLearner pid=733242)[0m [1;34m[dynamic-enduro-v5-test-10479] Steps 623792 @ 665.3 SPS (679.7). (T_q: 3.05) Eps 176. [0mRet [1;31m0.000000[0m (0.000000/0.000000). Loss -0.00 pg_loss 0.00 entropy_loss -0.61 reg_loss 0.00 total_norm 0.00 mean_abs_v 0.07 last_lr: 2.9813e-04
[36m(ModelLearner pid=733241)[0m [dynamic-enduro-v5-test-10479] Steps 624176 (3555840[5.8]) @ 1133.7 SPS (1086.3). norm_m 511.77 norm_p 0.15 total_loss_m 0.006129 total_loss_p 1.098600 fea_loss 0.000591 done_loss 0.000220
[36m(ModelLearner pid=733241)[0m [dynamic-enduro-v5-test-10479] Steps 625200 (3561984[5.8]) @ 1133.0 SPS (1086.3). norm_m 557.81 norm_p 0.08 total_loss_m 0.005009 total_loss_p 1.098610 fea_loss 0.000488 done_loss 0.000125
[36m(ActorLearner pid=733242)[0m [1;34m[dynamic-enduro-v5-test-10479] Steps 625552 @ 667.6 SPS (679.9). (T_q: 4.95) Eps 176. [0mRet [1;31m0.000000[0m (0.000000/0.000000). Loss -0.00 pg_loss 0.00 entropy_loss -0.62 reg_loss 0.00 total_norm 0.00 mean_abs_v 0.07 last_lr: 2.9812e-04
[36m(ModelLearner pid=733241)[0m [dynamic-enduro-v5-test-10479] Steps 626224 (3568128[5.8]) @ 1132.6 SPS (1086.4). norm_m 587.33 norm_p 0.09 total_loss_m 0.005531 total_loss_p 1.098601 fea_loss 0.000544 done_loss 0.000096
[36m(ModelLearner pid=733241)[0m [dynamic-enduro-v5-test-10479] Steps 627248 (3574272[5.8]) @ 1139.9 SPS (1086.5). norm_m 203.43 norm_p 0.11 total_loss_m 0.017632 total_loss_p 1.098627 fea_loss 0.001763 done_loss 0.000005
[36m(ActorLearner pid=733242)[0m [1;34m[dynamic-enduro-v5-test-10479] Steps 627376 @ 661.1 SPS (679.2). (T_q: 6.08) Eps 176. [0mRet [1;31m0.000000[0m (0.000000/0.000000). Loss -0.00 pg_loss 0.00 entropy_loss -0.62 reg_loss 0.00 total_norm 0.00 mean_abs_v 0.07 last_lr: 2.9812e-04
[36m(ModelLearner pid=733241)[0m [dynamic-enduro-v5-test-10479] Steps 628272 (3580416[5.8]) @ 1137.2 SPS (1086.4). norm_m 649.21 norm_p 0.09 total_loss_m 0.006461 total_loss_p 1.098608 fea_loss 0.000645 done_loss 0.000011
[36m(ModelLearner pid=733241)[0m [dynamic-enduro-v5-test-10479] Steps 629280 (3586560[5.8]) @ 1137.8 SPS (1086.5). norm_m 425.75 norm_p 0.04 total_loss_m 0.008378 total_loss_p 1.098615 fea_loss 0.000816 done_loss 0.000222
[36m(ActorLearner pid=733242)[0m [1;34m[dynamic-enduro-v5-test-10479] Steps 629184 @ 665.9 SPS (679.7). (T_q: 2.49) Eps 176. [0mRet [1;31m0.000000[0m (0.000000/0.000000). Loss -0.00 pg_loss 0.00 entropy_loss -0.61 reg_loss 0.00 total_norm 0.00 mean_abs_v 0.07 last_lr: 2.9811e-04
[36m(ModelLearner pid=733241)[0m [dynamic-enduro-v5-test-10479] Steps 630320 (3592704[5.8]) @ 1137.8 SPS (1086.6). norm_m 406.36 norm_p 0.13 total_loss_m 0.005198 total_loss_p 1.098610 fea_loss 0.000491 done_loss 0.000288
[36m(ActorLearner pid=733242)[0m [1;34m[dynamic-enduro-v5-test-10479] Steps 630976 @ 668.4 SPS (679.8). (T_q: 5.29) Eps 176. [0mRet [1;31m0.000000[0m (0.000000/0.000000). Loss -0.00 pg_loss 0.00 entropy_loss -0.61 reg_loss 0.00 total_norm 0.00 mean_abs_v 0.07 last_lr: 2.9811e-04
[36m(ModelLearner pid=733241)[0m [dynamic-enduro-v5-test-10479] Steps 631328 (3598848[5.8]) @ 1137.8 SPS (1086.7). norm_m 504.71 norm_p 0.08 total_loss_m 0.006990 total_loss_p 1.098600 fea_loss 0.000667 done_loss 0.000322
[36m(ModelLearner pid=733241)[0m [dynamic-enduro-v5-test-10479] Steps 632352 (3604992[5.8]) @ 1137.3 SPS (1086.8). norm_m 892.18 norm_p 0.07 total_loss_m 0.032527 total_loss_p 1.098601 fea_loss 0.003208 done_loss 0.000450
[36m(ActorLearner pid=733242)[0m [1;34m[dynamic-enduro-v5-test-10479] Steps 632816 @ 668.4 SPS (679.8). (T_q: 6.53) Eps 176. [0mRet [1;31m0.000000[0m (0.000000/0.000000). Loss -0.00 pg_loss 0.00 entropy_loss -0.64 reg_loss 0.00 total_norm 0.00 mean_abs_v 0.07 last_lr: 2.9810e-04
[36m(ModelLearner pid=733241)[0m [dynamic-enduro-v5-test-10479] Steps 633376 (3611136[5.8]) @ 1136.7 SPS (1086.9). norm_m 286.01 norm_p 0.09 total_loss_m 0.012715 total_loss_p 1.098594 fea_loss 0.001235 done_loss 0.000361
[36m(ModelLearner pid=733241)[0m [dynamic-enduro-v5-test-10479] Steps 634400 (3617280[5.8]) @ 1143.0 SPS (1087.1). norm_m 329.09 norm_p 0.05 total_loss_m 0.005038 total_loss_p 1.098603 fea_loss 0.000362 done_loss 0.001414
[36m(ActorLearner pid=733242)[0m [1;34m[dynamic-enduro-v5-test-10479] Steps 634672 @ 667.8 SPS (679.8). (T_q: 6.85) Eps 176. [0mRet [1;31m0.000000[0m (0.000000/0.000000). Loss -0.00 pg_loss 0.00 entropy_loss -0.62 reg_loss 0.00 total_norm 0.00 mean_abs_v 0.07 last_lr: 2.9810e-04
[36m(ModelLearner pid=733241)[0m [dynamic-enduro-v5-test-10479] Steps 635424 (3623424[5.8]) @ 1142.3 SPS (1087.2). norm_m 355.49 norm_p 0.05 total_loss_m 0.011907 total_loss_p 1.098618 fea_loss 0.001140 done_loss 0.000504
[36m(ActorLearner pid=733242)[0m [1;34m[dynamic-enduro-v5-test-10479] Steps 636448 @ 668.7 SPS (679.8). (T_q: 6.40) Eps 176. [0mRet [1;31m0.000000[0m (0.000000/0.000000). Loss -0.00 pg_loss 0.00 entropy_loss -0.57 reg_loss 0.00 total_norm 0.00 mean_abs_v 0.07 last_lr: 2.9809e-04
[36m(ModelLearner pid=733241)[0m [dynamic-enduro-v5-test-10479] Steps 636448 (3629568[5.8]) @ 1135.7 SPS (1087.0). norm_m 334.13 norm_p 0.10 total_loss_m 0.009903 total_loss_p 1.098621 fea_loss 0.000945 done_loss 0.000452
[36m(ModelLearner pid=733241)[0m [dynamic-enduro-v5-test-10479] Steps 637472 (3635712[5.8]) @ 1134.0 SPS (1087.1). norm_m 396.81 norm_p 0.11 total_loss_m 0.017965 total_loss_p 1.098582 fea_loss 0.001757 done_loss 0.000391
[36m(SelfPlayWorker pid=733238)[0m [DEBUG] Episode termination detected:
[36m(SelfPlayWorker pid=733238)[0m   - done: tensor([False, False, False, False, False,  True, False, False, False, False,
[36m(SelfPlayWorker pid=733238)[0m         False, False, False, False, False, False], device='cuda:0')
[36m(SelfPlayWorker pid=733238)[0m   - truncated_done: tensor([False, False, False, False, False, False, False, False, False, False,
[36m(SelfPlayWorker pid=733238)[0m         False, False, False, False, False, False], device='cuda:0')
[36m(SelfPlayWorker pid=733238)[0m   - real_done: tensor([False, False, False, False, False,  True, False, False, False, False,
[36m(SelfPlayWorker pid=733238)[0m         False, False, False, False, False, False], device='cuda:0')
[36m(SelfPlayWorker pid=733238)[0m   - step_status: tensor([0, 0, 0, 0, 0, 0, 0, 0, 0, 0, 0, 0, 0, 0, 0, 0], device='cuda:0')
[36m(SelfPlayWorker pid=733238)[0m   - counter: 142236
[36m(SelfPlayWorker pid=733238)[0m [DEBUG] Episode termination detected:
[36m(SelfPlayWorker pid=733238)[0m   - done: tensor([False, False, False, False,  True, False, False, False, False, False,
[36m(SelfPlayWorker pid=733238)[0m         False, False, False, False, False, False], device='cuda:0')
[36m(SelfPlayWorker pid=733238)[0m   - truncated_done: tensor([False, False, False, False, False, False, False, False, False, False,
[36m(SelfPlayWorker pid=733238)[0m         False, False, False, False, False, False], device='cuda:0')
[36m(SelfPlayWorker pid=733238)[0m   - real_done: tensor([False, False, False, False,  True, False, False, False, False, False,
[36m(SelfPlayWorker pid=733238)[0m         False, False, False, False, False, False], device='cuda:0')
[36m(SelfPlayWorker pid=733238)[0m   - step_status: tensor([0, 0, 0, 0, 0, 0, 0, 0, 0, 0, 0, 0, 0, 0, 0, 0], device='cuda:0')
[36m(SelfPlayWorker pid=733238)[0m   - counter: 142264
[36m(SelfPlayWorker pid=733238)[0m [DEBUG] Episode termination detected:
[36m(SelfPlayWorker pid=733238)[0m   - done: tensor([False, False, False, False, False, False, False, False, False,  True,
[36m(SelfPlayWorker pid=733238)[0m         False, False, False, False, False, False], device='cuda:0')
[36m(SelfPlayWorker pid=733238)[0m   - truncated_done: tensor([False, False, False, False, False, False, False, False, False, False,
[36m(SelfPlayWorker pid=733238)[0m         False, False, False, False, False, False], device='cuda:0')
[36m(SelfPlayWorker pid=733238)[0m   - real_done: tensor([False, False, False, False, False, False, False, False, False,  True,
[36m(SelfPlayWorker pid=733238)[0m         False, False, False, False, False, False], device='cuda:0')
[36m(SelfPlayWorker pid=733238)[0m   - step_status: tensor([0, 0, 0, 0, 0, 0, 0, 0, 0, 0, 0, 0, 0, 0, 0, 0], device='cuda:0')
[36m(SelfPlayWorker pid=733238)[0m   - counter: 142283
[36m(SelfPlayWorker pid=733238)[0m [DEBUG] Episode termination detected:
[36m(SelfPlayWorker pid=733238)[0m   - done: tensor([False, False, False, False, False, False, False, False, False, False,
[36m(SelfPlayWorker pid=733238)[0m         False,  True, False,  True, False,  True], device='cuda:0')
[36m(SelfPlayWorker pid=733238)[0m   - truncated_done: tensor([False, False, False, False, False, False, False, False, False, False,
[36m(SelfPlayWorker pid=733238)[0m         False, False, False, False, False, False], device='cuda:0')
[36m(SelfPlayWorker pid=733238)[0m   - real_done: tensor([False, False, False, False, False, False, False, False, False, False,
[36m(SelfPlayWorker pid=733238)[0m         False,  True, False,  True, False,  True], device='cuda:0')
[36m(SelfPlayWorker pid=733238)[0m   - step_status: tensor([0, 0, 0, 0, 0, 0, 0, 0, 0, 0, 0, 0, 0, 0, 0, 0], device='cuda:0')
[36m(SelfPlayWorker pid=733238)[0m   - counter: 142286
[36m(SelfPlayWorker pid=733238)[0m [DEBUG] Episode termination detected:
[36m(SelfPlayWorker pid=733238)[0m   - done: tensor([False, False, False,  True, False, False, False, False, False, False,
[36m(SelfPlayWorker pid=733238)[0m         False, False, False, False, False, False], device='cuda:0')
[36m(SelfPlayWorker pid=733238)[0m   - truncated_done: tensor([False, False, False, False, False, False, False, False, False, False,
[36m(SelfPlayWorker pid=733238)[0m         False, False, False, False, False, False], device='cuda:0')
[36m(SelfPlayWorker pid=733238)[0m   - real_done: tensor([False, False, False,  True, False, False, False, False, False, False,
[36m(SelfPlayWorker pid=733238)[0m         False, False, False, False, False, False], device='cuda:0')
[36m(SelfPlayWorker pid=733238)[0m   - step_status: tensor([0, 0, 0, 0, 0, 0, 0, 0, 0, 0, 0, 0, 0, 0, 0, 0], device='cuda:0')
[36m(SelfPlayWorker pid=733238)[0m   - counter: 142294
[36m(SelfPlayWorker pid=733238)[0m [DEBUG] Episode termination detected:
[36m(SelfPlayWorker pid=733238)[0m   - done: tensor([False, False, False, False, False, False, False,  True, False, False,
[36m(SelfPlayWorker pid=733238)[0m         False, False, False, False, False, False], device='cuda:0')
[36m(SelfPlayWorker pid=733238)[0m   - truncated_done: tensor([False, False, False, False, False, False, False, False, False, False,
[36m(SelfPlayWorker pid=733238)[0m         False, False, False, False, False, False], device='cuda:0')
[36m(SelfPlayWorker pid=733238)[0m   - real_done: tensor([False, False, False, False, False, False, False,  True, False, False,
[36m(SelfPlayWorker pid=733238)[0m         False, False, False, False, False, False], device='cuda:0')
[36m(SelfPlayWorker pid=733238)[0m   - step_status: tensor([0, 0, 0, 0, 0, 0, 0, 0, 0, 0, 0, 0, 0, 0, 0, 0], device='cuda:0')
[36m(SelfPlayWorker pid=733238)[0m   - counter: 142309
[36m(SelfPlayWorker pid=733238)[0m [DEBUG] Episode termination detected:
[36m(SelfPlayWorker pid=733238)[0m   - done: tensor([ True, False, False, False, False, False, False, False, False, False,
[36m(SelfPlayWorker pid=733238)[0m         False, False, False, False, False, False], device='cuda:0')
[36m(SelfPlayWorker pid=733238)[0m   - truncated_done: tensor([False, False, False, False, False, False, False, False, False, False,
[36m(SelfPlayWorker pid=733238)[0m         False, False, False, False, False, False], device='cuda:0')
[36m(SelfPlayWorker pid=733238)[0m   - real_done: tensor([ True, False, False, False, False, False, False, False, False, False,
[36m(SelfPlayWorker pid=733238)[0m         False, False, False, False, False, False], device='cuda:0')
[36m(SelfPlayWorker pid=733238)[0m   - step_status: tensor([0, 0, 0, 0, 0, 0, 0, 0, 0, 0, 0, 0, 0, 0, 0, 0], device='cuda:0')
[36m(SelfPlayWorker pid=733238)[0m   - counter: 142312
[36m(SelfPlayWorker pid=733238)[0m [DEBUG] Episode termination detected:
[36m(SelfPlayWorker pid=733238)[0m   - done: tensor([False, False, False, False, False, False,  True, False, False, False,
[36m(SelfPlayWorker pid=733238)[0m          True, False, False, False,  True, False], device='cuda:0')
[36m(SelfPlayWorker pid=733238)[0m   - truncated_done: tensor([False, False, False, False, False, False, False, False, False, False,
[36m(SelfPlayWorker pid=733238)[0m         False, False, False, False, False, False], device='cuda:0')
[36m(SelfPlayWorker pid=733238)[0m   - real_done: tensor([False, False, False, False, False, False,  True, False, False, False,
[36m(SelfPlayWorker pid=733238)[0m          True, False, False, False,  True, False], device='cuda:0')
[36m(SelfPlayWorker pid=733238)[0m   - step_status: tensor([0, 0, 0, 0, 0, 0, 0, 0, 0, 0, 0, 0, 0, 0, 0, 0], device='cuda:0')
[36m(SelfPlayWorker pid=733238)[0m   - counter: 142318
[36m(ActorLearner pid=733242)[0m [DEBUG] Episode counter increased:
[36m(ActorLearner pid=733242)[0m   - real_done_count: 7
[36m(ActorLearner pid=733242)[0m   - tot_eps: 183
[36m(ActorLearner pid=733242)[0m   - train_actor_out.real_done: tensor([[False, False, False,  ..., False, False, False],
[36m(ActorLearner pid=733242)[0m         [False, False, False,  ..., False, False, False],
[36m(ActorLearner pid=733242)[0m         [False, False, False,  ..., False, False, False],
[36m(ActorLearner pid=733242)[0m         ...,
[36m(ActorLearner pid=733242)[0m         [False, False, False,  ..., False, False, False],
[36m(ActorLearner pid=733242)[0m         [False, False, False,  ..., False, False, False],
[36m(ActorLearner pid=733242)[0m         [False, False, False,  ..., False, False, False]], device='cuda:0')
[36m(ActorLearner pid=733242)[0m   - train_actor_out.done: tensor([[False, False, False,  ..., False, False, False],
[36m(ActorLearner pid=733242)[0m         [False, False, False,  ..., False, False, False],
[36m(ActorLearner pid=733242)[0m         [False, False, False,  ..., False, False, False],
[36m(ActorLearner pid=733242)[0m         ...,
[36m(ActorLearner pid=733242)[0m         [False, False, False,  ..., False, False, False],
[36m(ActorLearner pid=733242)[0m         [False, False, False,  ..., False, False, False],
[36m(ActorLearner pid=733242)[0m         [False, False, False,  ..., False, False, False]], device='cuda:0')
[36m(ActorLearner pid=733242)[0m   - train_actor_out.truncated_done: tensor([[False, False, False,  ..., False, False, False],
[36m(ActorLearner pid=733242)[0m         [False, False, False,  ..., False, False, False],
[36m(ActorLearner pid=733242)[0m         [False, False, False,  ..., False, False, False],
[36m(ActorLearner pid=733242)[0m         ...,
[36m(ActorLearner pid=733242)[0m         [False, False, False,  ..., False, False, False],
[36m(ActorLearner pid=733242)[0m         [False, False, False,  ..., False, False, False],
[36m(ActorLearner pid=733242)[0m         [False, False, False,  ..., False, False, False]], device='cuda:0')
[36m(ActorLearner pid=733242)[0m [1;34m[dynamic-enduro-v5-test-10479] Steps 638288 @ 668.1 SPS (679.7). (T_q: 6.78) Eps 183. [0mRet [1;31m0.000000[0m (0.000000/0.000000). Loss -0.00 pg_loss 0.00 entropy_loss -0.61 reg_loss 0.00 total_norm 0.00 mean_abs_v 0.07 last_lr: 2.9809e-04
[36m(SelfPlayWorker pid=733238)[0m [DEBUG] Episode termination detected:
[36m(SelfPlayWorker pid=733238)[0m   - done: tensor([False, False,  True, False, False, False, False, False,  True, False,
[36m(SelfPlayWorker pid=733238)[0m         False, False, False, False, False, False], device='cuda:0')
[36m(SelfPlayWorker pid=733238)[0m   - truncated_done: tensor([False, False, False, False, False, False, False, False, False, False,
[36m(SelfPlayWorker pid=733238)[0m         False, False, False, False, False, False], device='cuda:0')
[36m(SelfPlayWorker pid=733238)[0m   - real_done: tensor([False, False,  True, False, False, False, False, False,  True, False,
[36m(SelfPlayWorker pid=733238)[0m         False, False, False, False, False, False], device='cuda:0')
[36m(SelfPlayWorker pid=733238)[0m   - step_status: tensor([0, 0, 0, 0, 0, 0, 0, 0, 0, 0, 0, 0, 0, 0, 0, 0], device='cuda:0')
[36m(SelfPlayWorker pid=733238)[0m   - counter: 142346
[36m(SelfPlayWorker pid=733238)[0m [DEBUG] Episode termination detected:
[36m(SelfPlayWorker pid=733238)[0m   - done: tensor([False, False, False, False, False, False, False, False, False, False,
[36m(SelfPlayWorker pid=733238)[0m         False, False,  True, False, False, False], device='cuda:0')
[36m(SelfPlayWorker pid=733238)[0m   - truncated_done: tensor([False, False, False, False, False, False, False, False, False, False,
[36m(SelfPlayWorker pid=733238)[0m         False, False, False, False, False, False], device='cuda:0')
[36m(SelfPlayWorker pid=733238)[0m   - real_done: tensor([False, False, False, False, False, False, False, False, False, False,
[36m(SelfPlayWorker pid=733238)[0m         False, False,  True, False, False, False], device='cuda:0')
[36m(SelfPlayWorker pid=733238)[0m   - step_status: tensor([0, 0, 0, 0, 0, 0, 0, 0, 0, 0, 0, 0, 0, 0, 0, 0], device='cuda:0')
[36m(SelfPlayWorker pid=733238)[0m   - counter: 142352
[36m(SelfPlayWorker pid=733238)[0m [DEBUG] Episode termination detected:
[36m(SelfPlayWorker pid=733238)[0m   - done: tensor([False,  True, False, False, False, False, False, False, False, False,
[36m(SelfPlayWorker pid=733238)[0m         False, False, False, False, False, False], device='cuda:0')
[36m(SelfPlayWorker pid=733238)[0m   - truncated_done: tensor([False, False, False, False, False, False, False, False, False, False,
[36m(SelfPlayWorker pid=733238)[0m         False, False, False, False, False, False], device='cuda:0')
[36m(SelfPlayWorker pid=733238)[0m   - real_done: tensor([False,  True, False, False, False, False, False, False, False, False,
[36m(SelfPlayWorker pid=733238)[0m         False, False, False, False, False, False], device='cuda:0')
[36m(SelfPlayWorker pid=733238)[0m   - step_status: tensor([0, 0, 0, 0, 0, 0, 0, 0, 0, 0, 0, 0, 0, 0, 0, 0], device='cuda:0')
[36m(SelfPlayWorker pid=733238)[0m   - counter: 142359
[36m(ModelLearner pid=733241)[0m [dynamic-enduro-v5-test-10479] Steps 638496 (3641856[5.8]) @ 1132.5 SPS (1087.2). norm_m 500.71 norm_p 0.10 total_loss_m 0.028033 total_loss_p 1.098605 fea_loss 0.002769 done_loss 0.000346
[36m(ActorLearner pid=733242)[0m [DEBUG] Episode counter increased:
[36m(ActorLearner pid=733242)[0m   - real_done_count: 9
[36m(ActorLearner pid=733242)[0m   - tot_eps: 192
[36m(ActorLearner pid=733242)[0m   - train_actor_out.real_done: tensor([[False, False, False,  ..., False, False, False],
[36m(ActorLearner pid=733242)[0m         [False, False, False,  ..., False, False, False],
[36m(ActorLearner pid=733242)[0m         [False, False, False,  ..., False, False, False],
[36m(ActorLearner pid=733242)[0m         ...,
[36m(ActorLearner pid=733242)[0m         [False, False, False,  ..., False, False, False],
[36m(ActorLearner pid=733242)[0m         [False, False, False,  ..., False, False, False],
[36m(ActorLearner pid=733242)[0m         [False, False, False,  ..., False, False, False]], device='cuda:0')
[36m(ActorLearner pid=733242)[0m   - train_actor_out.done: tensor([[False, False, False,  ..., False, False, False],
[36m(ActorLearner pid=733242)[0m         [False, False, False,  ..., False, False, False],
[36m(ActorLearner pid=733242)[0m         [False, False, False,  ..., False, False, False],
[36m(ActorLearner pid=733242)[0m         ...,
[36m(ActorLearner pid=733242)[0m         [False, False, False,  ..., False, False, False],
[36m(ActorLearner pid=733242)[0m         [False, False, False,  ..., False, False, False],
[36m(ActorLearner pid=733242)[0m         [False, False, False,  ..., False, False, False]], device='cuda:0')
[36m(ActorLearner pid=733242)[0m   - train_actor_out.truncated_done: tensor([[False, False, False,  ..., False, False, False],
[36m(ActorLearner pid=733242)[0m         [False, False, False,  ..., False, False, False],
[36m(ActorLearner pid=733242)[0m         [False, False, False,  ..., False, False, False],
[36m(ActorLearner pid=733242)[0m         ...,
[36m(ActorLearner pid=733242)[0m         [False, False, False,  ..., False, False, False],
[36m(ActorLearner pid=733242)[0m         [False, False, False,  ..., False, False, False],
[36m(ActorLearner pid=733242)[0m         [False, False, False,  ..., False, False, False]], device='cuda:0')
[36m(ModelLearner pid=733241)[0m [dynamic-enduro-v5-test-10479] Steps 639504 (3648000[5.8]) @ 1132.3 SPS (1087.3). norm_m 181.44 norm_p 0.04 total_loss_m 0.005389 total_loss_p 1.098617 fea_loss 0.000517 done_loss 0.000216
[36m(ActorLearner pid=733242)[0m [1;34m[dynamic-enduro-v5-test-10479] Steps 640096 @ 668.8 SPS (679.7). (T_q: 6.60) Eps 192. [0mRet [1;31m0.000000[0m (0.000000/0.000000). Loss -0.00 pg_loss 0.00 entropy_loss -0.61 reg_loss 0.00 total_norm 0.00 mean_abs_v 0.07 last_lr: 2.9808e-04
[36m(ModelLearner pid=733241)[0m [dynamic-enduro-v5-test-10479] Steps 640528 (3654144[5.8]) @ 1132.0 SPS (1087.4). norm_m 272.15 norm_p 0.07 total_loss_m 0.019422 total_loss_p 1.095751 fea_loss 0.000466 done_loss 0.014763
[36m(ModelLearner pid=733241)[0m [dynamic-enduro-v5-test-10479] Steps 641552 (3660288[5.8]) @ 1130.7 SPS (1087.5). norm_m 970.07 norm_p 0.05 total_loss_m 0.019390 total_loss_p 1.098584 fea_loss 0.001663 done_loss 0.002757
[36m(ActorLearner pid=733242)[0m [1;34m[dynamic-enduro-v5-test-10479] Steps 641936 @ 668.8 SPS (679.6). (T_q: 6.76) Eps 192. [0mRet [1;31m0.000000[0m (0.000000/0.000000). Loss -0.00 pg_loss 0.00 entropy_loss -0.64 reg_loss 0.00 total_norm 0.00 mean_abs_v 0.07 last_lr: 2.9807e-04
[36m(ModelLearner pid=733241)[0m [dynamic-enduro-v5-test-10479] Steps 642704 (3667200[5.8]) @ 1132.1 SPS (1087.7). norm_m 562.53 norm_p 0.09 total_loss_m 0.036838 total_loss_p 1.098620 fea_loss 0.003566 done_loss 0.001177
[36m(ModelLearner pid=733241)[0m [dynamic-enduro-v5-test-10479] Steps 643728 (3673344[5.8]) @ 1125.9 SPS (1087.5). norm_m 276.42 norm_p 0.09 total_loss_m 0.045780 total_loss_p 1.088617 fea_loss 0.000477 done_loss 0.041008
[36m(ActorLearner pid=733242)[0m [1;34m[dynamic-enduro-v5-test-10479] Steps 643744 @ 669.1 SPS (679.6). (T_q: 6.57) Eps 192. [0mRet [1;31m0.000000[0m (0.000000/0.000000). Loss -0.00 pg_loss 0.00 entropy_loss -0.61 reg_loss 0.00 total_norm 0.00 mean_abs_v 0.07 last_lr: 2.9807e-04
[36m(ModelLearner pid=733241)[0m [dynamic-enduro-v5-test-10479] Steps 644752 (3679488[5.8]) @ 1130.8 SPS (1087.6). norm_m 3370.90 norm_p 0.09 total_loss_m 0.064943 total_loss_p 1.091465 fea_loss 0.004396 done_loss 0.020980
[36m(ActorLearner pid=733242)[0m [1;34m[dynamic-enduro-v5-test-10479] Steps 645600 @ 669.0 SPS (679.5). (T_q: 6.56) Eps 192. [0mRet [1;31m0.000000[0m (0.000000/0.000000). Loss -0.00 pg_loss 0.00 entropy_loss -0.63 reg_loss 0.00 total_norm 0.00 mean_abs_v 0.07 last_lr: 2.9806e-04
[36m(ModelLearner pid=733241)[0m [dynamic-enduro-v5-test-10479] Steps 645776 (3685632[5.8]) @ 1131.0 SPS (1087.7). norm_m 1523.55 norm_p 0.08 total_loss_m 0.039789 total_loss_p 1.092885 fea_loss 0.001735 done_loss 0.022442
[36m(ModelLearner pid=733241)[0m [dynamic-enduro-v5-test-10479] Steps 646800 (3691776[5.8]) @ 1130.7 SPS (1087.7). norm_m 1431.06 norm_p 0.10 total_loss_m 0.034373 total_loss_p 1.098596 fea_loss 0.003344 done_loss 0.000935
[36m(ActorLearner pid=733242)[0m [1;34m[dynamic-enduro-v5-test-10479] Steps 647328 @ 668.7 SPS (679.4). (T_q: 6.68) Eps 192. [0mRet [1;31m0.000000[0m (0.000000/0.000000). Loss -0.00 pg_loss 0.00 entropy_loss -0.60 reg_loss 0.00 total_norm 0.00 mean_abs_v 0.07 last_lr: 2.9806e-04
[36m(ModelLearner pid=733241)[0m [dynamic-enduro-v5-test-10479] Steps 647824 (3697920[5.8]) @ 1130.9 SPS (1087.8). norm_m 1099.50 norm_p 0.04 total_loss_m 0.016527 total_loss_p 1.098601 fea_loss 0.001616 done_loss 0.000370
[36m(ModelLearner pid=733241)[0m [dynamic-enduro-v5-test-10479] Steps 648848 (3704064[5.8]) @ 1130.5 SPS (1087.9). norm_m 805.97 norm_p 0.08 total_loss_m 0.013995 total_loss_p 1.098624 fea_loss 0.001278 done_loss 0.001211
[36m(ActorLearner pid=733242)[0m [1;34m[dynamic-enduro-v5-test-10479] Steps 649072 @ 669.9 SPS (679.5). (T_q: 6.13) Eps 192. [0mRet [1;31m0.000000[0m (0.000000/0.000000). Loss -0.00 pg_loss 0.00 entropy_loss -0.61 reg_loss 0.00 total_norm 0.00 mean_abs_v 0.07 last_lr: 2.9805e-04
[36m(ModelLearner pid=733241)[0m [dynamic-enduro-v5-test-10479] Steps 649872 (3710208[5.8]) @ 1130.6 SPS (1087.6). norm_m 589.42 norm_p 0.07 total_loss_m 0.030367 total_loss_p 1.098592 fea_loss 0.002790 done_loss 0.002466
[36m(ModelLearner pid=733241)[0m [dynamic-enduro-v5-test-10479] Steps 650896 (3716352[5.8]) @ 1132.8 SPS (1087.8). norm_m 1111.38 norm_p 0.10 total_loss_m 0.022659 total_loss_p 1.098624 fea_loss 0.002165 done_loss 0.001013
[36m(ActorLearner pid=733242)[0m [1;34m[dynamic-enduro-v5-test-10479] Steps 650944 @ 668.2 SPS (679.4). (T_q: 6.77) Eps 192. [0mRet [1;31m0.000000[0m (0.000000/0.000000). Loss -0.00 pg_loss 0.00 entropy_loss -0.66 reg_loss 0.00 total_norm 0.00 mean_abs_v 0.07 last_lr: 2.9805e-04
[36m(ModelLearner pid=733241)[0m [dynamic-enduro-v5-test-10479] Steps 651920 (3722496[5.8]) @ 1132.3 SPS (1087.8). norm_m 478.34 norm_p 0.05 total_loss_m 0.006441 total_loss_p 1.098604 fea_loss 0.000597 done_loss 0.000468
[36m(ActorLearner pid=733242)[0m [1;34m[dynamic-enduro-v5-test-10479] Steps 652672 @ 668.9 SPS (679.4). (T_q: 6.28) Eps 192. [0mRet [1;31m0.000000[0m (0.000000/0.000000). Loss -0.00 pg_loss 0.00 entropy_loss -0.59 reg_loss 0.00 total_norm 0.00 mean_abs_v 0.07 last_lr: 2.9804e-04
[36m(ModelLearner pid=733241)[0m [dynamic-enduro-v5-test-10479] Steps 652944 (3728640[5.8]) @ 1131.5 SPS (1087.9). norm_m 388.36 norm_p 0.09 total_loss_m 0.027521 total_loss_p 1.092898 fea_loss 0.000459 done_loss 0.022926
[36m(ModelLearner pid=733241)[0m [dynamic-enduro-v5-test-10479] Steps 653968 (3734784[5.8]) @ 1131.0 SPS (1087.9). norm_m 479.00 norm_p 0.07 total_loss_m 0.005136 total_loss_p 1.098594 fea_loss 0.000481 done_loss 0.000330
[36m(ActorLearner pid=733242)[0m [1;34m[dynamic-enduro-v5-test-10479] Steps 654464 @ 668.0 SPS (679.3). (T_q: 6.88) Eps 192. [0mRet [1;31m0.000000[0m (0.000000/0.000000). Loss -0.00 pg_loss 0.00 entropy_loss -0.62 reg_loss 0.00 total_norm 0.00 mean_abs_v 0.07 last_lr: 2.9804e-04
[36m(ModelLearner pid=733241)[0m [dynamic-enduro-v5-test-10479] Steps 654992 (3740928[5.8]) @ 1126.9 SPS (1088.0). norm_m 917.25 norm_p 0.07 total_loss_m 0.011196 total_loss_p 1.098609 fea_loss 0.001072 done_loss 0.000477
[36m(ModelLearner pid=733241)[0m [dynamic-enduro-v5-test-10479] Steps 656016 (3747072[5.8]) @ 1126.4 SPS (1088.1). norm_m 1132.67 norm_p 0.08 total_loss_m 0.007334 total_loss_p 1.098618 fea_loss 0.000697 done_loss 0.000365
[36m(ActorLearner pid=733242)[0m [1;34m[dynamic-enduro-v5-test-10479] Steps 656224 @ 667.9 SPS (679.3). (T_q: 6.69) Eps 192. [0mRet [1;31m0.000000[0m (0.000000/0.000000). Loss -0.00 pg_loss 0.00 entropy_loss -0.62 reg_loss 0.00 total_norm 0.00 mean_abs_v 0.08 last_lr: 2.9803e-04
[36m(ModelLearner pid=733241)[0m [dynamic-enduro-v5-test-10479] Steps 657040 (3753216[5.8]) @ 1123.5 SPS (1087.9). norm_m 29.05 norm_p 0.01 total_loss_m 0.000214 total_loss_p 0.021129 fea_loss 0.000021 done_loss 0.000005
[36m(ActorLearner pid=733242)[0m [1;34m[dynamic-enduro-v5-test-10479] Steps 658048 @ 667.8 SPS (679.3). (T_q: 6.61) Eps 192. [0mRet [1;31m0.000000[0m (0.000000/0.000000). Loss -0.00 pg_loss 0.00 entropy_loss -0.62 reg_loss 0.00 total_norm 0.00 mean_abs_v 0.08 last_lr: 2.9803e-04
[36m(ModelLearner pid=733241)[0m [dynamic-enduro-v5-test-10479] Steps 658064 (3759360[5.8]) @ 1123.3 SPS (1087.9). norm_m 1321.37 norm_p 0.05 total_loss_m 0.022671 total_loss_p 1.094308 fea_loss 0.000689 done_loss 0.015784
[36m(ActorLearner pid=733242)[0m [1;34m[dynamic-enduro-v5-test-10479] Steps 658960 @ 667.9 SPS (679.2). (T_q: 3.27) Eps 192. [0mRet [1;31m0.000000[0m (0.000000/0.000000). Loss -0.00 pg_loss 0.00 entropy_loss -0.63 reg_loss 0.00 total_norm 0.00 mean_abs_v 0.08 last_lr: 2.9802e-04
[36m(ModelLearner pid=733241)[0m [dynamic-enduro-v5-test-10479] Steps 659088 (3765504[5.8]) @ 1122.0 SPS (1088.1). norm_m 874.28 norm_p 0.08 total_loss_m 0.013554 total_loss_p 1.097184 fea_loss 0.000618 done_loss 0.007378
[36m(ModelLearner pid=733241)[0m [dynamic-enduro-v5-test-10479] Steps 660112 (3771648[5.8]) @ 1122.4 SPS (1088.3). norm_m 956.79 norm_p 0.08 total_loss_m 0.005168 total_loss_p 1.098592 fea_loss 0.000448 done_loss 0.000684
[36m(ActorLearner pid=733242)[0m [1;34m[dynamic-enduro-v5-test-10479] Steps 660944 @ 667.9 SPS (679.1). (T_q: 6.68) Eps 192. [0mRet [1;31m0.000000[0m (0.000000/0.000000). Loss -0.00 pg_loss 0.00 entropy_loss -0.68 reg_loss 0.00 total_norm 0.00 mean_abs_v 0.08 last_lr: 2.9802e-04
[36m(ModelLearner pid=733241)[0m [dynamic-enduro-v5-test-10479] Steps 661136 (3777792[5.8]) @ 1124.2 SPS (1088.4). norm_m 1629.71 norm_p 0.04 total_loss_m 0.007400 total_loss_p 1.098617 fea_loss 0.000698 done_loss 0.000418
[36m(ModelLearner pid=733241)[0m [dynamic-enduro-v5-test-10479] Steps 662144 (3783936[5.8]) @ 1124.3 SPS (1088.5). norm_m 768.52 norm_p 0.08 total_loss_m 0.004745 total_loss_p 1.098610 fea_loss 0.000463 done_loss 0.000119
[36m(ActorLearner pid=733242)[0m [1;34m[dynamic-enduro-v5-test-10479] Steps 662832 @ 667.7 SPS (679.0). (T_q: 6.88) Eps 192. [0mRet [1;31m0.000000[0m (0.000000/0.000000). Loss -0.00 pg_loss 0.00 entropy_loss -0.66 reg_loss 0.00 total_norm 0.00 mean_abs_v 0.07 last_lr: 2.9801e-04
[36m(ModelLearner pid=733241)[0m [dynamic-enduro-v5-test-10479] Steps 663168 (3790080[5.8]) @ 1124.9 SPS (1088.7). norm_m 244.90 norm_p 0.09 total_loss_m 0.019773 total_loss_p 1.098606 fea_loss 0.001958 done_loss 0.000195
[36m(ModelLearner pid=733241)[0m [dynamic-enduro-v5-test-10479] Steps 664192 (3796224[5.8]) @ 1128.9 SPS (1088.8). norm_m 256.71 norm_p 0.11 total_loss_m 0.022209 total_loss_p 1.098626 fea_loss 0.002128 done_loss 0.000926
[36m(ActorLearner pid=733242)[0m [1;34m[dynamic-enduro-v5-test-10479] Steps 664688 @ 667.3 SPS (679.0). (T_q: 6.74) Eps 192. [0mRet [1;31m0.000000[0m (0.000000/0.000000). Loss -0.00 pg_loss 0.00 entropy_loss -0.62 reg_loss 0.00 total_norm 0.00 mean_abs_v 0.07 last_lr: 2.9801e-04
[36m(ModelLearner pid=733241)[0m [dynamic-enduro-v5-test-10479] Steps 665216 (3802368[5.8]) @ 1129.1 SPS (1088.9). norm_m 485.24 norm_p 0.10 total_loss_m 0.005692 total_loss_p 1.098590 fea_loss 0.000524 done_loss 0.000455
[36m(ModelLearner pid=733241)[0m [dynamic-enduro-v5-test-10479] Steps 666240 (3808512[5.8]) @ 1129.3 SPS (1088.9). norm_m 288.26 norm_p 0.10 total_loss_m 0.016692 total_loss_p 1.098598 fea_loss 0.001646 done_loss 0.000229
[36m(ActorLearner pid=733242)[0m [1;34m[dynamic-enduro-v5-test-10479] Steps 666448 @ 667.3 SPS (679.0). (T_q: 6.74) Eps 192. [0mRet [1;31m0.000000[0m (0.000000/0.000000). Loss -0.00 pg_loss 0.00 entropy_loss -0.59 reg_loss 0.00 total_norm 0.00 mean_abs_v 0.06 last_lr: 2.9800e-04
[36m(ModelLearner pid=733241)[0m [dynamic-enduro-v5-test-10479] Steps 667264 (3814656[5.8]) @ 1122.0 SPS (1088.7). norm_m 600.37 norm_p 0.12 total_loss_m 0.039412 total_loss_p 1.098606 fea_loss 0.003884 done_loss 0.000569
[36m(ActorLearner pid=733242)[0m [1;34m[dynamic-enduro-v5-test-10479] Steps 668208 @ 666.7 SPS (678.9). (T_q: 6.30) Eps 192. [0mRet [1;31m0.000000[0m (0.000000/0.000000). Loss -0.00 pg_loss 0.00 entropy_loss -0.61 reg_loss 0.00 total_norm 0.00 mean_abs_v 0.06 last_lr: 2.9800e-04
[36m(ModelLearner pid=733241)[0m [dynamic-enduro-v5-test-10479] Steps 668288 (3820800[5.8]) @ 1121.8 SPS (1088.7). norm_m 333.07 norm_p 0.10 total_loss_m 0.006130 total_loss_p 1.098625 fea_loss 0.000509 done_loss 0.001040
[36m(ModelLearner pid=733241)[0m [dynamic-enduro-v5-test-10479] Steps 669312 (3826944[5.8]) @ 1121.4 SPS (1088.8). norm_m 319.73 norm_p 0.10 total_loss_m 0.028288 total_loss_p 1.097189 fea_loss 0.002408 done_loss 0.004208
[36m(ActorLearner pid=733242)[0m [1;34m[dynamic-enduro-v5-test-10479] Steps 669984 @ 666.1 SPS (678.9). (T_q: 6.52) Eps 192. [0mRet [1;31m0.000000[0m (0.000000/0.000000). Loss -0.00 pg_loss 0.00 entropy_loss -0.62 reg_loss 0.00 total_norm 0.00 mean_abs_v 0.06 last_lr: 2.9799e-04
[36m(ModelLearner pid=733241)[0m [dynamic-enduro-v5-test-10479] Steps 670336 (3833088[5.8]) @ 1121.0 SPS (1088.9). norm_m 366.98 norm_p 0.08 total_loss_m 0.006124 total_loss_p 1.098600 fea_loss 0.000528 done_loss 0.000843
[36m(ModelLearner pid=733241)[0m [dynamic-enduro-v5-test-10479] Steps 671344 (3839232[5.8]) @ 1119.9 SPS (1089.0). norm_m 570.30 norm_p 0.05 total_loss_m 0.018545 total_loss_p 1.098607 fea_loss 0.001822 done_loss 0.000328
[36m(ActorLearner pid=733242)[0m [1;34m[dynamic-enduro-v5-test-10479] Steps 671792 @ 665.8 SPS (678.9). (T_q: 6.44) Eps 192. [0mRet [1;31m0.000000[0m (0.000000/0.000000). Loss -0.00 pg_loss 0.00 entropy_loss -0.62 reg_loss 0.00 total_norm 0.00 mean_abs_v 0.06 last_lr: 2.9798e-04
[36m(ModelLearner pid=733241)[0m [dynamic-enduro-v5-test-10479] Steps 672368 (3845376[5.8]) @ 1125.5 SPS (1089.1). norm_m 273.81 norm_p 0.08 total_loss_m 0.013341 total_loss_p 1.098631 fea_loss 0.001282 done_loss 0.000520
[36m(ModelLearner pid=733241)[0m [dynamic-enduro-v5-test-10479] Steps 673392 (3851520[5.8]) @ 1124.9 SPS (1089.2). norm_m 226.06 norm_p 0.08 total_loss_m 0.017585 total_loss_p 1.098618 fea_loss 0.001735 done_loss 0.000233
[36m(ActorLearner pid=733242)[0m [1;34m[dynamic-enduro-v5-test-10479] Steps 673536 @ 665.7 SPS (678.8). (T_q: 6.69) Eps 192. [0mRet [1;31m0.000000[0m (0.000000/0.000000). Loss -0.00 pg_loss 0.00 entropy_loss -0.59 reg_loss 0.00 total_norm 0.00 mean_abs_v 0.06 last_lr: 2.9798e-04
[36m(ModelLearner pid=733241)[0m [dynamic-enduro-v5-test-10479] Steps 674288 (3856896[5.8]) @ 1118.8 SPS (1088.9). norm_m 417.95 norm_p 0.04 total_loss_m 0.022045 total_loss_p 1.097182 fea_loss 0.001559 done_loss 0.006454
[36m(ActorLearner pid=733242)[0m [1;34m[dynamic-enduro-v5-test-10479] Steps 675296 @ 665.8 SPS (678.9). (T_q: 6.41) Eps 192. [0mRet [1;31m0.000000[0m (0.000000/0.000000). Loss -0.00 pg_loss 0.00 entropy_loss -0.61 reg_loss 0.00 total_norm 0.00 mean_abs_v 0.07 last_lr: 2.9797e-04
[36m(ModelLearner pid=733241)[0m [dynamic-enduro-v5-test-10479] Steps 675312 (3863040[5.8]) @ 1117.6 SPS (1088.9). norm_m 293.50 norm_p 0.08 total_loss_m 0.013658 total_loss_p 1.098620 fea_loss 0.001286 done_loss 0.000799
[36m(ModelLearner pid=733241)[0m [dynamic-enduro-v5-test-10479] Steps 676336 (3869184[5.8]) @ 1117.6 SPS (1089.0). norm_m 7.17 norm_p 0.01 total_loss_m 0.000393 total_loss_p 0.021097 fea_loss 0.000028 done_loss 0.000112
[36m(ActorLearner pid=733242)[0m [1;34m[dynamic-enduro-v5-test-10479] Steps 677040 @ 665.8 SPS (678.8). (T_q: 6.73) Eps 192. [0mRet [1;31m0.000000[0m (0.000000/0.000000). Loss -0.00 pg_loss 0.00 entropy_loss -0.59 reg_loss 0.00 total_norm 0.00 mean_abs_v 0.07 last_lr: 2.9797e-04
[36m(ModelLearner pid=733241)[0m [dynamic-enduro-v5-test-10479] Steps 677360 (3875328[5.8]) @ 1117.1 SPS (1089.1). norm_m 686.59 norm_p 0.05 total_loss_m 0.038156 total_loss_p 1.098632 fea_loss 0.003815 done_loss 0.000009
[36m(ModelLearner pid=733241)[0m [dynamic-enduro-v5-test-10479] Steps 678368 (3881472[5.8]) @ 1114.0 SPS (1089.2). norm_m 324.34 norm_p 0.07 total_loss_m 0.008887 total_loss_p 1.098608 fea_loss 0.000888 done_loss 0.000005
[36m(ActorLearner pid=733242)[0m [1;34m[dynamic-enduro-v5-test-10479] Steps 678848 @ 665.7 SPS (678.8). (T_q: 6.62) Eps 192. [0mRet [1;31m0.000000[0m (0.000000/0.000000). Loss -0.00 pg_loss 0.00 entropy_loss -0.61 reg_loss 0.00 total_norm 0.00 mean_abs_v 0.07 last_lr: 2.9796e-04
[36m(ModelLearner pid=733241)[0m [dynamic-enduro-v5-test-10479] Steps 679408 (3887616[5.8]) @ 1120.2 SPS (1089.2). norm_m 393.87 norm_p 0.08 total_loss_m 0.029653 total_loss_p 1.098631 fea_loss 0.002964 done_loss 0.000009
[36m(ModelLearner pid=733241)[0m [dynamic-enduro-v5-test-10479] Steps 680432 (3893760[5.8]) @ 1119.8 SPS (1089.3). norm_m 186.67 norm_p 0.08 total_loss_m 0.006359 total_loss_p 1.098636 fea_loss 0.000633 done_loss 0.000027
[36m(ActorLearner pid=733242)[0m [1;34m[dynamic-enduro-v5-test-10479] Steps 680656 @ 665.9 SPS (678.8). (T_q: 6.62) Eps 192. [0mRet [1;31m0.000000[0m (0.000000/0.000000). Loss -0.00 pg_loss 0.00 entropy_loss -0.64 reg_loss 0.00 total_norm 0.00 mean_abs_v 0.08 last_lr: 2.9796e-04
[36m(ModelLearner pid=733241)[0m [dynamic-enduro-v5-test-10479] Steps 681456 (3899904[5.8]) @ 1121.0 SPS (1089.4). norm_m 323.48 norm_p 0.07 total_loss_m 0.004970 total_loss_p 1.098617 fea_loss 0.000488 done_loss 0.000093
[36m(ActorLearner pid=733242)[0m [1;34m[dynamic-enduro-v5-test-10479] Steps 681616 @ 665.3 SPS (678.7). (T_q: 3.53) Eps 192. [0mRet [1;31m0.000000[0m (0.000000/0.000000). Loss -0.00 pg_loss 0.00 entropy_loss -0.65 reg_loss 0.00 total_norm 0.00 mean_abs_v 0.08 last_lr: 2.9796e-04
[36m(ModelLearner pid=733241)[0m [dynamic-enduro-v5-test-10479] Steps 682464 (3906048[5.8]) @ 1115.5 SPS (1089.2). norm_m 264.74 norm_p 0.09 total_loss_m 0.005681 total_loss_p 1.098616 fea_loss 0.000567 done_loss 0.000007
[36m(ActorLearner pid=733242)[0m [1;34m[dynamic-enduro-v5-test-10479] Steps 683440 @ 665.3 SPS (678.6). (T_q: 6.40) Eps 192. [0mRet [1;31m0.000000[0m (0.000000/0.000000). Loss -0.00 pg_loss 0.00 entropy_loss -0.64 reg_loss 0.00 total_norm 0.00 mean_abs_v 0.08 last_lr: 2.9795e-04
[36m(ModelLearner pid=733241)[0m [dynamic-enduro-v5-test-10479] Steps 683488 (3912192[5.8]) @ 1116.2 SPS (1089.3). norm_m 565.93 norm_p 0.07 total_loss_m 0.004727 total_loss_p 1.098616 fea_loss 0.000457 done_loss 0.000153
[36m(ModelLearner pid=733241)[0m [dynamic-enduro-v5-test-10479] Steps 684512 (3918336[5.8]) @ 1116.8 SPS (1089.4). norm_m 171.54 norm_p 0.09 total_loss_m 0.028756 total_loss_p 1.098596 fea_loss 0.002738 done_loss 0.001372
[36m(ActorLearner pid=733242)[0m [1;34m[dynamic-enduro-v5-test-10479] Steps 685280 @ 667.2 SPS (678.6). (T_q: 6.42) Eps 192. [0mRet [1;31m0.000000[0m (0.000000/0.000000). Loss -0.00 pg_loss 0.00 entropy_loss -0.63 reg_loss 0.00 total_norm 0.00 mean_abs_v 0.08 last_lr: 2.9794e-04
[36m(ModelLearner pid=733241)[0m [dynamic-enduro-v5-test-10479] Steps 685536 (3924480[5.8]) @ 1124.9 SPS (1089.6). norm_m 320.32 norm_p 0.09 total_loss_m 0.024443 total_loss_p 1.094305 fea_loss 0.001218 done_loss 0.012265
[36m(ModelLearner pid=733241)[0m [dynamic-enduro-v5-test-10479] Steps 686560 (3930624[5.8]) @ 1125.0 SPS (1089.7). norm_m 612.61 norm_p 0.08 total_loss_m 0.005961 total_loss_p 1.098630 fea_loss 0.000486 done_loss 0.001100
[36m(ActorLearner pid=733242)[0m [1;34m[dynamic-enduro-v5-test-10479] Steps 687168 @ 665.3 SPS (678.6). (T_q: 6.71) Eps 192. [0mRet [1;31m0.000000[0m (0.000000/0.000000). Loss -0.00 pg_loss 0.00 entropy_loss -0.63 reg_loss 0.00 total_norm 0.00 mean_abs_v 0.08 last_lr: 2.9794e-04
[36m(ModelLearner pid=733241)[0m [dynamic-enduro-v5-test-10479] Steps 687584 (3936768[5.8]) @ 1125.5 SPS (1089.8). norm_m 581.11 norm_p 0.12 total_loss_m 0.007290 total_loss_p 1.098609 fea_loss 0.000687 done_loss 0.000416
[36m(ActorLearner pid=733242)[0m [1;34m[dynamic-enduro-v5-test-10479] Steps 688096 @ 671.4 SPS (678.5). (T_q: 3.53) Eps 192. [0mRet [1;31m0.000000[0m (0.000000/0.000000). Loss -0.00 pg_loss 0.00 entropy_loss -0.64 reg_loss 0.00 total_norm 0.00 mean_abs_v 0.08 last_lr: 2.9794e-04
[36m(ModelLearner pid=733241)[0m [dynamic-enduro-v5-test-10479] Steps 688608 (3942912[5.8]) @ 1126.6 SPS (1089.9). norm_m 269.22 norm_p 0.06 total_loss_m 0.004722 total_loss_p 1.098593 fea_loss 0.000447 done_loss 0.000249
[36m(ModelLearner pid=733241)[0m [dynamic-enduro-v5-test-10479] Steps 689760 (3949824[5.8]) @ 1130.1 SPS (1090.2). norm_m 534.91 norm_p 0.06 total_loss_m 0.012177 total_loss_p 1.098600 fea_loss 0.001204 done_loss 0.000139
[36m(ActorLearner pid=733242)[0m [1;34m[dynamic-enduro-v5-test-10479] Steps 689904 @ 666.3 SPS (678.5). (T_q: 6.55) Eps 192. [0mRet [1;31m0.000000[0m (0.000000/0.000000). Loss -0.00 pg_loss 0.00 entropy_loss -0.62 reg_loss 0.00 total_norm 0.00 mean_abs_v 0.07 last_lr: 2.9793e-04
[36m(ModelLearner pid=733241)[0m [dynamic-enduro-v5-test-10479] Steps 690768 (3955968[5.8]) @ 1125.5 SPS (1090.0). norm_m 508.66 norm_p 0.08 total_loss_m 0.033554 total_loss_p 1.098615 fea_loss 0.003350 done_loss 0.000053
[36m(SelfPlayWorker pid=733238)[0m [DEBUG] Episode termination detected:
[36m(SelfPlayWorker pid=733238)[0m   - done: tensor([False, False, False, False, False,  True, False, False, False, False,
[36m(SelfPlayWorker pid=733238)[0m         False, False, False, False, False, False], device='cuda:0')
[36m(SelfPlayWorker pid=733238)[0m   - truncated_done: tensor([False, False, False, False, False, False, False, False, False, False,
[36m(SelfPlayWorker pid=733238)[0m         False, False, False, False, False, False], device='cuda:0')
[36m(SelfPlayWorker pid=733238)[0m   - real_done: tensor([False, False, False, False, False,  True, False, False, False, False,
[36m(SelfPlayWorker pid=733238)[0m         False, False, False, False, False, False], device='cuda:0')
[36m(SelfPlayWorker pid=733238)[0m   - step_status: tensor([0, 0, 0, 0, 0, 0, 0, 0, 0, 0, 0, 0, 0, 0, 0, 0], device='cuda:0')
[36m(SelfPlayWorker pid=733238)[0m   - counter: 154035
[36m(SelfPlayWorker pid=733238)[0m [DEBUG] Episode termination detected:
[36m(SelfPlayWorker pid=733238)[0m   - done: tensor([False, False, False, False,  True, False, False, False, False, False,
[36m(SelfPlayWorker pid=733238)[0m         False,  True, False,  True, False,  True], device='cuda:0')
[36m(SelfPlayWorker pid=733238)[0m   - truncated_done: tensor([False, False, False, False, False, False, False, False, False, False,
[36m(SelfPlayWorker pid=733238)[0m         False, False, False, False, False, False], device='cuda:0')
[36m(SelfPlayWorker pid=733238)[0m   - real_done: tensor([False, False, False, False,  True, False, False, False, False, False,
[36m(SelfPlayWorker pid=733238)[0m         False,  True, False,  True, False,  True], device='cuda:0')
[36m(SelfPlayWorker pid=733238)[0m   - step_status: tensor([0, 0, 0, 0, 0, 0, 0, 0, 0, 0, 0, 0, 0, 0, 0, 0], device='cuda:0')
[36m(SelfPlayWorker pid=733238)[0m   - counter: 154086
[36m(SelfPlayWorker pid=733238)[0m [DEBUG] Episode termination detected:
[36m(SelfPlayWorker pid=733238)[0m   - done: tensor([False, False, False, False, False, False, False, False, False,  True,
[36m(SelfPlayWorker pid=733238)[0m         False, False, False, False, False, False], device='cuda:0')
[36m(SelfPlayWorker pid=733238)[0m   - truncated_done: tensor([False, False, False, False, False, False, False, False, False, False,
[36m(SelfPlayWorker pid=733238)[0m         False, False, False, False, False, False], device='cuda:0')
[36m(SelfPlayWorker pid=733238)[0m   - real_done: tensor([False, False, False, False, False, False, False, False, False,  True,
[36m(SelfPlayWorker pid=733238)[0m         False, False, False, False, False, False], device='cuda:0')
[36m(SelfPlayWorker pid=733238)[0m   - step_status: tensor([0, 0, 0, 0, 0, 0, 0, 0, 0, 0, 0, 0, 0, 0, 0, 0], device='cuda:0')
[36m(SelfPlayWorker pid=733238)[0m   - counter: 154099
[36m(SelfPlayWorker pid=733238)[0m [DEBUG] Episode termination detected:
[36m(SelfPlayWorker pid=733238)[0m   - done: tensor([False, False, False,  True, False, False, False,  True, False, False,
[36m(SelfPlayWorker pid=733238)[0m         False, False, False, False, False, False], device='cuda:0')
[36m(SelfPlayWorker pid=733238)[0m   - truncated_done: tensor([False, False, False, False, False, False, False, False, False, False,
[36m(SelfPlayWorker pid=733238)[0m         False, False, False, False, False, False], device='cuda:0')
[36m(SelfPlayWorker pid=733238)[0m   - real_done: tensor([False, False, False,  True, False, False, False,  True, False, False,
[36m(SelfPlayWorker pid=733238)[0m         False, False, False, False, False, False], device='cuda:0')
[36m(SelfPlayWorker pid=733238)[0m   - step_status: tensor([0, 0, 0, 0, 0, 0, 0, 0, 0, 0, 0, 0, 0, 0, 0, 0], device='cuda:0')
[36m(SelfPlayWorker pid=733238)[0m   - counter: 154112
[36m(SelfPlayWorker pid=733238)[0m [DEBUG] Episode termination detected:
[36m(SelfPlayWorker pid=733238)[0m   - done: tensor([False, False, False, False, False, False,  True, False, False, False,
[36m(SelfPlayWorker pid=733238)[0m         False, False, False, False, False, False], device='cuda:0')
[36m(SelfPlayWorker pid=733238)[0m   - truncated_done: tensor([False, False, False, False, False, False, False, False, False, False,
[36m(SelfPlayWorker pid=733238)[0m         False, False, False, False, False, False], device='cuda:0')
[36m(SelfPlayWorker pid=733238)[0m   - real_done: tensor([False, False, False, False, False, False,  True, False, False, False,
[36m(SelfPlayWorker pid=733238)[0m         False, False, False, False, False, False], device='cuda:0')
[36m(SelfPlayWorker pid=733238)[0m   - step_status: tensor([0, 0, 0, 0, 0, 0, 0, 0, 0, 0, 0, 0, 0, 0, 0, 0], device='cuda:0')
[36m(SelfPlayWorker pid=733238)[0m   - counter: 154116
[36m(SelfPlayWorker pid=733238)[0m [DEBUG] Episode termination detected:
[36m(SelfPlayWorker pid=733238)[0m   - done: tensor([ True, False, False, False, False, False, False, False, False, False,
[36m(SelfPlayWorker pid=733238)[0m         False, False, False, False,  True, False], device='cuda:0')
[36m(SelfPlayWorker pid=733238)[0m   - truncated_done: tensor([False, False, False, False, False, False, False, False, False, False,
[36m(SelfPlayWorker pid=733238)[0m         False, False, False, False, False, False], device='cuda:0')
[36m(SelfPlayWorker pid=733238)[0m   - real_done: tensor([ True, False, False, False, False, False, False, False, False, False,
[36m(SelfPlayWorker pid=733238)[0m         False, False, False, False,  True, False], device='cuda:0')
[36m(SelfPlayWorker pid=733238)[0m   - step_status: tensor([0, 0, 0, 0, 0, 0, 0, 0, 0, 0, 0, 0, 0, 0, 0, 0], device='cuda:0')
[36m(SelfPlayWorker pid=733238)[0m   - counter: 154130
[36m(SelfPlayWorker pid=733238)[0m [DEBUG] Episode termination detected:
[36m(SelfPlayWorker pid=733238)[0m   - done: tensor([False, False, False, False, False, False, False, False, False, False,
[36m(SelfPlayWorker pid=733238)[0m          True, False, False, False, False, False], device='cuda:0')
[36m(SelfPlayWorker pid=733238)[0m   - truncated_done: tensor([False, False, False, False, False, False, False, False, False, False,
[36m(SelfPlayWorker pid=733238)[0m         False, False, False, False, False, False], device='cuda:0')
[36m(SelfPlayWorker pid=733238)[0m   - real_done: tensor([False, False, False, False, False, False, False, False, False, False,
[36m(SelfPlayWorker pid=733238)[0m          True, False, False, False, False, False], device='cuda:0')
[36m(SelfPlayWorker pid=733238)[0m   - step_status: tensor([0, 0, 0, 0, 0, 0, 0, 0, 0, 0, 0, 0, 0, 0, 0, 0], device='cuda:0')
[36m(SelfPlayWorker pid=733238)[0m   - counter: 154137
[36m(SelfPlayWorker pid=733238)[0m [DEBUG] Episode termination detected:
[36m(SelfPlayWorker pid=733238)[0m   - done: tensor([False, False, False, False, False, False, False, False, False, False,
[36m(SelfPlayWorker pid=733238)[0m         False, False,  True, False, False, False], device='cuda:0')
[36m(SelfPlayWorker pid=733238)[0m   - truncated_done: tensor([False, False, False, False, False, False, False, False, False, False,
[36m(SelfPlayWorker pid=733238)[0m         False, False, False, False, False, False], device='cuda:0')
[36m(SelfPlayWorker pid=733238)[0m   - real_done: tensor([False, False, False, False, False, False, False, False, False, False,
[36m(SelfPlayWorker pid=733238)[0m         False, False,  True, False, False, False], device='cuda:0')
[36m(SelfPlayWorker pid=733238)[0m   - step_status: tensor([0, 0, 0, 0, 0, 0, 0, 0, 0, 0, 0, 0, 0, 0, 0, 0], device='cuda:0')
[36m(SelfPlayWorker pid=733238)[0m   - counter: 154148
[36m(SelfPlayWorker pid=733238)[0m [DEBUG] Episode termination detected:
[36m(SelfPlayWorker pid=733238)[0m   - done: tensor([False, False,  True, False, False, False, False, False,  True, False,
[36m(SelfPlayWorker pid=733238)[0m         False, False, False, False, False, False], device='cuda:0')
[36m(SelfPlayWorker pid=733238)[0m   - truncated_done: tensor([False, False, False, False, False, False, False, False, False, False,
[36m(SelfPlayWorker pid=733238)[0m         False, False, False, False, False, False], device='cuda:0')
[36m(SelfPlayWorker pid=733238)[0m   - real_done: tensor([False, False,  True, False, False, False, False, False,  True, False,
[36m(SelfPlayWorker pid=733238)[0m         False, False, False, False, False, False], device='cuda:0')
[36m(SelfPlayWorker pid=733238)[0m   - step_status: tensor([0, 0, 0, 0, 0, 0, 0, 0, 0, 0, 0, 0, 0, 0, 0, 0], device='cuda:0')
[36m(SelfPlayWorker pid=733238)[0m   - counter: 154152
[36m(SelfPlayWorker pid=733238)[0m [DEBUG] Episode termination detected:
[36m(SelfPlayWorker pid=733238)[0m   - done: tensor([False,  True, False, False, False, False, False, False, False, False,
[36m(SelfPlayWorker pid=733238)[0m         False, False, False, False, False, False], device='cuda:0')
[36m(SelfPlayWorker pid=733238)[0m   - truncated_done: tensor([False, False, False, False, False, False, False, False, False, False,
[36m(SelfPlayWorker pid=733238)[0m         False, False, False, False, False, False], device='cuda:0')
[36m(SelfPlayWorker pid=733238)[0m   - real_done: tensor([False,  True, False, False, False, False, False, False, False, False,
[36m(SelfPlayWorker pid=733238)[0m         False, False, False, False, False, False], device='cuda:0')
[36m(SelfPlayWorker pid=733238)[0m   - step_status: tensor([0, 0, 0, 0, 0, 0, 0, 0, 0, 0, 0, 0, 0, 0, 0, 0], device='cuda:0')
[36m(SelfPlayWorker pid=733238)[0m   - counter: 154159
[36m(ActorLearner pid=733242)[0m [DEBUG] Episode counter increased:
[36m(ActorLearner pid=733242)[0m   - real_done_count: 16
[36m(ActorLearner pid=733242)[0m   - tot_eps: 208
[36m(ActorLearner pid=733242)[0m   - train_actor_out.real_done: tensor([[False, False, False,  ..., False, False, False],
[36m(ActorLearner pid=733242)[0m         [False, False, False,  ..., False, False, False],
[36m(ActorLearner pid=733242)[0m         [False, False, False,  ..., False, False, False],
[36m(ActorLearner pid=733242)[0m         ...,
[36m(ActorLearner pid=733242)[0m         [False, False, False,  ..., False, False, False],
[36m(ActorLearner pid=733242)[0m         [False, False, False,  ..., False, False, False],
[36m(ActorLearner pid=733242)[0m         [False, False, False,  ..., False, False, False]], device='cuda:0')
[36m(ActorLearner pid=733242)[0m   - train_actor_out.done: tensor([[False, False, False,  ..., False, False, False],
[36m(ActorLearner pid=733242)[0m         [False, False, False,  ..., False, False, False],
[36m(ActorLearner pid=733242)[0m         [False, False, False,  ..., False, False, False],
[36m(ActorLearner pid=733242)[0m         ...,
[36m(ActorLearner pid=733242)[0m         [False, False, False,  ..., False, False, False],
[36m(ActorLearner pid=733242)[0m         [False, False, False,  ..., False, False, False],
[36m(ActorLearner pid=733242)[0m         [False, False, False,  ..., False, False, False]], device='cuda:0')
[36m(ActorLearner pid=733242)[0m   - train_actor_out.truncated_done: tensor([[False, False, False,  ..., False, False, False],
[36m(ActorLearner pid=733242)[0m         [False, False, False,  ..., False, False, False],
[36m(ActorLearner pid=733242)[0m         [False, False, False,  ..., False, False, False],
[36m(ActorLearner pid=733242)[0m         ...,
[36m(ActorLearner pid=733242)[0m         [False, False, False,  ..., False, False, False],
[36m(ActorLearner pid=733242)[0m         [False, False, False,  ..., False, False, False],
[36m(ActorLearner pid=733242)[0m         [False, False, False,  ..., False, False, False]], device='cuda:0')
[36m(ActorLearner pid=733242)[0m [1;34m[dynamic-enduro-v5-test-10479] Steps 691728 @ 664.3 SPS (678.5). (T_q: 6.82) Eps 208. [0mRet [1;31m0.000000[0m (0.000000/0.000000). Loss -0.00 pg_loss 0.00 entropy_loss -0.61 reg_loss 0.00 total_norm 0.00 mean_abs_v 0.07 last_lr: 2.9792e-04
[36m(ModelLearner pid=733241)[0m [dynamic-enduro-v5-test-10479] Steps 691792 (3962112[5.8]) @ 1123.9 SPS (1090.0). norm_m 345.41 norm_p 0.06 total_loss_m 0.017126 total_loss_p 1.098611 fea_loss 0.001703 done_loss 0.000099
[36m(ModelLearner pid=733241)[0m [dynamic-enduro-v5-test-10479] Steps 692816 (3968256[5.8]) @ 1129.7 SPS (1090.1). norm_m 815.05 norm_p 0.05 total_loss_m 0.015549 total_loss_p 1.098639 fea_loss 0.001541 done_loss 0.000137
[36m(ActorLearner pid=733242)[0m [1;34m[dynamic-enduro-v5-test-10479] Steps 693520 @ 664.0 SPS (678.4). (T_q: 6.53) Eps 208. [0mRet [1;31m0.000000[0m (0.000000/0.000000). Loss -0.00 pg_loss 0.00 entropy_loss -0.60 reg_loss 0.00 total_norm 0.00 mean_abs_v 0.07 last_lr: 2.9792e-04
[36m(ModelLearner pid=733241)[0m [dynamic-enduro-v5-test-10479] Steps 693840 (3974400[5.8]) @ 1129.7 SPS (1090.1). norm_m 869.13 norm_p 0.09 total_loss_m 0.035453 total_loss_p 1.098607 fea_loss 0.003524 done_loss 0.000214
[36m(ModelLearner pid=733241)[0m [dynamic-enduro-v5-test-10479] Steps 694864 (3980544[5.8]) @ 1127.3 SPS (1090.2). norm_m 1184.85 norm_p 0.06 total_loss_m 0.021845 total_loss_p 1.098595 fea_loss 0.002105 done_loss 0.000792
[36m(ActorLearner pid=733242)[0m [1;34m[dynamic-enduro-v5-test-10479] Steps 695280 @ 664.1 SPS (678.4). (T_q: 6.46) Eps 208. [0mRet [1;31m0.000000[0m (0.000000/0.000000). Loss -0.00 pg_loss 0.00 entropy_loss -0.60 reg_loss 0.00 total_norm 0.00 mean_abs_v 0.06 last_lr: 2.9791e-04
[36m(ModelLearner pid=733241)[0m [dynamic-enduro-v5-test-10479] Steps 695888 (3986688[5.8]) @ 1125.6 SPS (1090.2). norm_m 774.95 norm_p 0.05 total_loss_m 0.013875 total_loss_p 1.098622 fea_loss 0.001222 done_loss 0.001657
[36m(ModelLearner pid=733241)[0m [dynamic-enduro-v5-test-10479] Steps 696912 (3992832[5.8]) @ 1126.0 SPS (1090.4). norm_m 419.89 norm_p 0.07 total_loss_m 0.026944 total_loss_p 1.098614 fea_loss 0.002560 done_loss 0.001348
[36m(ActorLearner pid=733242)[0m [1;34m[dynamic-enduro-v5-test-10479] Steps 697040 @ 664.4 SPS (678.4). (T_q: 6.55) Eps 208. [0mRet [1;31m0.000000[0m (0.000000/0.000000). Loss -0.00 pg_loss 0.00 entropy_loss -0.62 reg_loss 0.00 total_norm 0.00 mean_abs_v 0.06 last_lr: 2.9791e-04
[36m(ModelLearner pid=733241)[0m [dynamic-enduro-v5-test-10479] Steps 697936 (3998976[5.8]) @ 1120.3 SPS (1090.2). norm_m 638.41 norm_p 0.03 total_loss_m 0.016079 total_loss_p 1.098605 fea_loss 0.001516 done_loss 0.000916
[36m(ActorLearner pid=733242)[0m [1;34m[dynamic-enduro-v5-test-10479] Steps 698864 @ 664.6 SPS (678.4). (T_q: 6.69) Eps 208. [0mRet [1;31m0.000000[0m (0.000000/0.000000). Loss -0.00 pg_loss 0.00 entropy_loss -0.61 reg_loss 0.00 total_norm 0.00 mean_abs_v 0.07 last_lr: 2.9790e-04
[36m(ModelLearner pid=733241)[0m [dynamic-enduro-v5-test-10479] Steps 698960 (4005120[5.8]) @ 1119.4 SPS (1090.3). norm_m 873.30 norm_p 0.09 total_loss_m 0.020561 total_loss_p 1.095733 fea_loss 0.000929 done_loss 0.011275
[36m(ModelLearner pid=733241)[0m [dynamic-enduro-v5-test-10479] Steps 699984 (4011264[5.8]) @ 1118.3 SPS (1090.3). norm_m 1126.08 norm_p 0.08 total_loss_m 0.018375 total_loss_p 1.098606 fea_loss 0.001750 done_loss 0.000876
[36m(ActorLearner pid=733242)[0m [1;34m[dynamic-enduro-v5-test-10479] Steps 700592 @ 665.0 SPS (678.4). (T_q: 6.39) Eps 208. [0mRet [1;31m0.000000[0m (0.000000/0.000000). Loss -0.00 pg_loss 0.00 entropy_loss -0.61 reg_loss 0.00 total_norm 0.00 mean_abs_v 0.07 last_lr: 2.9790e-04
[36m(ModelLearner pid=733241)[0m [dynamic-enduro-v5-test-10479] Steps 701008 (4017408[5.8]) @ 1118.7 SPS (1090.4). norm_m 890.15 norm_p 0.06 total_loss_m 0.009022 total_loss_p 1.098622 fea_loss 0.000732 done_loss 0.001707
[36m(ActorLearner pid=733242)[0m [1;34m[dynamic-enduro-v5-test-10479] Steps 701536 @ 664.4 SPS (678.3). (T_q: 3.47) Eps 208. [0mRet [1;31m0.000000[0m (0.000000/0.000000). Loss -0.00 pg_loss 0.00 entropy_loss -0.65 reg_loss 0.00 total_norm 0.00 mean_abs_v 0.07 last_lr: 2.9790e-04
[36m(ModelLearner pid=733241)[0m [dynamic-enduro-v5-test-10479] Steps 702032 (4023552[5.8]) @ 1119.8 SPS (1090.5). norm_m 1749.44 norm_p 0.04 total_loss_m 0.009805 total_loss_p 1.098599 fea_loss 0.000787 done_loss 0.001936
[36m(ModelLearner pid=733241)[0m [dynamic-enduro-v5-test-10479] Steps 703056 (4029696[5.8]) @ 1126.8 SPS (1090.6). norm_m 870.15 norm_p 0.07 total_loss_m 0.011409 total_loss_p 1.098631 fea_loss 0.001056 done_loss 0.000847
[36m(ActorLearner pid=733242)[0m [1;34m[dynamic-enduro-v5-test-10479] Steps 703424 @ 665.0 SPS (678.3). (T_q: 6.57) Eps 208. [0mRet [1;31m0.000000[0m (0.000000/0.000000). Loss -0.00 pg_loss 0.00 entropy_loss -0.65 reg_loss 0.00 total_norm 0.00 mean_abs_v 0.07 last_lr: 2.9789e-04
[36m(ModelLearner pid=733241)[0m [dynamic-enduro-v5-test-10479] Steps 704080 (4035840[5.8]) @ 1126.9 SPS (1090.7). norm_m 433.89 norm_p 0.10 total_loss_m 0.009647 total_loss_p 1.098606 fea_loss 0.000907 done_loss 0.000582
[36m(ModelLearner pid=733241)[0m [dynamic-enduro-v5-test-10479] Steps 705104 (4041984[5.8]) @ 1120.6 SPS (1090.5). norm_m 1285.79 norm_p 0.04 total_loss_m 0.017968 total_loss_p 1.098606 fea_loss 0.001767 done_loss 0.000299
[36m(ActorLearner pid=733242)[0m [1;34m[dynamic-enduro-v5-test-10479] Steps 705152 @ 658.6 SPS (677.7). (T_q: 6.71) Eps 208. [0mRet [1;31m0.000000[0m (0.000000/0.000000). Loss -0.00 pg_loss 0.00 entropy_loss -0.60 reg_loss 0.00 total_norm 0.00 mean_abs_v 0.07 last_lr: 2.9788e-04
[36m(ModelLearner pid=733241)[0m [dynamic-enduro-v5-test-10479] Steps 706112 (4048128[5.8]) @ 1120.6 SPS (1090.5). norm_m 1009.18 norm_p 0.09 total_loss_m 0.038014 total_loss_p 1.098607 fea_loss 0.003776 done_loss 0.000257
[36m(ActorLearner pid=733242)[0m [1;34m[dynamic-enduro-v5-test-10479] Steps 706976 @ 665.5 SPS (678.2). (T_q: 4.34) Eps 208. [0mRet [1;31m0.000000[0m (0.000000/0.000000). Loss -0.00 pg_loss 0.00 entropy_loss -0.62 reg_loss 0.00 total_norm 0.00 mean_abs_v 0.07 last_lr: 2.9788e-04
[36m(ModelLearner pid=733241)[0m [dynamic-enduro-v5-test-10479] Steps 707136 (4054272[5.8]) @ 1120.5 SPS (1090.6). norm_m 1162.90 norm_p 0.08 total_loss_m 0.027346 total_loss_p 1.097174 fea_loss 0.002015 done_loss 0.007194
[36m(ModelLearner pid=733241)[0m [dynamic-enduro-v5-test-10479] Steps 708160 (4060416[5.8]) @ 1120.0 SPS (1090.7). norm_m 1624.45 norm_p 0.07 total_loss_m 0.022345 total_loss_p 1.094317 fea_loss 0.000843 done_loss 0.013914
[36m(ActorLearner pid=733242)[0m [1;34m[dynamic-enduro-v5-test-10479] Steps 708784 @ 664.4 SPS (678.2). (T_q: 6.61) Eps 208. [0mRet [1;31m0.000000[0m (0.000000/0.000000). Loss -0.00 pg_loss 0.00 entropy_loss -0.62 reg_loss 0.00 total_norm 0.00 mean_abs_v 0.07 last_lr: 2.9787e-04
[36m(ModelLearner pid=733241)[0m [dynamic-enduro-v5-test-10479] Steps 709184 (4066560[5.8]) @ 1120.6 SPS (1090.8). norm_m 2720.53 norm_p 0.07 total_loss_m 0.031086 total_loss_p 1.098614 fea_loss 0.003068 done_loss 0.000406
[36m(ActorLearner pid=733242)[0m [1;34m[dynamic-enduro-v5-test-10479] Steps 709712 @ 664.7 SPS (678.1). (T_q: 3.53) Eps 208. [0mRet [1;31m0.000000[0m (0.000000/0.000000). Loss -0.00 pg_loss 0.00 entropy_loss -0.62 reg_loss 0.00 total_norm 0.00 mean_abs_v 0.07 last_lr: 2.9787e-04
[36m(ModelLearner pid=733241)[0m [dynamic-enduro-v5-test-10479] Steps 710208 (4072704[5.8]) @ 1127.5 SPS (1090.9). norm_m 1439.59 norm_p 0.04 total_loss_m 0.007792 total_loss_p 1.098614 fea_loss 0.000750 done_loss 0.000296
[36m(ActorLearner pid=733242)[0m [1;34m[dynamic-enduro-v5-test-10479] Steps 710608 @ 663.3 SPS (678.1). (T_q: 3.50) Eps 208. [0mRet [1;31m0.000000[0m (0.000000/0.000000). Loss -0.00 pg_loss 0.00 entropy_loss -0.62 reg_loss 0.00 total_norm 0.00 mean_abs_v 0.07 last_lr: 2.9787e-04
[36m(ModelLearner pid=733241)[0m [dynamic-enduro-v5-test-10479] Steps 711232 (4078848[5.8]) @ 1128.9 SPS (1091.0). norm_m 362.09 norm_p 0.07 total_loss_m 0.055905 total_loss_p 1.092896 fea_loss 0.003268 done_loss 0.023225
[36m(ModelLearner pid=733241)[0m [dynamic-enduro-v5-test-10479] Steps 712256 (4084992[5.8]) @ 1129.1 SPS (1091.1). norm_m 1884.65 norm_p 0.06 total_loss_m 0.011762 total_loss_p 1.098614 fea_loss 0.001140 done_loss 0.000365
[36m(ActorLearner pid=733242)[0m [1;34m[dynamic-enduro-v5-test-10479] Steps 712464 @ 663.9 SPS (678.1). (T_q: 6.44) Eps 208. [0mRet [1;31m0.000000[0m (0.000000/0.000000). Loss -0.00 pg_loss 0.00 entropy_loss -0.62 reg_loss 0.00 total_norm 0.00 mean_abs_v 0.07 last_lr: 2.9786e-04
[36m(ModelLearner pid=733241)[0m [dynamic-enduro-v5-test-10479] Steps 713280 (4091136[5.8]) @ 1130.5 SPS (1091.2). norm_m 208.20 norm_p 0.06 total_loss_m 0.015487 total_loss_p 1.098617 fea_loss 0.001537 done_loss 0.000117
[36m(ActorLearner pid=733242)[0m [1;34m[dynamic-enduro-v5-test-10479] Steps 713456 @ 663.3 SPS (678.0). (T_q: 3.49) Eps 208. [0mRet [1;31m0.000000[0m (0.000000/0.000000). Loss -0.00 pg_loss 0.00 entropy_loss -0.67 reg_loss 0.00 total_norm 0.00 mean_abs_v 0.07 last_lr: 2.9786e-04
[36m(ModelLearner pid=733241)[0m [dynamic-enduro-v5-test-10479] Steps 714304 (4097280[5.8]) @ 1126.0 SPS (1091.0). norm_m 600.66 norm_p 0.06 total_loss_m 0.009838 total_loss_p 1.098629 fea_loss 0.000947 done_loss 0.000372
[36m(ModelLearner pid=733241)[0m [dynamic-enduro-v5-test-10479] Steps 715328 (4103424[5.8]) @ 1125.7 SPS (1091.1). norm_m 584.29 norm_p 0.09 total_loss_m 0.075864 total_loss_p 1.084335 fea_loss 0.002797 done_loss 0.047897
[36m(ActorLearner pid=733242)[0m [1;34m[dynamic-enduro-v5-test-10479] Steps 715360 @ 662.7 SPS (677.9). (T_q: 7.08) Eps 208. [0mRet [1;31m0.000000[0m (0.000000/0.000000). Loss -0.00 pg_loss 0.00 entropy_loss -0.64 reg_loss 0.00 total_norm 0.00 mean_abs_v 0.07 last_lr: 2.9785e-04
[36m(ModelLearner pid=733241)[0m [dynamic-enduro-v5-test-10479] Steps 716352 (4109568[5.8]) @ 1125.9 SPS (1091.2). norm_m 326.91 norm_p 0.06 total_loss_m 0.016691 total_loss_p 1.098623 fea_loss 0.001538 done_loss 0.001313
[36m(ActorLearner pid=733242)[0m [1;34m[dynamic-enduro-v5-test-10479] Steps 717200 @ 663.2 SPS (677.9). (T_q: 6.65) Eps 208. [0mRet [1;31m0.000000[0m (0.000000/0.000000). Loss -0.00 pg_loss 0.00 entropy_loss -0.65 reg_loss 0.00 total_norm 0.00 mean_abs_v 0.07 last_lr: 2.9785e-04
[36m(ModelLearner pid=733241)[0m [dynamic-enduro-v5-test-10479] Steps 717376 (4115712[5.8]) @ 1125.3 SPS (1091.3). norm_m 518.51 norm_p 0.05 total_loss_m 0.022950 total_loss_p 1.098632 fea_loss 0.002119 done_loss 0.001757
[36m(ModelLearner pid=733241)[0m [dynamic-enduro-v5-test-10479] Steps 718384 (4121856[5.8]) @ 1132.0 SPS (1091.4). norm_m 572.29 norm_p 0.09 total_loss_m 0.024417 total_loss_p 1.097182 fea_loss 0.001677 done_loss 0.007648
[36m(ActorLearner pid=733242)[0m [1;34m[dynamic-enduro-v5-test-10479] Steps 718992 @ 663.6 SPS (677.9). (T_q: 6.63) Eps 208. [0mRet [1;31m0.000000[0m (0.000000/0.000000). Loss -0.00 pg_loss 0.00 entropy_loss -0.61 reg_loss 0.00 total_norm 0.00 mean_abs_v 0.06 last_lr: 2.9784e-04
[36m(ModelLearner pid=733241)[0m [dynamic-enduro-v5-test-10479] Steps 719408 (4128000[5.8]) @ 1131.0 SPS (1091.4). norm_m 57.50 norm_p 0.01 total_loss_m 0.000254 total_loss_p 0.021078 fea_loss 0.000025 done_loss 0.000002
[36m(ModelLearner pid=733241)[0m [dynamic-enduro-v5-test-10479] Steps 720432 (4134144[5.8]) @ 1130.4 SPS (1091.5). norm_m 513.85 norm_p 0.10 total_loss_m 0.008205 total_loss_p 1.098607 fea_loss 0.000806 done_loss 0.000150
[36m(ActorLearner pid=733242)[0m [1;34m[dynamic-enduro-v5-test-10479] Steps 720688 @ 664.0 SPS (677.8). (T_q: 6.54) Eps 208. [0mRet [1;31m0.000000[0m (0.000000/0.000000). Loss -0.00 pg_loss 0.00 entropy_loss -0.56 reg_loss 0.00 total_norm 0.00 mean_abs_v 0.06 last_lr: 2.9784e-04
[36m(ModelLearner pid=733241)[0m [dynamic-enduro-v5-test-10479] Steps 721472 (4140288[5.8]) @ 1127.7 SPS (1091.5). norm_m 515.98 norm_p 0.07 total_loss_m 0.038768 total_loss_p 1.094319 fea_loss 0.002605 done_loss 0.012719
[36m(ModelLearner pid=733241)[0m Saving model checkpoint to /scratch/jeongmin/dt-10479/p/logs/thinker/dynamic-enduro-v5-test-10479/ckp_model.tar
[36m(ActorLearner pid=733242)[0m Saving actor checkpoint to /scratch/jeongmin/dt-10479/p/logs/thinker/dynamic-enduro-v5-test-10479/ckp_actor.tar
[36m(ActorLearner pid=733242)[0m [1;34m[dynamic-enduro-v5-test-10479] Steps 722496 @ 664.2 SPS (677.8). (T_q: 6.62) Eps 208. [0mRet [1;31m0.000000[0m (0.000000/0.000000). Loss -0.00 pg_loss 0.00 entropy_loss -0.60 reg_loss 0.00 total_norm 0.00 mean_abs_v 0.06 last_lr: 2.9783e-04
[36m(ModelLearner pid=733241)[0m [dynamic-enduro-v5-test-10479] Steps 722496 (4146432[5.8]) @ 1120.4 SPS (1091.3). norm_m 323.89 norm_p 0.06 total_loss_m 0.042600 total_loss_p 1.095744 fea_loss 0.002696 done_loss 0.015639
[36m(ModelLearner pid=733241)[0m [dynamic-enduro-v5-test-10479] Steps 723520 (4152576[5.8]) @ 1120.5 SPS (1091.4). norm_m 347.70 norm_p 0.04 total_loss_m 0.013405 total_loss_p 1.095751 fea_loss 0.000428 done_loss 0.009120
[36m(ActorLearner pid=733242)[0m [1;34m[dynamic-enduro-v5-test-10479] Steps 724256 @ 664.7 SPS (677.8). (T_q: 6.70) Eps 208. [0mRet [1;31m0.000000[0m (0.000000/0.000000). Loss -0.00 pg_loss 0.00 entropy_loss -0.59 reg_loss 0.00 total_norm 0.00 mean_abs_v 0.06 last_lr: 2.9783e-04
[36m(ModelLearner pid=733241)[0m [dynamic-enduro-v5-test-10479] Steps 724528 (4158720[5.8]) @ 1119.8 SPS (1091.4). norm_m 192.99 norm_p 0.04 total_loss_m 0.029284 total_loss_p 1.092867 fea_loss 0.001707 done_loss 0.012209
[36m(ActorLearner pid=733242)[0m [1;34m[dynamic-enduro-v5-test-10479] Steps 725168 @ 664.2 SPS (677.7). (T_q: 3.54) Eps 208. [0mRet [1;31m0.000000[0m (0.000000/0.000000). Loss -0.00 pg_loss 0.00 entropy_loss -0.63 reg_loss 0.00 total_norm 0.00 mean_abs_v 0.06 last_lr: 2.9782e-04
[36m(ModelLearner pid=733241)[0m [dynamic-enduro-v5-test-10479] Steps 725552 (4164864[5.8]) @ 1117.9 SPS (1091.6). norm_m 209.50 norm_p 0.05 total_loss_m 0.005649 total_loss_p 1.098614 fea_loss 0.000483 done_loss 0.000824
[36m(ModelLearner pid=733241)[0m [dynamic-enduro-v5-test-10479] Steps 726576 (4171008[5.8]) @ 1124.3 SPS (1091.7). norm_m 504.91 norm_p 0.06 total_loss_m 0.010141 total_loss_p 1.098618 fea_loss 0.000900 done_loss 0.001143
[36m(ActorLearner pid=733242)[0m [1;34m[dynamic-enduro-v5-test-10479] Steps 727008 @ 664.4 SPS (677.7). (T_q: 6.42) Eps 208. [0mRet [1;31m0.000000[0m (0.000000/0.000000). Loss -0.00 pg_loss 0.00 entropy_loss -0.61 reg_loss 0.00 total_norm 0.00 mean_abs_v 0.07 last_lr: 2.9782e-04
[36m(ModelLearner pid=733241)[0m [dynamic-enduro-v5-test-10479] Steps 727600 (4177152[5.8]) @ 1125.4 SPS (1091.7). norm_m 195.45 norm_p 0.10 total_loss_m 0.020892 total_loss_p 1.098603 fea_loss 0.002051 done_loss 0.000386
[36m(ModelLearner pid=733241)[0m [dynamic-enduro-v5-test-10479] Steps 728624 (4183296[5.8]) @ 1125.1 SPS (1091.8). norm_m 144.15 norm_p 0.10 total_loss_m 0.010716 total_loss_p 1.098614 fea_loss 0.001023 done_loss 0.000490
[36m(ActorLearner pid=733242)[0m [1;34m[dynamic-enduro-v5-test-10479] Steps 728784 @ 664.2 SPS (677.7). (T_q: 6.66) Eps 208. [0mRet [1;31m0.000000[0m (0.000000/0.000000). Loss -0.00 pg_loss 0.00 entropy_loss -0.61 reg_loss 0.00 total_norm 0.00 mean_abs_v 0.07 last_lr: 2.9781e-04
[36m(ModelLearner pid=733241)[0m [dynamic-enduro-v5-test-10479] Steps 729648 (4189440[5.8]) @ 1119.1 SPS (1091.6). norm_m 228.93 norm_p 0.06 total_loss_m 0.025672 total_loss_p 1.098612 fea_loss 0.002524 done_loss 0.000432
[36m(ActorLearner pid=733242)[0m [1;34m[dynamic-enduro-v5-test-10479] Steps 730560 @ 664.5 SPS (677.7). (T_q: 6.31) Eps 208. [0mRet [1;31m0.000000[0m (0.000000/0.000000). Loss -0.00 pg_loss 0.00 entropy_loss -0.61 reg_loss 0.00 total_norm 0.00 mean_abs_v 0.07 last_lr: 2.9781e-04
[36m(ModelLearner pid=733241)[0m [dynamic-enduro-v5-test-10479] Steps 730672 (4195584[5.8]) @ 1120.3 SPS (1091.7). norm_m 385.93 norm_p 0.07 total_loss_m 0.016387 total_loss_p 1.098582 fea_loss 0.001568 done_loss 0.000705
[36m(ModelLearner pid=733241)[0m [dynamic-enduro-v5-test-10479] Steps 731696 (4201728[5.8]) @ 1121.5 SPS (1091.8). norm_m 180.15 norm_p 0.05 total_loss_m 0.015442 total_loss_p 1.098613 fea_loss 0.001404 done_loss 0.001401
[36m(ActorLearner pid=733242)[0m [1;34m[dynamic-enduro-v5-test-10479] Steps 732432 @ 663.5 SPS (677.7). (T_q: 6.75) Eps 208. [0mRet [1;31m0.000000[0m (0.000000/0.000000). Loss -0.00 pg_loss 0.00 entropy_loss -0.64 reg_loss 0.00 total_norm 0.00 mean_abs_v 0.07 last_lr: 2.9780e-04
[36m(ModelLearner pid=733241)[0m [dynamic-enduro-v5-test-10479] Steps 732720 (4207872[5.8]) @ 1120.0 SPS (1091.9). norm_m 167.27 norm_p 0.08 total_loss_m 0.023530 total_loss_p 1.094322 fea_loss 0.001501 done_loss 0.008517
[36m(ActorLearner pid=733242)[0m [1;34m[dynamic-enduro-v5-test-10479] Steps 733376 @ 663.0 SPS (677.6). (T_q: 3.53) Eps 208. [0mRet [1;31m0.000000[0m (0.000000/0.000000). Loss -0.00 pg_loss 0.00 entropy_loss -0.65 reg_loss 0.00 total_norm 0.00 mean_abs_v 0.07 last_lr: 2.9780e-04
[36m(ModelLearner pid=733241)[0m [dynamic-enduro-v5-test-10479] Steps 733744 (4214016[5.8]) @ 1125.9 SPS (1092.0). norm_m 246.96 norm_p 0.06 total_loss_m 0.004665 total_loss_p 1.098607 fea_loss 0.000442 done_loss 0.000240
[36m(ModelLearner pid=733241)[0m [dynamic-enduro-v5-test-10479] Steps 734768 (4220160[5.8]) @ 1126.5 SPS (1092.1). norm_m 353.29 norm_p 0.07 total_loss_m 0.009680 total_loss_p 1.098603 fea_loss 0.000961 done_loss 0.000069
[36m(ActorLearner pid=733242)[0m [1;34m[dynamic-enduro-v5-test-10479] Steps 735168 @ 663.4 SPS (677.6). (T_q: 6.40) Eps 208. [0mRet [1;31m0.000000[0m (0.000000/0.000000). Loss -0.00 pg_loss 0.00 entropy_loss -0.61 reg_loss 0.00 total_norm 0.00 mean_abs_v 0.07 last_lr: 2.9779e-04
[36m(ModelLearner pid=733241)[0m [dynamic-enduro-v5-test-10479] Steps 735776 (4226304[5.8]) @ 1128.6 SPS (1092.2). norm_m 333.75 norm_p 0.04 total_loss_m 0.026305 total_loss_p 1.092868 fea_loss 0.001112 done_loss 0.015189
[36m(ModelLearner pid=733241)[0m [dynamic-enduro-v5-test-10479] Steps 736800 (4232448[5.8]) @ 1129.0 SPS (1092.3). norm_m 403.49 norm_p 0.04 total_loss_m 0.010279 total_loss_p 1.098590 fea_loss 0.001012 done_loss 0.000163
[36m(ActorLearner pid=733242)[0m [1;34m[dynamic-enduro-v5-test-10479] Steps 737072 @ 662.8 SPS (677.5). (T_q: 6.92) Eps 208. [0mRet [1;31m0.000000[0m (0.000000/0.000000). Loss -0.00 pg_loss 0.00 entropy_loss -0.63 reg_loss 0.00 total_norm 0.00 mean_abs_v 0.08 last_lr: 2.9779e-04
[36m(ModelLearner pid=733241)[0m [dynamic-enduro-v5-test-10479] Steps 737824 (4238592[5.8]) @ 1129.0 SPS (1092.4). norm_m 147.08 norm_p 0.04 total_loss_m 0.039483 total_loss_p 1.098599 fea_loss 0.003893 done_loss 0.000549
[36m(ModelLearner pid=733241)[0m [dynamic-enduro-v5-test-10479] Steps 738848 (4244736[5.8]) @ 1128.6 SPS (1092.5). norm_m 246.69 norm_p 0.14 total_loss_m 0.030122 total_loss_p 1.098570 fea_loss 0.002989 done_loss 0.000236
[36m(ActorLearner pid=733242)[0m [1;34m[dynamic-enduro-v5-test-10479] Steps 738976 @ 663.3 SPS (677.5). (T_q: 6.76) Eps 208. [0mRet [1;31m0.000000[0m (0.000000/0.000000). Loss -0.00 pg_loss 0.00 entropy_loss -0.64 reg_loss 0.00 total_norm 0.00 mean_abs_v 0.08 last_lr: 2.9778e-04
[36m(ModelLearner pid=733241)[0m [dynamic-enduro-v5-test-10479] Steps 739856 (4250880[5.8]) @ 1124.0 SPS (1092.3). norm_m 139.84 norm_p 0.06 total_loss_m 0.022221 total_loss_p 1.091437 fea_loss 0.000588 done_loss 0.016338
[36m(ActorLearner pid=733242)[0m [1;34m[dynamic-enduro-v5-test-10479] Steps 740736 @ 664.2 SPS (677.5). (T_q: 6.02) Eps 208. [0mRet [1;31m0.000000[0m (0.000000/0.000000). Loss -0.00 pg_loss 0.00 entropy_loss -0.59 reg_loss 0.00 total_norm 0.00 mean_abs_v 0.07 last_lr: 2.9778e-04
[36m(ModelLearner pid=733241)[0m [dynamic-enduro-v5-test-10479] Steps 740880 (4257024[5.8]) @ 1129.6 SPS (1092.4). norm_m 153.42 norm_p 0.11 total_loss_m 0.031147 total_loss_p 1.098600 fea_loss 0.003069 done_loss 0.000458
[36m(ModelLearner pid=733241)[0m [dynamic-enduro-v5-test-10479] Steps 741904 (4263168[5.8]) @ 1129.7 SPS (1092.5). norm_m 306.04 norm_p 0.06 total_loss_m 0.011548 total_loss_p 1.098606 fea_loss 0.001049 done_loss 0.001053
[36m(ActorLearner pid=733242)[0m [1;34m[dynamic-enduro-v5-test-10479] Steps 742512 @ 664.2 SPS (677.5). (T_q: 6.79) Eps 208. [0mRet [1;31m0.000000[0m (0.000000/0.000000). Loss -0.00 pg_loss 0.00 entropy_loss -0.60 reg_loss 0.00 total_norm 0.00 mean_abs_v 0.07 last_lr: 2.9777e-04
[36m(ModelLearner pid=733241)[0m [dynamic-enduro-v5-test-10479] Steps 742928 (4269312[5.8]) @ 1129.5 SPS (1092.5). norm_m 302.05 norm_p 0.04 total_loss_m 0.005463 total_loss_p 1.098630 fea_loss 0.000329 done_loss 0.002177
[36m(ModelLearner pid=733241)[0m [dynamic-enduro-v5-test-10479] Steps 743952 (4275456[5.8]) @ 1129.7 SPS (1092.6). norm_m 227.96 norm_p 0.08 total_loss_m 0.020948 total_loss_p 1.098603 fea_loss 0.002044 done_loss 0.000506
[36m(SelfPlayWorker pid=733238)[0m [DEBUG] Episode termination detected:
[36m(SelfPlayWorker pid=733238)[0m   - done: tensor([False, False, False, False, False,  True, False, False, False, False,
[36m(SelfPlayWorker pid=733238)[0m         False, False, False, False, False, False], device='cuda:0')
[36m(SelfPlayWorker pid=733238)[0m   - truncated_done: tensor([False, False, False, False, False, False, False, False, False, False,
[36m(SelfPlayWorker pid=733238)[0m         False, False, False, False, False, False], device='cuda:0')
[36m(SelfPlayWorker pid=733238)[0m   - real_done: tensor([False, False, False, False, False,  True, False, False, False, False,
[36m(SelfPlayWorker pid=733238)[0m         False, False, False, False, False, False], device='cuda:0')
[36m(SelfPlayWorker pid=733238)[0m   - step_status: tensor([0, 0, 0, 0, 0, 0, 0, 0, 0, 0, 0, 0, 0, 0, 0, 0], device='cuda:0')
[36m(SelfPlayWorker pid=733238)[0m   - counter: 165829
[36m(ActorLearner pid=733242)[0m [1;34m[dynamic-enduro-v5-test-10479] Steps 744320 @ 664.3 SPS (677.4). (T_q: 6.84) Eps 208. [0mRet [1;31m0.000000[0m (0.000000/0.000000). Loss -0.00 pg_loss 0.00 entropy_loss -0.62 reg_loss 0.00 total_norm 0.00 mean_abs_v 0.07 last_lr: 2.9777e-04
[36m(SelfPlayWorker pid=733238)[0m [DEBUG] Episode termination detected:
[36m(SelfPlayWorker pid=733238)[0m   - done: tensor([False, False, False, False, False, False, False, False, False, False,
[36m(SelfPlayWorker pid=733238)[0m         False,  True, False, False, False,  True], device='cuda:0')
[36m(SelfPlayWorker pid=733238)[0m   - truncated_done: tensor([False, False, False, False, False, False, False, False, False, False,
[36m(SelfPlayWorker pid=733238)[0m         False, False, False, False, False, False], device='cuda:0')
[36m(SelfPlayWorker pid=733238)[0m   - real_done: tensor([False, False, False, False, False, False, False, False, False, False,
[36m(SelfPlayWorker pid=733238)[0m         False,  True, False, False, False,  True], device='cuda:0')
[36m(SelfPlayWorker pid=733238)[0m   - step_status: tensor([0, 0, 0, 0, 0, 0, 0, 0, 0, 0, 0, 0, 0, 0, 0, 0], device='cuda:0')
[36m(SelfPlayWorker pid=733238)[0m   - counter: 165875
[36m(SelfPlayWorker pid=733238)[0m [DEBUG] Episode termination detected:
[36m(SelfPlayWorker pid=733238)[0m   - done: tensor([False, False, False, False, False, False, False, False, False,  True,
[36m(SelfPlayWorker pid=733238)[0m         False, False, False,  True, False, False], device='cuda:0')
[36m(SelfPlayWorker pid=733238)[0m   - truncated_done: tensor([False, False, False, False, False, False, False, False, False, False,
[36m(SelfPlayWorker pid=733238)[0m         False, False, False, False, False, False], device='cuda:0')
[36m(SelfPlayWorker pid=733238)[0m   - real_done: tensor([False, False, False, False, False, False, False, False, False,  True,
[36m(SelfPlayWorker pid=733238)[0m         False, False, False,  True, False, False], device='cuda:0')
[36m(SelfPlayWorker pid=733238)[0m   - step_status: tensor([0, 0, 0, 0, 0, 0, 0, 0, 0, 0, 0, 0, 0, 0, 0, 0], device='cuda:0')
[36m(SelfPlayWorker pid=733238)[0m   - counter: 165878
[36m(SelfPlayWorker pid=733238)[0m [DEBUG] Episode termination detected:
[36m(SelfPlayWorker pid=733238)[0m   - done: tensor([False, False, False, False,  True, False, False, False, False, False,
[36m(SelfPlayWorker pid=733238)[0m         False, False, False, False, False, False], device='cuda:0')
[36m(SelfPlayWorker pid=733238)[0m   - truncated_done: tensor([False, False, False, False, False, False, False, False, False, False,
[36m(SelfPlayWorker pid=733238)[0m         False, False, False, False, False, False], device='cuda:0')
[36m(SelfPlayWorker pid=733238)[0m   - real_done: tensor([False, False, False, False,  True, False, False, False, False, False,
[36m(SelfPlayWorker pid=733238)[0m         False, False, False, False, False, False], device='cuda:0')
[36m(SelfPlayWorker pid=733238)[0m   - step_status: tensor([0, 0, 0, 0, 0, 0, 0, 0, 0, 0, 0, 0, 0, 0, 0, 0], device='cuda:0')
[36m(SelfPlayWorker pid=733238)[0m   - counter: 165886
[36m(SelfPlayWorker pid=733238)[0m [DEBUG] Episode termination detected:
[36m(SelfPlayWorker pid=733238)[0m   - done: tensor([False, False, False,  True, False, False, False,  True, False, False,
[36m(SelfPlayWorker pid=733238)[0m         False, False, False, False, False, False], device='cuda:0')
[36m(SelfPlayWorker pid=733238)[0m   - truncated_done: tensor([False, False, False, False, False, False, False, False, False, False,
[36m(SelfPlayWorker pid=733238)[0m         False, False, False, False, False, False], device='cuda:0')
[36m(SelfPlayWorker pid=733238)[0m   - real_done: tensor([False, False, False,  True, False, False, False,  True, False, False,
[36m(SelfPlayWorker pid=733238)[0m         False, False, False, False, False, False], device='cuda:0')
[36m(SelfPlayWorker pid=733238)[0m   - step_status: tensor([0, 0, 0, 0, 0, 0, 0, 0, 0, 0, 0, 0, 0, 0, 0, 0], device='cuda:0')
[36m(SelfPlayWorker pid=733238)[0m   - counter: 165900
[36m(SelfPlayWorker pid=733238)[0m [DEBUG] Episode termination detected:
[36m(SelfPlayWorker pid=733238)[0m   - done: tensor([False, False, False, False, False, False,  True, False, False, False,
[36m(SelfPlayWorker pid=733238)[0m         False, False, False, False,  True, False], device='cuda:0')
[36m(SelfPlayWorker pid=733238)[0m   - truncated_done: tensor([False, False, False, False, False, False, False, False, False, False,
[36m(SelfPlayWorker pid=733238)[0m         False, False, False, False, False, False], device='cuda:0')
[36m(SelfPlayWorker pid=733238)[0m   - real_done: tensor([False, False, False, False, False, False,  True, False, False, False,
[36m(SelfPlayWorker pid=733238)[0m         False, False, False, False,  True, False], device='cuda:0')
[36m(SelfPlayWorker pid=733238)[0m   - step_status: tensor([0, 0, 0, 0, 0, 0, 0, 0, 0, 0, 0, 0, 0, 0, 0, 0], device='cuda:0')
[36m(SelfPlayWorker pid=733238)[0m   - counter: 165910
[36m(SelfPlayWorker pid=733238)[0m [DEBUG] Episode termination detected:
[36m(SelfPlayWorker pid=733238)[0m   - done: tensor([False, False, False, False, False, False, False, False, False, False,
[36m(SelfPlayWorker pid=733238)[0m          True, False, False, False, False, False], device='cuda:0')
[36m(SelfPlayWorker pid=733238)[0m   - truncated_done: tensor([False, False, False, False, False, False, False, False, False, False,
[36m(SelfPlayWorker pid=733238)[0m         False, False, False, False, False, False], device='cuda:0')
[36m(SelfPlayWorker pid=733238)[0m   - real_done: tensor([False, False, False, False, False, False, False, False, False, False,
[36m(SelfPlayWorker pid=733238)[0m          True, False, False, False, False, False], device='cuda:0')
[36m(SelfPlayWorker pid=733238)[0m   - step_status: tensor([0, 0, 0, 0, 0, 0, 0, 0, 0, 0, 0, 0, 0, 0, 0, 0], device='cuda:0')
[36m(SelfPlayWorker pid=733238)[0m   - counter: 165920
[36m(SelfPlayWorker pid=733238)[0m [DEBUG] Episode termination detected:
[36m(SelfPlayWorker pid=733238)[0m   - done: tensor([ True, False, False, False, False, False, False, False, False, False,
[36m(SelfPlayWorker pid=733238)[0m         False, False, False, False, False, False], device='cuda:0')
[36m(SelfPlayWorker pid=733238)[0m   - truncated_done: tensor([False, False, False, False, False, False, False, False, False, False,
[36m(SelfPlayWorker pid=733238)[0m         False, False, False, False, False, False], device='cuda:0')
[36m(SelfPlayWorker pid=733238)[0m   - real_done: tensor([ True, False, False, False, False, False, False, False, False, False,
[36m(SelfPlayWorker pid=733238)[0m         False, False, False, False, False, False], device='cuda:0')
[36m(SelfPlayWorker pid=733238)[0m   - step_status: tensor([0, 0, 0, 0, 0, 0, 0, 0, 0, 0, 0, 0, 0, 0, 0, 0], device='cuda:0')
[36m(SelfPlayWorker pid=733238)[0m   - counter: 165925
[36m(SelfPlayWorker pid=733238)[0m [DEBUG] Episode termination detected:
[36m(SelfPlayWorker pid=733238)[0m   - done: tensor([False, False, False, False, False, False, False, False,  True, False,
[36m(SelfPlayWorker pid=733238)[0m         False, False, False, False, False, False], device='cuda:0')
[36m(SelfPlayWorker pid=733238)[0m   - truncated_done: tensor([False, False, False, False, False, False, False, False, False, False,
[36m(SelfPlayWorker pid=733238)[0m         False, False, False, False, False, False], device='cuda:0')
[36m(SelfPlayWorker pid=733238)[0m   - real_done: tensor([False, False, False, False, False, False, False, False,  True, False,
[36m(SelfPlayWorker pid=733238)[0m         False, False, False, False, False, False], device='cuda:0')
[36m(SelfPlayWorker pid=733238)[0m   - step_status: tensor([0, 0, 0, 0, 0, 0, 0, 0, 0, 0, 0, 0, 0, 0, 0, 0], device='cuda:0')
[36m(SelfPlayWorker pid=733238)[0m   - counter: 165936
[36m(SelfPlayWorker pid=733238)[0m [DEBUG] Episode termination detected:
[36m(SelfPlayWorker pid=733238)[0m   - done: tensor([False, False,  True, False, False, False, False, False, False, False,
[36m(SelfPlayWorker pid=733238)[0m         False, False, False, False, False, False], device='cuda:0')
[36m(SelfPlayWorker pid=733238)[0m   - truncated_done: tensor([False, False, False, False, False, False, False, False, False, False,
[36m(SelfPlayWorker pid=733238)[0m         False, False, False, False, False, False], device='cuda:0')
[36m(SelfPlayWorker pid=733238)[0m   - real_done: tensor([False, False,  True, False, False, False, False, False, False, False,
[36m(SelfPlayWorker pid=733238)[0m         False, False, False, False, False, False], device='cuda:0')
[36m(SelfPlayWorker pid=733238)[0m   - step_status: tensor([0, 0, 0, 0, 0, 0, 0, 0, 0, 0, 0, 0, 0, 0, 0, 0], device='cuda:0')
[36m(SelfPlayWorker pid=733238)[0m   - counter: 165942
[36m(SelfPlayWorker pid=733238)[0m [DEBUG] Episode termination detected:
[36m(SelfPlayWorker pid=733238)[0m   - done: tensor([False, False, False, False, False, False, False, False, False, False,
[36m(SelfPlayWorker pid=733238)[0m         False, False,  True, False, False, False], device='cuda:0')
[36m(SelfPlayWorker pid=733238)[0m   - truncated_done: tensor([False, False, False, False, False, False, False, False, False, False,
[36m(SelfPlayWorker pid=733238)[0m         False, False, False, False, False, False], device='cuda:0')
[36m(SelfPlayWorker pid=733238)[0m   - real_done: tensor([False, False, False, False, False, False, False, False, False, False,
[36m(SelfPlayWorker pid=733238)[0m         False, False,  True, False, False, False], device='cuda:0')
[36m(SelfPlayWorker pid=733238)[0m   - step_status: tensor([0, 0, 0, 0, 0, 0, 0, 0, 0, 0, 0, 0, 0, 0, 0, 0], device='cuda:0')
[36m(SelfPlayWorker pid=733238)[0m   - counter: 165946
[36m(SelfPlayWorker pid=733238)[0m [DEBUG] Episode termination detected:
[36m(SelfPlayWorker pid=733238)[0m   - done: tensor([False,  True, False, False, False, False, False, False, False, False,
[36m(SelfPlayWorker pid=733238)[0m         False, False, False, False, False, False], device='cuda:0')
[36m(SelfPlayWorker pid=733238)[0m   - truncated_done: tensor([False, False, False, False, False, False, False, False, False, False,
[36m(SelfPlayWorker pid=733238)[0m         False, False, False, False, False, False], device='cuda:0')
[36m(SelfPlayWorker pid=733238)[0m   - real_done: tensor([False,  True, False, False, False, False, False, False, False, False,
[36m(SelfPlayWorker pid=733238)[0m         False, False, False, False, False, False], device='cuda:0')
[36m(SelfPlayWorker pid=733238)[0m   - step_status: tensor([0, 0, 0, 0, 0, 0, 0, 0, 0, 0, 0, 0, 0, 0, 0, 0], device='cuda:0')
[36m(SelfPlayWorker pid=733238)[0m   - counter: 165969
[36m(ModelLearner pid=733241)[0m [dynamic-enduro-v5-test-10479] Steps 744848 (4280832[5.8]) @ 1127.3 SPS (1092.6). norm_m 405.72 norm_p 0.08 total_loss_m 0.033815 total_loss_p 1.098611 fea_loss 0.003343 done_loss 0.000380
[36m(ActorLearner pid=733242)[0m [DEBUG] Episode counter increased:
[36m(ActorLearner pid=733242)[0m   - real_done_count: 16
[36m(ActorLearner pid=733242)[0m   - tot_eps: 224
[36m(ActorLearner pid=733242)[0m   - train_actor_out.real_done: tensor([[False, False, False,  ..., False, False, False],
[36m(ActorLearner pid=733242)[0m         [False, False, False,  ..., False, False, False],
[36m(ActorLearner pid=733242)[0m         [False, False, False,  ..., False, False, False],
[36m(ActorLearner pid=733242)[0m         ...,
[36m(ActorLearner pid=733242)[0m         [False, False, False,  ..., False, False, False],
[36m(ActorLearner pid=733242)[0m         [False, False, False,  ..., False, False, False],
[36m(ActorLearner pid=733242)[0m         [False, False, False,  ..., False, False, False]], device='cuda:0')
[36m(ActorLearner pid=733242)[0m   - train_actor_out.done: tensor([[False, False, False,  ..., False, False, False],
[36m(ActorLearner pid=733242)[0m         [False, False, False,  ..., False, False, False],
[36m(ActorLearner pid=733242)[0m         [False, False, False,  ..., False, False, False],
[36m(ActorLearner pid=733242)[0m         ...,
[36m(ActorLearner pid=733242)[0m         [False, False, False,  ..., False, False, False],
[36m(ActorLearner pid=733242)[0m         [False, False, False,  ..., False, False, False],
[36m(ActorLearner pid=733242)[0m         [False, False, False,  ..., False, False, False]], device='cuda:0')
[36m(ActorLearner pid=733242)[0m   - train_actor_out.truncated_done: tensor([[False, False, False,  ..., False, False, False],
[36m(ActorLearner pid=733242)[0m         [False, False, False,  ..., False, False, False],
[36m(ActorLearner pid=733242)[0m         [False, False, False,  ..., False, False, False],
[36m(ActorLearner pid=733242)[0m         ...,
[36m(ActorLearner pid=733242)[0m         [False, False, False,  ..., False, False, False],
[36m(ActorLearner pid=733242)[0m         [False, False, False,  ..., False, False, False],
[36m(ActorLearner pid=733242)[0m         [False, False, False,  ..., False, False, False]], device='cuda:0')
[36m(ActorLearner pid=733242)[0m [1;34m[dynamic-enduro-v5-test-10479] Steps 745200 @ 664.2 SPS (677.4). (T_q: 3.63) Eps 224. [0mRet [1;31m0.000000[0m (0.000000/0.000000). Loss -0.00 pg_loss 0.00 entropy_loss -0.60 reg_loss 0.00 total_norm 0.00 mean_abs_v 0.06 last_lr: 2.9776e-04
[36m(ModelLearner pid=733241)[0m [dynamic-enduro-v5-test-10479] Steps 745872 (4286976[5.8]) @ 1127.0 SPS (1092.6). norm_m 319.78 norm_p 0.07 total_loss_m 0.049368 total_loss_p 1.084300 fea_loss 0.000342 done_loss 0.045951
[36m(ModelLearner pid=733241)[0m [dynamic-enduro-v5-test-10479] Steps 746896 (4293120[5.8]) @ 1119.9 SPS (1092.4). norm_m 591.44 norm_p 0.21 total_loss_m 0.009968 total_loss_p 1.098593 fea_loss 0.000822 done_loss 0.001752
[36m(ActorLearner pid=733242)[0m [1;34m[dynamic-enduro-v5-test-10479] Steps 746976 @ 663.4 SPS (677.3). (T_q: 6.75) Eps 224. [0mRet [1;31m0.000000[0m (0.000000/0.000000). Loss -0.00 pg_loss 0.00 entropy_loss -0.61 reg_loss 0.00 total_norm 0.00 mean_abs_v 0.06 last_lr: 2.9776e-04
[36m(ModelLearner pid=733241)[0m [dynamic-enduro-v5-test-10479] Steps 747920 (4299264[5.8]) @ 1119.4 SPS (1092.4). norm_m 270.65 norm_p 0.09 total_loss_m 0.009465 total_loss_p 1.098612 fea_loss 0.000796 done_loss 0.001502
[36m(ActorLearner pid=733242)[0m [1;34m[dynamic-enduro-v5-test-10479] Steps 748752 @ 663.7 SPS (677.3). (T_q: 6.64) Eps 224. [0mRet [1;31m0.000000[0m (0.000000/0.000000). Loss -0.00 pg_loss 0.00 entropy_loss -0.63 reg_loss 0.00 total_norm 0.00 mean_abs_v 0.07 last_lr: 2.9775e-04
[36m(ModelLearner pid=733241)[0m [dynamic-enduro-v5-test-10479] Steps 748944 (4305408[5.8]) @ 1118.7 SPS (1092.5). norm_m 440.84 norm_p 0.10 total_loss_m 0.027817 total_loss_p 1.098603 fea_loss 0.002510 done_loss 0.002722
[36m(ModelLearner pid=733241)[0m [dynamic-enduro-v5-test-10479] Steps 749968 (4311552[5.8]) @ 1123.3 SPS (1092.6). norm_m 663.88 norm_p 0.10 total_loss_m 0.016608 total_loss_p 1.098604 fea_loss 0.001379 done_loss 0.002823
[36m(ModelLearner pid=733241)[0m Triggering model step-based checkpoint at step 750096 (milestone 750000)
[36m(ModelLearner pid=733241)[0m Saving model checkpoint to /scratch/jeongmin/dt-10479/p/logs/thinker/dynamic-enduro-v5-test-10479/ckp_model.tar
[36m(ModelLearner pid=733241)[0m Saved model checkpoint at step 750096 to /scratch/jeongmin/dt-10479/p/logs/thinker/dynamic-enduro-v5-test-10479/ckp_model.tar_step_750096
[36m(ActorLearner pid=733242)[0m [1;34m[dynamic-enduro-v5-test-10479] Steps 750608 @ 663.5 SPS (677.3). (T_q: 6.70) Eps 224. [0mRet [1;31m0.000000[0m (0.000000/0.000000). Loss -0.00 pg_loss 0.00 entropy_loss -0.62 reg_loss 0.00 total_norm 0.00 mean_abs_v 0.07 last_lr: 2.9775e-04
[36m(ActorLearner pid=733242)[0m Triggering actor step-based checkpoint at step 750608 (milestone 750000)
[36m(ActorLearner pid=733242)[0m Saving actor checkpoint to /scratch/jeongmin/dt-10479/p/logs/thinker/dynamic-enduro-v5-test-10479/ckp_actor.tar
[36m(ActorLearner pid=733242)[0m Saved actor checkpoint at step 750608 to /scratch/jeongmin/dt-10479/p/logs/thinker/dynamic-enduro-v5-test-10479/ckp_actor.tar_step_750608
[36m(ModelLearner pid=733241)[0m [dynamic-enduro-v5-test-10479] Steps 750992 (4317696[5.8]) @ 1125.6 SPS (1092.8). norm_m 404.58 norm_p 0.13 total_loss_m 0.005219 total_loss_p 1.098612 fea_loss 0.000409 done_loss 0.001131
[36m(ModelLearner pid=733241)[0m [dynamic-enduro-v5-test-10479] Steps 752016 (4323840[5.8]) @ 1127.2 SPS (1092.9). norm_m 474.15 norm_p 0.09 total_loss_m 0.048702 total_loss_p 1.098568 fea_loss 0.004751 done_loss 0.001190
[36m(ActorLearner pid=733242)[0m [1;34m[dynamic-enduro-v5-test-10479] Steps 752416 @ 664.8 SPS (677.3). (T_q: 6.04) Eps 224. [0mRet [1;31m0.000000[0m (0.000000/0.000000). Loss -0.00 pg_loss 0.00 entropy_loss -0.62 reg_loss 0.00 total_norm 0.00 mean_abs_v 0.07 last_lr: 2.9774e-04
[36m(ModelLearner pid=733241)[0m [dynamic-enduro-v5-test-10479] Steps 753040 (4329984[5.8]) @ 1128.1 SPS (1093.0). norm_m 1150.17 norm_p 0.14 total_loss_m 0.010674 total_loss_p 1.098607 fea_loss 0.000961 done_loss 0.001066
[36m(ModelLearner pid=733241)[0m [dynamic-enduro-v5-test-10479] Steps 754064 (4336128[5.8]) @ 1128.2 SPS (1093.1). norm_m 201.26 norm_p 0.15 total_loss_m 0.014431 total_loss_p 1.095742 fea_loss 0.000411 done_loss 0.010325
[36m(ActorLearner pid=733242)[0m [1;34m[dynamic-enduro-v5-test-10479] Steps 754224 @ 664.1 SPS (677.3). (T_q: 6.50) Eps 224. [0mRet [1;31m0.000000[0m (0.000000/0.000000). Loss -0.00 pg_loss 0.00 entropy_loss -0.62 reg_loss 0.00 total_norm 0.00 mean_abs_v 0.07 last_lr: 2.9774e-04
[36m(ModelLearner pid=733241)[0m [dynamic-enduro-v5-test-10479] Steps 755088 (4342272[5.8]) @ 1122.1 SPS (1092.9). norm_m 946.21 norm_p 0.13 total_loss_m 0.026177 total_loss_p 1.092872 fea_loss 0.000968 done_loss 0.016498
[36m(ActorLearner pid=733242)[0m [1;34m[dynamic-enduro-v5-test-10479] Steps 756048 @ 664.3 SPS (677.3). (T_q: 6.48) Eps 224. [0mRet [1;31m0.000000[0m (0.000000/0.000000). Loss -0.00 pg_loss 0.00 entropy_loss -0.62 reg_loss 0.00 total_norm 0.00 mean_abs_v 0.07 last_lr: 2.9773e-04
[36m(ModelLearner pid=733241)[0m [dynamic-enduro-v5-test-10479] Steps 756112 (4348416[5.8]) @ 1123.3 SPS (1093.0). norm_m 286.25 norm_p 0.13 total_loss_m 0.005206 total_loss_p 1.098607 fea_loss 0.000453 done_loss 0.000673
[36m(ModelLearner pid=733241)[0m [dynamic-enduro-v5-test-10479] Steps 757136 (4354560[5.8]) @ 1123.8 SPS (1093.1). norm_m 1879.02 norm_p 0.08 total_loss_m 0.008880 total_loss_p 1.098607 fea_loss 0.000742 done_loss 0.001457
[36m(ActorLearner pid=733242)[0m [1;34m[dynamic-enduro-v5-test-10479] Steps 757840 @ 663.6 SPS (677.3). (T_q: 6.68) Eps 224. [0mRet [1;31m0.000000[0m (0.000000/0.000000). Loss -0.00 pg_loss 0.00 entropy_loss -0.59 reg_loss 0.00 total_norm 0.00 mean_abs_v 0.07 last_lr: 2.9773e-04
[36m(ModelLearner pid=733241)[0m [dynamic-enduro-v5-test-10479] Steps 758160 (4360704[5.8]) @ 1129.5 SPS (1093.1). norm_m 923.20 norm_p 0.09 total_loss_m 0.019796 total_loss_p 1.098593 fea_loss 0.001946 done_loss 0.000336
[36m(ModelLearner pid=733241)[0m [dynamic-enduro-v5-test-10479] Steps 759184 (4366848[5.8]) @ 1129.3 SPS (1093.2). norm_m 467.19 norm_p 0.07 total_loss_m 0.011836 total_loss_p 1.098579 fea_loss 0.001144 done_loss 0.000396
[36m(ActorLearner pid=733242)[0m [1;34m[dynamic-enduro-v5-test-10479] Steps 759552 @ 665.1 SPS (677.3). (T_q: 6.37) Eps 224. [0mRet [1;31m0.000000[0m (0.000000/0.000000). Loss -0.00 pg_loss 0.00 entropy_loss -0.59 reg_loss 0.00 total_norm 0.00 mean_abs_v 0.07 last_lr: 2.9772e-04
[36m(ModelLearner pid=733241)[0m [dynamic-enduro-v5-test-10479] Steps 760208 (4372992[5.8]) @ 1129.0 SPS (1093.2). norm_m 1167.77 norm_p 0.06 total_loss_m 0.011981 total_loss_p 1.098597 fea_loss 0.001170 done_loss 0.000285
[36m(ModelLearner pid=733241)[0m [dynamic-enduro-v5-test-10479] Steps 761216 (4379136[5.8]) @ 1128.1 SPS (1093.3). norm_m 894.72 norm_p 0.05 total_loss_m 0.007105 total_loss_p 1.098579 fea_loss 0.000505 done_loss 0.002052
[36m(ActorLearner pid=733242)[0m [1;34m[dynamic-enduro-v5-test-10479] Steps 761344 @ 664.8 SPS (677.3). (T_q: 6.79) Eps 224. [0mRet [1;31m0.000000[0m (0.000000/0.000000). Loss -0.00 pg_loss 0.00 entropy_loss -0.62 reg_loss 0.00 total_norm 0.00 mean_abs_v 0.07 last_lr: 2.9772e-04
[36m(ModelLearner pid=733241)[0m [dynamic-enduro-v5-test-10479] Steps 762240 (4385280[5.8]) @ 1122.1 SPS (1093.1). norm_m 446.43 norm_p 0.12 total_loss_m 0.062363 total_loss_p 1.095719 fea_loss 0.004875 done_loss 0.013613
[36m(ActorLearner pid=733242)[0m [1;34m[dynamic-enduro-v5-test-10479] Steps 762272 @ 671.1 SPS (677.2). (T_q: 3.45) Eps 224. [0mRet [1;31m0.000000[0m (0.000000/0.000000). Loss -0.00 pg_loss 0.00 entropy_loss -0.63 reg_loss 0.00 total_norm 0.00 mean_abs_v 0.07 last_lr: 2.9771e-04
[36m(ModelLearner pid=733241)[0m [dynamic-enduro-v5-test-10479] Steps 763264 (4391424[5.8]) @ 1123.7 SPS (1093.3). norm_m 614.18 norm_p 0.07 total_loss_m 0.034407 total_loss_p 1.098591 fea_loss 0.003322 done_loss 0.001191
[36m(ActorLearner pid=733242)[0m [1;34m[dynamic-enduro-v5-test-10479] Steps 764096 @ 664.4 SPS (677.2). (T_q: 6.67) Eps 224. [0mRet [1;31m0.000000[0m (0.000000/0.000000). Loss -0.00 pg_loss 0.00 entropy_loss -0.59 reg_loss 0.00 total_norm 0.00 mean_abs_v 0.07 last_lr: 2.9771e-04
[36m(ModelLearner pid=733241)[0m [dynamic-enduro-v5-test-10479] Steps 764288 (4397568[5.8]) @ 1123.0 SPS (1093.3). norm_m 1233.07 norm_p 0.05 total_loss_m 0.010744 total_loss_p 1.098604 fea_loss 0.000953 done_loss 0.001215
[36m(ModelLearner pid=733241)[0m [dynamic-enduro-v5-test-10479] Steps 765312 (4403712[5.8]) @ 1129.6 SPS (1093.4). norm_m 514.98 norm_p 0.10 total_loss_m 0.005563 total_loss_p 1.098602 fea_loss 0.000406 done_loss 0.001504
[36m(ActorLearner pid=733242)[0m [1;34m[dynamic-enduro-v5-test-10479] Steps 765904 @ 664.7 SPS (677.2). (T_q: 6.37) Eps 224. [0mRet [1;31m0.000000[0m (0.000000/0.000000). Loss -0.00 pg_loss 0.00 entropy_loss -0.63 reg_loss 0.00 total_norm 0.00 mean_abs_v 0.08 last_lr: 2.9770e-04
[36m(ModelLearner pid=733241)[0m [dynamic-enduro-v5-test-10479] Steps 766336 (4409856[5.8]) @ 1129.6 SPS (1093.5). norm_m 652.70 norm_p 0.09 total_loss_m 0.005668 total_loss_p 1.098578 fea_loss 0.000467 done_loss 0.000996
[36m(ModelLearner pid=733241)[0m [dynamic-enduro-v5-test-10479] Steps 767360 (4416000[5.8]) @ 1129.6 SPS (1093.6). norm_m 511.79 norm_p 0.08 total_loss_m 0.004505 total_loss_p 1.098568 fea_loss 0.000417 done_loss 0.000336
[36m(ActorLearner pid=733242)[0m [1;34m[dynamic-enduro-v5-test-10479] Steps 767776 @ 664.4 SPS (677.1). (T_q: 6.78) Eps 224. [0mRet [1;31m0.000000[0m (0.000000/0.000000). Loss -0.00 pg_loss 0.00 entropy_loss -0.65 reg_loss 0.00 total_norm 0.00 mean_abs_v 0.08 last_lr: 2.9770e-04
[36m(ModelLearner pid=733241)[0m [dynamic-enduro-v5-test-10479] Steps 768384 (4422144[5.8]) @ 1129.0 SPS (1093.6). norm_m 327.94 norm_p 0.08 total_loss_m 0.005935 total_loss_p 1.098610 fea_loss 0.000578 done_loss 0.000151
[36m(ModelLearner pid=733241)[0m [dynamic-enduro-v5-test-10479] Steps 769408 (4428288[5.8]) @ 1129.1 SPS (1093.7). norm_m 340.28 norm_p 0.07 total_loss_m 0.042241 total_loss_p 1.090011 fea_loss 0.000611 done_loss 0.036132
[36m(ActorLearner pid=733242)[0m [1;34m[dynamic-enduro-v5-test-10479] Steps 769568 @ 664.9 SPS (677.1). (T_q: 6.72) Eps 224. [0mRet [1;31m0.000000[0m (0.000000/0.000000). Loss -0.00 pg_loss 0.00 entropy_loss -0.63 reg_loss 0.00 total_norm 0.00 mean_abs_v 0.07 last_lr: 2.9769e-04
[36m(ModelLearner pid=733241)[0m [dynamic-enduro-v5-test-10479] Steps 770432 (4434432[5.8]) @ 1122.8 SPS (1093.5). norm_m 684.46 norm_p 0.09 total_loss_m 0.015619 total_loss_p 1.098597 fea_loss 0.001416 done_loss 0.001460
[36m(ActorLearner pid=733242)[0m [1;34m[dynamic-enduro-v5-test-10479] Steps 771408 @ 664.9 SPS (677.1). (T_q: 6.55) Eps 224. [0mRet [1;31m0.000000[0m (0.000000/0.000000). Loss -0.00 pg_loss 0.00 entropy_loss -0.62 reg_loss 0.00 total_norm 0.00 mean_abs_v 0.07 last_lr: 2.9769e-04
[36m(ModelLearner pid=733241)[0m [dynamic-enduro-v5-test-10479] Steps 771456 (4440576[5.8]) @ 1121.7 SPS (1093.6). norm_m 165.19 norm_p 0.09 total_loss_m 0.013077 total_loss_p 1.095738 fea_loss 0.000557 done_loss 0.007506
[36m(ModelLearner pid=733241)[0m [dynamic-enduro-v5-test-10479] Steps 772480 (4446720[5.8]) @ 1122.6 SPS (1093.7). norm_m 775.07 norm_p 0.06 total_loss_m 0.029991 total_loss_p 1.092872 fea_loss 0.001119 done_loss 0.018800
[36m(ActorLearner pid=733242)[0m [1;34m[dynamic-enduro-v5-test-10479] Steps 773264 @ 665.5 SPS (677.0). (T_q: 6.84) Eps 224. [0mRet [1;31m0.000000[0m (0.000000/0.000000). Loss -0.00 pg_loss 0.00 entropy_loss -0.62 reg_loss 0.00 total_norm 0.00 mean_abs_v 0.07 last_lr: 2.9768e-04
[36m(ModelLearner pid=733241)[0m [dynamic-enduro-v5-test-10479] Steps 773488 (4452864[5.8]) @ 1122.2 SPS (1093.8). norm_m 345.98 norm_p 0.10 total_loss_m 0.035592 total_loss_p 1.098607 fea_loss 0.003410 done_loss 0.001493
[36m(ModelLearner pid=733241)[0m [dynamic-enduro-v5-test-10479] Steps 774512 (4459008[5.8]) @ 1122.5 SPS (1093.9). norm_m 247.00 norm_p 0.03 total_loss_m 0.028601 total_loss_p 1.098596 fea_loss 0.002771 done_loss 0.000889
[36m(ActorLearner pid=733242)[0m [1;34m[dynamic-enduro-v5-test-10479] Steps 775056 @ 666.0 SPS (677.0). (T_q: 6.54) Eps 224. [0mRet [1;31m0.000000[0m (0.000000/0.000000). Loss -0.00 pg_loss 0.00 entropy_loss -0.63 reg_loss 0.00 total_norm 0.00 mean_abs_v 0.07 last_lr: 2.9767e-04
[36m(ModelLearner pid=733241)[0m [dynamic-enduro-v5-test-10479] Steps 775536 (4465152[5.8]) @ 1128.0 SPS (1094.0). norm_m 129.36 norm_p 0.08 total_loss_m 0.018837 total_loss_p 1.098605 fea_loss 0.001786 done_loss 0.000980
[36m(ActorLearner pid=733242)[0m Sent real_step update to ActorBuffer: 776000
[36m(ModelLearner pid=733241)[0m [dynamic-enduro-v5-test-10479] Steps 776560 (4471296[5.8]) @ 1128.7 SPS (1094.1). norm_m 191.10 norm_p 0.06 total_loss_m 0.003609 total_loss_p 1.098599 fea_loss 0.000338 done_loss 0.000232
[36m(ActorLearner pid=733242)[0m [1;34m[dynamic-enduro-v5-test-10479] Steps 776928 @ 666.2 SPS (677.0). (T_q: 6.68) Eps 224. [0mRet [1;31m0.000000[0m (0.000000/0.000000). Loss -0.00 pg_loss 0.00 entropy_loss -0.62 reg_loss 0.00 total_norm 0.00 mean_abs_v 0.07 last_lr: 2.9767e-04
[36m(ModelLearner pid=733241)[0m [dynamic-enduro-v5-test-10479] Steps 777584 (4477440[5.8]) @ 1128.7 SPS (1094.1). norm_m 265.60 norm_p 0.08 total_loss_m 0.016661 total_loss_p 1.098589 fea_loss 0.001650 done_loss 0.000159
[36m(ModelLearner pid=733241)[0m [dynamic-enduro-v5-test-10479] Steps 778608 (4483584[5.8]) @ 1122.8 SPS (1093.9). norm_m 456.01 norm_p 0.06 total_loss_m 0.045496 total_loss_p 1.098600 fea_loss 0.004523 done_loss 0.000267
[36m(ActorLearner pid=733242)[0m [1;34m[dynamic-enduro-v5-test-10479] Steps 778704 @ 666.1 SPS (676.9). (T_q: 6.74) Eps 224. [0mRet [1;31m0.000000[0m (0.000000/0.000000). Loss -0.00 pg_loss 0.00 entropy_loss -0.60 reg_loss 0.00 total_norm 0.00 mean_abs_v 0.06 last_lr: 2.9766e-04
[36m(ModelLearner pid=733241)[0m [dynamic-enduro-v5-test-10479] Steps 779504 (4488960[5.8]) @ 1120.5 SPS (1093.9). norm_m 1239.59 norm_p 0.05 total_loss_m 0.006895 total_loss_p 1.098627 fea_loss 0.000659 done_loss 0.000309
[36m(ActorLearner pid=733242)[0m [1;34m[dynamic-enduro-v5-test-10479] Steps 780416 @ 666.0 SPS (676.9). (T_q: 6.72) Eps 224. [0mRet [1;31m0.000000[0m (0.000000/0.000000). Loss -0.00 pg_loss 0.00 entropy_loss -0.61 reg_loss 0.00 total_norm 0.00 mean_abs_v 0.06 last_lr: 2.9766e-04
[36m(ModelLearner pid=733241)[0m [dynamic-enduro-v5-test-10479] Steps 780528 (4495104[5.8]) @ 1122.7 SPS (1094.0). norm_m 1287.24 norm_p 0.14 total_loss_m 0.023263 total_loss_p 1.092872 fea_loss 0.000657 done_loss 0.016698
[36m(ModelLearner pid=733241)[0m [dynamic-enduro-v5-test-10479] Steps 781552 (4501248[5.8]) @ 1123.2 SPS (1094.0). norm_m 1695.17 norm_p 0.11 total_loss_m 0.025629 total_loss_p 1.098607 fea_loss 0.002545 done_loss 0.000178
[36m(ActorLearner pid=733242)[0m [1;34m[dynamic-enduro-v5-test-10479] Steps 782224 @ 665.7 SPS (676.9). (T_q: 6.52) Eps 224. [0mRet [1;31m0.000000[0m (0.000000/0.000000). Loss -0.00 pg_loss 0.00 entropy_loss -0.60 reg_loss 0.00 total_norm 0.00 mean_abs_v 0.07 last_lr: 2.9765e-04
[36m(ModelLearner pid=733241)[0m [dynamic-enduro-v5-test-10479] Steps 782576 (4507392[5.8]) @ 1129.9 SPS (1094.1). norm_m 714.21 norm_p 0.08 total_loss_m 0.005551 total_loss_p 1.098585 fea_loss 0.000551 done_loss 0.000045
[36m(ModelLearner pid=733241)[0m [dynamic-enduro-v5-test-10479] Steps 783600 (4513536[5.8]) @ 1130.4 SPS (1094.2). norm_m 373.27 norm_p 0.05 total_loss_m 0.027357 total_loss_p 1.098629 fea_loss 0.002718 done_loss 0.000179
[36m(ActorLearner pid=733242)[0m [1;34m[dynamic-enduro-v5-test-10479] Steps 784048 @ 665.5 SPS (676.9). (T_q: 6.36) Eps 224. [0mRet [1;31m0.000000[0m (0.000000/0.000000). Loss -0.00 pg_loss 0.00 entropy_loss -0.62 reg_loss 0.00 total_norm 0.00 mean_abs_v 0.07 last_lr: 2.9765e-04
[36m(ModelLearner pid=733241)[0m [dynamic-enduro-v5-test-10479] Steps 784624 (4519680[5.8]) @ 1129.8 SPS (1094.2). norm_m 284.72 norm_p 0.09 total_loss_m 0.010778 total_loss_p 1.098638 fea_loss 0.001053 done_loss 0.000249
[36m(ModelLearner pid=733241)[0m [dynamic-enduro-v5-test-10479] Steps 785648 (4525824[5.8]) @ 1130.0 SPS (1094.3). norm_m 532.82 norm_p 0.13 total_loss_m 0.005362 total_loss_p 1.098595 fea_loss 0.000531 done_loss 0.000048
[36m(ActorLearner pid=733242)[0m [1;34m[dynamic-enduro-v5-test-10479] Steps 785840 @ 666.1 SPS (676.8). (T_q: 6.58) Eps 224. [0mRet [1;31m0.000000[0m (0.000000/0.000000). Loss -0.00 pg_loss 0.00 entropy_loss -0.63 reg_loss 0.00 total_norm 0.00 mean_abs_v 0.07 last_lr: 2.9764e-04
[36m(ModelLearner pid=733241)[0m [dynamic-enduro-v5-test-10479] Steps 786672 (4531968[5.8]) @ 1121.8 SPS (1094.1). norm_m 622.24 norm_p 0.04 total_loss_m 0.011716 total_loss_p 1.098616 fea_loss 0.001159 done_loss 0.000122
[36m(ActorLearner pid=733242)[0m [1;34m[dynamic-enduro-v5-test-10479] Steps 787616 @ 665.9 SPS (676.8). (T_q: 6.46) Eps 224. [0mRet [1;31m0.000000[0m (0.000000/0.000000). Loss -0.00 pg_loss 0.00 entropy_loss -0.61 reg_loss 0.00 total_norm 0.00 mean_abs_v 0.07 last_lr: 2.9764e-04
[36m(ModelLearner pid=733241)[0m [dynamic-enduro-v5-test-10479] Steps 787696 (4538112[5.8]) @ 1119.9 SPS (1094.2). norm_m 699.78 norm_p 0.06 total_loss_m 0.012646 total_loss_p 1.098615 fea_loss 0.001255 done_loss 0.000094
[36m(ModelLearner pid=733241)[0m [dynamic-enduro-v5-test-10479] Steps 788720 (4544256[5.8]) @ 1119.4 SPS (1094.2). norm_m 1070.33 norm_p 0.03 total_loss_m 0.006470 total_loss_p 1.098641 fea_loss 0.000636 done_loss 0.000114
[36m(ActorLearner pid=733242)[0m [1;34m[dynamic-enduro-v5-test-10479] Steps 789488 @ 665.8 SPS (676.8). (T_q: 6.81) Eps 224. [0mRet [1;31m0.000000[0m (0.000000/0.000000). Loss -0.00 pg_loss 0.00 entropy_loss -0.63 reg_loss 0.00 total_norm 0.00 mean_abs_v 0.08 last_lr: 2.9763e-04
[36m(ModelLearner pid=733241)[0m [dynamic-enduro-v5-test-10479] Steps 789744 (4550400[5.8]) @ 1121.0 SPS (1094.4). norm_m 92.22 norm_p 0.05 total_loss_m 0.003593 total_loss_p 1.098616 fea_loss 0.000313 done_loss 0.000468
[36m(ModelLearner pid=733241)[0m [dynamic-enduro-v5-test-10479] Steps 790768 (4556544[5.8]) @ 1128.3 SPS (1094.5). norm_m 606.21 norm_p 0.02 total_loss_m 0.026011 total_loss_p 1.098617 fea_loss 0.002594 done_loss 0.000075
[36m(ActorLearner pid=733242)[0m [1;34m[dynamic-enduro-v5-test-10479] Steps 791392 @ 665.8 SPS (676.8). (T_q: 6.47) Eps 224. [0mRet [1;31m0.000000[0m (0.000000/0.000000). Loss -0.00 pg_loss 0.00 entropy_loss -0.63 reg_loss 0.00 total_norm 0.00 mean_abs_v 0.08 last_lr: 2.9763e-04
[36m(ModelLearner pid=733241)[0m [dynamic-enduro-v5-test-10479] Steps 791792 (4562688[5.8]) @ 1128.7 SPS (1094.6). norm_m 1230.87 norm_p 0.09 total_loss_m 0.057782 total_loss_p 1.091442 fea_loss 0.002532 done_loss 0.032461
[36m(ActorLearner pid=733242)[0m [1;34m[dynamic-enduro-v5-test-10479] Steps 792320 @ 665.5 SPS (676.7). (T_q: 3.47) Eps 224. [0mRet [1;31m0.000000[0m (0.000000/0.000000). Loss -0.00 pg_loss 0.00 entropy_loss -0.63 reg_loss 0.00 total_norm 0.00 mean_abs_v 0.08 last_lr: 2.9762e-04
[36m(ModelLearner pid=733241)[0m [dynamic-enduro-v5-test-10479] Steps 792816 (4568832[5.8]) @ 1129.2 SPS (1094.7). norm_m 424.54 norm_p 0.07 total_loss_m 0.037720 total_loss_p 1.098598 fea_loss 0.003685 done_loss 0.000871
[36m(ModelLearner pid=733241)[0m [dynamic-enduro-v5-test-10479] Steps 793824 (4574976[5.8]) @ 1130.5 SPS (1094.8). norm_m 263.03 norm_p 0.06 total_loss_m 0.015510 total_loss_p 1.098585 fea_loss 0.001452 done_loss 0.000991
[36m(ActorLearner pid=733242)[0m [1;34m[dynamic-enduro-v5-test-10479] Steps 794176 @ 666.1 SPS (676.7). (T_q: 6.68) Eps 224. [0mRet [1;31m0.000000[0m (0.000000/0.000000). Loss -0.00 pg_loss 0.00 entropy_loss -0.62 reg_loss 0.00 total_norm 0.00 mean_abs_v 0.07 last_lr: 2.9762e-04
[36m(ModelLearner pid=733241)[0m [dynamic-enduro-v5-test-10479] Steps 794848 (4581120[5.8]) @ 1130.9 SPS (1094.9). norm_m 245.57 norm_p 0.10 total_loss_m 0.035126 total_loss_p 1.092884 fea_loss 0.002494 done_loss 0.010185
[36m(ActorLearner pid=733242)[0m [1;34m[dynamic-enduro-v5-test-10479] Steps 795104 @ 665.0 SPS (676.6). (T_q: 3.67) Eps 224. [0mRet [1;31m0.000000[0m (0.000000/0.000000). Loss -0.00 pg_loss 0.00 entropy_loss -0.64 reg_loss 0.00 total_norm 0.00 mean_abs_v 0.07 last_lr: 2.9761e-04
[36m(ModelLearner pid=733241)[0m [dynamic-enduro-v5-test-10479] Steps 795872 (4587264[5.8]) @ 1131.8 SPS (1095.0). norm_m 464.63 norm_p 0.06 total_loss_m 0.024412 total_loss_p 1.098612 fea_loss 0.002387 done_loss 0.000547
[36m(ActorLearner pid=733242)[0m Sent real_step update to ActorBuffer: 796000
[36m(ModelLearner pid=733241)[0m [dynamic-enduro-v5-test-10479] Steps 796768 (4592640[5.8]) @ 1125.8 SPS (1094.8). norm_m 94.55 norm_p 0.09 total_loss_m 0.011631 total_loss_p 1.098611 fea_loss 0.001126 done_loss 0.000375
[36m(ActorLearner pid=733242)[0m [1;34m[dynamic-enduro-v5-test-10479] Steps 796880 @ 666.7 SPS (676.7). (T_q: 6.23) Eps 224. [0mRet [1;31m0.000000[0m (0.000000/0.000000). Loss -0.00 pg_loss 0.00 entropy_loss -0.59 reg_loss 0.00 total_norm 0.00 mean_abs_v 0.07 last_lr: 2.9761e-04
[36m(SelfPlayWorker pid=733238)[0m [DEBUG] Episode termination detected:
[36m(SelfPlayWorker pid=733238)[0m   - done: tensor([False, False, False, False, False,  True, False, False, False, False,
[36m(SelfPlayWorker pid=733238)[0m         False, False, False, False, False, False], device='cuda:0')
[36m(SelfPlayWorker pid=733238)[0m   - truncated_done: tensor([False, False, False, False, False, False, False, False, False, False,
[36m(SelfPlayWorker pid=733238)[0m         False, False, False, False, False, False], device='cuda:0')
[36m(SelfPlayWorker pid=733238)[0m   - real_done: tensor([False, False, False, False, False,  True, False, False, False, False,
[36m(SelfPlayWorker pid=733238)[0m         False, False, False, False, False, False], device='cuda:0')
[36m(SelfPlayWorker pid=733238)[0m   - step_status: tensor([0, 0, 0, 0, 0, 0, 0, 0, 0, 0, 0, 0, 0, 0, 0, 0], device='cuda:0')
[36m(SelfPlayWorker pid=733238)[0m   - counter: 177645
[36m(SelfPlayWorker pid=733238)[0m [DEBUG] Episode termination detected:
[36m(SelfPlayWorker pid=733238)[0m   - done: tensor([False, False, False, False, False, False, False, False, False, False,
[36m(SelfPlayWorker pid=733238)[0m         False, False, False, False, False,  True], device='cuda:0')
[36m(SelfPlayWorker pid=733238)[0m   - truncated_done: tensor([False, False, False, False, False, False, False, False, False, False,
[36m(SelfPlayWorker pid=733238)[0m         False, False, False, False, False, False], device='cuda:0')
[36m(SelfPlayWorker pid=733238)[0m   - real_done: tensor([False, False, False, False, False, False, False, False, False, False,
[36m(SelfPlayWorker pid=733238)[0m         False, False, False, False, False,  True], device='cuda:0')
[36m(SelfPlayWorker pid=733238)[0m   - step_status: tensor([0, 0, 0, 0, 0, 0, 0, 0, 0, 0, 0, 0, 0, 0, 0, 0], device='cuda:0')
[36m(SelfPlayWorker pid=733238)[0m   - counter: 177676
[36m(SelfPlayWorker pid=733238)[0m [DEBUG] Episode termination detected:
[36m(SelfPlayWorker pid=733238)[0m   - done: tensor([False, False, False, False, False, False, False, False, False,  True,
[36m(SelfPlayWorker pid=733238)[0m         False,  True, False, False, False, False], device='cuda:0')
[36m(SelfPlayWorker pid=733238)[0m   - truncated_done: tensor([False, False, False, False, False, False, False, False, False, False,
[36m(SelfPlayWorker pid=733238)[0m         False, False, False, False, False, False], device='cuda:0')
[36m(SelfPlayWorker pid=733238)[0m   - real_done: tensor([False, False, False, False, False, False, False, False, False,  True,
[36m(SelfPlayWorker pid=733238)[0m         False,  True, False, False, False, False], device='cuda:0')
[36m(SelfPlayWorker pid=733238)[0m   - step_status: tensor([0, 0, 0, 0, 0, 0, 0, 0, 0, 0, 0, 0, 0, 0, 0, 0], device='cuda:0')
[36m(SelfPlayWorker pid=733238)[0m   - counter: 177693
[36m(ActorLearner pid=733242)[0m [DEBUG] Episode counter increased:
[36m(ActorLearner pid=733242)[0m   - real_done_count: 2
[36m(ActorLearner pid=733242)[0m   - tot_eps: 226
[36m(ActorLearner pid=733242)[0m   - train_actor_out.real_done: tensor([[False, False, False,  ..., False, False, False],
[36m(ActorLearner pid=733242)[0m         [False, False, False,  ..., False, False, False],
[36m(ActorLearner pid=733242)[0m         [False, False, False,  ..., False, False, False],
[36m(ActorLearner pid=733242)[0m         ...,
[36m(ActorLearner pid=733242)[0m         [False, False, False,  ..., False, False, False],
[36m(ActorLearner pid=733242)[0m         [False, False, False,  ..., False, False, False],
[36m(ActorLearner pid=733242)[0m         [False, False, False,  ..., False, False, False]], device='cuda:0')
[36m(ActorLearner pid=733242)[0m   - train_actor_out.done: tensor([[False, False, False,  ..., False, False, False],
[36m(ActorLearner pid=733242)[0m         [False, False, False,  ..., False, False, False],
[36m(ActorLearner pid=733242)[0m         [False, False, False,  ..., False, False, False],
[36m(ActorLearner pid=733242)[0m         ...,
[36m(ActorLearner pid=733242)[0m         [False, False, False,  ..., False, False, False],
[36m(ActorLearner pid=733242)[0m         [False, False, False,  ..., False, False, False],
[36m(ActorLearner pid=733242)[0m         [False, False, False,  ..., False, False, False]], device='cuda:0')
[36m(ActorLearner pid=733242)[0m   - train_actor_out.truncated_done: tensor([[False, False, False,  ..., False, False, False],
[36m(ActorLearner pid=733242)[0m         [False, False, False,  ..., False, False, False],
[36m(ActorLearner pid=733242)[0m         [False, False, False,  ..., False, False, False],
[36m(ActorLearner pid=733242)[0m         ...,
[36m(ActorLearner pid=733242)[0m         [False, False, False,  ..., False, False, False],
[36m(ActorLearner pid=733242)[0m         [False, False, False,  ..., False, False, False],
[36m(ActorLearner pid=733242)[0m         [False, False, False,  ..., False, False, False]], device='cuda:0')
[36m(SelfPlayWorker pid=733238)[0m [DEBUG] Episode termination detected:
[36m(SelfPlayWorker pid=733238)[0m   - done: tensor([False, False, False, False,  True, False, False, False, False, False,
[36m(SelfPlayWorker pid=733238)[0m         False, False, False, False, False, False], device='cuda:0')
[36m(SelfPlayWorker pid=733238)[0m   - truncated_done: tensor([False, False, False, False, False, False, False, False, False, False,
[36m(SelfPlayWorker pid=733238)[0m         False, False, False, False, False, False], device='cuda:0')
[36m(SelfPlayWorker pid=733238)[0m   - real_done: tensor([False, False, False, False,  True, False, False, False, False, False,
[36m(SelfPlayWorker pid=733238)[0m         False, False, False, False, False, False], device='cuda:0')
[36m(SelfPlayWorker pid=733238)[0m   - step_status: tensor([0, 0, 0, 0, 0, 0, 0, 0, 0, 0, 0, 0, 0, 0, 0, 0], device='cuda:0')
[36m(SelfPlayWorker pid=733238)[0m   - counter: 177700
[36m(SelfPlayWorker pid=733238)[0m [DEBUG] Episode termination detected:
[36m(SelfPlayWorker pid=733238)[0m   - done: tensor([False, False, False, False, False, False, False, False, False, False,
[36m(SelfPlayWorker pid=733238)[0m         False, False, False,  True, False, False], device='cuda:0')
[36m(SelfPlayWorker pid=733238)[0m   - truncated_done: tensor([False, False, False, False, False, False, False, False, False, False,
[36m(SelfPlayWorker pid=733238)[0m         False, False, False, False, False, False], device='cuda:0')
[36m(SelfPlayWorker pid=733238)[0m   - real_done: tensor([False, False, False, False, False, False, False, False, False, False,
[36m(SelfPlayWorker pid=733238)[0m         False, False, False,  True, False, False], device='cuda:0')
[36m(SelfPlayWorker pid=733238)[0m   - step_status: tensor([0, 0, 0, 0, 0, 0, 0, 0, 0, 0, 0, 0, 0, 0, 0, 0], device='cuda:0')
[36m(SelfPlayWorker pid=733238)[0m   - counter: 177703
[36m(SelfPlayWorker pid=733238)[0m [DEBUG] Episode termination detected:
[36m(SelfPlayWorker pid=733238)[0m   - done: tensor([False, False, False,  True, False, False, False,  True, False, False,
[36m(SelfPlayWorker pid=733238)[0m          True, False, False, False, False, False], device='cuda:0')
[36m(SelfPlayWorker pid=733238)[0m   - truncated_done: tensor([False, False, False, False, False, False, False, False, False, False,
[36m(SelfPlayWorker pid=733238)[0m         False, False, False, False, False, False], device='cuda:0')
[36m(SelfPlayWorker pid=733238)[0m   - real_done: tensor([False, False, False,  True, False, False, False,  True, False, False,
[36m(SelfPlayWorker pid=733238)[0m          True, False, False, False, False, False], device='cuda:0')
[36m(SelfPlayWorker pid=733238)[0m   - step_status: tensor([0, 0, 0, 0, 0, 0, 0, 0, 0, 0, 0, 0, 0, 0, 0, 0], device='cuda:0')
[36m(SelfPlayWorker pid=733238)[0m   - counter: 177718
[36m(SelfPlayWorker pid=733238)[0m [DEBUG] Episode termination detected:
[36m(SelfPlayWorker pid=733238)[0m   - done: tensor([False, False, False, False, False, False,  True, False, False, False,
[36m(SelfPlayWorker pid=733238)[0m         False, False, False, False,  True, False], device='cuda:0')
[36m(SelfPlayWorker pid=733238)[0m   - truncated_done: tensor([False, False, False, False, False, False, False, False, False, False,
[36m(SelfPlayWorker pid=733238)[0m         False, False, False, False, False, False], device='cuda:0')
[36m(SelfPlayWorker pid=733238)[0m   - real_done: tensor([False, False, False, False, False, False,  True, False, False, False,
[36m(SelfPlayWorker pid=733238)[0m         False, False, False, False,  True, False], device='cuda:0')
[36m(SelfPlayWorker pid=733238)[0m   - step_status: tensor([0, 0, 0, 0, 0, 0, 0, 0, 0, 0, 0, 0, 0, 0, 0, 0], device='cuda:0')
[36m(SelfPlayWorker pid=733238)[0m   - counter: 177723
[36m(SelfPlayWorker pid=733238)[0m [DEBUG] Episode termination detected:
[36m(SelfPlayWorker pid=733238)[0m   - done: tensor([ True, False, False, False, False, False, False, False, False, False,
[36m(SelfPlayWorker pid=733238)[0m         False, False, False, False, False, False], device='cuda:0')
[36m(SelfPlayWorker pid=733238)[0m   - truncated_done: tensor([False, False, False, False, False, False, False, False, False, False,
[36m(SelfPlayWorker pid=733238)[0m         False, False, False, False, False, False], device='cuda:0')
[36m(SelfPlayWorker pid=733238)[0m   - real_done: tensor([ True, False, False, False, False, False, False, False, False, False,
[36m(SelfPlayWorker pid=733238)[0m         False, False, False, False, False, False], device='cuda:0')
[36m(SelfPlayWorker pid=733238)[0m   - step_status: tensor([0, 0, 0, 0, 0, 0, 0, 0, 0, 0, 0, 0, 0, 0, 0, 0], device='cuda:0')
[36m(SelfPlayWorker pid=733238)[0m   - counter: 177727
[36m(ModelLearner pid=733241)[0m [dynamic-enduro-v5-test-10479] Steps 797776 (4598784[5.8]) @ 1129.2 SPS (1094.8). norm_m 571.91 norm_p 0.05 total_loss_m 0.020212 total_loss_p 1.098619 fea_loss 0.001998 done_loss 0.000233
[36m(SelfPlayWorker pid=733238)[0m [DEBUG] Episode termination detected:
[36m(SelfPlayWorker pid=733238)[0m   - done: tensor([False, False, False, False, False, False, False, False,  True, False,
[36m(SelfPlayWorker pid=733238)[0m         False, False, False, False, False, False], device='cuda:0')
[36m(SelfPlayWorker pid=733238)[0m   - truncated_done: tensor([False, False, False, False, False, False, False, False, False, False,
[36m(SelfPlayWorker pid=733238)[0m         False, False, False, False, False, False], device='cuda:0')
[36m(SelfPlayWorker pid=733238)[0m   - real_done: tensor([False, False, False, False, False, False, False, False,  True, False,
[36m(SelfPlayWorker pid=733238)[0m         False, False, False, False, False, False], device='cuda:0')
[36m(SelfPlayWorker pid=733238)[0m   - step_status: tensor([0, 0, 0, 0, 0, 0, 0, 0, 0, 0, 0, 0, 0, 0, 0, 0], device='cuda:0')
[36m(SelfPlayWorker pid=733238)[0m   - counter: 177738
[36m(SelfPlayWorker pid=733238)[0m [DEBUG] Episode termination detected:
[36m(SelfPlayWorker pid=733238)[0m   - done: tensor([False, False, False, False, False, False, False, False, False, False,
[36m(SelfPlayWorker pid=733238)[0m         False, False,  True, False, False, False], device='cuda:0')
[36m(SelfPlayWorker pid=733238)[0m   - truncated_done: tensor([False, False, False, False, False, False, False, False, False, False,
[36m(SelfPlayWorker pid=733238)[0m         False, False, False, False, False, False], device='cuda:0')
[36m(SelfPlayWorker pid=733238)[0m   - real_done: tensor([False, False, False, False, False, False, False, False, False, False,
[36m(SelfPlayWorker pid=733238)[0m         False, False,  True, False, False, False], device='cuda:0')
[36m(SelfPlayWorker pid=733238)[0m   - step_status: tensor([0, 0, 0, 0, 0, 0, 0, 0, 0, 0, 0, 0, 0, 0, 0, 0], device='cuda:0')
[36m(SelfPlayWorker pid=733238)[0m   - counter: 177748
[36m(SelfPlayWorker pid=733238)[0m [DEBUG] Episode termination detected:
[36m(SelfPlayWorker pid=733238)[0m   - done: tensor([False, False,  True, False, False, False, False, False, False, False,
[36m(SelfPlayWorker pid=733238)[0m         False, False, False, False, False, False], device='cuda:0')
[36m(SelfPlayWorker pid=733238)[0m   - truncated_done: tensor([False, False, False, False, False, False, False, False, False, False,
[36m(SelfPlayWorker pid=733238)[0m         False, False, False, False, False, False], device='cuda:0')
[36m(SelfPlayWorker pid=733238)[0m   - real_done: tensor([False, False,  True, False, False, False, False, False, False, False,
[36m(SelfPlayWorker pid=733238)[0m         False, False, False, False, False, False], device='cuda:0')
[36m(SelfPlayWorker pid=733238)[0m   - step_status: tensor([0, 0, 0, 0, 0, 0, 0, 0, 0, 0, 0, 0, 0, 0, 0, 0], device='cuda:0')
[36m(SelfPlayWorker pid=733238)[0m   - counter: 177752
[36m(SelfPlayWorker pid=733238)[0m [DEBUG] Episode termination detected:
[36m(SelfPlayWorker pid=733238)[0m   - done: tensor([False,  True, False, False, False, False, False, False, False, False,
[36m(SelfPlayWorker pid=733238)[0m         False, False, False, False, False, False], device='cuda:0')
[36m(SelfPlayWorker pid=733238)[0m   - truncated_done: tensor([False, False, False, False, False, False, False, False, False, False,
[36m(SelfPlayWorker pid=733238)[0m         False, False, False, False, False, False], device='cuda:0')
[36m(SelfPlayWorker pid=733238)[0m   - real_done: tensor([False,  True, False, False, False, False, False, False, False, False,
[36m(SelfPlayWorker pid=733238)[0m         False, False, False, False, False, False], device='cuda:0')
[36m(SelfPlayWorker pid=733238)[0m   - step_status: tensor([0, 0, 0, 0, 0, 0, 0, 0, 0, 0, 0, 0, 0, 0, 0, 0], device='cuda:0')
[36m(SelfPlayWorker pid=733238)[0m   - counter: 177773
[36m(ActorLearner pid=733242)[0m [DEBUG] Episode counter increased:
[36m(ActorLearner pid=733242)[0m   - real_done_count: 14
[36m(ActorLearner pid=733242)[0m   - tot_eps: 240
[36m(ActorLearner pid=733242)[0m   - train_actor_out.real_done: tensor([[False, False, False,  ..., False, False, False],
[36m(ActorLearner pid=733242)[0m         [False, False, False,  ..., False, False, False],
[36m(ActorLearner pid=733242)[0m         [False, False, False,  ..., False, False, False],
[36m(ActorLearner pid=733242)[0m         ...,
[36m(ActorLearner pid=733242)[0m         [False, False, False,  ..., False, False, False],
[36m(ActorLearner pid=733242)[0m         [False, False, False,  ..., False, False, False],
[36m(ActorLearner pid=733242)[0m         [False, False, False,  ..., False, False, False]], device='cuda:0')
[36m(ActorLearner pid=733242)[0m   - train_actor_out.done: tensor([[False, False, False,  ..., False, False, False],
[36m(ActorLearner pid=733242)[0m         [False, False, False,  ..., False, False, False],
[36m(ActorLearner pid=733242)[0m         [False, False, False,  ..., False, False, False],
[36m(ActorLearner pid=733242)[0m         ...,
[36m(ActorLearner pid=733242)[0m         [False, False, False,  ..., False, False, False],
[36m(ActorLearner pid=733242)[0m         [False, False, False,  ..., False, False, False],
[36m(ActorLearner pid=733242)[0m         [False, False, False,  ..., False, False, False]], device='cuda:0')
[36m(ActorLearner pid=733242)[0m   - train_actor_out.truncated_done: tensor([[False, False, False,  ..., False, False, False],
[36m(ActorLearner pid=733242)[0m         [False, False, False,  ..., False, False, False],
[36m(ActorLearner pid=733242)[0m         [False, False, False,  ..., False, False, False],
[36m(ActorLearner pid=733242)[0m         ...,
[36m(ActorLearner pid=733242)[0m         [False, False, False,  ..., False, False, False],
[36m(ActorLearner pid=733242)[0m         [False, False, False,  ..., False, False, False],
[36m(ActorLearner pid=733242)[0m         [False, False, False,  ..., False, False, False]], device='cuda:0')
[36m(ActorLearner pid=733242)[0m [1;34m[dynamic-enduro-v5-test-10479] Steps 798576 @ 666.3 SPS (676.6). (T_q: 6.84) Eps 240. [0mRet [1;31m0.000000[0m (0.000000/0.000000). Loss -0.00 pg_loss 0.00 entropy_loss -0.58 reg_loss 0.00 total_norm 0.00 mean_abs_v 0.06 last_lr: 2.9760e-04
[36m(ModelLearner pid=733241)[0m [dynamic-enduro-v5-test-10479] Steps 798672 (4604160[5.8]) @ 1125.9 SPS (1094.7). norm_m 1445.99 norm_p 0.12 total_loss_m 0.022484 total_loss_p 1.098612 fea_loss 0.002215 done_loss 0.000339
[36m(ModelLearner pid=733241)[0m [dynamic-enduro-v5-test-10479] Steps 799712 (4610304[5.8]) @ 1127.1 SPS (1094.8). norm_m 194.63 norm_p 0.09 total_loss_m 0.008182 total_loss_p 1.098591 fea_loss 0.000781 done_loss 0.000372
[36m(ActorLearner pid=733242)[0m [1;34m[dynamic-enduro-v5-test-10479] Steps 800256 @ 666.7 SPS (676.7). (T_q: 6.27) Eps 240. [0mRet [1;31m0.000000[0m (0.000000/0.000000). Loss -0.00 pg_loss 0.00 entropy_loss -0.56 reg_loss 0.00 total_norm 0.00 mean_abs_v 0.06 last_lr: 2.9760e-04
[36m(ModelLearner pid=733241)[0m [dynamic-enduro-v5-test-10479] Steps 800736 (4616448[5.8]) @ 1126.7 SPS (1094.8). norm_m 266.55 norm_p 0.05 total_loss_m 0.012220 total_loss_p 1.097178 fea_loss 0.000419 done_loss 0.008033
[36m(ActorLearner pid=733242)[0m [1;34m[dynamic-enduro-v5-test-10479] Steps 801152 @ 666.5 SPS (676.7). (T_q: 3.32) Eps 240. [0mRet [1;31m0.000000[0m (0.000000/0.000000). Loss -0.00 pg_loss 0.00 entropy_loss -0.60 reg_loss 0.00 total_norm 0.00 mean_abs_v 0.06 last_lr: 2.9760e-04
[36m(ModelLearner pid=733241)[0m [dynamic-enduro-v5-test-10479] Steps 801760 (4622592[5.8]) @ 1125.2 SPS (1094.9). norm_m 560.68 norm_p 0.06 total_loss_m 0.061913 total_loss_p 1.092891 fea_loss 0.003394 done_loss 0.027973
[36m(ModelLearner pid=733241)[0m [dynamic-enduro-v5-test-10479] Steps 802768 (4628736[5.8]) @ 1126.4 SPS (1095.0). norm_m 1360.46 norm_p 0.10 total_loss_m 0.031003 total_loss_p 1.097168 fea_loss 0.002505 done_loss 0.005950
[36m(ActorLearner pid=733242)[0m [1;34m[dynamic-enduro-v5-test-10479] Steps 802912 @ 667.5 SPS (676.7). (T_q: 6.40) Eps 240. [0mRet [1;31m0.000000[0m (0.000000/0.000000). Loss -0.00 pg_loss 0.00 entropy_loss -0.61 reg_loss 0.00 total_norm 0.00 mean_abs_v 0.07 last_lr: 2.9759e-04
[36m(ModelLearner pid=733241)[0m [dynamic-enduro-v5-test-10479] Steps 803664 (4634112[5.8]) @ 1119.2 SPS (1094.8). norm_m 491.20 norm_p 0.11 total_loss_m 0.014833 total_loss_p 1.098611 fea_loss 0.001375 done_loss 0.001079
[36m(ActorLearner pid=733242)[0m [1;34m[dynamic-enduro-v5-test-10479] Steps 804656 @ 668.2 SPS (676.7). (T_q: 6.46) Eps 240. [0mRet [1;31m0.000000[0m (0.000000/0.000000). Loss -0.00 pg_loss 0.00 entropy_loss -0.60 reg_loss 0.00 total_norm 0.00 mean_abs_v 0.07 last_lr: 2.9759e-04
[36m(ModelLearner pid=733241)[0m [dynamic-enduro-v5-test-10479] Steps 804688 (4640256[5.8]) @ 1118.0 SPS (1094.8). norm_m 768.72 norm_p 0.10 total_loss_m 0.018101 total_loss_p 1.097167 fea_loss 0.000940 done_loss 0.008701
[36m(ModelLearner pid=733241)[0m [dynamic-enduro-v5-test-10479] Steps 805712 (4646400[5.8]) @ 1123.5 SPS (1094.8). norm_m 210.93 norm_p 0.06 total_loss_m 0.006373 total_loss_p 1.098618 fea_loss 0.000495 done_loss 0.001422
[36m(ActorLearner pid=733242)[0m [1;34m[dynamic-enduro-v5-test-10479] Steps 806432 @ 668.3 SPS (676.7). (T_q: 6.69) Eps 240. [0mRet [1;31m0.000000[0m (0.000000/0.000000). Loss -0.00 pg_loss 0.00 entropy_loss -0.63 reg_loss 0.00 total_norm 0.00 mean_abs_v 0.07 last_lr: 2.9758e-04
[36m(ModelLearner pid=733241)[0m [dynamic-enduro-v5-test-10479] Steps 806736 (4652544[5.8]) @ 1123.5 SPS (1094.9). norm_m 161.47 norm_p 0.08 total_loss_m 0.008090 total_loss_p 1.098597 fea_loss 0.000726 done_loss 0.000831
[36m(ActorLearner pid=733242)[0m [1;34m[dynamic-enduro-v5-test-10479] Steps 807408 @ 667.6 SPS (676.6). (T_q: 3.54) Eps 240. [0mRet [1;31m0.000000[0m (0.000000/0.000000). Loss -0.00 pg_loss 0.00 entropy_loss -0.65 reg_loss 0.00 total_norm 0.00 mean_abs_v 0.07 last_lr: 2.9758e-04
[36m(ModelLearner pid=733241)[0m [dynamic-enduro-v5-test-10479] Steps 807760 (4658688[5.8]) @ 1123.0 SPS (1095.0). norm_m 277.52 norm_p 0.07 total_loss_m 0.019670 total_loss_p 1.095761 fea_loss 0.000961 done_loss 0.010058
[36m(ActorLearner pid=733242)[0m [1;34m[dynamic-enduro-v5-test-10479] Steps 808400 @ 667.2 SPS (676.5). (T_q: 3.25) Eps 240. [0mRet [1;31m0.000000[0m (0.000000/0.000000). Loss -0.00 pg_loss 0.00 entropy_loss -0.68 reg_loss 0.00 total_norm 0.00 mean_abs_v 0.08 last_lr: 2.9757e-04
[36m(ModelLearner pid=733241)[0m [dynamic-enduro-v5-test-10479] Steps 808784 (4664832[5.8]) @ 1124.7 SPS (1095.2). norm_m 198.97 norm_p 0.05 total_loss_m 0.005254 total_loss_p 1.098599 fea_loss 0.000412 done_loss 0.001133
[36m(ModelLearner pid=733241)[0m [dynamic-enduro-v5-test-10479] Steps 809808 (4670976[5.8]) @ 1124.9 SPS (1095.3). norm_m 478.31 norm_p 0.02 total_loss_m 0.045382 total_loss_p 1.094307 fea_loss 0.003066 done_loss 0.014723
[36m(ActorLearner pid=733242)[0m [1;34m[dynamic-enduro-v5-test-10479] Steps 810256 @ 666.6 SPS (676.5). (T_q: 5.93) Eps 240. [0mRet [1;31m0.000000[0m (0.000000/0.000000). Loss -0.00 pg_loss 0.00 entropy_loss -0.62 reg_loss 0.00 total_norm 0.00 mean_abs_v 0.07 last_lr: 2.9757e-04
[36m(ModelLearner pid=733241)[0m [dynamic-enduro-v5-test-10479] Steps 810832 (4677120[5.8]) @ 1124.6 SPS (1095.3). norm_m 236.66 norm_p 0.04 total_loss_m 0.012989 total_loss_p 1.098597 fea_loss 0.000990 done_loss 0.003091
[36m(ModelLearner pid=733241)[0m [dynamic-enduro-v5-test-10479] Steps 811856 (4683264[5.8]) @ 1124.5 SPS (1095.4). norm_m 563.28 norm_p 0.06 total_loss_m 0.005849 total_loss_p 1.098614 fea_loss 0.000533 done_loss 0.000522
[36m(ActorLearner pid=733242)[0m [1;34m[dynamic-enduro-v5-test-10479] Steps 812080 @ 666.6 SPS (676.5). (T_q: 6.45) Eps 240. [0mRet [1;31m0.000000[0m (0.000000/0.000000). Loss -0.00 pg_loss 0.00 entropy_loss -0.61 reg_loss 0.00 total_norm 0.00 mean_abs_v 0.07 last_lr: 2.9756e-04
[36m(ModelLearner pid=733241)[0m [dynamic-enduro-v5-test-10479] Steps 812880 (4689408[5.8]) @ 1118.2 SPS (1095.2). norm_m 477.60 norm_p 0.05 total_loss_m 0.009867 total_loss_p 1.097171 fea_loss 0.000440 done_loss 0.005467
[36m(ActorLearner pid=733242)[0m [1;34m[dynamic-enduro-v5-test-10479] Steps 812928 @ 665.4 SPS (676.4). (T_q: 3.26) Eps 240. [0mRet [1;31m0.000000[0m (0.000000/0.000000). Loss -0.00 pg_loss 0.00 entropy_loss -0.58 reg_loss 0.00 total_norm 0.00 mean_abs_v 0.07 last_lr: 2.9756e-04
[36m(ModelLearner pid=733241)[0m [dynamic-enduro-v5-test-10479] Steps 813904 (4695552[5.8]) @ 1122.5 SPS (1095.2). norm_m 176.39 norm_p 0.07 total_loss_m 0.003862 total_loss_p 1.098614 fea_loss 0.000363 done_loss 0.000229
[36m(ActorLearner pid=733242)[0m [1;34m[dynamic-enduro-v5-test-10479] Steps 814704 @ 666.3 SPS (676.5). (T_q: 6.14) Eps 240. [0mRet [1;31m0.000000[0m (0.000000/0.000000). Loss -0.00 pg_loss 0.00 entropy_loss -0.59 reg_loss 0.00 total_norm 0.00 mean_abs_v 0.07 last_lr: 2.9756e-04
[36m(ModelLearner pid=733241)[0m [dynamic-enduro-v5-test-10479] Steps 814928 (4701696[5.8]) @ 1124.9 SPS (1095.3). norm_m 644.36 norm_p 0.06 total_loss_m 0.029966 total_loss_p 1.098604 fea_loss 0.002960 done_loss 0.000364
[36m(ModelLearner pid=733241)[0m [dynamic-enduro-v5-test-10479] Steps 815952 (4707840[5.8]) @ 1125.2 SPS (1095.3). norm_m 1630.84 norm_p 0.05 total_loss_m 0.011684 total_loss_p 1.098628 fea_loss 0.001135 done_loss 0.000331
[36m(ActorLearner pid=733242)[0m [1;34m[dynamic-enduro-v5-test-10479] Steps 816480 @ 664.8 SPS (676.4). (T_q: 6.37) Eps 240. [0mRet [1;31m0.000000[0m (0.000000/0.000000). Loss -0.00 pg_loss 0.00 entropy_loss -0.62 reg_loss 0.00 total_norm 0.00 mean_abs_v 0.07 last_lr: 2.9755e-04
[36m(ModelLearner pid=733241)[0m [dynamic-enduro-v5-test-10479] Steps 816976 (4713984[5.8]) @ 1125.3 SPS (1095.4). norm_m 675.11 norm_p 0.09 total_loss_m 0.005408 total_loss_p 1.098606 fea_loss 0.000521 done_loss 0.000197
[36m(ModelLearner pid=733241)[0m [dynamic-enduro-v5-test-10479] Steps 818000 (4720128[5.8]) @ 1125.5 SPS (1095.5). norm_m 587.83 norm_p 0.07 total_loss_m 0.005240 total_loss_p 1.098594 fea_loss 0.000493 done_loss 0.000310
[36m(ActorLearner pid=733242)[0m [1;34m[dynamic-enduro-v5-test-10479] Steps 818304 @ 665.9 SPS (676.5). (T_q: 6.25) Eps 240. [0mRet [1;31m0.000000[0m (0.000000/0.000000). Loss -0.00 pg_loss 0.00 entropy_loss -0.64 reg_loss 0.00 total_norm 0.00 mean_abs_v 0.07 last_lr: 2.9755e-04
[36m(ModelLearner pid=733241)[0m [dynamic-enduro-v5-test-10479] Steps 819024 (4726272[5.8]) @ 1125.7 SPS (1095.6). norm_m 1685.94 norm_p 0.06 total_loss_m 0.055221 total_loss_p 1.098578 fea_loss 0.005502 done_loss 0.000201
[36m(ModelLearner pid=733241)[0m [dynamic-enduro-v5-test-10479] Steps 820048 (4732416[5.8]) @ 1120.6 SPS (1095.4). norm_m 1973.31 norm_p 0.08 total_loss_m 0.044086 total_loss_p 1.091463 fea_loss 0.000738 done_loss 0.036701
[36m(ActorLearner pid=733242)[0m [1;34m[dynamic-enduro-v5-test-10479] Steps 820144 @ 665.7 SPS (676.4). (T_q: 6.57) Eps 240. [0mRet [1;31m0.000000[0m (0.000000/0.000000). Loss -0.00 pg_loss 0.00 entropy_loss -0.61 reg_loss 0.00 total_norm 0.00 mean_abs_v 0.07 last_lr: 2.9754e-04
[36m(ModelLearner pid=733241)[0m [dynamic-enduro-v5-test-10479] Steps 821072 (4738560[5.8]) @ 1119.6 SPS (1095.4). norm_m 1129.97 norm_p 0.08 total_loss_m 0.006170 total_loss_p 1.098582 fea_loss 0.000477 done_loss 0.001400
[36m(ActorLearner pid=733242)[0m [1;34m[dynamic-enduro-v5-test-10479] Steps 821952 @ 666.5 SPS (676.4). (T_q: 6.29) Eps 240. [0mRet [1;31m0.000000[0m (0.000000/0.000000). Loss -0.00 pg_loss 0.00 entropy_loss -0.63 reg_loss 0.00 total_norm 0.00 mean_abs_v 0.07 last_lr: 2.9753e-04
[36m(ModelLearner pid=733241)[0m [dynamic-enduro-v5-test-10479] Steps 822096 (4744704[5.8]) @ 1126.3 SPS (1095.5). norm_m 832.45 norm_p 0.13 total_loss_m 0.017634 total_loss_p 1.094278 fea_loss 0.000433 done_loss 0.013308
[36m(ActorLearner pid=733242)[0m [1;34m[dynamic-enduro-v5-test-10479] Steps 822864 @ 665.5 SPS (676.4). (T_q: 3.51) Eps 240. [0mRet [1;31m0.000000[0m (0.000000/0.000000). Loss -0.00 pg_loss 0.00 entropy_loss -0.62 reg_loss 0.00 total_norm 0.00 mean_abs_v 0.07 last_lr: 2.9753e-04
[36m(ModelLearner pid=733241)[0m [dynamic-enduro-v5-test-10479] Steps 823120 (4750848[5.8]) @ 1127.1 SPS (1095.6). norm_m 296.64 norm_p 0.08 total_loss_m 0.004380 total_loss_p 1.098589 fea_loss 0.000340 done_loss 0.000977
[36m(ModelLearner pid=733241)[0m [dynamic-enduro-v5-test-10479] Steps 824128 (4756992[5.8]) @ 1127.2 SPS (1095.7). norm_m 219.93 norm_p 0.09 total_loss_m 0.004388 total_loss_p 1.098624 fea_loss 0.000351 done_loss 0.000877
[36m(ActorLearner pid=733242)[0m [1;34m[dynamic-enduro-v5-test-10479] Steps 824736 @ 666.5 SPS (676.3). (T_q: 6.49) Eps 240. [0mRet [1;31m0.000000[0m (0.000000/0.000000). Loss -0.00 pg_loss 0.00 entropy_loss -0.62 reg_loss 0.00 total_norm 0.00 mean_abs_v 0.07 last_lr: 2.9753e-04
[36m(ModelLearner pid=733241)[0m [dynamic-enduro-v5-test-10479] Steps 825152 (4763136[5.8]) @ 1125.6 SPS (1095.8). norm_m 239.95 norm_p 0.08 total_loss_m 0.005076 total_loss_p 1.098624 fea_loss 0.000484 done_loss 0.000240
[36m(ModelLearner pid=733241)[0m [dynamic-enduro-v5-test-10479] Steps 826176 (4769280[5.8]) @ 1124.4 SPS (1095.8). norm_m 736.57 norm_p 0.10 total_loss_m 0.008216 total_loss_p 1.098615 fea_loss 0.000765 done_loss 0.000567
[36m(ActorLearner pid=733242)[0m [1;34m[dynamic-enduro-v5-test-10479] Steps 826576 @ 665.6 SPS (676.3). (T_q: 6.88) Eps 240. [0mRet [1;31m0.000000[0m (0.000000/0.000000). Loss -0.00 pg_loss 0.00 entropy_loss -0.63 reg_loss 0.00 total_norm 0.00 mean_abs_v 0.07 last_lr: 2.9752e-04
[36m(ModelLearner pid=733241)[0m [dynamic-enduro-v5-test-10479] Steps 827200 (4775424[5.8]) @ 1124.2 SPS (1095.9). norm_m 1084.58 norm_p 0.07 total_loss_m 0.039279 total_loss_p 1.091458 fea_loss 0.002125 done_loss 0.018031
[36m(ModelLearner pid=733241)[0m [dynamic-enduro-v5-test-10479] Steps 828224 (4781568[5.8]) @ 1124.1 SPS (1096.0). norm_m 734.97 norm_p 0.05 total_loss_m 0.005033 total_loss_p 1.098629 fea_loss 0.000455 done_loss 0.000479
[36m(ActorLearner pid=733242)[0m [1;34m[dynamic-enduro-v5-test-10479] Steps 828400 @ 665.5 SPS (676.3). (T_q: 6.40) Eps 240. [0mRet [1;31m0.000000[0m (0.000000/0.000000). Loss -0.00 pg_loss 0.00 entropy_loss -0.61 reg_loss 0.00 total_norm 0.00 mean_abs_v 0.07 last_lr: 2.9751e-04
[36m(ModelLearner pid=733241)[0m [dynamic-enduro-v5-test-10479] Steps 829248 (4787712[5.8]) @ 1118.1 SPS (1095.8). norm_m 480.74 norm_p 0.10 total_loss_m 0.020691 total_loss_p 1.098585 fea_loss 0.001971 done_loss 0.000983
[36m(ActorLearner pid=733242)[0m [1;34m[dynamic-enduro-v5-test-10479] Steps 829280 @ 664.9 SPS (676.2). (T_q: 3.25) Eps 240. [0mRet [1;31m0.000000[0m (0.000000/0.000000). Loss -0.00 pg_loss 0.00 entropy_loss -0.60 reg_loss 0.00 total_norm 0.00 mean_abs_v 0.07 last_lr: 2.9751e-04
[36m(ModelLearner pid=733241)[0m [dynamic-enduro-v5-test-10479] Steps 830272 (4793856[5.8]) @ 1116.7 SPS (1095.8). norm_m 178.35 norm_p 0.12 total_loss_m 0.019600 total_loss_p 1.098609 fea_loss 0.001919 done_loss 0.000409
[36m(ActorLearner pid=733242)[0m [1;34m[dynamic-enduro-v5-test-10479] Steps 831152 @ 665.4 SPS (676.2). (T_q: 6.34) Eps 240. [0mRet [1;31m0.000000[0m (0.000000/0.000000). Loss -0.00 pg_loss 0.00 entropy_loss -0.65 reg_loss 0.00 total_norm 0.00 mean_abs_v 0.07 last_lr: 2.9751e-04
[36m(ModelLearner pid=733241)[0m [dynamic-enduro-v5-test-10479] Steps 831408 (4800768[5.8]) @ 1119.7 SPS (1096.0). norm_m 198.99 norm_p 0.04 total_loss_m 0.008386 total_loss_p 1.098595 fea_loss 0.000715 done_loss 0.001241
[36m(ModelLearner pid=733241)[0m [dynamic-enduro-v5-test-10479] Steps 832432 (4806912[5.8]) @ 1125.8 SPS (1096.1). norm_m 141.40 norm_p 0.08 total_loss_m 0.032194 total_loss_p 1.098605 fea_loss 0.003160 done_loss 0.000593
[36m(ActorLearner pid=733242)[0m [1;34m[dynamic-enduro-v5-test-10479] Steps 833024 @ 665.5 SPS (676.2). (T_q: 6.57) Eps 240. [0mRet [1;31m0.000000[0m (0.000000/0.000000). Loss -0.00 pg_loss 0.00 entropy_loss -0.63 reg_loss 0.00 total_norm 0.00 mean_abs_v 0.07 last_lr: 2.9750e-04
[36m(ModelLearner pid=733241)[0m [dynamic-enduro-v5-test-10479] Steps 833456 (4813056[5.8]) @ 1127.9 SPS (1096.2). norm_m 422.06 norm_p 0.12 total_loss_m 0.005339 total_loss_p 1.098598 fea_loss 0.000451 done_loss 0.000834
[36m(ActorLearner pid=733242)[0m Saving actor checkpoint to /scratch/jeongmin/dt-10479/p/logs/thinker/dynamic-enduro-v5-test-10479/ckp_actor.tar
[36m(ModelLearner pid=733241)[0m Saving model checkpoint to /scratch/jeongmin/dt-10479/p/logs/thinker/dynamic-enduro-v5-test-10479/ckp_model.tar
[36m(ModelLearner pid=733241)[0m [dynamic-enduro-v5-test-10479] Steps 834480 (4819200[5.8]) @ 1131.7 SPS (1096.3). norm_m 141.36 norm_p 0.08 total_loss_m 0.004843 total_loss_p 1.098597 fea_loss 0.000439 done_loss 0.000455
[36m(ActorLearner pid=733242)[0m [1;34m[dynamic-enduro-v5-test-10479] Steps 834848 @ 665.3 SPS (676.2). (T_q: 6.31) Eps 240. [0mRet [1;31m0.000000[0m (0.000000/0.000000). Loss -0.00 pg_loss 0.00 entropy_loss -0.61 reg_loss 0.00 total_norm 0.00 mean_abs_v 0.06 last_lr: 2.9750e-04
[36m(ModelLearner pid=733241)[0m [dynamic-enduro-v5-test-10479] Steps 835520 (4825344[5.8]) @ 1131.8 SPS (1096.4). norm_m 392.96 norm_p 0.08 total_loss_m 0.008428 total_loss_p 1.098615 fea_loss 0.000793 done_loss 0.000497
[36m(ModelLearner pid=733241)[0m [dynamic-enduro-v5-test-10479] Steps 836528 (4831488[5.8]) @ 1132.2 SPS (1096.5). norm_m 157.56 norm_p 0.06 total_loss_m 0.016902 total_loss_p 1.098608 fea_loss 0.001629 done_loss 0.000608
[36m(ActorLearner pid=733242)[0m [1;34m[dynamic-enduro-v5-test-10479] Steps 836672 @ 665.6 SPS (676.1). (T_q: 6.54) Eps 240. [0mRet [1;31m0.000000[0m (0.000000/0.000000). Loss -0.00 pg_loss 0.00 entropy_loss -0.58 reg_loss 0.00 total_norm 0.00 mean_abs_v 0.06 last_lr: 2.9749e-04
[36m(ModelLearner pid=733241)[0m [dynamic-enduro-v5-test-10479] Steps 837552 (4837632[5.8]) @ 1127.4 SPS (1096.3). norm_m 201.16 norm_p 0.15 total_loss_m 0.004276 total_loss_p 1.098602 fea_loss 0.000317 done_loss 0.001105
[36m(ActorLearner pid=733242)[0m [1;34m[dynamic-enduro-v5-test-10479] Steps 838432 @ 666.9 SPS (676.2). (T_q: 6.14) Eps 240. [0mRet [1;31m0.000000[0m (0.000000/0.000000). Loss -0.00 pg_loss 0.00 entropy_loss -0.60 reg_loss 0.00 total_norm 0.00 mean_abs_v 0.06 last_lr: 2.9748e-04
[36m(ModelLearner pid=733241)[0m [dynamic-enduro-v5-test-10479] Steps 838592 (4843776[5.8]) @ 1124.8 SPS (1096.3). norm_m 185.34 norm_p 0.10 total_loss_m 0.003664 total_loss_p 1.098613 fea_loss 0.000359 done_loss 0.000073
[36m(ModelLearner pid=733241)[0m [dynamic-enduro-v5-test-10479] Steps 839600 (4849920[5.8]) @ 1131.4 SPS (1096.3). norm_m 158.96 norm_p 0.09 total_loss_m 0.017715 total_loss_p 1.098610 fea_loss 0.001723 done_loss 0.000486
[36m(ActorLearner pid=733242)[0m [1;34m[dynamic-enduro-v5-test-10479] Steps 840128 @ 666.5 SPS (676.2). (T_q: 6.41) Eps 240. [0mRet [1;31m0.000000[0m (0.000000/0.000000). Loss -0.00 pg_loss 0.00 entropy_loss -0.58 reg_loss 0.00 total_norm 0.00 mean_abs_v 0.06 last_lr: 2.9748e-04
[36m(ModelLearner pid=733241)[0m [dynamic-enduro-v5-test-10479] Steps 840624 (4856064[5.8]) @ 1132.3 SPS (1096.4). norm_m 162.61 norm_p 0.05 total_loss_m 0.015750 total_loss_p 1.098607 fea_loss 0.001563 done_loss 0.000123
[36m(ModelLearner pid=733241)[0m [dynamic-enduro-v5-test-10479] Steps 841648 (4862208[5.8]) @ 1134.0 SPS (1096.5). norm_m 251.22 norm_p 0.05 total_loss_m 0.002454 total_loss_p 1.098591 fea_loss 0.000243 done_loss 0.000027
[36m(ActorLearner pid=733242)[0m [1;34m[dynamic-enduro-v5-test-10479] Steps 841904 @ 667.4 SPS (676.2). (T_q: 6.18) Eps 240. [0mRet [1;31m0.000000[0m (0.000000/0.000000). Loss -0.00 pg_loss 0.00 entropy_loss -0.62 reg_loss 0.00 total_norm 0.00 mean_abs_v 0.06 last_lr: 2.9747e-04
[36m(ModelLearner pid=733241)[0m [dynamic-enduro-v5-test-10479] Steps 842672 (4868352[5.8]) @ 1128.1 SPS (1096.3). norm_m 218.65 norm_p 0.04 total_loss_m 0.030230 total_loss_p 1.091470 fea_loss 0.000203 done_loss 0.028200
[36m(ActorLearner pid=733242)[0m [1;34m[dynamic-enduro-v5-test-10479] Steps 843680 @ 668.0 SPS (676.2). (T_q: 6.63) Eps 240. [0mRet [1;31m0.000000[0m (0.000000/0.000000). Loss -0.00 pg_loss 0.00 entropy_loss -0.60 reg_loss 0.00 total_norm 0.00 mean_abs_v 0.07 last_lr: 2.9747e-04
[36m(ModelLearner pid=733241)[0m [dynamic-enduro-v5-test-10479] Steps 843696 (4874496[5.8]) @ 1126.3 SPS (1096.4). norm_m 327.27 norm_p 0.05 total_loss_m 0.032794 total_loss_p 1.098599 fea_loss 0.003124 done_loss 0.001559
[36m(ModelLearner pid=733241)[0m [dynamic-enduro-v5-test-10479] Steps 844720 (4880640[5.8]) @ 1124.1 SPS (1096.4). norm_m 117.94 norm_p 0.09 total_loss_m 0.011456 total_loss_p 1.098630 fea_loss 0.001046 done_loss 0.000991
[36m(ActorLearner pid=733242)[0m [1;34m[dynamic-enduro-v5-test-10479] Steps 845424 @ 667.9 SPS (676.2). (T_q: 6.62) Eps 240. [0mRet [1;31m0.000000[0m (0.000000/0.000000). Loss -0.00 pg_loss 0.00 entropy_loss -0.62 reg_loss 0.00 total_norm 0.00 mean_abs_v 0.07 last_lr: 2.9746e-04
[36m(ModelLearner pid=733241)[0m [dynamic-enduro-v5-test-10479] Steps 845744 (4886784[5.8]) @ 1122.8 SPS (1096.5). norm_m 181.20 norm_p 0.11 total_loss_m 0.003959 total_loss_p 1.098610 fea_loss 0.000298 done_loss 0.000979
[36m(ModelLearner pid=733241)[0m [dynamic-enduro-v5-test-10479] Steps 846768 (4892928[5.8]) @ 1122.4 SPS (1096.5). norm_m 77.42 norm_p 0.07 total_loss_m 0.014124 total_loss_p 1.098612 fea_loss 0.001334 done_loss 0.000780
[36m(ActorLearner pid=733242)[0m [1;34m[dynamic-enduro-v5-test-10479] Steps 847216 @ 667.6 SPS (676.2). (T_q: 6.76) Eps 240. [0mRet [1;31m0.000000[0m (0.000000/0.000000). Loss -0.00 pg_loss 0.00 entropy_loss -0.60 reg_loss 0.00 total_norm 0.00 mean_abs_v 0.07 last_lr: 2.9746e-04
[36m(ModelLearner pid=733241)[0m [dynamic-enduro-v5-test-10479] Steps 847792 (4899072[5.8]) @ 1122.4 SPS (1096.6). norm_m 90.71 norm_p 0.06 total_loss_m 0.003866 total_loss_p 1.098605 fea_loss 0.000304 done_loss 0.000822
[36m(ModelLearner pid=733241)[0m [dynamic-enduro-v5-test-10479] Steps 848816 (4905216[5.8]) @ 1128.6 SPS (1096.6). norm_m 257.16 norm_p 0.06 total_loss_m 0.026792 total_loss_p 1.098633 fea_loss 0.002644 done_loss 0.000348
[36m(ActorLearner pid=733242)[0m [1;34m[dynamic-enduro-v5-test-10479] Steps 848992 @ 668.0 SPS (676.1). (T_q: 6.68) Eps 240. [0mRet [1;31m0.000000[0m (0.000000/0.000000). Loss -0.00 pg_loss 0.00 entropy_loss -0.60 reg_loss 0.00 total_norm 0.00 mean_abs_v 0.08 last_lr: 2.9745e-04
[36m(ModelLearner pid=733241)[0m [dynamic-enduro-v5-test-10479] Steps 849840 (4911360[5.8]) @ 1124.6 SPS (1096.5). norm_m 157.06 norm_p 0.06 total_loss_m 0.015742 total_loss_p 1.098595 fea_loss 0.001555 done_loss 0.000187
[36m(SelfPlayWorker pid=733238)[0m [DEBUG] Episode termination detected:
[36m(SelfPlayWorker pid=733238)[0m   - done: tensor([False, False, False, False, False,  True, False, False, False, False,
[36m(SelfPlayWorker pid=733238)[0m         False, False, False, False, False, False], device='cuda:0')
[36m(SelfPlayWorker pid=733238)[0m   - truncated_done: tensor([False, False, False, False, False, False, False, False, False, False,
[36m(SelfPlayWorker pid=733238)[0m         False, False, False, False, False, False], device='cuda:0')
[36m(SelfPlayWorker pid=733238)[0m   - real_done: tensor([False, False, False, False, False,  True, False, False, False, False,
[36m(SelfPlayWorker pid=733238)[0m         False, False, False, False, False, False], device='cuda:0')
[36m(SelfPlayWorker pid=733238)[0m   - step_status: tensor([0, 0, 0, 0, 0, 0, 0, 0, 0, 0, 0, 0, 0, 0, 0, 0], device='cuda:0')
[36m(SelfPlayWorker pid=733238)[0m   - counter: 189512
[36m(SelfPlayWorker pid=733238)[0m [DEBUG] Episode termination detected:
[36m(SelfPlayWorker pid=733238)[0m   - done: tensor([False, False, False, False, False, False, False, False, False, False,
[36m(SelfPlayWorker pid=733238)[0m         False, False, False, False, False,  True], device='cuda:0')
[36m(SelfPlayWorker pid=733238)[0m   - truncated_done: tensor([False, False, False, False, False, False, False, False, False, False,
[36m(SelfPlayWorker pid=733238)[0m         False, False, False, False, False, False], device='cuda:0')
[36m(SelfPlayWorker pid=733238)[0m   - real_done: tensor([False, False, False, False, False, False, False, False, False, False,
[36m(SelfPlayWorker pid=733238)[0m         False, False, False, False, False,  True], device='cuda:0')
[36m(SelfPlayWorker pid=733238)[0m   - step_status: tensor([0, 0, 0, 0, 0, 0, 0, 0, 0, 0, 0, 0, 0, 0, 0, 0], device='cuda:0')
[36m(SelfPlayWorker pid=733238)[0m   - counter: 189539
[36m(SelfPlayWorker pid=733238)[0m [DEBUG] Episode termination detected:
[36m(SelfPlayWorker pid=733238)[0m   - done: tensor([False, False, False, False, False, False, False, False, False, False,
[36m(SelfPlayWorker pid=733238)[0m         False,  True, False, False, False, False], device='cuda:0')
[36m(SelfPlayWorker pid=733238)[0m   - truncated_done: tensor([False, False, False, False, False, False, False, False, False, False,
[36m(SelfPlayWorker pid=733238)[0m         False, False, False, False, False, False], device='cuda:0')
[36m(SelfPlayWorker pid=733238)[0m   - real_done: tensor([False, False, False, False, False, False, False, False, False, False,
[36m(SelfPlayWorker pid=733238)[0m         False,  True, False, False, False, False], device='cuda:0')
[36m(SelfPlayWorker pid=733238)[0m   - step_status: tensor([0, 0, 0, 0, 0, 0, 0, 0, 0, 0, 0, 0, 0, 0, 0, 0], device='cuda:0')
[36m(SelfPlayWorker pid=733238)[0m   - counter: 189545
[36m(SelfPlayWorker pid=733238)[0m [DEBUG] Episode termination detected:
[36m(SelfPlayWorker pid=733238)[0m   - done: tensor([False, False, False, False, False, False, False, False, False,  True,
[36m(SelfPlayWorker pid=733238)[0m         False, False, False, False, False, False], device='cuda:0')
[36m(SelfPlayWorker pid=733238)[0m   - truncated_done: tensor([False, False, False, False, False, False, False, False, False, False,
[36m(SelfPlayWorker pid=733238)[0m         False, False, False, False, False, False], device='cuda:0')
[36m(SelfPlayWorker pid=733238)[0m   - real_done: tensor([False, False, False, False, False, False, False, False, False,  True,
[36m(SelfPlayWorker pid=733238)[0m         False, False, False, False, False, False], device='cuda:0')
[36m(SelfPlayWorker pid=733238)[0m   - step_status: tensor([0, 0, 0, 0, 0, 0, 0, 0, 0, 0, 0, 0, 0, 0, 0, 0], device='cuda:0')
[36m(SelfPlayWorker pid=733238)[0m   - counter: 189552
[36m(ActorLearner pid=733242)[0m [DEBUG] Episode counter increased:
[36m(ActorLearner pid=733242)[0m   - real_done_count: 2
[36m(ActorLearner pid=733242)[0m   - tot_eps: 242
[36m(ActorLearner pid=733242)[0m   - train_actor_out.real_done: tensor([[False, False, False,  ..., False, False, False],
[36m(ActorLearner pid=733242)[0m         [False, False, False,  ..., False, False, False],
[36m(ActorLearner pid=733242)[0m         [False, False, False,  ..., False, False, False],
[36m(ActorLearner pid=733242)[0m         ...,
[36m(ActorLearner pid=733242)[0m         [False, False, False,  ..., False, False, False],
[36m(ActorLearner pid=733242)[0m         [False, False, False,  ..., False, False, False],
[36m(ActorLearner pid=733242)[0m         [False, False, False,  ..., False, False, False]], device='cuda:0')
[36m(ActorLearner pid=733242)[0m   - train_actor_out.done: tensor([[False, False, False,  ..., False, False, False],
[36m(ActorLearner pid=733242)[0m         [False, False, False,  ..., False, False, False],
[36m(ActorLearner pid=733242)[0m         [False, False, False,  ..., False, False, False],
[36m(ActorLearner pid=733242)[0m         ...,
[36m(ActorLearner pid=733242)[0m         [False, False, False,  ..., False, False, False],
[36m(ActorLearner pid=733242)[0m         [False, False, False,  ..., False, False, False],
[36m(ActorLearner pid=733242)[0m         [False, False, False,  ..., False, False, False]], device='cuda:0')
[36m(ActorLearner pid=733242)[0m   - train_actor_out.truncated_done: tensor([[False, False, False,  ..., False, False, False],
[36m(ActorLearner pid=733242)[0m         [False, False, False,  ..., False, False, False],
[36m(ActorLearner pid=733242)[0m         [False, False, False,  ..., False, False, False],
[36m(ActorLearner pid=733242)[0m         ...,
[36m(ActorLearner pid=733242)[0m         [False, False, False,  ..., False, False, False],
[36m(ActorLearner pid=733242)[0m         [False, False, False,  ..., False, False, False],
[36m(ActorLearner pid=733242)[0m         [False, False, False,  ..., False, False, False]], device='cuda:0')
[36m(SelfPlayWorker pid=733238)[0m [DEBUG] Episode termination detected:
[36m(SelfPlayWorker pid=733238)[0m   - done: tensor([False, False, False, False,  True, False, False, False, False, False,
[36m(SelfPlayWorker pid=733238)[0m         False, False, False, False, False, False], device='cuda:0')
[36m(SelfPlayWorker pid=733238)[0m   - truncated_done: tensor([False, False, False, False, False, False, False, False, False, False,
[36m(SelfPlayWorker pid=733238)[0m         False, False, False, False, False, False], device='cuda:0')
[36m(SelfPlayWorker pid=733238)[0m   - real_done: tensor([False, False, False, False,  True, False, False, False, False, False,
[36m(SelfPlayWorker pid=733238)[0m         False, False, False, False, False, False], device='cuda:0')
[36m(SelfPlayWorker pid=733238)[0m   - step_status: tensor([0, 0, 0, 0, 0, 0, 0, 0, 0, 0, 0, 0, 0, 0, 0, 0], device='cuda:0')
[36m(SelfPlayWorker pid=733238)[0m   - counter: 189562
[36m(ModelLearner pid=733241)[0m [dynamic-enduro-v5-test-10479] Steps 850864 (4917504[5.8]) @ 1125.2 SPS (1096.5). norm_m 123.00 norm_p 0.08 total_loss_m 0.003677 total_loss_p 1.098602 fea_loss 0.000305 done_loss 0.000624
[36m(ActorLearner pid=733242)[0m [1;34m[dynamic-enduro-v5-test-10479] Steps 850912 @ 667.3 SPS (676.1). (T_q: 6.97) Eps 242. [0mRet [1;31m0.000000[0m (0.000000/0.000000). Loss -0.00 pg_loss 0.00 entropy_loss -0.66 reg_loss 0.00 total_norm 0.00 mean_abs_v 0.08 last_lr: 2.9745e-04
[36m(SelfPlayWorker pid=733238)[0m [DEBUG] Episode termination detected:
[36m(SelfPlayWorker pid=733238)[0m   - done: tensor([False, False, False, False, False, False, False, False, False, False,
[36m(SelfPlayWorker pid=733238)[0m         False, False, False,  True, False, False], device='cuda:0')
[36m(SelfPlayWorker pid=733238)[0m   - truncated_done: tensor([False, False, False, False, False, False, False, False, False, False,
[36m(SelfPlayWorker pid=733238)[0m         False, False, False, False, False, False], device='cuda:0')
[36m(SelfPlayWorker pid=733238)[0m   - real_done: tensor([False, False, False, False, False, False, False, False, False, False,
[36m(SelfPlayWorker pid=733238)[0m         False, False, False,  True, False, False], device='cuda:0')
[36m(SelfPlayWorker pid=733238)[0m   - step_status: tensor([0, 0, 0, 0, 0, 0, 0, 0, 0, 0, 0, 0, 0, 0, 0, 0], device='cuda:0')
[36m(SelfPlayWorker pid=733238)[0m   - counter: 189572
[36m(SelfPlayWorker pid=733238)[0m [DEBUG] Episode termination detected:
[36m(SelfPlayWorker pid=733238)[0m   - done: tensor([False, False, False, False, False, False,  True, False, False, False,
[36m(SelfPlayWorker pid=733238)[0m         False, False, False, False, False, False], device='cuda:0')
[36m(SelfPlayWorker pid=733238)[0m   - truncated_done: tensor([False, False, False, False, False, False, False, False, False, False,
[36m(SelfPlayWorker pid=733238)[0m         False, False, False, False, False, False], device='cuda:0')
[36m(SelfPlayWorker pid=733238)[0m   - real_done: tensor([False, False, False, False, False, False,  True, False, False, False,
[36m(SelfPlayWorker pid=733238)[0m         False, False, False, False, False, False], device='cuda:0')
[36m(SelfPlayWorker pid=733238)[0m   - step_status: tensor([0, 0, 0, 0, 0, 0, 0, 0, 0, 0, 0, 0, 0, 0, 0, 0], device='cuda:0')
[36m(SelfPlayWorker pid=733238)[0m   - counter: 189575
[36m(SelfPlayWorker pid=733238)[0m [DEBUG] Episode termination detected:
[36m(SelfPlayWorker pid=733238)[0m   - done: tensor([False, False, False,  True, False, False, False, False, False, False,
[36m(SelfPlayWorker pid=733238)[0m         False, False, False, False, False, False], device='cuda:0')
[36m(SelfPlayWorker pid=733238)[0m   - truncated_done: tensor([False, False, False, False, False, False, False, False, False, False,
[36m(SelfPlayWorker pid=733238)[0m         False, False, False, False, False, False], device='cuda:0')
[36m(SelfPlayWorker pid=733238)[0m   - real_done: tensor([False, False, False,  True, False, False, False, False, False, False,
[36m(SelfPlayWorker pid=733238)[0m         False, False, False, False, False, False], device='cuda:0')
[36m(SelfPlayWorker pid=733238)[0m   - step_status: tensor([0, 0, 0, 0, 0, 0, 0, 0, 0, 0, 0, 0, 0, 0, 0, 0], device='cuda:0')
[36m(SelfPlayWorker pid=733238)[0m   - counter: 189581
[36m(SelfPlayWorker pid=733238)[0m [DEBUG] Episode termination detected:
[36m(SelfPlayWorker pid=733238)[0m   - done: tensor([False, False, False, False, False, False, False,  True, False, False,
[36m(SelfPlayWorker pid=733238)[0m         False, False, False, False, False, False], device='cuda:0')
[36m(SelfPlayWorker pid=733238)[0m   - truncated_done: tensor([False, False, False, False, False, False, False, False, False, False,
[36m(SelfPlayWorker pid=733238)[0m         False, False, False, False, False, False], device='cuda:0')
[36m(SelfPlayWorker pid=733238)[0m   - real_done: tensor([False, False, False, False, False, False, False,  True, False, False,
[36m(SelfPlayWorker pid=733238)[0m         False, False, False, False, False, False], device='cuda:0')
[36m(SelfPlayWorker pid=733238)[0m   - step_status: tensor([0, 0, 0, 0, 0, 0, 0, 0, 0, 0, 0, 0, 0, 0, 0, 0], device='cuda:0')
[36m(SelfPlayWorker pid=733238)[0m   - counter: 189586
[36m(SelfPlayWorker pid=733238)[0m [DEBUG] Episode termination detected:
[36m(SelfPlayWorker pid=733238)[0m   - done: tensor([ True, False, False, False, False, False, False, False, False, False,
[36m(SelfPlayWorker pid=733238)[0m          True, False, False, False, False, False], device='cuda:0')
[36m(SelfPlayWorker pid=733238)[0m   - truncated_done: tensor([False, False, False, False, False, False, False, False, False, False,
[36m(SelfPlayWorker pid=733238)[0m         False, False, False, False, False, False], device='cuda:0')
[36m(SelfPlayWorker pid=733238)[0m   - real_done: tensor([ True, False, False, False, False, False, False, False, False, False,
[36m(SelfPlayWorker pid=733238)[0m          True, False, False, False, False, False], device='cuda:0')
[36m(SelfPlayWorker pid=733238)[0m   - step_status: tensor([0, 0, 0, 0, 0, 0, 0, 0, 0, 0, 0, 0, 0, 0, 0, 0], device='cuda:0')
[36m(SelfPlayWorker pid=733238)[0m   - counter: 189589
[36m(SelfPlayWorker pid=733238)[0m [DEBUG] Episode termination detected:
[36m(SelfPlayWorker pid=733238)[0m   - done: tensor([False, False, False, False, False, False, False, False, False, False,
[36m(SelfPlayWorker pid=733238)[0m         False, False, False, False,  True, False], device='cuda:0')
[36m(SelfPlayWorker pid=733238)[0m   - truncated_done: tensor([False, False, False, False, False, False, False, False, False, False,
[36m(SelfPlayWorker pid=733238)[0m         False, False, False, False, False, False], device='cuda:0')
[36m(SelfPlayWorker pid=733238)[0m   - real_done: tensor([False, False, False, False, False, False, False, False, False, False,
[36m(SelfPlayWorker pid=733238)[0m         False, False, False, False,  True, False], device='cuda:0')
[36m(SelfPlayWorker pid=733238)[0m   - step_status: tensor([0, 0, 0, 0, 0, 0, 0, 0, 0, 0, 0, 0, 0, 0, 0, 0], device='cuda:0')
[36m(SelfPlayWorker pid=733238)[0m   - counter: 189592
[36m(SelfPlayWorker pid=733238)[0m [DEBUG] Episode termination detected:
[36m(SelfPlayWorker pid=733238)[0m   - done: tensor([False, False, False, False, False, False, False, False,  True, False,
[36m(SelfPlayWorker pid=733238)[0m         False, False, False, False, False, False], device='cuda:0')
[36m(SelfPlayWorker pid=733238)[0m   - truncated_done: tensor([False, False, False, False, False, False, False, False, False, False,
[36m(SelfPlayWorker pid=733238)[0m         False, False, False, False, False, False], device='cuda:0')
[36m(SelfPlayWorker pid=733238)[0m   - real_done: tensor([False, False, False, False, False, False, False, False,  True, False,
[36m(SelfPlayWorker pid=733238)[0m         False, False, False, False, False, False], device='cuda:0')
[36m(SelfPlayWorker pid=733238)[0m   - step_status: tensor([0, 0, 0, 0, 0, 0, 0, 0, 0, 0, 0, 0, 0, 0, 0, 0], device='cuda:0')
[36m(SelfPlayWorker pid=733238)[0m   - counter: 189597
[36m(SelfPlayWorker pid=733238)[0m [DEBUG] Episode termination detected:
[36m(SelfPlayWorker pid=733238)[0m   - done: tensor([False, False, False, False, False, False, False, False, False, False,
[36m(SelfPlayWorker pid=733238)[0m         False, False,  True, False, False, False], device='cuda:0')
[36m(SelfPlayWorker pid=733238)[0m   - truncated_done: tensor([False, False, False, False, False, False, False, False, False, False,
[36m(SelfPlayWorker pid=733238)[0m         False, False, False, False, False, False], device='cuda:0')
[36m(SelfPlayWorker pid=733238)[0m   - real_done: tensor([False, False, False, False, False, False, False, False, False, False,
[36m(SelfPlayWorker pid=733238)[0m         False, False,  True, False, False, False], device='cuda:0')
[36m(SelfPlayWorker pid=733238)[0m   - step_status: tensor([0, 0, 0, 0, 0, 0, 0, 0, 0, 0, 0, 0, 0, 0, 0, 0], device='cuda:0')
[36m(SelfPlayWorker pid=733238)[0m   - counter: 189603
[36m(SelfPlayWorker pid=733238)[0m [DEBUG] Episode termination detected:
[36m(SelfPlayWorker pid=733238)[0m   - done: tensor([False, False,  True, False, False, False, False, False, False, False,
[36m(SelfPlayWorker pid=733238)[0m         False, False, False, False, False, False], device='cuda:0')
[36m(SelfPlayWorker pid=733238)[0m   - truncated_done: tensor([False, False, False, False, False, False, False, False, False, False,
[36m(SelfPlayWorker pid=733238)[0m         False, False, False, False, False, False], device='cuda:0')
[36m(SelfPlayWorker pid=733238)[0m   - real_done: tensor([False, False,  True, False, False, False, False, False, False, False,
[36m(SelfPlayWorker pid=733238)[0m         False, False, False, False, False, False], device='cuda:0')
[36m(SelfPlayWorker pid=733238)[0m   - step_status: tensor([0, 0, 0, 0, 0, 0, 0, 0, 0, 0, 0, 0, 0, 0, 0, 0], device='cuda:0')
[36m(SelfPlayWorker pid=733238)[0m   - counter: 189610
[36m(SelfPlayWorker pid=733238)[0m [DEBUG] Episode termination detected:
[36m(SelfPlayWorker pid=733238)[0m   - done: tensor([False,  True, False, False, False, False, False, False, False, False,
[36m(SelfPlayWorker pid=733238)[0m         False, False, False, False, False, False], device='cuda:0')
[36m(SelfPlayWorker pid=733238)[0m   - truncated_done: tensor([False, False, False, False, False, False, False, False, False, False,
[36m(SelfPlayWorker pid=733238)[0m         False, False, False, False, False, False], device='cuda:0')
[36m(SelfPlayWorker pid=733238)[0m   - real_done: tensor([False,  True, False, False, False, False, False, False, False, False,
[36m(SelfPlayWorker pid=733238)[0m         False, False, False, False, False, False], device='cuda:0')
[36m(SelfPlayWorker pid=733238)[0m   - step_status: tensor([0, 0, 0, 0, 0, 0, 0, 0, 0, 0, 0, 0, 0, 0, 0, 0], device='cuda:0')
[36m(SelfPlayWorker pid=733238)[0m   - counter: 189624
[36m(ActorLearner pid=733242)[0m [DEBUG] Episode counter increased:
[36m(ActorLearner pid=733242)[0m   - real_done_count: 14
[36m(ActorLearner pid=733242)[0m   - tot_eps: 256
[36m(ActorLearner pid=733242)[0m   - train_actor_out.real_done: tensor([[False, False, False,  ..., False, False, False],
[36m(ActorLearner pid=733242)[0m         [False, False, False,  ..., False, False, False],
[36m(ActorLearner pid=733242)[0m         [False, False, False,  ..., False, False, False],
[36m(ActorLearner pid=733242)[0m         ...,
[36m(ActorLearner pid=733242)[0m         [False, False, False,  ..., False, False, False],
[36m(ActorLearner pid=733242)[0m         [False, False, False,  ..., False, False, False],
[36m(ActorLearner pid=733242)[0m         [False, False, False,  ..., False, False, False]], device='cuda:0')
[36m(ActorLearner pid=733242)[0m   - train_actor_out.done: tensor([[False, False, False,  ..., False, False, False],
[36m(ActorLearner pid=733242)[0m         [False, False, False,  ..., False, False, False],
[36m(ActorLearner pid=733242)[0m         [False, False, False,  ..., False, False, False],
[36m(ActorLearner pid=733242)[0m         ...,
[36m(ActorLearner pid=733242)[0m         [False, False, False,  ..., False, False, False],
[36m(ActorLearner pid=733242)[0m         [False, False, False,  ..., False, False, False],
[36m(ActorLearner pid=733242)[0m         [False, False, False,  ..., False, False, False]], device='cuda:0')
[36m(ActorLearner pid=733242)[0m   - train_actor_out.truncated_done: tensor([[False, False, False,  ..., False, False, False],
[36m(ActorLearner pid=733242)[0m         [False, False, False,  ..., False, False, False],
[36m(ActorLearner pid=733242)[0m         [False, False, False,  ..., False, False, False],
[36m(ActorLearner pid=733242)[0m         ...,
[36m(ActorLearner pid=733242)[0m         [False, False, False,  ..., False, False, False],
[36m(ActorLearner pid=733242)[0m         [False, False, False,  ..., False, False, False],
[36m(ActorLearner pid=733242)[0m         [False, False, False,  ..., False, False, False]], device='cuda:0')
[36m(ModelLearner pid=733241)[0m [dynamic-enduro-v5-test-10479] Steps 851888 (4923648[5.8]) @ 1126.1 SPS (1096.6). norm_m 244.18 norm_p 0.08 total_loss_m 0.004388 total_loss_p 1.098599 fea_loss 0.000350 done_loss 0.000889
[36m(ActorLearner pid=733242)[0m [1;34m[dynamic-enduro-v5-test-10479] Steps 851888 @ 667.6 SPS (676.0). (T_q: 3.45) Eps 256. [0mRet [1;31m0.000000[0m (0.000000/0.000000). Loss -0.00 pg_loss 0.00 entropy_loss -0.66 reg_loss 0.00 total_norm 0.00 mean_abs_v 0.08 last_lr: 2.9744e-04
[36m(ModelLearner pid=733241)[0m [dynamic-enduro-v5-test-10479] Steps 852912 (4929792[5.8]) @ 1126.6 SPS (1096.7). norm_m 1211.91 norm_p 0.07 total_loss_m 0.039072 total_loss_p 1.098627 fea_loss 0.003538 done_loss 0.003690
[36m(ActorLearner pid=733242)[0m [1;34m[dynamic-enduro-v5-test-10479] Steps 853712 @ 666.5 SPS (676.0). (T_q: 6.50) Eps 256. [0mRet [1;31m0.000000[0m (0.000000/0.000000). Loss -0.00 pg_loss 0.00 entropy_loss -0.62 reg_loss 0.00 total_norm 0.00 mean_abs_v 0.07 last_lr: 2.9744e-04
[36m(ModelLearner pid=733241)[0m [dynamic-enduro-v5-test-10479] Steps 853936 (4935936[5.8]) @ 1126.0 SPS (1096.8). norm_m 140.66 norm_p 0.06 total_loss_m 0.022523 total_loss_p 1.091451 fea_loss 0.000370 done_loss 0.018828
[36m(ActorLearner pid=733242)[0m [1;34m[dynamic-enduro-v5-test-10479] Steps 854672 @ 666.2 SPS (675.9). (T_q: 3.37) Eps 256. [0mRet [1;31m0.000000[0m (0.000000/0.000000). Loss -0.00 pg_loss 0.00 entropy_loss -0.65 reg_loss 0.00 total_norm 0.00 mean_abs_v 0.07 last_lr: 2.9744e-04
[36m(ModelLearner pid=733241)[0m [dynamic-enduro-v5-test-10479] Steps 854944 (4942080[5.8]) @ 1126.3 SPS (1096.9). norm_m 386.66 norm_p 0.11 total_loss_m 0.004864 total_loss_p 1.098592 fea_loss 0.000338 done_loss 0.001487
[36m(ModelLearner pid=733241)[0m [dynamic-enduro-v5-test-10479] Steps 855968 (4948224[5.8]) @ 1133.4 SPS (1097.0). norm_m 143.44 norm_p 0.13 total_loss_m 0.004541 total_loss_p 1.098619 fea_loss 0.000408 done_loss 0.000461
[36m(ActorLearner pid=733242)[0m [1;34m[dynamic-enduro-v5-test-10479] Steps 856512 @ 665.8 SPS (676.0). (T_q: 6.41) Eps 256. [0mRet [1;31m0.000000[0m (0.000000/0.000000). Loss -0.00 pg_loss 0.00 entropy_loss -0.63 reg_loss 0.00 total_norm 0.00 mean_abs_v 0.07 last_lr: 2.9743e-04
[36m(ModelLearner pid=733241)[0m [dynamic-enduro-v5-test-10479] Steps 856992 (4954368[5.8]) @ 1134.5 SPS (1097.1). norm_m 674.77 norm_p 0.10 total_loss_m 0.006004 total_loss_p 1.098610 fea_loss 0.000573 done_loss 0.000271
[36m(ModelLearner pid=733241)[0m [dynamic-enduro-v5-test-10479] Steps 858016 (4960512[5.8]) @ 1134.0 SPS (1097.1). norm_m 238.22 norm_p 0.06 total_loss_m 0.004580 total_loss_p 1.098600 fea_loss 0.000395 done_loss 0.000628
[36m(ActorLearner pid=733242)[0m [1;34m[dynamic-enduro-v5-test-10479] Steps 858304 @ 665.8 SPS (675.9). (T_q: 6.57) Eps 256. [0mRet [1;31m0.000000[0m (0.000000/0.000000). Loss -0.00 pg_loss 0.00 entropy_loss -0.61 reg_loss 0.00 total_norm 0.00 mean_abs_v 0.07 last_lr: 2.9743e-04
[36m(ModelLearner pid=733241)[0m [dynamic-enduro-v5-test-10479] Steps 859040 (4966656[5.8]) @ 1133.2 SPS (1097.2). norm_m 340.23 norm_p 0.05 total_loss_m 0.005102 total_loss_p 1.098595 fea_loss 0.000432 done_loss 0.000781
[36m(ActorLearner pid=733242)[0m [1;34m[dynamic-enduro-v5-test-10479] Steps 860080 @ 665.0 SPS (675.9). (T_q: 6.35) Eps 256. [0mRet [1;31m0.000000[0m (0.000000/0.000000). Loss -0.00 pg_loss 0.00 entropy_loss -0.61 reg_loss 0.00 total_norm 0.00 mean_abs_v 0.06 last_lr: 2.9742e-04
[36m(ModelLearner pid=733241)[0m [dynamic-enduro-v5-test-10479] Steps 860064 (4972800[5.8]) @ 1126.4 SPS (1097.0). norm_m 386.86 norm_p 0.06 total_loss_m 0.013900 total_loss_p 1.094316 fea_loss 0.000375 done_loss 0.010148
[36m(ModelLearner pid=733241)[0m [dynamic-enduro-v5-test-10479] Steps 861088 (4978944[5.9]) @ 1126.4 SPS (1097.1). norm_m 786.76 norm_p 0.07 total_loss_m 0.005354 total_loss_p 1.098596 fea_loss 0.000416 done_loss 0.001197
[36m(ActorLearner pid=733242)[0m [1;34m[dynamic-enduro-v5-test-10479] Steps 861808 @ 665.6 SPS (676.0). (T_q: 6.14) Eps 256. [0mRet [1;31m0.000000[0m (0.000000/0.000000). Loss -0.00 pg_loss 0.00 entropy_loss -0.57 reg_loss 0.00 total_norm 0.00 mean_abs_v 0.06 last_lr: 2.9741e-04
[36m(ModelLearner pid=733241)[0m [dynamic-enduro-v5-test-10479] Steps 862112 (4985088[5.9]) @ 1125.8 SPS (1097.1). norm_m 188.40 norm_p 0.10 total_loss_m 0.012686 total_loss_p 1.098602 fea_loss 0.001203 done_loss 0.000657
[36m(ModelLearner pid=733241)[0m [dynamic-enduro-v5-test-10479] Steps 863136 (4991232[5.9]) @ 1124.7 SPS (1097.1). norm_m 716.30 norm_p 0.14 total_loss_m 0.020883 total_loss_p 1.092884 fea_loss 0.000912 done_loss 0.011761
[36m(ActorLearner pid=733242)[0m [1;34m[dynamic-enduro-v5-test-10479] Steps 863520 @ 666.5 SPS (676.0). (T_q: 6.19) Eps 256. [0mRet [1;31m0.000000[0m (0.000000/0.000000). Loss -0.00 pg_loss 0.00 entropy_loss -0.59 reg_loss 0.00 total_norm 0.00 mean_abs_v 0.06 last_lr: 2.9741e-04
[36m(ModelLearner pid=733241)[0m [dynamic-enduro-v5-test-10479] Steps 864160 (4997376[5.9]) @ 1126.3 SPS (1097.3). norm_m 436.86 norm_p 0.06 total_loss_m 0.004131 total_loss_p 1.098625 fea_loss 0.000383 done_loss 0.000301
[36m(ModelLearner pid=733241)[0m [dynamic-enduro-v5-test-10479] Steps 865168 (5003520[5.9]) @ 1132.2 SPS (1097.3). norm_m 235.60 norm_p 0.07 total_loss_m 0.028719 total_loss_p 1.097191 fea_loss 0.001984 done_loss 0.008880
[36m(ActorLearner pid=733242)[0m [1;34m[dynamic-enduro-v5-test-10479] Steps 865376 @ 667.2 SPS (676.0). (T_q: 6.56) Eps 256. [0mRet [1;31m0.000000[0m (0.000000/0.000000). Loss -0.00 pg_loss 0.00 entropy_loss -0.64 reg_loss 0.00 total_norm 0.00 mean_abs_v 0.07 last_lr: 2.9740e-04
[36m(ModelLearner pid=733241)[0m [dynamic-enduro-v5-test-10479] Steps 866192 (5009664[5.9]) @ 1127.3 SPS (1097.1). norm_m 571.59 norm_p 0.08 total_loss_m 0.013083 total_loss_p 1.097161 fea_loss 0.000408 done_loss 0.009007
[36m(ActorLearner pid=733242)[0m [1;34m[dynamic-enduro-v5-test-10479] Steps 867152 @ 667.8 SPS (675.9). (T_q: 6.71) Eps 256. [0mRet [1;31m0.000000[0m (0.000000/0.000000). Loss -0.00 pg_loss 0.00 entropy_loss -0.59 reg_loss 0.00 total_norm 0.00 mean_abs_v 0.07 last_lr: 2.9740e-04
[36m(ModelLearner pid=733241)[0m [dynamic-enduro-v5-test-10479] Steps 867216 (5015808[5.9]) @ 1122.8 SPS (1097.2). norm_m 5.43 norm_p 0.01 total_loss_m 0.000056 total_loss_p 0.020956 fea_loss 0.000005 done_loss 0.000011
[36m(ActorLearner pid=733242)[0m Sent real_step update to ActorBuffer: 868000
[36m(ModelLearner pid=733241)[0m [dynamic-enduro-v5-test-10479] Steps 868240 (5021952[5.9]) @ 1122.1 SPS (1097.2). norm_m 285.64 norm_p 0.07 total_loss_m 0.005559 total_loss_p 1.098589 fea_loss 0.000369 done_loss 0.001872
[36m(ActorLearner pid=733242)[0m [1;34m[dynamic-enduro-v5-test-10479] Steps 868912 @ 667.3 SPS (675.9). (T_q: 6.65) Eps 256. [0mRet [1;31m0.000000[0m (0.000000/0.000000). Loss -0.00 pg_loss 0.00 entropy_loss -0.61 reg_loss 0.00 total_norm 0.00 mean_abs_v 0.07 last_lr: 2.9739e-04
[36m(ModelLearner pid=733241)[0m [dynamic-enduro-v5-test-10479] Steps 869264 (5028096[5.9]) @ 1122.3 SPS (1097.3). norm_m 265.94 norm_p 0.07 total_loss_m 0.016958 total_loss_p 1.098623 fea_loss 0.001525 done_loss 0.001712
[36m(ModelLearner pid=733241)[0m [dynamic-enduro-v5-test-10479] Steps 870288 (5034240[5.9]) @ 1121.2 SPS (1097.4). norm_m 159.17 norm_p 0.09 total_loss_m 0.032794 total_loss_p 1.092895 fea_loss 0.001739 done_loss 0.015401
[36m(ActorLearner pid=733242)[0m [1;34m[dynamic-enduro-v5-test-10479] Steps 870816 @ 667.1 SPS (675.9). (T_q: 6.59) Eps 256. [0mRet [1;31m0.000000[0m (0.000000/0.000000). Loss -0.00 pg_loss 0.00 entropy_loss -0.65 reg_loss 0.00 total_norm 0.00 mean_abs_v 0.08 last_lr: 2.9739e-04
[36m(ModelLearner pid=733241)[0m [dynamic-enduro-v5-test-10479] Steps 871312 (5040384[5.9]) @ 1122.3 SPS (1097.5). norm_m 276.25 norm_p 0.06 total_loss_m 0.018763 total_loss_p 1.098626 fea_loss 0.001848 done_loss 0.000283
[36m(ModelLearner pid=733241)[0m [dynamic-enduro-v5-test-10479] Steps 872336 (5046528[5.9]) @ 1123.6 SPS (1097.6). norm_m 554.43 norm_p 0.08 total_loss_m 0.033157 total_loss_p 1.098595 fea_loss 0.003216 done_loss 0.000996
[36m(ActorLearner pid=733242)[0m [1;34m[dynamic-enduro-v5-test-10479] Steps 872752 @ 667.3 SPS (675.8). (T_q: 6.82) Eps 256. [0mRet [1;31m0.000000[0m (0.000000/0.000000). Loss -0.00 pg_loss 0.00 entropy_loss -0.66 reg_loss 0.00 total_norm 0.00 mean_abs_v 0.07 last_lr: 2.9738e-04
[36m(ModelLearner pid=733241)[0m [dynamic-enduro-v5-test-10479] Steps 873360 (5052672[5.9]) @ 1129.2 SPS (1097.7). norm_m 363.99 norm_p 0.07 total_loss_m 0.022062 total_loss_p 1.092880 fea_loss 0.000665 done_loss 0.015410
[36m(ModelLearner pid=733241)[0m [dynamic-enduro-v5-test-10479] Steps 874384 (5058816[5.9]) @ 1131.2 SPS (1097.8). norm_m 128.61 norm_p 0.14 total_loss_m 0.003472 total_loss_p 1.098608 fea_loss 0.000296 done_loss 0.000516
[36m(ActorLearner pid=733242)[0m [1;34m[dynamic-enduro-v5-test-10479] Steps 874608 @ 666.8 SPS (675.8). (T_q: 6.51) Eps 256. [0mRet [1;31m0.000000[0m (0.000000/0.000000). Loss -0.00 pg_loss 0.00 entropy_loss -0.65 reg_loss 0.00 total_norm 0.00 mean_abs_v 0.07 last_lr: 2.9738e-04
[36m(ModelLearner pid=733241)[0m [dynamic-enduro-v5-test-10479] Steps 875408 (5064960[5.9]) @ 1132.3 SPS (1097.8). norm_m 240.17 norm_p 0.07 total_loss_m 0.006143 total_loss_p 1.098610 fea_loss 0.000454 done_loss 0.001600
[36m(ModelLearner pid=733241)[0m [dynamic-enduro-v5-test-10479] Steps 876432 (5071104[5.9]) @ 1127.6 SPS (1097.7). norm_m 561.18 norm_p 0.06 total_loss_m 0.007579 total_loss_p 1.098596 fea_loss 0.000667 done_loss 0.000911
[36m(ActorLearner pid=733242)[0m [1;34m[dynamic-enduro-v5-test-10479] Steps 876464 @ 667.3 SPS (675.8). (T_q: 6.63) Eps 256. [0mRet [1;31m0.000000[0m (0.000000/0.000000). Loss -0.00 pg_loss 0.00 entropy_loss -0.62 reg_loss 0.00 total_norm 0.00 mean_abs_v 0.07 last_lr: 2.9737e-04
[36m(ModelLearner pid=733241)[0m [dynamic-enduro-v5-test-10479] Steps 877440 (5077248[5.9]) @ 1126.5 SPS (1097.8). norm_m 249.94 norm_p 0.05 total_loss_m 0.011405 total_loss_p 1.098594 fea_loss 0.001132 done_loss 0.000089
[36m(ActorLearner pid=733242)[0m [1;34m[dynamic-enduro-v5-test-10479] Steps 878288 @ 666.3 SPS (675.8). (T_q: 6.59) Eps 256. [0mRet [1;31m0.000000[0m (0.000000/0.000000). Loss -0.00 pg_loss 0.00 entropy_loss -0.62 reg_loss 0.00 total_norm 0.00 mean_abs_v 0.06 last_lr: 2.9737e-04
[36m(ModelLearner pid=733241)[0m [dynamic-enduro-v5-test-10479] Steps 878480 (5083392[5.9]) @ 1132.0 SPS (1097.8). norm_m 286.61 norm_p 0.04 total_loss_m 0.004883 total_loss_p 1.098618 fea_loss 0.000414 done_loss 0.000745
[36m(ModelLearner pid=733241)[0m [dynamic-enduro-v5-test-10479] Steps 879488 (5089536[5.9]) @ 1132.6 SPS (1097.9). norm_m 165.91 norm_p 0.11 total_loss_m 0.004409 total_loss_p 1.098608 fea_loss 0.000333 done_loss 0.001080
[36m(ActorLearner pid=733242)[0m [1;34m[dynamic-enduro-v5-test-10479] Steps 880048 @ 666.9 SPS (675.7). (T_q: 6.38) Eps 256. [0mRet [1;31m0.000000[0m (0.000000/0.000000). Loss -0.00 pg_loss 0.00 entropy_loss -0.59 reg_loss 0.00 total_norm 0.00 mean_abs_v 0.06 last_lr: 2.9736e-04
[36m(ModelLearner pid=733241)[0m [dynamic-enduro-v5-test-10479] Steps 880512 (5095680[5.9]) @ 1132.7 SPS (1097.9). norm_m 318.45 norm_p 0.05 total_loss_m 0.011591 total_loss_p 1.097175 fea_loss 0.000370 done_loss 0.007889
[36m(ModelLearner pid=733241)[0m [dynamic-enduro-v5-test-10479] Steps 881536 (5101824[5.9]) @ 1134.2 SPS (1098.0). norm_m 328.97 norm_p 0.06 total_loss_m 0.003602 total_loss_p 1.098577 fea_loss 0.000350 done_loss 0.000100
[36m(ActorLearner pid=733242)[0m [1;34m[dynamic-enduro-v5-test-10479] Steps 881776 @ 667.3 SPS (675.8). (T_q: 6.02) Eps 256. [0mRet [1;31m0.000000[0m (0.000000/0.000000). Loss -0.00 pg_loss 0.00 entropy_loss -0.60 reg_loss 0.00 total_norm 0.00 mean_abs_v 0.06 last_lr: 2.9735e-04
[36m(ModelLearner pid=733241)[0m [dynamic-enduro-v5-test-10479] Steps 882560 (5107968[5.9]) @ 1127.9 SPS (1097.8). norm_m 320.06 norm_p 0.06 total_loss_m 0.003794 total_loss_p 1.098595 fea_loss 0.000337 done_loss 0.000424
[36m(ActorLearner pid=733242)[0m [1;34m[dynamic-enduro-v5-test-10479] Steps 883536 @ 668.0 SPS (675.8). (T_q: 6.70) Eps 256. [0mRet [1;31m0.000000[0m (0.000000/0.000000). Loss -0.00 pg_loss 0.00 entropy_loss -0.62 reg_loss 0.00 total_norm 0.00 mean_abs_v 0.06 last_lr: 2.9735e-04
[36m(ModelLearner pid=733241)[0m [dynamic-enduro-v5-test-10479] Steps 883584 (5114112[5.9]) @ 1126.8 SPS (1097.8). norm_m 477.34 norm_p 0.08 total_loss_m 0.005266 total_loss_p 1.098604 fea_loss 0.000483 done_loss 0.000431
[36m(ModelLearner pid=733241)[0m [dynamic-enduro-v5-test-10479] Steps 884608 (5120256[5.9]) @ 1126.2 SPS (1097.8). norm_m 166.66 norm_p 0.05 total_loss_m 0.010065 total_loss_p 1.098591 fea_loss 0.000945 done_loss 0.000619
[36m(ActorLearner pid=733242)[0m [1;34m[dynamic-enduro-v5-test-10479] Steps 885216 @ 668.1 SPS (675.8). (T_q: 6.58) Eps 256. [0mRet [1;31m0.000000[0m (0.000000/0.000000). Loss -0.00 pg_loss 0.00 entropy_loss -0.59 reg_loss 0.00 total_norm 0.00 mean_abs_v 0.06 last_lr: 2.9734e-04
[36m(ModelLearner pid=733241)[0m [dynamic-enduro-v5-test-10479] Steps 885632 (5126400[5.9]) @ 1131.0 SPS (1097.9). norm_m 239.43 norm_p 0.03 total_loss_m 0.021530 total_loss_p 1.098604 fea_loss 0.002083 done_loss 0.000702
[36m(ModelLearner pid=733241)[0m [dynamic-enduro-v5-test-10479] Steps 886656 (5132544[5.9]) @ 1129.9 SPS (1097.9). norm_m 240.29 norm_p 0.06 total_loss_m 0.003424 total_loss_p 1.098606 fea_loss 0.000311 done_loss 0.000312
[36m(ActorLearner pid=733242)[0m [1;34m[dynamic-enduro-v5-test-10479] Steps 886912 @ 669.9 SPS (675.8). (T_q: 6.34) Eps 256. [0mRet [1;31m0.000000[0m (0.000000/0.000000). Loss -0.00 pg_loss 0.00 entropy_loss -0.57 reg_loss 0.00 total_norm 0.00 mean_abs_v 0.07 last_lr: 2.9734e-04
[36m(ModelLearner pid=733241)[0m [dynamic-enduro-v5-test-10479] Steps 887680 (5138688[5.9]) @ 1123.3 SPS (1097.7). norm_m 344.08 norm_p 0.05 total_loss_m 0.020779 total_loss_p 1.098597 fea_loss 0.002052 done_loss 0.000260
[36m(ActorLearner pid=733242)[0m [1;34m[dynamic-enduro-v5-test-10479] Steps 888688 @ 669.5 SPS (675.8). (T_q: 6.62) Eps 256. [0mRet [1;31m0.000000[0m (0.000000/0.000000). Loss -0.00 pg_loss 0.00 entropy_loss -0.62 reg_loss 0.00 total_norm 0.00 mean_abs_v 0.07 last_lr: 2.9733e-04
[36m(ModelLearner pid=733241)[0m [dynamic-enduro-v5-test-10479] Steps 888688 (5144832[5.9]) @ 1122.9 SPS (1097.8). norm_m 7.54 norm_p 0.01 total_loss_m 0.000247 total_loss_p 0.020889 fea_loss 0.000010 done_loss 0.000148
[36m(ModelLearner pid=733241)[0m [dynamic-enduro-v5-test-10479] Steps 889712 (5150976[5.9]) @ 1123.4 SPS (1097.9). norm_m 169.39 norm_p 0.09 total_loss_m 0.004141 total_loss_p 1.098596 fea_loss 0.000370 done_loss 0.000436
[36m(ActorLearner pid=733242)[0m [1;34m[dynamic-enduro-v5-test-10479] Steps 890624 @ 669.5 SPS (675.7). (T_q: 6.91) Eps 256. [0mRet [1;31m0.000000[0m (0.000000/0.000000). Loss -0.00 pg_loss 0.00 entropy_loss -0.65 reg_loss 0.00 total_norm 0.00 mean_abs_v 0.08 last_lr: 2.9733e-04
[36m(ModelLearner pid=733241)[0m [dynamic-enduro-v5-test-10479] Steps 890736 (5157120[5.9]) @ 1124.1 SPS (1098.0). norm_m 210.92 norm_p 0.06 total_loss_m 0.049801 total_loss_p 1.095733 fea_loss 0.003425 done_loss 0.015552
[36m(ModelLearner pid=733241)[0m [dynamic-enduro-v5-test-10479] Steps 891760 (5163264[5.9]) @ 1122.6 SPS (1098.0). norm_m 11.55 norm_p 0.00 total_loss_m 0.000068 total_loss_p 0.020936 fea_loss 0.000007 done_loss 0.000001
[36m(ActorLearner pid=733242)[0m [1;34m[dynamic-enduro-v5-test-10479] Steps 892480 @ 669.0 SPS (675.7). (T_q: 6.57) Eps 256. [0mRet [1;31m0.000000[0m (0.000000/0.000000). Loss -0.00 pg_loss 0.00 entropy_loss -0.63 reg_loss 0.00 total_norm 0.00 mean_abs_v 0.08 last_lr: 2.9732e-04
[36m(ModelLearner pid=733241)[0m [dynamic-enduro-v5-test-10479] Steps 892784 (5169408[5.9]) @ 1122.9 SPS (1098.1). norm_m 121.43 norm_p 0.08 total_loss_m 0.002597 total_loss_p 1.098600 fea_loss 0.000255 done_loss 0.000047
[36m(ActorLearner pid=733242)[0m [1;34m[dynamic-enduro-v5-test-10479] Steps 893456 @ 668.2 SPS (675.6). (T_q: 3.62) Eps 256. [0mRet [1;31m0.000000[0m (0.000000/0.000000). Loss -0.00 pg_loss 0.00 entropy_loss -0.66 reg_loss 0.00 total_norm 0.00 mean_abs_v 0.08 last_lr: 2.9732e-04
[36m(ModelLearner pid=733241)[0m [dynamic-enduro-v5-test-10479] Steps 893808 (5175552[5.9]) @ 1123.9 SPS (1098.2). norm_m 175.65 norm_p 0.08 total_loss_m 0.009738 total_loss_p 1.098613 fea_loss 0.000961 done_loss 0.000131
[36m(ModelLearner pid=733241)[0m [dynamic-enduro-v5-test-10479] Steps 894832 (5181696[5.9]) @ 1124.7 SPS (1098.3). norm_m 326.82 norm_p 0.07 total_loss_m 0.010220 total_loss_p 1.098597 fea_loss 0.000999 done_loss 0.000229
[36m(ActorLearner pid=733242)[0m [1;34m[dynamic-enduro-v5-test-10479] Steps 895328 @ 668.7 SPS (675.6). (T_q: 6.77) Eps 256. [0mRet [1;31m0.000000[0m (0.000000/0.000000). Loss -0.00 pg_loss 0.00 entropy_loss -0.63 reg_loss 0.00 total_norm 0.00 mean_abs_v 0.07 last_lr: 2.9731e-04
[36m(ModelLearner pid=733241)[0m [dynamic-enduro-v5-test-10479] Steps 895856 (5187840[5.9]) @ 1131.1 SPS (1098.4). norm_m 190.74 norm_p 0.07 total_loss_m 0.004157 total_loss_p 1.098613 fea_loss 0.000316 done_loss 0.000993
[36m(ModelLearner pid=733241)[0m [dynamic-enduro-v5-test-10479] Steps 896880 (5193984[5.9]) @ 1130.4 SPS (1098.4). norm_m 124.41 norm_p 0.11 total_loss_m 0.019697 total_loss_p 1.098614 fea_loss 0.001877 done_loss 0.000922
[36m(ActorLearner pid=733242)[0m [1;34m[dynamic-enduro-v5-test-10479] Steps 897136 @ 668.0 SPS (675.6). (T_q: 7.08) Eps 256. [0mRet [1;31m0.000000[0m (0.000000/0.000000). Loss -0.00 pg_loss 0.00 entropy_loss -0.63 reg_loss 0.00 total_norm 0.00 mean_abs_v 0.07 last_lr: 2.9731e-04
[36m(ModelLearner pid=733241)[0m [dynamic-enduro-v5-test-10479] Steps 897904 (5200128[5.9]) @ 1132.4 SPS (1098.5). norm_m 80.72 norm_p 0.08 total_loss_m 0.005232 total_loss_p 1.098602 fea_loss 0.000410 done_loss 0.001132
[36m(ModelLearner pid=733241)[0m [dynamic-enduro-v5-test-10479] Steps 898928 (5206272[5.9]) @ 1128.2 SPS (1098.4). norm_m 261.98 norm_p 0.06 total_loss_m 0.026346 total_loss_p 1.097178 fea_loss 0.002015 done_loss 0.006201
[36m(ActorLearner pid=733242)[0m [1;34m[dynamic-enduro-v5-test-10479] Steps 899024 @ 667.0 SPS (675.6). (T_q: 6.74) Eps 256. [0mRet [1;31m0.000000[0m (0.000000/0.000000). Loss -0.00 pg_loss 0.00 entropy_loss -0.65 reg_loss 0.00 total_norm 0.00 mean_abs_v 0.07 last_lr: 2.9730e-04
[36m(ModelLearner pid=733241)[0m [dynamic-enduro-v5-test-10479] Steps 899936 (5212416[5.9]) @ 1125.0 SPS (1098.4). norm_m 88.42 norm_p 0.10 total_loss_m 0.005351 total_loss_p 1.098607 fea_loss 0.000259 done_loss 0.002766
[36m(ActorLearner pid=733242)[0m [1;34m[dynamic-enduro-v5-test-10479] Steps 900768 @ 666.9 SPS (675.5). (T_q: 6.88) Eps 256. [0mRet [1;31m0.000000[0m (0.000000/0.000000). Loss -0.00 pg_loss 0.00 entropy_loss -0.59 reg_loss 0.00 total_norm 0.00 mean_abs_v 0.06 last_lr: 2.9730e-04
[36m(ModelLearner pid=733241)[0m [dynamic-enduro-v5-test-10479] Steps 900976 (5218560[5.9]) @ 1124.2 SPS (1098.4). norm_m 223.85 norm_p 0.05 total_loss_m 0.003810 total_loss_p 1.098580 fea_loss 0.000322 done_loss 0.000588
[36m(ModelLearner pid=733241)[0m [dynamic-enduro-v5-test-10479] Steps 901984 (5224704[5.9]) @ 1129.2 SPS (1098.4). norm_m 148.23 norm_p 0.07 total_loss_m 0.009166 total_loss_p 1.098604 fea_loss 0.000867 done_loss 0.000491
[36m(ActorLearner pid=733242)[0m [1;34m[dynamic-enduro-v5-test-10479] Steps 902496 @ 666.2 SPS (675.5). (T_q: 6.63) Eps 256. [0mRet [1;31m0.000000[0m (0.000000/0.000000). Loss -0.00 pg_loss 0.00 entropy_loss -0.57 reg_loss 0.00 total_norm 0.00 mean_abs_v 0.06 last_lr: 2.9729e-04
[36m(ModelLearner pid=733241)[0m [dynamic-enduro-v5-test-10479] Steps 903008 (5230848[5.9]) @ 1130.1 SPS (1098.5). norm_m 201.07 norm_p 0.05 total_loss_m 0.004192 total_loss_p 1.098599 fea_loss 0.000338 done_loss 0.000813
[36m(SelfPlayWorker pid=733238)[0m [DEBUG] Episode termination detected:
[36m(SelfPlayWorker pid=733238)[0m   - done: tensor([False, False, False, False, False,  True, False, False, False, False,
[36m(SelfPlayWorker pid=733238)[0m         False, False, False, False, False, False], device='cuda:0')
[36m(SelfPlayWorker pid=733238)[0m   - truncated_done: tensor([False, False, False, False, False, False, False, False, False, False,
[36m(SelfPlayWorker pid=733238)[0m         False, False, False, False, False, False], device='cuda:0')
[36m(SelfPlayWorker pid=733238)[0m   - real_done: tensor([False, False, False, False, False,  True, False, False, False, False,
[36m(SelfPlayWorker pid=733238)[0m         False, False, False, False, False, False], device='cuda:0')
[36m(SelfPlayWorker pid=733238)[0m   - step_status: tensor([0, 0, 0, 0, 0, 0, 0, 0, 0, 0, 0, 0, 0, 0, 0, 0], device='cuda:0')
[36m(SelfPlayWorker pid=733238)[0m   - counter: 201340
[36m(SelfPlayWorker pid=733238)[0m [DEBUG] Episode termination detected:
[36m(SelfPlayWorker pid=733238)[0m   - done: tensor([False, False, False, False, False, False, False, False, False, False,
[36m(SelfPlayWorker pid=733238)[0m         False, False, False, False, False,  True], device='cuda:0')
[36m(SelfPlayWorker pid=733238)[0m   - truncated_done: tensor([False, False, False, False, False, False, False, False, False, False,
[36m(SelfPlayWorker pid=733238)[0m         False, False, False, False, False, False], device='cuda:0')
[36m(SelfPlayWorker pid=733238)[0m   - real_done: tensor([False, False, False, False, False, False, False, False, False, False,
[36m(SelfPlayWorker pid=733238)[0m         False, False, False, False, False,  True], device='cuda:0')
[36m(SelfPlayWorker pid=733238)[0m   - step_status: tensor([0, 0, 0, 0, 0, 0, 0, 0, 0, 0, 0, 0, 0, 0, 0, 0], device='cuda:0')
[36m(SelfPlayWorker pid=733238)[0m   - counter: 201371
[36m(SelfPlayWorker pid=733238)[0m [DEBUG] Episode termination detected:
[36m(SelfPlayWorker pid=733238)[0m   - done: tensor([False, False, False, False, False, False, False, False, False, False,
[36m(SelfPlayWorker pid=733238)[0m         False,  True, False, False, False, False], device='cuda:0')
[36m(SelfPlayWorker pid=733238)[0m   - truncated_done: tensor([False, False, False, False, False, False, False, False, False, False,
[36m(SelfPlayWorker pid=733238)[0m         False, False, False, False, False, False], device='cuda:0')
[36m(SelfPlayWorker pid=733238)[0m   - real_done: tensor([False, False, False, False, False, False, False, False, False, False,
[36m(SelfPlayWorker pid=733238)[0m         False,  True, False, False, False, False], device='cuda:0')
[36m(SelfPlayWorker pid=733238)[0m   - step_status: tensor([0, 0, 0, 0, 0, 0, 0, 0, 0, 0, 0, 0, 0, 0, 0, 0], device='cuda:0')
[36m(SelfPlayWorker pid=733238)[0m   - counter: 201384
[36m(SelfPlayWorker pid=733238)[0m [DEBUG] Episode termination detected:
[36m(SelfPlayWorker pid=733238)[0m   - done: tensor([False, False, False, False,  True, False, False, False, False,  True,
[36m(SelfPlayWorker pid=733238)[0m         False, False, False, False, False, False], device='cuda:0')
[36m(SelfPlayWorker pid=733238)[0m   - truncated_done: tensor([False, False, False, False, False, False, False, False, False, False,
[36m(SelfPlayWorker pid=733238)[0m         False, False, False, False, False, False], device='cuda:0')
[36m(SelfPlayWorker pid=733238)[0m   - real_done: tensor([False, False, False, False,  True, False, False, False, False,  True,
[36m(SelfPlayWorker pid=733238)[0m         False, False, False, False, False, False], device='cuda:0')
[36m(SelfPlayWorker pid=733238)[0m   - step_status: tensor([0, 0, 0, 0, 0, 0, 0, 0, 0, 0, 0, 0, 0, 0, 0, 0], device='cuda:0')
[36m(SelfPlayWorker pid=733238)[0m   - counter: 201388
[36m(ModelLearner pid=733241)[0m [dynamic-enduro-v5-test-10479] Steps 904032 (5236992[5.9]) @ 1129.1 SPS (1098.5). norm_m 160.09 norm_p 0.05 total_loss_m 0.005842 total_loss_p 1.098579 fea_loss 0.000582 done_loss 0.000022
[36m(SelfPlayWorker pid=733238)[0m [DEBUG] Episode termination detected:
[36m(SelfPlayWorker pid=733238)[0m   - done: tensor([False, False, False, False, False, False,  True, False, False, False,
[36m(SelfPlayWorker pid=733238)[0m         False, False, False, False, False, False], device='cuda:0')
[36m(SelfPlayWorker pid=733238)[0m   - truncated_done: tensor([False, False, False, False, False, False, False, False, False, False,
[36m(SelfPlayWorker pid=733238)[0m         False, False, False, False, False, False], device='cuda:0')
[36m(SelfPlayWorker pid=733238)[0m   - real_done: tensor([False, False, False, False, False, False,  True, False, False, False,
[36m(SelfPlayWorker pid=733238)[0m         False, False, False, False, False, False], device='cuda:0')
[36m(SelfPlayWorker pid=733238)[0m   - step_status: tensor([0, 0, 0, 0, 0, 0, 0, 0, 0, 0, 0, 0, 0, 0, 0, 0], device='cuda:0')
[36m(SelfPlayWorker pid=733238)[0m   - counter: 201412
[36m(SelfPlayWorker pid=733238)[0m [DEBUG] Episode termination detected:
[36m(SelfPlayWorker pid=733238)[0m   - done: tensor([False, False, False, False, False, False, False,  True, False, False,
[36m(SelfPlayWorker pid=733238)[0m          True, False, False, False, False, False], device='cuda:0')
[36m(SelfPlayWorker pid=733238)[0m   - truncated_done: tensor([False, False, False, False, False, False, False, False, False, False,
[36m(SelfPlayWorker pid=733238)[0m         False, False, False, False, False, False], device='cuda:0')
[36m(SelfPlayWorker pid=733238)[0m   - real_done: tensor([False, False, False, False, False, False, False,  True, False, False,
[36m(SelfPlayWorker pid=733238)[0m          True, False, False, False, False, False], device='cuda:0')
[36m(SelfPlayWorker pid=733238)[0m   - step_status: tensor([0, 0, 0, 0, 0, 0, 0, 0, 0, 0, 0, 0, 0, 0, 0, 0], device='cuda:0')
[36m(SelfPlayWorker pid=733238)[0m   - counter: 201416
[36m(SelfPlayWorker pid=733238)[0m [DEBUG] Episode termination detected:
[36m(SelfPlayWorker pid=733238)[0m   - done: tensor([False, False, False, False, False, False, False, False, False, False,
[36m(SelfPlayWorker pid=733238)[0m         False, False, False,  True, False, False], device='cuda:0')
[36m(SelfPlayWorker pid=733238)[0m   - truncated_done: tensor([False, False, False, False, False, False, False, False, False, False,
[36m(SelfPlayWorker pid=733238)[0m         False, False, False, False, False, False], device='cuda:0')
[36m(SelfPlayWorker pid=733238)[0m   - real_done: tensor([False, False, False, False, False, False, False, False, False, False,
[36m(SelfPlayWorker pid=733238)[0m         False, False, False,  True, False, False], device='cuda:0')
[36m(SelfPlayWorker pid=733238)[0m   - step_status: tensor([0, 0, 0, 0, 0, 0, 0, 0, 0, 0, 0, 0, 0, 0, 0, 0], device='cuda:0')
[36m(SelfPlayWorker pid=733238)[0m   - counter: 201419
[36m(ActorLearner pid=733242)[0m [DEBUG] Episode counter increased:
[36m(ActorLearner pid=733242)[0m   - real_done_count: 5
[36m(ActorLearner pid=733242)[0m   - tot_eps: 261
[36m(ActorLearner pid=733242)[0m   - train_actor_out.real_done: tensor([[False, False, False,  ..., False, False, False],
[36m(ActorLearner pid=733242)[0m         [False, False, False,  ..., False, False, False],
[36m(ActorLearner pid=733242)[0m         [False, False, False,  ..., False, False, False],
[36m(ActorLearner pid=733242)[0m         ...,
[36m(ActorLearner pid=733242)[0m         [False, False, False,  ..., False, False, False],
[36m(ActorLearner pid=733242)[0m         [False, False, False,  ..., False, False, False],
[36m(ActorLearner pid=733242)[0m         [False, False, False,  ..., False, False, False]], device='cuda:0')
[36m(ActorLearner pid=733242)[0m   - train_actor_out.done: tensor([[False, False, False,  ..., False, False, False],
[36m(ActorLearner pid=733242)[0m         [False, False, False,  ..., False, False, False],
[36m(ActorLearner pid=733242)[0m         [False, False, False,  ..., False, False, False],
[36m(ActorLearner pid=733242)[0m         ...,
[36m(ActorLearner pid=733242)[0m         [False, False, False,  ..., False, False, False],
[36m(ActorLearner pid=733242)[0m         [False, False, False,  ..., False, False, False],
[36m(ActorLearner pid=733242)[0m         [False, False, False,  ..., False, False, False]], device='cuda:0')
[36m(ActorLearner pid=733242)[0m   - train_actor_out.truncated_done: tensor([[False, False, False,  ..., False, False, False],
[36m(ActorLearner pid=733242)[0m         [False, False, False,  ..., False, False, False],
[36m(ActorLearner pid=733242)[0m         [False, False, False,  ..., False, False, False],
[36m(ActorLearner pid=733242)[0m         ...,
[36m(ActorLearner pid=733242)[0m         [False, False, False,  ..., False, False, False],
[36m(ActorLearner pid=733242)[0m         [False, False, False,  ..., False, False, False],
[36m(ActorLearner pid=733242)[0m         [False, False, False,  ..., False, False, False]], device='cuda:0')
[36m(SelfPlayWorker pid=733238)[0m [DEBUG] Episode termination detected:
[36m(SelfPlayWorker pid=733238)[0m   - done: tensor([False, False, False, False, False, False, False, False, False, False,
[36m(SelfPlayWorker pid=733238)[0m         False, False, False, False,  True, False], device='cuda:0')
[36m(SelfPlayWorker pid=733238)[0m   - truncated_done: tensor([False, False, False, False, False, False, False, False, False, False,
[36m(SelfPlayWorker pid=733238)[0m         False, False, False, False, False, False], device='cuda:0')
[36m(SelfPlayWorker pid=733238)[0m   - real_done: tensor([False, False, False, False, False, False, False, False, False, False,
[36m(SelfPlayWorker pid=733238)[0m         False, False, False, False,  True, False], device='cuda:0')
[36m(SelfPlayWorker pid=733238)[0m   - step_status: tensor([0, 0, 0, 0, 0, 0, 0, 0, 0, 0, 0, 0, 0, 0, 0, 0], device='cuda:0')
[36m(SelfPlayWorker pid=733238)[0m   - counter: 201422
[36m(ActorLearner pid=733242)[0m [1;34m[dynamic-enduro-v5-test-10479] Steps 904208 @ 665.7 SPS (675.5). (T_q: 6.57) Eps 261. [0mRet [1;31m0.000000[0m (0.000000/0.000000). Loss -0.00 pg_loss 0.00 entropy_loss -0.59 reg_loss 0.00 total_norm 0.00 mean_abs_v 0.06 last_lr: 2.9729e-04
[36m(SelfPlayWorker pid=733238)[0m [DEBUG] Episode termination detected:
[36m(SelfPlayWorker pid=733238)[0m   - done: tensor([ True, False, False, False, False, False, False, False, False, False,
[36m(SelfPlayWorker pid=733238)[0m         False, False, False, False, False, False], device='cuda:0')
[36m(SelfPlayWorker pid=733238)[0m   - truncated_done: tensor([False, False, False, False, False, False, False, False, False, False,
[36m(SelfPlayWorker pid=733238)[0m         False, False, False, False, False, False], device='cuda:0')
[36m(SelfPlayWorker pid=733238)[0m   - real_done: tensor([ True, False, False, False, False, False, False, False, False, False,
[36m(SelfPlayWorker pid=733238)[0m         False, False, False, False, False, False], device='cuda:0')
[36m(SelfPlayWorker pid=733238)[0m   - step_status: tensor([0, 0, 0, 0, 0, 0, 0, 0, 0, 0, 0, 0, 0, 0, 0, 0], device='cuda:0')
[36m(SelfPlayWorker pid=733238)[0m   - counter: 201426
[36m(SelfPlayWorker pid=733238)[0m [DEBUG] Episode termination detected:
[36m(SelfPlayWorker pid=733238)[0m   - done: tensor([False, False, False,  True, False, False, False, False, False, False,
[36m(SelfPlayWorker pid=733238)[0m         False, False, False, False, False, False], device='cuda:0')
[36m(SelfPlayWorker pid=733238)[0m   - truncated_done: tensor([False, False, False, False, False, False, False, False, False, False,
[36m(SelfPlayWorker pid=733238)[0m         False, False, False, False, False, False], device='cuda:0')
[36m(SelfPlayWorker pid=733238)[0m   - real_done: tensor([False, False, False,  True, False, False, False, False, False, False,
[36m(SelfPlayWorker pid=733238)[0m         False, False, False, False, False, False], device='cuda:0')
[36m(SelfPlayWorker pid=733238)[0m   - step_status: tensor([0, 0, 0, 0, 0, 0, 0, 0, 0, 0, 0, 0, 0, 0, 0, 0], device='cuda:0')
[36m(SelfPlayWorker pid=733238)[0m   - counter: 201429
[36m(SelfPlayWorker pid=733238)[0m [DEBUG] Episode termination detected:
[36m(SelfPlayWorker pid=733238)[0m   - done: tensor([False, False, False, False, False, False, False, False,  True, False,
[36m(SelfPlayWorker pid=733238)[0m         False, False, False, False, False, False], device='cuda:0')
[36m(SelfPlayWorker pid=733238)[0m   - truncated_done: tensor([False, False, False, False, False, False, False, False, False, False,
[36m(SelfPlayWorker pid=733238)[0m         False, False, False, False, False, False], device='cuda:0')
[36m(SelfPlayWorker pid=733238)[0m   - real_done: tensor([False, False, False, False, False, False, False, False,  True, False,
[36m(SelfPlayWorker pid=733238)[0m         False, False, False, False, False, False], device='cuda:0')
[36m(SelfPlayWorker pid=733238)[0m   - step_status: tensor([0, 0, 0, 0, 0, 0, 0, 0, 0, 0, 0, 0, 0, 0, 0, 0], device='cuda:0')
[36m(SelfPlayWorker pid=733238)[0m   - counter: 201433
[36m(SelfPlayWorker pid=733238)[0m [DEBUG] Episode termination detected:
[36m(SelfPlayWorker pid=733238)[0m   - done: tensor([False, False, False, False, False, False, False, False, False, False,
[36m(SelfPlayWorker pid=733238)[0m         False, False,  True, False, False, False], device='cuda:0')
[36m(SelfPlayWorker pid=733238)[0m   - truncated_done: tensor([False, False, False, False, False, False, False, False, False, False,
[36m(SelfPlayWorker pid=733238)[0m         False, False, False, False, False, False], device='cuda:0')
[36m(SelfPlayWorker pid=733238)[0m   - real_done: tensor([False, False, False, False, False, False, False, False, False, False,
[36m(SelfPlayWorker pid=733238)[0m         False, False,  True, False, False, False], device='cuda:0')
[36m(SelfPlayWorker pid=733238)[0m   - step_status: tensor([0, 0, 0, 0, 0, 0, 0, 0, 0, 0, 0, 0, 0, 0, 0, 0], device='cuda:0')
[36m(SelfPlayWorker pid=733238)[0m   - counter: 201440
[36m(SelfPlayWorker pid=733238)[0m [DEBUG] Episode termination detected:
[36m(SelfPlayWorker pid=733238)[0m   - done: tensor([False, False,  True, False, False, False, False, False, False, False,
[36m(SelfPlayWorker pid=733238)[0m         False, False, False, False, False, False], device='cuda:0')
[36m(SelfPlayWorker pid=733238)[0m   - truncated_done: tensor([False, False, False, False, False, False, False, False, False, False,
[36m(SelfPlayWorker pid=733238)[0m         False, False, False, False, False, False], device='cuda:0')
[36m(SelfPlayWorker pid=733238)[0m   - real_done: tensor([False, False,  True, False, False, False, False, False, False, False,
[36m(SelfPlayWorker pid=733238)[0m         False, False, False, False, False, False], device='cuda:0')
[36m(SelfPlayWorker pid=733238)[0m   - step_status: tensor([0, 0, 0, 0, 0, 0, 0, 0, 0, 0, 0, 0, 0, 0, 0, 0], device='cuda:0')
[36m(SelfPlayWorker pid=733238)[0m   - counter: 201450
[36m(SelfPlayWorker pid=733238)[0m [DEBUG] Episode termination detected:
[36m(SelfPlayWorker pid=733238)[0m   - done: tensor([False,  True, False, False, False, False, False, False, False, False,
[36m(SelfPlayWorker pid=733238)[0m         False, False, False, False, False, False], device='cuda:0')
[36m(SelfPlayWorker pid=733238)[0m   - truncated_done: tensor([False, False, False, False, False, False, False, False, False, False,
[36m(SelfPlayWorker pid=733238)[0m         False, False, False, False, False, False], device='cuda:0')
[36m(SelfPlayWorker pid=733238)[0m   - real_done: tensor([False,  True, False, False, False, False, False, False, False, False,
[36m(SelfPlayWorker pid=733238)[0m         False, False, False, False, False, False], device='cuda:0')
[36m(SelfPlayWorker pid=733238)[0m   - step_status: tensor([0, 0, 0, 0, 0, 0, 0, 0, 0, 0, 0, 0, 0, 0, 0, 0], device='cuda:0')
[36m(SelfPlayWorker pid=733238)[0m   - counter: 201479
[36m(ModelLearner pid=733241)[0m [dynamic-enduro-v5-test-10479] Steps 904928 (5242368[5.9]) @ 1126.7 SPS (1098.5). norm_m 221.58 norm_p 0.13 total_loss_m 0.005182 total_loss_p 1.098597 fea_loss 0.000512 done_loss 0.000064
[36m(ActorLearner pid=733242)[0m [DEBUG] Episode counter increased:
[36m(ActorLearner pid=733242)[0m   - real_done_count: 11
[36m(ActorLearner pid=733242)[0m   - tot_eps: 272
[36m(ActorLearner pid=733242)[0m   - train_actor_out.real_done: tensor([[False, False, False,  ..., False, False, False],
[36m(ActorLearner pid=733242)[0m         [False, False, False,  ..., False, False, False],
[36m(ActorLearner pid=733242)[0m         [False, False, False,  ..., False, False, False],
[36m(ActorLearner pid=733242)[0m         ...,
[36m(ActorLearner pid=733242)[0m         [False, False, False,  ..., False, False, False],
[36m(ActorLearner pid=733242)[0m         [False, False, False,  ..., False, False, False],
[36m(ActorLearner pid=733242)[0m         [False, False, False,  ..., False, False, False]], device='cuda:0')
[36m(ActorLearner pid=733242)[0m   - train_actor_out.done: tensor([[False, False, False,  ..., False, False, False],
[36m(ActorLearner pid=733242)[0m         [False, False, False,  ..., False, False, False],
[36m(ActorLearner pid=733242)[0m         [False, False, False,  ..., False, False, False],
[36m(ActorLearner pid=733242)[0m         ...,
[36m(ActorLearner pid=733242)[0m         [False, False, False,  ..., False, False, False],
[36m(ActorLearner pid=733242)[0m         [False, False, False,  ..., False, False, False],
[36m(ActorLearner pid=733242)[0m         [False, False, False,  ..., False, False, False]], device='cuda:0')
[36m(ActorLearner pid=733242)[0m   - train_actor_out.truncated_done: tensor([[False, False, False,  ..., False, False, False],
[36m(ActorLearner pid=733242)[0m         [False, False, False,  ..., False, False, False],
[36m(ActorLearner pid=733242)[0m         [False, False, False,  ..., False, False, False],
[36m(ActorLearner pid=733242)[0m         ...,
[36m(ActorLearner pid=733242)[0m         [False, False, False,  ..., False, False, False],
[36m(ActorLearner pid=733242)[0m         [False, False, False,  ..., False, False, False],
[36m(ActorLearner pid=733242)[0m         [False, False, False,  ..., False, False, False]], device='cuda:0')
[36m(ModelLearner pid=733241)[0m [dynamic-enduro-v5-test-10479] Steps 905824 (5247744[5.9]) @ 1118.8 SPS (1098.2). norm_m 404.35 norm_p 0.07 total_loss_m 0.033630 total_loss_p 1.092874 fea_loss 0.000443 done_loss 0.029197
[36m(ActorLearner pid=733242)[0m [1;34m[dynamic-enduro-v5-test-10479] Steps 905936 @ 666.4 SPS (675.5). (T_q: 6.40) Eps 272. [0mRet [1;31m0.000000[0m (0.000000/0.000000). Loss -0.00 pg_loss 0.00 entropy_loss -0.59 reg_loss 0.00 total_norm 0.00 mean_abs_v 0.05 last_lr: 2.9728e-04
[36m(ModelLearner pid=733241)[0m [dynamic-enduro-v5-test-10479] Steps 906848 (5253888[5.9]) @ 1116.0 SPS (1098.2). norm_m 157.49 norm_p 0.06 total_loss_m 0.005777 total_loss_p 1.098602 fea_loss 0.000283 done_loss 0.002951
[36m(ActorLearner pid=733242)[0m [1;34m[dynamic-enduro-v5-test-10479] Steps 907696 @ 666.3 SPS (675.5). (T_q: 6.65) Eps 272. [0mRet [1;31m0.000000[0m (0.000000/0.000000). Loss -0.00 pg_loss 0.00 entropy_loss -0.60 reg_loss 0.00 total_norm 0.00 mean_abs_v 0.06 last_lr: 2.9728e-04
[36m(ModelLearner pid=733241)[0m [dynamic-enduro-v5-test-10479] Steps 907872 (5260032[5.9]) @ 1114.9 SPS (1098.3). norm_m 218.62 norm_p 0.06 total_loss_m 0.006845 total_loss_p 1.098605 fea_loss 0.000392 done_loss 0.002928
[36m(ModelLearner pid=733241)[0m [dynamic-enduro-v5-test-10479] Steps 908880 (5266176[5.9]) @ 1114.7 SPS (1098.3). norm_m 218.92 norm_p 0.08 total_loss_m 0.015732 total_loss_p 1.098609 fea_loss 0.001365 done_loss 0.002087
[36m(ActorLearner pid=733242)[0m [1;34m[dynamic-enduro-v5-test-10479] Steps 909488 @ 666.4 SPS (675.5). (T_q: 6.79) Eps 272. [0mRet [1;31m0.000000[0m (0.000000/0.000000). Loss -0.00 pg_loss 0.00 entropy_loss -0.62 reg_loss 0.00 total_norm 0.00 mean_abs_v 0.07 last_lr: 2.9727e-04
[36m(ModelLearner pid=733241)[0m [dynamic-enduro-v5-test-10479] Steps 909904 (5272320[5.9]) @ 1113.7 SPS (1098.4). norm_m 471.53 norm_p 0.05 total_loss_m 0.005740 total_loss_p 1.098577 fea_loss 0.000462 done_loss 0.001123
[36m(ModelLearner pid=733241)[0m [dynamic-enduro-v5-test-10479] Steps 910928 (5278464[5.9]) @ 1115.2 SPS (1098.5). norm_m 490.99 norm_p 0.08 total_loss_m 0.004215 total_loss_p 1.098611 fea_loss 0.000349 done_loss 0.000722
[36m(ActorLearner pid=733242)[0m [1;34m[dynamic-enduro-v5-test-10479] Steps 911344 @ 666.8 SPS (675.4). (T_q: 6.56) Eps 272. [0mRet [1;31m0.000000[0m (0.000000/0.000000). Loss -0.00 pg_loss 0.00 entropy_loss -0.62 reg_loss 0.00 total_norm 0.00 mean_abs_v 0.08 last_lr: 2.9727e-04
[36m(ModelLearner pid=733241)[0m [dynamic-enduro-v5-test-10479] Steps 911952 (5284608[5.9]) @ 1120.5 SPS (1098.6). norm_m 169.36 norm_p 0.03 total_loss_m 0.012875 total_loss_p 1.098590 fea_loss 0.001133 done_loss 0.001541
[36m(ModelLearner pid=733241)[0m [dynamic-enduro-v5-test-10479] Steps 912976 (5290752[5.9]) @ 1121.2 SPS (1098.7). norm_m 183.50 norm_p 0.08 total_loss_m 0.004135 total_loss_p 1.098602 fea_loss 0.000335 done_loss 0.000780
[36m(ActorLearner pid=733242)[0m [1;34m[dynamic-enduro-v5-test-10479] Steps 913248 @ 666.7 SPS (675.4). (T_q: 6.47) Eps 272. [0mRet [1;31m0.000000[0m (0.000000/0.000000). Loss -0.00 pg_loss 0.00 entropy_loss -0.66 reg_loss 0.00 total_norm 0.00 mean_abs_v 0.08 last_lr: 2.9726e-04
[36m(ModelLearner pid=733241)[0m [dynamic-enduro-v5-test-10479] Steps 914000 (5296896[5.9]) @ 1122.7 SPS (1098.8). norm_m 225.57 norm_p 0.07 total_loss_m 0.003294 total_loss_p 1.098592 fea_loss 0.000308 done_loss 0.000211
[36m(ModelLearner pid=733241)[0m [dynamic-enduro-v5-test-10479] Steps 915024 (5303040[5.9]) @ 1124.4 SPS (1098.9). norm_m 256.03 norm_p 0.07 total_loss_m 0.022139 total_loss_p 1.098592 fea_loss 0.002182 done_loss 0.000318
[36m(ActorLearner pid=733242)[0m [1;34m[dynamic-enduro-v5-test-10479] Steps 915216 @ 666.5 SPS (675.4). (T_q: 6.74) Eps 272. [0mRet [1;31m0.000000[0m (0.000000/0.000000). Loss -0.00 pg_loss 0.00 entropy_loss -0.65 reg_loss 0.00 total_norm 0.00 mean_abs_v 0.08 last_lr: 2.9725e-04
[36m(ModelLearner pid=733241)[0m [dynamic-enduro-v5-test-10479] Steps 916032 (5309184[5.9]) @ 1119.8 SPS (1098.8). norm_m 67.62 norm_p 0.01 total_loss_m 0.004528 total_loss_p 0.020915 fea_loss 0.000450 done_loss 0.000030
[36m(ActorLearner pid=733242)[0m [1;34m[dynamic-enduro-v5-test-10479] Steps 917024 @ 667.6 SPS (675.4). (T_q: 6.65) Eps 272. [0mRet [1;31m0.000000[0m (0.000000/0.000000). Loss -0.00 pg_loss 0.00 entropy_loss -0.61 reg_loss 0.00 total_norm 0.00 mean_abs_v 0.07 last_lr: 2.9725e-04
[36m(ModelLearner pid=733241)[0m [dynamic-enduro-v5-test-10479] Steps 917056 (5315328[5.9]) @ 1117.8 SPS (1098.8). norm_m 751.27 norm_p 0.05 total_loss_m 0.004321 total_loss_p 1.098596 fea_loss 0.000389 done_loss 0.000436
[36m(ModelLearner pid=733241)[0m [dynamic-enduro-v5-test-10479] Steps 918080 (5321472[5.9]) @ 1124.9 SPS (1098.9). norm_m 434.06 norm_p 0.07 total_loss_m 0.005281 total_loss_p 1.098612 fea_loss 0.000472 done_loss 0.000564
[36m(ActorLearner pid=733242)[0m [1;34m[dynamic-enduro-v5-test-10479] Steps 918816 @ 666.9 SPS (675.3). (T_q: 6.70) Eps 272. [0mRet [1;31m0.000000[0m (0.000000/0.000000). Loss -0.00 pg_loss 0.00 entropy_loss -0.59 reg_loss 0.00 total_norm 0.00 mean_abs_v 0.06 last_lr: 2.9724e-04
[36m(ModelLearner pid=733241)[0m [dynamic-enduro-v5-test-10479] Steps 919104 (5327616[5.9]) @ 1125.2 SPS (1098.9). norm_m 830.11 norm_p 0.05 total_loss_m 0.011718 total_loss_p 1.098614 fea_loss 0.001152 done_loss 0.000196
[36m(ModelLearner pid=733241)[0m [dynamic-enduro-v5-test-10479] Steps 920128 (5333760[5.9]) @ 1125.9 SPS (1098.9). norm_m 548.23 norm_p 0.05 total_loss_m 0.018561 total_loss_p 1.098620 fea_loss 0.001835 done_loss 0.000213
[36m(ActorLearner pid=733242)[0m [1;34m[dynamic-enduro-v5-test-10479] Steps 920544 @ 667.1 SPS (675.3). (T_q: 6.79) Eps 272. [0mRet [1;31m0.000000[0m (0.000000/0.000000). Loss -0.00 pg_loss 0.00 entropy_loss -0.60 reg_loss 0.00 total_norm 0.00 mean_abs_v 0.06 last_lr: 2.9724e-04
[36m(ModelLearner pid=733241)[0m [dynamic-enduro-v5-test-10479] Steps 921152 (5339904[5.9]) @ 1126.3 SPS (1099.0). norm_m 977.74 norm_p 0.06 total_loss_m 0.006276 total_loss_p 1.098595 fea_loss 0.000512 done_loss 0.001158
[36m(ModelLearner pid=733241)[0m [dynamic-enduro-v5-test-10479] Steps 922160 (5346048[5.9]) @ 1126.7 SPS (1099.0). norm_m 478.10 norm_p 0.10 total_loss_m 0.016480 total_loss_p 1.098588 fea_loss 0.001543 done_loss 0.001053
[36m(ActorLearner pid=733242)[0m [1;34m[dynamic-enduro-v5-test-10479] Steps 922288 @ 667.2 SPS (675.3). (T_q: 6.57) Eps 272. [0mRet [1;31m0.000000[0m (0.000000/0.000000). Loss -0.00 pg_loss 0.00 entropy_loss -0.58 reg_loss 0.00 total_norm 0.00 mean_abs_v 0.06 last_lr: 2.9723e-04
[36m(ModelLearner pid=733241)[0m [dynamic-enduro-v5-test-10479] Steps 923184 (5352192[5.9]) @ 1126.4 SPS (1098.8). norm_m 118.35 norm_p 0.07 total_loss_m 0.008270 total_loss_p 1.098597 fea_loss 0.000776 done_loss 0.000512
[36m(ActorLearner pid=733242)[0m [1;34m[dynamic-enduro-v5-test-10479] Steps 923216 @ 666.0 SPS (675.3). (T_q: 3.61) Eps 272. [0mRet [1;31m0.000000[0m (0.000000/0.000000). Loss -0.00 pg_loss 0.00 entropy_loss -0.62 reg_loss 0.00 total_norm 0.00 mean_abs_v 0.06 last_lr: 2.9723e-04
[36m(ModelLearner pid=733241)[0m [dynamic-enduro-v5-test-10479] Steps 924208 (5358336[5.9]) @ 1126.9 SPS (1098.9). norm_m 395.01 norm_p 0.06 total_loss_m 0.003967 total_loss_p 1.098604 fea_loss 0.000299 done_loss 0.000976
[36m(ActorLearner pid=733242)[0m [1;34m[dynamic-enduro-v5-test-10479] Steps 925072 @ 665.4 SPS (675.3). (T_q: 6.78) Eps 272. [0mRet [1;31m0.000000[0m (0.000000/0.000000). Loss -0.00 pg_loss 0.00 entropy_loss -0.63 reg_loss 0.00 total_norm 0.00 mean_abs_v 0.07 last_lr: 2.9722e-04
[36m(ModelLearner pid=733241)[0m [dynamic-enduro-v5-test-10479] Steps 925232 (5364480[5.9]) @ 1125.7 SPS (1099.0). norm_m 297.16 norm_p 0.09 total_loss_m 0.003694 total_loss_p 1.098616 fea_loss 0.000346 done_loss 0.000234
[36m(ModelLearner pid=733241)[0m [dynamic-enduro-v5-test-10479] Steps 926256 (5370624[5.9]) @ 1124.5 SPS (1099.0). norm_m 402.16 norm_p 0.11 total_loss_m 0.010548 total_loss_p 1.095784 fea_loss 0.000352 done_loss 0.007032
[36m(ActorLearner pid=733242)[0m [1;34m[dynamic-enduro-v5-test-10479] Steps 926880 @ 665.3 SPS (675.2). (T_q: 6.63) Eps 272. [0mRet [1;31m0.000000[0m (0.000000/0.000000). Loss -0.00 pg_loss 0.00 entropy_loss -0.62 reg_loss 0.00 total_norm 0.00 mean_abs_v 0.07 last_lr: 2.9722e-04
[36m(ModelLearner pid=733241)[0m [dynamic-enduro-v5-test-10479] Steps 927280 (5376768[5.9]) @ 1124.1 SPS (1099.1). norm_m 470.17 norm_p 0.06 total_loss_m 0.027183 total_loss_p 1.097155 fea_loss 0.001835 done_loss 0.008834
[36m(ModelLearner pid=733241)[0m [dynamic-enduro-v5-test-10479] Steps 928304 (5382912[5.9]) @ 1124.2 SPS (1099.1). norm_m 1113.61 norm_p 0.20 total_loss_m 0.012926 total_loss_p 1.097196 fea_loss 0.000738 done_loss 0.005546
slurmstepd-bml-compute17: error: *** JOB 10479 ON bml-compute17 CANCELLED AT 2026-08-24T15:58:24 ***
